RACEYEAR,RACENUMBER,FP2_AirTemp_mean,FP2_AirTemp_min,FP2_AirTemp_max,FP2_Humidity_mean,FP2_Humidity_min,FP2_Humidity_max,FP2_Pressure_mean,FP2_Pressure_min,FP2_Pressure_max,FP2_Rainfall_max,FP2_TrackTemp_mean,FP2_TrackTemp_min,FP2_TrackTemp_max,FP2_WindDirection_mean,FP2_WindSpeed_mean,FP2_WindSpeed_max,Driver,FP2_AvgSector1Time_ms,FP2_FastestSector1Time_ms,FP2_AvgSector2Time_ms,FP2_FastestSector2Time_ms,FP2_AvgSector3Time_ms,FP2_FastestSector3Time_ms,FP2_FastestFullLapTime_ms,FP2_AvgPitStopDuration_ms,FP2_TotalPitStops,FP2_MaxStint_HARD,FP2_MaxStint_INTERMEDIATE,FP2_MaxStint_MEDIUM,FP2_MaxStint_SOFT,FP2_MaxStint_TEST_UNKNOWN,FP2_MaxStint_UNKNOWN,FP2_MaxStint_WET,FP2_AvgTyreLife_HARD,FP2_AvgTyreLife_INTERMEDIATE,FP2_AvgTyreLife_MEDIUM,FP2_AvgTyreLife_SOFT,FP2_AvgTyreLife_TEST_UNKNOWN,FP2_AvgTyreLife_UNKNOWN,FP2_AvgTyreLife_WET,FP2_AvgSpeedOnTyre_HARD,FP2_AvgSpeedOnTyre_INTERMEDIATE,FP2_AvgSpeedOnTyre_MEDIUM,FP2_AvgSpeedOnTyre_SOFT,FP2_AvgSpeedOnTyre_TEST_UNKNOWN,FP2_AvgSpeedOnTyre_UNKNOWN,FP2_AvgSpeedOnTyre_WET,FP2_FastestSpeedOnTyre_HARD,FP2_FastestSpeedOnTyre_INTERMEDIATE,FP2_FastestSpeedOnTyre_MEDIUM,FP2_FastestSpeedOnTyre_SOFT,FP2_FastestSpeedOnTyre_TEST_UNKNOWN,FP2_FastestSpeedOnTyre_UNKNOWN,FP2_FastestSpeedOnTyre_WET,FP2_AvgLapTimeOnTyre_HARD,FP2_AvgLapTimeOnTyre_INTERMEDIATE,FP2_AvgLapTimeOnTyre_MEDIUM,FP2_AvgLapTimeOnTyre_SOFT,FP2_AvgLapTimeOnTyre_TEST_UNKNOWN,FP2_AvgLapTimeOnTyre_UNKNOWN,FP2_AvgLapTimeOnTyre_WET,FP2_FastestLapTimeOnTyre_HARD,FP2_FastestLapTimeOnTyre_INTERMEDIATE,FP2_FastestLapTimeOnTyre_MEDIUM,FP2_FastestLapTimeOnTyre_SOFT,FP2_FastestLapTimeOnTyre_TEST_UNKNOWN,FP2_FastestLapTimeOnTyre_UNKNOWN,FP2_FastestLapTimeOnTyre_WET,FP2_Red,FP2_SCDeployed,FP2_VSCDeployed,FP2_Yellow
2022,1,17.438271604938272,17.3,17.7,47.97530864197531,46.0,50.0,1016.7753086419754,1016.5,1017.0,False,23.244444444444444,22.2,24.6,60.46913580246913,0.5666666666666667,1.0,ALB,35533.333333333336,30128.0,47679.318181818184,40667.0,27571.090909090908,23807.0,94735.0,458617.3333333333,3.0,,,4.0,3.0,,,,,,9.666666666666666,3.0,,,,,,258.4166666666667,279.0,,,,,,281.0,280.0,,,,,,105878.91666666667,109868.66666666667,,,,,,96163.0,94735.0,,,,0,0,0,0
2022,1,17.438271604938272,17.3,17.7,47.97530864197531,46.0,50.0,1016.7753086419754,1016.5,1017.0,False,23.244444444444444,22.2,24.6,60.46913580246913,0.5666666666666667,1.0,ALO,34683.90476190476,29800.0,44282.75,39682.0,26183.708333333332,23395.0,92877.0,382570.0,3.0,,,3.0,4.0,,,,,,8.454545454545455,5.0,,,,,,275.1818181818182,245.0,,,,,,286.0,285.0,,,,,,99242.36363636363,107227.0,,,,,,94372.0,92877.0,,,,0,0,0,0
2022,1,17.438271604938272,17.3,17.7,47.97530864197531,46.0,50.0,1016.7753086419754,1016.5,1017.0,False,23.244444444444444,22.2,24.6,60.46913580246913,0.5666666666666667,1.0,BOT,37749.48148148148,29662.0,46751.3,39800.0,26801.333333333332,23324.0,92951.0,155533.00000000006,4.0,,,5.0,4.0,,,,,,7.545454545454546,8.090909090909092,,,,,,259.0,276.54545454545456,,,,,,285.0,283.0,,,,,,111637.18181818182,103280.54545454546,,,,,,93970.0,92951.0,,,,0,0,0,0
2022,1,17.438271604938272,17.3,17.7,47.97530864197531,46.0,50.0,1016.7753086419754,1016.5,1017.0,False,23.244444444444444,22.2,24.6,60.46913580246913,0.5666666666666667,1.0,GAS,34161.47619047619,29655.0,46252.708333333336,40323.0,25874.875,23590.0,93621.0,368600.3333333333,3.0,,,4.0,3.0,,,,,,5.285714285714286,7.7,,,,,,279.0,274.6,,,,,,286.0,284.0,,,,,,108619.42857142857,103942.0,,,,,,94905.0,93621.0,,,,0,0,0,0
2022,1,17.438271604938272,17.3,17.7,47.97530864197531,46.0,50.0,1016.7753086419754,1016.5,1017.0,False,23.244444444444444,22.2,24.6,60.46913580246913,0.5666666666666667,1.0,HAM,34662.2,30115.0,45040.47826086957,39694.0,25943.521739130436,23335.0,93144.0,571988.0,2.0,,,3.0,2.0,,,,,,10.071428571428571,3.0,,,,,,251.07142857142858,270.0,,,,,,267.0,271.0,,,,,,102418.14285714286,105721.0,,,,,,94379.0,93144.0,,,,0,0,0,0
2022,1,17.438271604938272,17.3,17.7,47.97530864197531,46.0,50.0,1016.7753086419754,1016.5,1017.0,False,23.244444444444444,22.2,24.6,60.46913580246913,0.5666666666666667,1.0,HUL,35720.28,30220.0,44280.71428571428,40156.0,26467.964285714286,23685.0,94061.0,246100.0,4.0,,,4.0,5.0,,,,,,10.428571428571429,5.333333333333333,,,,,,266.64285714285717,231.0,,,,,,276.0,272.0,,,,,,102998.64285714286,104972.33333333333,,,,,,96240.0,94061.0,,,,0,0,0,0
2022,1,17.438271604938272,17.3,17.7,47.97530864197531,46.0,50.0,1016.7753086419754,1016.5,1017.0,False,23.244444444444444,22.2,24.6,60.46913580246913,0.5666666666666667,1.0,LAT,35536.16,30219.0,45907.17857142857,40618.0,27094.964285714286,23603.0,94486.0,281752.00000000006,3.0,,,3.0,4.0,,,,,,4.4,10.3125,,,,,,278.2,259.875,,,,,,282.0,281.0,,,,,,103369.2,106292.0,,,,,,96489.0,94486.0,,,,0,0,0,0
2022,1,17.438271604938272,17.3,17.7,47.97530864197531,46.0,50.0,1016.7753086419754,1016.5,1017.0,False,23.244444444444444,22.2,24.6,60.46913580246913,0.5666666666666667,1.0,LEC,39476.1875,29454.0,46069.0,39445.0,28307.4,23087.0,92023.0,323456.4,5.0,,,1.0,6.0,,,,,,3.0,6.0,,,,,,282.6666666666667,239.5,,,,,,283.0,284.0,,,,,,107200.66666666667,99884.0,,,,,,93121.0,92023.0,,,,0,0,0,0
2022,1,17.438271604938272,17.3,17.7,47.97530864197531,46.0,50.0,1016.7753086419754,1016.5,1017.0,False,23.244444444444444,22.2,24.6,60.46913580246913,0.5666666666666667,1.0,MAG,38884.5,29866.0,47871.608695652176,39962.0,27408.434782608696,23355.0,93183.0,337968.74999999994,4.0,,,4.0,5.0,,,,,,4.25,8.1,,,,,,279.25,253.3,,,,,,283.0,286.0,,,,,,106279.5,106647.4,,,,,,94572.0,93183.0,,,,0,0,0,0
2022,1,17.438271604938272,17.3,17.7,47.97530864197531,46.0,50.0,1016.7753086419754,1016.5,1017.0,False,23.244444444444444,22.2,24.6,60.46913580246913,0.5666666666666667,1.0,MSC,35417.19047619047,29881.0,47962.75,40016.0,26932.958333333332,23188.0,93085.0,581478.5,2.0,,,3.0,2.0,,,,,,10.2,3.0,,,,,,260.6666666666667,284.6666666666667,,,,,,284.0,286.0,,,,,,107398.13333333333,104188.66666666667,,,,,,95008.0,93085.0,,,,0,0,0,0
2022,1,17.438271604938272,17.3,17.7,47.97530864197531,46.0,50.0,1016.7753086419754,1016.5,1017.0,False,23.244444444444444,22.2,24.6,60.46913580246913,0.5666666666666667,1.0,NOR,34856.125,29967.0,45013.59259259259,39687.0,26347.59259259259,23626.0,93280.0,500682.0,2.0,1.0,,,3.0,,,,3.5,,,11.764705882352942,,,,279.0,,,257.70588235294116,,,,280.0,,,281.0,,,,112149.25,,,102118.94117647059,,,,95175.0,,,93280.0,,,,0,0,0,0
2022,1,17.438271604938272,17.3,17.7,47.97530864197531,46.0,50.0,1016.7753086419754,1016.5,1017.0,False,23.244444444444444,22.2,24.6,60.46913580246913,0.5666666666666667,1.0,OCO,34979.09090909091,29877.0,45368.56,40051.0,26900.28,23432.0,93360.0,395208.6666666667,3.0,,,4.0,3.0,,,,,,5.571428571428571,8.454545454545455,,,,,,245.14285714285714,273.54545454545456,,,,,,285.0,284.0,,,,,,110686.14285714286,100288.09090909091,,,,,,94550.0,93360.0,,,,0,0,0,0
2022,1,17.438271604938272,17.3,17.7,47.97530864197531,46.0,50.0,1016.7753086419754,1016.5,1017.0,False,23.244444444444444,22.2,24.6,60.46913580246913,0.5666666666666667,1.0,PER,34551.05882352941,30003.0,45818.35,39637.0,26212.45,23292.0,92958.0,265864.6666666667,3.0,,,1.0,4.0,,,,,,2.5,9.0,,,,,,280.0,267.0,,,,,,280.0,281.0,,,,,,100606.0,106096.83333333333,,,,,,94300.0,92958.0,,,,0,0,0,0
2022,1,17.438271604938272,17.3,17.7,47.97530864197531,46.0,50.0,1016.7753086419754,1016.5,1017.0,False,23.244444444444444,22.2,24.6,60.46913580246913,0.5666666666666667,1.0,RIC,32825.8,30135.0,46174.166666666664,40198.0,29046.083333333332,23833.0,94166.0,505047.0,1.0,1.0,,,2.0,,,,4.5,,,2.5,,,,278.6666666666667,,,279.0,,,,279.0,,,280.0,,,,107044.66666666667,,,111974.0,,,,96055.0,,,94166.0,,,,0,0,0,0
2022,1,17.438271604938272,17.3,17.7,47.97530864197531,46.0,50.0,1016.7753086419754,1016.5,1017.0,False,23.244444444444444,22.2,24.6,60.46913580246913,0.5666666666666667,1.0,RUS,35825.90476190476,29817.0,44935.2,39484.0,26752.36,23228.0,92529.0,419299.3333333333,3.0,,,2.0,4.0,,,,,,5.0,9.692307692307692,,,,,,274.25,249.30769230769232,,,,,,277.0,281.0,,,,,,102319.75,103330.23076923077,,,,,,94860.0,92529.0,,,,0,0,0,0
2022,1,17.438271604938272,17.3,17.7,47.97530864197531,46.0,50.0,1016.7753086419754,1016.5,1017.0,False,23.244444444444444,22.2,24.6,60.46913580246913,0.5666666666666667,1.0,SAI,37539.88888888889,29621.0,45431.22727272727,39587.0,27004.863636363636,23312.0,92520.0,388119.25,4.0,,,1.0,5.0,,,,,,3.5,6.444444444444445,,,,,,280.25,249.33333333333334,,,,,,282.0,283.0,,,,,,109384.5,102872.0,,,,,,93837.0,92520.0,,,,0,0,0,0
2022,1,17.438271604938272,17.3,17.7,47.97530864197531,46.0,50.0,1016.7753086419754,1016.5,1017.0,False,23.244444444444444,22.2,24.6,60.46913580246913,0.5666666666666667,1.0,STR,36699.454545454544,30088.0,47324.24,40251.0,26920.52,23619.0,93958.0,382652.6666666667,3.0,,,4.0,3.0,,,,,,4.8,8.833333333333334,,,,,,227.2,268.0,,,,,,276.0,277.0,,,,,,111077.0,104931.16666666667,,,,,,95531.0,93958.0,,,,0,0,0,0
2022,1,17.438271604938272,17.3,17.7,47.97530864197531,46.0,50.0,1016.7753086419754,1016.5,1017.0,False,23.244444444444444,22.2,24.6,60.46913580246913,0.5666666666666667,1.0,TSU,35832.52173913043,29988.0,46489.730769230766,40213.0,26274.30769230769,23528.0,93789.0,196287.75,4.0,,,5.0,4.0,,,,,,9.076923076923077,5.2,,,,,,274.61538461538464,280.6,,,,,,285.0,282.0,,,,,,103275.38461538461,114827.0,,,,,,94408.0,93789.0,,,,0,0,0,0
2022,1,17.438271604938272,17.3,17.7,47.97530864197531,46.0,50.0,1016.7753086419754,1016.5,1017.0,False,23.244444444444444,22.2,24.6,60.46913580246913,0.5666666666666667,1.0,VER,34586.05882352941,29376.0,45007.3,39507.0,25741.45,23053.0,91936.0,387825.3333333333,3.0,,,1.0,4.0,,,,,,3.0,8.818181818181818,,,,,,281.5,273.0,,,,,,282.0,285.0,,,,,,93656.0,99886.45454545454,,,,,,93621.0,91936.0,,,,0,0,0,0
2022,1,17.438271604938272,17.3,17.7,47.97530864197531,46.0,50.0,1016.7753086419754,1016.5,1017.0,False,23.244444444444444,22.2,24.6,60.46913580246913,0.5666666666666667,1.0,ZHO,37288.041666666664,30014.0,47444.92592592593,40280.0,26867.777777777777,23466.0,93953.0,328326.0,3.0,,,4.0,2.0,,,,,,11.176470588235293,3.0,,,,,,262.1764705882353,281.0,,,,,,285.0,282.0,,,,,,106532.64705882352,104474.66666666667,,,,,,94558.0,93953.0,,,,0,0,0,0
2022,2,21.81855670103093,21.6,22.0,55.93814432989691,55.0,57.0,1015.4670103092784,1015.0,1015.9,False,24.256701030927836,23.6,24.9,324.78350515463916,3.253608247422681,4.6,ALB,41263.5,33721.0,34409.75862068965,29443.0,34254.68965517241,28605.0,91866.0,250515.66666666666,3.0,3.0,,,4.0,,,,9.23076923076923,,,6.333333333333333,,,,289.2307692307692,,,261.8888888888889,,,,296.0,,,296.0,,,,101539.92307692308,,,114534.33333333333,,,,93283.0,,,91866.0,,,,0,0,1,5
2022,2,21.81855670103093,21.6,22.0,55.93814432989691,55.0,57.0,1015.4670103092784,1015.0,1015.9,False,24.256701030927836,23.6,24.9,324.78350515463916,3.253608247422681,4.6,ALO,39579.791666666664,33238.0,32364.59259259259,29026.0,34383.555555555555,28478.0,90944.0,356016.3333333333,3.0,3.0,,,4.0,,,,9.785714285714286,,,4.833333333333333,,,,289.64285714285717,,,256.8333333333333,,,,303.0,,,303.0,,,,98064.21428571429,,,115362.5,,,,91507.0,,,90944.0,,,,0,0,1,5
2022,2,21.81855670103093,21.6,22.0,55.93814432989691,55.0,57.0,1015.4670103092784,1015.0,1015.9,False,24.256701030927836,23.6,24.9,324.78350515463916,3.253608247422681,4.6,BOT,42267.0,33210.0,34737.21428571428,29184.0,36056.21428571428,28438.0,90832.0,459291.3333333333,3.0,,,1.0,3.0,,,,,,4.0,3.0,,,,,,288.6,291.0,,,,,,298.0,293.0,,,,,,106132.0,101066.33333333333,,,,,,91419.0,90832.0,,,,0,0,1,5
2022,2,21.81855670103093,21.6,22.0,55.93814432989691,55.0,57.0,1015.4670103092784,1015.0,1015.9,False,24.256701030927836,23.6,24.9,324.78350515463916,3.253608247422681,4.6,GAS,42105.0,33166.0,33663.89655172414,29137.0,33310.03448275862,28492.0,90963.0,235525.0,3.0,,,3.0,4.0,,,,,,8.923076923076923,6.444444444444445,,,,,,289.2307692307692,257.8888888888889,,,,,,298.0,295.0,,,,,,102961.15384615384,115372.22222222222,,,,,,91173.0,90963.0,,,,0,0,1,5
2022,2,21.81855670103093,21.6,22.0,55.93814432989691,55.0,57.0,1015.4670103092784,1015.0,1015.9,False,24.256701030927836,23.6,24.9,324.78350515463916,3.253608247422681,4.6,HAM,40279.23809523809,33354.0,34060.708333333336,28904.0,33733.041666666664,28255.0,90513.0,591316.5,2.0,,,3.0,2.0,,,,,,10.071428571428571,3.3333333333333335,,,,,,259.14285714285717,292.0,,,,,,296.0,294.0,,,,,,101267.92857142857,96789.66666666667,,,,,,91794.0,90513.0,,,,0,0,1,5
2022,2,21.81855670103093,21.6,22.0,55.93814432989691,55.0,57.0,1015.4670103092784,1015.0,1015.9,False,24.256701030927836,23.6,24.9,324.78350515463916,3.253608247422681,4.6,HUL,39502.25925925926,33859.0,32787.23333333333,29146.0,33121.6,28610.0,91615.0,260650.33333333334,3.0,4.0,,,3.0,,,,9.733333333333333,,,7.0,,,,272.06666666666666,,,281.375,,,,297.0,,,296.0,,,,101706.4,,,104893.625,,,,94391.0,,,91615.0,,,,0,0,1,5
2022,2,21.81855670103093,21.6,22.0,55.93814432989691,55.0,57.0,1015.4670103092784,1015.0,1015.9,False,24.256701030927836,23.6,24.9,324.78350515463916,3.253608247422681,4.6,LAT,41722.434782608696,33804.0,34667.307692307695,29345.0,33559.11538461538,28665.0,91814.0,492947.5,2.0,,,3.0,2.0,,,,,,10.333333333333334,3.75,,,,,,272.2,294.75,,,,,,297.0,299.0,,,,,,103983.13333333333,104170.5,,,,,,93210.0,91814.0,,,,0,0,1,5
2022,2,21.81855670103093,21.6,22.0,55.93814432989691,55.0,57.0,1015.4670103092784,1015.0,1015.9,False,24.256701030927836,23.6,24.9,324.78350515463916,3.253608247422681,4.6,LEC,45843.07692307692,32876.0,40191.2,28923.0,35748.28571428572,28273.0,90074.0,256282.0,2.0,,,1.0,3.0,,,,,,4.0,4.5,,,,,,292.4,281.25,,,,,,300.0,295.0,,,,,,106730.8,115902.25,,,,,,90216.0,90074.0,,,,0,0,1,5
2022,2,21.81855670103093,21.6,22.0,55.93814432989691,55.0,57.0,1015.4670103092784,1015.0,1015.9,False,24.256701030927836,23.6,24.9,324.78350515463916,3.253608247422681,4.6,MAG,39283.545454545456,33799.0,39807.166666666664,29621.0,35773.583333333336,28790.0,92344.0,404750.0,1.0,,,1.0,2.0,,,,,,5.0,2.5,,,,,,296.2857142857143,295.5,,,,,,297.0,296.0,,,,,,112080.85714285714,133825.5,,,,,,92344.0,131184.0,,,,0,0,1,5
2022,2,21.81855670103093,21.6,22.0,55.93814432989691,55.0,57.0,1015.4670103092784,1015.0,1015.9,False,24.256701030927836,23.6,24.9,324.78350515463916,3.253608247422681,4.6,MSC,41712.125,33216.0,34008.59259259259,29357.0,33486.22222222222,28481.0,91169.0,304067.0,3.0,3.0,,,4.0,,,,11.25,,,8.083333333333334,,,,289.625,,,269.0,,,,297.0,,,299.0,,,,103300.75,,,107937.91666666667,,,,92389.0,,,91169.0,,,,0,0,1,5
2022,2,21.81855670103093,21.6,22.0,55.93814432989691,55.0,57.0,1015.4670103092784,1015.0,1015.9,False,24.256701030927836,23.6,24.9,324.78350515463916,3.253608247422681,4.6,NOR,40134.30434782609,33190.0,33190.269230769234,28981.0,33846.807692307695,28564.0,90735.0,374223.0,3.0,,,4.0,3.0,,,,,,8.76923076923077,5.8,,,,,,267.38461538461536,283.2,,,,,,299.0,296.0,,,,,,103959.53846153847,100463.8,,,,,,91558.0,90735.0,,,,0,0,1,5
2022,2,21.81855670103093,21.6,22.0,55.93814432989691,55.0,57.0,1015.4670103092784,1015.0,1015.9,False,24.256701030927836,23.6,24.9,324.78350515463916,3.253608247422681,4.6,OCO,40997.82608695652,33230.0,33635.57692307692,29100.0,33638.269230769234,28430.0,90760.0,392769.0,3.0,,,3.0,4.0,,,,,,8.454545454545455,5.875,,,,,,289.09090909090907,263.125,,,,,,305.0,299.0,,,,,,98459.0,111500.125,,,,,,91859.0,90760.0,,,,0,0,1,5
2022,2,21.81855670103093,21.6,22.0,55.93814432989691,55.0,57.0,1015.4670103092784,1015.0,1015.9,False,24.256701030927836,23.6,24.9,324.78350515463916,3.253608247422681,4.6,PER,42452.666666666664,33237.0,36322.75,28952.0,36417.666666666664,28171.0,90360.0,281615.6666666667,3.0,,,4.0,3.0,,,,,,9.0,4.333333333333333,,,,,,293.1818181818182,299.3333333333333,,,,,,302.0,303.0,,,,,,97576.45454545454,122643.0,,,,,,90360.0,112308.0,,,,0,0,1,5
2022,2,21.81855670103093,21.6,22.0,55.93814432989691,55.0,57.0,1015.4670103092784,1015.0,1015.9,False,24.256701030927836,23.6,24.9,324.78350515463916,3.253608247422681,4.6,RIC,41852.95,33091.0,33323.260869565216,29208.0,34330.434782608696,28724.0,91527.0,451470.3333333333,3.0,,,3.0,4.0,,,,,,8.666666666666666,4.25,,,,,,282.4166666666667,225.25,,,,,,293.0,280.0,,,,,,102453.0,111818.5,,,,,,91527.0,91799.0,,,,0,0,1,5
2022,2,21.81855670103093,21.6,22.0,55.93814432989691,55.0,57.0,1015.4670103092784,1015.0,1015.9,False,24.256701030927836,23.6,24.9,324.78350515463916,3.253608247422681,4.6,RUS,39849.61538461538,33293.0,32949.620689655174,28850.0,33051.862068965514,28521.0,90664.0,384052.0,2.0,,,3.0,2.0,,,,,,12.578947368421053,3.5,,,,,,273.2105263157895,294.25,,,,,,295.0,301.0,,,,,,101159.57894736843,112482.25,,,,,,91583.0,90664.0,,,,0,0,1,5
2022,2,21.81855670103093,21.6,22.0,55.93814432989691,55.0,57.0,1015.4670103092784,1015.0,1015.9,False,24.256701030927836,23.6,24.9,324.78350515463916,3.253608247422681,4.6,SAI,43282.0,33020.0,35819.333333333336,28956.0,35296.416666666664,28340.0,90320.0,501393.0,1.0,,,1.0,2.0,,,,,,4.0,3.0,,,,,,293.8,295.0,,,,,,300.0,296.0,,,,,,110710.4,111377.66666666667,,,,,,90320.0,90575.0,,,,0,0,1,5
2022,2,21.81855670103093,21.6,22.0,55.93814432989691,55.0,57.0,1015.4670103092784,1015.0,1015.9,False,24.256701030927836,23.6,24.9,324.78350515463916,3.253608247422681,4.6,STR,41755.16,33517.0,32770.07142857143,29127.0,33731.892857142855,28728.0,91372.0,222044.75,4.0,,,5.0,3.0,,,,,,10.9375,5.0,,,,,,271.375,285.5,,,,,,297.0,297.0,,,,,,105619.875,103185.75,,,,,,93196.0,91372.0,,,,0,0,1,5
2022,2,21.81855670103093,21.6,22.0,55.93814432989691,55.0,57.0,1015.4670103092784,1015.0,1015.9,False,24.256701030927836,23.6,24.9,324.78350515463916,3.253608247422681,4.6,TSU,40751.86363636364,33260.0,37040.24,29165.0,33394.84,28461.0,90886.0,244162.33333333334,3.0,,,4.0,3.0,,,,,,5.625,8.454545454545455,,,,,,295.875,284.54545454545456,,,,,,299.0,299.0,,,,,,114170.25,104993.81818181818,,,,,,91350.0,90886.0,,,,0,0,1,5
2022,2,21.81855670103093,21.6,22.0,55.93814432989691,55.0,57.0,1015.4670103092784,1015.0,1015.9,False,24.256701030927836,23.6,24.9,324.78350515463916,3.253608247422681,4.6,VER,42392.2,33136.0,35597.30434782609,28762.0,35322.260869565216,28255.0,90214.0,543081.9999999998,2.0,,,3.0,2.0,,,,,,10.153846153846153,3.0,,,,,,271.6923076923077,292.3333333333333,,,,,,299.0,298.0,,,,,,102998.92307692308,129640.66666666667,,,,,,90214.0,122854.0,,,,0,0,1,5
2022,2,21.81855670103093,21.6,22.0,55.93814432989691,55.0,57.0,1015.4670103092784,1015.0,1015.9,False,24.256701030927836,23.6,24.9,324.78350515463916,3.253608247422681,4.6,ZHO,41051.833333333336,33535.0,33782.18518518518,29251.0,34317.96296296296,28821.0,91615.0,340575.6666666667,3.0,,,1.0,4.0,,,,,,5.0,10.307692307692308,,,,,,282.42857142857144,263.7692307692308,,,,,,296.0,298.0,,,,,,107050.57142857143,103180.92307692308,,,,,,92080.0,91615.0,,,,0,0,1,5
2022,3,20.782278481012657,20.4,21.2,65.9620253164557,61.0,71.0,1019.8354430379746,1019.7,1020.0,False,29.450632911392404,27.8,32.4,115.50632911392405,0.7860759493670886,1.8,ALB,34544.148148148146,28156.0,21381.14814814815,18258.0,40393.541666666664,35310.0,81912.0,205403.0,4.0,,,5.0,2.0,,,,,,9.0,4.5,,,,,,287.1333333333333,293.375,,,,,,295.0,300.0,,,,,,92116.4,100069.125,,,,,,82865.0,81912.0,,,,1,0,0,3
2022,3,20.782278481012657,20.4,21.2,65.9620253164557,61.0,71.0,1019.8354430379746,1019.7,1020.0,False,29.450632911392404,27.8,32.4,115.50632911392405,0.7860759493670886,1.8,ALO,34212.27272727273,27504.0,19414.0,17902.0,40193.0,34131.0,79537.0,449521.6666666667,3.0,,,4.0,2.0,,,,,,8.076923076923077,3.0,,,,,,289.84615384615387,301.0,,,,,,303.0,303.0,,,,,,93392.61538461539,96853.6,,,,,,80515.0,79537.0,,,,1,0,0,3
2022,3,20.782278481012657,20.4,21.2,65.9620253164557,61.0,71.0,1019.8354430379746,1019.7,1020.0,False,29.450632911392404,27.8,32.4,115.50632911392405,0.7860759493670886,1.8,BOT,34791.565217391304,27622.0,20323.458333333332,18196.0,42207.57142857143,34153.0,80055.0,217931.5,6.0,,,7.0,3.0,,,,,,7.5,4.0,,,,,,292.0,295.14285714285717,,,,,,298.0,297.0,,,,,,88560.8,99823.85714285714,,,,,,80432.0,80055.0,,,,1,0,0,3
2022,3,20.782278481012657,20.4,21.2,65.9620253164557,61.0,71.0,1019.8354430379746,1019.7,1020.0,False,29.450632911392404,27.8,32.4,115.50632911392405,0.7860759493670886,1.8,GAS,35461.03703703704,27850.0,20631.777777777777,18105.0,40419.17391304348,34141.0,80142.0,369641.6666666667,3.0,1.0,,,4.0,,,,4.0,,,9.5625,,,,295.57142857142856,,,285.9375,,,,297.0,,,299.0,,,,98049.14285714286,,,95782.9375,,,,81629.0,,,80142.0,,,,1,0,0,3
2022,3,20.782278481012657,20.4,21.2,65.9620253164557,61.0,71.0,1019.8354430379746,1019.7,1020.0,False,29.450632911392404,27.8,32.4,115.50632911392405,0.7860759493670886,1.8,HAM,35808.681818181816,27672.0,20308.454545454544,18165.0,39655.57894736842,34629.0,80521.0,472924.6666666667,3.0,,,4.0,2.0,,,,,,7.923076923076923,3.5,,,,,,274.46153846153845,293.5,,,,,,295.0,296.0,,,,,,95347.53846153847,97722.5,,,,,,81255.0,80521.0,,,,1,0,0,3
2022,3,20.782278481012657,20.4,21.2,65.9620253164557,61.0,71.0,1019.8354430379746,1019.7,1020.0,False,29.450632911392404,27.8,32.4,115.50632911392405,0.7860759493670886,1.8,LAT,36190.5,28502.0,20698.208333333332,18321.0,42511.6,35465.0,82307.0,318991.25,4.0,,,5.0,2.0,,,,,,8.5,3.0,,,,,,286.7142857142857,296.0,,,,,,294.0,300.0,,,,,,94069.42857142857,106097.4,,,,,,83372.0,82307.0,,,,1,0,0,3
2022,3,20.782278481012657,20.4,21.2,65.9620253164557,61.0,71.0,1019.8354430379746,1019.7,1020.0,False,29.450632911392404,27.8,32.4,115.50632911392405,0.7860759493670886,1.8,LEC,39169.77777777778,27256.0,21120.0,18034.0,40951.217391304344,33688.0,78978.0,189499.8,5.0,,,6.0,3.0,,,,,,8.538461538461538,4.75,,,,,,288.6923076923077,281.875,,,,,,299.0,297.0,,,,,,97665.92307692308,101941.5,,,,,,80175.0,78978.0,,,,1,0,0,3
2022,3,20.782278481012657,20.4,21.2,65.9620253164557,61.0,71.0,1019.8354430379746,1019.7,1020.0,False,29.450632911392404,27.8,32.4,115.50632911392405,0.7860759493670886,1.8,MAG,36284.181818181816,28067.0,20551.227272727272,18285.0,40023.84210526316,34839.0,81191.0,260666.5,4.0,5.0,,,3.0,,,,7.923076923076923,,,3.2,,,,287.0,,,292.4,,,,296.0,,,297.0,,,,93952.84615384616,,,102383.6,,,,82223.0,,,81191.0,,,,1,0,0,3
2022,3,20.782278481012657,20.4,21.2,65.9620253164557,61.0,71.0,1019.8354430379746,1019.7,1020.0,False,29.450632911392404,27.8,32.4,115.50632911392405,0.7860759493670886,1.8,MSC,36896.52380952381,28418.0,20602.904761904763,18474.0,40785.555555555555,35082.0,81974.0,183288.75,4.0,,,5.0,2.0,,,,,,7.090909090909091,3.5,,,,,,289.0,295.8333333333333,,,,,,297.0,297.0,,,,,,96444.81818181818,100071.0,,,,,,83655.0,81974.0,,,,1,0,0,3
2022,3,20.782278481012657,20.4,21.2,65.9620253164557,61.0,71.0,1019.8354430379746,1019.7,1020.0,False,29.450632911392404,27.8,32.4,115.50632911392405,0.7860759493670886,1.8,NOR,34618.291666666664,27725.0,20128.0,18201.0,40714.5,34174.0,80100.0,293006.0,5.0,,,6.0,3.0,,,,,,10.733333333333333,2.0,,,,,,281.53333333333336,291.3333333333333,,,,,,295.0,294.0,,,,,,91178.13333333333,96906.33333333333,,,,,,80820.0,80100.0,,,,1,0,0,3
2022,3,20.782278481012657,20.4,21.2,65.9620253164557,61.0,71.0,1019.8354430379746,1019.7,1020.0,False,29.450632911392404,27.8,32.4,115.50632911392405,0.7860759493670886,1.8,OCO,33407.44,27773.0,19962.12,17994.0,39675.666666666664,34075.0,79842.0,414460.0,3.0,4.0,,,2.0,,,,9.0,,,3.5,,,,288.93333333333334,,,300.3333333333333,,,,302.0,,,301.0,,,,90701.86666666667,,,97423.5,,,,81761.0,,,79842.0,,,,1,0,0,3
2022,3,20.782278481012657,20.4,21.2,65.9620253164557,61.0,71.0,1019.8354430379746,1019.7,1020.0,False,29.450632911392404,27.8,32.4,115.50632911392405,0.7860759493670886,1.8,PER,35975.21052631579,27621.0,19867.42105263158,18062.0,40156.1875,33975.0,79658.0,229570.20000000004,5.0,,,6.0,3.0,,,,,,7.3,3.0,,,,,,289.6,299.75,,,,,,299.0,301.0,,,,,,88106.2,93207.75,,,,,,81246.0,79658.0,,,,1,0,0,3
2022,3,20.782278481012657,20.4,21.2,65.9620253164557,61.0,71.0,1019.8354430379746,1019.7,1020.0,False,29.450632911392404,27.8,32.4,115.50632911392405,0.7860759493670886,1.8,RIC,34564.13043478261,27615.0,20980.739130434784,18327.0,38884.85,34261.0,80203.0,480567.6666666667,3.0,,,4.0,3.0,,,,,,7.928571428571429,3.8333333333333335,,,,,,287.35714285714283,287.5,,,,,,294.0,293.0,,,,,,93583.28571428571,96120.66666666667,,,,,,80603.0,80203.0,,,,1,0,0,3
2022,3,20.782278481012657,20.4,21.2,65.9620253164557,61.0,71.0,1019.8354430379746,1019.7,1020.0,False,29.450632911392404,27.8,32.4,115.50632911392405,0.7860759493670886,1.8,RUS,36180.791666666664,27708.0,20075.916666666668,18265.0,40107.90476190476,34232.0,80212.0,324672.0,4.0,,,5.0,2.0,,,,,,8.166666666666666,4.5,,,,,,287.25,294.0,,,,,,296.0,298.0,,,,,,96885.58333333333,93031.875,,,,,,82532.0,80212.0,,,,1,0,0,3
2022,3,20.782278481012657,20.4,21.2,65.9620253164557,61.0,71.0,1019.8354430379746,1019.7,1020.0,False,29.450632911392404,27.8,32.4,115.50632911392405,0.7860759493670886,1.8,SAI,38128.81481481482,27441.0,20873.703703703704,18059.0,41250.260869565216,33671.0,79376.0,168489.16666666666,6.0,,,7.0,4.0,,,,,,10.6,3.0,,,,,,285.6666666666667,294.0,,,,,,302.0,295.0,,,,,,94865.6,92785.25,,,,,,79979.0,79376.0,,,,1,0,0,3
2022,3,20.782278481012657,20.4,21.2,65.9620253164557,61.0,71.0,1019.8354430379746,1019.7,1020.0,False,29.450632911392404,27.8,32.4,115.50632911392405,0.7860759493670886,1.8,STR,34017.22222222222,27793.0,21388.85185185185,18284.0,39431.75,34534.0,80611.0,269212.24999999994,4.0,,,5.0,3.0,,,,,,9.4375,4.285714285714286,,,,,,285.1875,286.7142857142857,,,,,,297.0,299.0,,,,,,91677.625,100265.85714285714,,,,,,81756.0,80611.0,,,,1,0,0,3
2022,3,20.782278481012657,20.4,21.2,65.9620253164557,61.0,71.0,1019.8354430379746,1019.7,1020.0,False,29.450632911392404,27.8,32.4,115.50632911392405,0.7860759493670886,1.8,TSU,34509.066666666666,27822.0,20563.0,18160.0,38984.692307692305,34442.0,80424.0,296610.3333333333,3.0,4.0,,,2.0,,,,11.0,,,4.0,,,,286.0,,,295.14285714285717,,,,298.0,,,297.0,,,,91885.63157894737,,,102204.57142857143,,,,81267.0,,,80424.0,,,,1,0,0,3
2022,3,20.782278481012657,20.4,21.2,65.9620253164557,61.0,71.0,1019.8354430379746,1019.7,1020.0,False,29.450632911392404,27.8,32.4,115.50632911392405,0.7860759493670886,1.8,VER,35249.27272727273,27358.0,21173.31818181818,17833.0,39139.26315789474,33903.0,79223.0,629465.0,2.0,,,3.0,2.0,,,,,,6.636363636363637,4.5,,,,,,285.45454545454544,288.625,,,,,,299.0,301.0,,,,,,92407.81818181818,99692.625,,,,,,80985.0,79223.0,,,,1,0,0,3
2022,3,20.782278481012657,20.4,21.2,65.9620253164557,61.0,71.0,1019.8354430379746,1019.7,1020.0,False,29.450632911392404,27.8,32.4,115.50632911392405,0.7860759493670886,1.8,ZHO,36143.913043478264,27920.0,21329.565217391304,18447.0,40455.95,34520.0,81063.0,510669.0,3.0,,,4.0,3.0,,,,,,7.5,4.0,,,,,,287.8333333333333,295.57142857142856,,,,,,299.0,300.0,,,,,,94637.16666666667,99007.71428571429,,,,,,81536.0,81063.0,,,,1,0,0,3
2022,4,19.246987951807228,18.8,19.6,48.36144578313253,46.0,52.0,1003.1204819277109,1003.0,1003.4,False,30.86144578313253,30.3,31.6,216.74698795180723,2.193975903614458,3.9,ALB,29204.75,25419.0,29238.264705882353,27951.0,28770.529411764706,27054.0,80591.0,199433.0,3.0,,,4.0,1.0,,,,,,10.61111111111111,6.5,,,,,,260.77777777777777,274.3,,,,,,279.0,277.0,,,,,,84465.88888888889,85640.5,,,,,,80922.0,80591.0,,,,0,0,0,0
2022,4,19.246987951807228,18.8,19.6,48.36144578313253,46.0,52.0,1003.1204819277109,1003.0,1003.4,False,30.86144578313253,30.3,31.6,216.74698795180723,2.193975903614458,3.9,ALO,28771.03846153846,25076.0,28846.758620689656,27740.0,29375.068965517243,27100.0,80174.0,439109.0,3.0,,,4.0,3.0,,,,,,7.666666666666667,10.0,,,,,,249.16666666666666,269.72727272727275,,,,,,270.0,275.0,,,,,,86895.91666666667,81574.0,,,,,,82109.0,80174.0,,,,0,0,0,0
2022,4,19.246987951807228,18.8,19.6,48.36144578313253,46.0,52.0,1003.1204819277109,1003.0,1003.4,False,30.86144578313253,30.3,31.6,216.74698795180723,2.193975903614458,3.9,GAS,29794.714285714286,25676.0,28588.162162162163,27683.0,29001.64864864865,26759.0,80439.0,155081.0,4.0,,,5.0,2.0,,,,,,10.0,9.0,,,,,,255.2941176470588,267.6,,,,,,271.0,270.0,,,,,,85775.58823529411,83920.86666666667,,,,,,80439.0,80598.0,,,,0,0,0,0
2022,4,19.246987951807228,18.8,19.6,48.36144578313253,46.0,52.0,1003.1204819277109,1003.0,1003.4,False,30.86144578313253,30.3,31.6,216.74698795180723,2.193975903614458,3.9,HAM,31151.83870967742,25617.0,28902.382352941175,27444.0,29467.382352941175,26724.0,79992.0,193086.0,5.0,,,2.0,6.0,,,,,,5.0,9.526315789473685,,,,,,267.42857142857144,260.94736842105266,,,,,,270.0,272.0,,,,,,90055.42857142857,86189.52631578948,,,,,,81691.0,79992.0,,,,0,0,0,0
2022,4,19.246987951807228,18.8,19.6,48.36144578313253,46.0,52.0,1003.1204819277109,1003.0,1003.4,False,30.86144578313253,30.3,31.6,216.74698795180723,2.193975903614458,3.9,LAT,29562.931034482757,26124.0,29119.870967741936,28018.0,28892.387096774193,26978.0,81263.0,169113.66666666666,3.0,,,4.0,1.0,,,,,,10.105263157894736,6.5,,,,,,259.0,272.0,,,,,,273.0,276.0,,,,,,84529.47368421052,83117.83333333333,,,,,,81263.0,82277.0,,,,0,0,0,0
2022,4,19.246987951807228,18.8,19.6,48.36144578313253,46.0,52.0,1003.1204819277109,1003.0,1003.4,False,30.86144578313253,30.3,31.6,216.74698795180723,2.193975903614458,3.9,LEC,30642.878787878788,25095.0,29239.657142857144,27506.0,29250.17142857143,26569.0,79740.0,169684.25,4.0,,,5.0,4.0,,,,,,10.61111111111111,7.5,,,,,,256.94444444444446,274.6666666666667,,,,,,276.0,286.0,,,,,,87931.55555555556,83614.75,,,,,,81776.0,79740.0,,,,0,0,0,0
2022,4,19.246987951807228,18.8,19.6,48.36144578313253,46.0,52.0,1003.1204819277109,1003.0,1003.4,False,30.86144578313253,30.3,31.6,216.74698795180723,2.193975903614458,3.9,MAG,29855.14814814815,25967.0,28720.833333333332,27729.0,28986.7,26769.0,80740.0,405579.6666666667,3.0,,,3.0,4.0,,,,,,6.5,11.5,,,,,,264.3,255.14285714285714,,,,,,265.0,273.0,,,,,,83098.3,83290.71428571429,,,,,,82787.0,80740.0,,,,0,0,0,0
2022,4,19.246987951807228,18.8,19.6,48.36144578313253,46.0,52.0,1003.1204819277109,1003.0,1003.4,False,30.86144578313253,30.3,31.6,216.74698795180723,2.193975903614458,3.9,MSC,29870.03846153846,26109.0,28693.55172413793,27887.0,29031.103448275862,26981.0,80977.0,443809.0,3.0,,,4.0,3.0,,,,,,8.0,9.5,,,,,,254.6153846153846,264.3,,,,,,271.0,266.0,,,,,,82680.15384615384,83386.1,,,,,,80977.0,83003.0,,,,0,0,0,0
2022,4,19.246987951807228,18.8,19.6,48.36144578313253,46.0,52.0,1003.1204819277109,1003.0,1003.4,False,30.86144578313253,30.3,31.6,216.74698795180723,2.193975903614458,3.9,NOR,34441.5,26755.0,28943.5,27789.0,33667.5,27874.0,83821.0,3182847.0,1.0,,,,2.0,,,,,,,3.0,,,,,,,158.0,,,,,,,261.0,,,,,,,97019.0,,,,,,,83821.0,,,,0,0,0,0
2022,4,19.246987951807228,18.8,19.6,48.36144578313253,46.0,52.0,1003.1204819277109,1003.0,1003.4,False,30.86144578313253,30.3,31.6,216.74698795180723,2.193975903614458,3.9,OCO,29896.5,25674.0,28753.9,27957.0,29012.166666666668,27072.0,81179.0,140707.66666666666,3.0,,,4.0,3.0,,,,,,8.25,7.5,,,,,,249.25,267.9166666666667,,,,,,270.0,271.0,,,,,,89808.0,81458.08333333333,,,,,,82744.0,81179.0,,,,0,0,0,0
2022,4,19.246987951807228,18.8,19.6,48.36144578313253,46.0,52.0,1003.1204819277109,1003.0,1003.4,False,30.86144578313253,30.3,31.6,216.74698795180723,2.193975903614458,3.9,PER,29673.387096774193,25263.0,28821.757575757576,27380.0,28642.454545454544,26554.0,79538.0,291600.0,3.0,,,4.0,2.0,,,,,,7.5,10.0,,,,,,257.3333333333333,273.1764705882353,,,,,,277.0,282.0,,,,,,87387.58333333333,83123.58823529411,,,,,,79538.0,79790.0,,,,0,0,0,0
2022,4,19.246987951807228,18.8,19.6,48.36144578313253,46.0,52.0,1003.1204819277109,1003.0,1003.4,False,30.86144578313253,30.3,31.6,216.74698795180723,2.193975903614458,3.9,RUS,32610.620689655174,25288.0,28925.53125,27346.0,29263.75,26823.0,79457.0,186860.66666666666,6.0,,,3.0,7.0,,,,,,5.5,8.789473684210526,,,,,,266.75,261.3157894736842,,,,,,267.0,281.0,,,,,,81535.25,88210.15789473684,,,,,,81209.0,79457.0,,,,0,0,0,0
2022,4,19.246987951807228,18.8,19.6,48.36144578313253,46.0,52.0,1003.1204819277109,1003.0,1003.4,False,30.86144578313253,30.3,31.6,216.74698795180723,2.193975903614458,3.9,SAI,32251.172413793105,25619.0,28780.16129032258,27531.0,29427.90322580645,26869.0,80258.0,106680.2,5.0,,,5.0,6.0,,,,,,7.5,8.615384615384615,,,,,,275.0833333333333,251.07692307692307,,,,,,285.0,270.0,,,,,,85527.66666666667,92384.84615384616,,,,,,80258.0,81731.0,,,,0,0,0,0
2022,4,19.246987951807228,18.8,19.6,48.36144578313253,46.0,52.0,1003.1204819277109,1003.0,1003.4,False,30.86144578313253,30.3,31.6,216.74698795180723,2.193975903614458,3.9,STR,30127.485714285714,25866.0,28798.105263157893,27919.0,29076.78947368421,27219.0,81149.0,108068.66666666667,6.0,4.0,,7.0,5.0,,,,4.0,,5.0,10.375,,,,267.8,,242.0,267.4375,,,,269.0,,276.0,268.0,,,,83003.8,,84602.57142857143,85026.25,,,,82872.0,,81149.0,81341.0,,,,0,0,0,0
2022,4,19.246987951807228,18.8,19.6,48.36144578313253,46.0,52.0,1003.1204819277109,1003.0,1003.4,False,30.86144578313253,30.3,31.6,216.74698795180723,2.193975903614458,3.9,TSU,30076.81818181818,25321.0,28560.2,27684.0,28667.571428571428,26695.0,80381.0,169749.25,4.0,,,2.0,5.0,,,,,,8.0,10.0,,,,,,269.3076923076923,254.88235294117646,,,,,,280.0,271.0,,,,,,83666.15384615384,84784.5294117647,,,,,,80588.0,80381.0,,,,0,0,0,0
2022,4,19.246987951807228,18.8,19.6,48.36144578313253,46.0,52.0,1003.1204819277109,1003.0,1003.4,False,30.86144578313253,30.3,31.6,216.74698795180723,2.193975903614458,3.9,VER,29854.117647058825,25670.0,28502.805555555555,27700.0,29305.722222222223,26718.0,80371.0,155522.5,4.0,,,4.0,5.0,,,,,,10.5,8.153846153846153,,,,,,270.6111111111111,250.92307692307693,,,,,,274.0,272.0,,,,,,83450.0,89734.69230769231,,,,,,80371.0,80548.0,,,,0,0,0,0
2022,4,19.246987951807228,18.8,19.6,48.36144578313253,46.0,52.0,1003.1204819277109,1003.0,1003.4,False,30.86144578313253,30.3,31.6,216.74698795180723,2.193975903614458,3.9,VET,30384.685714285715,25725.0,28757.763157894737,27882.0,29021.0,27177.0,81155.0,106420.5,6.0,7.0,,4.0,5.0,,,,5.0,,6.5,7.818181818181818,,,,240.14285714285714,,268.5,269.0,,,,273.0,,270.0,270.0,,,,85282.28571428571,,82285.0,86486.27272727272,,,,81220.0,,82031.0,81155.0,,,,0,0,0,0
2022,4,19.246987951807228,18.8,19.6,48.36144578313253,46.0,52.0,1003.1204819277109,1003.0,1003.4,False,30.86144578313253,30.3,31.6,216.74698795180723,2.193975903614458,3.9,ZHO,29713.275862068964,25639.0,29364.0625,27781.0,29231.46875,26937.0,80498.0,372721.6666666667,3.0,,,1.0,4.0,,,,,,4.0,11.6,,,,,,265.4,258.75,,,,,,271.0,279.0,,,,,,83966.8,82761.9,,,,,,82720.0,80498.0,,,,0,0,0,0
2022,5,33.042682926829265,31.8,34.1,47.03658536585366,38.0,58.0,1011.4609756097561,1011.2,1011.7,False,41.767073170731706,38.8,44.0,166.97560975609755,1.4670731707317073,3.9,ALB,37254.82352941176,30564.0,39738.35,35267.0,32025.45,25541.0,91710.0,376594.5,4.0,,,5.0,2.0,,,,,,7.0,3.5,,,,,,258.6,270.75,,,,,,284.0,282.0,,,,,,104820.2,109997.75,,,,,,91947.0,91710.0,,,,2,0,0,10
2022,5,33.042682926829265,31.8,34.1,47.03658536585366,38.0,58.0,1011.4609756097561,1011.2,1011.7,False,41.767073170731706,38.8,44.0,166.97560975609755,1.4670731707317073,3.9,ALO,37591.470588235294,30089.0,40227.8,34647.0,31524.8,25636.0,90372.0,751113.0,2.0,,,3.0,2.0,,,,,,7.333333333333333,4.0,,,,,,253.33333333333334,264.8,,,,,,281.0,284.0,,,,,,99477.22222222222,112635.2,,,,,,91951.0,90372.0,,,,2,0,0,10
2022,5,33.042682926829265,31.8,34.1,47.03658536585366,38.0,58.0,1011.4609756097561,1011.2,1011.7,False,41.767073170731706,38.8,44.0,166.97560975609755,1.4670731707317073,3.9,GAS,36821.76470588235,30325.0,40035.47368421053,34630.0,29834.78947368421,25515.0,90547.0,657399.5,2.0,,,3.0,2.0,,,,,,7.7,3.5,,,,,,246.9,282.0,,,,,,284.0,283.0,,,,,,102931.4,108248.25,,,,,,91396.0,90547.0,,,,2,0,0,10
2022,5,33.042682926829265,31.8,34.1,47.03658536585366,38.0,58.0,1011.4609756097561,1011.2,1011.7,False,41.767073170731706,38.8,44.0,166.97560975609755,1.4670731707317073,3.9,HAM,39833.666666666664,29963.0,42785.35294117647,34663.0,32088.764705882353,25265.0,90179.0,417168.3333333333,3.0,,,4.0,3.0,,,,,,7.0,3.6666666666666665,,,,,,246.625,281.0,,,,,,281.0,282.0,,,,,,102741.75,110889.0,,,,,,91545.0,90179.0,,,,2,0,0,10
2022,5,33.042682926829265,31.8,34.1,47.03658536585366,38.0,58.0,1011.4609756097561,1011.2,1011.7,False,41.767073170731706,38.8,44.0,166.97560975609755,1.4670731707317073,3.9,LAT,40121.90909090909,31243.0,41051.769230769234,35928.0,33209.692307692305,25668.0,92913.0,432198.6666666667,3.0,,,1.0,2.0,,,,,,4.0,3.0,,,,,,276.4,263.6666666666667,,,,,,278.0,283.0,,,,,,109351.8,107562.0,,,,,,94180.0,92913.0,,,,2,0,0,10
2022,5,33.042682926829265,31.8,34.1,47.03658536585366,38.0,58.0,1011.4609756097561,1011.2,1011.7,False,41.767073170731706,38.8,44.0,166.97560975609755,1.4670731707317073,3.9,LEC,38326.77777777778,29848.0,40775.85,34498.0,31689.55,25521.0,90044.0,376138.0,3.0,,,4.0,3.0,,,,,,8.222222222222221,3.6666666666666665,,,,,,250.22222222222223,277.0,,,,,,280.0,278.0,,,,,,99822.33333333333,108833.66666666667,,,,,,91131.0,90044.0,,,,2,0,0,10
2022,5,33.042682926829265,31.8,34.1,47.03658536585366,38.0,58.0,1011.4609756097561,1011.2,1011.7,False,41.767073170731706,38.8,44.0,166.97560975609755,1.4670731707317073,3.9,MAG,36790.8125,29989.0,39029.94736842105,35230.0,31701.263157894737,25458.0,90921.0,730590.0,2.0,,,3.0,2.0,,,,,,6.166666666666667,5.0,,,,,,238.0,275.0,,,,,,279.0,282.0,,,,,,99602.66666666667,101192.14285714286,,,,,,93852.0,90921.0,,,,2,0,0,10
2022,5,33.042682926829265,31.8,34.1,47.03658536585366,38.0,58.0,1011.4609756097561,1011.2,1011.7,False,41.767073170731706,38.8,44.0,166.97560975609755,1.4670731707317073,3.9,MSC,36173.64705882353,30393.0,40178.05,35442.0,32250.2,25752.0,91587.0,482005.6666666667,3.0,4.0,,,3.0,,,,8.5,,,5.0,,,,234.66666666666666,,,279.14285714285717,,,,275.0,,,283.0,,,,100039.66666666667,,,106439.42857142857,,,,95889.0,,,91587.0,,,,2,0,0,10
2022,5,33.042682926829265,31.8,34.1,47.03658536585366,38.0,58.0,1011.4609756097561,1011.2,1011.7,False,41.767073170731706,38.8,44.0,166.97560975609755,1.4670731707317073,3.9,NOR,36785.117647058825,30026.0,41205.1,35000.0,37084.7,25509.0,90535.0,792580.0,2.0,,,3.0,2.0,,,,,,7.5,3.5,,,,,,250.7,263.75,,,,,,277.0,280.0,,,,,,106274.4,116205.25,,,,,,91859.0,90535.0,,,,2,0,0,10
2022,5,33.042682926829265,31.8,34.1,47.03658536585366,38.0,58.0,1011.4609756097561,1011.2,1011.7,False,41.767073170731706,38.8,44.0,166.97560975609755,1.4670731707317073,3.9,OCO,37068.0,30329.0,40739.55,34789.0,33246.85,25483.0,90861.0,829759.0,2.0,,,3.0,2.0,,,,,,7.333333333333333,4.0,,,,,,249.33333333333334,265.2,,,,,,283.0,285.0,,,,,,102103.55555555556,115259.8,,,,,,91753.0,90861.0,,,,2,0,0,10
2022,5,33.042682926829265,31.8,34.1,47.03658536585366,38.0,58.0,1011.4609756097561,1011.2,1011.7,False,41.767073170731706,38.8,44.0,166.97560975609755,1.4670731707317073,3.9,PER,38619.53333333333,30064.0,41342.833333333336,34538.0,30367.823529411766,25421.0,90150.0,346878.5,4.0,,,5.0,3.0,,,,,,8.75,3.0,,,,,,250.875,282.3333333333333,,,,,,282.0,283.0,,,,,,104672.875,107028.0,,,,,,91029.0,90150.0,,,,2,0,0,10
2022,5,33.042682926829265,31.8,34.1,47.03658536585366,38.0,58.0,1011.4609756097561,1011.2,1011.7,False,41.767073170731706,38.8,44.0,166.97560975609755,1.4670731707317073,3.9,RIC,37158.89473684211,30477.0,41235.52173913043,35016.0,32642.47619047619,25715.0,91208.0,331392.0,4.0,,,5.0,4.0,,,,,,6.8,5.5,,,,,,252.5,274.0,,,,,,278.0,279.0,,,,,,111072.5,105268.25,,,,,,92071.0,91208.0,,,,2,0,0,10
2022,5,33.042682926829265,31.8,34.1,47.03658536585366,38.0,58.0,1011.4609756097561,1011.2,1011.7,False,41.767073170731706,38.8,44.0,166.97560975609755,1.4670731707317073,3.9,RUS,38351.42857142857,29825.0,39951.61111111111,34634.0,31547.375,25479.0,89938.0,331461.5,4.0,,,5.0,2.0,,,,,,7.0,2.5,,,,,,247.75,283.5,,,,,,277.0,284.0,,,,,,101766.0,108917.0,,,,,,92041.0,89938.0,,,,2,0,0,10
2022,5,33.042682926829265,31.8,34.1,47.03658536585366,38.0,58.0,1011.4609756097561,1011.2,1011.7,False,41.767073170731706,38.8,44.0,166.97560975609755,1.4670731707317073,3.9,SAI,38084.625,30175.0,49358.25,35074.0,31425.375,25557.0,90964.0,,,,,1.0,,,,,,,5.0,,,,,,,276.3333333333333,,,,,,,281.0,,,,,,,113462.66666666667,,,,,,,90964.0,,,,,2,0,0,10
2022,5,33.042682926829265,31.8,34.1,47.03658536585366,38.0,58.0,1011.4609756097561,1011.2,1011.7,False,41.767073170731706,38.8,44.0,166.97560975609755,1.4670731707317073,3.9,STR,38360.05263157895,30677.0,41424.27272727273,35308.0,32851.0,25646.0,91631.0,334604.5,4.0,,,5.0,2.0,,,,,,9.0,3.0,,,,,,255.75,215.5,,,,,,280.0,281.0,,,,,,108260.66666666667,104620.5,,,,,,92229.0,91631.0,,,,2,0,0,10
2022,5,33.042682926829265,31.8,34.1,47.03658536585366,38.0,58.0,1011.4609756097561,1011.2,1011.7,False,41.767073170731706,38.8,44.0,166.97560975609755,1.4670731707317073,3.9,TSU,37065.35,30223.0,39824.09523809524,35116.0,31110.428571428572,25632.0,91260.0,493389.99999999977,2.0,,,1.0,3.0,,,,,,3.5,8.76923076923077,,,,,,280.0,260.0,,,,,,283.0,281.0,,,,,,108501.5,104849.30769230769,,,,,,92717.0,91260.0,,,,2,0,0,10
2022,5,33.042682926829265,31.8,34.1,47.03658536585366,38.0,58.0,1011.4609756097561,1011.2,1011.7,False,41.767073170731706,38.8,44.0,166.97560975609755,1.4670731707317073,3.9,VER,,,63981.0,63981.0,62695.0,62695.0,,,,,,,,,,,,,,,,,,,,,,,,,,,,,,,,,,,,,,,,,,,,,,2,0,0,10
2022,5,33.042682926829265,31.8,34.1,47.03658536585366,38.0,58.0,1011.4609756097561,1011.2,1011.7,False,41.767073170731706,38.8,44.0,166.97560975609755,1.4670731707317073,3.9,VET,37912.15789473684,30717.0,41098.65217391304,35124.0,30677.136363636364,25552.0,91393.0,362458.75,4.0,,,5.0,2.0,,,,,,9.0,2.0,,,,,,256.9166666666667,284.0,,,,,,280.0,284.0,,,,,,105893.16666666667,91393.0,,,,,,92794.0,91393.0,,,,2,0,0,10
2022,5,33.042682926829265,31.8,34.1,47.03658536585366,38.0,58.0,1011.4609756097561,1011.2,1011.7,False,41.767073170731706,38.8,44.0,166.97560975609755,1.4670731707317073,3.9,ZHO,37022.1,30427.0,41079.17391304348,34740.0,32993.82608695652,25693.0,90860.0,419337.0,3.0,,,4.0,2.0,,,,,,8.923076923076923,3.5,,,,,,256.84615384615387,260.0,,,,,,282.0,278.0,,,,,,103637.15384615384,112270.25,,,,,,91507.0,90860.0,,,,2,0,0,10
2022,6,30.75121951219512,30.4,31.1,27.621951219512194,26.0,31.0,1008.5902439024392,1008.4,1008.7,False,43.735365853658536,41.5,45.4,166.91463414634146,2.824390243902439,4.4,ALB,28315.678571428572,22784.0,36304.83870967742,30949.0,33735.1935483871,28586.0,82319.0,281815.3333333333,3.0,,,4.0,2.0,,,,,,12.1,3.5,,,,,,260.35,279.0,,,,,,284.0,280.0,,,,,,96920.35,98441.5,,,,,,83543.0,82319.0,,,,0,0,1,1
2022,6,30.75121951219512,30.4,31.1,27.621951219512194,26.0,31.0,1008.5902439024392,1008.4,1008.7,False,43.735365853658536,41.5,45.4,166.91463414634146,2.824390243902439,4.4,ALO,28841.17391304348,22356.0,35452.230769230766,30019.0,34075.269230769234,27828.0,80203.0,373678.3333333333,3.0,,,4.0,3.0,,,,,,13.333333333333334,3.0,,,,,,255.66666666666666,279.0,,,,,,281.0,280.0,,,,,,90440.13333333333,94940.66666666667,,,,,,82008.0,80203.0,,,,0,0,1,1
2022,6,30.75121951219512,30.4,31.1,27.621951219512194,26.0,31.0,1008.5902439024392,1008.4,1008.7,False,43.735365853658536,41.5,45.4,166.91463414634146,2.824390243902439,4.4,BOT,22912.0,22912.0,33926.5,30885.0,29403.5,28031.0,81828.0,,,,,1.0,,,,,,,2.0,,,,,,,280.0,,,,,,,280.0,,,,,,,81828.0,,,,,,,81828.0,,,,,0,0,1,1
2022,6,30.75121951219512,30.4,31.1,27.621951219512194,26.0,31.0,1008.5902439024392,1008.4,1008.7,False,43.735365853658536,41.5,45.4,166.91463414634146,2.824390243902439,4.4,GAS,29239.72,22630.0,35793.0,30276.0,32840.07142857143,28011.0,80917.0,304526.6666666667,3.0,,,4.0,3.0,,,,,,6.9,8.272727272727273,,,,,,246.4,266.90909090909093,,,,,,282.0,279.0,,,,,,101118.6,90959.45454545454,,,,,,82102.0,80917.0,,,,0,0,1,1
2022,6,30.75121951219512,30.4,31.1,27.621951219512194,26.0,31.0,1008.5902439024392,1008.4,1008.7,False,43.735365853658536,41.5,45.4,166.91463414634146,2.824390243902439,4.4,HAM,28099.363636363636,22349.0,35295.153846153844,29829.0,32527.115384615383,27696.0,79874.0,331789.5,4.0,,,5.0,4.0,,,,,,10.642857142857142,4.333333333333333,,,,,,254.92857142857142,270.0,,,,,,279.0,279.0,,,,,,94935.35714285714,83612.33333333333,,,,,,81483.0,79874.0,,,,0,0,1,1
2022,6,30.75121951219512,30.4,31.1,27.621951219512194,26.0,31.0,1008.5902439024392,1008.4,1008.7,False,43.735365853658536,41.5,45.4,166.91463414634146,2.824390243902439,4.4,LAT,28514.909090909092,23047.0,36201.52,31236.0,35021.4,28756.0,83197.0,459089.3333333333,3.0,1.0,,,4.0,,,,3.5,,,9.733333333333333,,,,277.75,,,256.53333333333336,,,,284.0,,,277.0,,,,100526.0,,,96313.06666666667,,,,84954.0,,,83197.0,,,,0,0,1,1
2022,6,30.75121951219512,30.4,31.1,27.621951219512194,26.0,31.0,1008.5902439024392,1008.4,1008.7,False,43.735365853658536,41.5,45.4,166.91463414634146,2.824390243902439,4.4,LEC,29224.0,22389.0,35186.24137931035,29662.0,33381.44827586207,27619.0,79670.0,220092.0,4.0,,,4.0,5.0,,,,,,12.066666666666666,4.6,,,,,,267.0,234.0,,,,,,284.0,279.0,,,,,,91200.46666666666,95009.8,,,,,,80995.0,79670.0,,,,0,0,1,1
2022,6,30.75121951219512,30.4,31.1,27.621951219512194,26.0,31.0,1008.5902439024392,1008.4,1008.7,False,43.735365853658536,41.5,45.4,166.91463414634146,2.824390243902439,4.4,MAG,30094.714285714286,22595.0,36042.166666666664,30147.0,33836.260869565216,28221.0,81013.0,353668.0,4.0,1.0,,,5.0,,,,3.5,,,8.666666666666666,,,,276.25,,,250.66666666666666,,,,281.0,,,280.0,,,,92776.75,,,99017.5,,,,83293.0,,,81013.0,,,,0,0,1,1
2022,6,30.75121951219512,30.4,31.1,27.621951219512194,26.0,31.0,1008.5902439024392,1008.4,1008.7,False,43.735365853658536,41.5,45.4,166.91463414634146,2.824390243902439,4.4,MSC,27542.545454545456,22614.0,36154.08,30301.0,33257.48,27842.0,80757.0,702104.0,2.0,,,3.0,2.0,,,,,,10.333333333333334,3.5,,,,,,255.53333333333333,257.25,,,,,,284.0,282.0,,,,,,91903.13333333333,98903.25,,,,,,82877.0,80757.0,,,,0,0,1,1
2022,6,30.75121951219512,30.4,31.1,27.621951219512194,26.0,31.0,1008.5902439024392,1008.4,1008.7,False,43.735365853658536,41.5,45.4,166.91463414634146,2.824390243902439,4.4,NOR,25784.5,22807.0,39453.5,31552.0,35555.333333333336,28914.0,83388.0,443607.0,1.0,,,2.0,,,,,,,3.5,,,,,,,275.5,,,,,,,276.0,,,,,,,94298.0,,,,,,,83388.0,,,,,0,0,1,1
2022,6,30.75121951219512,30.4,31.1,27.621951219512194,26.0,31.0,1008.5902439024392,1008.4,1008.7,False,43.735365853658536,41.5,45.4,166.91463414634146,2.824390243902439,4.4,OCO,26500.260869565216,22520.0,36106.77777777778,30427.0,33153.333333333336,27798.0,80745.0,423287.6666666667,3.0,,,4.0,3.0,,,,,,12.071428571428571,4.0,,,,,,255.14285714285714,272.6,,,,,,279.0,279.0,,,,,,89116.21428571429,97233.4,,,,,,82178.0,80745.0,,,,0,0,1,1
2022,6,30.75121951219512,30.4,31.1,27.621951219512194,26.0,31.0,1008.5902439024392,1008.4,1008.7,False,43.735365853658536,41.5,45.4,166.91463414634146,2.824390243902439,4.4,PER,29848.703703703704,22446.0,37562.36666666667,30225.0,33827.63333333333,27836.0,80632.0,176683.59999999995,5.0,,,1.0,6.0,,,,,,4.0,13.5625,,,,,,280.0,256.9375,,,,,,282.0,281.0,,,,,,96489.6,94092.8125,,,,,,81955.0,80632.0,,,,0,0,1,1
2022,6,30.75121951219512,30.4,31.1,27.621951219512194,26.0,31.0,1008.5902439024392,1008.4,1008.7,False,43.735365853658536,41.5,45.4,166.91463414634146,2.824390243902439,4.4,RIC,27778.263157894737,22896.0,35067.63636363636,30406.0,32720.636363636364,28083.0,81385.0,503232.3333333333,3.0,4.0,,,3.0,,,,7.363636363636363,,,5.0,,,,247.0,,,267.75,,,,277.0,,,274.0,,,,95975.09090909091,,,85153.0,,,,83130.0,,,81385.0,,,,0,0,1,1
2022,6,30.75121951219512,30.4,31.1,27.621951219512194,26.0,31.0,1008.5902439024392,1008.4,1008.7,False,43.735365853658536,41.5,45.4,166.91463414634146,2.824390243902439,4.4,RUS,29782.652173913044,22404.0,36332.7037037037,29763.0,33084.25925925926,27620.0,79787.0,227202.4,5.0,,,6.0,3.0,,,,,,12.235294117647058,2.0,,,,,,262.11764705882354,282.0,,,,,,280.0,282.0,,,,,,93210.29411764706,79787.0,,,,,,81814.0,79787.0,,,,0,0,1,1
2022,6,30.75121951219512,30.4,31.1,27.621951219512194,26.0,31.0,1008.5902439024392,1008.4,1008.7,False,43.735365853658536,41.5,45.4,166.91463414634146,2.824390243902439,4.4,SAI,28451.535714285714,22491.0,35636.645161290326,29876.0,32948.3870967742,27623.0,79990.0,199065.25,4.0,,,5.0,4.0,,,,,,8.666666666666666,8.636363636363637,,,,,,259.8333333333333,269.3636363636364,,,,,,284.0,279.0,,,,,,98942.0,88109.36363636363,,,,,,80978.0,79990.0,,,,0,0,1,1
2022,6,30.75121951219512,30.4,31.1,27.621951219512194,26.0,31.0,1008.5902439024392,1008.4,1008.7,False,43.735365853658536,41.5,45.4,166.91463414634146,2.824390243902439,4.4,STR,28924.827586206895,22752.0,34873.78125,30556.0,32881.40625,27917.0,81249.0,171637.8,5.0,6.0,,,4.0,,,,11.666666666666666,,,5.6,,,,256.55555555555554,,,272.4,,,,279.0,,,279.0,,,,93019.27777777778,,,94385.0,,,,84081.0,,,81249.0,,,,0,0,1,1
2022,6,30.75121951219512,30.4,31.1,27.621951219512194,26.0,31.0,1008.5902439024392,1008.4,1008.7,False,43.735365853658536,41.5,45.4,166.91463414634146,2.824390243902439,4.4,TSU,26834.076923076922,22680.0,36543.275862068964,30449.0,34011.275862068964,28156.0,81285.0,514624.0,2.0,,,3.0,2.0,,,,,,12.055555555555555,4.0,,,,,,259.6666666666667,264.4,,,,,,282.0,277.0,,,,,,92500.38888888889,105066.2,,,,,,82818.0,81285.0,,,,0,0,1,1
2022,6,30.75121951219512,30.4,31.1,27.621951219512194,26.0,31.0,1008.5902439024392,1008.4,1008.7,False,43.735365853658536,41.5,45.4,166.91463414634146,2.824390243902439,4.4,VER,27501.208333333332,22317.0,35069.333333333336,29956.0,31751.25925925926,27589.0,80006.0,285724.25,4.0,,,5.0,3.0,,,,,,11.647058823529411,3.6666666666666665,,,,,,269.47058823529414,276.3333333333333,,,,,,281.0,279.0,,,,,,88991.23529411765,100479.33333333333,,,,,,80932.0,80006.0,,,,0,0,1,1
2022,6,30.75121951219512,30.4,31.1,27.621951219512194,26.0,31.0,1008.5902439024392,1008.4,1008.7,False,43.735365853658536,41.5,45.4,166.91463414634146,2.824390243902439,4.4,VET,27570.178571428572,22665.0,34767.54838709677,30102.0,32354.935483870966,27936.0,80703.0,301931.6666666667,3.0,,,3.0,4.0,,,,,,9.23076923076923,7.909090909090909,,,,,,269.38461538461536,248.45454545454547,,,,,,279.0,278.0,,,,,,90610.76923076923,91228.72727272728,,,,,,82812.0,80703.0,,,,0,0,1,1
2022,6,30.75121951219512,30.4,31.1,27.621951219512194,26.0,31.0,1008.5902439024392,1008.4,1008.7,False,43.735365853658536,41.5,45.4,166.91463414634146,2.824390243902439,4.4,ZHO,30893.777777777777,22827.0,36202.2,30773.0,33638.73333333333,28200.0,81866.0,177471.6,5.0,,,2.0,6.0,,,,,,6.0,10.214285714285714,,,,,,276.5,252.92857142857142,,,,,,280.0,277.0,,,,,,100137.25,95654.71428571429,,,,,,82967.0,81866.0,,,,0,0,1,1
2022,7,30.626506024096386,30.1,31.1,28.481927710843372,25.0,31.0,1012.7795180722891,1012.4,1013.4,False,50.11927710843373,46.6,53.6,171.72289156626505,1.033734939759036,2.4,ALB,23248.125,19718.0,40771.03125,35108.0,24703.933333333334,19580.0,74486.0,313372.6666666667,3.0,,,4.0,3.0,,,,,,7.2727272727272725,9.588235294117647,,,,,,243.72727272727272,259.94117647058823,,,,,,263.0,267.0,,,,,,93167.27272727272,84132.35294117648,,,,,,75979.0,74486.0,,,,1,0,0,6
2022,7,30.626506024096386,30.1,31.1,28.481927710843372,25.0,31.0,1012.7795180722891,1012.4,1013.4,False,50.11927710843373,46.6,53.6,171.72289156626505,1.033734939759036,2.4,ALO,22981.90322580645,19567.0,40006.22580645161,34862.0,23652.85714285714,19483.0,73912.0,550565.5,2.0,,,1.0,3.0,,,,,,4.0,11.714285714285714,,,,,,260.42857142857144,244.52380952380952,,,,,,265.0,268.0,,,,,,88600.14285714286,84859.57142857143,,,,,,74965.0,73912.0,,,,1,0,0,6
2022,7,30.626506024096386,30.1,31.1,28.481927710843372,25.0,31.0,1012.7795180722891,1012.4,1013.4,False,50.11927710843373,46.6,53.6,171.72289156626505,1.033734939759036,2.4,BOT,25017.5,19678.0,41161.74074074074,34993.0,25191.84,19768.0,74468.0,267294.3333333332,3.0,,,4.0,3.0,,,,,,10.117647058823529,4.0,,,,,,245.88235294117646,262.42857142857144,,,,,,266.0,265.0,,,,,,90994.23529411765,85871.14285714286,,,,,,75709.0,74468.0,,,,1,0,0,6
2022,7,30.626506024096386,30.1,31.1,28.481927710843372,25.0,31.0,1012.7795180722891,1012.4,1013.4,False,50.11927710843373,46.6,53.6,171.72289156626505,1.033734939759036,2.4,GAS,23336.5625,19493.0,40995.709677419356,34503.0,24529.85714285714,19423.0,73636.0,309015.0,3.0,,,4.0,3.0,,,,,,12.047619047619047,4.0,,,,,,246.42857142857142,255.42857142857142,,,,,,268.0,265.0,,,,,,86379.14285714286,92798.28571428571,,,,,,74361.0,73636.0,,,,1,0,0,6
2022,7,30.626506024096386,30.1,31.1,28.481927710843372,25.0,31.0,1012.7795180722891,1012.4,1013.4,False,50.11927710843373,46.6,53.6,171.72289156626505,1.033734939759036,2.4,HAM,24545.96551724138,19310.0,42908.142857142855,34936.0,25733.80769230769,19798.0,74267.0,556018.0,2.0,,,3.0,2.0,,,,,,10.055555555555555,4.0,,,,,,245.94444444444446,251.71428571428572,,,,,,263.0,268.0,,,,,,86309.27777777778,96288.42857142857,,,,,,74713.0,74267.0,,,,1,0,0,6
2022,7,30.626506024096386,30.1,31.1,28.481927710843372,25.0,31.0,1012.7795180722891,1012.4,1013.4,False,50.11927710843373,46.6,53.6,171.72289156626505,1.033734939759036,2.4,LAT,24458.0625,19854.0,41456.8125,35753.0,25681.433333333334,20124.0,76276.0,270494.3333333333,3.0,,,3.0,4.0,,,,,,9.470588235294118,6.666666666666667,,,,,,257.8235294117647,241.25,,,,,,264.0,268.0,,,,,,87525.0,94360.58333333333,,,,,,77296.0,76276.0,,,,1,0,0,6
2022,7,30.626506024096386,30.1,31.1,28.481927710843372,25.0,31.0,1012.7795180722891,1012.4,1013.4,False,50.11927710843373,46.6,53.6,171.72289156626505,1.033734939759036,2.4,LEC,24184.4,19134.0,41462.75862068965,34370.0,27429.703703703704,19104.0,72656.0,232386.6,5.0,6.0,,,5.0,,,,5.444444444444445,,,8.933333333333334,,,,237.11111111111111,,,257.4,,,,267.0,,,268.0,,,,89612.55555555556,,,88434.4,,,,74255.0,,,72656.0,,,,1,0,0,6
2022,7,30.626506024096386,30.1,31.1,28.481927710843372,25.0,31.0,1012.7795180722891,1012.4,1013.4,False,50.11927710843373,46.6,53.6,171.72289156626505,1.033734939759036,2.4,MAG,22728.0,19634.0,41153.25,34813.0,25928.96551724138,19667.0,74239.0,536610.5,2.0,,,1.0,3.0,,,,,,4.5,11.0,,,,,,265.125,260.75,,,,,,271.0,270.0,,,,,,88684.0,86225.05,,,,,,75497.0,74239.0,,,,1,0,0,6
2022,7,30.626506024096386,30.1,31.1,28.481927710843372,25.0,31.0,1012.7795180722891,1012.4,1013.4,False,50.11927710843373,46.6,53.6,171.72289156626505,1.033734939759036,2.4,MSC,22882.40625,19768.0,41740.40625,35211.0,24174.533333333333,19714.0,74894.0,457930.0,2.0,,,3.0,2.0,,,,,,11.05,5.5,,,,,,250.05,267.6,,,,,,268.0,270.0,,,,,,87711.85,88540.7,,,,,,76093.0,74894.0,,,,1,0,0,6
2022,7,30.626506024096386,30.1,31.1,28.481927710843372,25.0,31.0,1012.7795180722891,1012.4,1013.4,False,50.11927710843373,46.6,53.6,171.72289156626505,1.033734939759036,2.4,NOR,24729.041666666668,19326.0,40551.208333333336,34452.0,25592.380952380954,19308.0,73294.0,363889.25,4.0,,,4.0,3.0,,,,,,8.571428571428571,3.0,,,,,,258.7142857142857,265.0,,,,,,267.0,267.0,,,,,,88344.07142857143,92393.2,,,,,,74623.0,73294.0,,,,1,0,0,6
2022,7,30.626506024096386,30.1,31.1,28.481927710843372,25.0,31.0,1012.7795180722891,1012.4,1013.4,False,50.11927710843373,46.6,53.6,171.72289156626505,1.033734939759036,2.4,OCO,22836.117647058825,20084.0,39093.35294117647,35260.0,24296.612903225807,19823.0,75216.0,493339.0,2.0,,,3.0,2.0,,,,,,13.166666666666666,4.0,,,,,,246.0,262.2857142857143,,,,,,264.0,267.0,,,,,,85985.54166666667,84371.14285714286,,,,,,76288.0,75216.0,,,,1,0,0,6
2022,7,30.626506024096386,30.1,31.1,28.481927710843372,25.0,31.0,1012.7795180722891,1012.4,1013.4,False,50.11927710843373,46.6,53.6,171.72289156626505,1.033734939759036,2.4,PER,24443.90322580645,19333.0,42826.86666666667,34404.0,26630.714285714286,19281.0,73035.0,305836.6666666667,3.0,,,4.0,3.0,,,,,,10.294117647058824,5.5,,,,,,243.52941176470588,233.8,,,,,,264.0,266.0,,,,,,91192.94117647059,97355.0,,,,,,74001.0,73035.0,,,,1,0,0,6
2022,7,30.626506024096386,30.1,31.1,28.481927710843372,25.0,31.0,1012.7795180722891,1012.4,1013.4,False,50.11927710843373,46.6,53.6,171.72289156626505,1.033734939759036,2.4,RIC,26030.0,20292.0,39739.0,35611.0,29063.0,29063.0,104698.0,,,,,1.0,,,,,,,1.0,,,,,,,260.0,,,,,,,260.0,,,,,,,104698.0,,,,,,,104698.0,,,,,1,0,0,6
2022,7,30.626506024096386,30.1,31.1,28.481927710843372,25.0,31.0,1012.7795180722891,1012.4,1013.4,False,50.11927710843373,46.6,53.6,171.72289156626505,1.033734939759036,2.4,RUS,23291.645161290322,19445.0,40842.933333333334,34478.0,25942.89285714286,19401.0,73406.0,261386.25,4.0,,,1.0,5.0,,,,,,4.5,11.055555555555555,,,,,,262.875,248.38888888888889,,,,,,264.0,270.0,,,,,,88161.375,86838.33333333333,,,,,,74327.0,73406.0,,,,1,0,0,6
2022,7,30.626506024096386,30.1,31.1,28.481927710843372,25.0,31.0,1012.7795180722891,1012.4,1013.4,False,50.11927710843373,46.6,53.6,171.72289156626505,1.033734939759036,2.4,SAI,23476.612903225807,19312.0,41226.93548387097,34193.0,27894.275862068964,19158.0,72700.0,185245.2,5.0,6.0,,,5.0,,,,6.75,,,8.928571428571429,,,,250.16666666666666,,,262.7142857142857,,,,269.0,,,268.0,,,,89430.0,,,90654.07142857143,,,,74274.0,,,72700.0,,,,1,0,0,6
2022,7,30.626506024096386,30.1,31.1,28.481927710843372,25.0,31.0,1012.7795180722891,1012.4,1013.4,False,50.11927710843373,46.6,53.6,171.72289156626505,1.033734939759036,2.4,STR,25053.137931034482,19703.0,39706.89655172414,35029.0,25915.46153846154,19866.0,74623.0,355268.6666666667,3.0,,,3.0,4.0,,,,,,9.705882352941176,4.875,,,,,,256.88235294117646,241.75,,,,,,264.0,272.0,,,,,,83622.88235294117,97158.125,,,,,,75539.0,74623.0,,,,1,0,0,6
2022,7,30.626506024096386,30.1,31.1,28.481927710843372,25.0,31.0,1012.7795180722891,1012.4,1013.4,False,50.11927710843373,46.6,53.6,171.72289156626505,1.033734939759036,2.4,TSU,24770.37037037037,19517.0,42563.88888888889,34879.0,25696.041666666668,19593.0,74134.0,644322.5,2.0,,,1.0,3.0,,,,,,2.5,10.85,,,,,,260.75,247.7,,,,,,262.0,268.0,,,,,,102911.5,90979.5,,,,,,77772.0,74134.0,,,,1,0,0,6
2022,7,30.626506024096386,30.1,31.1,28.481927710843372,25.0,31.0,1012.7795180722891,1012.4,1013.4,False,50.11927710843373,46.6,53.6,171.72289156626505,1.033734939759036,2.4,VER,22985.727272727272,19310.0,40688.0625,34330.0,25372.833333333332,19318.0,73103.0,306296.9999999998,3.0,,,4.0,3.0,,,,,,8.4,7.857142857142857,,,,,,238.46666666666667,255.0,,,,,,265.0,266.0,,,,,,89924.6,86458.78571428571,,,,,,74255.0,73103.0,,,,1,0,0,6
2022,7,30.626506024096386,30.1,31.1,28.481927710843372,25.0,31.0,1012.7795180722891,1012.4,1013.4,False,50.11927710843373,46.6,53.6,171.72289156626505,1.033734939759036,2.4,VET,22730.935483870966,19547.0,39256.8064516129,34776.0,27656.206896551725,19736.0,74059.0,229689.25,4.0,,,4.0,5.0,,,,,,11.473684210526315,4.875,,,,,,247.8421052631579,226.25,,,,,,264.0,268.0,,,,,,83945.73684210527,95349.75,,,,,,76672.0,74059.0,,,,1,0,0,6
2022,7,30.626506024096386,30.1,31.1,28.481927710843372,25.0,31.0,1012.7795180722891,1012.4,1013.4,False,50.11927710843373,46.6,53.6,171.72289156626505,1.033734939759036,2.4,ZHO,24315.347826086956,19930.0,41340.34782608696,34946.0,26788.761904761905,19649.0,74525.0,215322.50000000023,2.0,,,3.0,2.0,,,,,,7.384615384615385,3.5,,,,,,258.84615384615387,263.6666666666667,,,,,,266.0,265.0,,,,,,85654.84615384616,93362.66666666667,,,,,,75959.0,74525.0,,,,1,0,0,6
2022,8,23.93132530120482,23.3,24.5,52.51807228915663,47.0,58.0,1015.4144578313252,1015.2,1015.7,False,33.4277108433735,30.2,37.0,174.18072289156626,1.3566265060240965,2.2,ALB,43270.545454545456,37278.0,50411.846153846156,42812.0,29343.076923076922,26150.0,106397.0,231436.0,1.0,,,1.0,2.0,,,,,,4.0,3.5,,,,,,320.8,317.25,,,,,,326.0,320.0,,,,,,120905.0,123142.25,,,,,,107416.0,106397.0,,,,0,0,0,9
2022,8,23.93132530120482,23.3,24.5,52.51807228915663,47.0,58.0,1015.4144578313252,1015.2,1015.7,False,33.4277108433735,30.2,37.0,174.18072289156626,1.3566265060240965,2.2,ALO,42731.31578947369,36662.0,47971.22727272727,42226.0,28770.454545454544,25254.0,104142.0,579992.0,2.0,,,3.0,2.0,,,,,,9.538461538461538,3.0,,,,,,299.61538461538464,334.6666666666667,,,,,,337.0,337.0,,,,,,114417.46153846153,114148.33333333333,,,,,,104928.0,104142.0,,,,0,0,0,9
2022,8,23.93132530120482,23.3,24.5,52.51807228915663,47.0,58.0,1015.4144578313252,1015.2,1015.7,False,33.4277108433735,30.2,37.0,174.18072289156626,1.3566265060240965,2.2,BOT,43834.90909090909,36783.0,48166.8,42278.0,28617.12,25900.0,105115.0,284429.66666666657,3.0,,,1.0,4.0,,,,,,4.5,8.5,,,,,,320.1666666666667,290.5,,,,,,326.0,322.0,,,,,,116753.33333333333,114603.16666666667,,,,,,105858.0,105115.0,,,,0,0,0,9
2022,8,23.93132530120482,23.3,24.5,52.51807228915663,47.0,58.0,1015.4144578313252,1015.2,1015.7,False,33.4277108433735,30.2,37.0,174.18072289156626,1.3566265060240965,2.2,GAS,44500.217391304344,36407.0,48176.807692307695,41907.0,28283.30769230769,25818.0,104315.0,350560.0,2.0,,,1.0,3.0,,,,,,5.0,8.833333333333334,,,,,,325.42857142857144,321.6666666666667,,,,,,328.0,336.0,,,,,,118839.14285714286,114479.25,,,,,,105196.0,104315.0,,,,0,0,0,9
2022,8,23.93132530120482,23.3,24.5,52.51807228915663,47.0,58.0,1015.4144578313252,1015.2,1015.7,False,33.4277108433735,30.2,37.0,174.18072289156626,1.3566265060240965,2.2,HAM,42100.818181818184,36683.0,49091.0,41857.0,28428.68,26001.0,104874.0,458662.0,2.0,,,3.0,2.0,,,,,,10.333333333333334,3.5,,,,,,287.8666666666667,320.75,,,,,,332.0,327.0,,,,,,117465.93333333333,117671.75,,,,,,106184.0,104874.0,,,,0,0,0,9
2022,8,23.93132530120482,23.3,24.5,52.51807228915663,47.0,58.0,1015.4144578313252,1015.2,1015.7,False,33.4277108433735,30.2,37.0,174.18072289156626,1.3566265060240965,2.2,LAT,46719.086956521736,37665.0,50499.153846153844,43392.0,29806.846153846152,25781.0,107218.0,156628.5,4.0,,,5.0,2.0,,,,,,9.0,4.0,,,,,,315.0833333333333,319.2,,,,,,324.0,323.0,,,,,,115611.0,120047.8,,,,,,107806.0,107218.0,,,,0,0,0,9
2022,8,23.93132530120482,23.3,24.5,52.51807228915663,47.0,58.0,1015.4144578313252,1015.2,1015.7,False,33.4277108433735,30.2,37.0,174.18072289156626,1.3566265060240965,2.2,LEC,46681.0,36138.0,52692.125,41367.0,29081.291666666668,25417.0,103224.0,202548.5,4.0,,,2.0,5.0,,,,,,4.0,9.11111111111111,,,,,,325.5,310.77777777777777,,,,,,335.0,327.0,,,,,,117453.5,113620.33333333333,,,,,,103806.0,103224.0,,,,0,0,0,9
2022,8,23.93132530120482,23.3,24.5,52.51807228915663,47.0,58.0,1015.4144578313252,1015.2,1015.7,False,33.4277108433735,30.2,37.0,174.18072289156626,1.3566265060240965,2.2,MAG,42308.86956521739,37190.0,48850.96153846154,42324.0,28210.576923076922,25894.0,105588.0,407694.0,2.0,,,3.0,2.0,,,,,,9.076923076923077,5.0,,,,,,296.9230769230769,319.0,,,,,,331.0,322.0,,,,,,114139.15384615384,120237.14285714286,,,,,,106449.0,105588.0,,,,0,0,0,9
2022,8,23.93132530120482,23.3,24.5,52.51807228915663,47.0,58.0,1015.4144578313252,1015.2,1015.7,False,33.4277108433735,30.2,37.0,174.18072289156626,1.3566265060240965,2.2,MSC,43749.6875,37357.0,51521.95238095238,43016.0,29866.238095238095,25862.0,106425.0,384115.3333333333,3.0,,,1.0,4.0,,,,,,5.5,6.8,,,,,,315.75,264.8,,,,,,329.0,324.0,,,,,,121335.5,120195.4,,,,,,107914.0,106425.0,,,,0,0,0,9
2022,8,23.93132530120482,23.3,24.5,52.51807228915663,47.0,58.0,1015.4144578313252,1015.2,1015.7,False,33.4277108433735,30.2,37.0,174.18072289156626,1.3566265060240965,2.2,NOR,45302.95,36572.0,47949.82608695652,41928.0,29069.260869565216,26271.0,104771.0,356537.6666666667,3.0,4.0,,,3.0,,,,5.833333333333333,,,7.555555555555555,,,,267.1666666666667,,,302.44444444444446,,,,315.0,,,320.0,,,,126865.16666666667,,,114341.55555555556,,,,106737.0,,,104771.0,,,,0,0,0,9
2022,8,23.93132530120482,23.3,24.5,52.51807228915663,47.0,58.0,1015.4144578313252,1015.2,1015.7,False,33.4277108433735,30.2,37.0,174.18072289156626,1.3566265060240965,2.2,OCO,43814.0,36727.0,48518.166666666664,42380.0,28220.708333333332,25502.0,104609.0,488533.5,2.0,,,1.0,3.0,,,,,,4.0,9.0,,,,,,336.2,317.8333333333333,,,,,,342.0,333.0,,,,,,121635.6,111816.83333333333,,,,,,106047.0,104609.0,,,,0,0,0,9
2022,8,23.93132530120482,23.3,24.5,52.51807228915663,47.0,58.0,1015.4144578313252,1015.2,1015.7,False,33.4277108433735,30.2,37.0,174.18072289156626,1.3566265060240965,2.2,PER,45994.47368421053,36157.0,52515.77272727273,41675.0,29502.0,25640.0,103472.0,478979.0,2.0,,,3.0,2.0,,,,,,9.4,2.0,,,,,,321.3,332.0,,,,,,333.0,332.0,,,,,,109830.2,103472.0,,,,,,103931.0,103472.0,,,,0,0,0,9
2022,8,23.93132530120482,23.3,24.5,52.51807228915663,47.0,58.0,1015.4144578313252,1015.2,1015.7,False,33.4277108433735,30.2,37.0,174.18072289156626,1.3566265060240965,2.2,RIC,43322.181818181816,36801.0,48299.68,42136.0,29129.88,26122.0,105059.0,311195.33333333343,3.0,4.0,,,3.0,,,,9.0,,,4.0,,,,294.2857142857143,,,309.75,,,,318.0,,,313.0,,,,119690.57142857143,,,115715.25,,,,107003.0,,,105059.0,,,,0,0,0,9
2022,8,23.93132530120482,23.3,24.5,52.51807228915663,47.0,58.0,1015.4144578313252,1015.2,1015.7,False,33.4277108433735,30.2,37.0,174.18072289156626,1.3566265060240965,2.2,RUS,43750.782608695656,36592.0,47836.88461538462,41893.0,29177.076923076922,26063.0,104548.0,266158.6666666667,3.0,,,4.0,2.0,,,,,,10.647058823529411,2.5,,,,,,312.5882352941176,315.5,,,,,,325.0,316.0,,,,,,115363.58823529411,117402.5,,,,,,105961.0,104548.0,,,,0,0,0,9
2022,8,23.93132530120482,23.3,24.5,52.51807228915663,47.0,58.0,1015.4144578313252,1015.2,1015.7,False,33.4277108433735,30.2,37.0,174.18072289156626,1.3566265060240965,2.2,SAI,45324.454545454544,36188.0,51740.44,41319.0,29146.32,25618.0,104274.0,264297.00000000006,3.0,,,4.0,3.0,,,,,,10.615384615384615,3.6666666666666665,,,,,,290.6923076923077,276.0,,,,,,328.0,321.0,,,,,,117569.23076923077,130053.66666666667,,,,,,104274.0,107819.0,,,,0,0,0,9
2022,8,23.93132530120482,23.3,24.5,52.51807228915663,47.0,58.0,1015.4144578313252,1015.2,1015.7,False,33.4277108433735,30.2,37.0,174.18072289156626,1.3566265060240965,2.2,STR,43331.30434782609,36862.0,49948.42307692308,42200.0,28683.73076923077,25812.0,104874.0,257563.33333333334,3.0,,,4.0,2.0,,,,,,9.6,3.5,,,,,,313.8,319.5,,,,,,331.0,326.0,,,,,,116744.66666666667,123758.5,,,,,,106428.0,104874.0,,,,0,0,0,9
2022,8,23.93132530120482,23.3,24.5,52.51807228915663,47.0,58.0,1015.4144578313252,1015.2,1015.7,False,33.4277108433735,30.2,37.0,174.18072289156626,1.3566265060240965,2.2,TSU,43528.76190476191,36565.0,48400.666666666664,42042.0,29160.583333333332,25859.0,104567.0,435475.0,2.0,,,3.0,2.0,,,,,,9.785714285714286,3.5,,,,,,306.2142857142857,327.0,,,,,,335.0,328.0,,,,,,116487.42857142857,124263.25,,,,,,105029.0,104567.0,,,,0,0,0,9
2022,8,23.93132530120482,23.3,24.5,52.51807228915663,47.0,58.0,1015.4144578313252,1015.2,1015.7,False,33.4277108433735,30.2,37.0,174.18072289156626,1.3566265060240965,2.2,VER,43459.066666666666,36262.0,49809.833333333336,41613.0,30491.166666666668,25544.0,103580.0,550979.0000000002,2.0,,,1.0,3.0,,,,,,4.0,5.5,,,,,,329.8,305.6666666666667,,,,,,332.0,333.0,,,,,,117483.0,115917.33333333333,,,,,,103836.0,103580.0,,,,0,0,0,9
2022,8,23.93132530120482,23.3,24.5,52.51807228915663,47.0,58.0,1015.4144578313252,1015.2,1015.7,False,33.4277108433735,30.2,37.0,174.18072289156626,1.3566265060240965,2.2,VET,44181.708333333336,36826.0,48403.81481481482,42071.0,28580.25925925926,25766.0,104781.0,246782.66666666666,3.0,,,3.0,4.0,,,,,,9.076923076923077,5.0,,,,,,315.0769230769231,318.6666666666667,,,,,,326.0,331.0,,,,,,115228.61538461539,118045.83333333333,,,,,,105943.0,104781.0,,,,0,0,0,9
2022,8,23.93132530120482,23.3,24.5,52.51807228915663,47.0,58.0,1015.4144578313252,1015.2,1015.7,False,33.4277108433735,30.2,37.0,174.18072289156626,1.3566265060240965,2.2,ZHO,45824.47619047619,36760.0,48887.625,42350.0,29149.541666666668,25984.0,105264.0,250875.5,4.0,,,5.0,3.0,,,,,,8.090909090909092,4.5,,,,,,291.72727272727275,319.1666666666667,,,,,,329.0,325.0,,,,,,120098.81818181818,114789.83333333333,,,,,,106103.0,105264.0,,,,0,0,0,9
2022,9,26.083950617283953,25.2,26.9,40.39506172839506,34.0,46.0,995.1740740740742,995.0,995.5,False,38.46666666666667,34.9,43.3,160.08641975308643,1.9012345679012346,4.1,ALB,26059.366666666665,21317.0,28126.266666666666,24511.0,35927.37037037037,30333.0,76171.0,376709.0,3.0,,,4.0,2.0,,,,,,10.68421052631579,4.0,,,,,,272.2631578947368,277.57142857142856,,,,,,288.0,288.0,,,,,,86288.68421052632,93616.0,,,,,,77297.0,76171.0,,,,0,0,1,0
2022,9,26.083950617283953,25.2,26.9,40.39506172839506,34.0,46.0,995.1740740740742,995.0,995.5,False,38.46666666666667,34.9,43.3,160.08641975308643,1.9012345679012346,4.1,ALO,25016.0,20736.0,27658.708333333332,23952.0,34468.23809523809,29842.0,74543.0,561592.0,2.0,3.0,,,2.0,,,,5.0,,,3.5,,,,272.3333333333333,,,288.0,,,,276.0,,,290.0,,,,81330.33333333333,,,90555.33333333333,,,,77877.0,,,74543.0,,,,0,0,1,0
2022,9,26.083950617283953,25.2,26.9,40.39506172839506,34.0,46.0,995.1740740740742,995.0,995.5,False,38.46666666666667,34.9,43.3,160.08641975308643,1.9012345679012346,4.1,BOT,29183.0,26408.0,32914.333333333336,27126.0,,,,613401.0,2.0,,,,,,,,,,,,,,,,,,,,,,,,,,,,,,,,,,,,,,,,,,,0,0,1,0
2022,9,26.083950617283953,25.2,26.9,40.39506172839506,34.0,46.0,995.1740740740742,995.0,995.5,False,38.46666666666667,34.9,43.3,160.08641975308643,1.9012345679012346,4.1,GAS,25925.5,20825.0,28376.558823529413,24111.0,35663.58064516129,29943.0,74879.0,392410.5,2.0,,,3.0,2.0,,,,,,14.115384615384615,3.0,,,,,,275.8076923076923,264.8,,,,,,291.0,289.0,,,,,,88691.07692307692,95136.4,,,,,,75854.0,74879.0,,,,0,0,1,0
2022,9,26.083950617283953,25.2,26.9,40.39506172839506,34.0,46.0,995.1740740740742,995.0,995.5,False,38.46666666666667,34.9,43.3,160.08641975308643,1.9012345679012346,4.1,HAM,25621.0,20911.0,27482.2,24318.0,37718.76190476191,30028.0,75421.0,205172.2,5.0,,,6.0,2.0,,,,,,8.857142857142858,3.0,,,,,,254.64285714285714,288.2,,,,,,289.0,290.0,,,,,,89254.5,88364.8,,,,,,75574.0,75421.0,,,,0,0,1,0
2022,9,26.083950617283953,25.2,26.9,40.39506172839506,34.0,46.0,995.1740740740742,995.0,995.5,False,38.46666666666667,34.9,43.3,160.08641975308643,1.9012345679012346,4.1,LAT,26170.74074074074,21558.0,28110.333333333332,24743.0,36154.833333333336,30208.0,76509.0,455999.0,3.0,,,4.0,2.0,,,,,,10.68421052631579,2.5,,,,,,264.36842105263156,277.75,,,,,,288.0,290.0,,,,,,87279.63157894737,90551.25,,,,,,77890.0,76509.0,,,,0,0,1,0
2022,9,26.083950617283953,25.2,26.9,40.39506172839506,34.0,46.0,995.1740740740742,995.0,995.5,False,38.46666666666667,34.9,43.3,160.08641975308643,1.9012345679012346,4.1,LEC,25737.09375,20674.0,27497.09375,23797.0,36964.41379310345,29730.0,74208.0,278177.3333333333,3.0,,,,4.0,,,,,,,8.392857142857142,,,,,,,268.10714285714283,,,,,,,287.0,,,,,,,90494.75,,,,,,,74208.0,,,,0,0,1,0
2022,9,26.083950617283953,25.2,26.9,40.39506172839506,34.0,46.0,995.1740740740742,995.0,995.5,False,38.46666666666667,34.9,43.3,160.08641975308643,1.9012345679012346,4.1,MAG,24088.058823529413,20970.0,26788.264705882353,24290.0,35666.48387096774,30164.0,75499.0,447126.0,2.0,3.0,,,2.0,,,,12.478260869565217,,,4.5,,,,270.7826086956522,,,281.75,,,,290.0,,,288.0,,,,85977.78260869565,,,88410.125,,,,76339.0,,,75499.0,,,,0,0,1,0
2022,9,26.083950617283953,25.2,26.9,40.39506172839506,34.0,46.0,995.1740740740742,995.0,995.5,False,38.46666666666667,34.9,43.3,160.08641975308643,1.9012345679012346,4.1,MSC,24931.542857142857,21114.0,27701.485714285714,24259.0,34925.5625,30137.0,75516.0,394684.5,2.0,1.0,,,3.0,,,,6.5,,,11.15,,,,286.9166666666667,,,265.5,,,,292.0,,,285.0,,,,87858.58333333333,,,86742.7,,,,76715.0,,,75516.0,,,,0,0,1,0
2022,9,26.083950617283953,25.2,26.9,40.39506172839506,34.0,46.0,995.1740740740742,995.0,995.5,False,38.46666666666667,34.9,43.3,160.08641975308643,1.9012345679012346,4.1,NOR,23787.966666666667,20665.0,27830.866666666665,24131.0,34850.88888888889,30175.0,74987.0,323622.6666666667,3.0,,,3.0,4.0,,,,,,9.529411764705882,5.111111111111111,,,,,,277.70588235294116,272.8888888888889,,,,,,286.0,289.0,,,,,,84016.0,90411.44444444444,,,,,,75933.0,74987.0,,,,0,0,1,0
2022,9,26.083950617283953,25.2,26.9,40.39506172839506,34.0,46.0,995.1740740740742,995.0,995.5,False,38.46666666666667,34.9,43.3,160.08641975308643,1.9012345679012346,4.1,OCO,24785.15625,20908.0,28587.71875,24168.0,36220.137931034486,29955.0,75119.0,350043.6666666667,3.0,3.0,,,4.0,,,,5.0,,,5.631578947368421,,,,272.77777777777777,,,278.7368421052632,,,,281.0,,,290.0,,,,79842.88888888889,,,93441.1052631579,,,,78386.0,,,75119.0,,,,0,0,1,0
2022,9,26.083950617283953,25.2,26.9,40.39506172839506,34.0,46.0,995.1740740740742,995.0,995.5,False,38.46666666666667,34.9,43.3,160.08641975308643,1.9012345679012346,4.1,PER,25059.103448275862,20983.0,29350.379310344826,24110.0,36526.0,29956.0,75167.0,573493.5,2.0,,,3.0,2.0,,,,,,11.619047619047619,3.0,,,,,,266.7142857142857,279.4,,,,,,289.0,290.0,,,,,,89204.38095238095,100636.8,,,,,,75674.0,75167.0,,,,0,0,1,0
2022,9,26.083950617283953,25.2,26.9,40.39506172839506,34.0,46.0,995.1740740740742,995.0,995.5,False,38.46666666666667,34.9,43.3,160.08641975308643,1.9012345679012346,4.1,RIC,25638.09677419355,20851.0,28268.1935483871,23945.0,36710.0,30237.0,75033.0,304695.0,3.0,,,3.0,4.0,,,,,,11.0,4.428571428571429,,,,,,277.35,254.42857142857142,,,,,,289.0,289.0,,,,,,88306.05,97804.71428571429,,,,,,75816.0,75033.0,,,,0,0,1,0
2022,9,26.083950617283953,25.2,26.9,40.39506172839506,34.0,46.0,995.1740740740742,995.0,995.5,False,38.46666666666667,34.9,43.3,160.08641975308643,1.9012345679012346,4.1,RUS,24349.225806451614,20796.0,27137.612903225807,24085.0,35383.107142857145,30090.0,74971.0,287229.6666666667,3.0,,,4.0,2.0,,,,,,12.227272727272727,3.0,,,,,,271.27272727272725,284.4,,,,,,286.0,287.0,,,,,,83799.45454545454,91696.0,,,,,,76029.0,74971.0,,,,0,0,1,0
2022,9,26.083950617283953,25.2,26.9,40.39506172839506,34.0,46.0,995.1740740740742,995.0,995.5,False,38.46666666666667,34.9,43.3,160.08641975308643,1.9012345679012346,4.1,SAI,26071.09375,20763.0,27853.59375,23801.0,37466.34482758621,29782.0,74352.0,235051.75,4.0,,,5.0,4.0,,,,,,8.9375,7.454545454545454,,,,,,270.5625,278.1818181818182,,,,,,288.0,286.0,,,,,,91018.1875,88580.09090909091,,,,,,74987.0,74352.0,,,,0,0,1,0
2022,9,26.083950617283953,25.2,26.9,40.39506172839506,34.0,46.0,995.1740740740742,995.0,995.5,False,38.46666666666667,34.9,43.3,160.08641975308643,1.9012345679012346,4.1,STR,24633.470588235294,20940.0,27591.764705882353,24126.0,36141.354838709674,30176.0,75396.0,229333.75,4.0,,,5.0,4.0,,,,,,5.333333333333333,9.35,,,,,,263.3333333333333,275.25,,,,,,289.0,290.0,,,,,,93613.44444444444,84317.1,,,,,,76536.0,75396.0,,,,0,0,1,0
2022,9,26.083950617283953,25.2,26.9,40.39506172839506,34.0,46.0,995.1740740740742,995.0,995.5,False,38.46666666666667,34.9,43.3,160.08641975308643,1.9012345679012346,4.1,TSU,25033.108108108107,21130.0,28350.62162162162,24215.0,35491.94117647059,30116.0,75567.0,132316.25,4.0,,,4.0,5.0,,,,,,10.11111111111111,8.571428571428571,,,,,,279.72222222222223,257.7142857142857,,,,,,291.0,295.0,,,,,,86294.94444444444,91437.35714285714,,,,,,75993.0,75567.0,,,,0,0,1,0
2022,9,26.083950617283953,25.2,26.9,40.39506172839506,34.0,46.0,995.1740740740742,995.0,995.5,False,38.46666666666667,34.9,43.3,160.08641975308643,1.9012345679012346,4.1,VER,24774.666666666668,20620.0,27797.030303030304,23811.0,36115.23333333333,29616.0,74127.0,311557.0,3.0,,,4.0,2.0,,,,,,14.36,2.5,,,,,,275.16,261.25,,,,,,291.0,291.0,,,,,,87104.76,89178.25,,,,,,74532.0,74127.0,,,,0,0,1,0
2022,9,26.083950617283953,25.2,26.9,40.39506172839506,34.0,46.0,995.1740740740742,995.0,995.5,False,38.46666666666667,34.9,43.3,160.08641975308643,1.9012345679012346,4.1,VET,24871.285714285714,20762.0,27269.685714285715,23844.0,37183.5625,29836.0,74442.0,205092.24999999988,4.0,,,4.0,5.0,,,,,,8.071428571428571,6.4375,,,,,,275.07142857142856,253.75,,,,,,287.0,290.0,,,,,,84869.28571428571,91017.125,,,,,,76633.0,74442.0,,,,0,0,1,0
2022,9,26.083950617283953,25.2,26.9,40.39506172839506,34.0,46.0,995.1740740740742,995.0,995.5,False,38.46666666666667,34.9,43.3,160.08641975308643,1.9012345679012346,4.1,ZHO,25248.612903225807,20992.0,27580.90322580645,24258.0,37102.357142857145,30276.0,75526.0,283790.75,4.0,,,5.0,3.0,,,,,,11.31578947368421,4.0,,,,,,267.1578947368421,264.42857142857144,,,,,,287.0,284.0,,,,,,87499.05263157895,88788.28571428571,,,,,,76089.0,75526.0,,,,0,0,1,0
2022,10,18.78148148148148,17.9,19.9,50.074074074074076,43.0,54.0,998.8506172839506,998.4,999.2,False,30.346913580246913,28.8,32.5,242.53086419753086,4.01358024691358,6.5,ALB,38792.833333333336,28574.0,45619.78571428572,36856.0,30771.571428571428,24754.0,90263.0,397092.0,2.0,,,,3.0,,,,,,,4.0,,,,,,,241.33333333333334,,,,,,,250.0,,,,,,,107233.66666666667,,,,,,,90263.0,,,,0,0,0,1
2022,10,18.78148148148148,17.9,19.9,50.074074074074076,43.0,54.0,998.8506172839506,998.4,999.2,False,30.346913580246913,28.8,32.5,242.53086419753086,4.01358024691358,6.5,ALO,34164.375,28700.0,43197.15789473684,36295.0,32182.105263157893,24700.0,89695.0,879416.5,2.0,,,3.0,2.0,,,,,,2.0,4.583333333333333,,,,,,75.0,242.41666666666666,,,,,,75.0,251.0,,,,,,116983.0,104686.58333333333,,,,,,116983.0,89695.0,,,,0,0,0,1
2022,10,18.78148148148148,17.9,19.9,50.074074074074076,43.0,54.0,998.8506172839506,998.4,999.2,False,30.346913580246913,28.8,32.5,242.53086419753086,4.01358024691358,6.5,BOT,34840.653846153844,28937.0,41015.8275862069,36377.0,28381.51724137931,24682.0,90000.0,243648.75,4.0,5.0,,,3.0,,,,9.666666666666666,,,5.571428571428571,,,,232.86666666666667,,,248.85714285714286,,,,250.0,,,250.0,,,,100874.33333333333,,,107046.28571428571,,,,91740.0,,,90000.0,,,,0,0,0,1
2022,10,18.78148148148148,17.9,19.9,50.074074074074076,43.0,54.0,998.8506172839506,998.4,999.2,False,30.346913580246913,28.8,32.5,242.53086419753086,4.01358024691358,6.5,GAS,32300.52,28946.0,41769.57142857143,36699.0,28520.571428571428,24865.0,90510.0,503081.0,2.0,3.0,,,2.0,,,,10.823529411764707,,,4.0,,,,233.7058823529412,,,246.8,,,,248.0,,,250.0,,,,99799.17647058824,,,104429.8,,,,91937.0,,,90510.0,,,,0,0,0,1
2022,10,18.78148148148148,17.9,19.9,50.074074074074076,43.0,54.0,998.8506172839506,998.4,999.2,False,30.346913580246913,28.8,32.5,242.53086419753086,4.01358024691358,6.5,HAM,33885.72222222222,28702.0,40994.52380952381,36044.0,27987.571428571428,24359.0,89105.0,860347.5,2.0,,,3.0,2.0,,,,,,8.923076923076923,2.5,,,,,,230.84615384615384,249.5,,,,,,250.0,252.0,,,,,,99186.61538461539,93079.0,,,,,,90416.0,89105.0,,,,0,0,0,1
2022,10,18.78148148148148,17.9,19.9,50.074074074074076,43.0,54.0,998.8506172839506,998.4,999.2,False,30.346913580246913,28.8,32.5,242.53086419753086,4.01358024691358,6.5,LAT,34695.375,28758.0,42836.96296296296,37090.0,31145.25925925926,25050.0,91326.0,303816.0,3.0,,,3.0,4.0,,,,,,5.5,5.0,,,,,,243.625,230.25,,,,,,245.0,251.0,,,,,,95918.125,115929.91666666667,,,,,,94860.0,91326.0,,,,0,0,0,1
2022,10,18.78148148148148,17.9,19.9,50.074074074074076,43.0,54.0,998.8506172839506,998.4,999.2,False,30.346913580246913,28.8,32.5,242.53086419753086,4.01358024691358,6.5,LEC,34777.59090909091,28616.0,43060.92,36043.0,31406.72,24393.0,89404.0,370932.0,3.0,,,4.0,3.0,,,,,,10.066666666666666,3.5,,,,,,234.53333333333333,250.0,,,,,,250.0,251.0,,,,,,105238.8,108184.5,,,,,,89462.0,89404.0,,,,0,0,0,1
2022,10,18.78148148148148,17.9,19.9,50.074074074074076,43.0,54.0,998.8506172839506,998.4,999.2,False,30.346913580246913,28.8,32.5,242.53086419753086,4.01358024691358,6.5,MAG,33372.5,28709.0,43163.07407407407,36928.0,29433.37037037037,24701.0,90480.0,490882.0,2.0,1.0,,,3.0,,,,5.0,,,9.785714285714286,,,,246.14285714285714,,,230.35714285714286,,,,247.0,,,249.0,,,,101911.57142857143,,,103895.42857142857,,,,92095.0,,,90480.0,,,,0,0,0,1
2022,10,18.78148148148148,17.9,19.9,50.074074074074076,43.0,54.0,998.8506172839506,998.4,999.2,False,30.346913580246913,28.8,32.5,242.53086419753086,4.01358024691358,6.5,MSC,33066.57692307692,28811.0,41538.137931034486,36766.0,28910.344827586207,24668.0,90609.0,455573.0,2.0,,,3.0,2.0,,,,,,11.722222222222221,4.0,,,,,,232.11111111111111,247.4,,,,,,249.0,249.0,,,,,,99886.16666666667,103174.6,,,,,,91762.0,90609.0,,,,0,0,0,1
2022,10,18.78148148148148,17.9,19.9,50.074074074074076,43.0,54.0,998.8506172839506,998.4,999.2,False,30.346913580246913,28.8,32.5,242.53086419753086,4.01358024691358,6.5,NOR,31935.04,28481.0,42397.1724137931,36173.0,28915.724137931036,24464.0,89118.0,318881.0,3.0,4.0,,,2.0,,,,12.7,,,2.5,,,,235.45,,,249.5,,,,249.0,,,250.0,,,,101340.3,,,112700.0,,,,91325.0,,,89118.0,,,,0,0,0,1
2022,10,18.78148148148148,17.9,19.9,50.074074074074076,43.0,54.0,998.8506172839506,998.4,999.2,False,30.346913580246913,28.8,32.5,242.53086419753086,4.01358024691358,6.5,OCO,34847.2,28896.0,45492.833333333336,36535.0,30005.5,24677.0,90238.0,1376025.0,1.0,,,,2.0,,,,,,,3.625,,,,,,,247.625,,,,,,,250.0,,,,,,,107459.25,,,,,,,90238.0,,,,0,0,0,1
2022,10,18.78148148148148,17.9,19.9,50.074074074074076,43.0,54.0,998.8506172839506,998.4,999.2,False,30.346913580246913,28.8,32.5,242.53086419753086,4.01358024691358,6.5,PER,37527.142857142855,28795.0,44210.529411764706,36374.0,30589.647058823528,24584.0,89753.0,420918.0,4.0,,,3.0,5.0,,,,,,5.6,4.333333333333333,,,,,,245.4,242.66666666666666,,,,,,247.0,246.0,,,,,,110282.8,93769.0,,,,,,90095.0,89753.0,,,,0,0,0,1
2022,10,18.78148148148148,17.9,19.9,50.074074074074076,43.0,54.0,998.8506172839506,998.4,999.2,False,30.346913580246913,28.8,32.5,242.53086419753086,4.01358024691358,6.5,RIC,34564.82608695652,28720.0,42618.96153846154,36512.0,28969.19230769231,24670.0,89902.0,567629.5,2.0,1.0,,,3.0,,,,5.5,,,9.454545454545455,,,,246.5,,,227.45454545454547,,,,249.0,,,251.0,,,,105769.75,,,99197.90909090909,,,,91440.0,,,89902.0,,,,0,0,0,1
2022,10,18.78148148148148,17.9,19.9,50.074074074074076,43.0,54.0,998.8506172839506,998.4,999.2,False,30.346913580246913,28.8,32.5,242.53086419753086,4.01358024691358,6.5,RUS,33976.61538461538,28568.0,41472.24137931035,36605.0,28462.58620689655,24585.0,89799.0,241834.25,4.0,4.0,,,5.0,,,,8.5,,,7.0,,,,244.33333333333334,,,227.33333333333334,,,,249.0,,,252.0,,,,97175.66666666667,,,105612.77777777778,,,,92029.0,,,89799.0,,,,0,0,0,1
2022,10,18.78148148148148,17.9,19.9,50.074074074074076,43.0,54.0,998.8506172839506,998.4,999.2,False,30.346913580246913,28.8,32.5,242.53086419753086,4.01358024691358,6.5,SAI,34782.08,28439.0,42426.17857142857,36084.0,28539.35714285714,24294.0,88942.0,247927.50000000006,4.0,,,5.0,4.0,,,,,,7.181818181818182,8.222222222222221,,,,,,230.8181818181818,244.88888888888889,,,,,,250.0,251.0,,,,,,108399.90909090909,98499.88888888889,,,,,,89543.0,88942.0,,,,0,0,0,1
2022,10,18.78148148148148,17.9,19.9,50.074074074074076,43.0,54.0,998.8506172839506,998.4,999.2,False,30.346913580246913,28.8,32.5,242.53086419753086,4.01358024691358,6.5,STR,36124.333333333336,28590.0,45663.882352941175,36529.0,29943.70588235294,24675.0,89942.0,547087.0,1.0,,,1.0,2.0,,,,,,5.5,4.0,,,,,,246.5,248.0,,,,,,248.0,249.0,,,,,,107687.375,90098.33333333333,,,,,,91440.0,89942.0,,,,0,0,0,1
2022,10,18.78148148148148,17.9,19.9,50.074074074074076,43.0,54.0,998.8506172839506,998.4,999.2,False,30.346913580246913,28.8,32.5,242.53086419753086,4.01358024691358,6.5,TSU,33653.5,28676.0,42469.03448275862,36715.0,28902.931034482757,24947.0,90338.0,408585.5000000001,2.0,,,1.0,3.0,,,,,,6.0,9.785714285714286,,,,,,246.77777777777777,231.92857142857142,,,,,,249.0,251.0,,,,,,107216.55555555556,100426.57142857143,,,,,,91383.0,90338.0,,,,0,0,0,1
2022,10,18.78148148148148,17.9,19.9,50.074074074074076,43.0,54.0,998.8506172839506,998.4,999.2,False,30.346913580246913,28.8,32.5,242.53086419753086,4.01358024691358,6.5,VER,33624.73333333333,28599.0,45618.88888888889,36105.0,32248.055555555555,24445.0,89149.0,950618.5,2.0,,,1.0,3.0,,,,,,4.5,5.6,,,,,,246.83333333333334,242.0,,,,,,248.0,246.0,,,,,,112101.16666666667,92873.4,,,,,,89885.0,89149.0,,,,0,0,0,1
2022,10,18.78148148148148,17.9,19.9,50.074074074074076,43.0,54.0,998.8506172839506,998.4,999.2,False,30.346913580246913,28.8,32.5,242.53086419753086,4.01358024691358,6.5,VET,33760.64705882353,28766.0,42752.9,36607.0,29208.3,24592.0,90057.0,910709.5,2.0,1.0,,,3.0,,,,5.5,,,6.166666666666667,,,,247.625,,,215.5,,,,250.0,,,250.0,,,,98235.0,,,105581.33333333333,,,,92091.0,,,90057.0,,,,0,0,0,1
2022,10,18.78148148148148,17.9,19.9,50.074074074074076,43.0,54.0,998.8506172839506,998.4,999.2,False,30.346913580246913,28.8,32.5,242.53086419753086,4.01358024691358,6.5,ZHO,34226.75,28923.0,43753.74074074074,36589.0,30040.962962962964,24759.0,90271.0,341615.3333333333,3.0,,,4.0,2.0,,,,,,8.615384615384615,5.5,,,,,,227.53846153846155,247.625,,,,,,249.0,249.0,,,,,,105489.69230769231,106852.5,,,,,,92611.0,90271.0,,,,0,0,0,1
2022,11,19.825925925925926,19.1,20.6,42.22222222222222,38.0,45.0,945.2802469135802,945.0,945.7,False,34.48888888888889,31.3,37.9,90.39506172839506,1.7469135802469136,3.9,ALB,19957.516129032258,17529.0,31664.79411764706,31026.0,22869.558823529413,21054.0,69740.0,232602.5,4.0,,,3.0,5.0,,,,,,10.0,10.272727272727273,,,,,,272.2,254.72727272727272,,,,,,274.0,275.0,,,,,,70041.13333333333,73381.54545454546,,,,,,69740.0,69975.0,,,,0,0,0,0
2022,11,19.825925925925926,19.1,20.6,42.22222222222222,38.0,45.0,945.2802469135802,945.0,945.7,False,34.48888888888889,31.3,37.9,90.39506172839506,1.7469135802469136,3.9,ALO,21297.894736842107,17149.0,32470.285714285714,30509.0,24520.333333333332,20873.0,68832.0,230278.0,3.0,,,4.0,1.0,,,,,,10.642857142857142,5.5,,,,,,256.2142857142857,269.5,,,,,,279.0,270.0,,,,,,77333.14285714286,69441.0,,,,,,68832.0,69395.0,,,,0,0,0,0
2022,11,19.825925925925926,19.1,20.6,42.22222222222222,38.0,45.0,945.2802469135802,945.0,945.7,False,34.48888888888889,31.3,37.9,90.39506172839506,1.7469135802469136,3.9,BOT,20065.565217391304,17650.0,32353.46153846154,30563.0,23969.46153846154,20983.0,69251.0,629640.0,3.0,,,4.0,2.0,,,,,,22.76923076923077,7.5,,,,,,248.0,269.1666666666667,,,,,,266.0,270.0,,,,,,73901.15384615384,69793.83333333333,,,,,,71407.0,69251.0,,,,0,0,0,0
2022,11,19.825925925925926,19.1,20.6,42.22222222222222,38.0,45.0,945.2802469135802,945.0,945.7,False,34.48888888888889,31.3,37.9,90.39506172839506,1.7469135802469136,3.9,GAS,18998.257142857143,17127.0,32435.91891891892,30945.0,22672.35135135135,20996.0,69579.0,279446.5,2.0,,,3.0,2.0,,,,,,14.61111111111111,14.5,,,,,,256.55555555555554,270.57142857142856,,,,,,278.0,277.0,,,,,,74682.83333333333,70292.71428571429,,,,,,69813.0,69579.0,,,,0,0,0,0
2022,11,19.825925925925926,19.1,20.6,42.22222222222222,38.0,45.0,945.2802469135802,945.0,945.7,False,34.48888888888889,31.3,37.9,90.39506172839506,1.7469135802469136,3.9,HAM,22386.46153846154,17270.0,32372.14285714286,30823.0,23982.928571428572,20840.0,69350.0,30073.0,1.0,,,2.0,1.0,,,,,,23.5,5.0,,,,,,247.1,273.0,,,,,,269.0,273.0,,,,,,76886.8,69350.0,,,,,,69455.0,69350.0,,,,0,0,0,0
2022,11,19.825925925925926,19.1,20.6,42.22222222222222,38.0,45.0,945.2802469135802,945.0,945.7,False,34.48888888888889,31.3,37.9,90.39506172839506,1.7469135802469136,3.9,LAT,19965.303030303032,17395.0,32738.222222222223,31235.0,23015.277777777777,21313.0,70261.0,213813.25,4.0,,,5.0,2.0,,,,,,9.625,11.416666666666666,,,,,,257.8125,271.6666666666667,,,,,,273.0,278.0,,,,,,73375.875,73340.41666666667,,,,,,70261.0,70876.0,,,,0,0,0,0
2022,11,19.825925925925926,19.1,20.6,42.22222222222222,38.0,45.0,945.2802469135802,945.0,945.7,False,34.48888888888889,31.3,37.9,90.39506172839506,1.7469135802469136,3.9,LEC,20321.3,17297.0,32668.372093023256,30461.0,23995.06976744186,20669.0,68660.0,122434.7999999999,5.0,,,2.0,6.0,,,,,,26.0,14.352941176470589,,,,,,271.8421052631579,254.8235294117647,,,,,,279.0,277.0,,,,,,72333.42105263157,76918.17647058824,,,,,,69571.0,68660.0,,,,0,0,0,0
2022,11,19.825925925925926,19.1,20.6,42.22222222222222,38.0,45.0,945.2802469135802,945.0,945.7,False,34.48888888888889,31.3,37.9,90.39506172839506,1.7469135802469136,3.9,MAG,19733.225806451614,17704.0,32680.441176470587,31172.0,24405.676470588234,21029.0,69960.0,332994.25,4.0,,,1.0,5.0,,,,,,14.0,15.625,,,,,,266.0,257.0625,,,,,,267.0,272.0,,,,,,72107.90909090909,76395.0,,,,,,71479.0,69960.0,,,,0,0,0,0
2022,11,19.825925925925926,19.1,20.6,42.22222222222222,38.0,45.0,945.2802469135802,945.0,945.7,False,34.48888888888889,31.3,37.9,90.39506172839506,1.7469135802469136,3.9,MSC,20694.689655172413,17291.0,32604.09375,31002.0,23312.6875,21045.0,69700.0,364081.75,4.0,,,2.0,5.0,,,,,,15.0,15.4,,,,,,266.27272727272725,255.93333333333334,,,,,,268.0,278.0,,,,,,74809.81818181818,74457.6,,,,,,71398.0,69700.0,,,,0,0,0,0
2022,11,19.825925925925926,19.1,20.6,42.22222222222222,38.0,45.0,945.2802469135802,945.0,945.7,False,34.48888888888889,31.3,37.9,90.39506172839506,1.7469135802469136,3.9,NOR,19570.457142857143,17575.0,31832.263157894737,30810.0,22669.86842105263,20938.0,69519.0,262605.0,4.0,,,5.0,2.0,,,,,,9.75,12.857142857142858,,,,,,257.0625,268.42857142857144,,,,,,272.0,271.0,,,,,,73153.0,71964.21428571429,,,,,,69519.0,70119.0,,,,0,0,0,0
2022,11,19.825925925925926,19.1,20.6,42.22222222222222,38.0,45.0,945.2802469135802,945.0,945.7,False,34.48888888888889,31.3,37.9,90.39506172839506,1.7469135802469136,3.9,OCO,20684.090909090908,17279.0,31758.5,30557.0,23280.541666666668,20949.0,68848.0,195793.33333333334,3.0,,,4.0,1.0,,,,,,13.2,8.5,,,,,,253.2,269.0,,,,,,278.0,269.0,,,,,,75311.13333333333,69946.5,,,,,,68848.0,69721.0,,,,0,0,0,0
2022,11,19.825925925925926,19.1,20.6,42.22222222222222,38.0,45.0,945.2802469135802,945.0,945.7,False,34.48888888888889,31.3,37.9,90.39506172839506,1.7469135802469136,3.9,PER,19740.29411764706,17326.0,31441.75,30626.0,21955.222222222223,20875.0,69179.0,197564.25,4.0,,,3.0,4.0,,,,,,25.1,12.11111111111111,,,,,,272.3,267.6666666666667,,,,,,279.0,272.0,,,,,,70746.1,73091.33333333333,,,,,,69179.0,70809.0,,,,0,0,0,0
2022,11,19.825925925925926,19.1,20.6,42.22222222222222,38.0,45.0,945.2802469135802,945.0,945.7,False,34.48888888888889,31.3,37.9,90.39506172839506,1.7469135802469136,3.9,RIC,19929.516129032258,17295.0,31966.41176470588,30895.0,23308.235294117647,21110.0,69852.0,235121.75,4.0,,,5.0,1.0,,,,,,15.071428571428571,8.0,,,,,,253.28571428571428,268.53846153846155,,,,,,277.0,271.0,,,,,,76182.42857142857,71423.76923076923,,,,,,69852.0,70218.0,,,,0,0,0,0
2022,11,19.825925925925926,19.1,20.6,42.22222222222222,38.0,45.0,945.2802469135802,945.0,945.7,False,34.48888888888889,31.3,37.9,90.39506172839506,1.7469135802469136,3.9,RUS,19450.366666666665,17243.0,32626.727272727272,30783.0,24889.939393939392,20904.0,69240.0,199542.49999999994,4.0,4.0,,3.0,5.0,,,,1.5,,30.5,13.666666666666666,,,,269.5,,271.5833333333333,256.75,,,,271.0,,278.0,276.0,,,,81706.0,,70891.41666666667,78532.66666666667,,,,69260.0,,69697.0,69240.0,,,,0,0,0,0
2022,11,19.825925925925926,19.1,20.6,42.22222222222222,38.0,45.0,945.2802469135802,945.0,945.7,False,34.48888888888889,31.3,37.9,90.39506172839506,1.7469135802469136,3.9,SAI,21864.64864864865,17097.0,32299.65,30630.0,22924.075,20688.0,68610.0,137925.66666666666,6.0,,,3.0,7.0,,,,,,24.41176470588235,12.266666666666667,,,,,,270.7647058823529,257.3333333333333,,,,,,278.0,283.0,,,,,,74607.4705882353,75438.26666666666,,,,,,69150.0,68610.0,,,,0,0,0,0
2022,11,19.825925925925926,19.1,20.6,42.22222222222222,38.0,45.0,945.2802469135802,945.0,945.7,False,34.48888888888889,31.3,37.9,90.39506172839506,1.7469135802469136,3.9,STR,20238.2,17524.0,32332.441860465115,30736.0,22598.714285714286,20952.0,69525.0,126445.8,5.0,,,5.0,6.0,,,,,,13.705882352941176,10.0,,,,,,266.2352941176471,255.0,,,,,,271.0,269.0,,,,,,73014.05882352941,72439.41176470589,,,,,,70422.0,69525.0,,,,0,0,0,0
2022,11,19.825925925925926,19.1,20.6,42.22222222222222,38.0,45.0,945.2802469135802,945.0,945.7,False,34.48888888888889,31.3,37.9,90.39506172839506,1.7469135802469136,3.9,TSU,19667.18918918919,17537.0,32096.4358974359,31128.0,22988.846153846152,21261.0,70005.0,217247.66666666666,3.0,,,3.0,4.0,,,,,,16.666666666666668,16.61111111111111,,,,,,269.26666666666665,254.83333333333334,,,,,,271.0,269.0,,,,,,72740.6,74414.94444444444,,,,,,70005.0,70622.0,,,,0,0,0,0
2022,11,19.825925925925926,19.1,20.6,42.22222222222222,38.0,45.0,945.2802469135802,945.0,945.7,False,34.48888888888889,31.3,37.9,90.39506172839506,1.7469135802469136,3.9,VER,21272.241379310344,17126.0,31540.0,30616.0,23007.59375,20605.0,68778.0,246893.6,5.0,,,5.0,6.0,,,,,,24.705882352941178,8.75,,,,,,273.1764705882353,246.5,,,,,,282.0,280.0,,,,,,73170.41176470589,76268.25,,,,,,68778.0,68966.0,,,,0,0,0,0
2022,11,19.825925925925926,19.1,20.6,42.22222222222222,38.0,45.0,945.2802469135802,945.0,945.7,False,34.48888888888889,31.3,37.9,90.39506172839506,1.7469135802469136,3.9,VET,20935.095238095237,17604.0,32011.363636363636,30802.0,22660.25581395349,21028.0,69602.0,95100.66666666667,6.0,,,5.0,7.0,,,,,,14.647058823529411,9.61111111111111,,,,,,266.4117647058824,255.44444444444446,,,,,,270.0,269.0,,,,,,72269.0,74549.83333333333,,,,,,70756.0,69602.0,,,,0,0,0,0
2022,11,19.825925925925926,19.1,20.6,42.22222222222222,38.0,45.0,945.2802469135802,945.0,945.7,False,34.48888888888889,31.3,37.9,90.39506172839506,1.7469135802469136,3.9,ZHO,18736.333333333332,17383.0,32284.527777777777,31033.0,22538.222222222223,20866.0,69665.0,591589.0,2.0,,,3.0,2.0,,,,,,18.444444444444443,12.0,,,,,,240.66666666666666,270.2857142857143,,,,,,265.0,277.0,,,,,,74724.0,70292.61904761905,,,,,,71497.0,69665.0,,,,0,0,0,0
2022,12,30.472839506172843,29.8,30.9,31.950617283950617,26.0,41.0,968.1481481481482,968.0,968.4,False,53.38641975308642,50.4,56.3,113.46913580246914,1.767901234567901,3.2,ALB,30921.043478260868,23849.0,33547.69565217391,28894.0,50014.10526315789,41910.0,94653.0,298804.00000000006,3.0,,,4.0,2.0,,,,,,10.666666666666666,2.0,,,,,,285.3333333333333,294.6666666666667,,,,,,299.0,296.0,,,,,,108671.73333333334,123441.0,,,,,,95107.0,94653.0,,,,0,0,0,0
2022,12,30.472839506172843,29.8,30.9,31.950617283950617,26.0,41.0,968.1481481481482,968.0,968.4,False,53.38641975308642,50.4,56.3,113.46913580246914,1.767901234567901,3.2,ALO,29692.208333333332,23675.0,33379.083333333336,28835.0,51310.23809523809,41749.0,94259.0,560083.5,2.0,,,3.0,2.0,,,,,,10.0625,2.0,,,,,,283.875,294.0,,,,,,295.0,297.0,,,,,,107535.3125,126395.66666666667,,,,,,95531.0,94259.0,,,,0,0,0,0
2022,12,30.472839506172843,29.8,30.9,31.950617283950617,26.0,41.0,968.1481481481482,968.0,968.4,False,53.38641975308642,50.4,56.3,113.46913580246914,1.767901234567901,3.2,BOT,31806.703703703704,23657.0,34847.148148148146,28776.0,53067.25,41644.0,94264.0,174267.4,5.0,,,6.0,4.0,,,,,,8.214285714285714,3.5,,,,,,288.85714285714283,291.0,,,,,,295.0,293.0,,,,,,111017.35714285714,107580.0,,,,,,95228.0,94264.0,,,,0,0,0,0
2022,12,30.472839506172843,29.8,30.9,31.950617283950617,26.0,41.0,968.1481481481482,968.0,968.4,False,53.38641975308642,50.4,56.3,113.46913580246914,1.767901234567901,3.2,GAS,31087.833333333332,23582.0,34142.125,28716.0,53634.42857142857,41540.0,93906.0,535931.5000000001,2.0,,,3.0,2.0,,,,,,9.153846153846153,3.0,,,,,,288.2307692307692,295.75,,,,,,299.0,297.0,,,,,,107079.07692307692,119377.0,,,,,,95033.0,93906.0,,,,0,0,0,0
2022,12,30.472839506172843,29.8,30.9,31.950617283950617,26.0,41.0,968.1481481481482,968.0,968.4,False,53.38641975308642,50.4,56.3,113.46913580246914,1.767901234567901,3.2,HAM,34384.434782608696,23489.0,36312.391304347824,28551.0,55199.4,41477.0,93517.0,258576.5,4.0,,,5.0,4.0,,,,,,8.8,3.5,,,,,,284.6,281.0,,,,,,295.0,299.0,,,,,,107805.5,117348.5,,,,,,95567.0,93517.0,,,,0,0,0,0
2022,12,30.472839506172843,29.8,30.9,31.950617283950617,26.0,41.0,968.1481481481482,968.0,968.4,False,53.38641975308642,50.4,56.3,113.46913580246914,1.767901234567901,3.2,LAT,29529.037037037036,24081.0,33681.25925925926,29134.0,52700.0,42170.0,95412.0,284746.3333333333,3.0,4.0,,,2.0,,,,9.647058823529411,,,3.0,,,,288.0,,,290.0,,,,298.0,,,296.0,,,,108218.76470588235,,,123117.6,,,,96224.0,,,95412.0,,,,0,0,0,0
2022,12,30.472839506172843,29.8,30.9,31.950617283950617,26.0,41.0,968.1481481481482,968.0,968.4,False,53.38641975308642,50.4,56.3,113.46913580246914,1.767901234567901,3.2,LEC,30831.590909090908,23186.0,34372.0,28472.0,49046.61111111111,40970.0,92628.0,288673.6666666667,3.0,,,4.0,3.0,,,,,,7.769230769230769,2.6666666666666665,,,,,,284.53846153846155,294.6666666666667,,,,,,296.0,298.0,,,,,,107707.30769230769,109203.0,,,,,,94182.0,92628.0,,,,0,0,0,0
2022,12,30.472839506172843,29.8,30.9,31.950617283950617,26.0,41.0,968.1481481481482,968.0,968.4,False,53.38641975308642,50.4,56.3,113.46913580246914,1.767901234567901,3.2,MAG,30103.208333333332,23572.0,35389.791666666664,28699.0,53771.19047619047,41657.0,93928.0,543993.5,2.0,,,3.0,2.0,,,,,,10.266666666666667,3.0,,,,,,279.73333333333335,296.0,,,,,,295.0,299.0,,,,,,108378.6,116348.5,,,,,,95386.0,93928.0,,,,0,0,0,0
2022,12,30.472839506172843,29.8,30.9,31.950617283950617,26.0,41.0,968.1481481481482,968.0,968.4,False,53.38641975308642,50.4,56.3,113.46913580246914,1.767901234567901,3.2,MSC,30671.045454545456,23829.0,35269.09090909091,28866.0,53277.05263157895,42097.0,95195.0,676750.0,2.0,,,1.0,3.0,,,,,,2.5,8.454545454545455,,,,,,294.0,285.1818181818182,,,,,,297.0,293.0,,,,,,117644.5,108348.09090909091,,,,,,95762.0,95195.0,,,,0,0,0,0
2022,12,30.472839506172843,29.8,30.9,31.950617283950617,26.0,41.0,968.1481481481482,968.0,968.4,False,53.38641975308642,50.4,56.3,113.46913580246914,1.767901234567901,3.2,NOR,30289.761904761905,23327.0,34699.76190476191,28573.0,51164.470588235294,41707.0,93607.0,320877.0,4.0,,,5.0,3.0,,,,,,9.363636363636363,2.0,,,,,,271.1818181818182,295.3333333333333,,,,,,293.0,298.0,,,,,,106352.09090909091,117328.66666666667,,,,,,95320.0,93607.0,,,,0,0,0,0
2022,12,30.472839506172843,29.8,30.9,31.950617283950617,26.0,41.0,968.1481481481482,968.0,968.4,False,53.38641975308642,50.4,56.3,113.46913580246914,1.767901234567901,3.2,OCO,30618.23076923077,23765.0,34747.07692307692,28935.0,52158.69565217391,41960.0,94660.0,315233.6666666667,3.0,,,4.0,3.0,,,,,,10.666666666666666,3.0,,,,,,283.2,293.0,,,,,,293.0,294.0,,,,,,104575.2,120513.5,,,,,,95600.0,94660.0,,,,0,0,0,0
2022,12,30.472839506172843,29.8,30.9,31.950617283950617,26.0,41.0,968.1481481481482,968.0,968.4,False,53.38641975308642,50.4,56.3,113.46913580246914,1.767901234567901,3.2,PER,29840.875,23635.0,34522.125,28726.0,52321.61538461538,41699.0,94060.0,725079.0,2.0,,,3.0,2.0,,,,,,6.333333333333333,1.5,,,,,,291.77777777777777,297.5,,,,,,299.0,298.0,,,,,,106871.0,118328.5,,,,,,94779.0,94060.0,,,,0,0,0,0
2022,12,30.472839506172843,29.8,30.9,31.950617283950617,26.0,41.0,968.1481481481482,968.0,968.4,False,53.38641975308642,50.4,56.3,113.46913580246914,1.767901234567901,3.2,RIC,30520.260869565216,23630.0,34038.217391304344,28682.0,54469.1,41672.0,93984.0,309304.2500000001,4.0,4.0,,,5.0,,,,8.6,,,4.25,,,,284.8,,,284.5,,,,295.0,,,296.0,,,,107688.3,,,99949.75,,,,96397.0,,,93984.0,,,,0,0,0,0
2022,12,30.472839506172843,29.8,30.9,31.950617283950617,26.0,41.0,968.1481481481482,968.0,968.4,False,53.38641975308642,50.4,56.3,113.46913580246914,1.767901234567901,3.2,RUS,34700.3,23515.0,35509.05,28465.0,58062.35294117647,41311.0,93291.0,377425.5,4.0,,,5.0,3.0,,,,,,8.333333333333334,2.0,,,,,,275.1111111111111,291.0,,,,,,293.0,291.0,,,,,,110343.0,93291.0,,,,,,94810.0,93291.0,,,,0,0,0,0
2022,12,30.472839506172843,29.8,30.9,31.950617283950617,26.0,41.0,968.1481481481482,968.0,968.4,False,53.38641975308642,50.4,56.3,113.46913580246914,1.767901234567901,3.2,SAI,29858.954545454544,23210.0,33981.90909090909,28358.0,53370.1,40959.0,92527.0,153801.66666666666,3.0,,,4.0,2.0,,,,,,7.083333333333333,3.0,,,,,,284.4166666666667,295.0,,,,,,297.0,301.0,,,,,,102266.58333333333,110018.0,,,,,,97929.0,92527.0,,,,0,0,0,0
2022,12,30.472839506172843,29.8,30.9,31.950617283950617,26.0,41.0,968.1481481481482,968.0,968.4,False,53.38641975308642,50.4,56.3,113.46913580246914,1.767901234567901,3.2,STR,30875.96153846154,23748.0,34079.653846153844,28819.0,54275.30434782609,41936.0,94595.0,227833.5,4.0,4.0,,,5.0,,,,8.6,,,3.75,,,,285.3333333333333,,,287.0,,,,294.0,,,298.0,,,,110940.86666666667,,,111881.5,,,,96938.0,,,94595.0,,,,0,0,0,0
2022,12,30.472839506172843,29.8,30.9,31.950617283950617,26.0,41.0,968.1481481481482,968.0,968.4,False,53.38641975308642,50.4,56.3,113.46913580246914,1.767901234567901,3.2,TSU,29400.5,23768.0,34253.333333333336,28865.0,50703.71428571428,41907.0,94540.0,330626.5,2.0,,,3.0,2.0,,,,,,9.0,3.5,,,,,,280.25,294.5,,,,,,297.0,295.0,,,,,,111353.0625,113502.0,,,,,,95347.0,94540.0,,,,0,0,0,0
2022,12,30.472839506172843,29.8,30.9,31.950617283950617,26.0,41.0,968.1481481481482,968.0,968.4,False,53.38641975308642,50.4,56.3,113.46913580246914,1.767901234567901,3.2,VER,30516.176470588234,23457.0,34461.17647058824,28355.0,55161.92857142857,41207.0,93077.0,361483.00000000006,3.0,,,4.0,3.0,,,,,,5.777777777777778,3.5,,,,,,271.3333333333333,298.5,,,,,,298.0,299.0,,,,,,111285.88888888889,93253.5,,,,,,94172.0,93077.0,,,,0,0,0,0
2022,12,30.472839506172843,29.8,30.9,31.950617283950617,26.0,41.0,968.1481481481482,968.0,968.4,False,53.38641975308642,50.4,56.3,113.46913580246914,1.767901234567901,3.2,VET,31319.814814814814,23849.0,35061.77777777778,28714.0,51634.86956521739,41802.0,94420.0,197454.25,4.0,,,4.0,5.0,,,,,,9.466666666666667,4.5,,,,,,279.53333333333336,291.5,,,,,,293.0,297.0,,,,,,110504.4,112854.25,,,,,,96346.0,94420.0,,,,0,0,0,0
2022,12,30.472839506172843,29.8,30.9,31.950617283950617,26.0,41.0,968.1481481481482,968.0,968.4,False,53.38641975308642,50.4,56.3,113.46913580246914,1.767901234567901,3.2,ZHO,32245.153846153848,23936.0,33973.53846153846,28825.0,53341.04347826087,41893.0,94654.0,201030.8,5.0,,,6.0,4.0,,,,,,8.933333333333334,3.6666666666666665,,,,,,286.73333333333335,291.0,,,,,,298.0,292.0,,,,,,110175.33333333333,113126.0,,,,,,95827.0,94654.0,,,,0,0,0,0
2022,13,33.22073170731707,32.8,33.8,25.20731707317073,24.0,26.0,985.3000000000001,985.0,985.7,False,47.7109756097561,43.3,50.4,122.0609756097561,1.6646341463414633,3.2,ALB,37224.58823529412,28825.0,34917.85,28853.0,27689.85,22771.0,80615.0,325890.25,4.0,5.0,,,2.0,,,,5.625,,,4.25,,,,244.0,,,253.5,,,,248.0,,,257.0,,,,92092.25,,,100372.75,,,,85430.0,,,80615.0,,,,0,0,0,1
2022,13,33.22073170731707,32.8,33.8,25.20731707317073,24.0,26.0,985.3000000000001,985.0,985.7,False,47.7109756097561,43.3,50.4,122.0609756097561,1.6646341463414633,3.2,ALO,32444.14814814815,28478.0,33857.53333333333,27987.0,28122.6,22584.0,79049.0,331617.3333333333,3.0,,,3.0,4.0,,,,,,10.75,5.285714285714286,,,,,,247.4375,222.57142857142858,,,,,,257.0,256.0,,,,,,91304.875,101582.28571428571,,,,,,80094.0,79049.0,,,,0,0,0,1
2022,13,33.22073170731707,32.8,33.8,25.20731707317073,24.0,26.0,985.3000000000001,985.0,985.7,False,47.7109756097561,43.3,50.4,122.0609756097561,1.6646341463414633,3.2,BOT,37996.48148148148,28738.0,34431.23333333333,28050.0,28060.366666666665,22558.0,79411.0,160997.83333333334,6.0,,,7.0,5.0,,,,,,13.058823529411764,3.6666666666666665,,,,,,235.2941176470588,252.0,,,,,,257.0,253.0,,,,,,90174.05882352941,98688.0,,,,,,80302.0,79411.0,,,,0,0,0,1
2022,13,33.22073170731707,32.8,33.8,25.20731707317073,24.0,26.0,985.3000000000001,985.0,985.7,False,47.7109756097561,43.3,50.4,122.0609756097561,1.6646341463414633,3.2,GAS,35795.84,28763.0,36596.142857142855,28204.0,28597.035714285714,22734.0,79730.0,271604.25,4.0,,,5.0,4.0,,,,,,6.333333333333333,9.363636363636363,,,,,,229.33333333333334,245.63636363636363,,,,,,258.0,254.0,,,,,,108739.55555555556,88698.54545454546,,,,,,80691.0,79730.0,,,,0,0,0,1
2022,13,33.22073170731707,32.8,33.8,25.20731707317073,24.0,26.0,985.3000000000001,985.0,985.7,False,47.7109756097561,43.3,50.4,122.0609756097561,1.6646341463414633,3.2,HAM,38214.21052631579,28414.0,36286.65217391304,28279.0,30555.478260869564,22560.0,79547.0,225375.66666666666,6.0,,,7.0,5.0,,,,,,6.857142857142857,2.6,,,,,,231.57142857142858,252.8,,,,,,252.0,257.0,,,,,,101887.28571428571,114112.4,,,,,,80853.0,79547.0,,,,0,0,0,1
2022,13,33.22073170731707,32.8,33.8,25.20731707317073,24.0,26.0,985.3000000000001,985.0,985.7,False,47.7109756097561,43.3,50.4,122.0609756097561,1.6646341463414633,3.2,LAT,35121.7037037037,28629.0,33708.46666666667,28854.0,27962.466666666667,22959.0,80488.0,146586.66666666666,6.0,,,7.0,4.0,,,,,,8.0,3.6666666666666665,,,,,,233.2,254.33333333333334,,,,,,246.0,256.0,,,,,,90849.66666666667,97008.0,,,,,,85532.0,80488.0,,,,0,0,0,1
2022,13,33.22073170731707,32.8,33.8,25.20731707317073,24.0,26.0,985.3000000000001,985.0,985.7,False,47.7109756097561,43.3,50.4,122.0609756097561,1.6646341463414633,3.2,LEC,38238.458333333336,28441.0,36323.333333333336,27595.0,30256.037037037036,22370.0,78445.0,271797.25,4.0,,,5.0,4.0,,,,,,10.307692307692308,5.0,,,,,,222.3846153846154,245.33333333333334,,,,,,253.0,252.0,,,,,,91828.38461538461,78828.0,,,,,,78911.0,78445.0,,,,0,0,0,1
2022,13,33.22073170731707,32.8,33.8,25.20731707317073,24.0,26.0,985.3000000000001,985.0,985.7,False,47.7109756097561,43.3,50.4,122.0609756097561,1.6646341463414633,3.2,MAG,32832.846153846156,28612.0,36152.48275862069,28374.0,28331.58620689655,22708.0,79818.0,523426.5,2.0,,,3.0,2.0,,,,,,12.263157894736842,3.5,,,,,,234.26315789473685,234.75,,,,,,254.0,253.0,,,,,,94889.84210526316,104456.25,,,,,,80796.0,79818.0,,,,0,0,0,1
2022,13,33.22073170731707,32.8,33.8,25.20731707317073,24.0,26.0,985.3000000000001,985.0,985.7,False,47.7109756097561,43.3,50.4,122.0609756097561,1.6646341463414633,3.2,MSC,32788.6,28708.0,36023.392857142855,28553.0,29281.35714285714,22724.0,79985.0,525337.5,2.0,,,3.0,2.0,,,,,,11.722222222222221,3.5,,,,,,232.27777777777777,231.0,,,,,,255.0,252.0,,,,,,94754.0,116250.5,,,,,,81090.0,79985.0,,,,0,0,0,1
2022,13,33.22073170731707,32.8,33.8,25.20731707317073,24.0,26.0,985.3000000000001,985.0,985.7,False,47.7109756097561,43.3,50.4,122.0609756097561,1.6646341463414633,3.2,NOR,32729.115384615383,28189.0,32673.172413793105,28083.0,27015.310344827587,22390.0,78662.0,375852.3333333333,3.0,3.0,,,4.0,,,,7.5,,,8.416666666666666,,,,244.9,,,225.83333333333334,,,,251.0,,,253.0,,,,91685.8,,,90156.5,,,,81408.0,,,78662.0,,,,0,0,0,1
2022,13,33.22073170731707,32.8,33.8,25.20731707317073,24.0,26.0,985.3000000000001,985.0,985.7,False,47.7109756097561,43.3,50.4,122.0609756097561,1.6646341463414633,3.2,OCO,34982.833333333336,28653.0,35171.77777777778,28258.0,27188.037037037036,22668.0,79614.0,406961.0,3.0,3.0,,,4.0,,,,6.888888888888889,,,7.545454545454546,,,,246.66666666666666,,,228.1818181818182,,,,252.0,,,253.0,,,,91958.66666666667,,,98504.63636363637,,,,81751.0,,,79614.0,,,,0,0,0,1
2022,13,33.22073170731707,32.8,33.8,25.20731707317073,24.0,26.0,985.3000000000001,985.0,985.7,False,47.7109756097561,43.3,50.4,122.0609756097561,1.6646341463414633,3.2,PER,35414.64,28550.0,35009.78571428572,28120.0,27616.10714285714,22594.0,79397.0,279603.25,4.0,,,5.0,4.0,,,,,,12.235294117647058,3.6666666666666665,,,,,,233.05882352941177,252.0,,,,,,254.0,254.0,,,,,,92250.5294117647,100076.33333333333,,,,,,79891.0,79397.0,,,,0,0,0,1
2022,13,33.22073170731707,32.8,33.8,25.20731707317073,24.0,26.0,985.3000000000001,985.0,985.7,False,47.7109756097561,43.3,50.4,122.0609756097561,1.6646341463414633,3.2,RIC,32381.333333333332,28273.0,33133.444444444445,28139.0,27292.0,22460.0,78872.0,463728.3333333333,3.0,3.0,,,4.0,,,,6.888888888888889,,,7.909090909090909,,,,248.0,,,237.0,,,,254.0,,,255.0,,,,89899.33333333333,,,90638.09090909091,,,,81569.0,,,78872.0,,,,0,0,0,1
2022,13,33.22073170731707,32.8,33.8,25.20731707317073,24.0,26.0,985.3000000000001,985.0,985.7,False,47.7109756097561,43.3,50.4,122.0609756097561,1.6646341463414633,3.2,RUS,35909.6,28578.0,36361.21428571428,28311.0,27983.321428571428,22466.0,79355.0,291365.0,3.0,,,4.0,3.0,,,,,,10.071428571428571,3.1666666666666665,,,,,,228.92857142857142,244.66666666666666,,,,,,253.0,255.0,,,,,,88817.57142857143,108066.83333333333,,,,,,80907.0,79355.0,,,,0,0,0,1
2022,13,33.22073170731707,32.8,33.8,25.20731707317073,24.0,26.0,985.3000000000001,985.0,985.7,False,47.7109756097561,43.3,50.4,122.0609756097561,1.6646341463414633,3.2,SAI,37926.42307692308,28522.0,36917.793103448275,27757.0,29628.103448275862,22395.0,78676.0,176746.4,5.0,,,6.0,5.0,,,,,,6.8,10.11111111111111,,,,,,233.0,245.11111111111111,,,,,,257.0,254.0,,,,,,105027.5,90344.44444444444,,,,,,79392.0,78676.0,,,,0,0,0,1
2022,13,33.22073170731707,32.8,33.8,25.20731707317073,24.0,26.0,985.3000000000001,985.0,985.7,False,47.7109756097561,43.3,50.4,122.0609756097561,1.6646341463414633,3.2,STR,34712.5,28624.0,35556.96666666667,28436.0,28074.366666666665,22591.0,79702.0,233916.0,4.0,,,5.0,4.0,,,,,,5.75,9.928571428571429,,,,,,208.125,242.0,,,,,,253.0,256.0,,,,,,109043.625,91582.71428571429,,,,,,80454.0,79702.0,,,,0,0,0,1
2022,13,33.22073170731707,32.8,33.8,25.20731707317073,24.0,26.0,985.3000000000001,985.0,985.7,False,47.7109756097561,43.3,50.4,122.0609756097561,1.6646341463414633,3.2,TSU,34187.357142857145,28832.0,35763.12903225807,28452.0,27946.290322580644,22922.0,80521.0,395981.0,2.0,,,3.0,2.0,,,,,,13.333333333333334,3.5,,,,,,235.76190476190476,234.75,,,,,,257.0,252.0,,,,,,94192.38095238095,114711.25,,,,,,80767.0,80521.0,,,,0,0,0,1
2022,13,33.22073170731707,32.8,33.8,25.20731707317073,24.0,26.0,985.3000000000001,985.0,985.7,False,47.7109756097561,43.3,50.4,122.0609756097561,1.6646341463414633,3.2,VER,36880.086956521736,28524.0,35889.846153846156,27821.0,29557.46153846154,22383.0,78728.0,417604.6666666667,3.0,,,4.0,2.0,,,,,,11.833333333333334,2.0,,,,,,230.33333333333334,252.0,,,,,,255.0,252.0,,,,,,96745.05555555556,78728.0,,,,,,79654.0,78728.0,,,,0,0,0,1
2022,13,33.22073170731707,32.8,33.8,25.20731707317073,24.0,26.0,985.3000000000001,985.0,985.7,False,47.7109756097561,43.3,50.4,122.0609756097561,1.6646341463414633,3.2,VET,36464.88888888889,28476.0,34646.032258064515,28347.0,27157.58064516129,22430.0,79253.0,171374.4,5.0,,,5.0,6.0,,,,,,10.0,6.555555555555555,,,,,,246.0,218.77777777777777,,,,,,255.0,255.0,,,,,,91212.07692307692,100464.77777777778,,,,,,80090.0,79253.0,,,,0,0,0,1
2022,13,33.22073170731707,32.8,33.8,25.20731707317073,24.0,26.0,985.3000000000001,985.0,985.7,False,47.7109756097561,43.3,50.4,122.0609756097561,1.6646341463414633,3.2,ZHO,37697.739130434784,28747.0,34742.11538461538,28228.0,28570.96153846154,22630.0,79605.0,253745.4,5.0,,,6.0,4.0,,,,,,10.785714285714286,3.6666666666666665,,,,,,231.28571428571428,252.0,,,,,,257.0,257.0,,,,,,91690.57142857143,102845.0,,,,,,80541.0,79605.0,,,,0,0,0,1
2022,14,17.93452380952381,17.2,18.3,84.73809523809524,83.0,89.0,968.0107142857142,967.9,968.2,False,21.504761904761907,20.4,22.4,307.01190476190476,1.6261904761904762,2.7,ALB,33760.833333333336,31218.0,54991.2,46847.0,35236.666666666664,29455.0,107520.0,613225.0,2.0,,,3.0,2.0,,,,,,6.0,2.5,,,,,,213.16666666666666,217.5,,,,,,224.0,221.0,,,,,,116868.0,128616.5,,,,,,109198.0,107520.0,,,,0,0,0,3
2022,14,17.93452380952381,17.2,18.3,84.73809523809524,83.0,89.0,968.0107142857142,967.9,968.2,False,21.504761904761907,20.4,22.4,307.01190476190476,1.6261904761904762,2.7,ALO,36977.8,31055.0,55940.78947368421,46429.0,35882.57894736842,29491.0,106975.0,436945.6666666667,3.0,,,4.0,2.0,,,,,,6.714285714285714,3.0,,,,,,194.14285714285714,218.5,,,,,,220.0,220.0,,,,,,119181.57142857143,107403.5,,,,,,108852.0,106975.0,,,,0,0,0,3
2022,14,17.93452380952381,17.2,18.3,84.73809523809524,83.0,89.0,968.0107142857142,967.9,968.2,False,21.504761904761907,20.4,22.4,307.01190476190476,1.6261904761904762,2.7,BOT,39276.470588235294,31213.0,56961.333333333336,47488.0,35720.57142857143,29621.0,108419.0,253537.6,5.0,5.0,6.0,,3.0,,,,5.2,2.0,,4.0,,,,213.0,88.0,,213.6,,,,220.0,88.0,,221.0,,,,123425.0,127794.0,,123197.8,,,,110708.0,127794.0,,108419.0,,,,0,0,0,3
2022,14,17.93452380952381,17.2,18.3,84.73809523809524,83.0,89.0,968.0107142857142,967.9,968.2,False,21.504761904761907,20.4,22.4,307.01190476190476,1.6261904761904762,2.7,GAS,36717.53333333333,31285.0,60671.52631578947,46915.0,35072.0,29569.0,107782.0,423779.6666666667,3.0,,,4.0,2.0,,,,,,6.857142857142857,2.0,,,,,,196.71428571428572,220.0,,,,,,223.0,220.0,,,,,,119860.42857142857,107782.0,,,,,,109108.0,107782.0,,,,0,0,0,3
2022,14,17.93452380952381,17.2,18.3,84.73809523809524,83.0,89.0,968.0107142857142,967.9,968.2,False,21.504761904761907,20.4,22.4,307.01190476190476,1.6261904761904762,2.7,HAM,36513.42857142857,31109.0,54337.944444444445,46385.0,34236.555555555555,29399.0,106893.0,526346.6666666666,3.0,3.0,,,4.0,,,,5.857142857142857,,,3.6666666666666665,,,,214.71428571428572,,,166.0,,,,222.0,,,224.0,,,,117335.28571428571,,,127475.33333333333,,,,108857.0,,,106893.0,,,,0,0,0,3
2022,14,17.93452380952381,17.2,18.3,84.73809523809524,83.0,89.0,968.0107142857142,967.9,968.2,False,21.504761904761907,20.4,22.4,307.01190476190476,1.6261904761904762,2.7,LAT,35398.27272727273,31317.0,56552.57142857143,47691.0,34216.42857142857,29576.0,108612.0,446413.3333333333,3.0,4.0,,,2.0,,,,5.0,,,2.5,,,,214.33333333333334,,,219.5,,,,218.0,,,220.0,,,,120578.16666666667,,,129214.5,,,,111073.0,,,108612.0,,,,0,0,0,3
2022,14,17.93452380952381,17.2,18.3,84.73809523809524,83.0,89.0,968.0107142857142,967.9,968.2,False,21.504761904761907,20.4,22.4,307.01190476190476,1.6261904761904762,2.7,LEC,36852.35294117647,31071.0,55654.52380952381,45942.0,34067.28571428572,29235.0,106369.0,427018.6666666667,3.0,,,4.0,3.0,,,,,,9.4,6.166666666666667,,,,,,190.0,211.0,,,,,,224.0,218.0,,,,,,119271.2,111740.5,,,,,,108091.0,106369.0,,,,0,0,0,3
2022,14,17.93452380952381,17.2,18.3,84.73809523809524,83.0,89.0,968.0107142857142,967.9,968.2,False,21.504761904761907,20.4,22.4,307.01190476190476,1.6261904761904762,2.7,MAG,38117.26666666667,31275.0,58297.89473684211,47002.0,35321.68421052631,29848.0,108208.0,415487.6666666667,3.0,,,1.0,4.0,,,,,,4.0,6.4,,,,,,208.33333333333334,176.0,,,,,,216.0,215.0,,,,,,109681.0,118224.8,,,,,,109641.0,108208.0,,,,0,0,0,3
2022,14,17.93452380952381,17.2,18.3,84.73809523809524,83.0,89.0,968.0107142857142,967.9,968.2,False,21.504761904761907,20.4,22.4,307.01190476190476,1.6261904761904762,2.7,MSC,36032.65,31477.0,55731.260869565216,48258.0,33517.77272727273,29990.0,109941.0,350265.6666666667,3.0,2.0,4.0,,1.0,,,,6.5,6.0,,4.0,,,,208.0,52.0,,211.0,,,,209.0,52.0,,219.0,,,,116024.4,141332.0,,123279.0,,,,113797.0,141332.0,,109941.0,,,,0,0,0,3
2022,14,17.93452380952381,17.2,18.3,84.73809523809524,83.0,89.0,968.0107142857142,967.9,968.2,False,21.504761904761907,20.4,22.4,307.01190476190476,1.6261904761904762,2.7,NOR,37678.230769230766,31128.0,55595.117647058825,46372.0,35629.0,29089.0,106589.0,381253.5,4.0,,,4.0,5.0,,,,,,3.5,6.0,,,,,,215.5,184.2,,,,,,220.0,223.0,,,,,,123346.5,116803.8,,,,,,108560.0,106589.0,,,,0,0,0,3
2022,14,17.93452380952381,17.2,18.3,84.73809523809524,83.0,89.0,968.0107142857142,967.9,968.2,False,21.504761904761907,20.4,22.4,307.01190476190476,1.6261904761904762,2.7,OCO,36287.35294117647,31280.0,54416.71428571428,47061.0,34570.90476190476,29574.0,107944.0,434690.3333333333,3.0,,,4.0,2.0,,,,,,7.555555555555555,3.0,,,,,,198.0,220.33333333333334,,,,,,223.0,223.0,,,,,,119011.0,121156.66666666667,,,,,,109324.0,107944.0,,,,0,0,0,3
2022,14,17.93452380952381,17.2,18.3,84.73809523809524,83.0,89.0,968.0107142857142,967.9,968.2,False,21.504761904761907,20.4,22.4,307.01190476190476,1.6261904761904762,2.7,PER,38586.083333333336,30987.0,53799.46666666667,46684.0,36394.46666666667,29377.0,107346.0,685287.6666666666,3.0,,,4.0,2.0,,,,,,5.5,2.0,,,,,,193.66666666666666,218.0,,,,,,223.0,218.0,,,,,,127099.16666666667,107346.0,,,,,,108201.0,107346.0,,,,0,0,0,3
2022,14,17.93452380952381,17.2,18.3,84.73809523809524,83.0,89.0,968.0107142857142,967.9,968.2,False,21.504761904761907,20.4,22.4,307.01190476190476,1.6261904761904762,2.7,RIC,38209.857142857145,31101.0,56849.055555555555,46657.0,35477.88888888889,29497.0,107255.0,530811.6666666666,3.0,,4.0,,3.0,,,,,3.0,,4.875,,,,,78.0,,214.75,,,,,78.0,,221.0,,,,,139635.0,,114159.625,,,,,139635.0,,107255.0,,,,0,0,0,3
2022,14,17.93452380952381,17.2,18.3,84.73809523809524,83.0,89.0,968.0107142857142,967.9,968.2,False,21.504761904761907,20.4,22.4,307.01190476190476,1.6261904761904762,2.7,RUS,35089.666666666664,31327.0,52968.63636363636,46261.0,34543.318181818184,29454.0,107042.0,368551.0,3.0,1.0,,,4.0,,,,4.0,,,7.555555555555555,,,,216.4,,,193.44444444444446,,,,223.0,,,223.0,,,,118157.6,,,118393.22222222222,,,,109744.0,,,107042.0,,,,0,0,0,3
2022,14,17.93452380952381,17.2,18.3,84.73809523809524,83.0,89.0,968.0107142857142,967.9,968.2,False,21.504761904761907,20.4,22.4,307.01190476190476,1.6261904761904762,2.7,SAI,36641.9375,31056.0,55592.2,46075.0,35927.45,29355.0,106649.0,457837.3333333333,3.0,,,3.0,4.0,,,,,,7.0,4.333333333333333,,,,,,213.0,160.0,,,,,,222.0,210.0,,,,,,113589.16666666667,116567.0,,,,,,107390.0,106649.0,,,,0,0,0,3
2022,14,17.93452380952381,17.2,18.3,84.73809523809524,83.0,89.0,968.0107142857142,967.9,968.2,False,21.504761904761907,20.4,22.4,307.01190476190476,1.6261904761904762,2.7,STR,34850.166666666664,31200.0,56033.6875,46115.0,36509.25,29320.0,106635.0,476842.6666666667,3.0,,,3.0,2.0,,,,,,4.8,3.0,,,,,,214.4,219.0,,,,,,221.0,220.0,,,,,,117468.6,107450.0,,,,,,108912.0,106635.0,,,,0,0,0,3
2022,14,17.93452380952381,17.2,18.3,84.73809523809524,83.0,89.0,968.0107142857142,967.9,968.2,False,21.504761904761907,20.4,22.4,307.01190476190476,1.6261904761904762,2.7,TSU,37791.38461538462,31161.0,59904.625,46739.0,37246.5,29597.0,107658.0,916562.5,2.0,,,1.0,2.0,,,,,,4.4,3.0,,,,,,219.2,219.33333333333334,,,,,,221.0,220.0,,,,,,124060.4,120906.0,,,,,,108331.0,107658.0,,,,0,0,0,3
2022,14,17.93452380952381,17.2,18.3,84.73809523809524,83.0,89.0,968.0107142857142,967.9,968.2,False,21.504761904761907,20.4,22.4,307.01190476190476,1.6261904761904762,2.7,VER,38846.9375,31053.0,55715.8,45358.0,35193.8,29096.0,105507.0,345735.25,4.0,,,5.0,2.0,,,,,,8.285714285714286,2.0,,,,,,195.28571428571428,218.0,,,,,,218.0,218.0,,,,,,112979.57142857143,105507.0,,,,,,106850.0,105507.0,,,,0,0,0,3
2022,14,17.93452380952381,17.2,18.3,84.73809523809524,83.0,89.0,968.0107142857142,967.9,968.2,False,21.504761904761907,20.4,22.4,307.01190476190476,1.6261904761904762,2.7,VET,35440.642857142855,31169.0,55042.05263157895,47315.0,36489.10526315789,29383.0,107867.0,396594.75,4.0,1.0,,,5.0,,,,5.0,,,4.666666666666667,,,,217.42857142857142,,,161.0,,,,223.0,,,218.0,,,,116864.85714285714,,,120190.33333333333,,,,110329.0,,,107867.0,,,,0,0,0,3
2022,14,17.93452380952381,17.2,18.3,84.73809523809524,83.0,89.0,968.0107142857142,967.9,968.2,False,21.504761904761907,20.4,22.4,307.01190476190476,1.6261904761904762,2.7,ZHO,40345.705882352944,31127.0,56767.0,46902.0,35056.71428571428,29509.0,107617.0,257970.0,5.0,,6.0,5.0,2.0,,,,,5.0,5.625,3.0,,,,,67.0,213.625,210.66666666666666,,,,,67.0,222.0,221.0,,,,,137097.0,125357.125,120587.0,,,,,137097.0,108600.0,107617.0,,,,0,0,0,3
2022,15,26.07792207792208,25.8,26.5,30.246753246753247,29.0,33.0,1012.290909090909,1012.0,1012.7,False,36.43896103896104,35.2,37.5,200.25974025974025,1.2051948051948052,3.2,ALB,31705.590909090908,25355.0,32435.76923076923,25771.0,28645.16,22637.0,73837.0,,,,,,1.0,,,,,,,14.0,,,,,,,277.375,,,,,,,315.0,,,,,,,88811.3125,,,,,,,73837.0,,,,1,0,0,1
2022,15,26.07792207792208,25.8,26.5,30.246753246753247,29.0,33.0,1012.290909090909,1012.0,1012.7,False,36.43896103896104,35.2,37.5,200.25974025974025,1.2051948051948052,3.2,ALO,30435.95238095238,25202.0,29870.52,25301.0,27816.0,22345.0,72848.0,,,1.0,,,,,,,12.705882352941176,,,,,,,283.5882352941176,,,,,,,317.0,,,,,,,86810.11764705883,,,,,,,72848.0,,,,,,,1,0,0,1
2022,15,26.07792207792208,25.8,26.5,30.246753246753247,29.0,33.0,1012.290909090909,1012.0,1012.7,False,36.43896103896104,35.2,37.5,200.25974025974025,1.2051948051948052,3.2,BOT,30476.347826086956,25654.0,31567.26923076923,25870.0,28459.30769230769,22589.0,74167.0,,,,,1.0,,,,,,,13.588235294117647,,,,,,,285.0,,,,,,,307.0,,,,,,,90274.23529411765,,,,,,,74167.0,,,,,1,0,0,1
2022,15,26.07792207792208,25.8,26.5,30.246753246753247,29.0,33.0,1012.290909090909,1012.0,1012.7,False,36.43896103896104,35.2,37.5,200.25974025974025,1.2051948051948052,3.2,GAS,32106.615384615383,25408.0,30005.0625,25602.0,28755.375,22656.0,73666.0,,,,,,,,,,,,,,,,,,,,,,,,,,,,,,,,,,,,,,,,,,,,,1,0,0,1
2022,15,26.07792207792208,25.8,26.5,30.246753246753247,29.0,33.0,1012.290909090909,1012.0,1012.7,False,36.43896103896104,35.2,37.5,200.25974025974025,1.2051948051948052,3.2,HAM,36533.82352941176,25085.0,31357.761904761905,25167.0,28941.15,22165.0,72417.0,,,,,1.0,,,,,,,9.3,,,,,,,292.2,,,,,,,310.0,,,,,,,93021.1,,,,,,,72417.0,,,,,1,0,0,1
2022,15,26.07792207792208,25.8,26.5,30.246753246753247,29.0,33.0,1012.290909090909,1012.0,1012.7,False,36.43896103896104,35.2,37.5,200.25974025974025,1.2051948051948052,3.2,LAT,32118.15,25473.0,32011.041666666668,26351.0,29239.565217391304,22817.0,74797.0,,,,,1.0,,,,,,,11.933333333333334,,,,,,,280.53333333333336,,,,,,,313.0,,,,,,,92238.06666666667,,,,,,,74797.0,,,,,1,0,0,1
2022,15,26.07792207792208,25.8,26.5,30.246753246753247,29.0,33.0,1012.290909090909,1012.0,1012.7,False,36.43896103896104,35.2,37.5,200.25974025974025,1.2051948051948052,3.2,LEC,31206.190476190477,24992.0,30768.846153846152,25174.0,28928.153846153848,22179.0,72345.0,,,,,1.0,,,,,,,13.0625,,,,,,,285.8125,,,,,,,309.0,,,,,,,91709.4375,,,,,,,72345.0,,,,,1,0,0,1
2022,15,26.07792207792208,25.8,26.5,30.246753246753247,29.0,33.0,1012.290909090909,1012.0,1012.7,False,36.43896103896104,35.2,37.5,200.25974025974025,1.2051948051948052,3.2,MAG,31707.380952380954,25686.0,30284.833333333332,25919.0,27163.958333333332,22621.0,74282.0,,,,,1.0,,,,,,,12.5625,,,,,,,280.8125,,,,,,,314.0,,,,,,,83556.0625,,,,,,,74282.0,,,,,1,0,0,1
2022,15,26.07792207792208,25.8,26.5,30.246753246753247,29.0,33.0,1012.290909090909,1012.0,1012.7,False,36.43896103896104,35.2,37.5,200.25974025974025,1.2051948051948052,3.2,MSC,30438.772727272728,25380.0,29236.69230769231,25667.0,27547.69230769231,22557.0,73604.0,,,,,1.0,,,,,,,14.176470588235293,,,,,,,275.2352941176471,,,,,,,309.0,,,,,,,83746.70588235294,,,,,,,73604.0,,,,,1,0,0,1
2022,15,26.07792207792208,25.8,26.5,30.246753246753247,29.0,33.0,1012.290909090909,1012.0,1012.7,False,36.43896103896104,35.2,37.5,200.25974025974025,1.2051948051948052,3.2,NOR,31447.85,24853.0,29806.565217391304,25150.0,27916.91304347826,22248.0,72448.0,,,,,1.0,,,,,,,12.533333333333333,,,,,,,279.93333333333334,,,,,,,308.0,,,,,,,89677.26666666666,,,,,,,72448.0,,,,,1,0,0,1
2022,15,26.07792207792208,25.8,26.5,30.246753246753247,29.0,33.0,1012.290909090909,1012.0,1012.7,False,36.43896103896104,35.2,37.5,200.25974025974025,1.2051948051948052,3.2,OCO,30399.434782608696,25446.0,30159.51851851852,25481.0,25986.24,22378.0,73305.0,,,,,1.0,,,,,,,13.944444444444445,,,,,,,288.3888888888889,,,,,,,312.0,,,,,,,85128.22222222222,,,,,,,73305.0,,,,,1,0,0,1
2022,15,26.07792207792208,25.8,26.5,30.246753246753247,29.0,33.0,1012.290909090909,1012.0,1012.7,False,36.43896103896104,35.2,37.5,200.25974025974025,1.2051948051948052,3.2,PER,30404.42105263158,25304.0,32819.09090909091,25355.0,29292.954545454544,22661.0,73493.0,,,,,1.0,,,,,,,10.928571428571429,,,,,,,286.7857142857143,,,,,,,312.0,,,,,,,89107.21428571429,,,,,,,73493.0,,,,,1,0,0,1
2022,15,26.07792207792208,25.8,26.5,30.246753246753247,29.0,33.0,1012.290909090909,1012.0,1012.7,False,36.43896103896104,35.2,37.5,200.25974025974025,1.2051948051948052,3.2,RIC,28827.75,25073.0,31474.2,25690.0,26963.8,22485.0,73362.0,,,,,1.0,,,,,,,5.5,,,,,,,305.6666666666667,,,,,,,307.0,,,,,,,85404.33333333333,,,,,,,73362.0,,,,,1,0,0,1
2022,15,26.07792207792208,25.8,26.5,30.246753246753247,29.0,33.0,1012.290909090909,1012.0,1012.7,False,36.43896103896104,35.2,37.5,200.25974025974025,1.2051948051948052,3.2,RUS,34366.65217391304,24947.0,29804.14814814815,25454.0,26681.64,22254.0,72655.0,,,,,1.0,,,,,,,14.588235294117647,,,,,,,281.70588235294116,,,,,,,310.0,,,,,,,86526.94117647059,,,,,,,72655.0,,,,,1,0,0,1
2022,15,26.07792207792208,25.8,26.5,30.246753246753247,29.0,33.0,1012.290909090909,1012.0,1012.7,False,36.43896103896104,35.2,37.5,200.25974025974025,1.2051948051948052,3.2,SAI,30724.96153846154,25194.0,29930.793103448275,25023.0,27170.275862068964,22132.0,72349.0,,,,,1.0,,,,,,,15.619047619047619,,,,,,,283.85714285714283,,,,,,,318.0,,,,,,,86098.52380952382,,,,,,,72349.0,,,,,1,0,0,1
2022,15,26.07792207792208,25.8,26.5,30.246753246753247,29.0,33.0,1012.290909090909,1012.0,1012.7,False,36.43896103896104,35.2,37.5,200.25974025974025,1.2051948051948052,3.2,STR,31525.708333333332,24993.0,30512.821428571428,25331.0,26184.115384615383,22316.0,72746.0,,,,,1.0,,,,,,,14.421052631578947,,,,,,,281.6842105263158,,,,,,,309.0,,,,,,,87481.42105263157,,,,,,,72746.0,,,,,1,0,0,1
2022,15,26.07792207792208,25.8,26.5,30.246753246753247,29.0,33.0,1012.290909090909,1012.0,1012.7,False,36.43896103896104,35.2,37.5,200.25974025974025,1.2051948051948052,3.2,TSU,31120.3125,25558.0,32088.833333333332,25373.0,26915.277777777777,22488.0,73419.0,,,,,1.0,,,,,,,9.538461538461538,,,,,,,295.7692307692308,,,,,,,311.0,,,,,,,89408.46153846153,,,,,,,73419.0,,,,,1,0,0,1
2022,15,26.07792207792208,25.8,26.5,30.246753246753247,29.0,33.0,1012.290909090909,1012.0,1012.7,False,36.43896103896104,35.2,37.5,200.25974025974025,1.2051948051948052,3.2,VER,30250.5,25325.0,30465.04761904762,25191.0,28547.904761904763,22526.0,73042.0,,,,,,1.0,,,,,,,11.642857142857142,,,,,,,269.35714285714283,,,,,,,308.0,,,,,,,86971.0,,,,,,,73042.0,,,,1,0,0,1
2022,15,26.07792207792208,25.8,26.5,30.246753246753247,29.0,33.0,1012.290909090909,1012.0,1012.7,False,36.43896103896104,35.2,37.5,200.25974025974025,1.2051948051948052,3.2,VET,28622.956521739132,25349.0,29923.11111111111,25714.0,27486.85185185185,22548.0,73611.0,,,,,1.0,,,,,,,13.631578947368421,,,,,,,282.7894736842105,,,,,,,307.0,,,,,,,85099.8947368421,,,,,,,73611.0,,,,,1,0,0,1
2022,15,26.07792207792208,25.8,26.5,30.246753246753247,29.0,33.0,1012.290909090909,1012.0,1012.7,False,36.43896103896104,35.2,37.5,200.25974025974025,1.2051948051948052,3.2,ZHO,31613.52380952381,25396.0,30400.958333333332,25633.0,27020.208333333332,22538.0,73624.0,,,,,1.0,,,,,,,12.5625,,,,,,,278.5,,,,,,,313.0,,,,,,,87189.3125,,,,,,,73624.0,,,,,1,0,0,1
2022,16,27.555555555555557,27.0,28.0,40.71604938271605,38.0,44.0,989.0617283950618,988.7,989.2,False,37.41851851851852,35.9,38.8,167.53086419753086,1.0691358024691358,3.0,ALB,31628.526315789473,27154.0,32031.434782608696,28026.0,32161.478260869564,27602.0,82835.0,265455.2,5.0,6.0,,,4.0,,,,8.615384615384615,,,4.0,,,,305.38461538461536,,,309.5,,,,310.0,,,311.0,,,,93097.53846153847,,,82898.0,,,,84329.0,,,82835.0,,,,1,0,0,3
2022,16,27.555555555555557,27.0,28.0,40.71604938271605,38.0,44.0,989.0617283950618,988.7,989.2,False,37.41851851851852,35.9,38.8,167.53086419753086,1.0691358024691358,3.0,ALO,32633.08,27389.0,31649.178571428572,27876.0,31165.962962962964,27449.0,82752.0,383804.0,3.0,,,4.0,2.0,,,,,,12.3,2.5,,,,,,289.7,305.0,,,,,,309.0,307.0,,,,,,92409.75,98856.0,,,,,,83486.0,82752.0,,,,1,0,0,3
2022,16,27.555555555555557,27.0,28.0,40.71604938271605,38.0,44.0,989.0617283950618,988.7,989.2,False,37.41851851851852,35.9,38.8,167.53086419753086,1.0691358024691358,3.0,BOT,33312.625,27398.0,31607.0,28001.0,31961.69230769231,27594.0,82993.0,286609.0,3.0,4.0,,,3.0,,,,5.5,,,8.3,,,,276.0,,,300.7,,,,303.0,,,306.0,,,,94834.6,,,89357.3,,,,86515.0,,,82993.0,,,,1,0,0,3
2022,16,27.555555555555557,27.0,28.0,40.71604938271605,38.0,44.0,989.0617283950618,988.7,989.2,False,37.41851851851852,35.9,38.8,167.53086419753086,1.0691358024691358,3.0,GAS,33910.85,27403.0,32842.125,28097.0,32592.375,27634.0,83135.0,319390.75,4.0,,,1.0,5.0,,,,,,4.5,10.8,,,,,,305.5,284.2,,,,,,307.0,305.0,,,,,,101039.0,92303.2,,,,,,83806.0,83135.0,,,,1,0,0,3
2022,16,27.555555555555557,27.0,28.0,40.71604938271605,38.0,44.0,989.0617283950618,988.7,989.2,False,37.41851851851852,35.9,38.8,167.53086419753086,1.0691358024691358,3.0,HAM,32599.1,27296.0,31128.416666666668,27700.0,30710.5,27507.0,82503.0,345400.5000000001,4.0,,,4.0,5.0,,,,,,9.333333333333334,5.857142857142857,,,,,,300.55555555555554,264.57142857142856,,,,,,306.0,307.0,,,,,,86131.11111111111,94174.42857142857,,,,,,83332.0,82503.0,,,,1,0,0,3
2022,16,27.555555555555557,27.0,28.0,40.71604938271605,38.0,44.0,989.0617283950618,988.7,989.2,False,37.41851851851852,35.9,38.8,167.53086419753086,1.0691358024691358,3.0,LAT,34040.555555555555,27404.0,32758.68181818182,28421.0,32863.36363636364,28001.0,83982.0,315397.8,5.0,,,6.0,4.0,,,,,,8.727272727272727,3.6666666666666665,,,,,,280.1818181818182,309.3333333333333,,,,,,303.0,311.0,,,,,,94180.45454545454,95573.33333333333,,,,,,84739.0,83982.0,,,,1,0,0,3
2022,16,27.555555555555557,27.0,28.0,40.71604938271605,38.0,44.0,989.0617283950618,988.7,989.2,False,37.41851851851852,35.9,38.8,167.53086419753086,1.0691358024691358,3.0,LEC,32809.72222222222,27081.0,34775.0,27398.0,33284.36363636364,27081.0,81857.0,325612.5,4.0,,,1.0,5.0,,,,,,3.5,11.1,,,,,,307.5,283.4,,,,,,315.0,306.0,,,,,,109487.0,93196.9,,,,,,82307.0,81857.0,,,,1,0,0,3
2022,16,27.555555555555557,27.0,28.0,40.71604938271605,38.0,44.0,989.0617283950618,988.7,989.2,False,37.41851851851852,35.9,38.8,167.53086419753086,1.0691358024691358,3.0,MAG,31920.409090909092,27615.0,32994.88,28123.0,34041.92,27796.0,83557.0,458298.6666666667,3.0,,,3.0,4.0,,,,,,9.0,5.0,,,,,,297.5833333333333,263.3333333333333,,,,,,304.0,303.0,,,,,,90265.16666666667,100959.5,,,,,,84234.0,83557.0,,,,1,0,0,3
2022,16,27.555555555555557,27.0,28.0,40.71604938271605,38.0,44.0,989.0617283950618,988.7,989.2,False,37.41851851851852,35.9,38.8,167.53086419753086,1.0691358024691358,3.0,MSC,32088.571428571428,27624.0,36415.875,28264.0,33996.0,28225.0,84586.0,729911.0,1.0,1.0,,,2.0,,,,2.5,,,3.0,,,,300.5,,,299.0,,,,301.0,,,299.0,,,,86516.5,,,110994.33333333333,,,,86250.0,,,84586.0,,,,1,0,0,3
2022,16,27.555555555555557,27.0,28.0,40.71604938271605,38.0,44.0,989.0617283950618,988.7,989.2,False,37.41851851851852,35.9,38.8,167.53086419753086,1.0691358024691358,3.0,NOR,31592.076923076922,27121.0,32533.758620689656,27783.0,30889.275862068964,27434.0,82338.0,324329.0,3.0,,,3.0,4.0,,,,,,11.294117647058824,4.8,,,,,,301.2352941176471,264.0,,,,,,307.0,301.0,,,,,,91444.05882352941,98070.0,,,,,,83689.0,82338.0,,,,1,0,0,3
2022,16,27.555555555555557,27.0,28.0,40.71604938271605,38.0,44.0,989.0617283950618,988.7,989.2,False,37.41851851851852,35.9,38.8,167.53086419753086,1.0691358024691358,3.0,OCO,32310.5,27347.0,32705.714285714286,27804.0,31986.928571428572,27577.0,82728.0,343002.6666666667,3.0,4.0,,,3.0,,,,11.722222222222221,,,3.6666666666666665,,,,289.27777777777777,,,305.3333333333333,,,,306.0,,,306.0,,,,93590.27777777778,,,99643.66666666667,,,,83664.0,,,82728.0,,,,1,0,0,3
2022,16,27.555555555555557,27.0,28.0,40.71604938271605,38.0,44.0,989.0617283950618,988.7,989.2,False,37.41851851851852,35.9,38.8,167.53086419753086,1.0691358024691358,3.0,PER,35133.76190476191,27413.0,32320.16,27619.0,32300.48,27362.0,82394.0,259725.6,5.0,,,6.0,5.0,,,,,,12.066666666666666,4.0,,,,,,285.8,305.0,,,,,,305.0,305.0,,,,,,95804.6,82394.0,,,,,,82866.0,82394.0,,,,1,0,0,3
2022,16,27.555555555555557,27.0,28.0,40.71604938271605,38.0,44.0,989.0617283950618,988.7,989.2,False,37.41851851851852,35.9,38.8,167.53086419753086,1.0691358024691358,3.0,RIC,31965.565217391304,27207.0,33000.846153846156,28129.0,31222.36,27575.0,82911.0,428257.3333333333,3.0,4.0,,,3.0,,,,6.9,,,7.777777777777778,,,,284.9,,,300.8888888888889,,,,308.0,,,307.0,,,,94624.3,,,86660.22222222222,,,,84335.0,,,82911.0,,,,1,0,0,3
2022,16,27.555555555555557,27.0,28.0,40.71604938271605,38.0,44.0,989.0617283950618,988.7,989.2,False,37.41851851851852,35.9,38.8,167.53086419753086,1.0691358024691358,3.0,RUS,33488.1,27304.0,33705.208333333336,27679.0,32589.875,27403.0,82386.0,341256.75,4.0,,,5.0,4.0,,,,,,5.75,8.25,,,,,,277.125,299.375,,,,,,304.0,300.0,,,,,,107954.25,85932.75,,,,,,83023.0,82386.0,,,,1,0,0,3
2022,16,27.555555555555557,27.0,28.0,40.71604938271605,38.0,44.0,989.0617283950618,988.7,989.2,False,37.41851851851852,35.9,38.8,167.53086419753086,1.0691358024691358,3.0,SAI,34673.45,27197.0,34389.166666666664,27345.0,32651.652173913044,27090.0,81664.0,362224.25,4.0,,,5.0,3.0,,,,,,10.714285714285714,3.0,,,,,,288.2857142857143,308.0,,,,,,312.0,308.0,,,,,,94697.14285714286,81664.0,,,,,,82483.0,81664.0,,,,1,0,0,3
2022,16,27.555555555555557,27.0,28.0,40.71604938271605,38.0,44.0,989.0617283950618,988.7,989.2,False,37.41851851851852,35.9,38.8,167.53086419753086,1.0691358024691358,3.0,STR,32257.08695652174,27591.0,32774.61538461538,28096.0,32140.5,28042.0,83785.0,386866.0,3.0,,,3.0,4.0,,,,,,9.785714285714286,5.166666666666667,,,,,,301.0,280.0,,,,,,306.0,306.0,,,,,,93364.78571428571,98027.66666666667,,,,,,84475.0,83785.0,,,,1,0,0,3
2022,16,27.555555555555557,27.0,28.0,40.71604938271605,38.0,44.0,989.0617283950618,988.7,989.2,False,37.41851851851852,35.9,38.8,167.53086419753086,1.0691358024691358,3.0,TSU,31768.39285714286,27526.0,31826.451612903227,27912.0,31859.666666666668,27642.0,83217.0,280514.0,3.0,,,4.0,3.0,,,,,,14.909090909090908,2.5,,,,,,291.09090909090907,274.0,,,,,,307.0,306.0,,,,,,92111.27272727272,111770.0,,,,,,83217.0,111141.0,,,,1,0,0,3
2022,16,27.555555555555557,27.0,28.0,40.71604938271605,38.0,44.0,989.0617283950618,988.7,989.2,False,37.41851851851852,35.9,38.8,167.53086419753086,1.0691358024691358,3.0,VER,32279.5,27345.0,32523.0,27329.0,30976.115384615383,27063.0,81807.0,615670.0,2.0,,,3.0,2.0,,,,,,12.578947368421053,2.5,,,,,,288.4736842105263,305.0,,,,,,306.0,305.0,,,,,,92449.84210526316,105012.5,,,,,,82303.0,81807.0,,,,1,0,0,3
2022,16,27.555555555555557,27.0,28.0,40.71604938271605,38.0,44.0,989.0617283950618,988.7,989.2,False,37.41851851851852,35.9,38.8,167.53086419753086,1.0691358024691358,3.0,VET,32641.409090909092,27387.0,33074.84,28198.0,32862.68,28034.0,83731.0,448950.0,3.0,,,1.0,4.0,,,,,,5.5,9.272727272727273,,,,,,300.125,276.54545454545456,,,,,,303.0,309.0,,,,,,100080.375,94591.27272727272,,,,,,84471.0,83731.0,,,,1,0,0,3
2022,16,27.555555555555557,27.0,28.0,40.71604938271605,38.0,44.0,989.0617283950618,988.7,989.2,False,37.41851851851852,35.9,38.8,167.53086419753086,1.0691358024691358,3.0,ZHO,35212.88888888889,27225.0,32551.733333333334,28066.0,32098.275862068964,27647.0,82938.0,163790.0,5.0,,,5.0,6.0,,,,,,9.076923076923077,8.125,,,,,,302.6923076923077,279.5,,,,,,308.0,309.0,,,,,,96688.92307692308,94124.875,,,,,,83958.0,82938.0,,,,1,0,0,3
2022,17,29.35180722891566,29.1,29.6,77.60240963855422,77.0,79.0,1008.7975903614457,1008.2,1009.4,False,33.318072289156625,32.1,34.1,150.7710843373494,0.6686746987951807,1.3,ALB,34177.181818181816,28287.0,46832.52,40960.0,43325.64,35897.0,105144.0,261701.66666666666,3.0,,,4.0,2.0,,,,,,9.733333333333333,3.6666666666666665,,,,,,230.86666666666667,250.66666666666666,,,,,,250.0,252.0,,,,,,118811.4,118158.0,,,,,,106745.0,105144.0,,,,0,0,0,7
2022,17,29.35180722891566,29.1,29.6,77.60240963855422,77.0,79.0,1008.7975903614457,1008.2,1009.4,False,33.318072289156625,32.1,34.1,150.7710843373494,0.6686746987951807,1.3,ALO,33183.5,28260.0,45758.04347826087,39946.0,43787.782608695656,35197.0,103520.0,535265.5,2.0,,,1.0,3.0,,,,,,4.0,9.363636363636363,,,,,,243.0,227.63636363636363,,,,,,253.0,255.0,,,,,,120056.0,113240.54545454546,,,,,,104371.0,103520.0,,,,0,0,0,7
2022,17,29.35180722891566,29.1,29.6,77.60240963855422,77.0,79.0,1008.7975903614457,1008.2,1009.4,False,33.318072289156625,32.1,34.1,150.7710843373494,0.6686746987951807,1.3,BOT,34205.13043478261,28115.0,45490.230769230766,39974.0,42732.807692307695,35342.0,103431.0,199256.25,4.0,,,5.0,3.0,,,,,,10.2,3.0,,,,,,230.86666666666667,252.66666666666666,,,,,,250.0,253.0,,,,,,116277.06666666667,124995.66666666667,,,,,,105329.0,103431.0,,,,0,0,0,7
2022,17,29.35180722891566,29.1,29.6,77.60240963855422,77.0,79.0,1008.7975903614457,1008.2,1009.4,False,33.318072289156625,32.1,34.1,150.7710843373494,0.6686746987951807,1.3,GAS,34158.36842105263,28274.0,47813.954545454544,40354.0,42918.09090909091,35599.0,104469.0,571630.5,2.0,,,3.0,2.0,,,,,,9.4,3.6666666666666665,,,,,,226.0,247.33333333333334,,,,,,250.0,250.0,,,,,,113745.9,112854.0,,,,,,105179.0,104469.0,,,,0,0,0,7
2022,17,29.35180722891566,29.1,29.6,77.60240963855422,77.0,79.0,1008.7975903614457,1008.2,1009.4,False,33.318072289156625,32.1,34.1,150.7710843373494,0.6686746987951807,1.3,HAM,33107.05263157895,27838.0,46820.545454545456,39858.0,42079.95238095238,35256.0,103182.0,565559.0,2.0,,,1.0,3.0,,,,,,4.0,8.454545454545455,,,,,,233.5,222.45454545454547,,,,,,251.0,252.0,,,,,,117874.0,116176.81818181818,,,,,,103668.0,103182.0,,,,0,0,0,7
2022,17,29.35180722891566,29.1,29.6,77.60240963855422,77.0,79.0,1008.7975903614457,1008.2,1009.4,False,33.318072289156625,32.1,34.1,150.7710843373494,0.6686746987951807,1.3,LAT,35228.47619047619,28618.0,47738.4,41370.0,44160.16,36484.0,106553.0,197826.99999999994,4.0,,,5.0,4.0,,,,,,5.2,8.8,,,,,,245.0,243.4,,,,,,248.0,252.0,,,,,,126523.4,114285.4,,,,,,108727.0,106553.0,,,,0,0,0,7
2022,17,29.35180722891566,29.1,29.6,77.60240963855422,77.0,79.0,1008.7975903614457,1008.2,1009.4,False,33.318072289156625,32.1,34.1,150.7710843373494,0.6686746987951807,1.3,LEC,39634.916666666664,28016.0,50925.21428571428,39568.0,44723.0,34967.0,102795.0,168307.5,2.0,,,1.0,3.0,,,,,,4.0,3.5,,,,,,250.33333333333334,229.0,,,,,,252.0,254.0,,,,,,103210.33333333333,108845.5,,,,,,102882.0,102795.0,,,,0,0,0,7
2022,17,29.35180722891566,29.1,29.6,77.60240963855422,77.0,79.0,1008.7975903614457,1008.2,1009.4,False,33.318072289156625,32.1,34.1,150.7710843373494,0.6686746987951807,1.3,MAG,32650.263157894737,28505.0,45991.77272727273,40311.0,42413.59090909091,35606.0,104422.0,498225.5,2.0,,,3.0,2.0,,,,,,9.384615384615385,3.0,,,,,,226.84615384615384,249.0,,,,,,250.0,250.0,,,,,,117723.61538461539,104702.0,,,,,,106309.0,104422.0,,,,0,0,0,7
2022,17,29.35180722891566,29.1,29.6,77.60240963855422,77.0,79.0,1008.7975903614457,1008.2,1009.4,False,33.318072289156625,32.1,34.1,150.7710843373494,0.6686746987951807,1.3,MSC,33079.15,28436.0,46297.260869565216,40985.0,41767.86956521739,36202.0,105623.0,540007.0,2.0,3.0,,,2.0,,,,9.928571428571429,,,3.0,,,,225.35714285714286,,,245.0,,,,247.0,,,250.0,,,,116103.71428571429,,,119801.0,,,,108210.0,,,105623.0,,,,0,0,0,7
2022,17,29.35180722891566,29.1,29.6,77.60240963855422,77.0,79.0,1008.7975903614457,1008.2,1009.4,False,33.318072289156625,32.1,34.1,150.7710843373494,0.6686746987951807,1.3,NOR,37329.692307692305,28213.0,46151.625,40069.0,43520.1875,35731.0,104013.0,379777.25,4.0,1.0,,,5.0,,,,3.0,,,4.25,,,,246.0,,,197.75,,,,248.0,,,246.0,,,,121008.0,,,120477.25,,,,106389.0,,,104013.0,,,,0,0,0,7
2022,17,29.35180722891566,29.1,29.6,77.60240963855422,77.0,79.0,1008.7975903614457,1008.2,1009.4,False,33.318072289156625,32.1,34.1,150.7710843373494,0.6686746987951807,1.3,OCO,33916.55,28204.0,46798.565217391304,40028.0,42515.65217391304,35180.0,103412.0,416028.0000000001,2.0,,,3.0,2.0,,,,,,10.75,3.0,,,,,,226.16666666666666,253.0,,,,,,252.0,253.0,,,,,,113502.91666666667,103522.0,,,,,,104926.0,103412.0,,,,0,0,0,7
2022,17,29.35180722891566,29.1,29.6,77.60240963855422,77.0,79.0,1008.7975903614457,1008.2,1009.4,False,33.318072289156625,32.1,34.1,150.7710843373494,0.6686746987951807,1.3,PER,41985.90909090909,28164.0,47367.07692307692,40076.0,44858.153846153844,35647.0,103906.0,241773.0,3.0,,,,4.0,,,,,,,8.0,,,,,,,209.8,,,,,,,251.0,,,,,,,115204.2,,,,,,,103906.0,,,,0,0,0,7
2022,17,29.35180722891566,29.1,29.6,77.60240963855422,77.0,79.0,1008.7975903614457,1008.2,1009.4,False,33.318072289156625,32.1,34.1,150.7710843373494,0.6686746987951807,1.3,RIC,34289.333333333336,28370.0,45506.22222222222,40783.0,43310.27777777778,36039.0,105447.0,547578.9999999999,3.0,4.0,,,2.0,,,,6.555555555555555,,,3.0,,,,220.0,,,232.0,,,,248.0,,,250.0,,,,117733.55555555556,,,121286.66666666667,,,,107485.0,,,105447.0,,,,0,0,0,7
2022,17,29.35180722891566,29.1,29.6,77.60240963855422,77.0,79.0,1008.7975903614457,1008.2,1009.4,False,33.318072289156625,32.1,34.1,150.7710843373494,0.6686746987951807,1.3,RUS,33821.34782608696,27949.0,46026.11538461538,39866.0,42835.153846153844,35025.0,102911.0,246886.0,3.0,,,4.0,2.0,,,,,,11.0,3.0,,,,,,231.5,236.0,,,,,,253.0,252.0,,,,,,119135.4375,128149.33333333333,,,,,,103891.0,102911.0,,,,0,0,0,7
2022,17,29.35180722891566,29.1,29.6,77.60240963855422,77.0,79.0,1008.7975903614457,1008.2,1009.4,False,33.318072289156625,32.1,34.1,150.7710843373494,0.6686746987951807,1.3,SAI,38506.55,28005.0,47017.0,39460.0,42513.434782608696,34980.0,102587.0,200270.5,4.0,,,5.0,4.0,,,,,,10.4,3.5,,,,,,229.4,252.0,,,,,,256.0,255.0,,,,,,111230.5,102669.0,,,,,,103231.0,102587.0,,,,0,0,0,7
2022,17,29.35180722891566,29.1,29.6,77.60240963855422,77.0,79.0,1008.7975903614457,1008.2,1009.4,False,33.318072289156625,32.1,34.1,150.7710843373494,0.6686746987951807,1.3,STR,34153.22222222222,28327.0,46249.380952380954,40047.0,43351.04761904762,35573.0,103982.0,477618.5,2.0,,,3.0,2.0,,,,,,9.0,3.6666666666666665,,,,,,223.3,246.66666666666666,,,,,,249.0,248.0,,,,,,111674.2,111396.66666666667,,,,,,105144.0,103982.0,,,,0,0,0,7
2022,17,29.35180722891566,29.1,29.6,77.60240963855422,77.0,79.0,1008.7975903614457,1008.2,1009.4,False,33.318072289156625,32.1,34.1,150.7710843373494,0.6686746987951807,1.3,TSU,34431.666666666664,28593.0,53227.0,40793.0,45986.0,35825.0,105211.0,269255.0,1.0,,,1.0,,,,,,,5.6,,,,,,,247.4,,,,,,,249.0,,,,,,,119732.4,,,,,,,105211.0,,,,,0,0,0,7
2022,17,29.35180722891566,29.1,29.6,77.60240963855422,77.0,79.0,1008.7975903614457,1008.2,1009.4,False,33.318072289156625,32.1,34.1,150.7710843373494,0.6686746987951807,1.3,VER,36080.333333333336,27928.0,46647.875,39672.0,43121.0,35326.0,102926.0,1688645.0,1.0,1.0,,,2.0,,,,2.0,,,3.0,,,,253.0,,,147.5,,,,253.0,,,255.0,,,,104645.0,,,117189.0,,,,104645.0,,,102926.0,,,,0,0,0,7
2022,17,29.35180722891566,29.1,29.6,77.60240963855422,77.0,79.0,1008.7975903614457,1008.2,1009.4,False,33.318072289156625,32.1,34.1,150.7710843373494,0.6686746987951807,1.3,VET,33096.28571428572,28213.0,45805.666666666664,40213.0,42846.375,35759.0,104249.0,488969.5,2.0,,,1.0,3.0,,,,,,4.5,8.833333333333334,,,,,,231.66666666666666,226.5,,,,,,250.0,252.0,,,,,,125235.5,115264.16666666667,,,,,,105767.0,104249.0,,,,0,0,0,7
2022,17,29.35180722891566,29.1,29.6,77.60240963855422,77.0,79.0,1008.7975903614457,1008.2,1009.4,False,33.318072289156625,32.1,34.1,150.7710843373494,0.6686746987951807,1.3,ZHO,35430.181818181816,28285.0,46315.64,40534.0,43113.76,35705.0,104524.0,228357.75,4.0,5.0,,,4.0,,,,5.571428571428571,,,7.9,,,,215.71428571428572,,,237.9,,,,247.0,,,251.0,,,,127075.42857142857,,,114660.1,,,,106608.0,,,104524.0,,,,0,0,0,7
2022,18,15.808035714285714,15.5,16.0,94.61607142857143,94.0,95.0,1007.4875000000001,1007.2,1008.0,True,18.941964285714285,18.5,19.3,240.85714285714286,1.175892857142857,2.4,ALB,47793.666666666664,37583.0,51615.066666666666,47174.0,23969.4,20282.0,105039.0,503110.5,4.0,,3.0,,,,,1.0,,10.0,,,,,5.5,,249.85714285714286,,,,,241.0,,252.0,,,,,241.0,,120885.14285714286,,,,,111443.0,,105039.0,,,,,111364.0,0,0,0,1
2022,18,15.808035714285714,15.5,16.0,94.61607142857143,94.0,95.0,1007.4875000000001,1007.2,1008.0,True,18.941964285714285,18.5,19.3,240.85714285714286,1.175892857142857,2.4,ALO,47496.083333333336,36712.0,49787.142857142855,46697.0,23234.64285714286,20124.0,103533.0,629003.5,2.0,,3.0,,,,,,,10.75,,,,,,,223.625,,,,,,,249.0,,,,,,,109043.125,,,,,,,103533.0,,,,,,0,0,0,1
2022,18,15.808035714285714,15.5,16.0,94.61607142857143,94.0,95.0,1007.4875000000001,1007.2,1008.0,True,18.941964285714285,18.5,19.3,240.85714285714286,1.175892857142857,2.4,BOT,43272.5,37176.0,51337.8,46240.0,23915.1,20317.0,103733.0,393683.6666666667,3.0,,4.0,,,,,,,16.833333333333332,,,,,,,232.41666666666666,,,,,,,248.0,,,,,,,113678.58333333333,,,,,,,103733.0,,,,,,0,0,0,1
2022,18,15.808035714285714,15.5,16.0,94.61607142857143,94.0,95.0,1007.4875000000001,1007.2,1008.0,True,18.941964285714285,18.5,19.3,240.85714285714286,1.175892857142857,2.4,GAS,53496.818181818184,38500.0,51372.38461538462,47978.0,24048.69230769231,20631.0,107109.0,452477.0,5.0,,5.0,,,,,1.0,,7.75,,,,,10.0,,246.0,,,,,240.0,,247.0,,,,,240.0,,124276.0,,,,,110641.0,,107109.0,,,,,110641.0,0,0,0,1
2022,18,15.808035714285714,15.5,16.0,94.61607142857143,94.0,95.0,1007.4875000000001,1007.2,1008.0,True,18.941964285714285,18.5,19.3,240.85714285714286,1.175892857142857,2.4,HAM,44290.52631578947,36360.0,50979.27272727273,45974.0,23653.727272727272,19836.0,102170.0,349358.8,5.0,,6.0,,,,,1.0,,9.153846153846153,,,,,3.0,,232.30769230769232,,,,,241.0,,249.0,,,,,241.0,,116170.38461538461,,,,,109489.0,,102170.0,,,,,109489.0,0,0,0,1
2022,18,15.808035714285714,15.5,16.0,94.61607142857143,94.0,95.0,1007.4875000000001,1007.2,1008.0,True,18.941964285714285,18.5,19.3,240.85714285714286,1.175892857142857,2.4,LAT,46255.53846153846,37683.0,53717.875,46956.0,26547.125,20323.0,104962.0,628340.3333333334,3.0,,2.0,,,,,1.0,,10.5,,,,,8.5,,249.125,,,,,240.0,,253.0,,,,,240.0,,117948.75,,,,,114352.0,,104962.0,,,,,112233.0,0,0,0,1
2022,18,15.808035714285714,15.5,16.0,94.61607142857143,94.0,95.0,1007.4875000000001,1007.2,1008.0,True,18.941964285714285,18.5,19.3,240.85714285714286,1.175892857142857,2.4,LEC,45010.0,37711.0,51848.8,46764.0,22514.6,20084.0,104709.0,373703.0,2.0,,3.0,,,,,,,10.0,,,,,,,248.5,,,,,,,250.0,,,,,,,105262.75,,,,,,,104709.0,,,,,,0,0,0,1
2022,18,15.808035714285714,15.5,16.0,94.61607142857143,94.0,95.0,1007.4875000000001,1007.2,1008.0,True,18.941964285714285,18.5,19.3,240.85714285714286,1.175892857142857,2.4,MAG,46389.0,36783.0,52751.23529411765,46009.0,24343.470588235294,20395.0,103187.0,895321.6666666666,3.0,,4.0,,,,,1.0,,4.833333333333333,,,,,15.0,,199.33333333333334,,,,,237.66666666666666,,245.0,,,,,239.0,,118290.33333333333,,,,,113070.33333333333,,103187.0,,,,,112405.0,0,0,0,1
2022,18,15.808035714285714,15.5,16.0,94.61607142857143,94.0,95.0,1007.4875000000001,1007.2,1008.0,True,18.941964285714285,18.5,19.3,240.85714285714286,1.175892857142857,2.4,NOR,42033.333333333336,37780.0,49067.818181818184,47494.0,22434.81818181818,20404.0,105885.0,301998.5,2.0,,3.0,,,,,1.0,,7.4,,,,,6.0,,246.6,,,,,240.0,,247.0,,,,,240.0,,113632.2,,,,,110468.0,,105885.0,,,,,110468.0,0,0,0,1
2022,18,15.808035714285714,15.5,16.0,94.61607142857143,94.0,95.0,1007.4875000000001,1007.2,1008.0,True,18.941964285714285,18.5,19.3,240.85714285714286,1.175892857142857,2.4,OCO,52782.9,37012.0,49694.230769230766,46444.0,24717.384615384617,20240.0,103884.0,464598.75,4.0,,5.0,,,,,,,10.6,,,,,,,209.2,,,,,,,250.0,,,,,,,111218.0,,,,,,,103884.0,,,,,,0,0,0,1
2022,18,15.808035714285714,15.5,16.0,94.61607142857143,94.0,95.0,1007.4875000000001,1007.2,1008.0,True,18.941964285714285,18.5,19.3,240.85714285714286,1.175892857142857,2.4,PER,44249.125,36848.0,48443.269230769234,46088.0,22926.384615384617,19898.0,102834.0,147466.75000000012,4.0,,5.0,,,,,,,19.333333333333332,,,,,,,238.5,,,,,,,252.0,,,,,,,111403.94444444444,,,,,,,102834.0,,,,,,0,0,0,1
2022,18,15.808035714285714,15.5,16.0,94.61607142857143,94.0,95.0,1007.4875000000001,1007.2,1008.0,True,18.941964285714285,18.5,19.3,240.85714285714286,1.175892857142857,2.4,RIC,43089.0,38118.0,55093.88888888889,47353.0,25617.333333333332,20559.0,106030.0,597367.5,2.0,,2.0,,,,,1.0,,8.0,,,,,5.0,,241.0,,,,,240.0,,247.0,,,,,240.0,,121750.66666666667,,,,,110736.0,,106030.0,,,,,110736.0,0,0,0,1
2022,18,15.808035714285714,15.5,16.0,94.61607142857143,94.0,95.0,1007.4875000000001,1007.2,1008.0,True,18.941964285714285,18.5,19.3,240.85714285714286,1.175892857142857,2.4,RUS,44746.26315789474,36075.0,50712.391304347824,45870.0,23723.130434782608,19990.0,101935.0,431564.4,5.0,,6.0,,,,,1.0,,6.818181818181818,,,,,2.5,,231.72727272727272,,,,,240.0,,250.0,,,,,240.0,,114751.36363636363,,,,,112059.0,,101935.0,,,,,111259.0,0,0,0,1
2022,18,15.808035714285714,15.5,16.0,94.61607142857143,94.0,95.0,1007.4875000000001,1007.2,1008.0,True,18.941964285714285,18.5,19.3,240.85714285714286,1.175892857142857,2.4,SAI,47372.0,36725.0,49304.65217391304,46486.0,22761.217391304348,19961.0,103204.0,292276.6666666667,6.0,,7.0,,,,,1.0,,13.333333333333334,,,,,14.0,,249.88888888888889,,,,,242.66666666666666,,255.0,,,,,243.0,,108395.22222222222,,,,,116302.66666666667,,103204.0,,,,,109615.0,0,0,0,1
2022,18,15.808035714285714,15.5,16.0,94.61607142857143,94.0,95.0,1007.4875000000001,1007.2,1008.0,True,18.941964285714285,18.5,19.3,240.85714285714286,1.175892857142857,2.4,STR,43635.0,38308.0,50323.619047619046,47856.0,22978.190476190477,20375.0,106776.0,665497.0,2.0,,3.0,,,,,,,16.625,,,,,,,234.8125,,,,,,,248.0,,,,,,,114243.625,,,,,,,106776.0,,,,,,0,0,0,1
2022,18,15.808035714285714,15.5,16.0,94.61607142857143,94.0,95.0,1007.4875000000001,1007.2,1008.0,True,18.941964285714285,18.5,19.3,240.85714285714286,1.175892857142857,2.4,TSU,44471.583333333336,37833.0,50283.77777777778,47144.0,23186.85185185185,20280.0,105257.0,371055.3333333333,3.0,,4.0,,,,,1.0,,17.61111111111111,,,,,14.0,,235.38888888888889,,,,,240.0,,250.0,,,,,240.0,,110122.0,,,,,110581.0,,105257.0,,,,,110581.0,0,0,0,1
2022,18,15.808035714285714,15.5,16.0,94.61607142857143,94.0,95.0,1007.4875000000001,1007.2,1008.0,True,18.941964285714285,18.5,19.3,240.85714285714286,1.175892857142857,2.4,VER,44676.22727272727,36555.0,50547.291666666664,46129.0,23151.791666666668,19960.0,102786.0,365092.0,2.0,,3.0,,,,,,,17.61111111111111,,,,,,,235.83333333333334,,,,,,,252.0,,,,,,,110608.16666666667,,,,,,,102786.0,,,,,,0,0,0,1
2022,18,15.808035714285714,15.5,16.0,94.61607142857143,94.0,95.0,1007.4875000000001,1007.2,1008.0,True,18.941964285714285,18.5,19.3,240.85714285714286,1.175892857142857,2.4,VET,42858.13636363636,37722.0,48886.958333333336,46905.0,22919.875,20578.0,105261.0,553028.4999999998,2.0,,3.0,,,,,,,16.38888888888889,,,,,,,236.77777777777777,,,,,,,249.0,,,,,,,109585.83333333333,,,,,,,105261.0,,,,,,0,0,0,1
2022,18,15.808035714285714,15.5,16.0,94.61607142857143,94.0,95.0,1007.4875000000001,1007.2,1008.0,True,18.941964285714285,18.5,19.3,240.85714285714286,1.175892857142857,2.4,ZHO,43138.357142857145,37309.0,52779.82352941176,46734.0,24647.70588235294,20170.0,104525.0,1281446.5000000002,2.0,,3.0,,,,,1.0,,12.444444444444445,,,,,11.5,,224.33333333333334,,,,,241.0,,248.0,,,,,241.0,,116459.11111111111,,,,,111354.5,,104525.0,,,,,111213.0,0,0,0,1
2022,19,29.274074074074072,28.2,29.9,28.38888888888889,27.0,30.0,993.7685185185185,993.5,994.0,False,34.53611111111111,31.4,37.4,132.5185185185185,2.2092592592592593,6.0,ALB,28213.909090909092,27427.0,42266.07692307692,40833.0,35114.5,33357.0,101853.0,281589.6666666667,3.0,,,,,4.0,,,,,,,7.333333333333333,,,,,,,198.0,,,,,,,202.0,,,,,,,103940.33333333333,,,,,,,101853.0,,,0,0,0,0
2022,19,29.274074074074072,28.2,29.9,28.38888888888889,27.0,30.0,993.7685185185185,993.5,994.0,False,34.53611111111111,31.4,37.4,132.5185185185185,2.2092592592592593,6.0,ALO,28320.727272727272,27305.0,42622.730769230766,40832.0,34966.11538461538,32857.0,101334.0,317806.6666666667,3.0,,,,,4.0,,,,,,,7.333333333333333,,,,,,,197.61111111111111,,,,,,,203.0,,,,,,,103958.16666666667,,,,,,,101334.0,,,0,0,0,0
2022,19,29.274074074074072,28.2,29.9,28.38888888888889,27.0,30.0,993.7685185185185,993.5,994.0,False,34.53611111111111,31.4,37.4,132.5185185185185,2.2092592592592593,6.0,BOT,28709.8064516129,26344.0,43262.10810810811,39143.0,35049.51351351351,31817.0,97525.0,313034.6,5.0,,,1.0,2.0,6.0,,,,,4.0,3.5,6.8125,,,,,203.2,192.75,199.4375,,,,,205.0,210.0,204.0,,,,,114420.8,114707.5,102046.5625,,,,,98999.0,97525.0,99842.0,,,0,0,0,0
2022,19,29.274074074074072,28.2,29.9,28.38888888888889,27.0,30.0,993.7685185185185,993.5,994.0,False,34.53611111111111,31.4,37.4,132.5185185185185,2.2092592592592593,6.0,GAS,27990.363636363636,27098.0,42216.46153846154,40231.0,34740.653846153844,32286.0,99840.0,360415.0,3.0,,,,,4.0,,,,,,,7.333333333333333,,,,,,,195.77777777777777,,,,,,,201.0,,,,,,,102652.05555555556,,,,,,,99840.0,,,0,0,0,0
2022,19,29.274074074074072,28.2,29.9,28.38888888888889,27.0,30.0,993.7685185185185,993.5,994.0,False,34.53611111111111,31.4,37.4,132.5185185185185,2.2092592592592593,6.0,HAM,27984.68181818182,27100.0,42005.92307692308,40228.0,34383.307692307695,32253.999999999996,99698.0,456900.3333333333,3.0,,,,,4.0,,,,,,,7.333333333333333,,,,,,,198.27777777777777,,,,,,,204.0,,,,,,,102145.38888888889,,,,,,,99698.0,,,0,0,0,0
2022,19,29.274074074074072,28.2,29.9,28.38888888888889,27.0,30.0,993.7685185185185,993.5,994.0,False,34.53611111111111,31.4,37.4,132.5185185185185,2.2092592592592593,6.0,LAT,29634.18181818182,27673.0,44398.692307692305,40983.0,36361.5,33495.0,102317.0,427350.0,3.0,,,,,4.0,,,,,,,7.333333333333333,,,,,,,197.88888888888889,,,,,,,203.0,,,,,,,104946.5,,,,,,,102317.0,,,0,0,0,0
2022,19,29.274074074074072,28.2,29.9,28.38888888888889,27.0,30.0,993.7685185185185,993.5,994.0,False,34.53611111111111,31.4,37.4,132.5185185185185,2.2092592592592593,6.0,LEC,28955.677419354837,26180.0,42096.56756756757,39105.0,34215.48648648649,31525.0,96810.0,275868.8333333333,6.0,,,3.0,1.0,7.0,,,,,5.428571428571429,10.0,6.428571428571429,,,,,199.57142857142858,203.33333333333334,198.0,,,,,209.0,204.0,204.0,,,,,105991.71428571429,114672.66666666667,100456.92857142857,,,,,96810.0,97614.0,97676.0,,,0,0,0,0
2022,19,29.274074074074072,28.2,29.9,28.38888888888889,27.0,30.0,993.7685185185185,993.5,994.0,False,34.53611111111111,31.4,37.4,132.5185185185185,2.2092592592592593,6.0,MAG,28727.5,27383.0,43856.916666666664,40473.0,35668.25,32180.0,100084.0,790532.0,3.0,,,,,4.0,,,,,,,7.0625,,,,,,,195.4375,,,,,,,203.0,,,,,,,103224.4375,,,,,,,100084.0,,,0,0,0,0
2022,19,29.274074074074072,28.2,29.9,28.38888888888889,27.0,30.0,993.7685185185185,993.5,994.0,False,34.53611111111111,31.4,37.4,132.5185185185185,2.2092592592592593,6.0,MSC,28438.863636363636,27116.0,42951.53846153846,40045.0,34824.42307692308,32276.000000000004,99507.0,543158.3333333334,3.0,,,,,4.0,,,,,,,7.333333333333333,,,,,,,196.22222222222223,,,,,,,204.0,,,,,,,103103.05555555556,,,,,,,99507.0,,,0,0,0,0
2022,19,29.274074074074072,28.2,29.9,28.38888888888889,27.0,30.0,993.7685185185185,993.5,994.0,False,34.53611111111111,31.4,37.4,132.5185185185185,2.2092592592592593,6.0,NOR,28375.81818181818,27125.0,42254.307692307695,40355.0,34132.192307692305,32049.0,99547.0,348952.6666666667,3.0,,,,,4.0,,,,,,,7.333333333333333,,,,,,,198.33333333333334,,,,,,,204.0,,,,,,,102676.33333333333,,,,,,,99547.0,,,0,0,0,0
2022,19,29.274074074074072,28.2,29.9,28.38888888888889,27.0,30.0,993.7685185185185,993.5,994.0,False,34.53611111111111,31.4,37.4,132.5185185185185,2.2092592592592593,6.0,OCO,27991.227272727272,27431.0,42183.96153846154,40772.0,34693.88461538462,33042.0,101310.0,306942.3333333333,3.0,,,,,4.0,,,,,,,7.333333333333333,,,,,,,197.44444444444446,,,,,,,201.0,,,,,,,103447.0,,,,,,,101310.0,,,0,0,0,0
2022,19,29.274074074074072,28.2,29.9,28.38888888888889,27.0,30.0,993.7685185185185,993.5,994.0,False,34.53611111111111,31.4,37.4,132.5185185185185,2.2092592592592593,6.0,PER,27882.090909090908,27236.0,41745.03846153846,40288.0,34237.0,32250.999999999996,99852.0,393127.6666666667,3.0,,,,,4.0,,,,,,,7.333333333333333,,,,,,,197.44444444444446,,,,,,,204.0,,,,,,,102113.33333333333,,,,,,,99852.0,,,0,0,0,0
2022,19,29.274074074074072,28.2,29.9,28.38888888888889,27.0,30.0,993.7685185185185,993.5,994.0,False,34.53611111111111,31.4,37.4,132.5185185185185,2.2092592592592593,6.0,RIC,29430.4,26352.0,43728.725,39215.0,35232.7,31785.0,97627.0,226602.2,5.0,,,1.0,2.0,6.0,,,,,5.5,2.5,7.333333333333333,,,,,203.5,207.0,198.88888888888889,,,,,207.0,209.0,204.0,,,,,112168.5,112612.0,102031.5,,,,,99160.0,97627.0,99240.0,,,0,0,0,0
2022,19,29.274074074074072,28.2,29.9,28.38888888888889,27.0,30.0,993.7685185185185,993.5,994.0,False,34.53611111111111,31.4,37.4,132.5185185185185,2.2092592592592593,6.0,RUS,28299.909090909092,27244.0,42105.53846153846,40665.0,34378.96153846154,32441.000000000004,100562.0,560077.6666666666,3.0,,,,,4.0,,,,,,,7.333333333333333,,,,,,,198.5,,,,,,,203.0,,,,,,,103090.5,,,,,,,100562.0,,,0,0,0,0
2022,19,29.274074074074072,28.2,29.9,28.38888888888889,27.0,30.0,993.7685185185185,993.5,994.0,False,34.53611111111111,31.4,37.4,132.5185185185185,2.2092592592592593,6.0,SAI,27547.863636363636,26722.0,41298.61538461538,39658.0,33800.346153846156,31828.0,98232.0,457466.0,3.0,,,,,4.0,,,,,,,7.333333333333333,,,,,,,198.22222222222223,,,,,,,204.0,,,,,,,101693.61111111111,,,,,,,98232.0,,,0,0,0,0
2022,19,29.274074074074072,28.2,29.9,28.38888888888889,27.0,30.0,993.7685185185185,993.5,994.0,False,34.53611111111111,31.4,37.4,132.5185185185185,2.2092592592592593,6.0,STR,27962.136363636364,27437.0,41940.846153846156,40678.0,34264.92307692308,32662.999999999996,100806.0,327208.0,3.0,,,,,4.0,,,,,,,7.333333333333333,,,,,,,199.22222222222223,,,,,,,203.0,,,,,,,102733.44444444444,,,,,,,100806.0,,,0,0,0,0
2022,19,29.274074074074072,28.2,29.9,28.38888888888889,27.0,30.0,993.7685185185185,993.5,994.0,False,34.53611111111111,31.4,37.4,132.5185185185185,2.2092592592592593,6.0,TSU,28364.227272727272,27306.0,41927.153846153844,40248.0,34996.88461538462,32503.0,100178.0,395783.0,3.0,,,,,4.0,,,,,,,7.333333333333333,,,,,,,196.27777777777777,,,,,,,201.0,,,,,,,103404.16666666667,,,,,,,100178.0,,,0,0,0,0
2022,19,29.274074074074072,28.2,29.9,28.38888888888889,27.0,30.0,993.7685185185185,993.5,994.0,False,34.53611111111111,31.4,37.4,132.5185185185185,2.2092592592592593,6.0,VER,27877.409090909092,27083.0,41684.0,40362.0,34548.57692307692,32130.000000000004,99575.0,273690.0,3.0,,,,,4.0,,,,,,,7.333333333333333,,,,,,,198.0,,,,,,,202.0,,,,,,,102014.0,,,,,,,99575.0,,,0,0,0,0
2022,19,29.274074074074072,28.2,29.9,28.38888888888889,27.0,30.0,993.7685185185185,993.5,994.0,False,34.53611111111111,31.4,37.4,132.5185185185185,2.2092592592592593,6.0,VET,28347.272727272728,27753.0,42694.57692307692,41016.0,34933.807692307695,33088.0,101857.0,338268.3333333333,3.0,,,,,4.0,,,,,,,7.333333333333333,,,,,,,197.61111111111111,,,,,,,202.0,,,,,,,103902.83333333333,,,,,,,101857.0,,,0,0,0,0
2022,19,29.274074074074072,28.2,29.9,28.38888888888889,27.0,30.0,993.7685185185185,993.5,994.0,False,34.53611111111111,31.4,37.4,132.5185185185185,2.2092592592592593,6.0,ZHO,28378.31818181818,27346.0,42675.61538461538,40510.0,34693.03846153846,32677.999999999996,100664.0,590546.0,3.0,,,,,4.0,,,,,,,7.333333333333333,,,,,,,197.5,,,,,,,203.0,,,,,,,103283.38888888889,,,,,,,100664.0,,,0,0,0,0
2022,20,25.905714285714286,25.4,26.9,34.60952380952381,33.0,36.0,781.2076190476191,781.0,781.4,False,32.80761904761905,0.0,43.0,132.96190476190475,1.4723809523809523,2.5,ALB,30523.105263157893,28322.0,34705.0,32372.999999999996,23359.909090909092,21752.0,82447.0,601908.6666666666,3.0,,,,1.0,4.0,,,,,,2.0,6.0,,,,,,246.0,237.8125,,,,,,246.0,239.0,,,,,,82447.0,86230.25,,,,,,82447.0,84485.0,,,2,0,0,2
2022,20,25.905714285714286,25.4,26.9,34.60952380952381,33.0,36.0,781.2076190476191,781.0,781.4,False,32.80761904761905,0.0,43.0,132.96190476190475,1.4723809523809523,2.5,ALO,29730.26923076923,29066.0,33486.709677419356,31950.0,23014.433333333334,21321.0,82337.0,533289.0,4.0,,,,,5.0,,,,,,,8.857142857142858,,,,,,,240.57142857142858,,,,,,,246.0,,,,,,,84468.90476190476,,,,,,,82337.0,,,2,0,0,2
2022,20,25.905714285714286,25.4,26.9,34.60952380952381,33.0,36.0,781.2076190476191,781.0,781.4,False,32.80761904761905,0.0,43.0,132.96190476190475,1.4723809523809523,2.5,BOT,30141.137931034482,29289.0,33275.26470588235,31443.0,23526.352941176472,21168.0,81993.0,549755.75,4.0,,,,,5.0,,,,,,,10.153846153846153,,,,,,,238.6153846153846,,,,,,,245.0,,,,,,,84355.38461538461,,,,,,,81993.0,,,2,0,0,2
2022,20,25.905714285714286,25.4,26.9,34.60952380952381,33.0,36.0,781.2076190476191,781.0,781.4,False,32.80761904761905,0.0,43.0,132.96190476190475,1.4723809523809523,2.5,GAS,29652.0,29101.0,33453.34285714286,31768.0,22593.14285714286,21195.0,82104.0,497003.0,4.0,,,,,5.0,,,,,,,10.0,,,,,,,240.8846153846154,,,,,,,245.0,,,,,,,84235.46153846153,,,,,,,82104.0,,,2,0,0,2
2022,20,25.905714285714286,25.4,26.9,34.60952380952381,33.0,36.0,781.2076190476191,781.0,781.4,False,32.80761904761905,0.0,43.0,132.96190476190475,1.4723809523809523,2.5,HAM,29565.37037037037,28862.0,33002.290322580644,31528.0,23520.83870967742,20978.0,81509.0,619223.0,4.0,,,,,5.0,,,,,,,9.26086956521739,,,,,,,236.8695652173913,,,,,,,245.0,,,,,,,83491.04347826086,,,,,,,81509.0,,,2,0,0,2
2022,20,25.905714285714286,25.4,26.9,34.60952380952381,33.0,36.0,781.2076190476191,781.0,781.4,False,32.80761904761905,0.0,43.0,132.96190476190475,1.4723809523809523,2.5,LAT,29974.214285714286,29160.0,34119.8125,32362.000000000004,23362.90625,21551.0,83320.0,560641.75,4.0,,,,,5.0,,,,,,,9.708333333333334,,,,,,,239.29166666666666,,,,,,,243.0,,,,,,,85111.29166666667,,,,,,,83320.0,,,2,0,0,2
2022,20,25.905714285714286,25.4,26.9,34.60952380952381,33.0,36.0,781.2076190476191,781.0,781.4,False,32.80761904761905,0.0,43.0,132.96190476190475,1.4723809523809523,2.5,LEC,29193.1,29003.0,32517.25,31471.0,22489.166666666668,21144.0,81618.0,355423.0,2.0,,,,,3.0,,,,,,,3.5714285714285716,,,,,,,242.85714285714286,,,,,,,244.0,,,,,,,82645.42857142857,,,,,,,81618.0,,,2,0,0,2
2022,20,25.905714285714286,25.4,26.9,34.60952380952381,33.0,36.0,781.2076190476191,781.0,781.4,False,32.80761904761905,0.0,43.0,132.96190476190475,1.4723809523809523,2.5,MAG,30023.70588235294,29250.0,33769.380952380954,31956.0,23135.263157894737,21440.0,83316.0,547401.0,3.0,,,,,3.0,,,,,,,7.571428571428571,,,,,,,239.5,,,,,,,246.0,,,,,,,84950.57142857143,,,,,,,83316.0,,,2,0,0,2
2022,20,25.905714285714286,25.4,26.9,34.60952380952381,33.0,36.0,781.2076190476191,781.0,781.4,False,32.80761904761905,0.0,43.0,132.96190476190475,1.4723809523809523,2.5,MSC,30384.59259259259,29340.0,34531.41935483871,32149.0,23218.333333333332,21130.0,82879.0,787546.0,3.0,,,,,4.0,,,,,,,8.826086956521738,,,,,,,236.82608695652175,,,,,,,244.0,,,,,,,85585.26086956522,,,,,,,82879.0,,,2,0,0,2
2022,20,25.905714285714286,25.4,26.9,34.60952380952381,33.0,36.0,781.2076190476191,781.0,781.4,False,32.80761904761905,0.0,43.0,132.96190476190475,1.4723809523809523,2.5,NOR,29952.923076923078,29415.0,34093.833333333336,31934.0,23212.166666666668,21325.0,82738.0,537477.0,4.0,,,,,5.0,,,,,,,8.666666666666666,,,,,,,238.38095238095238,,,,,,,243.0,,,,,,,84673.80952380953,,,,,,,82738.0,,,2,0,0,2
2022,20,25.905714285714286,25.4,26.9,34.60952380952381,33.0,36.0,781.2076190476191,781.0,781.4,False,32.80761904761905,0.0,43.0,132.96190476190475,1.4723809523809523,2.5,OCO,31252.2,28394.0,35148.53333333333,31612.0,24643.4,21041.0,81177.0,499232.0,5.0,,,1.0,2.0,5.0,,,,,5.0,3.0,4.666666666666667,,,,,241.42857142857142,244.66666666666666,242.55555555555554,,,,,243.0,245.0,246.0,,,,,96047.42857142857,91645.66666666667,83321.77777777778,,,,,82361.0,81177.0,82254.0,,,2,0,0,2
2022,20,25.905714285714286,25.4,26.9,34.60952380952381,33.0,36.0,781.2076190476191,781.0,781.4,False,32.80761904761905,0.0,43.0,132.96190476190475,1.4723809523809523,2.5,PER,29942.896551724138,28929.0,33395.84848484849,31558.0,23323.030303030304,21071.0,81579.0,541177.25,4.0,,,,,5.0,,,,,,,9.541666666666666,,,,,,,242.25,,,,,,,246.0,,,,,,,83826.58333333333,,,,,,,81579.0,,,2,0,0,2
2022,20,25.905714285714286,25.4,26.9,34.60952380952381,33.0,36.0,781.2076190476191,781.0,781.4,False,32.80761904761905,0.0,43.0,132.96190476190475,1.4723809523809523,2.5,RIC,29744.409090909092,29349.0,33387.25925925926,31902.0,23725.076923076922,21313.0,82763.0,605835.25,4.0,,,,,5.0,,,,,,,8.0,,,,,,,238.77777777777777,,,,,,,243.0,,,,,,,84214.77777777778,,,,,,,82763.0,,,2,0,0,2
2022,20,25.905714285714286,25.4,26.9,34.60952380952381,33.0,36.0,781.2076190476191,781.0,781.4,False,32.80761904761905,0.0,43.0,132.96190476190475,1.4723809523809523,2.5,RUS,30210.576923076922,27921.0,33544.67741935484,31101.0,23507.451612903227,20823.0,79970.0,502724.6,5.0,,,1.0,2.0,6.0,,,,,4.5,3.5,4.9,,,,,243.5,232.5,242.4,,,,,245.0,248.0,245.0,,,,,82826.33333333333,91494.0,82810.6,,,,,81742.0,79970.0,81577.0,,,2,0,0,2
2022,20,25.905714285714286,25.4,26.9,34.60952380952381,33.0,36.0,781.2076190476191,781.0,781.4,False,32.80761904761905,0.0,43.0,132.96190476190475,1.4723809523809523,2.5,SAI,29525.379310344826,29063.0,33111.969696969696,31428.0,23684.696969696968,21021.0,81693.0,474431.5,4.0,,,,,5.0,,,,,,,9.458333333333334,,,,,,,239.75,,,,,,,245.0,,,,,,,84064.45833333333,,,,,,,81693.0,,,2,0,0,2
2022,20,25.905714285714286,25.4,26.9,34.60952380952381,33.0,36.0,781.2076190476191,781.0,781.4,False,32.80761904761905,0.0,43.0,132.96190476190475,1.4723809523809523,2.5,STR,29946.333333333332,29217.0,33645.454545454544,32314.0,23517.47619047619,21233.0,82840.0,522882.2500000001,4.0,,,,,5.0,,,,,,,6.642857142857143,,,,,,,240.64285714285714,,,,,,,244.0,,,,,,,84241.07142857143,,,,,,,82840.0,,,2,0,0,2
2022,20,25.905714285714286,25.4,26.9,34.60952380952381,33.0,36.0,781.2076190476191,781.0,781.4,False,32.80761904761905,0.0,43.0,132.96190476190475,1.4723809523809523,2.5,TSU,30509.434782608696,28150.0,35263.68965517241,31378.0,25371.785714285714,20989.0,80798.0,372369.1666666667,6.0,,,1.0,2.0,6.0,,,,,3.5,3.5,5.333333333333333,,,,,244.25,224.5,245.55555555555554,,,,,246.0,250.0,249.0,,,,,90822.75,101546.5,82973.22222222222,,,,,81831.0,80798.0,81530.0,,,2,0,0,2
2022,20,25.905714285714286,25.4,26.9,34.60952380952381,33.0,36.0,781.2076190476191,781.0,781.4,False,32.80761904761905,0.0,43.0,132.96190476190475,1.4723809523809523,2.5,VER,29689.678571428572,28872.0,33210.121212121216,31456.0,22451.151515151516,21206.0,81588.0,492825.75,4.0,,,,,5.0,,,,,,,9.291666666666666,,,,,,,242.33333333333334,,,,,,,246.0,,,,,,,83613.41666666667,,,,,,,81588.0,,,2,0,0,2
2022,20,25.905714285714286,25.4,26.9,34.60952380952381,33.0,36.0,781.2076190476191,781.0,781.4,False,32.80761904761905,0.0,43.0,132.96190476190475,1.4723809523809523,2.5,VET,29891.85714285714,29117.0,33604.8064516129,31879.0,22978.25806451613,21195.0,82371.0,670085.0,3.0,,,,,4.0,,,,,,,9.041666666666666,,,,,,,239.95833333333334,,,,,,,245.0,,,,,,,84386.04166666667,,,,,,,82371.0,,,2,0,0,2
2022,20,25.905714285714286,25.4,26.9,34.60952380952381,33.0,36.0,781.2076190476191,781.0,781.4,False,32.80761904761905,0.0,43.0,132.96190476190475,1.4723809523809523,2.5,ZHO,30410.931034482757,29447.0,34456.82352941176,32287.0,23513.15625,21569.0,83369.0,560245.0,4.0,,,,,5.0,,,,,,,9.541666666666666,,,,,,,239.29166666666666,,,,,,,245.0,,,,,,,85475.75,,,,,,,83369.0,,,2,0,0,2
2022,21,25.404878048780485,23.9,26.0,55.8780487804878,50.0,63.0,924.719512195122,924.5,925.2,False,48.83658536585366,38.9,53.5,164.8658536585366,1.1951219512195121,2.5,ALO,22548.30769230769,19245.0,40685.44827586207,38473.0,19622.137931034482,17331.0,75049.0,327816.0,3.0,,,3.0,4.0,,,,,,17.0,14.61111111111111,,,,,,320.8,301.8888888888889,,,,,,322.0,321.0,,,,,,75984.0,82366.11111111111,,,,,,75049.0,76519.0,,,,0,0,0,2
2022,21,25.404878048780485,23.9,26.0,55.8780487804878,50.0,63.0,924.719512195122,924.5,925.2,False,48.83658536585366,38.9,53.5,164.8658536585366,1.1951219512195121,2.5,BOT,23182.032258064515,19531.0,40659.705882352944,38541.0,19690.91176470588,17568.0,76047.0,214295.8,5.0,,,3.0,6.0,,,,,,5.0,11.294117647058824,,,,,,307.44444444444446,286.94117647058823,,,,,,323.0,321.0,,,,,,79609.77777777778,82682.70588235294,,,,,,76635.0,76047.0,,,,0,0,0,2
2022,21,25.404878048780485,23.9,26.0,55.8780487804878,50.0,63.0,924.719512195122,924.5,925.2,False,48.83658536585366,38.9,53.5,164.8658536585366,1.1951219512195121,2.5,GAS,22799.066666666666,19484.0,40448.40625,38677.0,19224.25,17466.0,75636.0,131767.0,4.0,,,5.0,1.0,,,,,,15.833333333333334,14.0,,,,,,284.75,308.15384615384613,,,,,,308.0,322.0,,,,,,82079.91666666667,76808.46153846153,,,,,,76230.0,75636.0,,,,0,0,0,2
2022,21,25.404878048780485,23.9,26.0,55.8780487804878,50.0,63.0,924.719512195122,924.5,925.2,False,48.83658536585366,38.9,53.5,164.8658536585366,1.1951219512195121,2.5,HAM,19960.166666666668,19312.0,39859.42424242424,38144.0,19468.575757575756,17005.0,75137.0,448563.0,2.0,1.0,,,3.0,,,,5.5,,,14.105263157894736,,,,307.125,,,291.0,,,,324.0,,,306.0,,,,76392.125,,,79994.94736842105,,,,75722.0,,,75137.0,,,,0,0,0,2
2022,21,25.404878048780485,23.9,26.0,55.8780487804878,50.0,63.0,924.719512195122,924.5,925.2,False,48.83658536585366,38.9,53.5,164.8658536585366,1.1951219512195121,2.5,LAT,22851.129032258064,19435.0,42461.73529411765,39180.0,20035.08823529412,17566.0,76181.0,186454.75,4.0,,,1.0,5.0,,,,,,22.5,10.117647058823529,,,,,,303.2,289.94117647058823,,,,,,312.0,309.0,,,,,,81811.5,82311.82352941176,,,,,,78720.0,76181.0,,,,0,0,0,2
2022,21,25.404878048780485,23.9,26.0,55.8780487804878,50.0,63.0,924.719512195122,924.5,925.2,False,48.83658536585366,38.9,53.5,164.8658536585366,1.1951219512195121,2.5,LEC,20978.117647058825,19391.0,40325.10810810811,38834.0,19714.54054054054,17546.0,75868.0,289418.6666666668,3.0,,,3.0,4.0,,,,,,18.5,16.095238095238095,,,,,,301.7,292.42857142857144,,,,,,306.0,321.0,,,,,,77248.6,81693.61904761905,,,,,,76391.0,75868.0,,,,0,0,0,2
2022,21,25.404878048780485,23.9,26.0,55.8780487804878,50.0,63.0,924.719512195122,924.5,925.2,False,48.83658536585366,38.9,53.5,164.8658536585366,1.1951219512195121,2.5,MAG,22022.972222222223,19571.0,40651.39473684211,38681.0,19610.63157894737,17559.0,75815.0,179724.5,2.0,,,1.0,3.0,,,,,,14.0,15.5,,,,,,301.3333333333333,288.0,,,,,,305.0,325.0,,,,,,77071.66666666667,81017.0,,,,,,75815.0,76955.0,,,,0,0,0,2
2022,21,25.404878048780485,23.9,26.0,55.8780487804878,50.0,63.0,924.719512195122,924.5,925.2,False,48.83658536585366,38.9,53.5,164.8658536585366,1.1951219512195121,2.5,MSC,20815.63157894737,19469.0,40910.625,38535.0,18662.025,17562.0,75684.0,559810.0,1.0,,,1.0,2.0,,,,,,17.5,10.5,,,,,,299.8888888888889,289.55555555555554,,,,,,304.0,321.0,,,,,,79474.94444444444,78816.94444444444,,,,,,77641.0,75684.0,,,,0,0,0,2
2022,21,25.404878048780485,23.9,26.0,55.8780487804878,50.0,63.0,924.719512195122,924.5,925.2,False,48.83658536585366,38.9,53.5,164.8658536585366,1.1951219512195121,2.5,NOR,22507.652173913044,19458.0,40582.88,38686.0,19406.2,17423.0,75851.0,625022.0,2.0,,,2.0,3.0,,,,,,9.0,13.0,,,,,,305.3333333333333,291.0,,,,,,316.0,328.0,,,,,,82838.0,79496.94117647059,,,,,,75851.0,76504.0,,,,0,0,0,2
2022,21,25.404878048780485,23.9,26.0,55.8780487804878,50.0,63.0,924.719512195122,924.5,925.2,False,48.83658536585366,38.9,53.5,164.8658536585366,1.1951219512195121,2.5,OCO,20645.76,19022.0,39881.392857142855,38332.0,19665.785714285714,17250.0,74604.0,689899.5,2.0,,,3.0,2.0,,,,,,13.75,12.5,,,,,,283.5,316.7142857142857,,,,,,319.0,324.0,,,,,,82592.0,76247.78571428571,,,,,,76078.0,74604.0,,,,0,0,0,2
2022,21,25.404878048780485,23.9,26.0,55.8780487804878,50.0,63.0,924.719512195122,924.5,925.2,False,48.83658536585366,38.9,53.5,164.8658536585366,1.1951219512195121,2.5,PER,21728.70588235294,19265.0,40362.75,38316.0,18410.583333333332,17151.0,74788.0,213844.0,3.0,2.0,,,4.0,,,,16.0,,,14.0,,,,315.53846153846155,,,312.2631578947368,,,,330.0,,,327.0,,,,79425.46153846153,,,78506.8947368421,,,,75486.0,,,74788.0,,,,0,0,0,2
2022,21,25.404878048780485,23.9,26.0,55.8780487804878,50.0,63.0,924.719512195122,924.5,925.2,False,48.83658536585366,38.9,53.5,164.8658536585366,1.1951219512195121,2.5,RIC,20826.32,19593.0,40411.57142857143,38554.0,19079.85714285714,17529.0,75994.0,474944.4999999999,2.0,,,3.0,2.0,,,,,,15.666666666666666,11.5,,,,,,283.9166666666667,300.1,,,,,,319.0,316.0,,,,,,80298.08333333333,77159.2,,,,,,76672.0,75994.0,,,,0,0,0,2
2022,21,25.404878048780485,23.9,26.0,55.8780487804878,50.0,63.0,924.719512195122,924.5,925.2,False,48.83658536585366,38.9,53.5,164.8658536585366,1.1951219512195121,2.5,RUS,21727.821428571428,19254.0,39784.967741935485,38199.0,18999.548387096773,17282.0,74916.0,332371.3333333333,3.0,3.0,,,4.0,,,,7.5,,,13.272727272727273,,,,297.7857142857143,,,281.6363636363636,,,,301.0,,,322.0,,,,78137.07142857143,,,78914.45454545454,,,,76073.0,,,74916.0,,,,0,0,0,2
2022,21,25.404878048780485,23.9,26.0,55.8780487804878,50.0,63.0,924.719512195122,924.5,925.2,False,48.83658536585366,38.9,53.5,164.8658536585366,1.1951219512195121,2.5,SAI,22720.17142857143,19367.0,40821.10526315789,38600.0,19875.236842105263,17396.0,75856.0,146296.6,5.0,,,3.0,6.0,,,,,,19.333333333333332,12.5,,,,,,306.4,287.625,,,,,,329.0,327.0,,,,,,81852.73333333334,81996.6875,,,,,,76014.0,75856.0,,,,0,0,0,2
2022,21,25.404878048780485,23.9,26.0,55.8780487804878,50.0,63.0,924.719512195122,924.5,925.2,False,48.83658536585366,38.9,53.5,164.8658536585366,1.1951219512195121,2.5,SAR,20049.80769230769,19532.0,41020.75,39302.0,18239.75,17572.0,76480.0,411572.0,1.0,,,1.0,2.0,,,,,,18.5,10.5,,,,,,308.75,305.4166666666667,,,,,,321.0,308.0,,,,,,78889.66666666667,77750.75,,,,,,77613.0,76480.0,,,,0,0,0,2
2022,21,25.404878048780485,23.9,26.0,55.8780487804878,50.0,63.0,924.719512195122,924.5,925.2,False,48.83658536585366,38.9,53.5,164.8658536585366,1.1951219512195121,2.5,STR,22077.341463414636,19496.0,40870.11627906977,39073.0,20071.74418604651,17657.0,76263.0,76713.80000000005,5.0,4.0,,5.0,6.0,,,,12.0,,15.0,14.5,,,,301.2,,298.73333333333335,281.125,,,,304.0,,301.0,304.0,,,,78844.0,,79510.53333333334,83283.0625,,,,77740.0,,76968.0,76263.0,,,,0,0,0,2
2022,21,25.404878048780485,23.9,26.0,55.8780487804878,50.0,63.0,924.719512195122,924.5,925.2,False,48.83658536585366,38.9,53.5,164.8658536585366,1.1951219512195121,2.5,TSU,21599.966666666667,19389.0,40971.40625,38799.0,19147.71875,17524.0,75865.0,253306.0,2.0,,,3.0,2.0,,,,,,15.642857142857142,8.0,,,,,,286.57142857142856,301.7692307692308,,,,,,322.0,303.0,,,,,,82243.0,77355.84615384616,,,,,,77199.0,75865.0,,,,0,0,0,2
2022,21,25.404878048780485,23.9,26.0,55.8780487804878,50.0,63.0,924.719512195122,924.5,925.2,False,48.83658536585366,38.9,53.5,164.8658536585366,1.1951219512195121,2.5,VER,22115.821428571428,19323.0,40237.066666666666,38265.0,18310.433333333334,17474.0,75098.0,179772.66666666666,3.0,2.0,,,4.0,,,,18.0,,,11.0,,,,310.2307692307692,,,307.3076923076923,,,,329.0,,,311.0,,,,79835.53846153847,,,80247.76923076923,,,,76638.0,,,75098.0,,,,0,0,0,2
2022,21,25.404878048780485,23.9,26.0,55.8780487804878,50.0,63.0,924.719512195122,924.5,925.2,False,48.83658536585366,38.9,53.5,164.8658536585366,1.1951219512195121,2.5,VET,21927.238095238095,19452.0,40318.931818181816,39207.0,19585.727272727272,17338.0,76400.0,71307.19999999995,5.0,4.0,,5.0,6.0,,,,14.0,,16.0,15.5,,,,301.0,,298.8,268.5,,,,302.0,,301.0,316.0,,,,77930.0,,79065.46666666666,82082.22222222222,,,,77806.0,,77063.0,76400.0,,,,0,0,0,2
2022,21,25.404878048780485,23.9,26.0,55.8780487804878,50.0,63.0,924.719512195122,924.5,925.2,False,48.83658536585366,38.9,53.5,164.8658536585366,1.1951219512195121,2.5,ZHO,21915.647058823528,19583.0,40922.7027027027,38935.0,19014.135135135137,17699.0,76468.0,272956.0,3.0,,,1.0,4.0,,,,,,6.0,12.095238095238095,,,,,,300.44444444444446,288.4761904761905,,,,,,303.0,303.0,,,,,,77941.44444444444,78966.61904761905,,,,,,76878.0,76468.0,,,,0,0,0,2
2022,22,30.040243902439027,29.1,31.6,55.292682926829265,45.0,62.0,1013.1878048780487,1012.7,1013.5,False,36.047560975609755,34.3,38.2,285.9634146341463,1.552439024390244,2.5,ALB,21791.76923076923,17657.0,42044.137931034486,36788.0,38954.89655172414,32305.0,86750.0,299999.6666666667,3.0,4.0,,,2.0,,,,11.736842105263158,,,3.5,,,,200.0,,,200.75,,,,222.0,,,223.0,,,,99310.31578947368,,,106852.75,,,,87993.0,,,86750.0,,,,0,0,0,1
2022,22,30.040243902439027,29.1,31.6,55.292682926829265,45.0,62.0,1013.1878048780487,1012.7,1013.5,False,36.047560975609755,34.3,38.2,285.9634146341463,1.552439024390244,2.5,ALO,21657.03846153846,17579.0,42444.51724137931,37003.0,38801.41379310345,31461.0,86043.0,308579.0,3.0,,,4.0,3.0,,,,,,8.23076923076923,7.333333333333333,,,,,,199.92307692307693,209.88888888888889,,,,,,221.0,221.0,,,,,,104858.46153846153,94281.66666666667,,,,,,87588.0,86043.0,,,,0,0,0,1
2022,22,30.040243902439027,29.1,31.6,55.292682926829265,45.0,62.0,1013.1878048780487,1012.7,1013.5,False,36.047560975609755,34.3,38.2,285.9634146341463,1.552439024390244,2.5,BOT,21477.076923076922,17795.0,43061.137931034486,36919.0,38734.620689655174,31586.0,86300.0,309590.3333333333,3.0,4.0,,,3.0,,,,10.705882352941176,,,4.4,,,,199.05882352941177,,,206.2,,,,216.0,,,218.0,,,,97937.0,,,111742.4,,,,87617.0,,,86300.0,,,,0,0,0,1
2022,22,30.040243902439027,29.1,31.6,55.292682926829265,45.0,62.0,1013.1878048780487,1012.7,1013.5,False,36.047560975609755,34.3,38.2,285.9634146341463,1.552439024390244,2.5,GAS,22654.76923076923,17807.0,43210.137931034486,37115.0,39328.724137931036,31996.0,87036.0,196721.75,4.0,,,5.0,4.0,,,,,,7.916666666666667,8.222222222222221,,,,,,200.33333333333334,206.88888888888889,,,,,,221.0,217.0,,,,,,106243.58333333333,96156.66666666667,,,,,,87036.0,87126.0,,,,0,0,0,1
2022,22,30.040243902439027,29.1,31.6,55.292682926829265,45.0,62.0,1013.1878048780487,1012.7,1013.5,False,36.047560975609755,34.3,38.2,285.9634146341463,1.552439024390244,2.5,HAM,23868.0,17447.0,44716.318181818184,36785.0,39351.045454545456,31295.0,85761.0,334538.0,3.0,,,4.0,3.0,,,,,,8.5,3.6666666666666665,,,,,,192.0,217.33333333333334,,,,,,220.0,222.0,,,,,,104947.91666666667,106064.33333333333,,,,,,86523.0,85761.0,,,,0,0,0,1
2022,22,30.040243902439027,29.1,31.6,55.292682926829265,45.0,62.0,1013.1878048780487,1012.7,1013.5,False,36.047560975609755,34.3,38.2,285.9634146341463,1.552439024390244,2.5,LAT,22415.62962962963,17685.0,41573.73333333333,37003.0,39989.833333333336,32573.999999999996,87262.0,253505.0000000001,3.0,,,4.0,3.0,,,,,,8.615384615384615,7.5,,,,,,200.07692307692307,209.7,,,,,,218.0,221.0,,,,,,101742.76923076923,104839.5,,,,,,88425.0,87262.0,,,,0,0,0,1
2022,22,30.040243902439027,29.1,31.6,55.292682926829265,45.0,62.0,1013.1878048780487,1012.7,1013.5,False,36.047560975609755,34.3,38.2,285.9634146341463,1.552439024390244,2.5,LEC,22420.074074074073,17654.0,45002.3,36754.0,40092.13333333333,31188.0,85599.0,233143.66666666666,3.0,,,4.0,3.0,,,,,,13.352941176470589,4.333333333333333,,,,,,201.0,215.66666666666666,,,,,,219.0,219.0,,,,,,95152.17647058824,97082.66666666667,,,,,,86045.0,85599.0,,,,0,0,0,1
2022,22,30.040243902439027,29.1,31.6,55.292682926829265,45.0,62.0,1013.1878048780487,1012.7,1013.5,False,36.047560975609755,34.3,38.2,285.9634146341463,1.552439024390244,2.5,MAG,22885.590909090908,17949.0,44512.76,37312.0,43707.68,31654.0,86915.0,551280.0,2.0,3.0,,,2.0,,,,10.714285714285714,,,3.6666666666666665,,,,191.78571428571428,,,189.66666666666666,,,,215.0,,,217.0,,,,98817.71428571429,,,106029.0,,,,87640.0,,,86915.0,,,,0,0,0,1
2022,22,30.040243902439027,29.1,31.6,55.292682926829265,45.0,62.0,1013.1878048780487,1012.7,1013.5,False,36.047560975609755,34.3,38.2,285.9634146341463,1.552439024390244,2.5,MSC,22104.782608695652,18040.0,44523.42307692308,37229.0,38952.57692307692,31570.0,86839.0,554589.5,2.0,,,3.0,2.0,,,,,,11.133333333333333,3.6666666666666665,,,,,,197.93333333333334,213.66666666666666,,,,,,215.0,216.0,,,,,,98229.33333333333,96681.33333333333,,,,,,87843.0,86839.0,,,,0,0,0,1
2022,22,30.040243902439027,29.1,31.6,55.292682926829265,45.0,62.0,1013.1878048780487,1012.7,1013.5,False,36.047560975609755,34.3,38.2,285.9634146341463,1.552439024390244,2.5,NOR,22142.24,17752.0,42697.03571428572,36929.0,39541.25,31588.0,86377.0,254796.75,4.0,5.0,,,3.0,,,,7.7272727272727275,,,7.333333333333333,,,,195.27272727272728,,,202.33333333333334,,,,218.0,,,217.0,,,,104849.18181818182,,,97617.55555555556,,,,87692.0,,,86377.0,,,,0,0,0,1
2022,22,30.040243902439027,29.1,31.6,55.292682926829265,45.0,62.0,1013.1878048780487,1012.7,1013.5,False,36.047560975609755,34.3,38.2,285.9634146341463,1.552439024390244,2.5,OCO,21220.48,17674.0,43886.32142857143,36829.0,38929.642857142855,31486.0,86038.0,489001.5,2.0,,,3.0,2.0,,,,,,11.944444444444445,3.6666666666666665,,,,,,199.5,218.0,,,,,,219.0,220.0,,,,,,98323.88888888889,97690.0,,,,,,86365.0,86038.0,,,,0,0,0,1
2022,22,30.040243902439027,29.1,31.6,55.292682926829265,45.0,62.0,1013.1878048780487,1012.7,1013.5,False,36.047560975609755,34.3,38.2,285.9634146341463,1.552439024390244,2.5,PER,25010.739130434784,17662.0,46475.46153846154,36670.0,41718.230769230766,31377.0,85852.0,246148.25,4.0,,,5.0,4.0,,,,,,10.454545454545455,5.6,,,,,,193.0,192.6,,,,,,211.0,218.0,,,,,,95296.81818181818,108937.4,,,,,,86654.0,85852.0,,,,0,0,0,1
2022,22,30.040243902439027,29.1,31.6,55.292682926829265,45.0,62.0,1013.1878048780487,1012.7,1013.5,False,36.047560975609755,34.3,38.2,285.9634146341463,1.552439024390244,2.5,RIC,22438.8,17732.0,44748.357142857145,36987.0,39999.71428571428,31405.0,86124.0,780117.0,3.0,,,2.0,4.0,,,,,,5.0,3.6666666666666665,,,,,,215.0,169.66666666666666,,,,,,218.0,220.0,,,,,,102476.33333333333,108093.66666666667,,,,,,86987.0,86124.0,,,,0,0,0,1
2022,22,30.040243902439027,29.1,31.6,55.292682926829265,45.0,62.0,1013.1878048780487,1012.7,1013.5,False,36.047560975609755,34.3,38.2,285.9634146341463,1.552439024390244,2.5,RUS,22007.083333333332,17498.0,42112.92592592593,36754.0,39822.11111111111,31235.0,85487.0,309903.9999999998,3.0,,,4.0,2.0,,,,,,12.055555555555555,2.5,,,,,,194.44444444444446,219.0,,,,,,222.0,222.0,,,,,,102140.27777777778,101350.5,,,,,,86321.0,85487.0,,,,0,0,0,1
2022,22,30.040243902439027,29.1,31.6,55.292682926829265,45.0,62.0,1013.1878048780487,1012.7,1013.5,False,36.047560975609755,34.3,38.2,285.9634146341463,1.552439024390244,2.5,SAI,23035.714285714286,17615.0,44887.93548387097,36930.0,40222.16129032258,31387.0,85932.0,146122.0,4.0,,,5.0,4.0,,,,,,10.642857142857142,6.428571428571429,,,,,,199.42857142857142,208.14285714285714,,,,,,219.0,220.0,,,,,,102084.14285714286,104652.71428571429,,,,,,86368.0,85932.0,,,,0,0,0,1
2022,22,30.040243902439027,29.1,31.6,55.292682926829265,45.0,62.0,1013.1878048780487,1012.7,1013.5,False,36.047560975609755,34.3,38.2,285.9634146341463,1.552439024390244,2.5,STR,23629.041666666668,17641.0,43592.07407407407,37084.0,40240.333333333336,31822.0,86547.0,303334.0,3.0,,,4.0,3.0,,,,,,6.166666666666667,9.363636363636363,,,,,,186.83333333333334,209.63636363636363,,,,,,217.0,219.0,,,,,,103783.33333333333,93833.45454545454,,,,,,88137.0,86547.0,,,,0,0,0,1
2022,22,30.040243902439027,29.1,31.6,55.292682926829265,45.0,62.0,1013.1878048780487,1012.7,1013.5,False,36.047560975609755,34.3,38.2,285.9634146341463,1.552439024390244,2.5,TSU,22511.925925925927,17788.0,43001.0,37032.0,38419.0,31830.0,86680.0,250958.66666666666,3.0,4.0,,,3.0,,,,12.8,,,3.5,,,,200.45,,,211.5,,,,219.0,,,214.0,,,,98158.5,,,87186.0,,,,87368.0,,,86680.0,,,,0,0,0,1
2022,22,30.040243902439027,29.1,31.6,55.292682926829265,45.0,62.0,1013.1878048780487,1012.7,1013.5,False,36.047560975609755,34.3,38.2,285.9634146341463,1.552439024390244,2.5,VER,24323.909090909092,17499.0,45920.72,36520.0,40898.36,31114.0,85146.0,372974.6666666667,3.0,,,4.0,3.0,,,,,,8.8,2.8,,,,,,209.2,215.2,,,,,,219.0,219.0,,,,,,93471.9,106246.6,,,,,,86395.0,85146.0,,,,0,0,0,1
2022,22,30.040243902439027,29.1,31.6,55.292682926829265,45.0,62.0,1013.1878048780487,1012.7,1013.5,False,36.047560975609755,34.3,38.2,285.9634146341463,1.552439024390244,2.5,VET,22308.4,17590.0,43891.642857142855,36839.0,39920.21428571428,31906.0,86395.0,313701.0,3.0,,,3.0,4.0,,,,,,10.625,4.75,,,,,,203.125,184.5,,,,,,220.0,223.0,,,,,,100725.25,108700.0,,,,,,87482.0,86395.0,,,,0,0,0,1
2022,22,30.040243902439027,29.1,31.6,55.292682926829265,45.0,62.0,1013.1878048780487,1012.7,1013.5,False,36.047560975609755,34.3,38.2,285.9634146341463,1.552439024390244,2.5,ZHO,22804.333333333332,17751.0,44248.73333333333,37274.0,38490.73333333333,31454.0,86479.0,245804.33333333334,3.0,,,4.0,2.0,,,,,,12.15,3.5,,,,,,199.6,202.75,,,,,,216.0,219.0,,,,,,102426.45,109286.25,,,,,,87338.0,86479.0,,,,0,0,0,1
2023,1,22.87294117647059,22.1,23.6,23.31764705882353,20.0,29.0,1018.5129411764707,1018.0,1019.0,False,26.972941176470584,25.7,28.5,244.05882352941177,1.0823529411764705,2.0,ALB,34537.36,29502.0,45225.892857142855,39828.0,26841.785714285714,23110.0,92440.0,246215.66666666666,3.0,4.0,,,3.0,,,,7.5,,,5.0,,,,264.07142857142856,,,283.42857142857144,,,,280.0,,,290.0,,,,102955.35714285714,,,102883.42857142857,,,,97320.0,,,92440.0,,,,0,0,0,1
2023,1,22.87294117647059,22.1,23.6,23.31764705882353,20.0,29.0,1018.5129411764707,1018.0,1019.0,False,26.972941176470584,25.7,28.5,244.05882352941177,1.0823529411764705,2.0,ALO,35369.22727272727,29018.0,45419.8,39086.0,26715.92,22803.0,90907.0,390646.3333333333,3.0,,,1.0,4.0,,,,,,4.0,9.357142857142858,,,,,,281.2,261.7857142857143,,,,,,286.0,284.0,,,,,,109489.8,102831.92857142857,,,,,,92603.0,90907.0,,,,0,0,0,1
2023,1,22.87294117647059,22.1,23.6,23.31764705882353,20.0,29.0,1018.5129411764707,1018.0,1019.0,False,26.972941176470584,25.7,28.5,244.05882352941177,1.0823529411764705,2.0,BOT,38290.44,29406.0,45887.96428571428,39437.0,27011.571428571428,22950.0,91793.0,182336.0,5.0,,,5.0,6.0,,,,,,5.0,10.166666666666666,,,,,,276.5,254.75,,,,,,279.0,279.0,,,,,,105985.5,101909.75,,,,,,93708.0,91793.0,,,,0,0,0,1
2023,1,22.87294117647059,22.1,23.6,23.31764705882353,20.0,29.0,1018.5129411764707,1018.0,1019.0,False,26.972941176470584,25.7,28.5,244.05882352941177,1.0823529411764705,2.0,DEV,35536.08,29583.0,47270.67857142857,39898.0,27662.928571428572,23124.0,92605.0,286855.6666666667,3.0,,,1.0,4.0,,,,,,4.4,9.266666666666667,,,,,,283.0,258.1333333333333,,,,,,287.0,283.0,,,,,,107351.8,106523.2,,,,,,93932.0,92605.0,,,,0,0,0,1
2023,1,22.87294117647059,22.1,23.6,23.31764705882353,20.0,29.0,1018.5129411764707,1018.0,1019.0,False,26.972941176470584,25.7,28.5,244.05882352941177,1.0823529411764705,2.0,GAS,35867.380952380954,29346.0,46892.708333333336,39234.0,27091.333333333332,22895.0,91475.0,580352.5,2.0,,,,3.0,,,,,,,8.11111111111111,,,,,,,264.1111111111111,,,,,,,286.0,,,,,,,106414.61111111111,,,,,,,91475.0,,,,0,0,0,1
2023,1,22.87294117647059,22.1,23.6,23.31764705882353,20.0,29.0,1018.5129411764707,1018.0,1019.0,False,26.972941176470584,25.7,28.5,244.05882352941177,1.0823529411764705,2.0,HAM,36547.208333333336,29189.0,46936.77777777778,39448.0,27130.0,22906.0,91543.0,222024.75,4.0,,,,5.0,,,,,,,8.444444444444445,,,,,,,264.77777777777777,,,,,,,287.0,,,,,,,101669.83333333333,,,,,,,91543.0,,,,0,0,0,1
2023,1,22.87294117647059,22.1,23.6,23.31764705882353,20.0,29.0,1018.5129411764707,1018.0,1019.0,False,26.972941176470584,25.7,28.5,244.05882352941177,1.0823529411764705,2.0,HUL,35731.72727272727,29098.0,45473.36,39311.0,26274.36,22967.0,91376.0,304814.0,3.0,,,4.0,3.0,,,,,,8.25,6.166666666666667,,,,,,262.3333333333333,274.0,,,,,,282.0,277.0,,,,,,106705.41666666667,97444.16666666667,,,,,,94017.0,91376.0,,,,0,0,0,1
2023,1,22.87294117647059,22.1,23.6,23.31764705882353,20.0,29.0,1018.5129411764707,1018.0,1019.0,False,26.972941176470584,25.7,28.5,244.05882352941177,1.0823529411764705,2.0,LEC,38000.69565217391,29256.0,47280.61538461538,39188.0,27059.19230769231,22923.0,91367.0,239852.75,4.0,,,,5.0,,,,,,,7.4375,,,,,,,278.125,,,,,,,288.0,,,,,,,98220.375,,,,,,,91367.0,,,,0,0,0,1
2023,1,22.87294117647059,22.1,23.6,23.31764705882353,20.0,29.0,1018.5129411764707,1018.0,1019.0,False,26.972941176470584,25.7,28.5,244.05882352941177,1.0823529411764705,2.0,MAG,36434.86666666667,29404.0,49643.166666666664,39742.0,29024.777777777777,22964.0,92110.0,789439.0,2.0,,,3.0,2.0,,,,,,6.75,3.3333333333333335,,,,,,249.125,276.0,,,,,,286.0,287.0,,,,,,109532.625,110421.66666666667,,,,,,94662.0,92110.0,,,,0,0,0,1
2023,1,22.87294117647059,22.1,23.6,23.31764705882353,20.0,29.0,1018.5129411764707,1018.0,1019.0,False,26.972941176470584,25.7,28.5,244.05882352941177,1.0823529411764705,2.0,NOR,35003.541666666664,29307.0,46023.2962962963,39341.0,27202.14814814815,22922.0,91570.0,298621.3333333332,3.0,,,4.0,3.0,,,,,,6.75,8.818181818181818,,,,,,255.5,274.8181818181818,,,,,,283.0,281.0,,,,,,110911.0,97632.90909090909,,,,,,93117.0,91570.0,,,,0,0,0,1
2023,1,22.87294117647059,22.1,23.6,23.31764705882353,20.0,29.0,1018.5129411764707,1018.0,1019.0,False,26.972941176470584,25.7,28.5,244.05882352941177,1.0823529411764705,2.0,OCO,35910.818181818184,29258.0,47234.6,39382.0,26757.56,22968.0,91608.0,543946.5,2.0,,,,3.0,,,,,,,9.0,,,,,,,258.89473684210526,,,,,,,287.0,,,,,,,106813.15789473684,,,,,,,91608.0,,,,0,0,0,1
2023,1,22.87294117647059,22.1,23.6,23.31764705882353,20.0,29.0,1018.5129411764707,1018.0,1019.0,False,26.972941176470584,25.7,28.5,244.05882352941177,1.0823529411764705,2.0,PER,35706.65217391304,29104.0,46233.692307692305,39082.0,26889.69230769231,22892.0,91078.0,353110.3333333333,3.0,,,2.0,4.0,,,,,,3.5,10.866666666666667,,,,,,284.5,277.1333333333333,,,,,,285.0,285.0,,,,,,92596.0,97587.66666666667,,,,,,92497.0,91078.0,,,,0,0,0,1
2023,1,22.87294117647059,22.1,23.6,23.31764705882353,20.0,29.0,1018.5129411764707,1018.0,1019.0,False,26.972941176470584,25.7,28.5,244.05882352941177,1.0823529411764705,2.0,PIA,35045.625,29348.0,47389.444444444445,39610.0,27749.962962962964,23066.0,92024.0,448877.5,2.0,,,1.0,3.0,,,,,,3.5,11.647058823529411,,,,,,281.75,262.2352941176471,,,,,,282.0,283.0,,,,,,113612.75,102890.58823529411,,,,,,93963.0,92024.0,,,,0,0,0,1
2023,1,22.87294117647059,22.1,23.6,23.31764705882353,20.0,29.0,1018.5129411764707,1018.0,1019.0,False,26.972941176470584,25.7,28.5,244.05882352941177,1.0823529411764705,2.0,RUS,36038.954545454544,29271.0,47019.44,39637.0,27101.0,22974.0,91882.0,344345.0,3.0,,,,4.0,,,,,,,7.277777777777778,,,,,,,265.27777777777777,,,,,,,286.0,,,,,,,106022.0,,,,,,,91882.0,,,,0,0,0,1
2023,1,22.87294117647059,22.1,23.6,23.31764705882353,20.0,29.0,1018.5129411764707,1018.0,1019.0,False,26.972941176470584,25.7,28.5,244.05882352941177,1.0823529411764705,2.0,SAI,36624.32,29371.0,46531.21428571428,39444.0,27576.571428571428,22911.0,91956.0,212567.5,4.0,,,,5.0,,,,,,,8.263157894736842,,,,,,,264.1578947368421,,,,,,,287.0,,,,,,,100505.47368421052,,,,,,,91956.0,,,,0,0,0,1
2023,1,22.87294117647059,22.1,23.6,23.31764705882353,20.0,29.0,1018.5129411764707,1018.0,1019.0,False,26.972941176470584,25.7,28.5,244.05882352941177,1.0823529411764705,2.0,SAR,34858.46153846154,29530.0,45795.137931034486,39935.0,26819.275862068964,23089.0,92749.0,266913.6666666667,3.0,,,,4.0,,3.0,,,,,9.157894736842104,,3.0,,,,,269.2105263157895,,275.3333333333333,,,,,289.0,,276.0,,,,,104727.1052631579,,98477.33333333333,,,,,92749.0,,98009.0,,0,0,0,1
2023,1,22.87294117647059,22.1,23.6,23.31764705882353,20.0,29.0,1018.5129411764707,1018.0,1019.0,False,26.972941176470584,25.7,28.5,244.05882352941177,1.0823529411764705,2.0,STR,37021.36,29221.0,46734.5,39373.0,26863.464285714286,22856.0,91450.0,298194.3333333333,3.0,,,4.0,2.0,,,,,,11.0625,3.5,,,,,,261.125,278.75,,,,,,283.0,285.0,,,,,,103831.6875,116247.0,,,,,,93566.0,91450.0,,,,0,0,0,1
2023,1,22.87294117647059,22.1,23.6,23.31764705882353,20.0,29.0,1018.5129411764707,1018.0,1019.0,False,26.972941176470584,25.7,28.5,244.05882352941177,1.0823529411764705,2.0,TSU,35371.458333333336,29572.0,47764.22222222222,39712.0,27582.666666666668,23214.0,92525.0,409424.5,2.0,,,1.0,3.0,,,,,,4.5,10.466666666666667,,,,,,282.1666666666667,256.0,,,,,,284.0,282.0,,,,,,116796.83333333333,105175.6,,,,,,93548.0,92525.0,,,,0,0,0,1
2023,1,22.87294117647059,22.1,23.6,23.31764705882353,20.0,29.0,1018.5129411764707,1018.0,1019.0,False,26.972941176470584,25.7,28.5,244.05882352941177,1.0823529411764705,2.0,VER,37282.04761904762,29271.0,46759.708333333336,38959.0,27787.666666666668,22846.0,91076.0,551548.5,2.0,,,1.0,3.0,,,,,,3.6666666666666665,9.846153846153847,,,,,,283.6666666666667,276.84615384615387,,,,,,284.0,284.0,,,,,,108313.33333333333,97778.53846153847,,,,,,92794.0,91076.0,,,,0,0,0,1
2023,1,22.87294117647059,22.1,23.6,23.31764705882353,20.0,29.0,1018.5129411764707,1018.0,1019.0,False,26.972941176470584,25.7,28.5,244.05882352941177,1.0823529411764705,2.0,ZHO,39565.458333333336,29310.0,46712.2962962963,39398.0,28139.51851851852,22878.0,91586.0,176723.0,5.0,,,6.0,4.0,,,,,,10.714285714285714,3.5,,,,,,258.0,281.5,,,,,,281.0,284.0,,,,,,105352.14285714286,92284.0,,,,,,93949.0,91586.0,,,,0,0,0,1
2023,2,26.20240963855422,25.9,26.5,49.903614457831324,49.0,51.0,1009.6915662650601,1009.5,1010.0,False,31.019277108433734,30.3,31.8,264.4096385542169,1.2349397590361446,2.5,ALB,41841.666666666664,33146.0,33893.555555555555,28610.0,34740.7037037037,28926.0,90810.0,316079.6666666667,3.0,,,4.0,2.0,,,,,,9.666666666666666,4.0,,,,,,298.4,305.6,,,,,,312.0,309.0,,,,,,101837.4,111226.8,,,,,,90810.0,90939.0,,,,0,0,1,3
2023,2,26.20240963855422,25.9,26.5,49.903614457831324,49.0,51.0,1009.6915662650601,1009.5,1010.0,False,31.019277108433734,30.3,31.8,264.4096385542169,1.2349397590361446,2.5,ALO,38997.27272727273,32640.0,32381.576923076922,28317.0,33052.730769230766,28677.0,89811.0,382730.3333333333,3.0,,,4.0,3.0,,,,,,11.125,3.5,,,,,,276.375,298.5,,,,,,302.0,300.0,,,,,,99653.6875,89898.0,,,,,,90612.0,89811.0,,,,0,0,1,3
2023,2,26.20240963855422,25.9,26.5,49.903614457831324,49.0,51.0,1009.6915662650601,1009.5,1010.0,False,31.019277108433734,30.3,31.8,264.4096385542169,1.2349397590361446,2.5,BOT,40565.22222222222,33112.0,33678.63333333333,28817.0,35078.86666666667,29123.0,91052.0,239935.0,3.0,3.0,,,4.0,,,,7.5,,,8.0,,,,292.2,,,292.8333333333333,,,,298.0,,,304.0,,,,103143.7,,,105403.41666666667,,,,93260.0,,,91052.0,,,,0,0,1,3
2023,2,26.20240963855422,25.9,26.5,49.903614457831324,49.0,51.0,1009.6915662650601,1009.5,1010.0,False,31.019277108433734,30.3,31.8,264.4096385542169,1.2349397590361446,2.5,DEV,39678.192307692305,32988.0,33107.44827586207,28945.0,34443.03448275862,28980.0,90921.0,373691.0,2.0,1.0,,,3.0,,,,4.5,,,11.058823529411764,,,,300.6666666666667,,,283.52941176470586,,,,304.0,,,302.0,,,,106120.0,,,103252.41176470589,,,,91579.0,,,90921.0,,,,0,0,1,3
2023,2,26.20240963855422,25.9,26.5,49.903614457831324,49.0,51.0,1009.6915662650601,1009.5,1010.0,False,31.019277108433734,30.3,31.8,264.4096385542169,1.2349397590361446,2.5,GAS,40583.36,32729.0,34021.107142857145,28578.0,34393.392857142855,28721.0,90100.0,431034.0,2.0,,,1.0,3.0,,,,,,4.5,10.2,,,,,,303.6666666666667,296.6,,,,,,306.0,313.0,,,,,,105604.5,101216.46666666666,,,,,,90628.0,90100.0,,,,0,0,1,3
2023,2,26.20240963855422,25.9,26.5,49.903614457831324,49.0,51.0,1009.6915662650601,1009.5,1010.0,False,31.019277108433734,30.3,31.8,264.4096385542169,1.2349397590361446,2.5,HAM,42374.916666666664,33205.0,33582.333333333336,28575.0,34399.51851851852,28666.0,90599.0,280892.6666666667,3.0,,,4.0,3.0,,,,,,8.454545454545455,6.428571428571429,,,,,,275.45454545454544,298.57142857142856,,,,,,307.0,309.0,,,,,,103966.63636363637,102653.85714285714,,,,,,91007.0,90599.0,,,,0,0,1,3
2023,2,26.20240963855422,25.9,26.5,49.903614457831324,49.0,51.0,1009.6915662650601,1009.5,1010.0,False,31.019277108433734,30.3,31.8,264.4096385542169,1.2349397590361446,2.5,HUL,40600.375,33015.0,33395.7037037037,28531.0,34184.851851851854,28635.0,90181.0,472979.0,2.0,,,3.0,2.0,,,,,,11.411764705882353,3.5,,,,,,276.52941176470586,302.75,,,,,,303.0,308.0,,,,,,103155.41176470589,110819.25,,,,,,91548.0,90181.0,,,,0,0,1,3
2023,2,26.20240963855422,25.9,26.5,49.903614457831324,49.0,51.0,1009.6915662650601,1009.5,1010.0,False,31.019277108433734,30.3,31.8,264.4096385542169,1.2349397590361446,2.5,LEC,40013.36,32943.0,34447.28571428572,28631.0,34913.78571428572,28767.0,90341.0,453338.9999999999,2.0,,,3.0,2.0,,,,,,11.0,4.0,,,,,,294.4375,300.4,,,,,,307.0,307.0,,,,,,99220.0625,112346.8,,,,,,90916.0,90341.0,,,,0,0,1,3
2023,2,26.20240963855422,25.9,26.5,49.903614457831324,49.0,51.0,1009.6915662650601,1009.5,1010.0,False,31.019277108433734,30.3,31.8,264.4096385542169,1.2349397590361446,2.5,MAG,39646.36363636364,33154.0,34813.2,28582.0,36760.16,29084.0,90820.0,577962.0,2.0,1.0,,,3.0,,,,3.5,,,7.153846153846154,,,,299.5,,,290.53846153846155,,,,303.0,,,305.0,,,,108084.5,,,99568.53846153847,,,,92477.0,,,90820.0,,,,0,0,1,3
2023,2,26.20240963855422,25.9,26.5,49.903614457831324,49.0,51.0,1009.6915662650601,1009.5,1010.0,False,31.019277108433734,30.3,31.8,264.4096385542169,1.2349397590361446,2.5,NOR,40732.541666666664,32883.0,34653.81481481482,28706.0,35203.11111111111,29092.0,90721.0,295980.6666666668,3.0,4.0,,,3.0,,,,7.444444444444445,,,7.7,,,,265.0,,,291.1,,,,304.0,,,302.0,,,,107639.33333333333,,,105811.6,,,,92324.0,,,90721.0,,,,0,0,1,3
2023,2,26.20240963855422,25.9,26.5,49.903614457831324,49.0,51.0,1009.6915662650601,1009.5,1010.0,False,31.019277108433734,30.3,31.8,264.4096385542169,1.2349397590361446,2.5,OCO,39753.291666666664,32643.0,32820.333333333336,28596.0,33598.88888888889,28723.0,90039.0,487385.0,2.0,,,3.0,2.0,,,,,,10.875,4.0,,,,,,282.0,305.2,,,,,,308.0,309.0,,,,,,101634.5,105561.2,,,,,,90737.0,90039.0,,,,0,0,1,3
2023,2,26.20240963855422,25.9,26.5,49.903614457831324,49.0,51.0,1009.6915662650601,1009.5,1010.0,False,31.019277108433734,30.3,31.8,264.4096385542169,1.2349397590361446,2.5,PER,40702.04347826087,32880.0,35083.807692307695,28496.0,35928.88461538462,28510.0,89902.0,413190.5,2.0,,,3.0,2.0,,,,,,10.6,3.5,,,,,,297.3333333333333,307.5,,,,,,311.0,308.0,,,,,,100173.8,106208.5,,,,,,90428.0,89902.0,,,,0,0,1,3
2023,2,26.20240963855422,25.9,26.5,49.903614457831324,49.0,51.0,1009.6915662650601,1009.5,1010.0,False,31.019277108433734,30.3,31.8,264.4096385542169,1.2349397590361446,2.5,PIA,41085.086956521736,32970.0,33317.57692307692,28803.0,35728.653846153844,28952.0,90964.0,367292.6666666667,3.0,4.0,,,3.0,,,,8.083333333333334,,,5.166666666666667,,,,290.25,,,285.5,,,,301.0,,,301.0,,,,103249.91666666667,,,109660.33333333333,,,,92189.0,,,90964.0,,,,0,0,1,3
2023,2,26.20240963855422,25.9,26.5,49.903614457831324,49.0,51.0,1009.6915662650601,1009.5,1010.0,False,31.019277108433734,30.3,31.8,264.4096385542169,1.2349397590361446,2.5,RUS,42540.791666666664,32803.0,34748.11111111111,28508.0,34991.88888888889,28759.0,90070.0,292324.6666666667,3.0,,,4.0,2.0,,,,,,9.733333333333333,4.25,,,,,,295.53333333333336,303.5,,,,,,304.0,305.0,,,,,,102822.26666666666,106889.5,,,,,,91377.0,90070.0,,,,0,0,1,3
2023,2,26.20240963855422,25.9,26.5,49.903614457831324,49.0,51.0,1009.6915662650601,1009.5,1010.0,False,31.019277108433734,30.3,31.8,264.4096385542169,1.2349397590361446,2.5,SAI,40725.692307692305,32981.0,35947.58620689655,28669.0,34972.24137931035,28749.0,90592.0,235710.99999999985,3.0,,,4.0,3.0,,,,,,7.0,9.090909090909092,,,,,,270.6,291.27272727272725,,,,,,307.0,300.0,,,,,,113576.0,100524.90909090909,,,,,,91080.0,90592.0,,,,0,0,1,3
2023,2,26.20240963855422,25.9,26.5,49.903614457831324,49.0,51.0,1009.6915662650601,1009.5,1010.0,False,31.019277108433734,30.3,31.8,264.4096385542169,1.2349397590361446,2.5,SAR,40859.22222222222,33245.0,32679.666666666668,28851.0,34814.36666666667,28782.0,90959.0,256199.66666666666,3.0,4.0,,,3.0,,,,10.1875,,,4.833333333333333,,,,296.375,,,300.0,,,,307.0,,,305.0,,,,100193.875,,,114975.16666666667,,,,91982.0,,,90959.0,,,,0,0,1,3
2023,2,26.20240963855422,25.9,26.5,49.903614457831324,49.0,51.0,1009.6915662650601,1009.5,1010.0,False,31.019277108433734,30.3,31.8,264.4096385542169,1.2349397590361446,2.5,STR,41615.416666666664,32811.0,33378.851851851854,28499.0,34369.0,28772.0,90110.0,528595.5,2.0,,,1.0,3.0,,,,,,4.0,10.857142857142858,,,,,,293.0,292.7857142857143,,,,,,299.0,301.0,,,,,,111115.8,97699.28571428571,,,,,,90996.0,90110.0,,,,0,0,1,3
2023,2,26.20240963855422,25.9,26.5,49.903614457831324,49.0,51.0,1009.6915662650601,1009.5,1010.0,False,31.019277108433734,30.3,31.8,264.4096385542169,1.2349397590361446,2.5,TSU,40155.851851851854,32806.0,33546.0,28853.0,34950.933333333334,28965.0,90776.0,226627.66666666666,3.0,2.0,,,4.0,,,,6.0,,,11.294117647058824,,,,300.0,,,279.47058823529414,,,,303.0,,,301.0,,,,105659.8,,,103452.58823529411,,,,91895.0,,,90776.0,,,,0,0,1,3
2023,2,26.20240963855422,25.9,26.5,49.903614457831324,49.0,51.0,1009.6915662650601,1009.5,1010.0,False,31.019277108433734,30.3,31.8,264.4096385542169,1.2349397590361446,2.5,VER,39631.42307692308,32619.0,33941.620689655174,28401.0,35044.65517241379,28570.0,89603.0,377480.0,2.0,,,1.0,3.0,,,,,,4.2,11.125,,,,,,305.6,291.5625,,,,,,308.0,309.0,,,,,,106386.4,98831.5625,,,,,,89952.0,89603.0,,,,0,0,1,3
2023,2,26.20240963855422,25.9,26.5,49.903614457831324,49.0,51.0,1009.6915662650601,1009.5,1010.0,False,31.019277108433734,30.3,31.8,264.4096385542169,1.2349397590361446,2.5,ZHO,42213.541666666664,33246.0,33711.851851851854,28801.0,34807.40740740741,28790.0,90837.0,229013.25,4.0,,,5.0,3.0,,,,,,9.785714285714286,4.0,,,,,,274.85714285714283,301.4,,,,,,299.0,304.0,,,,,,105330.57142857143,110243.8,,,,,,91804.0,90837.0,,,,0,0,1,3
2023,3,15.930487804878048,15.0,16.8,77.36585365853658,72.0,84.0,1012.6085365853658,1012.2,1013.0,True,23.851219512195122,20.3,27.7,143.47560975609755,1.3231707317073171,2.5,ALB,33540.444444444445,28398.0,20052.5,18274.0,41435.125,34510.0,81182.0,1583471.0,1.0,,2.0,,1.0,,,,,7.0,,2.0,,,,,284.3076923076923,,301.3333333333333,,,,,289.0,,304.0,,,,,94691.53846153847,,96383.33333333333,,,,,88404.0,,81182.0,,,,0,0,1,3
2023,3,15.930487804878048,15.0,16.8,77.36585365853658,72.0,84.0,1012.6085365853658,1012.2,1013.0,True,23.851219512195122,20.3,27.7,143.47560975609755,1.3231707317073171,2.5,ALO,42458.0,27413.0,21261.30769230769,17974.0,46539.0,33500.0,78887.0,617395.5,4.0,,5.0,1.0,2.0,,,,,3.3333333333333335,2.5,1.0,,,,,194.0,296.5,301.0,,,,,276.0,300.0,301.0,,,,,121934.33333333333,94195.25,93411.0,,,,,109081.0,78887.0,93411.0,,,,0,0,1,3
2023,3,15.930487804878048,15.0,16.8,77.36585365853658,72.0,84.0,1012.6085365853658,1012.2,1013.0,True,23.851219512195122,20.3,27.7,143.47560975609755,1.3231707317073171,2.5,BOT,34728.77272727273,27844.0,21171.590909090908,18257.0,43009.0,34183.0,80312.0,869023.4999999999,2.0,,3.0,1.0,2.0,,,,,6.0,3.5,1.5,,,,,257.6363636363636,295.3333333333333,292.5,,,,,280.0,298.0,293.0,,,,,100588.90909090909,94754.33333333333,88155.0,,,,,90022.0,80312.0,83470.0,,,,0,0,1,3
2023,3,15.930487804878048,15.0,16.8,77.36585365853658,72.0,84.0,1012.6085365853658,1012.2,1013.0,True,23.851219512195122,20.3,27.7,143.47560975609755,1.3231707317073171,2.5,DEV,32908.875,28018.0,19546.0,18238.0,42180.57142857143,34298.0,80600.0,,,1.0,,,,,,,4.0,,,,,,,295.7142857142857,,,,,,,299.0,,,,,,,94695.14285714286,,,,,,,80600.0,,,,,,,0,0,1,3
2023,3,15.930487804878048,15.0,16.8,77.36585365853658,72.0,84.0,1012.6085365853658,1012.2,1013.0,True,23.851219512195122,20.3,27.7,143.47560975609755,1.3231707317073171,2.5,GAS,43264.666666666664,27737.0,20099.916666666668,18097.0,44203.875,34284.0,80206.0,865531.0,3.0,1.0,4.0,,,,,,3.5,3.0,,,,,,301.0,33.0,,,,,,304.0,33.0,,,,,,86616.83333333333,143269.0,,,,,,80206.0,143269.0,,,,,,0,0,1,3
2023,3,15.930487804878048,15.0,16.8,77.36585365853658,72.0,84.0,1012.6085365853658,1012.2,1013.0,True,23.851219512195122,20.3,27.7,143.47560975609755,1.3231707317073171,2.5,HAM,37173.35294117647,27758.0,20741.470588235294,18149.0,40494.07692307692,34337.0,80323.0,754543.3333333334,3.0,1.0,4.0,,,,,,4.5,4.4,,,,,,300.125,226.8,,,,,,302.0,280.0,,,,,,87799.25,110345.8,,,,,,80323.0,93688.0,,,,,,0,0,1,3
2023,3,15.930487804878048,15.0,16.8,77.36585365853658,72.0,84.0,1012.6085365853658,1012.2,1013.0,True,23.851219512195122,20.3,27.7,143.47560975609755,1.3231707317073171,2.5,HUL,35761.68421052631,27965.0,20514.78947368421,18118.0,45399.75,34111.0,80194.0,686618.0,3.0,1.0,4.0,,,,,,3.0,6.1,,,,,,297.4,250.5,,,,,,303.0,284.0,,,,,,90274.2,106164.0,,,,,,80194.0,90725.0,,,,,,0,0,1,3
2023,3,15.930487804878048,15.0,16.8,77.36585365853658,72.0,84.0,1012.6085365853658,1012.2,1013.0,True,23.851219512195122,20.3,27.7,143.47560975609755,1.3231707317073171,2.5,LEC,38313.4,27581.0,22312.5,17953.0,41237.142857142855,33758.0,79332.0,648636.5,2.0,,,1.0,2.0,,,,,,3.5,1.0,,,,,,299.0,280.0,,,,,,302.0,280.0,,,,,,99485.16666666667,99554.0,,,,,,79332.0,99554.0,,,,0,0,1,3
2023,3,15.930487804878048,15.0,16.8,77.36585365853658,72.0,84.0,1012.6085365853658,1012.2,1013.0,True,23.851219512195122,20.3,27.7,143.47560975609755,1.3231707317073171,2.5,MAG,37916.27777777778,28518.0,21290.666666666668,18344.0,45224.78571428572,34404.0,81266.0,610348.3333333334,3.0,,4.0,2.0,,,,,,6.181818181818182,3.0,,,,,,253.8181818181818,299.3333333333333,,,,,,283.0,301.0,,,,,,108022.54545454546,93966.0,,,,,,91859.0,81266.0,,,,,0,0,1,3
2023,3,15.930487804878048,15.0,16.8,77.36585365853658,72.0,84.0,1012.6085365853658,1012.2,1013.0,True,23.851219512195122,20.3,27.7,143.47560975609755,1.3231707317073171,2.5,NOR,37419.8,27736.0,20902.95,18172.0,45297.75,34053.0,80176.0,604332.9999999999,3.0,1.0,4.0,,2.0,,,,3.5,5.333333333333333,,1.0,,,,297.8333333333333,248.11111111111111,,300.0,,,,300.0,281.0,,300.0,,,,100704.66666666667,105224.33333333333,,99006.0,,,,80176.0,91121.0,,99006.0,,,,0,0,1,3
2023,3,15.930487804878048,15.0,16.8,77.36585365853658,72.0,84.0,1012.6085365853658,1012.2,1013.0,True,23.851219512195122,20.3,27.7,143.47560975609755,1.3231707317073171,2.5,OCO,35450.5,27622.0,21582.666666666668,17906.0,40395.77777777778,34197.0,79725.0,371485.5,2.0,,,1.0,2.0,,,,,,4.0,1.5,,,,,,301.14285714285717,295.0,,,,,,306.0,302.0,,,,,,93611.71428571429,91686.5,,,,,,79725.0,91089.0,,,,0,0,1,3
2023,3,15.930487804878048,15.0,16.8,77.36585365853658,72.0,84.0,1012.6085365853658,1012.2,1013.0,True,23.851219512195122,20.3,27.7,143.47560975609755,1.3231707317073171,2.5,PER,40844.666666666664,27191.0,21272.8,17817.0,49577.0,34539.0,80083.0,440651.6,5.0,,6.0,,1.0,,,,,4.5,,4.0,,,,,137.5,,297.7142857142857,,,,,269.0,,309.0,,,,,127865.0,,98349.14285714286,,,,,114816.0,,80083.0,,,,0,0,1,3
2023,3,15.930487804878048,15.0,16.8,77.36585365853658,72.0,84.0,1012.6085365853658,1012.2,1013.0,True,23.851219512195122,20.3,27.7,143.47560975609755,1.3231707317073171,2.5,PIA,34523.52173913043,28038.0,20748.666666666668,18288.0,42154.619047619046,34014.0,80380.0,1519488.0,1.0,,2.0,1.0,,,,,,7.5,4.5,,,,,,277.92857142857144,298.0,,,,,,281.0,300.0,,,,,,96568.57142857143,95811.83333333333,,,,,,88110.0,80380.0,,,,,0,0,1,3
2023,3,15.930487804878048,15.0,16.8,77.36585365853658,72.0,84.0,1012.6085365853658,1012.2,1013.0,True,23.851219512195122,20.3,27.7,143.47560975609755,1.3231707317073171,2.5,RUS,35288.55,27627.0,20488.7,18119.0,38974.73333333333,33926.0,79672.0,631176.3333333334,3.0,1.0,4.0,,,,,,4.5,5.285714285714286,,,,,,298.0,253.57142857142858,,,,,,301.0,281.0,,,,,,85786.875,96680.28571428571,,,,,,79672.0,90599.0,,,,,,0,0,1,3
2023,3,15.930487804878048,15.0,16.8,77.36585365853658,72.0,84.0,1012.6085365853658,1012.2,1013.0,True,23.851219512195122,20.3,27.7,143.47560975609755,1.3231707317073171,2.5,SAI,36344.63636363636,27514.0,21546.75,17938.0,42630.444444444445,33873.0,79695.0,577661.0,2.0,,,1.0,2.0,,,,,,5.0,1.0,,,,,,291.14285714285717,277.0,,,,,,302.0,277.0,,,,,,96256.57142857143,104290.0,,,,,,79695.0,104290.0,,,,0,0,1,3
2023,3,15.930487804878048,15.0,16.8,77.36585365853658,72.0,84.0,1012.6085365853658,1012.2,1013.0,True,23.851219512195122,20.3,27.7,143.47560975609755,1.3231707317073171,2.5,STR,39332.2,27951.0,20841.4,18354.0,46256.454545454544,34274.0,80579.0,583731.5,4.0,1.0,5.0,,,,,,3.0,3.8,,,,,,296.0,228.0,,,,,,298.0,278.0,,,,,,88715.8,118809.0,,,,,,80579.0,96086.0,,,,,,0,0,1,3
2023,3,15.930487804878048,15.0,16.8,77.36585365853658,72.0,84.0,1012.6085365853658,1012.2,1013.0,True,23.851219512195122,20.3,27.7,143.47560975609755,1.3231707317073171,2.5,TSU,34394.22222222222,27868.0,20626.277777777777,18135.0,43632.5,34217.0,80220.0,2063791.0,1.0,1.0,2.0,,,,,,4.0,4.5,,,,,,291.85714285714283,277.875,,,,,,297.0,281.0,,,,,,91252.42857142857,96676.75,,,,,,80220.0,89761.0,,,,,,0,0,1,3
2023,3,15.930487804878048,15.0,16.8,77.36585365853658,72.0,84.0,1012.6085365853658,1012.2,1013.0,True,23.851219512195122,20.3,27.7,143.47560975609755,1.3231707317073171,2.5,VER,45652.25,27485.0,21564.5,17895.0,46065.555555555555,34031.0,79502.0,417955.0,5.0,,,1.0,,,,,,,3.5,,,,,,,304.1666666666667,,,,,,,305.0,,,,,,,96607.5,,,,,,,79502.0,,,,,0,0,1,3
2023,3,15.930487804878048,15.0,16.8,77.36585365853658,72.0,84.0,1012.6085365853658,1012.2,1013.0,True,23.851219512195122,20.3,27.7,143.47560975609755,1.3231707317073171,2.5,ZHO,34450.59090909091,27778.0,20653.31818181818,18329.0,43310.73684210526,34359.0,80470.0,852211.5,2.0,,3.0,1.0,2.0,,,,,6.5,3.5,1.0,,,,,253.16666666666666,295.8333333333333,297.0,,,,,281.0,301.0,297.0,,,,,99605.33333333333,94633.5,96077.0,,,,,89873.0,80470.0,96077.0,,,,0,0,1,3
2023,5,28.097560975609756,27.5,28.7,55.573170731707314,50.0,60.0,1016.7829268292683,1016.5,1017.0,False,38.77560975609756,35.8,41.8,137.23170731707316,3.1256097560975613,5.0,ALB,39666.77272727273,29892.0,40053.2,33741.0,31419.08,25413.0,89046.0,198441.8,5.0,,,6.0,3.0,,,,,,8.090909090909092,5.333333333333333,,,,,,258.90909090909093,266.5,,,,,,283.0,281.0,,,,,,104948.54545454546,111495.0,,,,,,90509.0,89046.0,,,,1,0,0,5
2023,5,28.097560975609756,27.5,28.7,55.573170731707314,50.0,60.0,1016.7829268292683,1016.5,1017.0,False,38.77560975609756,35.8,41.8,137.23170731707316,3.1256097560975613,5.0,ALO,37558.23809523809,29764.0,41456.5,33691.0,30722.0,25090.0,88660.0,365954.0,3.0,3.0,,,4.0,,,,6.666666666666667,,,6.0,,,,276.0,,,243.0,,,,280.0,,,278.0,,,,101748.44444444444,,,112260.0,,,,90218.0,,,88660.0,,,,1,0,0,5
2023,5,28.097560975609756,27.5,28.7,55.573170731707314,50.0,60.0,1016.7829268292683,1016.5,1017.0,False,38.77560975609756,35.8,41.8,137.23170731707316,3.1256097560975613,5.0,BOT,37755.545454545456,30196.0,39055.36,33686.0,30412.44,25253.0,89189.0,235744.2,5.0,,,6.0,3.0,,,,,,8.1,4.5,,,,,,249.9,267.5,,,,,,276.0,278.0,,,,,,101895.5,111177.16666666667,,,,,,91689.0,89189.0,,,,1,0,0,5
2023,5,28.097560975609756,27.5,28.7,55.573170731707314,50.0,60.0,1016.7829268292683,1016.5,1017.0,False,38.77560975609756,35.8,41.8,137.23170731707316,3.1256097560975613,5.0,DEV,38222.47619047619,30360.0,39497.32,34173.0,30310.875,25395.0,89928.0,238383.99999999994,4.0,,,,5.0,,,,,,,6.875,,,,,,,258.625,,,,,,,282.0,,,,,,,106707.0625,,,,,,,89928.0,,,,1,0,0,5
2023,5,28.097560975609756,27.5,28.7,55.573170731707314,50.0,60.0,1016.7829268292683,1016.5,1017.0,False,38.77560975609756,35.8,41.8,137.23170731707316,3.1256097560975613,5.0,GAS,39255.11111111111,30057.0,40580.5,33849.0,30574.333333333332,25170.0,89098.0,483697.6666666667,3.0,,,4.0,2.0,,,,,,7.555555555555555,4.0,,,,,,248.77777777777777,257.4,,,,,,279.0,281.0,,,,,,104823.44444444444,111187.2,,,,,,90502.0,89098.0,,,,1,0,0,5
2023,5,28.097560975609756,27.5,28.7,55.573170731707314,50.0,60.0,1016.7829268292683,1016.5,1017.0,False,38.77560975609756,35.8,41.8,137.23170731707316,3.1256097560975613,5.0,HAM,39158.77777777778,29855.0,42584.545454545456,33678.0,31006.909090909092,25143.0,88858.0,424172.3333333333,3.0,,,4.0,2.0,,,,,,8.6,3.6666666666666665,,,,,,253.5,280.3333333333333,,,,,,281.0,282.0,,,,,,108505.4,101986.33333333333,,,,,,90141.0,88858.0,,,,1,0,0,5
2023,5,28.097560975609756,27.5,28.7,55.573170731707314,50.0,60.0,1016.7829268292683,1016.5,1017.0,False,38.77560975609756,35.8,41.8,137.23170731707316,3.1256097560975613,5.0,HUL,36234.444444444445,29941.0,38962.09090909091,33724.0,30220.0,25308.0,89393.0,482557.0,3.0,,,4.0,2.0,,,,,,8.454545454545455,3.0,,,,,,253.72727272727272,265.6666666666667,,,,,,278.0,282.0,,,,,,100999.90909090909,104048.33333333333,,,,,,90675.0,89393.0,,,,1,0,0,5
2023,5,28.097560975609756,27.5,28.7,55.573170731707314,50.0,60.0,1016.7829268292683,1016.5,1017.0,False,38.77560975609756,35.8,41.8,137.23170731707316,3.1256097560975613,5.0,LEC,38250.0,29744.0,40971.68421052631,33399.0,30793.263157894737,25182.0,88398.0,280075.0,3.0,,,4.0,3.0,,,,,,6.25,4.4,,,,,,273.625,279.4,,,,,,281.0,281.0,,,,,,105413.0,112210.4,,,,,,89497.0,88398.0,,,,1,0,0,5
2023,5,28.097560975609756,27.5,28.7,55.573170731707314,50.0,60.0,1016.7829268292683,1016.5,1017.0,False,38.77560975609756,35.8,41.8,137.23170731707316,3.1256097560975613,5.0,MAG,37391.05882352941,29969.0,39559.28571428572,33992.0,31606.571428571428,25178.0,89171.0,512989.3333333333,3.0,4.0,,,2.0,,,,8.636363636363637,,,3.0,,,,252.36363636363637,,,271.6666666666667,,,,279.0,,,283.0,,,,104350.45454545454,,,108390.66666666667,,,,90774.0,,,89171.0,,,,1,0,0,5
2023,5,28.097560975609756,27.5,28.7,55.573170731707314,50.0,60.0,1016.7829268292683,1016.5,1017.0,False,38.77560975609756,35.8,41.8,137.23170731707316,3.1256097560975613,5.0,NOR,37287.9,29619.0,38803.608695652176,33888.0,32498.391304347828,25234.0,88741.0,262585.2,5.0,,,5.0,6.0,,,,,,6.125,8.0,,,,,,274.125,232.6,,,,,,279.0,281.0,,,,,,102816.625,97462.6,,,,,,92270.0,88741.0,,,,1,0,0,5
2023,5,28.097560975609756,27.5,28.7,55.573170731707314,50.0,60.0,1016.7829268292683,1016.5,1017.0,False,38.77560975609756,35.8,41.8,137.23170731707316,3.1256097560975613,5.0,OCO,37235.57142857143,29847.0,39575.541666666664,33853.0,31082.875,25174.0,88937.0,340131.6666666667,3.0,4.0,,,2.0,,,,8.1,,,5.0,,,,250.4,,,257.42857142857144,,,,281.0,,,280.0,,,,102720.0,,,109611.14285714286,,,,90099.0,,,88937.0,,,,1,0,0,5
2023,5,28.097560975609756,27.5,28.7,55.573170731707314,50.0,60.0,1016.7829268292683,1016.5,1017.0,False,38.77560975609756,35.8,41.8,137.23170731707316,3.1256097560975613,5.0,PER,37777.75,29660.0,40511.17391304348,33450.0,32168.260869565216,25216.0,88419.0,317914.0,4.0,,,5.0,3.0,,,,,,9.0,3.6666666666666665,,,,,,261.4166666666667,280.0,,,,,,283.0,281.0,,,,,,108370.0,105516.33333333333,,,,,,89622.0,88419.0,,,,1,0,0,5
2023,5,28.097560975609756,27.5,28.7,55.573170731707314,50.0,60.0,1016.7829268292683,1016.5,1017.0,False,38.77560975609756,35.8,41.8,137.23170731707316,3.1256097560975613,5.0,PIA,36845.05263157895,30073.0,39360.913043478264,33972.0,30242.652173913044,25252.0,89339.0,274457.99999999994,4.0,1.0,,5.0,4.0,,,,3.0,,2.5,8.4,,,,280.0,,168.0,274.3,,,,281.0,,278.0,281.0,,,,103563.66666666667,,106761.5,100495.0,,,,90831.0,,93599.0,89339.0,,,,1,0,0,5
2023,5,28.097560975609756,27.5,28.7,55.573170731707314,50.0,60.0,1016.7829268292683,1016.5,1017.0,False,38.77560975609756,35.8,41.8,137.23170731707316,3.1256097560975613,5.0,RUS,37357.117647058825,29868.0,40162.5,33639.0,31588.75,25349.0,89216.0,423489.6666666667,3.0,,,4.0,2.0,,,,,,6.75,4.0,,,,,,247.625,259.4,,,,,,279.0,279.0,,,,,,105665.75,110009.8,,,,,,90068.0,89216.0,,,,1,0,0,5
2023,5,28.097560975609756,27.5,28.7,55.573170731707314,50.0,60.0,1016.7829268292683,1016.5,1017.0,False,38.77560975609756,35.8,41.8,137.23170731707316,3.1256097560975613,5.0,SAI,38426.333333333336,29736.0,39732.64,33520.0,30387.36,25059.0,88315.0,252446.5,4.0,,,5.0,4.0,,,,,,6.625,7.625,,,,,,250.875,271.5,,,,,,281.0,281.0,,,,,,105484.375,99193.625,,,,,,89636.0,88315.0,,,,1,0,0,5
2023,5,28.097560975609756,27.5,28.7,55.573170731707314,50.0,60.0,1016.7829268292683,1016.5,1017.0,False,38.77560975609756,35.8,41.8,137.23170731707316,3.1256097560975613,5.0,SAR,39657.86363636364,30516.0,38560.46153846154,34118.0,29388.346153846152,25190.0,90038.0,177951.16666666666,6.0,7.0,,,4.0,,,,8.666666666666666,,,5.2,,,,257.9166666666667,,,279.8,,,,282.0,,,283.0,,,,101186.08333333333,,,107446.0,,,,90572.0,,,90038.0,,,,1,0,0,5
2023,5,28.097560975609756,27.5,28.7,55.573170731707314,50.0,60.0,1016.7829268292683,1016.5,1017.0,False,38.77560975609756,35.8,41.8,137.23170731707316,3.1256097560975613,5.0,STR,40114.94736842105,29858.0,42710.545454545456,33649.0,30995.227272727272,25319.0,88930.0,324914.25,4.0,,,4.0,5.0,,,,,,6.222222222222222,6.0,,,,,,276.55555555555554,230.2,,,,,,279.0,278.0,,,,,,111966.11111111111,105686.8,,,,,,90761.0,88930.0,,,,1,0,0,5
2023,5,28.097560975609756,27.5,28.7,55.573170731707314,50.0,60.0,1016.7829268292683,1016.5,1017.0,False,38.77560975609756,35.8,41.8,137.23170731707316,3.1256097560975613,5.0,TSU,38958.2,30187.0,39842.458333333336,34150.0,31713.375,25276.0,89613.0,373506.0,3.0,,,4.0,2.0,,,,,,8.1,5.0,,,,,,255.3,261.57142857142856,,,,,,281.0,280.0,,,,,,104449.3,114686.14285714286,,,,,,90816.0,89613.0,,,,1,0,0,5
2023,5,28.097560975609756,27.5,28.7,55.573170731707314,50.0,60.0,1016.7829268292683,1016.5,1017.0,False,38.77560975609756,35.8,41.8,137.23170731707316,3.1256097560975613,5.0,VER,38112.833333333336,29534.0,39860.36363636364,33350.0,31638.454545454544,25046.0,87930.0,443573.0,3.0,,,4.0,2.0,,,,,,9.666666666666666,3.6666666666666665,,,,,,248.55555555555554,281.6666666666667,,,,,,281.0,282.0,,,,,,94324.33333333333,103918.0,,,,,,89380.0,87930.0,,,,1,0,0,5
2023,5,28.097560975609756,27.5,28.7,55.573170731707314,50.0,60.0,1016.7829268292683,1016.5,1017.0,False,38.77560975609756,35.8,41.8,137.23170731707316,3.1256097560975613,5.0,ZHO,37813.36363636364,30094.0,39182.653846153844,33759.0,30407.5,25328.0,89181.0,258809.5,4.0,5.0,,,3.0,,,,7.909090909090909,,,5.285714285714286,,,,251.54545454545453,,,270.0,,,,278.0,,,280.0,,,,106885.72727272728,,,105844.28571428571,,,,91330.0,,,89181.0,,,,1,0,0,5
2023,6,26.871604938271602,26.5,27.3,32.41975308641975,30.0,35.0,1017.2728395061729,1017.0,1017.5,False,43.02962962962963,39.5,46.3,192.34567901234567,0.9382716049382716,2.4,ALB,25310.2,19525.0,44080.9,34969.0,28212.222222222223,19702.0,74217.0,,,,,,1.0,,,,,,,4.5,,,,,,,264.625,,,,,,,269.0,,,,,,,90087.5,,,,,,,74217.0,,,,1,0,1,4
2023,6,26.871604938271602,26.5,27.3,32.41975308641975,30.0,35.0,1017.2728395061729,1017.0,1017.5,False,43.02962962962963,39.5,46.3,192.34567901234567,0.9382716049382716,2.4,ALO,22634.0,18844.0,40054.32258064516,34337.0,25007.285714285714,19245.0,72682.0,254586.75,4.0,,,5.0,4.0,,,,,,5.7,9.823529411764707,,,,,,236.0,259.70588235294116,,,,,,264.0,268.0,,,,,,92990.3,83506.29411764706,,,,,,73872.0,72682.0,,,,1,0,1,4
2023,6,26.871604938271602,26.5,27.3,32.41975308641975,30.0,35.0,1017.2728395061729,1017.0,1017.5,False,43.02962962962963,39.5,46.3,192.34567901234567,0.9382716049382716,2.4,BOT,22784.21212121212,19093.0,40560.84375,34587.0,25914.51724137931,19370.0,73050.0,163568.5,6.0,,,7.0,5.0,,,,,,10.058823529411764,5.888888888888889,,,,,,251.1764705882353,261.1111111111111,,,,,,270.0,268.0,,,,,,87189.88235294117,82454.33333333333,,,,,,74464.0,73050.0,,,,1,0,1,4
2023,6,26.871604938271602,26.5,27.3,32.41975308641975,30.0,35.0,1017.2728395061729,1017.0,1017.5,False,43.02962962962963,39.5,46.3,192.34567901234567,0.9382716049382716,2.4,DEV,23350.323529411766,19137.0,39713.117647058825,34877.0,26153.451612903227,19437.0,73663.0,231532.5,4.0,,,5.0,4.0,,,,,,7.076923076923077,9.2,,,,,,261.6923076923077,259.6666666666667,,,,,,268.0,266.0,,,,,,87118.07692307692,83169.2,,,,,,74462.0,73663.0,,,,1,0,1,4
2023,6,26.871604938271602,26.5,27.3,32.41975308641975,30.0,35.0,1017.2728395061729,1017.0,1017.5,False,43.02962962962963,39.5,46.3,192.34567901234567,0.9382716049382716,2.4,GAS,23109.60714285714,19296.0,40719.82142857143,34406.0,26660.72,19387.0,73089.0,665961.0,2.0,,,3.0,2.0,,,,,,9.529411764705882,4.0,,,,,,258.0,260.7142857142857,,,,,,265.0,266.0,,,,,,84455.17647058824,90137.57142857143,,,,,,74187.0,73089.0,,,,1,0,1,4
2023,6,26.871604938271602,26.5,27.3,32.41975308641975,30.0,35.0,1017.2728395061729,1017.0,1017.5,False,43.02962962962963,39.5,46.3,192.34567901234567,0.9382716049382716,2.4,HAM,23956.172413793105,19048.0,43294.31034482759,34550.0,26098.03846153846,19253.0,72960.0,575251.5,2.0,,,3.0,2.0,,,,,,8.466666666666667,5.5,,,,,,259.8666666666667,252.7,,,,,,266.0,270.0,,,,,,86850.46666666666,97350.1,,,,,,73984.0,72960.0,,,,1,0,1,4
2023,6,26.871604938271602,26.5,27.3,32.41975308641975,30.0,35.0,1017.2728395061729,1017.0,1017.5,False,43.02962962962963,39.5,46.3,192.34567901234567,0.9382716049382716,2.4,HUL,22068.303030303032,19197.0,39238.21212121212,34808.0,24589.9,19515.0,73520.0,352834.3333333333,3.0,,,2.0,4.0,,,,,,7.384615384615385,9.125,,,,,,263.53846153846155,247.125,,,,,,267.0,271.0,,,,,,83480.38461538461,86043.375,,,,,,75375.0,73520.0,,,,1,0,1,4
2023,6,26.871604938271602,26.5,27.3,32.41975308641975,30.0,35.0,1017.2728395061729,1017.0,1017.5,False,43.02962962962963,39.5,46.3,192.34567901234567,0.9382716049382716,2.4,LEC,23088.81818181818,18992.0,42418.65625,34326.0,28730.833333333332,19209.0,72527.0,198509.5,4.0,2.0,,,5.0,,,,6.833333333333333,,,9.266666666666667,,,,264.5,,,259.93333333333334,,,,267.0,,,269.0,,,,89615.41666666667,,,88726.73333333334,,,,73823.0,,,72527.0,,,,1,0,1,4
2023,6,26.871604938271602,26.5,27.3,32.41975308641975,30.0,35.0,1017.2728395061729,1017.0,1017.5,False,43.02962962962963,39.5,46.3,192.34567901234567,0.9382716049382716,2.4,MAG,22460.571428571428,19065.0,40622.21428571428,34670.0,26512.88,19502.0,73457.0,625376.0,2.0,,,3.0,2.0,,,,,,10.0,3.5,,,,,,257.3333333333333,260.1666666666667,,,,,,265.0,270.0,,,,,,84351.22222222222,91056.83333333333,,,,,,74124.0,73457.0,,,,1,0,1,4
2023,6,26.871604938271602,26.5,27.3,32.41975308641975,30.0,35.0,1017.2728395061729,1017.0,1017.5,False,43.02962962962963,39.5,46.3,192.34567901234567,0.9382716049382716,2.4,NOR,23268.5,19268.0,42673.444444444445,34433.0,23060.6,19166.0,72906.0,390253.5,2.0,1.0,,,3.0,,,,4.5,,,4.142857142857143,,,,266.75,,,267.14285714285717,,,,268.0,,,271.0,,,,87593.25,,,90597.42857142857,,,,74037.0,,,72906.0,,,,1,0,1,4
2023,6,26.871604938271602,26.5,27.3,32.41975308641975,30.0,35.0,1017.2728395061729,1017.0,1017.5,False,43.02962962962963,39.5,46.3,192.34567901234567,0.9382716049382716,2.4,OCO,23531.5,19204.0,40063.0,34537.0,24753.296296296296,19408.0,73162.0,585900.0,2.0,,,3.0,2.0,,,,,,10.055555555555555,5.0,,,,,,243.27777777777777,261.55555555555554,,,,,,265.0,269.0,,,,,,86642.44444444444,90312.66666666667,,,,,,74024.0,73162.0,,,,1,0,1,4
2023,6,26.871604938271602,26.5,27.3,32.41975308641975,30.0,35.0,1017.2728395061729,1017.0,1017.5,False,43.02962962962963,39.5,46.3,192.34567901234567,0.9382716049382716,2.4,PER,23893.166666666668,19129.0,41622.166666666664,34431.0,26423.777777777777,19387.0,72991.0,358527.33333333343,3.0,,,4.0,3.0,,,,,,10.5,4.0,,,,,,253.88888888888889,251.71428571428572,,,,,,266.0,267.0,,,,,,86516.5,91681.85714285714,,,,,,73648.0,72991.0,,,,1,0,1,4
2023,6,26.871604938271602,26.5,27.3,32.41975308641975,30.0,35.0,1017.2728395061729,1017.0,1017.5,False,43.02962962962963,39.5,46.3,192.34567901234567,0.9382716049382716,2.4,PIA,23015.9,19190.0,41369.41379310345,34856.0,27060.30769230769,19545.0,73673.0,229882.2,5.0,,,6.0,3.0,,,,,,9.75,4.0,,,,,,261.0,267.2857142857143,,,,,,267.0,269.0,,,,,,83835.4375,91299.57142857143,,,,,,74617.0,73673.0,,,,1,0,1,4
2023,6,26.871604938271602,26.5,27.3,32.41975308641975,30.0,35.0,1017.2728395061729,1017.0,1017.5,False,43.02962962962963,39.5,46.3,192.34567901234567,0.9382716049382716,2.4,RUS,23118.6875,18999.0,41877.6129032258,34564.0,25469.103448275862,19368.0,73191.0,477635.0,2.0,,,3.0,2.0,,,,,,9.411764705882353,6.5,,,,,,251.05882352941177,254.5,,,,,,267.0,268.0,,,,,,89214.23529411765,92771.83333333333,,,,,,73890.0,73191.0,,,,1,0,1,4
2023,6,26.871604938271602,26.5,27.3,32.41975308641975,30.0,35.0,1017.2728395061729,1017.0,1017.5,False,43.02962962962963,39.5,46.3,192.34567901234567,0.9382716049382716,2.4,SAI,24143.909090909092,18922.0,43510.318181818184,34237.0,26077.1,19247.0,72569.0,236482.0,2.0,1.0,,,3.0,,,,6.0,,,5.0,,,,265.45454545454544,,,268.75,,,,268.0,,,270.0,,,,88892.90909090909,,,98710.625,,,,73808.0,,,72569.0,,,,1,0,1,4
2023,6,26.871604938271602,26.5,27.3,32.41975308641975,30.0,35.0,1017.2728395061729,1017.0,1017.5,False,43.02962962962963,39.5,46.3,192.34567901234567,0.9382716049382716,2.4,SAR,23662.848484848484,19413.0,40533.25,35075.0,25504.206896551725,19745.0,74238.0,293242.0,3.0,,,1.0,4.0,,,,,,5.5,11.052631578947368,,,,,,265.3,246.73684210526315,,,,,,270.0,267.0,,,,,,91397.2,88616.47368421052,,,,,,75339.0,74238.0,,,,1,0,1,4
2023,6,26.871604938271602,26.5,27.3,32.41975308641975,30.0,35.0,1017.2728395061729,1017.0,1017.5,False,43.02962962962963,39.5,46.3,192.34567901234567,0.9382716049382716,2.4,STR,23355.8064516129,19054.0,40559.290322580644,34622.0,25864.25925925926,19481.0,73185.0,266004.75,4.0,,,4.0,5.0,,,,,,8.866666666666667,6.2727272727272725,,,,,,257.8666666666667,237.54545454545453,,,,,,263.0,267.0,,,,,,85854.06666666667,95093.81818181818,,,,,,74208.0,73185.0,,,,1,0,1,4
2023,6,26.871604938271602,26.5,27.3,32.41975308641975,30.0,35.0,1017.2728395061729,1017.0,1017.5,False,43.02962962962963,39.5,46.3,192.34567901234567,0.9382716049382716,2.4,TSU,23354.227272727272,19206.0,41739.90909090909,34586.0,23719.95,19566.0,73641.0,447620.0,1.0,,,1.0,2.0,,,,,,5.5,5.5,,,,,,264.7,255.2,,,,,,268.0,264.0,,,,,,85771.2,91885.2,,,,,,74263.0,73641.0,,,,1,0,1,4
2023,6,26.871604938271602,26.5,27.3,32.41975308641975,30.0,35.0,1017.2728395061729,1017.0,1017.5,False,43.02962962962963,39.5,46.3,192.34567901234567,0.9382716049382716,2.4,VER,23733.566666666666,18963.0,41064.1,34276.0,24709.48148148148,19223.0,72462.0,575688.5,2.0,,,3.0,2.0,,,,,,11.428571428571429,3.0,,,,,,257.9047619047619,246.0,,,,,,268.0,267.0,,,,,,85371.28571428571,92357.8,,,,,,73312.0,72462.0,,,,1,0,1,4
2023,6,26.871604938271602,26.5,27.3,32.41975308641975,30.0,35.0,1017.2728395061729,1017.0,1017.5,False,43.02962962962963,39.5,46.3,192.34567901234567,0.9382716049382716,2.4,ZHO,23991.65625,19116.0,40712.8125,34715.0,28083.931034482757,19510.0,73354.0,169208.83333333334,6.0,,,7.0,6.0,,,,,,8.933333333333334,6.7,,,,,,243.46666666666667,265.0,,,,,,266.0,269.0,,,,,,89205.4,85082.9,,,,,,74897.0,73354.0,,,,1,0,1,4
2023,7,23.347560975609756,22.1,24.2,55.390243902439025,52.0,61.0,998.4048780487805,998.2,998.5,False,34.31463414634147,30.1,37.5,171.91463414634146,1.4121951219512194,2.4,ALB,30135.96551724138,22309.0,35884.03125,30004.0,27851.28125,22743.0,75056.0,174645.0,5.0,,,6.0,3.0,5.0,,,,,9.0,3.6666666666666665,4.5,,,,,256.75,287.3333333333333,270.75,,,,,292.0,289.0,273.0,,,,,95206.41666666667,92514.33333333333,84848.375,,,,,76416.0,75056.0,80539.0,,,0,0,0,0
2023,7,23.347560975609756,22.1,24.2,55.390243902439025,52.0,61.0,998.4048780487805,998.2,998.5,False,34.31463414634147,30.1,37.5,171.91463414634146,1.4121951219512194,2.4,ALO,30368.666666666668,22021.0,35001.9,29587.0,27065.6,22311.0,74077.0,285403.0,4.0,,,2.0,5.0,1.0,,,,,3.5,9.666666666666666,3.5,,,,,284.0,257.9166666666667,280.25,,,,,289.0,290.0,283.0,,,,,97587.66666666667,92597.08333333333,77627.25,,,,,75373.0,74077.0,77245.0,,,0,0,0,0
2023,7,23.347560975609756,22.1,24.2,55.390243902439025,52.0,61.0,998.4048780487805,998.2,998.5,False,34.31463414634147,30.1,37.5,171.91463414634146,1.4121951219512194,2.4,BOT,30507.379310344826,22203.0,35333.3125,29789.0,27106.8125,22456.0,74448.0,182898.0,5.0,,,1.0,6.0,5.0,,,,,4.0,9.692307692307692,4.0,,,,,276.8,259.7692307692308,269.4,,,,,285.0,289.0,271.0,,,,,95013.0,88145.92307692308,80315.8,,,,,76403.0,74448.0,80015.0,,,0,0,0,0
2023,7,23.347560975609756,22.1,24.2,55.390243902439025,52.0,61.0,998.4048780487805,998.2,998.5,False,34.31463414634147,30.1,37.5,171.91463414634146,1.4121951219512194,2.4,DEV,26875.655172413793,22270.0,34471.78787878788,29981.0,26444.757575757576,22472.0,74785.0,237946.5,4.0,,,4.0,5.0,1.0,,,,,8.833333333333334,5.428571428571429,4.0,,,,,275.1666666666667,244.14285714285714,288.2,,,,,289.0,290.0,289.0,,,,,82990.66666666667,91793.0,84552.8,,,,,75458.0,74785.0,76666.0,,,0,0,0,0
2023,7,23.347560975609756,22.1,24.2,55.390243902439025,52.0,61.0,998.4048780487805,998.2,998.5,False,34.31463414634147,30.1,37.5,171.91463414634146,1.4121951219512194,2.4,GAS,27958.5,22212.0,36456.75862068965,29719.0,27724.51724137931,22497.0,74457.0,375475.0,3.0,1.0,,,4.0,,,,4.0,,,12.588235294117647,,,,287.4,,,263.94117647058823,,,,289.0,,,290.0,,,,94424.4,,,85819.5294117647,,,,76622.0,,,74457.0,,,,0,0,0,0
2023,7,23.347560975609756,22.1,24.2,55.390243902439025,52.0,61.0,998.4048780487805,998.2,998.5,False,34.31463414634147,30.1,37.5,171.91463414634146,1.4121951219512194,2.4,HAM,29912.5,21964.0,35774.74193548387,29740.0,27497.387096774193,22697.0,74549.0,199975.8,5.0,,,6.0,5.0,1.0,,,,,6.636363636363637,7.625,10.0,,,,,257.09090909090907,277.75,283.0,,,,,287.0,289.0,285.0,,,,,91380.90909090909,85519.125,97827.33333333333,,,,,76010.0,74549.0,77245.0,,,0,0,0,0
2023,7,23.347560975609756,22.1,24.2,55.390243902439025,52.0,61.0,998.4048780487805,998.2,998.5,False,34.31463414634147,30.1,37.5,171.91463414634146,1.4121951219512194,2.4,HUL,26915.0,21998.0,34500.77419354839,29698.0,26514.451612903227,22481.0,74177.0,330709.6666666667,3.0,,,4.0,3.0,,,,,,5.875,11.375,,,,,,256.5,274.5625,,,,,,289.0,292.0,,,,,,91843.375,80634.0625,,,,,,76152.0,74177.0,,,,0,0,0,0
2023,7,23.347560975609756,22.1,24.2,55.390243902439025,52.0,61.0,998.4048780487805,998.2,998.5,False,34.31463414634147,30.1,37.5,171.91463414634146,1.4121951219512194,2.4,LEC,28508.862068965518,22288.0,35332.0625,29622.0,27193.125,22336.0,74246.0,228532.50000000006,4.0,,,,5.0,4.0,,,,,,11.647058823529411,4.5,,,,,,264.5882352941176,276.0,,,,,,294.0,283.0,,,,,,83165.35294117648,80389.16666666667,,,,,,74246.0,79940.0,,,0,0,0,0
2023,7,23.347560975609756,22.1,24.2,55.390243902439025,52.0,61.0,998.4048780487805,998.2,998.5,False,34.31463414634147,30.1,37.5,171.91463414634146,1.4121951219512194,2.4,MAG,28233.714285714286,22265.0,37220.125,29866.0,28306.5,22582.0,74713.0,777319.5,2.0,,,3.0,2.0,,,,,,9.928571428571429,3.5,,,,,,256.07142857142856,280.25,,,,,,289.0,293.0,,,,,,87733.07142857143,100717.5,,,,,,76533.0,74713.0,,,,0,0,0,0
2023,7,23.347560975609756,22.1,24.2,55.390243902439025,52.0,61.0,998.4048780487805,998.2,998.5,False,34.31463414634147,30.1,37.5,171.91463414634146,1.4121951219512194,2.4,NOR,28436.85185185185,22063.0,36319.26666666667,29598.0,27319.833333333332,22547.0,74694.0,330855.6666666667,3.0,,,3.0,2.0,4.0,,,,,5.571428571428571,3.5,6.5,,,,,282.42857142857144,227.75,258.25,,,,,289.0,289.0,282.0,,,,,94450.85714285714,100723.0,84231.41666666667,,,,,75926.0,74694.0,79571.0,,,0,0,0,0
2023,7,23.347560975609756,22.1,24.2,55.390243902439025,52.0,61.0,998.4048780487805,998.2,998.5,False,34.31463414634147,30.1,37.5,171.91463414634146,1.4121951219512194,2.4,OCO,27846.25925925926,22164.0,37148.833333333336,29707.0,27582.6,22371.0,74242.0,354193.3333333333,3.0,1.0,,,4.0,,,,4.0,,,13.11111111111111,,,,288.4,,,266.05555555555554,,,,292.0,,,292.0,,,,94570.8,,,85784.27777777778,,,,75999.0,,,74242.0,,,,0,0,0,0
2023,7,23.347560975609756,22.1,24.2,55.390243902439025,52.0,61.0,998.4048780487805,998.2,998.5,False,34.31463414634147,30.1,37.5,171.91463414634146,1.4121951219512194,2.4,PER,27475.777777777777,22137.0,35891.73333333333,29751.0,28682.933333333334,22331.0,74219.0,274524.49999999994,4.0,,,5.0,4.0,1.0,,,,,4.285714285714286,9.333333333333334,3.0,,,,,228.0,277.0833333333333,272.6666666666667,,,,,289.0,290.0,288.0,,,,,106780.28571428571,80767.25,96379.66666666667,,,,,75524.0,74219.0,76982.0,,,0,0,0,0
2023,7,23.347560975609756,22.1,24.2,55.390243902439025,52.0,61.0,998.4048780487805,998.2,998.5,False,34.31463414634147,30.1,37.5,171.91463414634146,1.4121951219512194,2.4,PIA,28288.25925925926,22173.0,35217.3,29827.0,26846.7,22583.0,74583.0,286208.0,4.0,,,5.0,4.0,1.0,,,,,4.428571428571429,8.818181818181818,3.5,,,,,249.57142857142858,274.72727272727275,284.75,,,,,288.0,286.0,287.0,,,,,95927.57142857143,80401.09090909091,101114.0,,,,,76037.0,74583.0,77032.0,,,0,0,0,0
2023,7,23.347560975609756,22.1,24.2,55.390243902439025,52.0,61.0,998.4048780487805,998.2,998.5,False,34.31463414634147,30.1,37.5,171.91463414634146,1.4121951219512194,2.4,RUS,26942.714285714286,22239.0,33971.1935483871,29715.0,26777.935483870966,22438.0,74392.0,334798.3333333333,3.0,,,2.0,4.0,1.0,,,,,3.0,11.882352941176471,9.5,,,,,267.4,262.6470588235294,284.5,,,,,289.0,287.0,285.0,,,,,95518.4,82439.94117647059,87471.0,,,,,75771.0,74392.0,77731.0,,,0,0,0,0
2023,7,23.347560975609756,22.1,24.2,55.390243902439025,52.0,61.0,998.4048780487805,998.2,998.5,False,34.31463414634147,30.1,37.5,171.91463414634146,1.4121951219512194,2.4,SAI,29187.03448275862,22055.0,34789.5625,29698.0,27626.59375,22521.0,74274.0,221680.75,4.0,,,,5.0,4.0,,,,,,9.0,7.0,,,,,,259.5833333333333,273.27272727272725,,,,,,293.0,275.0,,,,,,84917.33333333333,80365.09090909091,,,,,,74274.0,80021.0,,,0,0,0,0
2023,7,23.347560975609756,22.1,24.2,55.390243902439025,52.0,61.0,998.4048780487805,998.2,998.5,False,34.31463414634147,30.1,37.5,171.91463414634146,1.4121951219512194,2.4,SAR,27230.533333333333,22368.0,35460.969696969696,30188.0,27774.151515151516,22745.0,75415.0,220923.25,4.0,,,5.0,4.0,1.0,,,,,5.5,8.8,4.0,,,,,251.2,275.9,287.8,,,,,282.0,289.0,293.0,,,,,86881.7,84100.9,94872.8,,,,,80387.0,75415.0,76706.0,,,0,0,0,0
2023,7,23.347560975609756,22.1,24.2,55.390243902439025,52.0,61.0,998.4048780487805,998.2,998.5,False,34.31463414634147,30.1,37.5,171.91463414634146,1.4121951219512194,2.4,STR,28417.60714285714,22379.0,36150.12903225807,29975.0,27252.935483870966,22572.0,75010.0,327329.6666666667,3.0,,,2.0,4.0,1.0,,,,,3.5,9.928571428571429,7.5,,,,,282.1666666666667,247.42857142857142,272.75,,,,,285.0,287.0,274.0,,,,,99308.83333333333,88307.35714285714,79126.0,,,,,75779.0,75010.0,78827.0,,,0,0,0,0
2023,7,23.347560975609756,22.1,24.2,55.390243902439025,52.0,61.0,998.4048780487805,998.2,998.5,False,34.31463414634147,30.1,37.5,171.91463414634146,1.4121951219512194,2.4,TSU,27543.1,22333.0,36153.17647058824,30022.0,28981.08823529412,22485.0,74840.0,216315.0,3.0,,,2.0,4.0,1.0,,,,,3.5,11.529411764705882,4.0,,,,,262.0,259.29411764705884,285.6,,,,,289.0,289.0,286.0,,,,,97715.25,87228.76470588235,91645.2,,,,,75569.0,74840.0,76547.0,,,0,0,0,0
2023,7,23.347560975609756,22.1,24.2,55.390243902439025,52.0,61.0,998.4048780487805,998.2,998.5,False,34.31463414634147,30.1,37.5,171.91463414634146,1.4121951219512194,2.4,VER,27786.1935483871,22000.0,35457.82352941176,29585.0,26418.0,22322.0,73907.0,214407.75,4.0,,,4.0,5.0,1.0,,,,,7.636363636363637,7.909090909090909,3.0,,,,,279.45454545454544,278.72727272727275,291.0,,,,,291.0,288.0,291.0,,,,,84521.81818181818,81328.0,92283.66666666667,,,,,74968.0,73907.0,75655.0,,,0,0,0,0
2023,7,23.347560975609756,22.1,24.2,55.390243902439025,52.0,61.0,998.4048780487805,998.2,998.5,False,34.31463414634147,30.1,37.5,171.91463414634146,1.4121951219512194,2.4,ZHO,30889.69230769231,22183.0,35654.24137931035,29909.0,26982.827586206895,22477.0,74585.0,230798.8,5.0,,,6.0,4.0,5.0,,,,,9.23076923076923,3.6666666666666665,3.5,,,,,260.2307692307692,290.6666666666667,274.25,,,,,288.0,292.0,282.0,,,,,89090.46153846153,93964.0,81218.25,,,,,76372.0,74585.0,80752.0,,,0,0,0,0
2023,8,22.6392523364486,17.6,23.7,57.94392523364486,53.0,76.0,1003.2766355140187,1003.0,1004.0,True,34.8214953271028,27.2,38.7,204.49532710280374,1.0485981308411214,3.7,ALB,24655.878787878788,21207.0,25935.28125,23808.0,32765.066666666666,29899.0,75003.0,467228.6666666667,3.0,,,4.0,3.0,,,,,,9.0,4.916666666666667,,,,,,279.88235294117646,287.9166666666667,,,,,,289.0,294.0,,,,,,78311.82352941176,88550.16666666667,,,,,,77672.0,75003.0,,,,2,0,0,5
2023,8,22.6392523364486,17.6,23.7,57.94392523364486,53.0,76.0,1003.2766355140187,1003.0,1004.0,True,34.8214953271028,27.2,38.7,204.49532710280374,1.0485981308411214,3.7,ALO,25060.78947368421,20352.0,27928.783783783783,23786.0,33959.15625,29742.0,74044.0,428870.4,5.0,,,5.0,4.0,,,,,,4.5,7.375,,,,,,275.875,282.0,,,,,,278.0,289.0,,,,,,80819.625,87066.33333333333,,,,,,77122.0,74044.0,,,,2,0,0,5
2023,8,22.6392523364486,17.6,23.7,57.94392523364486,53.0,76.0,1003.2766355140187,1003.0,1004.0,True,34.8214953271028,27.2,38.7,204.49532710280374,1.0485981308411214,3.7,BOT,25419.358974358973,20685.0,27185.79487179487,23785.0,35470.02857142857,29750.0,74220.0,292233.0,7.0,,,7.0,4.0,,,,,,10.25,2.5714285714285716,,,,,,277.0416666666667,287.2857142857143,,,,,,291.0,290.0,,,,,,82723.5,90168.42857142857,,,,,,75582.0,74220.0,,,,2,0,0,5
2023,8,22.6392523364486,17.6,23.7,57.94392523364486,53.0,76.0,1003.2766355140187,1003.0,1004.0,True,34.8214953271028,27.2,38.7,204.49532710280374,1.0485981308411214,3.7,DEV,25396.945945945947,20927.0,28185.243243243243,24057.0,35897.96875,29966.0,75002.0,246615.7142857143,7.0,,,7.0,5.0,,,,,,9.952380952380953,2.25,,,,,,284.4761904761905,288.625,,,,,,293.0,292.0,,,,,,87523.95238095238,88172.0,,,,,,75774.0,75002.0,,,,2,0,0,5
2023,8,22.6392523364486,17.6,23.7,57.94392523364486,53.0,76.0,1003.2766355140187,1003.0,1004.0,True,34.8214953271028,27.2,38.7,204.49532710280374,1.0485981308411214,3.7,GAS,24856.684210526317,20742.0,27475.92105263158,23843.0,34229.75,29892.0,74477.0,408850.75,4.0,,,3.0,4.0,,,,,,7.0,6.2,,,,,,280.4166666666667,283.1,,,,,,292.0,290.0,,,,,,85129.625,84034.6,,,,,,75064.0,74477.0,,,,2,0,0,5
2023,8,22.6392523364486,17.6,23.7,57.94392523364486,53.0,76.0,1003.2766355140187,1003.0,1004.0,True,34.8214953271028,27.2,38.7,204.49532710280374,1.0485981308411214,3.7,HAM,25753.172413793105,20356.0,28459.8,23573.0,34953.6,29789.0,73718.0,555357.25,4.0,,,1.0,4.0,,,,,,8.5,3.3,,,,,,273.14285714285717,254.1,,,,,,276.0,295.0,,,,,,78782.35714285714,99532.8,,,,,,78009.0,73718.0,,,,2,0,0,5
2023,8,22.6392523364486,17.6,23.7,57.94392523364486,53.0,76.0,1003.2766355140187,1003.0,1004.0,True,34.8214953271028,27.2,38.7,204.49532710280374,1.0485981308411214,3.7,HUL,26574.0,21422.0,28368.1,24238.0,40150.444444444445,30522.0,76369.0,664165.0,1.0,,,1.0,2.0,,,,,,7.5,1.0,,,,,,278.25,39.0,,,,,,289.0,39.0,,,,,,92485.0,120374.0,,,,,,76369.0,120374.0,,,,2,0,0,5
2023,8,22.6392523364486,17.6,23.7,57.94392523364486,53.0,76.0,1003.2766355140187,1003.0,1004.0,True,34.8214953271028,27.2,38.7,204.49532710280374,1.0485981308411214,3.7,LEC,24911.815789473683,20373.0,28506.891891891893,23906.0,36180.21212121212,29637.0,74094.0,303079.0,7.0,6.0,,4.0,3.0,,,,3.6,,12.764705882352942,3.0,,,,276.2,,278.2352941176471,288.375,,,,278.0,,289.0,292.0,,,,79689.6,,84060.29411764706,95580.875,,,,76966.0,,75523.0,74094.0,,,,2,0,0,5
2023,8,22.6392523364486,17.6,23.7,57.94392523364486,53.0,76.0,1003.2766355140187,1003.0,1004.0,True,34.8214953271028,27.2,38.7,204.49532710280374,1.0485981308411214,3.7,MAG,25012.722222222223,20668.0,27059.833333333332,23974.0,35643.53125,29902.0,74544.0,402457.8,5.0,,,4.0,5.0,,,,,,15.181818181818182,3.375,,,,,,277.8636363636364,280.375,,,,,,290.0,289.0,,,,,,83285.22727272728,88243.25,,,,,,76152.0,74544.0,,,,2,0,0,5
2023,8,22.6392523364486,17.6,23.7,57.94392523364486,53.0,76.0,1003.2766355140187,1003.0,1004.0,True,34.8214953271028,27.2,38.7,204.49532710280374,1.0485981308411214,3.7,NOR,25690.3,20704.0,27766.333333333332,23979.0,34898.68571428571,29934.0,74617.0,286938.71428571426,7.0,,7.0,6.0,3.0,,,,,1.5,8.642857142857142,2.5,,,,,272.0,277.0,287.0,,,,,272.0,291.0,288.0,,,,,93201.5,84810.82142857143,86381.5,,,,,86723.0,75508.0,74617.0,,,,2,0,0,5
2023,8,22.6392523364486,17.6,23.7,57.94392523364486,53.0,76.0,1003.2766355140187,1003.0,1004.0,True,34.8214953271028,27.2,38.7,204.49532710280374,1.0485981308411214,3.7,OCO,27359.235294117647,20821.0,29149.0,24307.0,34891.26666666667,29964.0,75092.0,991723.0,1.0,,,1.0,2.0,,,,,,7.0,1.5,,,,,,284.0,290.0,,,,,,288.0,290.0,,,,,,91415.07692307692,89652.5,,,,,,75716.0,75092.0,,,,2,0,0,5
2023,8,22.6392523364486,17.6,23.7,57.94392523364486,53.0,76.0,1003.2766355140187,1003.0,1004.0,True,34.8214953271028,27.2,38.7,204.49532710280374,1.0485981308411214,3.7,PER,25082.678571428572,20471.0,27927.89285714286,23841.0,37569.4,29938.0,74250.0,367615.66666666674,6.0,,,6.0,5.0,,,,,,6.5,4.777777777777778,,,,,,275.0833333333333,289.77777777777777,,,,,,280.0,293.0,,,,,,80315.66666666667,98444.11111111111,,,,,,77690.0,74250.0,,,,2,0,0,5
2023,8,22.6392523364486,17.6,23.7,57.94392523364486,53.0,76.0,1003.2766355140187,1003.0,1004.0,True,34.8214953271028,27.2,38.7,204.49532710280374,1.0485981308411214,3.7,PIA,26305.513513513513,20551.0,27726.81081081081,24085.0,36052.93939393939,29897.0,74533.0,235046.42857142858,7.0,,,6.0,4.0,,,,,,8.32,2.0,,,,,,280.0,287.8,,,,,,291.0,290.0,,,,,,86676.2,93751.4,,,,,,75722.0,74533.0,,,,2,0,0,5
2023,8,22.6392523364486,17.6,23.7,57.94392523364486,53.0,76.0,1003.2766355140187,1003.0,1004.0,True,34.8214953271028,27.2,38.7,204.49532710280374,1.0485981308411214,3.7,RUS,24854.6,20543.0,28264.90322580645,23539.0,33683.07692307692,29641.0,73745.0,441085.8,5.0,,,1.0,5.0,,,,,,9.0,3.3333333333333335,,,,,,275.6666666666667,283.0,,,,,,286.0,290.0,,,,,,78805.06666666667,89106.44444444444,,,,,,78230.0,73745.0,,,,2,0,0,5
2023,8,22.6392523364486,17.6,23.7,57.94392523364486,53.0,76.0,1003.2766355140187,1003.0,1004.0,True,34.8214953271028,27.2,38.7,204.49532710280374,1.0485981308411214,3.7,SAI,24889.94871794872,20650.0,28147.102564102563,23665.0,36101.74285714285,29529.0,73844.0,339746.16666666674,6.0,5.0,,4.0,3.0,,,,3.5,,13.68421052631579,2.5714285714285716,,,,275.1666666666667,,278.42105263157896,287.7142857142857,,,,278.0,,290.0,289.0,,,,78779.5,,84782.1052631579,96869.28571428571,,,,77329.0,,75473.0,73844.0,,,,2,0,0,5
2023,8,22.6392523364486,17.6,23.7,57.94392523364486,53.0,76.0,1003.2766355140187,1003.0,1004.0,True,34.8214953271028,27.2,38.7,204.49532710280374,1.0485981308411214,3.7,SAR,25219.37837837838,21216.0,27433.702702702703,24144.0,33854.76470588235,30066.0,75426.0,407797.0,3.0,,,4.0,3.0,,,,,,12.0,3.466666666666667,,,,,,277.2105263157895,289.8666666666667,,,,,,281.0,292.0,,,,,,80850.31578947368,92442.8,,,,,,78860.0,75426.0,,,,2,0,0,5
2023,8,22.6392523364486,17.6,23.7,57.94392523364486,53.0,76.0,1003.2766355140187,1003.0,1004.0,True,34.8214953271028,27.2,38.7,204.49532710280374,1.0485981308411214,3.7,STR,25775.068965517243,20686.0,31206.833333333332,23784.0,34846.76,29846.0,74419.0,515931.6,5.0,,,5.0,4.0,,,,,,3.0,6.315789473684211,,,,,,286.6,286.89473684210526,,,,,,291.0,290.0,,,,,,82543.6,92977.52631578948,,,,,,74747.0,74419.0,,,,2,0,0,5
2023,8,22.6392523364486,17.6,23.7,57.94392523364486,53.0,76.0,1003.2766355140187,1003.0,1004.0,True,34.8214953271028,27.2,38.7,204.49532710280374,1.0485981308411214,3.7,TSU,25780.404761904763,20824.0,27939.333333333332,24099.0,34569.05263157895,30018.0,74941.0,213262.99999999997,6.0,,,6.0,4.0,,,,,,10.551724137931034,2.2857142857142856,,,,,,283.2413793103448,287.0,,,,,,291.0,288.0,,,,,,84373.96551724138,92333.42857142857,,,,,,76241.0,74941.0,,,,2,0,0,5
2023,8,22.6392523364486,17.6,23.7,57.94392523364486,53.0,76.0,1003.2766355140187,1003.0,1004.0,True,34.8214953271028,27.2,38.7,204.49532710280374,1.0485981308411214,3.7,VER,25493.1875,20391.0,28180.90625,23844.0,36734.03448275862,29803.0,74142.0,436569.5,4.0,,,4.0,3.0,,,,,,8.5,5.666666666666667,,,,,,273.3125,266.5,,,,,,276.0,291.0,,,,,,80476.6875,101730.0,,,,,,77212.0,74142.0,,,,2,0,0,5
2023,8,22.6392523364486,17.6,23.7,57.94392523364486,53.0,76.0,1003.2766355140187,1003.0,1004.0,True,34.8214953271028,27.2,38.7,204.49532710280374,1.0485981308411214,3.7,ZHO,26597.486486486487,20967.0,28411.583333333332,23943.0,34261.54838709677,29901.0,74811.0,432995.2,5.0,,,5.0,4.0,,,,,,5.875,6.266666666666667,,,,,,281.25,287.6666666666667,,,,,,289.0,291.0,,,,,,87462.6875,90392.53333333334,,,,,,76309.0,74811.0,,,,2,0,0,5
2023,10,26.72625,26.2,27.2,35.45,31.0,38.0,997.29375,997.0,997.7,False,39.2425,36.4,42.4,237.925,2.23875,3.5,ALB,34421.40740740741,27920.0,43885.26666666667,35803.0,29043.966666666667,24573.0,88296.0,176138.75,4.0,5.0,,,3.0,,,,12.166666666666666,,,3.5,,,,234.83333333333334,,,224.75,,,,251.0,,,251.0,,,,103045.55555555556,,,113807.75,,,,89878.0,,,88296.0,,,,0,0,0,2
2023,10,26.72625,26.2,27.2,35.45,31.0,38.0,997.29375,997.0,997.7,False,39.2425,36.4,42.4,237.925,2.23875,3.5,ALO,34386.77272727273,28254.0,44079.57692307692,36034.0,28668.26923076923,24820.0,89134.0,369303.0,3.0,,,4.0,3.0,,,,,,10.071428571428571,4.333333333333333,,,,,,228.71428571428572,248.33333333333334,,,,,,248.0,251.0,,,,,,99766.71428571429,103469.0,,,,,,90217.0,89134.0,,,,0,0,0,2
2023,10,26.72625,26.2,27.2,35.45,31.0,38.0,997.29375,997.0,997.7,False,39.2425,36.4,42.4,237.925,2.23875,3.5,BOT,34903.88,28224.0,45252.357142857145,36343.0,30327.678571428572,24792.0,89378.0,292163.3333333333,3.0,,,1.0,4.0,,,,,,5.0,9.384615384615385,,,,,,247.0,230.92307692307693,,,,,,248.0,252.0,,,,,,110139.85714285714,105626.84615384616,,,,,,90450.0,89378.0,,,,0,0,0,2
2023,10,26.72625,26.2,27.2,35.45,31.0,38.0,997.29375,997.0,997.7,False,39.2425,36.4,42.4,237.925,2.23875,3.5,DEV,32517.76,28210.0,42154.75,36484.0,27671.714285714286,24691.0,89571.0,253658.66666666674,3.0,4.0,,,3.0,,,,6.8,,,8.833333333333334,,,,238.2,,,235.83333333333334,,,,250.0,,,249.0,,,,106707.8,,,99752.5,,,,90242.0,,,89571.0,,,,0,0,0,2
2023,10,26.72625,26.2,27.2,35.45,31.0,38.0,997.29375,997.0,997.7,False,39.2425,36.4,42.4,237.925,2.23875,3.5,GAS,34819.875,27998.0,43043.59259259259,36245.0,28180.51851851852,24646.0,88889.0,367610.00000000006,3.0,4.0,,,3.0,,,,11.411764705882353,,,3.5,,,,231.23529411764707,,,248.5,,,,250.0,,,249.0,,,,100948.5294117647,,,89144.0,,,,89700.0,,,88889.0,,,,0,0,0,2
2023,10,26.72625,26.2,27.2,35.45,31.0,38.0,997.29375,997.0,997.7,False,39.2425,36.4,42.4,237.925,2.23875,3.5,HAM,34123.04761904762,28188.0,43700.458333333336,36275.0,28845.083333333332,24820.0,89283.0,593126.0,2.0,,,1.0,3.0,,,,,,3.75,9.692307692307692,,,,,,241.5,227.3846153846154,,,,,,248.0,252.0,,,,,,104278.25,100090.84615384616,,,,,,89583.0,89283.0,,,,0,0,0,2
2023,10,26.72625,26.2,27.2,35.45,31.0,38.0,997.29375,997.0,997.7,False,39.2425,36.4,42.4,237.925,2.23875,3.5,HUL,32080.32,27937.0,41104.75,36307.0,28439.214285714286,24636.0,88880.0,521939.0,2.0,3.0,,,2.0,,,,13.714285714285714,,,2.0,,,,231.85714285714286,,,250.0,,,,247.0,,,250.0,,,,97935.71428571429,,,88880.0,,,,90981.0,,,88880.0,,,,0,0,0,2
2023,10,26.72625,26.2,27.2,35.45,31.0,38.0,997.29375,997.0,997.7,False,39.2425,36.4,42.4,237.925,2.23875,3.5,MAG,37787.05882352941,28260.0,46832.2,36498.0,30732.2,24576.0,89439.0,642187.5,2.0,,,3.0,2.0,,,,,,8.222222222222221,3.5,,,,,,220.66666666666666,247.5,,,,,,247.0,248.0,,,,,,103883.66666666667,89476.5,,,,,,90978.0,89439.0,,,,0,0,0,2
2023,10,26.72625,26.2,27.2,35.45,31.0,38.0,997.29375,997.0,997.7,False,39.2425,36.4,42.4,237.925,2.23875,3.5,NOR,33800.0,28080.0,43500.875,36228.0,28982.333333333332,24617.0,89260.0,655844.0,2.0,3.0,,,2.0,,,,10.333333333333334,,,3.0,,,,233.66666666666666,,,241.0,,,,249.0,,,248.0,,,,101472.73333333334,,,89291.0,,,,89843.0,,,89260.0,,,,0,0,0,2
2023,10,26.72625,26.2,27.2,35.45,31.0,38.0,997.29375,997.0,997.7,False,39.2425,36.4,42.4,237.925,2.23875,3.5,OCO,35861.90476190476,28188.0,44867.458333333336,36243.0,29679.083333333332,24722.0,89242.0,455510.3333333333,3.0,,,4.0,3.0,,,,,,8.833333333333334,4.333333333333333,,,,,,242.75,248.33333333333334,,,,,,250.0,249.0,,,,,,102073.33333333333,102271.66666666667,,,,,,90076.0,89242.0,,,,0,0,0,2
2023,10,26.72625,26.2,27.2,35.45,31.0,38.0,997.29375,997.0,997.7,False,39.2425,36.4,42.4,237.925,2.23875,3.5,PER,33502.96296296296,27971.0,41623.433333333334,35897.0,29408.4,24474.0,88342.0,275424.3333333333,3.0,,,4.0,3.0,,,,,,7.555555555555555,9.333333333333334,,,,,,245.22222222222223,240.66666666666666,,,,,,248.0,246.0,,,,,,99520.55555555556,93751.0,,,,,,89451.0,88342.0,,,,0,0,0,2
2023,10,26.72625,26.2,27.2,35.45,31.0,38.0,997.29375,997.0,997.7,False,39.2425,36.4,42.4,237.925,2.23875,3.5,PIA,33914.88461538462,28140.0,42358.58620689655,36014.0,29055.58620689655,24772.0,88926.0,292928.6666666665,3.0,,,4.0,3.0,,,,,,6.8,9.166666666666666,,,,,,228.3,242.16666666666666,,,,,,250.0,251.0,,,,,,111476.5,97909.41666666667,,,,,,89571.0,88926.0,,,,0,0,0,2
2023,10,26.72625,26.2,27.2,35.45,31.0,38.0,997.29375,997.0,997.7,False,39.2425,36.4,42.4,237.925,2.23875,3.5,RUS,34886.619047619046,28062.0,43571.36,36189.0,30502.92,24976.0,89238.0,309281.75,4.0,,,4.0,5.0,,,,,,7.0,7.125,,,,,,243.85714285714286,220.25,,,,,,250.0,253.0,,,,,,99437.71428571429,106329.0,,,,,,90067.0,89238.0,,,,0,0,0,2
2023,10,26.72625,26.2,27.2,35.45,31.0,38.0,997.29375,997.0,997.7,False,39.2425,36.4,42.4,237.925,2.23875,3.5,SAI,35629.03846153846,27922.0,43463.41379310345,35721.0,29255.896551724138,24457.0,88100.0,202923.5,4.0,,,5.0,4.0,,,,,,8.333333333333334,9.2,,,,,,216.55555555555554,241.2,,,,,,252.0,250.0,,,,,,101295.55555555556,93865.4,,,,,,89083.0,88100.0,,,,0,0,0,2
2023,10,26.72625,26.2,27.2,35.45,31.0,38.0,997.29375,997.0,997.7,False,39.2425,36.4,42.4,237.925,2.23875,3.5,SAR,33468.42307692308,28083.0,43604.34482758621,35958.0,29398.068965517243,24641.0,88766.0,265929.6666666667,3.0,,,4.0,2.0,,,,,,11.736842105263158,3.0,,,,,,233.10526315789474,250.33333333333334,,,,,,250.0,252.0,,,,,,102626.31578947368,119546.66666666667,,,,,,90415.0,88766.0,,,,0,0,0,2
2023,10,26.72625,26.2,27.2,35.45,31.0,38.0,997.29375,997.0,997.7,False,39.2425,36.4,42.4,237.925,2.23875,3.5,STR,33126.11111111111,27971.0,41922.433333333334,36027.0,28975.7,24868.0,88866.0,266580.3333333333,3.0,3.0,,,4.0,,,,9.23076923076923,,,7.4,,,,244.69230769230768,,,221.7,,,,250.0,,,249.0,,,,100274.0,,,100027.0,,,,90240.0,,,88866.0,,,,0,0,0,2
2023,10,26.72625,26.2,27.2,35.45,31.0,38.0,997.29375,997.0,997.7,False,39.2425,36.4,42.4,237.925,2.23875,3.5,TSU,34443.545454545456,28293.0,42707.8,36398.0,29025.28,24792.0,89483.0,222786.5,4.0,5.0,,,3.0,,,,9.6,,,3.5,,,,244.0,,,244.0,,,,252.0,,,246.0,,,,102542.2,,,89890.0,,,,89845.0,,,89483.0,,,,0,0,0,2
2023,10,26.72625,26.2,27.2,35.45,31.0,38.0,997.29375,997.0,997.7,False,39.2425,36.4,42.4,237.925,2.23875,3.5,VER,33782.666666666664,27838.0,40924.851851851854,35716.0,29187.14814814815,24524.0,88078.0,372714.3333333333,3.0,,,4.0,3.0,,,,,,8.727272727272727,7.25,,,,,,226.1818181818182,241.375,,,,,,251.0,248.0,,,,,,103060.81818181818,93088.375,,,,,,89550.0,88078.0,,,,0,0,0,2
2023,10,26.72625,26.2,27.2,35.45,31.0,38.0,997.29375,997.0,997.7,False,39.2425,36.4,42.4,237.925,2.23875,3.5,ZHO,36706.44,28165.0,44302.607142857145,36277.0,30065.85714285714,24783.0,89225.0,189107.2,5.0,,,6.0,4.0,,,,,,11.2,4.0,,,,,,228.13333333333333,250.0,,,,,,250.0,251.0,,,,,,105327.46666666666,110223.75,,,,,,90287.0,89225.0,,,,0,0,0,2
2023,11,23.128048780487806,22.6,23.7,50.329268292682926,47.0,54.0,983.1768292682926,982.2,984.0,False,32.87317073170732,30.8,34.2,161.9390243902439,1.5097560975609756,2.7,ALB,33665.793103448275,28272.0,32541.90625,27757.0,26138.78125,22322.0,78377.0,299871.6666666667,3.0,,,4.0,3.0,,,,,,11.333333333333334,6.285714285714286,,,,,,234.61111111111111,246.57142857142858,,,,,,256.0,256.0,,,,,,88710.05555555556,95749.71428571429,,,,,,78377.0,78963.0,,,,0,0,1,1
2023,11,23.128048780487806,22.6,23.7,50.329268292682926,47.0,54.0,983.1768292682926,982.2,984.0,False,32.87317073170732,30.8,34.2,161.9390243902439,1.5097560975609756,2.7,ALO,33690.357142857145,28057.0,33036.0625,27468.0,27530.65625,22462.0,78105.0,186344.7999999999,5.0,,,5.0,6.0,,,,,,14.105263157894736,3.6666666666666665,,,,,,245.26315789473685,168.33333333333334,,,,,,255.0,256.0,,,,,,87986.63157894737,108840.66666666667,,,,,,79031.0,78105.0,,,,0,0,1,1
2023,11,23.128048780487806,22.6,23.7,50.329268292682926,47.0,54.0,983.1768292682926,982.2,984.0,False,32.87317073170732,30.8,34.2,161.9390243902439,1.5097560975609756,2.7,BOT,33799.269230769234,28104.0,32561.827586206895,27539.0,27891.931034482757,22195.0,78085.0,302504.5,4.0,,,5.0,,,,,,,8.85,,,,,,,247.75,,,,,,,258.0,,,,,,,90190.55,,,,,,,78085.0,,,,,0,0,1,1
2023,11,23.128048780487806,22.6,23.7,50.329268292682926,47.0,54.0,983.1768292682926,982.2,984.0,False,32.87317073170732,30.8,34.2,161.9390243902439,1.5097560975609756,2.7,GAS,33468.391304347824,27976.0,34514.42307692308,27838.0,27992.115384615383,22104.0,77918.0,673898.5,2.0,,,3.0,2.0,,,,,,13.833333333333334,2.0,,,,,,243.0,258.0,,,,,,255.0,258.0,,,,,,90863.16666666667,77918.0,,,,,,79612.0,77918.0,,,,0,0,1,1
2023,11,23.128048780487806,22.6,23.7,50.329268292682926,47.0,54.0,983.1768292682926,982.2,984.0,False,32.87317073170732,30.8,34.2,161.9390243902439,1.5097560975609756,2.7,HAM,35640.846153846156,28293.0,35664.392857142855,27857.0,27356.5,22481.0,78746.0,207003.0,3.0,,,4.0,,,,,,,17.19047619047619,,,,,,,242.57142857142858,,,,,,,254.0,,,,,,,88358.19047619047,,,,,,,78746.0,,,,,0,0,1,1
2023,11,23.128048780487806,22.6,23.7,50.329268292682926,47.0,54.0,983.1768292682926,982.2,984.0,False,32.87317073170732,30.8,34.2,161.9390243902439,1.5097560975609756,2.7,HUL,31606.46153846154,27959.0,32502.241379310344,27752.0,27613.344827586207,22347.0,78058.0,587829.0,2.0,,,3.0,2.0,,,,,,16.2,3.0,,,,,,233.95,231.66666666666666,,,,,,254.0,257.0,,,,,,88799.25,104971.0,,,,,,79658.0,78058.0,,,,0,0,1,1
2023,11,23.128048780487806,22.6,23.7,50.329268292682926,47.0,54.0,983.1768292682926,982.2,984.0,False,32.87317073170732,30.8,34.2,161.9390243902439,1.5097560975609756,2.7,LEC,39856.41176470588,28076.0,34980.45,27444.0,28585.65,22166.0,77686.0,268821.0,4.0,,,2.0,5.0,,,,,,3.6666666666666665,9.0,,,,,,255.0,221.0,,,,,,257.0,256.0,,,,,,98186.66666666667,85220.0,,,,,,79033.0,77686.0,,,,0,0,1,1
2023,11,23.128048780487806,22.6,23.7,50.329268292682926,47.0,54.0,983.1768292682926,982.2,984.0,False,32.87317073170732,30.8,34.2,161.9390243902439,1.5097560975609756,2.7,MAG,35058.0,28066.0,34672.03703703704,27810.0,29823.777777777777,22484.0,78504.0,608008.5,2.0,3.0,,,2.0,,,,9.538461538461538,,,5.0,,,,242.53846153846155,,,211.57142857142858,,,,252.0,,,257.0,,,,87866.84615384616,,,106943.28571428571,,,,79944.0,,,78504.0,,,,0,0,1,1
2023,11,23.128048780487806,22.6,23.7,50.329268292682926,47.0,54.0,983.1768292682926,982.2,984.0,False,32.87317073170732,30.8,34.2,161.9390243902439,1.5097560975609756,2.7,NOR,32345.40740740741,28021.0,33383.63333333333,27419.0,28519.166666666668,22261.0,77701.0,532228.5,2.0,,,3.0,2.0,,,,,,14.478260869565217,2.0,,,,,,237.3913043478261,255.0,,,,,,251.0,255.0,,,,,,92712.08695652174,77701.0,,,,,,78912.0,77701.0,,,,0,0,1,1
2023,11,23.128048780487806,22.6,23.7,50.329268292682926,47.0,54.0,983.1768292682926,982.2,984.0,False,32.87317073170732,30.8,34.2,161.9390243902439,1.5097560975609756,2.7,OCO,33952.48148148148,28143.0,33652.1,27545.0,26906.333333333332,22357.0,78045.0,514557.0,2.0,,,3.0,2.0,,,,,,17.304347826086957,2.0,,,,,,235.34782608695653,256.0,,,,,,256.0,256.0,,,,,,91552.21739130435,78045.0,,,,,,79253.0,78045.0,,,,0,0,1,1
2023,11,23.128048780487806,22.6,23.7,50.329268292682926,47.0,54.0,983.1768292682926,982.2,984.0,False,32.87317073170732,30.8,34.2,161.9390243902439,1.5097560975609756,2.7,PER,44993.818181818184,28481.0,41302.142857142855,27823.0,31334.85714285714,22424.0,78978.0,498723.66666666657,3.0,,,3.0,4.0,,,,,,2.0,6.0,,,,,,254.0,194.8,,,,,,254.0,254.0,,,,,,79052.0,111608.2,,,,,,79052.0,78978.0,,,,0,0,1,1
2023,11,23.128048780487806,22.6,23.7,50.329268292682926,47.0,54.0,983.1768292682926,982.2,984.0,False,32.87317073170732,30.8,34.2,161.9390243902439,1.5097560975609756,2.7,PIA,36038.8,28599.0,35322.055555555555,27940.0,28396.277777777777,22328.0,79117.0,988738.5,2.0,,,3.0,,,,,,,9.833333333333334,,,,,,,230.5,,,,,,,253.0,,,,,,,94729.5,,,,,,,79117.0,,,,,0,0,1,1
2023,11,23.128048780487806,22.6,23.7,50.329268292682926,47.0,54.0,983.1768292682926,982.2,984.0,False,32.87317073170732,30.8,34.2,161.9390243902439,1.5097560975609756,2.7,RIC,36993.07407407407,28338.0,35773.933333333334,27630.0,29184.9,22241.0,78385.0,181091.6,5.0,,,1.0,6.0,,,,,,10.0,8.916666666666666,,,,,,235.11111111111111,237.08333333333334,,,,,,251.0,255.0,,,,,,105154.88888888889,94691.25,,,,,,79524.0,78385.0,,,,0,0,1,1
2023,11,23.128048780487806,22.6,23.7,50.329268292682926,47.0,54.0,983.1768292682926,982.2,984.0,False,32.87317073170732,30.8,34.2,161.9390243902439,1.5097560975609756,2.7,RUS,34586.1,28507.0,34362.260869565216,28122.0,27814.260869565216,22546.0,79175.0,619571.0,2.0,,,3.0,,,,,,,15.764705882352942,,,,,,,230.11764705882354,,,,,,,255.0,,,,,,,94413.05882352941,,,,,,,79175.0,,,,,0,0,1,1
2023,11,23.128048780487806,22.6,23.7,50.329268292682926,47.0,54.0,983.1768292682926,982.2,984.0,False,32.87317073170732,30.8,34.2,161.9390243902439,1.5097560975609756,2.7,SAI,37711.76470588235,28047.0,35507.05,27855.0,29929.35,22280.0,78182.0,286270.0,4.0,,,2.0,5.0,,,,,,3.6666666666666665,9.0,,,,,,254.66666666666666,217.0,,,,,,256.0,255.0,,,,,,90110.66666666667,89786.25,,,,,,79003.0,78182.0,,,,0,0,1,1
2023,11,23.128048780487806,22.6,23.7,50.329268292682926,47.0,54.0,983.1768292682926,982.2,984.0,False,32.87317073170732,30.8,34.2,161.9390243902439,1.5097560975609756,2.7,SAR,34002.0,28143.0,32666.3,27751.0,27141.533333333333,22367.0,78836.0,273301.5,4.0,,,5.0,1.0,,,,,,11.842105263157896,3.5,,,,,,232.10526315789474,255.25,,,,,,254.0,258.0,,,,,,88714.15789473684,97343.75,,,,,,78979.0,78836.0,,,,0,0,1,1
2023,11,23.128048780487806,22.6,23.7,50.329268292682926,47.0,54.0,983.1768292682926,982.2,984.0,False,32.87317073170732,30.8,34.2,161.9390243902439,1.5097560975609756,2.7,STR,34286.86666666667,28135.0,33241.27272727273,27626.0,26999.303030303032,22433.0,78319.0,241867.33333333334,3.0,,,4.0,2.0,,,,,,13.954545454545455,3.5,,,,,,236.04545454545453,229.75,,,,,,255.0,257.0,,,,,,90727.81818181818,101664.5,,,,,,79551.0,78319.0,,,,0,0,1,1
2023,11,23.128048780487806,22.6,23.7,50.329268292682926,47.0,54.0,983.1768292682926,982.2,984.0,False,32.87317073170732,30.8,34.2,161.9390243902439,1.5097560975609756,2.7,TSU,34048.357142857145,28187.0,33366.93548387097,27454.0,28044.032258064515,22169.0,77934.0,321382.0,3.0,,,1.0,4.0,,,,,,4.5,13.125,,,,,,238.5,242.5,,,,,,252.0,254.0,,,,,,97267.0,83399.125,,,,,,79458.0,77934.0,,,,0,0,1,1
2023,11,23.128048780487806,22.6,23.7,50.329268292682926,47.0,54.0,983.1768292682926,982.2,984.0,False,32.87317073170732,30.8,34.2,161.9390243902439,1.5097560975609756,2.7,VER,36379.4,28245.0,35196.11111111111,27588.0,29426.166666666668,22395.0,78279.0,550407.5,2.0,,,,3.0,,,,,,,10.0,,,,,,,244.4,,,,,,,253.0,,,,,,,85842.1,,,,,,,78279.0,,,,0,0,1,1
2023,11,23.128048780487806,22.6,23.7,50.329268292682926,47.0,54.0,983.1768292682926,982.2,984.0,False,32.87317073170732,30.8,34.2,161.9390243902439,1.5097560975609756,2.7,ZHO,36981.892857142855,28306.0,33136.032258064515,27466.0,28493.0,22289.0,78108.0,158154.66666666666,6.0,,,7.0,,,,,,,10.3,,,,,,,246.55,,,,,,,256.0,,,,,,,92241.05,,,,,,,78108.0,,,,,0,0,1,1
2023,13,20.04814814814815,19.6,20.5,71.77777777777777,68.0,77.0,1007.4962962962962,1007.4,1007.7,False,32.91481481481481,31.9,34.4,68.61728395061728,1.3864197530864197,2.5,ALB,30385.48148148148,24785.0,30283.3,24891.0,27074.066666666666,21923.0,71599.0,374472.3333333333,3.0,,,4.0,2.0,,,,,,11.736842105263158,3.5,,,,,,298.42105263157896,291.75,,,,,,320.0,314.0,,,,,,83501.94736842105,93113.5,,,,,,73208.0,71599.0,,,,1,1,1,2
2023,13,20.04814814814815,19.6,20.5,71.77777777777777,68.0,77.0,1007.4962962962962,1007.4,1007.7,False,32.91481481481481,31.9,34.4,68.61728395061728,1.3864197530864197,2.5,ALO,29263.25,24936.0,29428.0,24911.0,27603.290322580644,21999.0,71863.0,391696.3333333333,3.0,3.0,,,4.0,,,,9.142857142857142,,,7.454545454545454,,,,278.7142857142857,,,281.72727272727275,,,,310.0,,,318.0,,,,79274.5,,,94026.0,,,,73421.0,,,71863.0,,,,1,1,1,2
2023,13,20.04814814814815,19.6,20.5,71.77777777777777,68.0,77.0,1007.4962962962962,1007.4,1007.7,False,32.91481481481481,31.9,34.4,68.61728395061728,1.3864197530864197,2.5,BOT,32429.14285714286,24966.0,29619.870967741936,24833.0,27884.333333333332,21988.0,71857.0,235145.6,5.0,6.0,,,4.0,,,,10.705882352941176,,,5.2,,,,287.3529411764706,,,305.0,,,,306.0,,,309.0,,,,81741.94117647059,,,92418.4,,,,73542.0,,,71857.0,,,,1,1,1,2
2023,13,20.04814814814815,19.6,20.5,71.77777777777777,68.0,77.0,1007.4962962962962,1007.4,1007.7,False,32.91481481481481,31.9,34.4,68.61728395061728,1.3864197530864197,2.5,GAS,30375.814814814814,24905.0,29677.4,24773.0,26249.724137931036,22088.0,71766.0,596395.5,2.0,,,1.0,3.0,,,,,,3.5,13.1,,,,,,311.5,288.5,,,,,,312.0,316.0,,,,,,95494.0,82861.4,,,,,,73149.0,71766.0,,,,1,1,1,2
2023,13,20.04814814814815,19.6,20.5,71.77777777777777,68.0,77.0,1007.4962962962962,1007.4,1007.7,False,32.91481481481481,31.9,34.4,68.61728395061728,1.3864197530864197,2.5,HAM,32456.208333333332,24851.0,31946.69230769231,24657.0,26718.076923076922,21947.0,71638.0,437122.3333333333,3.0,,,3.0,4.0,,,,,,9.384615384615385,5.428571428571429,,,,,,290.9230769230769,246.42857142857142,,,,,,309.0,308.0,,,,,,83647.30769230769,100340.71428571429,,,,,,72713.0,71638.0,,,,1,1,1,2
2023,13,20.04814814814815,19.6,20.5,71.77777777777777,68.0,77.0,1007.4962962962962,1007.4,1007.7,False,32.91481481481481,31.9,34.4,68.61728395061728,1.3864197530864197,2.5,HUL,29775.25925925926,25177.0,29749.1,25324.0,26059.7,22145.0,72693.0,534240.5,2.0,3.0,,,2.0,,,,12.473684210526315,,,4.5,,,,279.89473684210526,,,276.6666666666667,,,,314.0,,,309.0,,,,80826.31578947368,,,94985.16666666667,,,,74242.0,,,72693.0,,,,1,1,1,2
2023,13,20.04814814814815,19.6,20.5,71.77777777777777,68.0,77.0,1007.4962962962962,1007.4,1007.7,False,32.91481481481481,31.9,34.4,68.61728395061728,1.3864197530864197,2.5,LEC,30357.85185185185,24979.0,29548.689655172413,24985.0,28567.103448275862,21887.0,71915.0,387149.6666666667,3.0,,,2.0,4.0,,,,,,4.4,10.411764705882353,,,,,,312.2,293.47058823529414,,,,,,317.0,318.0,,,,,,91249.6,82791.35294117648,,,,,,73150.0,71915.0,,,,1,1,1,2
2023,13,20.04814814814815,19.6,20.5,71.77777777777777,68.0,77.0,1007.4962962962962,1007.4,1007.7,False,32.91481481481481,31.9,34.4,68.61728395061728,1.3864197530864197,2.5,MAG,29813.08,24967.0,30991.25925925926,25124.0,26915.74074074074,22167.0,72404.0,600927.0,2.0,,,1.0,3.0,,,,,,3.0,12.578947368421053,,,,,,308.6666666666667,276.1578947368421,,,,,,313.0,314.0,,,,,,96840.0,84214.21052631579,,,,,,73938.0,72404.0,,,,1,1,1,2
2023,13,20.04814814814815,19.6,20.5,71.77777777777777,68.0,77.0,1007.4962962962962,1007.4,1007.7,False,32.91481481481481,31.9,34.4,68.61728395061728,1.3864197530864197,2.5,NOR,29278.555555555555,24679.0,29460.7,24735.0,27644.896551724138,21916.0,71330.0,407102.3333333333,3.0,4.0,,,3.0,,,,6.555555555555555,,,9.384615384615385,,,,296.55555555555554,,,289.9230769230769,,,,306.0,,,310.0,,,,86977.66666666667,,,80880.30769230769,,,,73280.0,,,71330.0,,,,1,1,1,2
2023,13,20.04814814814815,19.6,20.5,71.77777777777777,68.0,77.0,1007.4962962962962,1007.4,1007.7,False,32.91481481481481,31.9,34.4,68.61728395061728,1.3864197530864197,2.5,OCO,29815.962962962964,24893.0,29607.51724137931,25066.0,26609.103448275862,22042.0,72001.0,583286.5,2.0,3.0,,,2.0,,,,13.1,,,3.5,,,,283.4,,,282.0,,,,314.0,,,315.0,,,,83531.3,,,89607.75,,,,73551.0,,,72001.0,,,,1,1,1,2
2023,13,20.04814814814815,19.6,20.5,71.77777777777777,68.0,77.0,1007.4962962962962,1007.4,1007.7,False,32.91481481481481,31.9,34.4,68.61728395061728,1.3864197530864197,2.5,PER,30803.46153846154,24890.0,30464.60714285714,24864.0,26974.0,22063.0,71817.0,605817.5,2.0,,,3.0,2.0,,,,,,12.055555555555555,4.0,,,,,,277.1666666666667,291.8,,,,,,314.0,314.0,,,,,,84949.27777777778,93567.6,,,,,,72644.0,71817.0,,,,1,1,1,2
2023,13,20.04814814814815,19.6,20.5,71.77777777777777,68.0,77.0,1007.4962962962962,1007.4,1007.7,False,32.91481481481481,31.9,34.4,68.61728395061728,1.3864197530864197,2.5,PIA,32332.0,25397.0,32842.6,25143.0,29717.2,22361.0,72901.0,,,1.0,,,,,,,3.5,,,,,,,307.25,,,,,,,312.0,,,,,,,96140.75,,,,,,,72901.0,,,,,,,1,1,1,2
2023,13,20.04814814814815,19.6,20.5,71.77777777777777,68.0,77.0,1007.4962962962962,1007.4,1007.7,False,32.91481481481481,31.9,34.4,68.61728395061728,1.3864197530864197,2.5,RIC,28483.2,25547.0,30440.833333333332,25200.0,30028.833333333332,22349.0,73096.0,,,1.0,,,,,,,4.0,,,,,,,307.6,,,,,,,312.0,,,,,,,89376.0,,,,,,,73096.0,,,,,,,1,1,1,2
2023,13,20.04814814814815,19.6,20.5,71.77777777777777,68.0,77.0,1007.4962962962962,1007.4,1007.7,False,32.91481481481481,31.9,34.4,68.61728395061728,1.3864197530864197,2.5,RUS,32590.76,25018.0,30772.035714285714,24745.0,27046.814814814814,22121.0,72009.0,330173.5,4.0,,,5.0,4.0,,,,,,6.0,9.916666666666666,,,,,,267.75,291.25,,,,,,306.0,309.0,,,,,,96603.0,80482.66666666667,,,,,,72813.0,72009.0,,,,1,1,1,2
2023,13,20.04814814814815,19.6,20.5,71.77777777777777,68.0,77.0,1007.4962962962962,1007.4,1007.7,False,32.91481481481481,31.9,34.4,68.61728395061728,1.3864197530864197,2.5,SAI,31758.285714285714,25021.0,30224.933333333334,25003.0,27530.3,21922.0,72093.0,343530.3333333333,3.0,,,2.0,4.0,,,,,,4.4,11.263157894736842,,,,,,309.2,268.36842105263156,,,,,,312.0,317.0,,,,,,86474.4,88256.1052631579,,,,,,73647.0,72093.0,,,,1,1,1,2
2023,13,20.04814814814815,19.6,20.5,71.77777777777777,68.0,77.0,1007.4962962962962,1007.4,1007.7,False,32.91481481481481,31.9,34.4,68.61728395061728,1.3864197530864197,2.5,SAR,29074.85714285714,25018.0,29110.387096774193,24789.0,27226.387096774193,22084.0,71934.0,373738.0,3.0,4.0,,,3.0,,,,10.1875,,,7.333333333333333,,,,282.125,,,288.0,,,,316.0,,,312.0,,,,85903.9375,,,83551.44444444444,,,,73628.0,,,71934.0,,,,1,1,1,2
2023,13,20.04814814814815,19.6,20.5,71.77777777777777,68.0,77.0,1007.4962962962962,1007.4,1007.7,False,32.91481481481481,31.9,34.4,68.61728395061728,1.3864197530864197,2.5,STR,29112.074074074073,24913.0,29651.233333333334,24839.0,27621.6,21975.0,71835.0,381706.66666666634,3.0,,,3.0,4.0,,,,,,9.785714285714286,7.1,,,,,,297.14285714285717,266.7,,,,,,314.0,312.0,,,,,,80072.42857142857,91729.0,,,,,,73035.0,71835.0,,,,1,1,1,2
2023,13,20.04814814814815,19.6,20.5,71.77777777777777,68.0,77.0,1007.4962962962962,1007.4,1007.7,False,32.91481481481481,31.9,34.4,68.61728395061728,1.3864197530864197,2.5,TSU,29121.10714285714,24970.0,29408.633333333335,24716.0,27370.5,21979.0,71720.0,545904.0,2.0,3.0,,,2.0,,,,13.1,,,4.0,,,,277.35,,,297.2,,,,311.0,,,308.0,,,,82864.35,,,93325.0,,,,73370.0,,,71720.0,,,,1,1,1,2
2023,13,20.04814814814815,19.6,20.5,71.77777777777777,68.0,77.0,1007.4962962962962,1007.4,1007.7,False,32.91481481481481,31.9,34.4,68.61728395061728,1.3864197530864197,2.5,VER,29936.608695652172,24774.0,28957.32,24531.0,28044.92,21935.0,71353.0,705456.0,2.0,,,1.0,3.0,,,,,,3.0,11.529411764705882,,,,,,256.6666666666667,271.3529411764706,,,,,,312.0,311.0,,,,,,87553.33333333333,84927.4705882353,,,,,,72449.0,71353.0,,,,1,1,1,2
2023,13,20.04814814814815,19.6,20.5,71.77777777777777,68.0,77.0,1007.4962962962962,1007.4,1007.7,False,32.91481481481481,31.9,34.4,68.61728395061728,1.3864197530864197,2.5,ZHO,32937.40740740741,25047.0,30136.172413793105,24786.0,27601.44827586207,22111.0,72074.0,236708.6,5.0,,,1.0,6.0,,,,,,4.0,11.9375,,,,,,301.8,278.4375,,,,,,317.0,318.0,,,,,,92850.0,86506.25,,,,,,73699.0,72074.0,,,,1,1,1,2
2023,14,26.932926829268293,26.4,27.3,43.890243902439025,42.0,46.0,996.6146341463416,996.5,996.9,False,36.43292682926829,35.0,37.5,156.58536585365854,1.1317073170731706,2.5,ALB,34144.066666666666,26958.0,34705.944444444445,27672.0,35084.27777777778,27162.0,81979.0,317103.75000000006,4.0,,,5.0,1.0,,,,,,6.875,3.0,,,,,,277.375,312.0,,,,,,314.0,314.0,,,,,,99208.25,102279.66666666667,,,,,,81979.0,82249.0,,,,2,1,1,3
2023,14,26.932926829268293,26.4,27.3,43.890243902439025,42.0,46.0,996.6146341463416,996.5,996.9,False,36.43292682926829,35.0,37.5,156.58536585365854,1.1317073170731706,2.5,ALO,37605.181818181816,27169.0,39214.46666666667,27601.0,39667.86666666667,27301.0,82071.0,380831.6666666667,3.0,,,,4.0,,,,,,,9.166666666666666,,,,,,,271.1666666666667,,,,,,,307.0,,,,,,,91935.83333333333,,,,,,,82071.0,,,,2,1,1,3
2023,14,26.932926829268293,26.4,27.3,43.890243902439025,42.0,46.0,996.6146341463416,996.5,996.9,False,36.43292682926829,35.0,37.5,156.58536585365854,1.1317073170731706,2.5,BOT,36424.357142857145,27180.0,34946.88888888889,27990.0,35976.88888888889,27425.0,82595.0,475077.5,4.0,,,5.0,4.0,,,,,,7.571428571428571,3.5,,,,,,269.57142857142856,310.5,,,,,,309.0,312.0,,,,,,101317.14285714286,82666.0,,,,,,83961.0,82595.0,,,,2,1,1,3
2023,14,26.932926829268293,26.4,27.3,43.890243902439025,42.0,46.0,996.6146341463416,996.5,996.9,False,36.43292682926829,35.0,37.5,156.58536585365854,1.1317073170731706,2.5,GAS,34886.64705882353,27276.0,36860.15,27841.0,34796.1,27411.0,82651.0,361783.0,4.0,,,5.0,3.0,,,,,,9.0,3.5,,,,,,272.8888888888889,287.75,,,,,,306.0,305.0,,,,,,100247.33333333333,106327.0,,,,,,83383.0,82651.0,,,,2,1,1,3
2023,14,26.932926829268293,26.4,27.3,43.890243902439025,42.0,46.0,996.6146341463416,996.5,996.9,False,36.43292682926829,35.0,37.5,156.58536585365854,1.1317073170731706,2.5,HAM,37315.10526315789,27707.0,38129.0,27702.0,36527.28571428572,27374.0,82783.0,318096.0,4.0,,,5.0,,,,,,,13.416666666666666,,,,,,,280.0,,,,,,,307.0,,,,,,,90280.0,,,,,,,82783.0,,,,,2,1,1,3
2023,14,26.932926829268293,26.4,27.3,43.890243902439025,42.0,46.0,996.6146341463416,996.5,996.9,False,36.43292682926829,35.0,37.5,156.58536585365854,1.1317073170731706,2.5,HUL,33504.5,27339.0,34744.5,27741.0,36175.76470588235,27211.0,82291.0,472843.25,4.0,5.0,,,3.0,,,,9.0,,,2.0,,,,267.0,,,299.0,,,,305.0,,,299.0,,,,100625.28571428571,,,82291.0,,,,84425.0,,,82291.0,,,,2,1,1,3
2023,14,26.932926829268293,26.4,27.3,43.890243902439025,42.0,46.0,996.6146341463416,996.5,996.9,False,36.43292682926829,35.0,37.5,156.58536585365854,1.1317073170731706,2.5,LAW,33943.529411764706,27218.0,35372.57142857143,28147.0,35516.52380952381,27710.0,83167.0,357107.0,4.0,,,5.0,3.0,,,,,,9.777777777777779,3.5,,,,,,263.3333333333333,288.75,,,,,,311.0,308.0,,,,,,102403.88888888889,106273.75,,,,,,83167.0,83263.0,,,,2,1,1,3
2023,14,26.932926829268293,26.4,27.3,43.890243902439025,42.0,46.0,996.6146341463416,996.5,996.9,False,36.43292682926829,35.0,37.5,156.58536585365854,1.1317073170731706,2.5,LEC,33457.055555555555,27055.0,36374.52380952381,27491.0,35819.142857142855,27091.0,81716.0,349591.5,4.0,,,5.0,3.0,,,,,,9.25,4.25,,,,,,278.625,309.5,,,,,,313.0,311.0,,,,,,100057.125,98603.5,,,,,,81838.0,81716.0,,,,2,1,1,3
2023,14,26.932926829268293,26.4,27.3,43.890243902439025,42.0,46.0,996.6146341463416,996.5,996.9,False,36.43292682926829,35.0,37.5,156.58536585365854,1.1317073170731706,2.5,MAG,35463.933333333334,27371.0,36718.1,27721.0,37028.68421052631,27392.0,82574.0,388087.0,4.0,5.0,,,3.0,,,,9.666666666666666,,,3.6666666666666665,,,,261.6666666666667,,,304.6666666666667,,,,303.0,,,306.0,,,,94562.5,,,94977.0,,,,83921.0,,,82574.0,,,,2,1,1,3
2023,14,26.932926829268293,26.4,27.3,43.890243902439025,42.0,46.0,996.6146341463416,996.5,996.9,False,36.43292682926829,35.0,37.5,156.58536585365854,1.1317073170731706,2.5,NOR,35090.4,27112.0,37018.05263157895,27427.0,37701.166666666664,26835.0,81374.0,411219.5,4.0,,,5.0,3.0,,,,,,12.571428571428571,2.0,,,,,,269.7142857142857,310.0,,,,,,306.0,310.0,,,,,,92742.42857142857,81374.0,,,,,,82844.0,81374.0,,,,2,1,1,3
2023,14,26.932926829268293,26.4,27.3,43.890243902439025,42.0,46.0,996.6146341463416,996.5,996.9,False,36.43292682926829,35.0,37.5,156.58536585365854,1.1317073170731706,2.5,OCO,33264.75,27261.0,35630.6,27906.0,37140.8,27549.0,82716.0,374282.25,4.0,,,5.0,3.0,,,,,,9.777777777777779,3.0,,,,,,260.0,284.3333333333333,,,,,,307.0,305.0,,,,,,101501.11111111111,115319.33333333333,,,,,,83422.0,82716.0,,,,2,1,1,3
2023,14,26.932926829268293,26.4,27.3,43.890243902439025,42.0,46.0,996.6146341463416,996.5,996.9,False,36.43292682926829,35.0,37.5,156.58536585365854,1.1317073170731706,2.5,PER,30114.076923076922,27185.0,34736.1875,27440.0,36228.46666666667,26915.0,81540.0,416430.3333333333,3.0,,,4.0,3.0,,,,,,9.0,2.0,,,,,,305.57142857142856,308.0,,,,,,309.0,308.0,,,,,,87762.71428571429,81540.0,,,,,,82178.0,81540.0,,,,2,1,1,3
2023,14,26.932926829268293,26.4,27.3,43.890243902439025,42.0,46.0,996.6146341463416,996.5,996.9,False,36.43292682926829,35.0,37.5,156.58536585365854,1.1317073170731706,2.5,PIA,33937.066666666666,27163.0,34894.6,27374.0,37204.52631578947,27008.0,81545.0,399313.5,4.0,5.0,,,3.0,,,,10.555555555555555,,,2.0,,,,275.3333333333333,,,308.0,,,,305.0,,,308.0,,,,101078.22222222222,,,81545.0,,,,83308.0,,,81545.0,,,,2,1,1,3
2023,14,26.932926829268293,26.4,27.3,43.890243902439025,42.0,46.0,996.6146341463416,996.5,996.9,False,36.43292682926829,35.0,37.5,156.58536585365854,1.1317073170731706,2.5,RUS,35587.4375,27414.0,37479.84210526316,27645.0,36388.0,27117.0,82176.0,369405.3333333333,3.0,,,4.0,2.0,,,,,,8.8,2.0,,,,,,276.0,306.0,,,,,,308.0,306.0,,,,,,104992.2,82176.0,,,,,,82487.0,82176.0,,,,2,1,1,3
2023,14,26.932926829268293,26.4,27.3,43.890243902439025,42.0,46.0,996.6146341463416,996.5,996.9,False,36.43292682926829,35.0,37.5,156.58536585365854,1.1317073170731706,2.5,SAI,34623.11111111111,26853.0,35765.90909090909,27375.0,34923.57142857143,26941.0,81355.0,347005.5,4.0,,,5.0,3.0,,,,,,10.88888888888889,3.0,,,,,,284.44444444444446,264.6666666666667,,,,,,311.0,313.0,,,,,,92567.0,115965.0,,,,,,81565.0,81355.0,,,,2,1,1,3
2023,14,26.932926829268293,26.4,27.3,43.890243902439025,42.0,46.0,996.6146341463416,996.5,996.9,False,36.43292682926829,35.0,37.5,156.58536585365854,1.1317073170731706,2.5,SAR,33206.333333333336,27184.0,32943.95652173913,27995.0,35015.0,27576.0,82755.0,295351.0,5.0,,,6.0,2.0,,,,,,9.181818181818182,4.0,,,,,,280.1818181818182,309.0,,,,,,309.0,309.0,,,,,,96279.90909090909,83154.0,,,,,,82755.0,83154.0,,,,2,1,1,3
2023,14,26.932926829268293,26.4,27.3,43.890243902439025,42.0,46.0,996.6146341463416,996.5,996.9,False,36.43292682926829,35.0,37.5,156.58536585365854,1.1317073170731706,2.5,STR,28124.0,28124.0,30588.0,29441.0,34328.0,34328.0,91893.0,,,1.0,,,,,,,2.0,,,,,,,299.0,,,,,,,299.0,,,,,,,91893.0,,,,,,,91893.0,,,,,,,2,1,1,3
2023,14,26.932926829268293,26.4,27.3,43.890243902439025,42.0,46.0,996.6146341463416,996.5,996.9,False,36.43292682926829,35.0,37.5,156.58536585365854,1.1317073170731706,2.5,TSU,37559.23529411765,27205.0,34927.666666666664,27955.0,35693.71428571428,27487.0,82696.0,239123.5,6.0,,,7.0,5.0,,,,,,10.375,3.6666666666666665,,,,,,277.25,307.0,,,,,,312.0,307.0,,,,,,97139.25,104273.66666666667,,,,,,83066.0,82696.0,,,,2,1,1,3
2023,14,26.932926829268293,26.4,27.3,43.890243902439025,42.0,46.0,996.6146341463416,996.5,996.9,False,36.43292682926829,35.0,37.5,156.58536585365854,1.1317073170731706,2.5,VER,33481.4,27121.0,34323.45,27668.0,35383.77777777778,26842.0,81631.0,417695.5,4.0,,,5.0,3.0,,,,,,10.625,2.0,,,,,,276.875,307.0,,,,,,310.0,307.0,,,,,,89788.5,81631.0,,,,,,82244.0,81631.0,,,,2,1,1,3
2023,14,26.932926829268293,26.4,27.3,43.890243902439025,42.0,46.0,996.6146341463416,996.5,996.9,False,36.43292682926829,35.0,37.5,156.58536585365854,1.1317073170731706,2.5,ZHO,36827.46666666667,27375.0,35326.42105263158,28312.0,36968.84210526316,27649.0,83346.0,443570.25,4.0,,,5.0,4.0,,,,,,7.571428571428571,4.0,,,,,,270.0,310.5,,,,,,309.0,312.0,,,,,,100363.14285714286,106946.25,,,,,,84394.0,83346.0,,,,2,1,1,3
2023,15,30.03012048192771,29.8,30.3,71.03614457831326,68.0,74.0,1010.4096385542168,1010.0,1010.7,False,36.639759036144575,35.8,37.3,177.78313253012047,1.33855421686747,2.2,ALB,35143.75,27820.0,50601.2,40589.0,36973.6,27149.0,95558.0,,,1.0,,,,,,,3.0,,,,,,,246.66666666666666,,,,,,,251.0,,,,,,,111937.0,,,,,,,95558.0,,,,,,,0,0,0,0
2023,15,30.03012048192771,29.8,30.3,71.03614457831326,68.0,74.0,1010.4096385542168,1010.0,1010.7,False,36.639759036144575,35.8,37.3,177.78313253012047,1.33855421686747,2.2,ALO,35368.63636363636,27087.0,47272.16,39043.0,34207.12,26235.0,92478.0,327994.3333333333,3.0,,,4.0,2.0,,,,,,10.538461538461538,3.5,,,,,,228.15384615384616,234.75,,,,,,252.0,255.0,,,,,,103093.23076923077,119592.0,,,,,,93789.0,92478.0,,,,0,0,0,0
2023,15,30.03012048192771,29.8,30.3,71.03614457831326,68.0,74.0,1010.4096385542168,1010.0,1010.7,False,36.639759036144575,35.8,37.3,177.78313253012047,1.33855421686747,2.2,BOT,34484.09523809524,27270.0,46103.166666666664,39306.0,35457.583333333336,26493.0,93105.0,380389.3333333333,3.0,4.0,,,2.0,,,,9.142857142857142,,,3.5,,,,230.14285714285714,,,227.5,,,,248.0,,,251.0,,,,106840.78571428571,,,120152.5,,,,94715.0,,,93105.0,,,,0,0,0,0
2023,15,30.03012048192771,29.8,30.3,71.03614457831326,68.0,74.0,1010.4096385542168,1010.0,1010.7,False,36.639759036144575,35.8,37.3,177.78313253012047,1.33855421686747,2.2,GAS,35925.666666666664,27486.0,49406.583333333336,39692.0,34421.333333333336,26594.0,93824.0,496038.0000000001,2.0,3.0,,,2.0,,,,10.727272727272727,,,3.6666666666666665,,,,225.27272727272728,,,250.66666666666666,,,,252.0,,,253.0,,,,102029.81818181818,,,108578.66666666667,,,,94733.0,,,93824.0,,,,0,0,0,0
2023,15,30.03012048192771,29.8,30.3,71.03614457831326,68.0,74.0,1010.4096385542168,1010.0,1010.7,False,36.639759036144575,35.8,37.3,177.78313253012047,1.33855421686747,2.2,HAM,37565.85,27264.0,51492.95652173913,39027.0,35449.260869565216,26294.0,92585.0,324926.3333333333,3.0,,,4.0,3.0,,,,,,11.0,2.0,,,,,,227.0,253.0,,,,,,251.0,253.0,,,,,,101361.25,92585.0,,,,,,94061.0,92585.0,,,,0,0,0,0
2023,15,30.03012048192771,29.8,30.3,71.03614457831326,68.0,74.0,1010.4096385542168,1010.0,1010.7,False,36.639759036144575,35.8,37.3,177.78313253012047,1.33855421686747,2.2,HUL,35712.52631578947,27264.0,46292.954545454544,39358.0,32351.31818181818,26472.0,93139.0,465934.3333333333,3.0,,,4.0,3.0,,,,,,9.8,3.6666666666666665,,,,,,222.1,254.33333333333334,,,,,,254.0,255.0,,,,,,100475.9,109818.0,,,,,,94853.0,93139.0,,,,0,0,0,0
2023,15,30.03012048192771,29.8,30.3,71.03614457831326,68.0,74.0,1010.4096385542168,1010.0,1010.7,False,36.639759036144575,35.8,37.3,177.78313253012047,1.33855421686747,2.2,LAW,33894.333333333336,27470.0,48537.40740740741,39254.0,33849.11111111111,26461.0,93285.0,420422.0,2.0,,,3.0,2.0,,,,,,11.8125,3.3333333333333335,,,,,,226.9375,216.33333333333334,,,,,,253.0,252.0,,,,,,107220.9375,109498.33333333333,,,,,,94106.0,93285.0,,,,0,0,0,0
2023,15,30.03012048192771,29.8,30.3,71.03614457831326,68.0,74.0,1010.4096385542168,1010.0,1010.7,False,36.639759036144575,35.8,37.3,177.78313253012047,1.33855421686747,2.2,LEC,36041.166666666664,26972.0,48763.148148148146,38869.0,35115.74074074074,26297.0,92138.0,161610.5,4.0,,,5.0,4.0,,,,,,13.0,3.5,,,,,,230.46153846153845,254.5,,,,,,257.0,255.0,,,,,,100811.61538461539,111438.0,,,,,,92974.0,92138.0,,,,0,0,0,0
2023,15,30.03012048192771,29.8,30.3,71.03614457831326,68.0,74.0,1010.4096385542168,1010.0,1010.7,False,36.639759036144575,35.8,37.3,177.78313253012047,1.33855421686747,2.2,MAG,35499.22727272727,27316.0,50001.48,39319.0,35383.28,26382.0,93017.0,421680.0,2.0,,,1.0,3.0,,,,,,4.0,11.0,,,,,,252.66666666666666,231.66666666666666,,,,,,253.0,256.0,,,,,,95241.66666666667,100393.33333333333,,,,,,95028.0,93017.0,,,,0,0,0,0
2023,15,30.03012048192771,29.8,30.3,71.03614457831326,68.0,74.0,1010.4096385542168,1010.0,1010.7,False,36.639759036144575,35.8,37.3,177.78313253012047,1.33855421686747,2.2,NOR,34512.8,27028.0,46512.608695652176,39227.0,34087.0,26339.0,92711.0,414700.6666666667,3.0,4.0,,,3.0,,,,6.0,,,7.111111111111111,,,,211.16666666666666,,,238.33333333333334,,,,250.0,,,254.0,,,,106194.66666666667,,,107918.33333333333,,,,94540.0,,,92711.0,,,,0,0,0,0
2023,15,30.03012048192771,29.8,30.3,71.03614457831326,68.0,74.0,1010.4096385542168,1010.0,1010.7,False,36.639759036144575,35.8,37.3,177.78313253012047,1.33855421686747,2.2,OCO,34070.681818181816,27392.0,47677.68,39386.0,34062.8,26583.0,93361.0,515100.0,2.0,3.0,,,2.0,,,,11.307692307692308,,,3.6666666666666665,,,,231.92307692307693,,,254.0,,,,253.0,,,255.0,,,,101020.46153846153,,,112285.0,,,,94800.0,,,93361.0,,,,0,0,0,0
2023,15,30.03012048192771,29.8,30.3,71.03614457831326,68.0,74.0,1010.4096385542168,1010.0,1010.7,False,36.639759036144575,35.8,37.3,177.78313253012047,1.33855421686747,2.2,PER,36464.0,27279.0,51541.86956521739,39018.0,35745.913043478264,26435.0,92812.0,366550.66666666657,3.0,,,4.0,3.0,,,,,,9.444444444444445,3.5,,,,,,235.44444444444446,253.5,,,,,,253.0,254.0,,,,,,99748.33333333333,92886.5,,,,,,93850.0,92812.0,,,,0,0,0,0
2023,15,30.03012048192771,29.8,30.3,71.03614457831326,68.0,74.0,1010.4096385542168,1010.0,1010.7,False,36.639759036144575,35.8,37.3,177.78313253012047,1.33855421686747,2.2,PIA,34682.2,27248.0,48489.217391304344,39433.0,34905.30434782609,26727.0,93461.0,358243.6666666667,3.0,,,4.0,2.0,,,,,,9.454545454545455,3.6666666666666665,,,,,,227.54545454545453,248.33333333333334,,,,,,253.0,251.0,,,,,,102248.09090909091,111017.0,,,,,,94952.0,93461.0,,,,0,0,0,0
2023,15,30.03012048192771,29.8,30.3,71.03614457831326,68.0,74.0,1010.4096385542168,1010.0,1010.7,False,36.639759036144575,35.8,37.3,177.78313253012047,1.33855421686747,2.2,RUS,35312.318181818184,27176.0,49120.72,38879.0,33514.96,26300.0,92355.0,496303.5,2.0,,,3.0,2.0,,,,,,11.153846153846153,3.6666666666666665,,,,,,230.53846153846155,248.66666666666666,,,,,,255.0,257.0,,,,,,105297.92307692308,108447.66666666667,,,,,,93829.0,92355.0,,,,0,0,0,0
2023,15,30.03012048192771,29.8,30.3,71.03614457831326,68.0,74.0,1010.4096385542168,1010.0,1010.7,False,36.639759036144575,35.8,37.3,177.78313253012047,1.33855421686747,2.2,SAI,35005.608695652176,27051.0,48313.730769230766,38945.0,34605.153846153844,26124.0,92120.0,252001.33333333334,3.0,,,4.0,3.0,,,,,,11.857142857142858,3.5,,,,,,233.85714285714286,256.5,,,,,,256.0,258.0,,,,,,100073.85714285714,112897.5,,,,,,93213.0,92120.0,,,,0,0,0,0
2023,15,30.03012048192771,29.8,30.3,71.03614457831326,68.0,74.0,1010.4096385542168,1010.0,1010.7,False,36.639759036144575,35.8,37.3,177.78313253012047,1.33855421686747,2.2,SAR,34290.28,27329.0,48396.0,39646.0,32334.85714285714,26935.0,94327.0,208746.25,4.0,,,5.0,3.0,,,,,,11.875,3.5,,,,,,232.1875,230.75,,,,,,254.0,254.0,,,,,,105293.1875,112735.5,,,,,,94924.0,94327.0,,,,0,0,0,0
2023,15,30.03012048192771,29.8,30.3,71.03614457831326,68.0,74.0,1010.4096385542168,1010.0,1010.7,False,36.639759036144575,35.8,37.3,177.78313253012047,1.33855421686747,2.2,STR,34433.318181818184,27227.0,47955.08,39421.0,36081.0,26636.0,93390.0,495108.5,2.0,,,3.0,2.0,,,,,,10.153846153846153,3.5,,,,,,231.69230769230768,228.0,,,,,,252.0,251.0,,,,,,104674.30769230769,107844.5,,,,,,94638.0,93390.0,,,,0,0,0,0
2023,15,30.03012048192771,29.8,30.3,71.03614457831326,68.0,74.0,1010.4096385542168,1010.0,1010.7,False,36.639759036144575,35.8,37.3,177.78313253012047,1.33855421686747,2.2,TSU,35648.75,27418.0,48291.03703703704,39514.0,33477.62962962963,26495.0,93477.0,227850.0,3.0,,,4.0,3.0,,,,,,11.5,3.6666666666666665,,,,,,232.64285714285714,240.66666666666666,,,,,,253.0,252.0,,,,,,104434.78571428571,103148.0,,,,,,93483.0,93477.0,,,,0,0,0,0
2023,15,30.03012048192771,29.8,30.3,71.03614457831326,68.0,74.0,1010.4096385542168,1010.0,1010.7,False,36.639759036144575,35.8,37.3,177.78313253012047,1.33855421686747,2.2,VER,38232.9,27295.0,50167.086956521736,39195.0,34469.04347826087,26362.0,92852.0,544248.0,2.0,,,3.0,2.0,,,,,,10.75,2.0,,,,,,227.33333333333334,252.0,,,,,,251.0,252.0,,,,,,105804.66666666667,92852.0,,,,,,94201.0,92852.0,,,,0,0,0,0
2023,15,30.03012048192771,29.8,30.3,71.03614457831326,68.0,74.0,1010.4096385542168,1010.0,1010.7,False,36.639759036144575,35.8,37.3,177.78313253012047,1.33855421686747,2.2,ZHO,35762.77272727273,27267.0,47248.52,39605.0,34542.04,26703.0,93575.0,266518.5,4.0,,,5.0,3.0,,,,,,9.533333333333333,3.5,,,,,,228.53333333333333,249.0,,,,,,251.0,252.0,,,,,,111953.73333333334,93931.0,,,,,,95150.0,93575.0,,,,0,0,0,0
2023,16,28.163157894736845,27.6,28.8,64.0,63.0,65.0,1006.0763157894737,1006.0,1006.2,False,38.55131578947368,37.1,40.2,285.0921052631579,2.7197368421052635,4.0,ALB,37945.94736842105,32173.0,47806.90909090909,41178.0,22774.772727272728,18118.0,91555.0,240327.75,4.0,,,5.0,3.0,4.0,,,,,7.818181818181818,2.0,3.5,,,,,256.0,263.0,258.5,,,,,266.0,263.0,264.0,,,,,106559.18181818182,91555.0,95424.5,,,,,92367.0,91555.0,93482.0,,,1,0,0,1
2023,16,28.163157894736845,27.6,28.8,64.0,63.0,65.0,1006.0763157894737,1006.0,1006.2,False,38.55131578947368,37.1,40.2,285.0921052631579,2.7197368421052635,4.0,ALO,37206.11111111111,31989.0,48537.90476190476,41267.0,22398.0,18236.0,91492.0,357337.6666666667,3.0,,,2.0,4.0,1.0,,,,,3.0,8.3,2.0,,,,,262.0,251.9,259.0,,,,,262.0,262.0,259.0,,,,,92537.0,98450.8,93789.0,,,,,92394.0,91492.0,93789.0,,,1,0,0,1
2023,16,28.163157894736845,27.6,28.8,64.0,63.0,65.0,1006.0763157894737,1006.0,1006.2,False,38.55131578947368,37.1,40.2,285.0921052631579,2.7197368421052635,4.0,BOT,39000.47368421053,32093.000000000004,50783.22727272727,41367.0,23457.454545454544,18279.0,91739.0,430133.0,2.0,3.0,,,2.0,1.0,,,5.5,,,2.0,4.25,,,252.0,,,264.0,259.25,,,254.0,,,264.0,260.0,,,98772.0,,,91739.0,107383.25,,,96393.0,,,91739.0,93163.0,,,1,0,0,1
2023,16,28.163157894736845,27.6,28.8,64.0,63.0,65.0,1006.0763157894737,1006.0,1006.2,False,38.55131578947368,37.1,40.2,285.0921052631579,2.7197368421052635,4.0,GAS,42247.21052631579,32408.0,49695.95238095238,41500.0,22102.52380952381,18271.0,92179.0,238519.25,4.0,,,5.0,3.0,1.0,,,,,9.9,2.0,2.0,,,,,254.9,262.0,259.0,,,,,261.0,262.0,259.0,,,,,100672.9,92179.0,94525.0,,,,,93421.0,92179.0,94525.0,,,1,0,0,1
2023,16,28.163157894736845,27.6,28.8,64.0,63.0,65.0,1006.0763157894737,1006.0,1006.2,False,38.55131578947368,37.1,40.2,285.0921052631579,2.7197368421052635,4.0,HAM,42671.5,32200.000000000004,53283.85,41434.0,22929.2,18195.0,91829.0,252476.25,4.0,,,,5.0,1.0,,,,,,5.5,3.0,,,,,,255.375,260.0,,,,,,262.0,261.0,,,,,,96279.0,93821.0,,,,,,91829.0,93753.0,,,1,0,0,1
2023,16,28.163157894736845,27.6,28.8,64.0,63.0,65.0,1006.0763157894737,1006.0,1006.2,False,38.55131578947368,37.1,40.2,285.0921052631579,2.7197368421052635,4.0,HUL,40581.55,32162.999999999996,48789.260869565216,41445.0,21840.521739130436,18189.0,91797.0,212851.5,4.0,,,4.0,5.0,1.0,,,,,6.0,3.5,3.75,,,,,252.22222222222223,256.0,240.75,,,,,253.0,264.0,261.0,,,,,99214.22222222222,108805.5,110966.0,,,,,97762.0,91797.0,94270.0,,,1,0,0,1
2023,16,28.163157894736845,27.6,28.8,64.0,63.0,65.0,1006.0763157894737,1006.0,1006.2,False,38.55131578947368,37.1,40.2,285.0921052631579,2.7197368421052635,4.0,LAW,38382.15789473684,32429.000000000004,47817.739130434784,41470.0,21676.363636363636,18242.0,92141.0,235609.00000000012,4.0,5.0,,,4.0,2.0,,,3.75,,,6.714285714285714,3.0,,,256.75,,,252.14285714285714,258.6666666666667,,,260.0,,,258.0,261.0,,,112698.5,,,97778.28571428571,108344.33333333333,,,93757.0,,,92141.0,93098.0,,,1,0,0,1
2023,16,28.163157894736845,27.6,28.8,64.0,63.0,65.0,1006.0763157894737,1006.0,1006.2,False,38.55131578947368,37.1,40.2,285.0921052631579,2.7197368421052635,4.0,LEC,40480.75,32026.000000000004,50052.30434782609,40831.0,23487.636363636364,18151.0,91008.0,262198.6666666667,3.0,,,4.0,3.0,1.0,,,,,7.777777777777778,2.0,3.0,,,,,253.44444444444446,265.0,261.5,,,,,265.0,265.0,264.0,,,,,98140.22222222222,91008.0,93625.5,,,,,91708.0,91008.0,93011.0,,,1,0,0,1
2023,16,28.163157894736845,27.6,28.8,64.0,63.0,65.0,1006.0763157894737,1006.0,1006.2,False,38.55131578947368,37.1,40.2,285.0921052631579,2.7197368421052635,4.0,MAG,42518.4,32423.0,49340.333333333336,41430.0,22622.863636363636,18316.0,92169.0,246714.33333333334,3.0,,,3.0,4.0,,,,,,8.8,5.0,,,,,,251.0,254.66666666666666,,,,,,261.0,263.0,,,,,,103054.1,105491.0,,,,,,93690.0,92169.0,,,,1,0,0,1
2023,16,28.163157894736845,27.6,28.8,64.0,63.0,65.0,1006.0763157894737,1006.0,1006.2,False,38.55131578947368,37.1,40.2,285.0921052631579,2.7197368421052635,4.0,NOR,38195.26315789474,31769.0,47705.36363636364,41148.0,21851.333333333332,18235.0,91152.0,347608.3333333333,3.0,,,4.0,3.0,,,,,,4.75,8.3,,,,,,250.5,253.0,,,,,,264.0,260.0,,,,,,100017.75,97545.9,,,,,,92124.0,91152.0,,,,1,0,0,1
2023,16,28.163157894736845,27.6,28.8,64.0,63.0,65.0,1006.0763157894737,1006.0,1006.2,False,38.55131578947368,37.1,40.2,285.0921052631579,2.7197368421052635,4.0,OCO,41171.36842105263,32298.0,50603.19047619047,41266.0,23543.380952380954,18230.0,91794.0,296891.0,3.0,,,4.0,3.0,1.0,,,,,9.363636363636363,2.0,2.0,,,,,256.6363636363636,262.0,261.0,,,,,263.0,262.0,261.0,,,,,102661.72727272728,91794.0,93928.0,,,,,93027.0,91794.0,93928.0,,,1,0,0,1
2023,16,28.163157894736845,27.6,28.8,64.0,63.0,65.0,1006.0763157894737,1006.0,1006.2,False,38.55131578947368,37.1,40.2,285.0921052631579,2.7197368421052635,4.0,PER,38742.65,32081.000000000004,47772.82608695652,41353.0,22206.956521739132,18276.0,91710.0,289828.3333333333,3.0,,,4.0,3.0,2.0,,,,,10.615384615384615,2.0,2.0,,,,,252.69230769230768,261.0,262.0,,,,,260.0,261.0,262.0,,,,,97707.76923076923,91710.0,92363.0,,,,,93021.0,91710.0,92363.0,,,1,0,0,1
2023,16,28.163157894736845,27.6,28.8,64.0,63.0,65.0,1006.0763157894737,1006.0,1006.2,False,38.55131578947368,37.1,40.2,285.0921052631579,2.7197368421052635,4.0,PIA,37692.5,31941.0,47152.142857142855,41353.0,21032.761904761905,18368.0,91662.0,313213.3333333333,3.0,,,4.0,3.0,,,,,,6.571428571428571,6.714285714285714,,,,,,256.57142857142856,254.0,,,,,,263.0,262.0,,,,,,100113.0,98152.0,,,,,,92499.0,91662.0,,,,1,0,0,1
2023,16,28.163157894736845,27.6,28.8,64.0,63.0,65.0,1006.0763157894737,1006.0,1006.2,False,38.55131578947368,37.1,40.2,285.0921052631579,2.7197368421052635,4.0,RUS,39995.055555555555,32115.000000000004,50946.47619047619,41022.0,21717.428571428572,18191.0,91328.0,320510.3333333333,3.0,,,,4.0,1.0,,,,,,6.666666666666667,3.0,,,,,,254.44444444444446,262.0,,,,,,263.0,263.0,,,,,,97085.66666666667,94101.0,,,,,,91328.0,93804.0,,,1,0,0,1
2023,16,28.163157894736845,27.6,28.8,64.0,63.0,65.0,1006.0763157894737,1006.0,1006.2,False,38.55131578947368,37.1,40.2,285.0921052631579,2.7197368421052635,4.0,SAI,40893.63157894737,31926.0,51001.95238095238,41079.0,22205.904761904763,18232.0,91237.0,334962.6666666667,3.0,,,4.0,3.0,1.0,,,,,8.3,2.0,3.0,,,,,253.1,264.0,262.5,,,,,265.0,264.0,264.0,,,,,98716.9,91237.0,93483.5,,,,,92085.0,91237.0,93266.0,,,1,0,0,1
2023,16,28.163157894736845,27.6,28.8,64.0,63.0,65.0,1006.0763157894737,1006.0,1006.2,False,38.55131578947368,37.1,40.2,285.0921052631579,2.7197368421052635,4.0,SAR,39446.045454545456,32728.0,47662.875,41479.0,20772.166666666668,18113.0,92320.0,259464.33333333334,3.0,4.0,,,3.0,1.0,,,4.5,,,6.142857142857143,3.0,,,254.625,,,244.0,265.3333333333333,,,256.0,,,268.0,266.0,,,102260.125,,,110929.28571428571,110309.33333333333,,,98137.0,,,92320.0,94483.0,,,1,0,0,1
2023,16,28.163157894736845,27.6,28.8,64.0,63.0,65.0,1006.0763157894737,1006.0,1006.2,False,38.55131578947368,37.1,40.2,285.0921052631579,2.7197368421052635,4.0,STR,41204.41176470588,32040.999999999996,48022.09523809524,41331.0,21635.95238095238,18399.0,91771.0,227815.0,5.0,,,6.0,4.0,1.0,,,,,9.666666666666666,2.0,2.0,,,,,252.11111111111111,259.0,257.0,,,,,259.0,259.0,257.0,,,,,100499.77777777778,91771.0,94191.0,,,,,93005.0,91771.0,94191.0,,,1,0,0,1
2023,16,28.163157894736845,27.6,28.8,64.0,63.0,65.0,1006.0763157894737,1006.0,1006.2,False,38.55131578947368,37.1,40.2,285.0921052631579,2.7197368421052635,4.0,TSU,38559.95238095238,32406.0,48097.4,41465.0,21519.12,18307.0,92178.0,222485.33333333334,3.0,1.0,,,4.0,2.0,,,4.0,,,8.3,3.0,,,242.6,,,252.3,260.5,,,263.0,,,261.0,261.0,,,116346.2,,,98383.1,93015.5,,,93461.0,,,92178.0,92864.0,,,1,0,0,1
2023,16,28.163157894736845,27.6,28.8,64.0,63.0,65.0,1006.0763157894737,1006.0,1006.2,False,38.55131578947368,37.1,40.2,285.0921052631579,2.7197368421052635,4.0,VER,36091.71428571428,31505.0,50683.944444444445,41045.0,21989.38888888889,18138.0,90688.0,362551.0,3.0,,,,3.0,4.0,,,,,,3.0,5.5,,,,,,260.6666666666667,252.75,,,,,,262.0,253.0,,,,,,91152.0,99386.375,,,,,,90688.0,96449.0,,,1,0,0,1
2023,16,28.163157894736845,27.6,28.8,64.0,63.0,65.0,1006.0763157894737,1006.0,1006.2,False,38.55131578947368,37.1,40.2,285.0921052631579,2.7197368421052635,4.0,ZHO,44729.166666666664,32412.0,53398.5625,41414.0,24917.0625,18339.0,92165.0,274613.8,5.0,5.0,,,2.0,1.0,,,1.0,,,2.0,4.0,,,251.0,,,264.0,259.4,,,251.0,,,264.0,262.0,,,122501.0,,,92165.0,114296.0,,,122501.0,,,92165.0,93636.0,,,1,0,0,1
2023,19,25.264197530864198,23.6,26.9,35.4320987654321,29.0,41.0,780.0691358024691,780.0,780.2,True,35.34074074074074,31.0,40.4,208.25925925925927,1.6975308641975309,4.5,ALB,32935.2,28032.0,35818.17391304348,30800.0,24387.91304347826,20462.0,79446.0,277361.3333333333,3.0,4.0,,,2.0,1.0,,,5.0,,,3.5,3.5,,,243.0,,,231.0,247.75,,,244.0,,,249.0,251.0,,,85719.55555555556,,,97512.25,99798.0,,,82811.0,,,79446.0,80075.0,,,0,0,0,1
2023,19,25.264197530864198,23.6,26.9,35.4320987654321,29.0,41.0,780.0691358024691,780.0,780.2,True,35.34074074074074,31.0,40.4,208.25925925925927,1.6975308641975309,4.5,ALO,33018.269230769234,28068.0,35421.0,31245.0,25620.6,20796.0,80426.0,274977.5,4.0,,,4.0,3.0,5.0,,,,,10.125,2.0,3.0,,,,,242.8125,232.0,198.5,,,,,249.0,232.0,245.0,,,,,88151.1875,100607.0,98976.5,,,,,80426.0,100607.0,81528.0,,,0,0,0,1
2023,19,25.264197530864198,23.6,26.9,35.4320987654321,29.0,41.0,780.0691358024691,780.0,780.2,True,35.34074074074074,31.0,40.4,208.25925925925927,1.6975308641975309,4.5,BOT,33642.4,27964.0,35377.121212121216,30582.0,25513.303030303032,20337.0,78955.0,184990.0,4.0,,,5.0,4.0,2.0,,,,,10.875,3.6666666666666665,3.5,,,,,229.0625,251.33333333333334,247.83333333333334,,,,,248.0,252.0,249.0,,,,,88793.5,96980.66666666667,100442.5,,,,,81244.0,78955.0,79865.0,,,0,0,0,1
2023,19,25.264197530864198,23.6,26.9,35.4320987654321,29.0,41.0,780.0691358024691,780.0,780.2,True,35.34074074074074,31.0,40.4,208.25925925925927,1.6975308641975309,4.5,GAS,33756.56,28145.0,36271.0,31023.0,24922.206896551725,20474.0,79642.0,287864.0,4.0,4.0,,,5.0,2.0,,,8.454545454545455,,,4.4,2.5,,,242.72727272727272,,,195.2,247.0,,,246.0,,,249.0,248.0,,,87763.18181818182,,,97981.6,96878.75,,,82319.0,,,79642.0,80575.0,,,0,0,0,1
2023,19,25.264197530864198,23.6,26.9,35.4320987654321,29.0,41.0,780.0691358024691,780.0,780.2,True,35.34074074074074,31.0,40.4,208.25925925925927,1.6975308641975309,4.5,HAM,34066.846153846156,28072.0,37584.6,30631.0,25239.733333333334,20321.0,79024.0,297621.6666666667,3.0,,,4.0,2.0,,,,,,11.61111111111111,3.5,,,,,,231.94444444444446,225.25,,,,,,246.0,249.0,,,,,,92750.5,99912.5,,,,,,80549.0,79024.0,,,,0,0,0,1
2023,19,25.264197530864198,23.6,26.9,35.4320987654321,29.0,41.0,780.0691358024691,780.0,780.2,True,35.34074074074074,31.0,40.4,208.25925925925927,1.6975308641975309,4.5,HUL,34193.2,27905.0,35618.51724137931,31137.0,24835.310344827587,20493.0,79535.0,223462.8,5.0,,,5.0,6.0,1.0,,,,,8.384615384615385,4.333333333333333,3.0,,,,,243.92307692307693,208.33333333333334,247.0,,,,,248.0,252.0,247.0,,,,,89695.23076923077,102913.33333333333,82863.0,,,,,80716.0,79535.0,82680.0,,,0,0,0,1
2023,19,25.264197530864198,23.6,26.9,35.4320987654321,29.0,41.0,780.0691358024691,780.0,780.2,True,35.34074074074074,31.0,40.4,208.25925925925927,1.6975308641975309,4.5,LEC,33990.26666666667,27937.0,35814.393939393936,30513.0,25403.78787878788,20502.0,78952.0,237700.66666666666,3.0,,,4.0,3.0,1.0,,,,,12.0,2.0,4.0,,,,,230.45,252.0,247.4,,,,,250.0,252.0,249.0,,,,,91046.75,78952.0,98425.6,,,,,79611.0,78952.0,80394.0,,,0,0,0,1
2023,19,25.264197530864198,23.6,26.9,35.4320987654321,29.0,41.0,780.0691358024691,780.0,780.2,True,35.34074074074074,31.0,40.4,208.25925925925927,1.6975308641975309,4.5,MAG,33528.192307692305,28053.0,37604.23333333333,31182.0,25806.1,20835.0,80112.0,232036.50000000006,4.0,,,5.0,4.0,1.0,,,,,3.8333333333333335,8.833333333333334,3.0,,,,,205.33333333333334,247.08333333333334,246.66666666666666,,,,,249.0,252.0,247.0,,,,,105173.16666666667,89241.83333333333,98307.0,,,,,81052.0,80112.0,82287.0,,,0,0,0,1
2023,19,25.264197530864198,23.6,26.9,35.4320987654321,29.0,41.0,780.0691358024691,780.0,780.2,True,35.34074074074074,31.0,40.4,208.25925925925927,1.6975308641975309,4.5,NOR,31845.035714285714,28043.0,34560.58064516129,30424.0,24430.774193548386,20338.0,78805.0,511158.5,2.0,,,3.0,2.0,1.0,,,,,8.5,4.5,4.0,,,,,229.78571428571428,246.16666666666666,237.0,,,,,245.0,247.0,246.0,,,,,85029.35714285714,84536.0,97046.4,,,,,82489.0,78805.0,80109.0,,,0,0,0,1
2023,19,25.264197530864198,23.6,26.9,35.4320987654321,29.0,41.0,780.0691358024691,780.0,780.2,True,35.34074074074074,31.0,40.4,208.25925925925927,1.6975308641975309,4.5,OCO,36565.12,28091.0,36668.89655172414,30555.0,25205.655172413793,20431.0,79077.0,210200.6,5.0,,,5.0,6.0,2.0,,,,,7.636363636363637,4.4,4.0,,,,,242.36363636363637,196.8,244.0,,,,,247.0,247.0,246.0,,,,,89113.54545454546,97330.4,96726.33333333333,,,,,80408.0,79077.0,81019.0,,,0,0,0,1
2023,19,25.264197530864198,23.6,26.9,35.4320987654321,29.0,41.0,780.0691358024691,780.0,780.2,True,35.34074074074074,31.0,40.4,208.25925925925927,1.6975308641975309,4.5,PER,33681.4,28004.0,36224.93103448276,30461.0,25356.241379310344,20493.0,78988.0,262755.2500000001,4.0,4.0,,,5.0,2.0,,,6.0,,,4.4,5.333333333333333,,,242.0,,,190.6,246.66666666666666,,,244.0,,,247.0,248.0,,,83594.22222222222,,,98307.0,96705.0,,,82976.0,,,78988.0,80752.0,,,0,0,0,1
2023,19,25.264197530864198,23.6,26.9,35.4320987654321,29.0,41.0,780.0691358024691,780.0,780.2,True,35.34074074074074,31.0,40.4,208.25925925925927,1.6975308641975309,4.5,PIA,34139.357142857145,28057.0,35337.645161290326,30725.0,24210.451612903227,20381.0,79163.0,246528.5,4.0,4.0,,,5.0,,,,12.473684210526315,,,4.8,,,,244.21052631578948,,,211.6,,,,247.0,,,248.0,,,,88474.73684210527,,,92937.0,,,,80872.0,,,79163.0,,,,0,0,0,1
2023,19,25.264197530864198,23.6,26.9,35.4320987654321,29.0,41.0,780.0691358024691,780.0,780.2,True,35.34074074074074,31.0,40.4,208.25925925925927,1.6975308641975309,4.5,RIC,34663.92592592593,28113.0,36502.709677419356,30515.0,25352.290322580644,20374.0,79002.0,233345.0,4.0,5.0,,,3.0,2.0,,,11.3125,,,3.0,3.0,,,230.3125,,,224.0,248.0,,,248.0,,,248.0,249.0,,,92473.4375,,,105908.33333333333,90636.33333333333,,,80568.0,,,79002.0,79689.0,,,0,0,0,1
2023,19,25.264197530864198,23.6,26.9,35.4320987654321,29.0,41.0,780.0691358024691,780.0,780.2,True,35.34074074074074,31.0,40.4,208.25925925925927,1.6975308641975309,4.5,RUS,34603.03703703704,28100.0,36670.51612903226,30562.0,24372.387096774193,20565.0,79227.0,240095.0,4.0,,,5.0,3.0,1.0,,,,,8.538461538461538,3.5,4.0,,,,,228.69230769230768,224.75,245.6,,,,,247.0,249.0,247.0,,,,,90037.07692307692,98770.75,95412.6,,,,,80047.0,79227.0,80967.0,,,0,0,0,1
2023,19,25.264197530864198,23.6,26.9,35.4320987654321,29.0,41.0,780.0691358024691,780.0,780.2,True,35.34074074074074,31.0,40.4,208.25925925925927,1.6975308641975309,4.5,SAI,37037.903225806454,28034.0,36728.617647058825,30753.0,25475.91176470588,20470.0,79257.0,108017.6,5.0,,,6.0,5.0,1.0,,,,,12.411764705882353,3.0,4.0,,,,,233.76470588235293,249.5,246.4,,,,,249.0,250.0,248.0,,,,,88509.76470588235,114031.0,102460.0,,,,,79748.0,79257.0,80544.0,,,0,0,0,1
2023,19,25.264197530864198,23.6,26.9,35.4320987654321,29.0,41.0,780.0691358024691,780.0,780.2,True,35.34074074074074,31.0,40.4,208.25925925925927,1.6975308641975309,4.5,SAR,33921.739130434784,28148.0,36643.88461538462,30990.0,26514.346153846152,20634.0,79900.0,180084.0,4.0,,,5.0,3.0,1.0,,,,,8.166666666666666,3.5,2.0,,,,,242.91666666666666,215.0,245.0,,,,,249.0,249.0,245.0,,,,,89386.66666666667,102127.25,80830.0,,,,,81428.0,79900.0,80830.0,,,0,0,0,1
2023,19,25.264197530864198,23.6,26.9,35.4320987654321,29.0,41.0,780.0691358024691,780.0,780.2,True,35.34074074074074,31.0,40.4,208.25925925925927,1.6975308641975309,4.5,STR,34105.61538461538,28227.0,37953.0,30907.0,26395.58823529412,20805.0,80075.0,743424.0000000001,3.0,,,2.0,4.0,1.0,,,,,4.0,3.0,3.0,,,,,244.4,92.0,243.66666666666666,,,,,245.0,92.0,245.0,,,,,92683.4,111069.0,91559.33333333333,,,,,80075.0,111069.0,81084.0,,,0,0,0,1
2023,19,25.264197530864198,23.6,26.9,35.4320987654321,29.0,41.0,780.0691358024691,780.0,780.2,True,35.34074074074074,31.0,40.4,208.25925925925927,1.6975308641975309,4.5,TSU,32554.0,28038.0,36462.0,30775.0,24325.20588235294,20477.0,79290.0,220570.33333333334,3.0,,,4.0,3.0,1.0,,,,,11.833333333333334,2.0,5.0,,,,,237.22222222222223,251.0,245.0,,,,,251.0,251.0,250.0,,,,,89614.72222222222,79290.0,99308.57142857143,,,,,80513.0,79290.0,82471.0,,,0,0,0,1
2023,19,25.264197530864198,23.6,26.9,35.4320987654321,29.0,41.0,780.0691358024691,780.0,780.2,True,35.34074074074074,31.0,40.4,208.25925925925927,1.6975308641975309,4.5,VER,33347.27272727273,27910.0,34193.769230769234,30393.0,24460.5,20383.0,78686.0,313672.5,4.0,,,4.0,5.0,1.0,,,,,8.166666666666666,3.5,3.0,,,,,243.25,159.0,248.33333333333334,,,,,248.0,249.0,249.0,,,,,86694.25,85322.0,91267.0,,,,,79511.0,78686.0,80085.0,,,0,0,0,1
2023,19,25.264197530864198,23.6,26.9,35.4320987654321,29.0,41.0,780.0691358024691,780.0,780.2,True,35.34074074074074,31.0,40.4,208.25925925925927,1.6975308641975309,4.5,ZHO,35289.583333333336,28149.0,37934.81481481482,30623.0,25798.59259259259,20633.0,79415.0,416036.6666666667,3.0,,,4.0,3.0,2.0,,,,,7.0,3.5,4.4,,,,,226.8181818181818,220.0,246.0,,,,,244.0,251.0,247.0,,,,,87154.09090909091,105964.5,106095.8,,,,,83593.0,79415.0,80691.0,,,0,0,0,1
2023,21,13.820979020979022,13.1,14.4,73.74125874125875,70.0,76.0,944.0510489510489,943.7,944.2,False,15.1993006993007,14.8,15.9,138.30769230769232,0.7762237762237763,1.7,ALB,33252.58974358974,27976.0,38005.52380952381,32040.999999999996,41456.119047619046,36643.0,96688.0,236983.99999999988,4.0,4.0,,5.0,3.0,,,,6.0,,8.0,5.285714285714286,,,,305.2,,296.3333333333333,310.92857142857144,,,,312.0,,319.0,318.0,,,,104932.8,,105005.0,115926.78571428571,,,,101071.0,,100084.0,96688.0,,,,0,0,0,7
2023,21,13.820979020979022,13.1,14.4,73.74125874125875,70.0,76.0,944.0510489510489,943.7,944.2,False,15.1993006993007,14.8,15.9,138.30769230769232,0.7762237762237763,1.7,ALO,31870.882352941175,27117.0,36093.81578947369,32070.0,41086.05263157895,36473.0,95793.0,349884.25,4.0,,,5.0,4.0,,,,,,9.384615384615385,4.9375,,,,,,287.6923076923077,306.3125,,,,,,316.0,313.0,,,,,,103912.69230769231,108410.25,,,,,,98503.0,95793.0,,,,0,0,0,7
2023,21,13.820979020979022,13.1,14.4,73.74125874125875,70.0,76.0,944.0510489510489,943.7,944.2,False,15.1993006993007,14.8,15.9,138.30769230769232,0.7762237762237763,1.7,BOT,32602.75,27612.0,36329.02777777778,32009.999999999996,42225.666666666664,36507.0,96129.0,337319.0,5.0,5.0,,6.0,4.0,,,,8.5,,6.333333333333333,4.454545454545454,,,,301.3333333333333,,268.22222222222223,306.45454545454544,,,,304.0,,302.0,317.0,,,,105585.83333333333,,113028.44444444444,107333.63636363637,,,,99932.0,,100308.0,96129.0,,,,0,0,0,7
2023,21,13.820979020979022,13.1,14.4,73.74125874125875,70.0,76.0,944.0510489510489,943.7,944.2,False,15.1993006993007,14.8,15.9,138.30769230769232,0.7762237762237763,1.7,GAS,33677.137931034486,28225.0,37312.51515151515,32189.999999999996,41956.06060606061,36719.0,97134.0,482616.5,4.0,,,5.0,4.0,,,,,,10.75,6.375,,,,,,263.0,313.125,,,,,,307.0,321.0,,,,,,111063.625,108327.75,,,,,,100645.0,97134.0,,,,0,0,0,7
2023,21,13.820979020979022,13.1,14.4,73.74125874125875,70.0,76.0,944.0510489510489,943.7,944.2,False,15.1993006993007,14.8,15.9,138.30769230769232,0.7762237762237763,1.7,HAM,31544.4358974359,27608.0,35681.40476190476,32200.000000000004,40253.07142857143,36588.0,96663.0,384597.3333333333,3.0,,,3.0,4.0,,,,,,7.5,9.434782608695652,,,,,,308.5,297.7826086956522,,,,,,313.0,319.0,,,,,,100823.41666666667,108173.17391304347,,,,,,99586.0,96663.0,,,,0,0,0,7
2023,21,13.820979020979022,13.1,14.4,73.74125874125875,70.0,76.0,944.0510489510489,943.7,944.2,False,15.1993006993007,14.8,15.9,138.30769230769232,0.7762237762237763,1.7,HUL,32942.1724137931,27903.0,36697.84848484849,31749.0,42049.84848484849,36837.0,96489.0,471413.5,4.0,,,5.0,4.0,,,,,,9.928571428571429,4.4,,,,,,283.2142857142857,300.1,,,,,,310.0,313.0,,,,,,104749.28571428571,111837.0,,,,,,99440.0,96489.0,,,,0,0,0,7
2023,21,13.820979020979022,13.1,14.4,73.74125874125875,70.0,76.0,944.0510489510489,943.7,944.2,False,15.1993006993007,14.8,15.9,138.30769230769232,0.7762237762237763,1.7,LEC,32384.6,27161.0,38003.64102564102,31288.0,43876.61538461538,36816.0,95265.0,381535.0,3.0,,,4.0,3.0,,,,,,6.5,6.157894736842105,,,,,,302.2,301.7894736842105,,,,,,310.0,312.0,,,,,,100216.6,112448.8947368421,,,,,,98912.0,95265.0,,,,0,0,0,7
2023,21,13.820979020979022,13.1,14.4,73.74125874125875,70.0,76.0,944.0510489510489,943.7,944.2,False,15.1993006993007,14.8,15.9,138.30769230769232,0.7762237762237763,1.7,MAG,34717.57575757576,27596.0,38611.40540540541,32159.0,43208.10810810811,37146.0,96917.0,334638.75,4.0,,,3.0,5.0,,,,,,4.5,6.909090909090909,,,,,,308.6666666666667,292.0,,,,,,312.0,312.0,,,,,,115334.16666666667,114163.36363636363,,,,,,98709.0,96917.0,,,,0,0,0,7
2023,21,13.820979020979022,13.1,14.4,73.74125874125875,70.0,76.0,944.0510489510489,943.7,944.2,False,15.1993006993007,14.8,15.9,138.30769230769232,0.7762237762237763,1.7,NOR,31897.85714285714,27691.0,36008.606060606064,32445.0,42219.818181818184,36728.0,96864.0,416739.2,5.0,,,5.0,6.0,,,,,,11.666666666666666,5.3,,,,,,309.5,283.4,,,,,,313.0,315.0,,,,,,103803.91666666667,108565.8,,,,,,98396.0,96864.0,,,,0,0,0,7
2023,21,13.820979020979022,13.1,14.4,73.74125874125875,70.0,76.0,944.0510489510489,943.7,944.2,False,15.1993006993007,14.8,15.9,138.30769230769232,0.7762237762237763,1.7,OCO,31213.333333333332,27995.0,34963.81081081081,32435.000000000004,40292.83783783784,36811.0,97241.0,565631.0,3.0,,,4.0,3.0,,,,,,17.6,3.7777777777777777,,,,,,290.45,313.6666666666667,,,,,,314.0,325.0,,,,,,103686.0,104083.44444444444,,,,,,99897.0,97241.0,,,,0,0,0,7
2023,21,13.820979020979022,13.1,14.4,73.74125874125875,70.0,76.0,944.0510489510489,943.7,944.2,False,15.1993006993007,14.8,15.9,138.30769230769232,0.7762237762237763,1.7,PER,31727.125,27448.0,36887.22222222222,31994.0,42731.694444444445,36643.0,96085.0,541313.0,3.0,,,4.0,3.0,,,,,,15.722222222222221,4.0,,,,,,295.1666666666667,300.1,,,,,,313.0,315.0,,,,,,104893.44444444444,115952.1,,,,,,98692.0,96085.0,,,,0,0,0,7
2023,21,13.820979020979022,13.1,14.4,73.74125874125875,70.0,76.0,944.0510489510489,943.7,944.2,False,15.1993006993007,14.8,15.9,138.30769230769232,0.7762237762237763,1.7,PIA,32969.933333333334,27588.0,36145.71428571428,32313.000000000004,41212.885714285716,37086.0,96987.0,326096.0,6.0,,,6.0,7.0,,,,,,9.555555555555555,6.5,,,,,,308.22222222222223,290.57142857142856,,,,,,313.0,314.0,,,,,,100682.44444444444,113476.5,,,,,,99027.0,96987.0,,,,0,0,0,7
2023,21,13.820979020979022,13.1,14.4,73.74125874125875,70.0,76.0,944.0510489510489,943.7,944.2,False,15.1993006993007,14.8,15.9,138.30769230769232,0.7762237762237763,1.7,RIC,31324.833333333332,28004.0,35991.825,32262.0,41481.75,37233.0,97680.0,412357.3333333333,3.0,,,4.0,3.0,,,,,,16.6,4.583333333333333,,,,,,291.25,306.4166666666667,,,,,,310.0,310.0,,,,,,104964.2,110850.5,,,,,,99936.0,97680.0,,,,0,0,0,7
2023,21,13.820979020979022,13.1,14.4,73.74125874125875,70.0,76.0,944.0510489510489,943.7,944.2,False,15.1993006993007,14.8,15.9,138.30769230769232,0.7762237762237763,1.7,RUS,32441.78787878788,27801.0,37237.2972972973,32311.999999999996,42643.81081081081,36579.0,96890.0,380091.0,4.0,,,3.0,4.0,,,,,,5.5,8.263157894736842,,,,,,312.25,309.2105263157895,,,,,,315.0,318.0,,,,,,100616.75,110291.47368421052,,,,,,99207.0,96890.0,,,,0,0,0,7
2023,21,13.820979020979022,13.1,14.4,73.74125874125875,70.0,76.0,944.0510489510489,943.7,944.2,False,15.1993006993007,14.8,15.9,138.30769230769232,0.7762237762237763,1.7,SAI,32911.02857142857,27248.0,38883.8717948718,31693.0,45257.692307692305,36773.0,95782.0,361233.0,3.0,,,4.0,3.0,,,,,,6.0,7.611111111111111,,,,,,274.6666666666667,306.05555555555554,,,,,,308.0,312.0,,,,,,106185.88888888889,110963.0,,,,,,98447.0,95782.0,,,,0,0,0,7
2023,21,13.820979020979022,13.1,14.4,73.74125874125875,70.0,76.0,944.0510489510489,943.7,944.2,False,15.1993006993007,14.8,15.9,138.30769230769232,0.7762237762237763,1.7,SAR,33325.230769230766,28328.0,37438.59523809524,32667.0,40600.95238095238,37145.0,98140.0,258823.5,4.0,5.0,,4.0,3.0,,,,8.5,,2.5,5.5625,,,,295.5,,305.5,309.6875,,,,317.0,,307.0,318.0,,,,106056.4375,,103372.5,110344.5,,,,100231.0,,102305.0,98140.0,,,,0,0,0,7
2023,21,13.820979020979022,13.1,14.4,73.74125874125875,70.0,76.0,944.0510489510489,943.7,944.2,False,15.1993006993007,14.8,15.9,138.30769230769232,0.7762237762237763,1.7,STR,31348.54054054054,27559.0,35504.48780487805,31988.0,42384.170731707316,36933.0,96496.0,289072.5,4.0,,,5.0,4.0,,,,,,9.384615384615385,5.277777777777778,,,,,,303.6923076923077,301.77777777777777,,,,,,311.0,316.0,,,,,,102821.53846153847,107848.77777777778,,,,,,98975.0,96496.0,,,,0,0,0,7
2023,21,13.820979020979022,13.1,14.4,73.74125874125875,70.0,76.0,944.0510489510489,943.7,944.2,False,15.1993006993007,14.8,15.9,138.30769230769232,0.7762237762237763,1.7,TSU,32180.972972972973,28004.0,37290.09756097561,32310.000000000004,41895.34146341463,37035.0,97412.0,366592.3333333333,3.0,4.0,,1.0,3.0,,,,6.5,,11.5,4.5,,,,311.9,,297.8,309.5833333333333,,,,315.0,,307.0,313.0,,,,101441.6,,109425.8,116467.25,,,,99781.0,,100369.0,97412.0,,,,0,0,0,7
2023,21,13.820979020979022,13.1,14.4,73.74125874125875,70.0,76.0,944.0510489510489,943.7,944.2,False,15.1993006993007,14.8,15.9,138.30769230769232,0.7762237762237763,1.7,VER,31990.757575757576,27302.0,35724.48648648649,31860.0,41512.02702702703,36965.0,96183.0,404789.5,4.0,,,5.0,4.0,,,,,,15.11111111111111,4.4,,,,,,296.6666666666667,309.5,,,,,,313.0,313.0,,,,,,106600.38888888889,111746.8,,,,,,98209.0,96183.0,,,,0,0,0,7
2023,21,13.820979020979022,13.1,14.4,73.74125874125875,70.0,76.0,944.0510489510489,943.7,944.2,False,15.1993006993007,14.8,15.9,138.30769230769232,0.7762237762237763,1.7,ZHO,34669.40625,27833.0,37743.0,32588.0,45284.72222222222,37083.0,97656.0,347056.5,4.0,,,5.0,3.0,,,,,,9.466666666666667,5.083333333333333,,,,,,278.8,312.0,,,,,,306.0,317.0,,,,,,113159.73333333334,116944.16666666667,,,,,,101084.0,97656.0,,,,0,0,0,7
2023,22,26.950617283950617,26.5,27.4,59.71604938271605,55.0,63.0,1010.7703703703703,1010.4,1011.2,False,33.334567901234564,32.1,35.3,258.87654320987656,1.1098765432098767,1.7,ALB,24318.733333333334,17482.0,41977.38888888889,36776.0,38731.055555555555,31823.0,86081.0,448670.75,4.0,,,5.0,4.0,,,,,,8.727272727272727,4.0,,,,,,201.54545454545453,217.0,,,,,,220.0,217.0,,,,,,99012.09090909091,86081.0,,,,,,86941.0,86081.0,,,,2,0,0,1
2023,22,26.950617283950617,26.5,27.4,59.71604938271605,55.0,63.0,1010.7703703703703,1010.4,1011.2,False,33.334567901234564,32.1,35.3,258.87654320987656,1.1098765432098767,1.7,ALO,25596.214285714286,17446.0,43540.9375,36766.0,39356.8,31175.0,85397.0,607154.3333333334,3.0,,,3.0,4.0,,,,,,4.25,4.0,,,,,,216.75,191.57142857142858,,,,,,222.0,225.0,,,,,,100616.25,113651.42857142857,,,,,,86400.0,85397.0,,,,2,0,0,1
2023,22,26.950617283950617,26.5,27.4,59.71604938271605,55.0,63.0,1010.7703703703703,1010.4,1011.2,False,33.334567901234564,32.1,35.3,258.87654320987656,1.1098765432098767,1.7,BOT,21252.583333333332,17471.0,42445.78571428572,36453.0,37003.642857142855,31100.0,85024.0,724242.0,3.0,4.0,,,3.0,,,,6.75,,,3.0,,,,191.75,,,217.0,,,,217.0,,,217.0,,,,99070.25,,,85024.0,,,,86622.0,,,85024.0,,,,2,0,0,1
2023,22,26.950617283950617,26.5,27.4,59.71604938271605,55.0,63.0,1010.7703703703703,1010.4,1011.2,False,33.334567901234564,32.1,35.3,258.87654320987656,1.1098765432098767,1.7,GAS,19787.0,17499.0,42394.666666666664,36529.0,37971.153846153844,31293.0,85321.0,716971.0,3.0,,,4.0,3.0,,,,,,5.5,3.0,,,,,,211.5,214.0,,,,,,218.0,214.0,,,,,,97127.66666666667,85321.0,,,,,,86848.0,85321.0,,,,2,0,0,1
2023,22,26.950617283950617,26.5,27.4,59.71604938271605,55.0,63.0,1010.7703703703703,1010.4,1011.2,False,33.334567901234564,32.1,35.3,258.87654320987656,1.1098765432098767,1.7,HAM,26382.153846153848,17375.0,45889.26666666667,36648.0,43653.357142857145,31220.0,85315.0,613082.0,3.0,,,3.0,4.0,,,,,,5.666666666666667,3.6,,,,,,214.66666666666666,186.2,,,,,,219.0,220.0,,,,,,93482.66666666667,112995.4,,,,,,86771.0,85315.0,,,,2,0,0,1
2023,22,26.950617283950617,26.5,27.4,59.71604938271605,55.0,63.0,1010.7703703703703,1010.4,1011.2,False,33.334567901234564,32.1,35.3,258.87654320987656,1.1098765432098767,1.7,HUL,22008.25,17931.0,48835.8,37318.0,45181.2,31898.0,87147.0,1526952.0,1.0,,,1.0,,,,,,,3.0,,,,,,,212.5,,,,,,,213.0,,,,,,,102726.5,,,,,,,87147.0,,,,,2,0,0,1
2023,22,26.950617283950617,26.5,27.4,59.71604938271605,55.0,63.0,1010.7703703703703,1010.4,1011.2,False,33.334567901234564,32.1,35.3,258.87654320987656,1.1098765432098767,1.7,LEC,22442.923076923078,17510.0,42900.26666666667,36263.0,40795.357142857145,31036.0,84809.0,1002965.0,2.0,,,1.0,3.0,,,,,,2.5,6.0,,,,,,214.5,190.77777777777777,,,,,,216.0,218.0,,,,,,100862.5,100723.44444444444,,,,,,86571.0,84809.0,,,,2,0,0,1
2023,22,26.950617283950617,26.5,27.4,59.71604938271605,55.0,63.0,1010.7703703703703,1010.4,1011.2,False,33.334567901234564,32.1,35.3,258.87654320987656,1.1098765432098767,1.7,MAG,23756.533333333333,17441.0,42402.1875,36928.0,40672.125,31642.0,86413.0,630268.6666666666,3.0,,,4.0,,,,,,,10.1,,,,,,,192.6,,,,,,,212.0,,,,,,,95389.9,,,,,,,86413.0,,,,,2,0,0,1
2023,22,26.950617283950617,26.5,27.4,59.71604938271605,55.0,63.0,1010.7703703703703,1010.4,1011.2,False,33.334567901234564,32.1,35.3,258.87654320987656,1.1098765432098767,1.7,NOR,25137.928571428572,17323.0,42036.375,36459.0,38741.3125,31070.0,84852.0,465705.75,4.0,,,4.0,5.0,,,,,,5.0,4.5,,,,,,208.0,198.375,,,,,,216.0,219.0,,,,,,86425.5,99232.875,,,,,,85625.0,84852.0,,,,2,0,0,1
2023,22,26.950617283950617,26.5,27.4,59.71604938271605,55.0,63.0,1010.7703703703703,1010.4,1011.2,False,33.334567901234564,32.1,35.3,258.87654320987656,1.1098765432098767,1.7,OCO,25008.285714285714,17505.0,43360.1875,36744.0,40267.26666666667,31317.0,85566.0,641242.6666666666,3.0,,,3.0,4.0,,,,,,4.25,4.0,,,,,,217.5,186.85714285714286,,,,,,219.0,219.0,,,,,,99520.0,111370.42857142857,,,,,,86463.0,85566.0,,,,2,0,0,1
2023,22,26.950617283950617,26.5,27.4,59.71604938271605,55.0,63.0,1010.7703703703703,1010.4,1011.2,False,33.334567901234564,32.1,35.3,258.87654320987656,1.1098765432098767,1.7,PER,26968.846153846152,17381.0,46894.25,36251.0,43561.0,31440.0,85112.0,481478.75000000023,4.0,,,4.0,5.0,,,,,,6.666666666666667,3.0,,,,,,209.33333333333334,189.2,,,,,,215.0,220.0,,,,,,86712.66666666667,115261.2,,,,,,86234.0,85112.0,,,,2,0,0,1
2023,22,26.950617283950617,26.5,27.4,59.71604938271605,55.0,63.0,1010.7703703703703,1010.4,1011.2,False,33.334567901234564,32.1,35.3,258.87654320987656,1.1098765432098767,1.7,PIA,22256.6,17252.0,41533.05882352941,36875.0,37554.5625,31234.0,85361.0,649544.6666666666,3.0,,,4.0,3.0,,,,,,9.2,2.0,,,,,,196.4,218.0,,,,,,218.0,218.0,,,,,,93549.6,85361.0,,,,,,86466.0,85361.0,,,,2,0,0,1
2023,22,26.950617283950617,26.5,27.4,59.71604938271605,55.0,63.0,1010.7703703703703,1010.4,1011.2,False,33.334567901234564,32.1,35.3,258.87654320987656,1.1098765432098767,1.7,RIC,23037.583333333332,17605.0,43838.0,36656.0,37068.21428571428,31206.0,85467.0,664882.6666666666,3.0,,,4.0,3.0,,,,,,7.25,3.0,,,,,,192.125,218.0,,,,,,214.0,218.0,,,,,,93368.0,85467.0,,,,,,86374.0,85467.0,,,,2,0,0,1
2023,22,26.950617283950617,26.5,27.4,59.71604938271605,55.0,63.0,1010.7703703703703,1010.4,1011.2,False,33.334567901234564,32.1,35.3,258.87654320987656,1.1098765432098767,1.7,RUS,24383.071428571428,17370.0,41432.6,36680.0,37408.53333333333,31072.0,85122.0,656685.3333333334,3.0,,,3.0,4.0,,,,,,7.0,3.0,,,,,,205.0,158.0,,,,,,217.0,221.0,,,,,,95444.625,117418.33333333333,,,,,,85906.0,85122.0,,,,2,0,0,1
2023,22,26.950617283950617,26.5,27.4,59.71604938271605,55.0,63.0,1010.7703703703703,1010.4,1011.2,False,33.334567901234564,32.1,35.3,258.87654320987656,1.1098765432098767,1.7,SAI,22708.5,17701.0,53138.666666666664,37123.0,41598.666666666664,31883.0,86707.0,,,,,1.0,,,,,,,2.0,,,,,,,215.0,,,,,,,215.0,,,,,,,86707.0,,,,,,,86707.0,,,,,2,0,0,1
2023,22,26.950617283950617,26.5,27.4,59.71604938271605,55.0,63.0,1010.7703703703703,1010.4,1011.2,False,33.334567901234564,32.1,35.3,258.87654320987656,1.1098765432098767,1.7,SAR,21893.46153846154,17733.0,41345.375,36988.0,37950.53333333333,31938.0,86659.0,974309.0,2.0,,,3.0,1.0,,,,,,6.5,2.0,,,,,,196.0,217.0,,,,,,212.0,217.0,,,,,,95852.5,86659.0,,,,,,90411.0,86659.0,,,,2,0,0,1
2023,22,26.950617283950617,26.5,27.4,59.71604938271605,55.0,63.0,1010.7703703703703,1010.4,1011.2,False,33.334567901234564,32.1,35.3,258.87654320987656,1.1098765432098767,1.7,STR,23849.153846153848,17487.0,44377.25,36637.0,42417.066666666666,31302.0,85492.0,963184.5,2.0,,,1.0,3.0,,,,,,3.0,7.375,,,,,,213.66666666666666,186.75,,,,,,220.0,222.0,,,,,,103723.66666666667,104961.0,,,,,,86410.0,85492.0,,,,2,0,0,1
2023,22,26.950617283950617,26.5,27.4,59.71604938271605,55.0,63.0,1010.7703703703703,1010.4,1011.2,False,33.334567901234564,32.1,35.3,258.87654320987656,1.1098765432098767,1.7,TSU,23736.285714285714,17607.0,42693.0,36639.0,36890.933333333334,31423.0,85669.0,636639.0,3.0,,,4.0,3.0,,,,,,7.777777777777778,3.0,,,,,,197.77777777777777,217.0,,,,,,216.0,217.0,,,,,,93112.66666666667,85669.0,,,,,,86600.0,85669.0,,,,2,0,0,1
2023,22,26.950617283950617,26.5,27.4,59.71604938271605,55.0,63.0,1010.7703703703703,1010.4,1011.2,False,33.334567901234564,32.1,35.3,258.87654320987656,1.1098765432098767,1.7,VER,26571.35714285714,17503.0,46380.8125,36408.0,41891.26666666667,31005.0,84982.0,492986.99999999977,4.0,,,4.0,5.0,,,,,,6.666666666666667,3.5,,,,,,211.66666666666666,179.5,,,,,,212.0,216.0,,,,,,86240.0,110822.5,,,,,,85880.0,84982.0,,,,2,0,0,1
2023,22,26.950617283950617,26.5,27.4,59.71604938271605,55.0,63.0,1010.7703703703703,1010.4,1011.2,False,33.334567901234564,32.1,35.3,258.87654320987656,1.1098765432098767,1.7,ZHO,23556.714285714286,17478.0,47412.6875,36542.0,43432.125,31110.0,85223.0,903497.5,2.0,,,1.0,3.0,,,,,,3.0,8.0,,,,,,216.33333333333334,177.0,,,,,,217.0,220.0,,,,,,104347.66666666667,116464.22222222222,,,,,,86884.0,85223.0,,,,2,0,0,1
2024,1,17.247560975609755,17.1,17.4,39.02439024390244,34.0,46.0,1017.2317073170732,1017.0,1017.6,False,22.098780487804877,21.1,23.4,82.76829268292683,2.2817073170731708,3.5,ALB,35533.045454545456,29341.0,45246.269230769234,39097.0,25847.53846153846,22895.0,91333.0,269081.5,4.0,,,1.0,5.0,,,,,,2.0,8.3125,,,,,,284.0,261.9375,,,,,,284.0,283.0,,,,,,92414.0,104433.25,,,,,,92414.0,91333.0,,,,0,0,0,0
2024,1,17.247560975609755,17.1,17.4,39.02439024390244,34.0,46.0,1017.2317073170732,1017.0,1017.6,False,22.098780487804877,21.1,23.4,82.76829268292683,2.2817073170731708,3.5,ALO,34509.88888888889,29252.0,45203.181818181816,38692.0,26649.272727272728,22706.0,90660.0,444779.3333333333,3.0,,,,4.0,,,,,,,7.714285714285714,,,,,,,257.2142857142857,,,,,,,282.0,,,,,,,101225.92857142857,,,,,,,90660.0,,,,0,0,0,0
2024,1,17.247560975609755,17.1,17.4,39.02439024390244,34.0,46.0,1017.2317073170732,1017.0,1017.6,False,22.098780487804877,21.1,23.4,82.76829268292683,2.2817073170731708,3.5,BOT,37062.0,29612.0,45670.28,39397.0,25946.36,22992.0,92001.0,301896.75,4.0,,,1.0,5.0,,,,,,3.0,11.214285714285714,,,,,,283.6666666666667,257.85714285714283,,,,,,284.0,279.0,,,,,,105577.0,100662.85714285714,,,,,,92645.0,92001.0,,,,0,0,0,0
2024,1,17.247560975609755,17.1,17.4,39.02439024390244,34.0,46.0,1017.2317073170732,1017.0,1017.6,False,22.098780487804877,21.1,23.4,82.76829268292683,2.2817073170731708,3.5,GAS,36619.40909090909,29615.0,46720.96,39147.0,26365.76,23033.0,91951.0,385596.3333333333,3.0,,,,4.0,,,,,,,9.0,,,,,,,254.42105263157896,,,,,,,282.0,,,,,,,107142.26315789473,,,,,,,91951.0,,,,0,0,0,0
2024,1,17.247560975609755,17.1,17.4,39.02439024390244,34.0,46.0,1017.2317073170732,1017.0,1017.6,False,22.098780487804877,21.1,23.4,82.76829268292683,2.2817073170731708,3.5,HAM,35130.77272727273,29037.0,45675.64,38734.0,26565.48,22603.0,90374.0,398449.6666666667,3.0,,,,4.0,,,,,,,10.0,,,,,,,260.88235294117646,,,,,,,284.0,,,,,,,99168.64705882352,,,,,,,90374.0,,,,0,0,0,0
2024,1,17.247560975609755,17.1,17.4,39.02439024390244,34.0,46.0,1017.2317073170732,1017.0,1017.6,False,22.098780487804877,21.1,23.4,82.76829268292683,2.2817073170731708,3.5,HUL,34790.35,29105.0,45526.47826086957,39074.0,26521.130434782608,22705.0,90884.0,718034.5,2.0,,,,3.0,,,,,,,8.6875,,,,,,,263.375,,,,,,,285.0,,,,,,,100097.375,,,,,,,90884.0,,,,0,0,0,0
2024,1,17.247560975609755,17.1,17.4,39.02439024390244,34.0,46.0,1017.2317073170732,1017.0,1017.6,False,22.098780487804877,21.1,23.4,82.76829268292683,2.2817073170731708,3.5,LEC,36707.739130434784,29331.0,46678.346153846156,38920.0,27697.076923076922,22700.0,91113.0,319216.3333333333,3.0,,,,4.0,,,,,,,10.166666666666666,,,,,,,260.05555555555554,,,,,,,284.0,,,,,,,102855.38888888889,,,,,,,91113.0,,,,0,0,0,0
2024,1,17.247560975609755,17.1,17.4,39.02439024390244,34.0,46.0,1017.2317073170732,1017.0,1017.6,False,22.098780487804877,21.1,23.4,82.76829268292683,2.2817073170731708,3.5,MAG,35834.666666666664,29382.0,46824.62962962963,39194.0,27379.444444444445,23079.0,91764.0,447546.5000000001,2.0,,,,3.0,,,,,,,10.35,,,,,,,265.45,,,,,,,285.0,,,,,,,103806.3,,,,,,,91764.0,,,,0,0,0,0
2024,1,17.247560975609755,17.1,17.4,39.02439024390244,34.0,46.0,1017.2317073170732,1017.0,1017.6,False,22.098780487804877,21.1,23.4,82.76829268292683,2.2817073170731708,3.5,NOR,35490.22727272727,29347.0,44990.44,39221.0,26185.08,23345.0,92608.0,390605.3333333333,3.0,,,4.0,3.0,,,,,,5.0,9.333333333333334,,,,,,246.83333333333334,270.3333333333333,,,,,,280.0,281.0,,,,,,116650.0,96709.33333333333,,,,,,92900.0,92608.0,,,,0,0,0,0
2024,1,17.247560975609755,17.1,17.4,39.02439024390244,34.0,46.0,1017.2317073170732,1017.0,1017.6,False,22.098780487804877,21.1,23.4,82.76829268292683,2.2817073170731708,3.5,OCO,36721.27272727273,29591.0,48306.56,39278.0,26742.0,23031.0,92027.0,521222.5,2.0,,,,3.0,,,,,,,9.333333333333334,,,,,,,256.72222222222223,,,,,,,283.0,,,,,,,105986.27777777778,,,,,,,92027.0,,,,0,0,0,0
2024,1,17.247560975609755,17.1,17.4,39.02439024390244,34.0,46.0,1017.2317073170732,1017.0,1017.6,False,22.098780487804877,21.1,23.4,82.76829268292683,2.2817073170731708,3.5,PER,36068.86956521739,29192.0,44742.57692307692,39047.0,25888.346153846152,22858.0,91115.0,363379.6666666667,3.0,,,,4.0,,,,,,,10.5,,,,,,,262.94444444444446,,,,,,,282.0,,,,,,,98091.83333333333,,,,,,,91115.0,,,,0,0,0,0
2024,1,17.247560975609755,17.1,17.4,39.02439024390244,34.0,46.0,1017.2317073170732,1017.0,1017.6,False,22.098780487804877,21.1,23.4,82.76829268292683,2.2817073170731708,3.5,PIA,34476.416666666664,29266.0,44582.88888888889,38665.0,25622.222222222223,22853.0,90784.0,357227.0,3.0,,,4.0,3.0,,,,,,6.0,9.333333333333334,,,,,,257.125,276.0,,,,,,285.0,284.0,,,,,,110478.125,96360.91666666667,,,,,,93025.0,90784.0,,,,0,0,0,0
2024,1,17.247560975609755,17.1,17.4,39.02439024390244,34.0,46.0,1017.2317073170732,1017.0,1017.6,False,22.098780487804877,21.1,23.4,82.76829268292683,2.2817073170731708,3.5,RIC,34235.086956521736,29345.0,45151.769230769234,39353.0,26325.80769230769,22779.0,91516.0,508654.5,2.0,,,1.0,3.0,,,,,,3.0,11.529411764705882,,,,,,284.3333333333333,259.29411764705884,,,,,,285.0,285.0,,,,,,107281.0,101969.64705882352,,,,,,92785.0,91516.0,,,,0,0,0,0
2024,1,17.247560975609755,17.1,17.4,39.02439024390244,34.0,46.0,1017.2317073170732,1017.0,1017.6,False,22.098780487804877,21.1,23.4,82.76829268292683,2.2817073170731708,3.5,RUS,37412.95,29081.0,47737.65217391304,38923.0,26271.91304347826,22576.0,90580.0,370592.6666666667,3.0,,,,4.0,,,,,,,7.866666666666666,,,,,,,276.6666666666667,,,,,,,284.0,,,,,,,102771.13333333333,,,,,,,90580.0,,,,0,0,0,0
2024,1,17.247560975609755,17.1,17.4,39.02439024390244,34.0,46.0,1017.2317073170732,1017.0,1017.6,False,22.098780487804877,21.1,23.4,82.76829268292683,2.2817073170731708,3.5,SAI,38499.90909090909,29353.0,47205.48,38705.0,27560.28,22711.0,90769.0,267197.25,4.0,,,,5.0,,,,,,,10.1875,,,,,,,261.8125,,,,,,,282.0,,,,,,,103495.0,,,,,,,90769.0,,,,0,0,0,0
2024,1,17.247560975609755,17.1,17.4,39.02439024390244,34.0,46.0,1017.2317073170732,1017.0,1017.6,False,22.098780487804877,21.1,23.4,82.76829268292683,2.2817073170731708,3.5,SAR,36930.391304347824,29471.0,45322.40740740741,39142.0,27386.777777777777,22925.0,91715.0,198602.0,5.0,,,1.0,6.0,,,,,,3.0,7.4,,,,,,284.6666666666667,262.8666666666667,,,,,,286.0,282.0,,,,,,103871.0,106188.53333333334,,,,,,92610.0,91715.0,,,,0,0,0,0
2024,1,17.247560975609755,17.1,17.4,39.02439024390244,34.0,46.0,1017.2317073170732,1017.0,1017.6,False,22.098780487804877,21.1,23.4,82.76829268292683,2.2817073170731708,3.5,STR,35679.913043478264,29135.0,45961.61538461538,38939.0,26728.80769230769,22817.0,90891.0,418912.5,2.0,,,,3.0,,,,,,,8.5,,,,,,,263.05,,,,,,,282.0,,,,,,,105618.85,,,,,,,90891.0,,,,0,0,0,0
2024,1,17.247560975609755,17.1,17.4,39.02439024390244,34.0,46.0,1017.2317073170732,1017.0,1017.6,False,22.098780487804877,21.1,23.4,82.76829268292683,2.2817073170731708,3.5,TSU,34841.346153846156,29367.0,46749.31034482759,39472.0,26582.379310344826,22948.0,91881.0,354702.5,2.0,,,1.0,3.0,,,,,,4.5,12.0625,,,,,,281.1666666666667,263.25,,,,,,288.0,284.0,,,,,,112875.5,101601.875,,,,,,92884.0,91881.0,,,,0,0,0,0
2024,1,17.247560975609755,17.1,17.4,39.02439024390244,34.0,46.0,1017.2317073170732,1017.0,1017.6,False,22.098780487804877,21.1,23.4,82.76829268292683,2.2817073170731708,3.5,VER,34702.72727272727,29131.0,44532.24,38834.0,26925.04,22843.0,90851.0,394974.5000000001,2.0,,,,3.0,,,,,,,9.666666666666666,,,,,,,261.77777777777777,,,,,,,283.0,,,,,,,100211.22222222222,,,,,,,90851.0,,,,0,0,0,0
2024,1,17.247560975609755,17.1,17.4,39.02439024390244,34.0,46.0,1017.2317073170732,1017.0,1017.6,False,22.098780487804877,21.1,23.4,82.76829268292683,2.2817073170731708,3.5,ZHO,37840.76,29664.0,46274.82142857143,39309.0,27429.571428571428,23033.0,92048.0,220342.75,4.0,,,1.0,5.0,,,,,,3.0,12.25,,,,,,281.6666666666667,257.625,,,,,,283.0,280.0,,,,,,108625.0,102732.5625,,,,,,92904.0,92048.0,,,,0,0,0,0
2024,2,25.370967741935484,25.2,25.6,59.784946236559136,58.0,63.0,1013.7204301075269,1013.2,1014.1,False,30.596774193548388,29.2,31.5,92.86021505376344,2.4010752688172046,4.1,ALB,40808.56,32573.999999999996,32862.78571428572,28428.0,32560.60714285714,28592.0,89789.0,306545.0,3.0,4.0,,,2.0,,,,11.736842105263158,,,3.0,,,,281.36842105263156,,,302.0,,,,307.0,,,302.0,,,,101631.68421052632,,,89847.0,,,,91181.0,,,89789.0,,,,0,0,0,1
2024,2,25.370967741935484,25.2,25.6,59.784946236559136,58.0,63.0,1013.7204301075269,1013.2,1014.1,False,30.596774193548388,29.2,31.5,92.86021505376344,2.4010752688172046,4.1,ALO,39381.84,32259.999999999996,32022.678571428572,28222.0,33254.642857142855,28345.0,88827.0,433506.5,2.0,,,3.0,2.0,,,,,,11.944444444444445,3.5,,,,,,280.22222222222223,304.0,,,,,,304.0,307.0,,,,,,99729.72222222222,111650.0,,,,,,89560.0,88827.0,,,,0,0,0,1
2024,2,25.370967741935484,25.2,25.6,59.784946236559136,58.0,63.0,1013.7204301075269,1013.2,1014.1,False,30.596774193548388,29.2,31.5,92.86021505376344,2.4010752688172046,4.1,BOT,42148.833333333336,33021.0,34551.51851851852,28457.0,34673.74074074074,28672.0,90153.0,327690.6666666667,3.0,4.0,,,2.0,,,,10.25,,,4.25,,,,278.5,,,295.75,,,,304.0,,,299.0,,,,104323.0,,,109416.75,,,,91545.0,,,90153.0,,,,0,0,0,1
2024,2,25.370967741935484,25.2,25.6,59.784946236559136,58.0,63.0,1013.7204301075269,1013.2,1014.1,False,30.596774193548388,29.2,31.5,92.86021505376344,2.4010752688172046,4.1,GAS,40074.692307692305,32661.0,33376.93103448276,28302.0,33494.862068965514,28565.0,89528.0,424769.49999999977,2.0,,,3.0,2.0,,,,,,11.294117647058824,4.5,,,,,,279.11764705882354,301.5,,,,,,304.0,306.0,,,,,,102854.29411764706,111736.0,,,,,,90490.0,89528.0,,,,0,0,0,1
2024,2,25.370967741935484,25.2,25.6,59.784946236559136,58.0,63.0,1013.7204301075269,1013.2,1014.1,False,30.596774193548388,29.2,31.5,92.86021505376344,2.4010752688172046,4.1,HAM,41335.555555555555,32741.999999999996,38300.545454545456,28328.0,35171.181818181816,28428.0,89504.0,437206.3333333333,3.0,,,4.0,2.0,,,,,,9.0,2.5,,,,,,268.6666666666667,305.5,,,,,,303.0,306.0,,,,,,101767.11111111111,103785.5,,,,,,90670.0,89504.0,,,,0,0,0,1
2024,2,25.370967741935484,25.2,25.6,59.784946236559136,58.0,63.0,1013.7204301075269,1013.2,1014.1,False,30.596774193548388,29.2,31.5,92.86021505376344,2.4010752688172046,4.1,HUL,40258.782608695656,32919.0,33298.846153846156,28535.0,34457.11538461538,28623.0,90077.0,355645.0,3.0,3.0,,,4.0,,,,10.2,,,2.0,,,,293.2,,,241.5,,,,303.0,,,307.0,,,,99917.4,,,109965.5,,,,91754.0,,,90077.0,,,,0,0,0,1
2024,2,25.370967741935484,25.2,25.6,59.784946236559136,58.0,63.0,1013.7204301075269,1013.2,1014.1,False,30.596774193548388,29.2,31.5,92.86021505376344,2.4010752688172046,4.1,LEC,41619.77272727273,32465.000000000004,33698.6,28327.0,35220.92,28388.0,89180.0,271688.0,4.0,,,5.0,4.0,,,,,,5.333333333333333,9.555555555555555,,,,,,255.0,288.3333333333333,,,,,,303.0,305.0,,,,,,108134.33333333333,93916.66666666667,,,,,,90035.0,89180.0,,,,0,0,0,1
2024,2,25.370967741935484,25.2,25.6,59.784946236559136,58.0,63.0,1013.7204301075269,1013.2,1014.1,False,30.596774193548388,29.2,31.5,92.86021505376344,2.4010752688172046,4.1,MAG,39486.90476190476,33025.0,33852.625,28343.0,35024.041666666664,28516.0,89985.0,613215.5,2.0,,,1.0,3.0,,,,,,3.0,11.142857142857142,,,,,,295.0,276.57142857142856,,,,,,297.0,306.0,,,,,,91796.5,98371.0,,,,,,90922.0,89985.0,,,,0,0,0,1
2024,2,25.370967741935484,25.2,25.6,59.784946236559136,58.0,63.0,1013.7204301075269,1013.2,1014.1,False,30.596774193548388,29.2,31.5,92.86021505376344,2.4010752688172046,4.1,NOR,40355.52631578947,32572.000000000004,34110.34782608696,28434.0,34605.086956521736,28691.0,89758.0,343376.75,4.0,5.0,,,3.0,,,,7.2,,,5.0,,,,273.1,,,298.25,,,,304.0,,,299.0,,,,104161.2,,,109549.0,,,,90160.0,,,89758.0,,,,0,0,0,1
2024,2,25.370967741935484,25.2,25.6,59.784946236559136,58.0,63.0,1013.7204301075269,1013.2,1014.1,False,30.596774193548388,29.2,31.5,92.86021505376344,2.4010752688172046,4.1,OCO,40779.208333333336,32597.0,33909.0,28501.0,34097.666666666664,28698.0,89901.0,465916.0,2.0,,,3.0,2.0,,,,,,10.333333333333334,4.5,,,,,,277.73333333333335,304.6666666666667,,,,,,304.0,307.0,,,,,,104122.33333333333,111925.5,,,,,,90595.0,89901.0,,,,0,0,0,1
2024,2,25.370967741935484,25.2,25.6,59.784946236559136,58.0,63.0,1013.7204301075269,1013.2,1014.1,False,30.596774193548388,29.2,31.5,92.86021505376344,2.4010752688172046,4.1,PER,39344.916666666664,32540.0,31703.555555555555,28330.0,33129.59259259259,28430.0,89300.0,375065.0,3.0,,,4.0,3.0,,,,,,13.11111111111111,2.0,,,,,,296.3333333333333,305.0,,,,,,307.0,305.0,,,,,,96606.33333333333,89300.0,,,,,,89887.0,89300.0,,,,0,0,0,1
2024,2,25.370967741935484,25.2,25.6,59.784946236559136,58.0,63.0,1013.7204301075269,1013.2,1014.1,False,30.596774193548388,29.2,31.5,92.86021505376344,2.4010752688172046,4.1,PIA,40024.13043478261,32461.0,32163.37037037037,28195.0,32473.814814814814,28607.0,89594.0,261527.0,4.0,,,4.0,5.0,,,,,,9.909090909090908,3.2857142857142856,,,,,,292.6363636363636,270.2857142857143,,,,,,306.0,305.0,,,,,,99532.45454545454,111349.71428571429,,,,,,90315.0,89594.0,,,,0,0,0,1
2024,2,25.370967741935484,25.2,25.6,59.784946236559136,58.0,63.0,1013.7204301075269,1013.2,1014.1,False,30.596774193548388,29.2,31.5,92.86021505376344,2.4010752688172046,4.1,RIC,39933.96153846154,32928.0,35291.89655172414,28428.0,35300.379310344826,28644.0,90088.0,296978.0,2.0,,,,3.0,,,,,,,9.19047619047619,,,,,,,278.5238095238095,,,,,,,306.0,,,,,,,104700.57142857143,,,,,,,90088.0,,,,0,0,0,1
2024,2,25.370967741935484,25.2,25.6,59.784946236559136,58.0,63.0,1013.7204301075269,1013.2,1014.1,False,30.596774193548388,29.2,31.5,92.86021505376344,2.4010752688172046,4.1,RUS,43087.380952380954,32569.000000000004,35801.583333333336,28116.0,35515.625,28372.0,89057.0,270833.25,4.0,,,5.0,3.0,,,,,,9.555555555555555,3.75,,,,,,297.44444444444446,304.5,,,,,,304.0,305.0,,,,,,103752.33333333333,109409.5,,,,,,89935.0,89057.0,,,,0,0,0,1
2024,2,25.370967741935484,25.2,25.6,59.784946236559136,58.0,63.0,1013.7204301075269,1013.2,1014.1,False,30.596774193548388,29.2,31.5,92.86021505376344,2.4010752688172046,4.1,SAI,43174.217391304344,32688.000000000004,37708.230769230766,28370.0,35613.653846153844,28387.0,89455.0,278797.6666666667,3.0,,,4.0,3.0,,,,,,9.583333333333334,5.2,,,,,,271.25,300.8,,,,,,301.0,304.0,,,,,,103073.33333333333,114738.0,,,,,,89665.0,89455.0,,,,0,0,0,1
2024,2,25.370967741935484,25.2,25.6,59.784946236559136,58.0,63.0,1013.7204301075269,1013.2,1014.1,False,30.596774193548388,29.2,31.5,92.86021505376344,2.4010752688172046,4.1,SAR,41207.625,32896.0,34149.59259259259,28462.0,35021.59259259259,28576.0,89934.0,297566.6666666667,3.0,,,4.0,2.0,,,,,,10.1875,3.0,,,,,,294.375,308.3333333333333,,,,,,309.0,313.0,,,,,,102980.6875,107112.66666666667,,,,,,90692.0,89934.0,,,,0,0,0,1
2024,2,25.370967741935484,25.2,25.6,59.784946236559136,58.0,63.0,1013.7204301075269,1013.2,1014.1,False,30.596774193548388,29.2,31.5,92.86021505376344,2.4010752688172046,4.1,STR,40677.333333333336,32378.0,33031.333333333336,28354.0,34624.25925925926,28604.0,89336.0,322138.6666666667,3.0,,,3.0,4.0,,,,,,9.785714285714286,5.2,,,,,,291.57142857142856,252.2,,,,,,304.0,304.0,,,,,,98967.0,113570.0,,,,,,90240.0,89336.0,,,,0,0,0,1
2024,2,25.370967741935484,25.2,25.6,59.784946236559136,58.0,63.0,1013.7204301075269,1013.2,1014.1,False,30.596774193548388,29.2,31.5,92.86021505376344,2.4010752688172046,4.1,TSU,41096.44,32604.0,33551.857142857145,28492.0,34754.642857142855,28570.0,89666.0,361085.5,2.0,,,,3.0,,,,,,,9.85,,,,,,,281.85,,,,,,,306.0,,,,,,,102320.0,,,,,,,89666.0,,,,0,0,0,1
2024,2,25.370967741935484,25.2,25.6,59.784946236559136,58.0,63.0,1013.7204301075269,1013.2,1014.1,False,30.596774193548388,29.2,31.5,92.86021505376344,2.4010752688172046,4.1,VER,41925.083333333336,32427.0,33985.88888888889,28340.0,33405.77777777778,28391.0,89158.0,310241.6666666667,3.0,,,4.0,3.0,,,,,,11.266666666666667,3.6666666666666665,,,,,,295.06666666666666,305.0,,,,,,308.0,305.0,,,,,,99935.13333333333,98286.0,,,,,,89543.0,89158.0,,,,0,0,0,1
2024,2,25.370967741935484,25.2,25.6,59.784946236559136,58.0,63.0,1013.7204301075269,1013.2,1014.1,False,30.596774193548388,29.2,31.5,92.86021505376344,2.4010752688172046,4.1,ZHO,40744.791666666664,32808.0,34645.148148148146,28328.0,33434.7037037037,28530.0,89777.0,491748.50000000023,2.0,,,3.0,2.0,,,,,,10.875,4.0,,,,,,275.6875,301.5,,,,,,298.0,305.0,,,,,,103936.375,103336.5,,,,,,91031.0,89777.0,,,,0,0,0,1
2024,3,20.157317073170734,20.0,20.4,56.926829268292686,55.0,58.0,1022.0512195121951,1021.8,1022.2,False,36.15731707317073,34.0,38.3,147.47560975609755,1.803658536585366,3.0,ALO,32563.16129032258,26905.0,19640.90322580645,17688.0,40505.857142857145,33262.0,77912.0,320635.6666666667,3.0,,,3.0,4.0,,,,,,10.277777777777779,5.222222222222222,,,,,,289.05555555555554,262.3333333333333,,,,,,306.0,305.0,,,,,,88102.55555555556,100147.11111111111,,,,,,78805.0,77912.0,,,,0,0,0,4
2024,3,20.157317073170734,20.0,20.4,56.926829268292686,55.0,58.0,1022.0512195121951,1021.8,1022.2,False,36.15731707317073,34.0,38.3,147.47560975609755,1.803658536585366,3.0,BOT,32670.129032258064,27025.0,19905.53125,17975.0,39996.862068965514,33568.0,78585.0,227559.5,4.0,,,5.0,4.0,,,,,,13.181818181818182,3.25,,,,,,276.0,296.5,,,,,,300.0,303.0,,,,,,89407.18181818182,100838.0,,,,,,79334.0,78585.0,,,,0,0,0,4
2024,3,20.157317073170734,20.0,20.4,56.926829268292686,55.0,58.0,1022.0512195121951,1021.8,1022.2,False,36.15731707317073,34.0,38.3,147.47560975609755,1.803658536585366,3.0,GAS,34000.90909090909,27227.0,20059.81818181818,17761.0,39927.13333333333,33665.0,78691.0,243557.33333333334,3.0,,,3.0,4.0,,,,,,11.0,4.75,,,,,,295.5,299.625,,,,,,305.0,306.0,,,,,,91447.1,91192.125,,,,,,78911.0,78691.0,,,,0,0,0,4
2024,3,20.157317073170734,20.0,20.4,56.926829268292686,55.0,58.0,1022.0512195121951,1021.8,1022.2,False,36.15731707317073,34.0,38.3,147.47560975609755,1.803658536585366,3.0,HAM,35564.47826086957,27250.0,22661.608695652172,17751.0,44646.26315789474,33597.0,78834.0,500172.0,3.0,,,4.0,2.0,,,,,,6.916666666666667,3.5,,,,,,296.1666666666667,287.5,,,,,,303.0,307.0,,,,,,101383.0,100744.0,,,,,,78861.0,78834.0,,,,0,0,0,4
2024,3,20.157317073170734,20.0,20.4,56.926829268292686,55.0,58.0,1022.0512195121951,1021.8,1022.2,False,36.15731707317073,34.0,38.3,147.47560975609755,1.803658536585366,3.0,HUL,33696.11111111111,27305.0,20535.85714285714,17846.0,40703.96,33551.0,78702.0,306608.75,4.0,,,4.0,5.0,,,,,,10.214285714285714,4.75,,,,,,288.42857142857144,251.125,,,,,,301.0,306.0,,,,,,87758.71428571429,98989.0,,,,,,79690.0,78702.0,,,,0,0,0,4
2024,3,20.157317073170734,20.0,20.4,56.926829268292686,55.0,58.0,1022.0512195121951,1021.8,1022.2,False,36.15731707317073,34.0,38.3,147.47560975609755,1.803658536585366,3.0,LEC,35999.46153846154,26687.0,21628.5,17601.0,41357.95652173913,32923.0,77277.0,376638.6666666667,3.0,,,4.0,3.0,,,,,,10.055555555555555,3.0,,,,,,271.1111111111111,301.5,,,,,,308.0,304.0,,,,,,96439.66666666667,97450.0,,,,,,77936.0,77277.0,,,,0,0,0,4
2024,3,20.157317073170734,20.0,20.4,56.926829268292686,55.0,58.0,1022.0512195121951,1021.8,1022.2,False,36.15731707317073,34.0,38.3,147.47560975609755,1.803658536585366,3.0,MAG,33733.77419354839,27060.0,20870.90322580645,17741.0,40388.92857142857,33677.0,79275.0,453574.5,2.0,,,3.0,2.0,,,,,,12.181818181818182,3.5,,,,,,282.22727272727275,285.8333333333333,,,,,,303.0,307.0,,,,,,93178.45454545454,100576.33333333333,,,,,,79275.0,79380.0,,,,0,0,0,4
2024,3,20.157317073170734,20.0,20.4,56.926829268292686,55.0,58.0,1022.0512195121951,1021.8,1022.2,False,36.15731707317073,34.0,38.3,147.47560975609755,1.803658536585366,3.0,NOR,33393.217391304344,27030.0,20220.478260869564,17690.0,40158.26315789474,33339.0,78155.0,440841.3333333333,3.0,,,4.0,3.0,,,,,,8.666666666666666,3.0,,,,,,273.6,302.25,,,,,,307.0,303.0,,,,,,93293.86666666667,91719.0,,,,,,78201.0,78155.0,,,,0,0,0,4
2024,3,20.157317073170734,20.0,20.4,56.926829268292686,55.0,58.0,1022.0512195121951,1021.8,1022.2,False,36.15731707317073,34.0,38.3,147.47560975609755,1.803658536585366,3.0,OCO,33995.65625,27253.0,20702.0,17738.0,39977.51724137931,33575.0,78705.0,440300.5,2.0,,,3.0,2.0,,,,,,11.1,4.5,,,,,,291.6,300.625,,,,,,304.0,305.0,,,,,,91411.8,94990.625,,,,,,79158.0,78705.0,,,,0,0,0,4
2024,3,20.157317073170734,20.0,20.4,56.926829268292686,55.0,58.0,1022.0512195121951,1021.8,1022.2,False,36.15731707317073,34.0,38.3,147.47560975609755,1.803658536585366,3.0,PER,33473.875,27053.0,21516.909090909092,17811.0,41081.7,33181.0,78090.0,193531.25,4.0,,,4.0,5.0,,,,,,11.0,5.7,,,,,,291.5625,284.1,,,,,,305.0,304.0,,,,,,88585.8125,97975.5,,,,,,78695.0,78090.0,,,,0,0,0,4
2024,3,20.157317073170734,20.0,20.4,56.926829268292686,55.0,58.0,1022.0512195121951,1021.8,1022.2,False,36.15731707317073,34.0,38.3,147.47560975609755,1.803658536585366,3.0,PIA,31718.58620689655,27034.0,19295.241379310344,17677.0,40076.269230769234,33291.0,78077.0,350599.3333333333,3.0,,,3.0,4.0,,,,,,9.764705882352942,4.428571428571429,,,,,,290.8235294117647,296.57142857142856,,,,,,304.0,303.0,,,,,,88046.70588235294,87696.85714285714,,,,,,79085.0,78077.0,,,,0,0,0,4
2024,3,20.157317073170734,20.0,20.4,56.926829268292686,55.0,58.0,1022.0512195121951,1021.8,1022.2,False,36.15731707317073,34.0,38.3,147.47560975609755,1.803658536585366,3.0,RIC,34990.03333333333,27036.0,21262.933333333334,17899.0,40270.42307692308,33599.0,78534.0,295816.0000000002,3.0,,,4.0,2.0,,,,,,11.80952380952381,3.0,,,,,,273.5238095238095,290.4,,,,,,301.0,303.0,,,,,,93646.71428571429,103600.4,,,,,,79210.0,78534.0,,,,0,0,0,4
2024,3,20.157317073170734,20.0,20.4,56.926829268292686,55.0,58.0,1022.0512195121951,1021.8,1022.2,False,36.15731707317073,34.0,38.3,147.47560975609755,1.803658536585366,3.0,RUS,35102.333333333336,26776.0,21231.708333333332,17716.0,40498.04761904762,33286.0,77951.0,647131.0,2.0,,,3.0,2.0,,,,,,8.6,3.5,,,,,,275.6,279.3333333333333,,,,,,304.0,305.0,,,,,,94213.2,98680.16666666667,,,,,,78745.0,77951.0,,,,0,0,0,4
2024,3,20.157317073170734,20.0,20.4,56.926829268292686,55.0,58.0,1022.0512195121951,1021.8,1022.2,False,36.15731707317073,34.0,38.3,147.47560975609755,1.803658536585366,3.0,SAI,36879.12,26828.0,21981.92,17742.0,41378.681818181816,33066.0,77707.0,364771.3333333333,3.0,,,4.0,3.0,,,,,,9.647058823529411,3.0,,,,,,282.94117647058823,301.25,,,,,,306.0,304.0,,,,,,96311.88235294117,99528.25,,,,,,78307.0,77707.0,,,,0,0,0,4
2024,3,20.157317073170734,20.0,20.4,56.926829268292686,55.0,58.0,1022.0512195121951,1021.8,1022.2,False,36.15731707317073,34.0,38.3,147.47560975609755,1.803658536585366,3.0,SAR,34165.391304347824,27119.0,20433.695652173912,17769.0,40003.65,33553.0,78578.0,309604.6666666667,3.0,,,1.0,4.0,,,,,,3.5,7.769230769230769,,,,,,300.3333333333333,292.61538461538464,,,,,,305.0,306.0,,,,,,100767.83333333333,92140.0,,,,,,79183.0,78578.0,,,,0,0,0,4
2024,3,20.157317073170734,20.0,20.4,56.926829268292686,55.0,58.0,1022.0512195121951,1021.8,1022.2,False,36.15731707317073,34.0,38.3,147.47560975609755,1.803658536585366,3.0,STR,33420.68965517241,26777.0,20677.0,17691.0,41323.07692307692,33193.0,77822.0,348587.0,3.0,,,3.0,4.0,,,,,,9.25,4.75,,,,,,289.375,300.625,,,,,,304.0,306.0,,,,,,89003.8125,96074.625,,,,,,78979.0,77822.0,,,,0,0,0,4
2024,3,20.157317073170734,20.0,20.4,56.926829268292686,55.0,58.0,1022.0512195121951,1021.8,1022.2,False,36.15731707317073,34.0,38.3,147.47560975609755,1.803658536585366,3.0,TSU,35468.37037037037,27101.0,22211.11111111111,17800.0,42623.458333333336,33287.0,78188.0,575493.5,2.0,,,3.0,2.0,,,,,,10.578947368421053,3.0,,,,,,270.2631578947368,301.75,,,,,,303.0,303.0,,,,,,98176.21052631579,97323.5,,,,,,79185.0,78188.0,,,,0,0,0,4
2024,3,20.157317073170734,20.0,20.4,56.926829268292686,55.0,58.0,1022.0512195121951,1021.8,1022.2,False,36.15731707317073,34.0,38.3,147.47560975609755,1.803658536585366,3.0,VER,33403.0,26839.0,21122.14285714286,17673.0,42660.333333333336,33043.0,77658.0,186126.33333333317,3.0,,,4.0,3.0,,,,,,7.461538461538462,3.0,,,,,,282.3076923076923,303.25,,,,,,303.0,305.0,,,,,,97059.61538461539,91583.0,,,,,,77981.0,77658.0,,,,0,0,0,4
2024,3,20.157317073170734,20.0,20.4,56.926829268292686,55.0,58.0,1022.0512195121951,1021.8,1022.2,False,36.15731707317073,34.0,38.3,147.47560975609755,1.803658536585366,3.0,ZHO,34173.375,27222.0,20098.46875,17826.0,42300.03448275862,33302.0,78421.0,206831.5,4.0,,,5.0,4.0,,,,,,12.136363636363637,3.8,,,,,,275.95454545454544,298.4,,,,,,299.0,304.0,,,,,,93450.45454545454,101121.2,,,,,,79423.0,78421.0,,,,0,0,0,4
2024,4,13.02093023255814,12.5,14.1,72.95348837209302,60.0,80.0,1013.4674418604651,1013.3,1013.7,True,16.75232558139535,16.2,18.1,157.5,1.0046511627906978,1.9,ALB,59205.0,41075.0,49956.6,46973.0,26388.0,20228.0,123821.0,684695.0,2.0,,3.0,,,,,,,4.0,,,,,,,63.0,,,,,,,63.0,,,,,,,123821.0,,,,,,,123821.0,,,,,,0,0,0,0
2024,4,13.02093023255814,12.5,14.1,72.95348837209302,60.0,80.0,1013.4674418604651,1013.3,1013.7,True,16.75232558139535,16.2,18.1,157.5,1.0046511627906978,1.9,BOT,62477.333333333336,39726.0,53938.28571428572,49828.0,26999.571428571428,21817.0,116059.0,306216.25,4.0,,,,5.0,,,,,,,1.5,,,,,,,163.0,,,,,,,247.0,,,,,,,129935.0,,,,,,,116059.0,,,,0,0,0,0
2024,4,13.02093023255814,12.5,14.1,72.95348837209302,60.0,80.0,1013.4674418604651,1013.3,1013.7,True,16.75232558139535,16.2,18.1,157.5,1.0046511627906978,1.9,HAM,48656.5,35724.0,48030.0,41449.0,22765.666666666668,18053.0,95226.0,2490555.0,1.0,,,,2.0,,,,,,,2.5,,,,,,,157.5,,,,,,,260.0,,,,,,,109751.0,,,,,,,95226.0,,,,0,0,0,0
2024,4,13.02093023255814,12.5,14.1,72.95348837209302,60.0,80.0,1013.4674418604651,1013.3,1013.7,True,16.75232558139535,16.2,18.1,157.5,1.0046511627906978,1.9,HUL,52342.666666666664,39796.0,46814.2,45075.0,24074.2,19986.0,109473.0,197368.0,1.0,,,,2.0,,,,,,,4.0,,,,,,,47.0,,,,,,,47.0,,,,,,,115179.0,,,,,,,115179.0,,,,0,0,0,0
2024,4,13.02093023255814,12.5,14.1,72.95348837209302,60.0,80.0,1013.4674418604651,1013.3,1013.7,True,16.75232558139535,16.2,18.1,157.5,1.0046511627906978,1.9,LEC,47487.333333333336,37038.0,47695.5,43266.0,24299.75,18456.0,98760.0,,,,,,1.0,,,,,,,2.5,,,,,,,170.5,,,,,,,259.0,,,,,,,115571.0,,,,,,,98760.0,,,,0,0,0,0
2024,4,13.02093023255814,12.5,14.1,72.95348837209302,60.0,80.0,1013.4674418604651,1013.3,1013.7,True,16.75232558139535,16.2,18.1,157.5,1.0046511627906978,1.9,MAG,67161.5,56304.0,63690.5,57065.0,29892.75,28146.0,,263598.0,1.0,,,,,,,,,,,,,,,,,,,,,,,,,,,,,,,,,,,,,,,,,,,0,0,0,0
2024,4,13.02093023255814,12.5,14.1,72.95348837209302,60.0,80.0,1013.4674418604651,1013.3,1013.7,True,16.75232558139535,16.2,18.1,157.5,1.0046511627906978,1.9,NOR,55513.5,36389.0,44101.666666666664,42165.0,21896.0,18750.0,104977.0,,,,,,1.0,,,,,,,2.0,,,,,,,105.0,,,,,,,105.0,,,,,,,104977.0,,,,,,,104977.0,,,,0,0,0,0
2024,4,13.02093023255814,12.5,14.1,72.95348837209302,60.0,80.0,1013.4674418604651,1013.3,1013.7,True,16.75232558139535,16.2,18.1,157.5,1.0046511627906978,1.9,OCO,63730.5,43766.0,50427.333333333336,48852.0,24111.666666666668,22158.0,119113.0,,,,,,1.0,,,,,,,2.0,,,,,,,70.0,,,,,,,70.0,,,,,,,119113.0,,,,,,,119113.0,,,,0,0,0,0
2024,4,13.02093023255814,12.5,14.1,72.95348837209302,60.0,80.0,1013.4674418604651,1013.3,1013.7,True,16.75232558139535,16.2,18.1,157.5,1.0046511627906978,1.9,PIA,43165.8,34616.0,45046.57142857143,41883.0,22082.714285714286,18226.0,94725.0,1518371.0,1.0,,,,2.0,,,,,,,3.5,,,,,,,213.75,,,,,,,261.0,,,,,,,100933.5,,,,,,,94725.0,,,,0,0,0,0
2024,4,13.02093023255814,12.5,14.1,72.95348837209302,60.0,80.0,1013.4674418604651,1013.3,1013.7,True,16.75232558139535,16.2,18.1,157.5,1.0046511627906978,1.9,RIC,47414.333333333336,36740.0,53764.11111111111,45453.0,26126.88888888889,19720.0,101913.0,923255.5,2.0,,3.0,,,,,,,4.0,,,,,,,200.5,,,,,,,252.0,,,,,,,113670.75,,,,,,,101913.0,,,,,,0,0,0,0
2024,4,13.02093023255814,12.5,14.1,72.95348837209302,60.0,80.0,1013.4674418604651,1013.3,1013.7,True,16.75232558139535,16.2,18.1,157.5,1.0046511627906978,1.9,SAI,56907.0,38596.0,47945.0,45952.0,24802.0,21832.0,112579.0,,,,,,1.0,,,,,,,2.0,,,,,,,74.0,,,,,,,74.0,,,,,,,112579.0,,,,,,,112579.0,,,,0,0,0,0
2024,4,13.02093023255814,12.5,14.1,72.95348837209302,60.0,80.0,1013.4674418604651,1013.3,1013.7,True,16.75232558139535,16.2,18.1,157.5,1.0046511627906978,1.9,TSU,47735.5,35839.0,53278.25,45384.0,24813.875,19723.0,100946.0,1199325.0,1.0,,2.0,,,,,,,4.0,,,,,,,212.0,,,,,,,252.0,,,,,,,116175.5,,,,,,,100946.0,,,,,,0,0,0,0
2024,4,13.02093023255814,12.5,14.1,72.95348837209302,60.0,80.0,1013.4674418604651,1013.3,1013.7,True,16.75232558139535,16.2,18.1,157.5,1.0046511627906978,1.9,ZHO,61890.333333333336,44308.0,53390.0,49096.0,26873.0,23592.0,123317.0,319472.9999999999,4.0,,,,5.0,,,,,,,1.5,,,,,,,168.0,,,,,,,234.0,,,,,,,136331.5,,,,,,,123317.0,,,,0,0,0,0
2024,7,24.379487179487178,24.0,24.7,33.94871794871795,29.0,36.0,1006.4525641025641,1006.2,1006.7,False,36.84230769230769,35.1,39.0,284.1923076923077,2.5230769230769234,4.6,ALB,32212.714285714286,24349.0,32631.565217391304,26685.0,31128.869565217392,25966.0,77135.0,205495.0,2.0,,,3.0,2.0,,,,,,10.75,1.5,,,,,,257.4375,275.5,,,,,,281.0,276.0,,,,,,91441.9375,106591.5,,,,,,77552.0,77135.0,,,,0,0,0,0
2024,7,24.379487179487178,24.0,24.7,33.94871794871795,29.0,36.0,1006.4525641025641,1006.2,1006.7,False,36.84230769230769,35.1,39.0,284.1923076923077,2.5230769230769234,4.6,ALO,30053.346153846152,24175.0,33123.48275862069,26562.0,31255.51724137931,26008.0,76838.0,547436.0,2.0,,,3.0,2.0,,,,,,11.294117647058824,4.5,,,,,,260.11764705882354,258.3333333333333,,,,,,276.0,280.0,,,,,,88551.64705882352,105208.66666666667,,,,,,77660.0,76838.0,,,,0,0,0,0
2024,7,24.379487179487178,24.0,24.7,33.94871794871795,29.0,36.0,1006.4525641025641,1006.2,1006.7,False,36.84230769230769,35.1,39.0,284.1923076923077,2.5230769230769234,4.6,BOT,30564.08,24425.0,31674.64285714286,26653.0,32492.464285714286,25856.0,77088.0,406102.3333333333,3.0,,,4.0,2.0,,,,,,10.705882352941176,4.0,,,,,,257.52941176470586,258.4,,,,,,277.0,278.0,,,,,,88680.5294117647,100412.2,,,,,,78107.0,77088.0,,,,0,0,0,0
2024,7,24.379487179487178,24.0,24.7,33.94871794871795,29.0,36.0,1006.4525641025641,1006.2,1006.7,False,36.84230769230769,35.1,39.0,284.1923076923077,2.5230769230769234,4.6,GAS,31439.41379310345,24484.0,32448.9375,26570.0,32036.84375,26005.0,77064.0,258586.0,3.0,3.0,,,4.0,,,,10.066666666666666,,,6.9,,,,267.26666666666665,,,230.7,,,,276.0,,,277.0,,,,89570.73333333334,,,102531.8,,,,77986.0,,,77064.0,,,,0,0,0,0
2024,7,24.379487179487178,24.0,24.7,33.94871794871795,29.0,36.0,1006.4525641025641,1006.2,1006.7,False,36.84230769230769,35.1,39.0,284.1923076923077,2.5230769230769234,4.6,HAM,34554.307692307695,24119.0,35779.275862068964,26411.0,33290.55172413793,25591.0,76297.0,230858.0,4.0,5.0,,,3.0,,,,9.6,,,4.4,,,,273.26666666666665,,,255.6,,,,276.0,,,279.0,,,,91459.13333333333,,,101738.8,,,,77402.0,,,76297.0,,,,0,0,0,0
2024,7,24.379487179487178,24.0,24.7,33.94871794871795,29.0,36.0,1006.4525641025641,1006.2,1006.7,False,36.84230769230769,35.1,39.0,284.1923076923077,2.5230769230769234,4.6,HUL,30489.541666666668,24391.0,31520.178571428572,26596.0,31171.071428571428,25828.0,76826.0,346485.0,4.0,,,4.0,5.0,,,,,,11.0,5.428571428571429,,,,,,274.25,234.14285714285714,,,,,,276.0,283.0,,,,,,85357.25,100558.28571428571,,,,,,78141.0,76826.0,,,,0,0,0,0
2024,7,24.379487179487178,24.0,24.7,33.94871794871795,29.0,36.0,1006.4525641025641,1006.2,1006.7,False,36.84230769230769,35.1,39.0,284.1923076923077,2.5230769230769234,4.6,LEC,31180.0,23926.0,33146.206896551725,26299.0,32957.24137931035,25662.0,75906.0,345702.00000000006,3.0,,,4.0,3.0,,,,,,11.944444444444445,4.25,,,,,,259.8333333333333,278.5,,,,,,278.0,281.0,,,,,,90190.72222222222,97719.5,,,,,,76677.0,75906.0,,,,0,0,0,0
2024,7,24.379487179487178,24.0,24.7,33.94871794871795,29.0,36.0,1006.4525641025641,1006.2,1006.7,False,36.84230769230769,35.1,39.0,284.1923076923077,2.5230769230769234,4.6,MAG,31076.137931034482,24597.0,31936.84375,26786.0,30948.6875,25746.0,77129.0,310423.0,3.0,4.0,,,3.0,,,,14.285714285714286,,,3.5,,,,263.57142857142856,,,251.25,,,,277.0,,,282.0,,,,87221.28571428571,,,110069.5,,,,79260.0,,,77129.0,,,,0,0,0,0
2024,7,24.379487179487178,24.0,24.7,33.94871794871795,29.0,36.0,1006.4525641025641,1006.2,1006.7,False,36.84230769230769,35.1,39.0,284.1923076923077,2.5230769230769234,4.6,NOR,29856.51851851852,23976.0,30930.8,26166.0,30850.9,25851.0,76980.0,350199.3333333333,3.0,,,3.0,4.0,,,,,,13.0,4.0,,,,,,275.15,213.0,,,,,,281.0,274.0,,,,,,87838.0,97853.0,,,,,,76980.0,80770.0,,,,0,0,0,0
2024,7,24.379487179487178,24.0,24.7,33.94871794871795,29.0,36.0,1006.4525641025641,1006.2,1006.7,False,36.84230769230769,35.1,39.0,284.1923076923077,2.5230769230769234,4.6,OCO,30820.821428571428,24429.0,32000.516129032258,26618.0,32544.58064516129,25890.0,77008.0,474632.0,2.0,3.0,,,2.0,,,,12.368421052631579,,,4.5,,,,255.31578947368422,,,248.0,,,,275.0,,,276.0,,,,90913.15789473684,,,106413.5,,,,78328.0,,,77008.0,,,,0,0,0,0
2024,7,24.379487179487178,24.0,24.7,33.94871794871795,29.0,36.0,1006.4525641025641,1006.2,1006.7,False,36.84230769230769,35.1,39.0,284.1923076923077,2.5230769230769234,4.6,PER,34082.86363636364,24262.0,34516.08,26356.0,34629.04,25934.0,76552.0,326126.5,4.0,,,5.0,4.0,,,,,,10.666666666666666,4.333333333333333,,,,,,251.83333333333334,247.0,,,,,,275.0,274.0,,,,,,90520.66666666667,99917.0,,,,,,76996.0,76552.0,,,,0,0,0,0
2024,7,24.379487179487178,24.0,24.7,33.94871794871795,29.0,36.0,1006.4525641025641,1006.2,1006.7,False,36.84230769230769,35.1,39.0,284.1923076923077,2.5230769230769234,4.6,PIA,31716.444444444445,23993.0,31234.133333333335,26304.0,31187.166666666668,25801.0,76098.0,236532.74999999977,4.0,4.0,,,5.0,,,,12.066666666666666,,,5.0,,,,276.26666666666665,,,231.0,,,,281.0,,,281.0,,,,83078.66666666667,,,100759.33333333333,,,,77414.0,,,76098.0,,,,0,0,0,0
2024,7,24.379487179487178,24.0,24.7,33.94871794871795,29.0,36.0,1006.4525641025641,1006.2,1006.7,False,36.84230769230769,35.1,39.0,284.1923076923077,2.5230769230769234,4.6,RIC,31374.758620689656,24430.0,32402.59375,26654.0,31028.6875,25748.0,76967.0,302039.0,3.0,,,4.0,3.0,,,,,,14.238095238095237,3.5,,,,,,256.23809523809524,243.75,,,,,,278.0,279.0,,,,,,89260.33333333333,103287.5,,,,,,77708.0,76967.0,,,,0,0,0,0
2024,7,24.379487179487178,24.0,24.7,33.94871794871795,29.0,36.0,1006.4525641025641,1006.2,1006.7,False,36.84230769230769,35.1,39.0,284.1923076923077,2.5230769230769234,4.6,RUS,32684.103448275862,24090.0,33728.3125,26298.0,31742.90625,25886.0,76311.0,268574.0,3.0,4.0,,,2.0,,,,11.578947368421053,,,5.0,,,,260.89473684210526,,,243.57142857142858,,,,279.0,,,280.0,,,,94463.1052631579,,,105488.0,,,,77251.0,,,76311.0,,,,0,0,0,0
2024,7,24.379487179487178,24.0,24.7,33.94871794871795,29.0,36.0,1006.4525641025641,1006.2,1006.7,False,36.84230769230769,35.1,39.0,284.1923076923077,2.5230769230769234,4.6,SAI,34703.96296296296,24039.0,33292.166666666664,26489.0,32852.5,25819.0,76423.0,219924.75,4.0,,,5.0,4.0,,,,,,12.625,4.8,,,,,,258.5625,253.4,,,,,,278.0,279.0,,,,,,87940.5,115343.4,,,,,,76680.0,76423.0,,,,0,0,0,0
2024,7,24.379487179487178,24.0,24.7,33.94871794871795,29.0,36.0,1006.4525641025641,1006.2,1006.7,False,36.84230769230769,35.1,39.0,284.1923076923077,2.5230769230769234,4.6,SAR,29794.15,24549.0,30666.090909090908,26979.0,30000.909090909092,26320.0,77848.0,197204.5,2.0,3.0,,,2.0,,,,10.6,,,1.5,,,,259.53333333333336,,,277.0,,,,280.0,,,279.0,,,,85690.66666666667,,,101748.0,,,,78393.0,,,77848.0,,,,0,0,0,0
2024,7,24.379487179487178,24.0,24.7,33.94871794871795,29.0,36.0,1006.4525641025641,1006.2,1006.7,False,36.84230769230769,35.1,39.0,284.1923076923077,2.5230769230769234,4.6,STR,30444.608695652172,24286.0,33400.38461538462,26601.0,31516.076923076922,26005.0,76991.0,667607.5,2.0,,,3.0,2.0,,,,,,9.384615384615385,5.0,,,,,,255.6153846153846,267.42857142857144,,,,,,275.0,278.0,,,,,,88100.69230769231,103619.28571428571,,,,,,78255.0,76991.0,,,,0,0,0,0
2024,7,24.379487179487178,24.0,24.7,33.94871794871795,29.0,36.0,1006.4525641025641,1006.2,1006.7,False,36.84230769230769,35.1,39.0,284.1923076923077,2.5230769230769234,4.6,TSU,31251.379310344826,24186.0,32376.6875,26425.0,31322.3125,25675.0,76286.0,410459.5,2.0,,,3.0,2.0,,,,,,13.863636363636363,3.5,,,,,,251.0,247.75,,,,,,277.0,279.0,,,,,,91468.5,105851.25,,,,,,76895.0,76286.0,,,,0,0,0,0
2024,7,24.379487179487178,24.0,24.7,33.94871794871795,29.0,36.0,1006.4525641025641,1006.2,1006.7,False,36.84230769230769,35.1,39.0,284.1923076923077,2.5230769230769234,4.6,VER,33366.2,23942.0,35102.86956521739,26654.0,33373.565217391304,25837.0,76447.0,758194.5,2.0,,,3.0,2.0,,,,,,9.384615384615385,3.6666666666666665,,,,,,241.0,274.6666666666667,,,,,,275.0,276.0,,,,,,94245.30769230769,110745.66666666667,,,,,,76734.0,76447.0,,,,0,0,0,0
2024,7,24.379487179487178,24.0,24.7,33.94871794871795,29.0,36.0,1006.4525641025641,1006.2,1006.7,False,36.84230769230769,35.1,39.0,284.1923076923077,2.5230769230769234,4.6,ZHO,31623.52,24429.0,31896.928571428572,26998.0,31152.25,26003.0,77606.0,398943.0,3.0,,,4.0,2.0,,,,,,10.588235294117647,3.5,,,,,,258.6470588235294,256.75,,,,,,275.0,278.0,,,,,,90789.0,97209.75,,,,,,78494.0,77606.0,,,,0,0,0,0
2024,8,20.76172839506173,20.2,21.3,66.44444444444444,63.0,70.0,1017.1432098765433,1016.8,1017.5,False,31.30246913580247,29.9,32.5,144.09876543209876,0.7901234567901234,1.7,ALB,22574.026315789473,18840.0,39174.89473684211,34180.0,24239.805555555555,19056.0,72257.0,169729.66666666666,3.0,,,4.0,3.0,,,,,,13.56,5.111111111111111,,,,,,251.68,263.77777777777777,,,,,,266.0,267.0,,,,,,83156.96,88768.66666666667,,,,,,73463.0,72257.0,,,,0,0,0,3
2024,8,20.76172839506173,20.2,21.3,66.44444444444444,63.0,70.0,1017.1432098765433,1016.8,1017.5,False,31.30246913580247,29.9,32.5,144.09876543209876,0.7901234567901234,1.7,ALO,22186.594594594593,18683.0,39257.86486486487,33823.0,24546.352941176472,19119.0,71753.0,236698.33333333334,3.0,,,4.0,3.0,,,,,,12.521739130434783,5.9,,,,,,253.7826086956522,264.2,,,,,,269.0,270.0,,,,,,84043.52173913043,87530.6,,,,,,73015.0,71753.0,,,,0,0,0,3
2024,8,20.76172839506173,20.2,21.3,66.44444444444444,63.0,70.0,1017.1432098765433,1016.8,1017.5,False,31.30246913580247,29.9,32.5,144.09876543209876,0.7901234567901234,1.7,BOT,22844.322580645163,19237.0,40997.709677419356,34474.0,24945.785714285714,19297.0,73057.0,522806.5,2.0,,,3.0,,,,,,,7.785714285714286,,,,,,,256.64285714285717,,,,,,,267.0,,,,,,,88623.46428571429,,,,,,,73057.0,,,,,0,0,0,3
2024,8,20.76172839506173,20.2,21.3,66.44444444444444,63.0,70.0,1017.1432098765433,1016.8,1017.5,False,31.30246913580247,29.9,32.5,144.09876543209876,0.7901234567901234,1.7,GAS,23253.8,18935.0,39838.94285714286,34160.0,24242.90625,19315.0,72750.0,383733.0,2.0,,,3.0,2.0,,,,,,11.428571428571429,6.0,,,,,,252.76190476190476,243.1818181818182,,,,,,265.0,266.0,,,,,,85724.38095238095,91129.09090909091,,,,,,73279.0,72750.0,,,,0,0,0,3
2024,8,20.76172839506173,20.2,21.3,66.44444444444444,63.0,70.0,1017.1432098765433,1016.8,1017.5,False,31.30246913580247,29.9,32.5,144.09876543209876,0.7901234567901234,1.7,HAM,23238.90625,18667.0,41659.25,33838.0,24227.44827586207,18961.0,71466.0,517578.5,2.0,,,3.0,2.0,,,,,,12.0,10.5,,,,,,253.13636363636363,265.8333333333333,,,,,,266.0,268.0,,,,,,84225.27272727272,95915.66666666667,,,,,,72530.0,71466.0,,,,0,0,0,3
2024,8,20.76172839506173,20.2,21.3,66.44444444444444,63.0,70.0,1017.1432098765433,1016.8,1017.5,False,31.30246913580247,29.9,32.5,144.09876543209876,0.7901234567901234,1.7,HUL,23155.676470588234,19051.0,40312.970588235294,34251.0,23710.225806451614,19193.0,72569.0,313330.0,3.0,,,3.0,4.0,,,,,,9.588235294117647,7.230769230769231,,,,,,257.47058823529414,238.53846153846155,,,,,,268.0,270.0,,,,,,82754.88235294117,90617.92307692308,,,,,,73642.0,72569.0,,,,0,0,0,3
2024,8,20.76172839506173,20.2,21.3,66.44444444444444,63.0,70.0,1017.1432098765433,1016.8,1017.5,False,31.30246913580247,29.9,32.5,144.09876543209876,0.7901234567901234,1.7,LEC,22034.567567567567,18468.0,39155.89189189189,33670.0,24715.882352941175,18866.0,71278.0,199145.0,3.0,,,4.0,3.0,,,,,,12.0,6.363636363636363,,,,,,247.1818181818182,265.3636363636364,,,,,,269.0,270.0,,,,,,84606.68181818182,85609.54545454546,,,,,,71573.0,71278.0,,,,0,0,0,3
2024,8,20.76172839506173,20.2,21.3,66.44444444444444,63.0,70.0,1017.1432098765433,1016.8,1017.5,False,31.30246913580247,29.9,32.5,144.09876543209876,0.7901234567901234,1.7,MAG,22823.16129032258,18990.0,39095.67741935484,34099.0,23479.785714285714,19384.0,72473.0,594282.0,2.0,,,1.0,3.0,,,,,,5.0,10.473684210526315,,,,,,253.22222222222223,242.89473684210526,,,,,,267.0,270.0,,,,,,83254.77777777778,85819.05263157895,,,,,,73729.0,72473.0,,,,0,0,0,3
2024,8,20.76172839506173,20.2,21.3,66.44444444444444,63.0,70.0,1017.1432098765433,1016.8,1017.5,False,31.30246913580247,29.9,32.5,144.09876543209876,0.7901234567901234,1.7,NOR,22518.942857142858,18849.0,38519.31428571429,33861.0,23845.5625,19221.0,71953.0,273147.0,3.0,,,3.0,4.0,,,,,,11.571428571428571,9.8,,,,,,257.5238095238095,234.3,,,,,,264.0,266.0,,,,,,81058.61904761905,91205.1,,,,,,73031.0,71953.0,,,,0,0,0,3
2024,8,20.76172839506173,20.2,21.3,66.44444444444444,63.0,70.0,1017.1432098765433,1016.8,1017.5,False,31.30246913580247,29.9,32.5,144.09876543209876,0.7901234567901234,1.7,OCO,22394.617647058825,19002.0,38754.67647058824,34235.0,23189.354838709678,19257.0,72554.0,447002.5,2.0,,,3.0,2.0,,,,,,9.944444444444445,7.0,,,,,,244.05555555555554,261.53846153846155,,,,,,266.0,265.0,,,,,,82347.38888888889,86114.07692307692,,,,,,73567.0,72554.0,,,,0,0,0,3
2024,8,20.76172839506173,20.2,21.3,66.44444444444444,63.0,70.0,1017.1432098765433,1016.8,1017.5,False,31.30246913580247,29.9,32.5,144.09876543209876,0.7901234567901234,1.7,PER,22829.612903225807,18962.0,39264.709677419356,33928.0,24316.321428571428,19173.0,72099.0,373268.0,3.0,,,4.0,3.0,,,,,,10.526315789473685,4.875,,,,,,245.1578947368421,252.875,,,,,,266.0,266.0,,,,,,83581.84210526316,88744.375,,,,,,73385.0,72099.0,,,,0,0,0,3
2024,8,20.76172839506173,20.2,21.3,66.44444444444444,63.0,70.0,1017.1432098765433,1016.8,1017.5,False,31.30246913580247,29.9,32.5,144.09876543209876,0.7901234567901234,1.7,PIA,22122.342857142856,18909.0,38622.94285714286,34113.0,25119.5625,19160.0,72366.0,214273.25,4.0,5.0,,4.0,,,,,6.666666666666667,,11.166666666666666,,,,,248.0,,258.3888888888889,,,,,266.0,,268.0,,,,,87716.33333333333,,80412.94444444444,,,,,72950.0,,72366.0,,,,,0,0,0,3
2024,8,20.76172839506173,20.2,21.3,66.44444444444444,63.0,70.0,1017.1432098765433,1016.8,1017.5,False,31.30246913580247,29.9,32.5,144.09876543209876,0.7901234567901234,1.7,RIC,22719.88888888889,19085.0,39966.88888888889,34160.0,24224.382352941175,19193.0,72577.0,313964.5,2.0,1.0,,3.0,,,,,6.5,,12.045454545454545,,,,,258.9166666666667,,245.6818181818182,,,,,266.0,,266.0,,,,,88736.25,,86106.5,,,,,73795.0,,72577.0,,,,,0,0,0,3
2024,8,20.76172839506173,20.2,21.3,66.44444444444444,63.0,70.0,1017.1432098765433,1016.8,1017.5,False,31.30246913580247,29.9,32.5,144.09876543209876,0.7901234567901234,1.7,RUS,23197.366666666665,18775.0,40477.4,34142.0,25608.23076923077,19284.0,72260.0,316061.0,4.0,,,5.0,3.0,,,,,,9.941176470588236,10.5,,,,,,238.23529411764707,268.0,,,,,,268.0,271.0,,,,,,86425.64705882352,90377.75,,,,,,73249.0,72260.0,,,,0,0,0,3
2024,8,20.76172839506173,20.2,21.3,66.44444444444444,63.0,70.0,1017.1432098765433,1016.8,1017.5,False,31.30246913580247,29.9,32.5,144.09876543209876,0.7901234567901234,1.7,SAI,23774.055555555555,18833.0,43071.666666666664,33853.0,24726.090909090908,19078.0,71962.0,185218.66666666666,3.0,,,4.0,3.0,,,,,,12.772727272727273,5.5,,,,,,254.3181818181818,266.9,,,,,,268.0,269.0,,,,,,89021.54545454546,97872.0,,,,,,72738.0,71962.0,,,,0,0,0,3
2024,8,20.76172839506173,20.2,21.3,66.44444444444444,63.0,70.0,1017.1432098765433,1016.8,1017.5,False,31.30246913580247,29.9,32.5,144.09876543209876,0.7901234567901234,1.7,SAR,22529.277777777777,19039.0,39009.61111111111,34350.0,24211.15625,19333.0,72790.0,168770.20000000004,5.0,,,5.0,6.0,,,,,,11.8,5.555555555555555,,,,,,257.25,262.77777777777777,,,,,,266.0,268.0,,,,,,80863.4,81895.77777777778,,,,,,73808.0,72790.0,,,,0,0,0,3
2024,8,20.76172839506173,20.2,21.3,66.44444444444444,63.0,70.0,1017.1432098765433,1016.8,1017.5,False,31.30246913580247,29.9,32.5,144.09876543209876,0.7901234567901234,1.7,STR,23602.227272727272,18821.0,42439.5,33902.0,23719.95,19233.0,72062.0,383371.0,1.0,,,1.0,2.0,,,,,,6.0,5.0,,,,,,265.1818181818182,265.8888888888889,,,,,,268.0,271.0,,,,,,86972.72727272728,94621.88888888889,,,,,,73184.0,72062.0,,,,0,0,0,3
2024,8,20.76172839506173,20.2,21.3,66.44444444444444,63.0,70.0,1017.1432098765433,1016.8,1017.5,False,31.30246913580247,29.9,32.5,144.09876543209876,0.7901234567901234,1.7,TSU,23328.166666666668,19028.0,39663.583333333336,34024.0,24482.333333333332,19274.0,72349.0,334874.0,2.0,1.0,,3.0,,,,,6.5,,11.523809523809524,,,,,254.58333333333334,,241.38095238095238,,,,,264.0,,266.0,,,,,86875.08333333333,,87192.85714285714,,,,,73346.0,,72349.0,,,,,0,0,0,3
2024,8,20.76172839506173,20.2,21.3,66.44444444444444,63.0,70.0,1017.1432098765433,1016.8,1017.5,False,31.30246913580247,29.9,32.5,144.09876543209876,0.7901234567901234,1.7,VER,21674.243243243243,18690.0,37903.64864864865,34010.0,25229.941176470587,19045.0,71813.0,153350.8,5.0,6.0,,,4.0,,,,13.375,,,5.285714285714286,,,,244.5,,,257.14285714285717,,,,265.0,,,265.0,,,,83821.375,,,82026.14285714286,,,,72723.0,,,71813.0,,,,0,0,0,3
2024,8,20.76172839506173,20.2,21.3,66.44444444444444,63.0,70.0,1017.1432098765433,1016.8,1017.5,False,31.30246913580247,29.9,32.5,144.09876543209876,0.7901234567901234,1.7,ZHO,23834.125,19460.0,40474.0625,34755.0,25292.379310344826,19558.0,73773.0,307005.6666666667,3.0,,,4.0,,,,,,,9.642857142857142,,,,,,,252.39285714285714,,,,,,,272.0,,,,,,,88412.0,,,,,,,73773.0,,,,,0,0,0,3
2024,9,18.99625,18.1,19.6,68.5,64.0,72.0,999.23375,998.8,999.7,True,25.54625,23.8,27.1,151.95,1.2925,2.9,ALB,26855.454545454544,21643.0,29439.545454545456,24179.0,36724.68421052631,30790.0,76977.0,537979.0,2.0,,3.0,,1.0,,,,,5.222222222222222,,5.5,,,,,250.77777777777777,,282.4,,,,,275.0,,296.0,,,,,98936.33333333333,,84392.9,,,,,86014.0,,76977.0,,,,0,0,0,5
2024,9,18.99625,18.1,19.6,68.5,64.0,72.0,999.23375,998.8,999.7,True,25.54625,23.8,27.1,151.95,1.2925,2.9,ALO,26993.8,21543.0,28509.4,24061.0,37153.95238095238,30175.0,75810.0,516774.0,3.0,,4.0,,2.0,,,,,5.875,,8.0,,,,,238.375,,283.61538461538464,,,,,273.0,,293.0,,,,,102689.125,,84784.23076923077,,,,,86716.0,,75810.0,,,,0,0,0,5
2024,9,18.99625,18.1,19.6,68.5,64.0,72.0,999.23375,998.8,999.7,True,25.54625,23.8,27.1,151.95,1.2925,2.9,BOT,26451.47619047619,21871.0,29941.0,24719.0,38540.72222222222,30945.0,77817.0,528335.0,2.0,,3.0,,2.0,,,,,12.0,,5.0,,,,,247.27272727272728,,287.57142857142856,,,,,273.0,,293.0,,,,,99903.81818181818,,85361.71428571429,,,,,85628.0,,77817.0,,,,0,0,0,5
2024,9,18.99625,18.1,19.6,68.5,64.0,72.0,999.23375,998.8,999.7,True,25.54625,23.8,27.1,151.95,1.2925,2.9,GAS,26593.115384615383,22990.0,28946.846153846152,25662.0,36756.391304347824,31690.0,80789.0,706873.5,2.0,,3.0,,2.0,,,,,10.5,,6.2727272727272725,,,,,255.08333333333334,,277.8181818181818,,,,,275.0,,287.0,,,,,94808.58333333333,,89352.45454545454,,,,,86541.0,,80789.0,,,,0,0,0,5
2024,9,18.99625,18.1,19.6,68.5,64.0,72.0,999.23375,998.8,999.7,True,25.54625,23.8,27.1,151.95,1.2925,2.9,HAM,25771.14814814815,21535.0,27738.037037037036,23818.0,37552.217391304344,31056.0,76908.0,488118.3333333333,3.0,,4.0,,2.0,,,,,12.125,,8.866666666666667,,,,,250.0,,281.6666666666667,,,,,275.0,,294.0,,,,,98069.125,,86719.6,,,,,84952.0,,76908.0,,,,0,0,0,5
2024,9,18.99625,18.1,19.6,68.5,64.0,72.0,999.23375,998.8,999.7,True,25.54625,23.8,27.1,151.95,1.2925,2.9,HUL,26218.05,21545.0,29443.4,25145.0,38835.117647058825,31213.0,77903.0,624656.0,2.0,,3.0,,2.0,,,,,5.5,,4.857142857142857,,,,,243.2,,281.14285714285717,,,,,275.0,,287.0,,,,,98697.7,,87922.71428571429,,,,,86712.0,,77903.0,,,,0,0,0,5
2024,9,18.99625,18.1,19.6,68.5,64.0,72.0,999.23375,998.8,999.7,True,25.54625,23.8,27.1,151.95,1.2925,2.9,LEC,26345.708333333332,21833.0,29807.958333333332,24090.0,39004.6,30633.0,76556.0,513298.6666666665,3.0,,4.0,2.0,,,,,,10.75,6.5,,,,,,234.25,281.25,,,,,,273.0,291.0,,,,,,102728.25,87200.25,,,,,,85785.0,76556.0,,,,,0,0,0,5
2024,9,18.99625,18.1,19.6,68.5,64.0,72.0,999.23375,998.8,999.7,True,25.54625,23.8,27.1,151.95,1.2925,2.9,MAG,25710.4,21888.0,28609.0,24538.0,37939.769230769234,30347.0,76773.0,1866760.0,1.0,,2.0,,1.0,,,,,5.5,,8.0,,,,,190.5,,282.90909090909093,,,,,263.0,,295.0,,,,,129975.5,,84177.54545454546,,,,,114143.0,,76773.0,,,,0,0,0,5
2024,9,18.99625,18.1,19.6,68.5,64.0,72.0,999.23375,998.8,999.7,True,25.54625,23.8,27.1,151.95,1.2925,2.9,NOR,26158.85714285714,23117.0,29342.14285714286,25416.0,38945.333333333336,32310.000000000004,80843.0,648045.5,2.0,,3.0,2.0,,,,,,8.0,3.6,,,,,,261.0769230769231,280.0,,,,,,278.0,288.0,,,,,,96897.84615384616,88091.4,,,,,,84794.0,80843.0,,,,,0,0,0,5
2024,9,18.99625,18.1,19.6,68.5,64.0,72.0,999.23375,998.8,999.7,True,25.54625,23.8,27.1,151.95,1.2925,2.9,OCO,26234.1935483871,22035.0,28188.16129032258,24420.0,36615.17857142857,30910.0,77417.0,525343.5,2.0,,3.0,,2.0,,,,,7.5,,8.5,,,,,259.5,,280.42857142857144,,,,,276.0,,291.0,,,,,96840.28571428571,,83505.42857142857,,,,,86157.0,,77417.0,,,,0,0,0,5
2024,9,18.99625,18.1,19.6,68.5,64.0,72.0,999.23375,998.8,999.7,True,25.54625,23.8,27.1,151.95,1.2925,2.9,PER,25930.166666666668,21908.0,28819.57894736842,24478.0,38542.53333333333,30655.0,77041.0,717327.6666666666,3.0,,4.0,,3.0,,,,,11.0,,5.333333333333333,,,,,257.44444444444446,,285.8333333333333,,,,,274.0,,290.0,,,,,98367.0,,86284.83333333333,,,,,85769.0,,77041.0,,,,0,0,0,5
2024,9,18.99625,18.1,19.6,68.5,64.0,72.0,999.23375,998.8,999.7,True,25.54625,23.8,27.1,151.95,1.2925,2.9,PIA,26151.6,22363.0,28320.05,24599.0,36359.117647058825,31201.0,79008.0,765613.0,2.0,,3.0,2.0,,,,,,6.5,4.571428571428571,,,,,,258.7,282.14285714285717,,,,,,277.0,289.0,,,,,,96112.6,83712.71428571429,,,,,,85728.0,79008.0,,,,,0,0,0,5
2024,9,18.99625,18.1,19.6,68.5,64.0,72.0,999.23375,998.8,999.7,True,25.54625,23.8,27.1,151.95,1.2925,2.9,RIC,25589.304347826088,21539.0,29202.956521739132,24250.0,36907.8,30942.0,76731.0,574572.0,2.0,,3.0,,2.0,,,,,11.0,,5.666666666666667,,,,,249.0,,284.6666666666667,,,,,275.0,,291.0,,,,,95732.0,,83349.0,,,,,85509.0,,76731.0,,,,0,0,0,5
2024,9,18.99625,18.1,19.6,68.5,64.0,72.0,999.23375,998.8,999.7,True,25.54625,23.8,27.1,151.95,1.2925,2.9,RUS,25943.0,21571.0,28215.666666666668,24173.0,36714.05263157895,30321.0,76273.0,428236.5,4.0,,5.0,,3.0,,,,,10.444444444444445,,7.1,,,,,252.0,,281.6,,,,,276.0,,292.0,,,,,95295.44444444444,,85269.1,,,,,85152.0,,76273.0,,,,0,0,0,5
2024,9,18.99625,18.1,19.6,68.5,64.0,72.0,999.23375,998.8,999.7,True,25.54625,23.8,27.1,151.95,1.2925,2.9,SAI,25973.925925925927,21667.0,29274.037037037036,24712.0,37421.541666666664,31343.0,77722.0,711244.0,2.0,,3.0,2.0,,,,,,12.0,8.0,,,,,,262.1818181818182,283.3076923076923,,,,,,274.0,295.0,,,,,,97741.09090909091,86410.61538461539,,,,,,85423.0,77722.0,,,,,0,0,0,5
2024,9,18.99625,18.1,19.6,68.5,64.0,72.0,999.23375,998.8,999.7,True,25.54625,23.8,27.1,151.95,1.2925,2.9,SAR,27194.81818181818,22217.0,28933.81818181818,24505.0,37277.47368421053,30774.0,77496.0,562345.5,2.0,,3.0,,1.0,,,,,4.142857142857143,,6.0,,,,,263.85714285714283,,280.54545454545456,,,,,274.0,,291.0,,,,,97003.0,,83991.63636363637,,,,,86838.0,,77496.0,,,,0,0,0,5
2024,9,18.99625,18.1,19.6,68.5,64.0,72.0,999.23375,998.8,999.7,True,25.54625,23.8,27.1,151.95,1.2925,2.9,STR,26745.59259259259,21544.0,28661.037037037036,24267.0,38279.625,30556.0,76464.0,475650.3333333333,3.0,,4.0,,2.0,,,,,8.083333333333334,,7.0,,,,,265.5833333333333,,283.0,,,,,277.0,,292.0,,,,,97874.91666666667,,83168.81818181818,,,,,86444.0,,76464.0,,,,0,0,0,5
2024,9,18.99625,18.1,19.6,68.5,64.0,72.0,999.23375,998.8,999.7,True,25.54625,23.8,27.1,151.95,1.2925,2.9,TSU,25972.045454545456,22031.0,28657.636363636364,24301.0,37598.94736842105,30619.0,76951.0,643195.0,2.0,,3.0,,2.0,,,,,11.0,,5.25,,,,,260.3636363636364,,286.5,,,,,274.0,,297.0,,,,,95774.18181818182,,86337.375,,,,,85009.0,,76951.0,,,,0,0,0,5
2024,9,18.99625,18.1,19.6,68.5,64.0,72.0,999.23375,998.8,999.7,True,25.54625,23.8,27.1,151.95,1.2925,2.9,VER,24540.333333333332,22239.0,26842.25,24415.0,32108.0,31129.0,79311.0,983714.0,1.0,,,,2.0,,,,,,,2.5,,,,,,,277.0,,,,,,,278.0,,,,,,,83721.0,,,,,,,79311.0,,,,0,0,0,5
2024,9,18.99625,18.1,19.6,68.5,64.0,72.0,999.23375,998.8,999.7,True,25.54625,23.8,27.1,151.95,1.2925,2.9,ZHO,27955.941176470587,22577.0,30600.235294117647,24965.0,39882.5,31545.0,79087.0,859168.0,2.0,,3.0,,2.0,,,,,6.0,,3.0,,,,,264.77777777777777,,284.8,,,,,276.0,,290.0,,,,,101717.55555555556,,89948.0,,,,,87468.0,,79087.0,,,,0,0,0,5
2024,10,24.86543209876543,24.5,25.6,49.901234567901234,45.0,56.0,1004.4950617283952,1004.3,1004.7,False,43.05185185185185,41.2,44.2,205.08641975308643,1.8407407407407406,2.9,ALB,27737.967741935485,22100.0,36707.17647058824,30012.0,28561.147058823528,22695.0,74807.0,191658.75,4.0,4.0,,,5.0,,,,5.75,,,12.277777777777779,,,,272.5,,,256.94444444444446,,,,282.0,,,281.0,,,,92759.875,,,88941.0,,,,76272.0,,,74807.0,,,,0,0,0,0
2024,10,24.86543209876543,24.5,25.6,49.901234567901234,45.0,56.0,1004.4950617283952,1004.3,1004.7,False,43.05185185185185,41.2,44.2,205.08641975308643,1.8407407407407406,2.9,ALO,28960.96,21925.0,36495.857142857145,29583.0,29150.214285714286,22583.0,74091.0,400627.3333333333,3.0,,,3.0,4.0,,,,,,10.333333333333334,4.833333333333333,,,,,,276.0,229.0,,,,,,285.0,283.0,,,,,,86524.46666666666,100678.83333333333,,,,,,75969.0,74091.0,,,,0,0,0,0
2024,10,24.86543209876543,24.5,25.6,49.901234567901234,45.0,56.0,1004.4950617283952,1004.3,1004.7,False,43.05185185185185,41.2,44.2,205.08641975308643,1.8407407407407406,2.9,BOT,29276.555555555555,21911.0,35689.833333333336,29514.0,28904.5,22499.0,73924.0,272956.0,4.0,,,5.0,3.0,,,,,,12.25,3.6666666666666665,,,,,,260.2,283.3333333333333,,,,,,287.0,288.0,,,,,,88317.8,95991.66666666667,,,,,,75231.0,73924.0,,,,0,0,0,0
2024,10,24.86543209876543,24.5,25.6,49.901234567901234,45.0,56.0,1004.4950617283952,1004.3,1004.7,False,43.05185185185185,41.2,44.2,205.08641975308643,1.8407407407407406,2.9,GAS,29635.625,22001.0,37636.666666666664,29315.0,28484.037037037036,22127.0,73443.0,409953.0,3.0,,,4.0,3.0,,,,,,11.6875,3.5,,,,,,259.9375,253.0,,,,,,288.0,290.0,,,,,,89889.625,101220.75,,,,,,75228.0,73443.0,,,,0,0,0,0
2024,10,24.86543209876543,24.5,25.6,49.901234567901234,45.0,56.0,1004.4950617283952,1004.3,1004.7,False,43.05185185185185,41.2,44.2,205.08641975308643,1.8407407407407406,2.9,HAM,32261.44,21904.0,39309.42857142857,29195.0,29216.64285714286,22142.0,73264.0,233952.8,5.0,,,3.0,6.0,,,,,,4.666666666666667,12.0,,,,,,287.6666666666667,261.14285714285717,,,,,,288.0,286.0,,,,,,98271.66666666667,83502.07142857143,,,,,,74294.0,73264.0,,,,0,0,0,0
2024,10,24.86543209876543,24.5,25.6,49.901234567901234,45.0,56.0,1004.4950617283952,1004.3,1004.7,False,43.05185185185185,41.2,44.2,205.08641975308643,1.8407407407407406,2.9,HUL,27473.0,21871.0,36130.137931034486,29711.0,29150.206896551725,22471.0,74053.0,387943.0,3.0,,,3.0,4.0,,,,,,11.0,5.0,,,,,,276.375,231.16666666666666,,,,,,287.0,286.0,,,,,,86009.875,101689.5,,,,,,75862.0,74053.0,,,,0,0,0,0
2024,10,24.86543209876543,24.5,25.6,49.901234567901234,45.0,56.0,1004.4950617283952,1004.3,1004.7,False,43.05185185185185,41.2,44.2,205.08641975308643,1.8407407407407406,2.9,LEC,31383.0,21768.0,38316.318181818184,29412.0,30400.81818181818,22417.0,73597.0,415293.75,4.0,,,1.0,5.0,,,,,,3.0,8.8,,,,,,284.3333333333333,259.2,,,,,,288.0,292.0,,,,,,100812.66666666667,89017.0,,,,,,74821.0,73597.0,,,,0,0,0,0
2024,10,24.86543209876543,24.5,25.6,49.901234567901234,45.0,56.0,1004.4950617283952,1004.3,1004.7,False,43.05185185185185,41.2,44.2,205.08641975308643,1.8407407407407406,2.9,MAG,29377.724137931036,21930.0,39400.4375,29668.0,28633.09375,22423.0,74021.0,346254.0,2.0,,,1.0,3.0,,,,,,5.333333333333333,13.11111111111111,,,,,,264.3333333333333,264.55555555555554,,,,,,287.0,289.0,,,,,,102795.33333333333,87105.94444444444,,,,,,75373.0,74021.0,,,,0,0,0,0
2024,10,24.86543209876543,24.5,25.6,49.901234567901234,45.0,56.0,1004.4950617283952,1004.3,1004.7,False,43.05185185185185,41.2,44.2,205.08641975308643,1.8407407407407406,2.9,NOR,26979.535714285714,21929.0,34715.032258064515,29142.0,26733.225806451614,22248.0,73319.0,373800.0,3.0,,,4.0,3.0,,,,,,7.0,10.357142857142858,,,,,,251.7,277.7142857142857,,,,,,286.0,286.0,,,,,,92392.6,79678.78571428571,,,,,,74197.0,73319.0,,,,0,0,0,0
2024,10,24.86543209876543,24.5,25.6,49.901234567901234,45.0,56.0,1004.4950617283952,1004.3,1004.7,False,43.05185185185185,41.2,44.2,205.08641975308643,1.8407407407407406,2.9,OCO,29726.25925925926,22056.0,38759.933333333334,29531.0,29231.233333333334,22179.0,73766.0,458414.0,2.0,,,1.0,3.0,,,,,,5.0,11.411764705882353,,,,,,248.71428571428572,249.8235294117647,,,,,,286.0,291.0,,,,,,106032.0,92674.94117647059,,,,,,75106.0,73766.0,,,,0,0,0,0
2024,10,24.86543209876543,24.5,25.6,49.901234567901234,45.0,56.0,1004.4950617283952,1004.3,1004.7,False,43.05185185185185,41.2,44.2,205.08641975308643,1.8407407407407406,2.9,PER,28712.947368421053,22036.0,35776.47826086957,29747.0,29562.91304347826,22298.0,74081.0,415706.25,4.0,,,5.0,4.0,,,,,,12.0,2.0,,,,,,259.15384615384613,284.0,,,,,,288.0,284.0,,,,,,88392.53846153847,74081.0,,,,,,75460.0,74081.0,,,,0,0,0,0
2024,10,24.86543209876543,24.5,25.6,49.901234567901234,45.0,56.0,1004.4950617283952,1004.3,1004.7,False,43.05185185185185,41.2,44.2,205.08641975308643,1.8407407407407406,2.9,PIA,26484.958333333332,21801.0,34256.142857142855,29364.0,28243.535714285714,22457.0,73622.0,342028.25,4.0,5.0,,,4.0,,,,6.75,,,9.333333333333334,,,,252.75,,,276.4166666666667,,,,285.0,,,284.0,,,,89484.875,,,79516.25,,,,75118.0,,,73622.0,,,,0,0,0,0
2024,10,24.86543209876543,24.5,25.6,49.901234567901234,45.0,56.0,1004.4950617283952,1004.3,1004.7,False,43.05185185185185,41.2,44.2,205.08641975308643,1.8407407407407406,2.9,RIC,29515.576923076922,22035.0,36567.137931034486,29734.0,28045.0,22488.0,74257.0,271451.75,4.0,,,3.0,5.0,,,,,,11.294117647058824,5.0,,,,,,264.1764705882353,221.75,,,,,,285.0,288.0,,,,,,90478.94117647059,94050.25,,,,,,75922.0,74257.0,,,,0,0,0,0
2024,10,24.86543209876543,24.5,25.6,49.901234567901234,45.0,56.0,1004.4950617283952,1004.3,1004.7,False,43.05185185185185,41.2,44.2,205.08641975308643,1.8407407407407406,2.9,RUS,31509.44,21779.0,38330.96428571428,29336.0,29517.10714285714,22298.0,73722.0,252063.0,4.0,,,2.0,5.0,,,,,,4.833333333333333,10.357142857142858,,,,,,264.6666666666667,249.64285714285714,,,,,,289.0,289.0,,,,,,103165.66666666667,94488.21428571429,,,,,,74089.0,73722.0,,,,0,0,0,0
2024,10,24.86543209876543,24.5,25.6,49.901234567901234,45.0,56.0,1004.4950617283952,1004.3,1004.7,False,43.05185185185185,41.2,44.2,205.08641975308643,1.8407407407407406,2.9,SAI,28630.37037037037,21741.0,35154.13333333333,29270.0,27234.533333333333,22275.0,73286.0,250090.75000000012,4.0,,,5.0,4.0,,,,,,7.555555555555555,9.846153846153847,,,,,,254.77777777777777,276.53846153846155,,,,,,289.0,286.0,,,,,,92794.77777777778,80431.61538461539,,,,,,74746.0,73286.0,,,,0,0,0,0
2024,10,24.86543209876543,24.5,25.6,49.901234567901234,45.0,56.0,1004.4950617283952,1004.3,1004.7,False,43.05185185185185,41.2,44.2,205.08641975308643,1.8407407407407406,2.9,SAR,27898.0,22421.0,35809.242424242424,30030.0,28585.9375,22619.0,75070.0,208038.0,4.0,5.0,,,3.0,,,,13.272727272727273,,,3.6666666666666665,,,,261.3181818181818,,,281.0,,,,281.0,,,283.0,,,,87613.0,,,91129.33333333333,,,,76748.0,,,75070.0,,,,0,0,0,0
2024,10,24.86543209876543,24.5,25.6,49.901234567901234,45.0,56.0,1004.4950617283952,1004.3,1004.7,False,43.05185185185185,41.2,44.2,205.08641975308643,1.8407407407407406,2.9,STR,31920.36,21961.0,38579.607142857145,29863.0,29361.39285714286,22578.0,74402.0,282634.75,4.0,,,2.0,5.0,,,,,,4.833333333333333,11.538461538461538,,,,,,273.5,256.0,,,,,,282.0,283.0,,,,,,101839.16666666667,84265.23076923077,,,,,,75562.0,74402.0,,,,0,0,0,0
2024,10,24.86543209876543,24.5,25.6,49.901234567901234,45.0,56.0,1004.4950617283952,1004.3,1004.7,False,43.05185185185185,41.2,44.2,205.08641975308643,1.8407407407407406,2.9,TSU,27852.785714285714,21900.0,35788.0,29848.0,29196.1935483871,22463.0,74211.0,446670.5,2.0,,,1.0,3.0,,,,,,5.0,12.38888888888889,,,,,,250.71428571428572,262.1666666666667,,,,,,286.0,289.0,,,,,,102690.71428571429,82887.61111111111,,,,,,75692.0,74211.0,,,,0,0,0,0
2024,10,24.86543209876543,24.5,25.6,49.901234567901234,45.0,56.0,1004.4950617283952,1004.3,1004.7,False,43.05185185185185,41.2,44.2,205.08641975308643,1.8407407407407406,2.9,VER,28475.615384615383,21735.0,35286.793103448275,29584.0,26746.724137931036,22185.0,73504.0,265499.0,4.0,,,4.0,5.0,,,,,,10.461538461538462,6.375,,,,,,282.0769230769231,252.875,,,,,,291.0,290.0,,,,,,84404.76923076923,88079.0,,,,,,74447.0,73504.0,,,,0,0,0,0
2024,10,24.86543209876543,24.5,25.6,49.901234567901234,45.0,56.0,1004.4950617283952,1004.3,1004.7,False,43.05185185185185,41.2,44.2,205.08641975308643,1.8407407407407406,2.9,ZHO,28234.833333333332,21921.0,36316.380952380954,29651.0,29572.52380952381,22773.0,74345.0,232484.0,4.0,5.0,,,3.0,,,,6.8,,,3.6666666666666665,,,,277.2,,,281.3333333333333,,,,282.0,,,283.0,,,,90947.9,,,95733.33333333333,,,,76136.0,,,74345.0,,,,0,0,0,0
2024,12,18.319753086419755,17.5,18.9,67.5679012345679,61.0,74.0,987.8740740740741,987.4,988.5,True,29.296296296296298,25.0,32.7,223.8148148148148,1.7185185185185183,2.9,ALB,32348.608695652172,28093.0,41650.92307692308,35531.0,27278.53846153846,24021.0,87645.0,230666.0,3.0,,,4.0,3.0,,,,,,10.705882352941176,3.5,,,,,,244.35294117647058,245.5,,,,,,250.0,249.0,,,,,,101016.11764705883,90339.0,,,,,,89138.0,87645.0,,,,0,0,0,0
2024,12,18.319753086419755,17.5,18.9,67.5679012345679,61.0,74.0,987.8740740740741,987.4,988.5,True,29.296296296296298,25.0,32.7,223.8148148148148,1.7185185185185183,2.9,ALO,31875.0,28071.0,42215.64,35305.0,28252.4,23925.0,87372.0,340217.5,2.0,,,3.0,2.0,,,,,,10.875,3.0,,,,,,245.8125,249.0,,,,,,251.0,249.0,,,,,,98226.375,87379.0,,,,,,88694.0,87372.0,,,,0,0,0,0
2024,12,18.319753086419755,17.5,18.9,67.5679012345679,61.0,74.0,987.8740740740741,987.4,988.5,True,29.296296296296298,25.0,32.7,223.8148148148148,1.7185185185185183,2.9,BOT,32908.53846153846,27987.0,43203.5,35450.0,29199.9375,23944.0,87381.0,751085.0,2.0,3.0,,,2.0,,,,5.571428571428571,,,3.0,,,,247.57142857142858,,,252.33333333333334,,,,249.0,,,255.0,,,,102430.57142857143,,,107326.33333333333,,,,89025.0,,,87381.0,,,,0,0,0,0
2024,12,18.319753086419755,17.5,18.9,67.5679012345679,61.0,74.0,987.8740740740741,987.4,988.5,True,29.296296296296298,25.0,32.7,223.8148148148148,1.7185185185185183,2.9,GAS,34429.04761904762,28156.0,44325.541666666664,35485.0,29710.166666666668,24088.0,87732.0,290050.5,2.0,,,1.0,3.0,,,,,,6.888888888888889,7.285714285714286,,,,,,233.11111111111111,246.0,,,,,,253.0,253.0,,,,,,110820.66666666667,97111.0,,,,,,88473.0,87732.0,,,,0,0,0,0
2024,12,18.319753086419755,17.5,18.9,67.5679012345679,61.0,74.0,987.8740740740741,987.4,988.5,True,29.296296296296298,25.0,32.7,223.8148148148148,1.7185185185185183,2.9,HAM,36342.90909090909,28105.0,46907.307692307695,35281.0,31210.384615384617,23816.0,87202.0,246438.25,4.0,,5.0,2.0,4.0,,,,,2.0,4.666666666666667,8.666666666666666,,,,,54.0,248.66666666666666,243.88888888888889,,,,,54.0,250.0,249.0,,,,,119465.0,88130.33333333333,92161.66666666667,,,,,119465.0,87822.0,87202.0,,,,0,0,0,0
2024,12,18.319753086419755,17.5,18.9,67.5679012345679,61.0,74.0,987.8740740740741,987.4,988.5,True,29.296296296296298,25.0,32.7,223.8148148148148,1.7185185185185183,2.9,HUL,34299.954545454544,27813.0,43219.96153846154,35237.0,29620.76923076923,23940.0,86990.0,367664.0,3.0,1.0,4.0,,3.0,,,,5.0,2.0,,7.9,,,,228.71428571428572,43.0,,236.5,,,,250.0,43.0,,252.0,,,,110303.0,118765.0,,102173.7,,,,89127.0,118765.0,,86990.0,,,,0,0,0,0
2024,12,18.319753086419755,17.5,18.9,67.5679012345679,61.0,74.0,987.8740740740741,987.4,988.5,True,29.296296296296298,25.0,32.7,223.8148148148148,1.7185185185185183,2.9,LEC,33477.13043478261,27914.0,43023.7037037037,35309.0,30263.666666666668,23803.0,87150.0,355189.6666666667,3.0,,4.0,3.0,2.0,,,,,2.0,10.2,3.0,,,,,56.0,242.0,253.33333333333334,,,,,56.0,254.0,254.0,,,,,130949.00000000001,100341.53333333334,107420.33333333333,,,,,130949.00000000001,88084.0,87150.0,,,,0,0,0,0
2024,12,18.319753086419755,17.5,18.9,67.5679012345679,61.0,74.0,987.8740740740741,987.4,988.5,True,29.296296296296298,25.0,32.7,223.8148148148148,1.7185185185185183,2.9,MAG,38308.625,28129.0,44908.85,35781.0,30313.25,24212.0,88122.0,471130.0,3.0,,4.0,1.0,2.0,,,,,2.0,5.0,3.6666666666666665,,,,,44.0,226.28571428571428,240.33333333333334,,,,,44.0,250.0,254.0,,,,,116031.0,114446.0,100731.0,,,,,116031.0,89095.0,88122.0,,,,0,0,0,0
2024,12,18.319753086419755,17.5,18.9,67.5679012345679,61.0,74.0,987.8740740740741,987.4,988.5,True,29.296296296296298,25.0,32.7,223.8148148148148,1.7185185185185183,2.9,NOR,31228.434782608696,27712.0,41350.38461538462,35060.0,27437.19230769231,23777.0,86549.0,339675.5,2.0,,,3.0,2.0,,,,,,12.157894736842104,2.0,,,,,,243.73684210526315,252.0,,,,,,252.0,252.0,,,,,,99763.68421052632,86549.0,,,,,,87850.0,86549.0,,,,0,0,0,0
2024,12,18.319753086419755,17.5,18.9,67.5679012345679,61.0,74.0,987.8740740740741,987.4,988.5,True,29.296296296296298,25.0,32.7,223.8148148148148,1.7185185185185183,2.9,OCO,33724.3125,28071.0,43340.52631578947,35485.0,30263.36842105263,23974.0,87743.0,596699.0,2.0,,,3.0,2.0,,,,,,7.125,3.5,,,,,,247.0,223.75,,,,,,250.0,252.0,,,,,,98484.75,112407.75,,,,,,88723.0,87743.0,,,,0,0,0,0
2024,12,18.319753086419755,17.5,18.9,67.5679012345679,61.0,74.0,987.8740740740741,987.4,988.5,True,29.296296296296298,25.0,32.7,223.8148148148148,1.7185185185185183,2.9,PER,37358.80952380953,28031.0,44063.6,35112.0,28878.44,23840.0,86983.0,219648.8,5.0,,6.0,5.0,4.0,,,,,2.0,8.636363636363637,1.6666666666666667,,,,,49.0,245.36363636363637,251.0,,,,,49.0,249.0,255.0,,,,,128271.99999999999,101444.09090909091,103323.33333333333,,,,,128271.99999999999,88185.0,86983.0,,,,0,0,0,0
2024,12,18.319753086419755,17.5,18.9,67.5679012345679,61.0,74.0,987.8740740740741,987.4,988.5,True,29.296296296296298,25.0,32.7,223.8148148148148,1.7185185185185183,2.9,PIA,33232.23809523809,27877.0,40391.0,35121.0,28068.458333333332,23882.0,86880.0,219751.25,4.0,,,5.0,4.0,,,,,,7.625,6.714285714285714,,,,,,248.125,244.85714285714286,,,,,,252.0,251.0,,,,,,99763.75,91630.14285714286,,,,,,88369.0,86880.0,,,,0,0,0,0
2024,12,18.319753086419755,17.5,18.9,67.5679012345679,61.0,74.0,987.8740740740741,987.4,988.5,True,29.296296296296298,25.0,32.7,223.8148148148148,1.7185185185185183,2.9,RIC,36339.57142857143,28129.0,42610.96,35670.0,29405.48,24117.0,87916.0,312078.75,4.0,,5.0,2.0,4.0,,,,,2.0,5.285714285714286,7.25,,,,,67.0,248.71428571428572,242.25,,,,,67.0,252.0,249.0,,,,,130482.0,110438.14285714286,93099.75,,,,,130482.0,88834.0,87916.0,,,,0,0,0,0
2024,12,18.319753086419755,17.5,18.9,67.5679012345679,61.0,74.0,987.8740740740741,987.4,988.5,True,29.296296296296298,25.0,32.7,223.8148148148148,1.7185185185185183,2.9,RUS,36577.59090909091,28121.0,44730.346153846156,35332.0,29560.653846153848,23841.0,87294.0,207996.40000000008,5.0,,6.0,3.0,5.0,,,,,2.0,5.0,7.777777777777778,,,,,49.0,249.0,243.88888888888889,,,,,49.0,251.0,251.0,,,,,137227.0,104274.33333333333,91863.66666666667,,,,,137227.0,87506.0,87294.0,,,,0,0,0,0
2024,12,18.319753086419755,17.5,18.9,67.5679012345679,61.0,74.0,987.8740740740741,987.4,988.5,True,29.296296296296298,25.0,32.7,223.8148148148148,1.7185185185185183,2.9,SAI,36603.03703703704,28006.0,42789.8064516129,35349.0,27923.548387096773,23894.0,87249.0,119574.16666666667,6.0,,7.0,6.0,5.0,,,,,2.0,9.785714285714286,6.0,,,,,55.0,247.0,246.8,,,,,55.0,254.0,255.0,,,,,125873.0,104720.14285714286,100535.6,,,,,125873.0,87756.0,87249.0,,,,0,0,0,0
2024,12,18.319753086419755,17.5,18.9,67.5679012345679,61.0,74.0,987.8740740740741,987.4,988.5,True,29.296296296296298,25.0,32.7,223.8148148148148,1.7185185185185183,2.9,SAR,32627.809523809523,28160.0,42947.666666666664,35564.0,27920.125,24085.0,87809.0,365495.0,2.0,,,3.0,2.0,,,,,,9.785714285714286,3.5,,,,,,239.64285714285714,228.75,,,,,,250.0,253.0,,,,,,100236.57142857143,114838.0,,,,,,89361.0,87809.0,,,,0,0,0,0
2024,12,18.319753086419755,17.5,18.9,67.5679012345679,61.0,74.0,987.8740740740741,987.4,988.5,True,29.296296296296298,25.0,32.7,223.8148148148148,1.7185185185185183,2.9,STR,33604.0,27890.0,44828.23809523809,35350.0,30121.47619047619,24000.0,87274.0,449501.0,2.0,1.0,,,3.0,,,,4.0,,,8.222222222222221,,,,249.0,,,245.88888888888889,,,,250.0,,,251.0,,,,89059.66666666667,,,97448.66666666667,,,,88824.0,,,87274.0,,,,0,0,0,0
2024,12,18.319753086419755,17.5,18.9,67.5679012345679,61.0,74.0,987.8740740740741,987.4,988.5,True,29.296296296296298,25.0,32.7,223.8148148148148,1.7185185185185183,2.9,TSU,35855.59090909091,28068.0,44532.5,35492.0,28784.846153846152,24185.0,87745.0,377369.0,3.0,,4.0,3.0,2.0,,,,,2.0,8.923076923076923,3.6666666666666665,,,,,52.0,246.53846153846155,249.33333333333334,,,,,52.0,253.0,251.0,,,,,128120.0,102736.53846153847,102282.66666666667,,,,,128120.0,88589.0,87745.0,,,,0,0,0,0
2024,12,18.319753086419755,17.5,18.9,67.5679012345679,61.0,74.0,987.8740740740741,987.4,988.5,True,29.296296296296298,25.0,32.7,223.8148148148148,1.7185185185185183,2.9,VER,30129.470588235294,28059.0,38961.04761904762,35177.0,28138.666666666668,23877.0,87233.0,379749.6666666667,3.0,,,4.0,2.0,,,,,,9.333333333333334,2.0,,,,,,244.83333333333334,249.0,,,,,,248.0,249.0,,,,,,92580.16666666667,87233.0,,,,,,87831.0,87233.0,,,,0,0,0,0
2024,12,18.319753086419755,17.5,18.9,67.5679012345679,61.0,74.0,987.8740740740741,987.4,988.5,True,29.296296296296298,25.0,32.7,223.8148148148148,1.7185185185185183,2.9,ZHO,32157.75,28081.0,45428.21052631579,35696.0,30095.36842105263,24026.0,87813.0,586672.5,2.0,,,3.0,2.0,,,,,,7.7,3.0,,,,,,245.9,252.0,,,,,,250.0,253.0,,,,,,103400.6,107561.33333333333,,,,,,89000.0,87813.0,,,,0,0,0,0
2024,13,31.196296296296296,30.5,31.9,37.17283950617284,35.0,40.0,988.1012345679012,987.7,988.6,False,45.81975308641975,41.5,49.8,162.4320987654321,1.008641975308642,2.5,ALB,34623.57894736842,28230.0,34322.0,27720.0,26861.863636363636,22535.0,78514.0,563561.6666666666,3.0,,,4.0,3.0,,,,,,11.0,2.0,,,,,,230.92857142857142,254.0,,,,,,257.0,254.0,,,,,,90592.78571428571,78514.0,,,,,,79263.0,78514.0,,,,1,0,0,4
2024,13,31.196296296296296,30.5,31.9,37.17283950617284,35.0,40.0,988.1012345679012,987.7,988.6,False,45.81975308641975,41.5,49.8,162.4320987654321,1.008641975308642,2.5,ALO,34146.3,28055.0,35527.04347826087,27754.0,28586.954545454544,22482.0,78519.0,644786.5,2.0,,,3.0,2.0,,,,,,9.928571428571429,3.0,,,,,,228.21428571428572,229.0,,,,,,254.0,258.0,,,,,,94062.92857142857,104962.0,,,,,,79371.0,78519.0,,,,1,0,0,4
2024,13,31.196296296296296,30.5,31.9,37.17283950617284,35.0,40.0,988.1012345679012,987.7,988.6,False,45.81975308641975,41.5,49.8,162.4320987654321,1.008641975308642,2.5,BOT,36058.681818181816,28092.0,35107.24,27657.0,29510.84,22334.0,78586.0,353067.5,4.0,,,5.0,4.0,,,,,,10.0,4.0,,,,,,222.30769230769232,256.25,,,,,,254.0,258.0,,,,,,97664.0,100665.75,,,,,,79543.0,78586.0,,,,1,0,0,4
2024,13,31.196296296296296,30.5,31.9,37.17283950617284,35.0,40.0,988.1012345679012,987.7,988.6,False,45.81975308641975,41.5,49.8,162.4320987654321,1.008641975308642,2.5,GAS,40217.333333333336,28241.0,37185.608695652176,27929.0,28324.08695652174,22615.0,78888.0,329202.75,4.0,,,5.0,4.0,,,,,,9.76923076923077,3.5,,,,,,226.3846153846154,253.5,,,,,,256.0,254.0,,,,,,97458.53846153847,79057.5,,,,,,79617.0,78888.0,,,,1,0,0,4
2024,13,31.196296296296296,30.5,31.9,37.17283950617284,35.0,40.0,988.1012345679012,987.7,988.6,False,45.81975308641975,41.5,49.8,162.4320987654321,1.008641975308642,2.5,HAM,39266.117647058825,28221.0,35831.55,27764.0,27800.15,22378.0,78363.0,593556.6666666666,3.0,,,1.0,4.0,,,,,,2.0,8.818181818181818,,,,,,252.0,223.8181818181818,,,,,,252.0,254.0,,,,,,78961.0,89170.90909090909,,,,,,78961.0,78363.0,,,,1,0,0,4
2024,13,31.196296296296296,30.5,31.9,37.17283950617284,35.0,40.0,988.1012345679012,987.7,988.6,False,45.81975308641975,41.5,49.8,162.4320987654321,1.008641975308642,2.5,HUL,36970.28571428572,28116.0,35736.6,28001.0,28390.166666666668,22607.0,78791.0,362045.0,4.0,,,5.0,4.0,,,,,,10.76923076923077,3.5,,,,,,230.0,257.0,,,,,,255.0,258.0,,,,,,95317.38461538461,78952.5,,,,,,80195.0,78791.0,,,,1,0,0,4
2024,13,31.196296296296296,30.5,31.9,37.17283950617284,35.0,40.0,988.1012345679012,987.7,988.6,False,45.81975308641975,41.5,49.8,162.4320987654321,1.008641975308642,2.5,LEC,42384.57142857143,28360.0,39217.142857142855,28099.0,32209.85714285714,22608.0,79286.0,24522.0,1.0,,,2.0,,,,,,,4.8,,,,,,,226.2,,,,,,,258.0,,,,,,,111676.2,,,,,,,79286.0,,,,,1,0,0,4
2024,13,31.196296296296296,30.5,31.9,37.17283950617284,35.0,40.0,988.1012345679012,987.7,988.6,False,45.81975308641975,41.5,49.8,162.4320987654321,1.008641975308642,2.5,MAG,38787.28571428572,28145.0,37090.086956521736,27749.0,28140.17391304348,22421.0,78315.0,448817.6666666667,3.0,,,4.0,3.0,,,,,,12.066666666666666,2.0,,,,,,223.93333333333334,257.0,,,,,,254.0,257.0,,,,,,92328.2,78315.0,,,,,,79721.0,78315.0,,,,1,0,0,4
2024,13,31.196296296296296,30.5,31.9,37.17283950617284,35.0,40.0,988.1012345679012,987.7,988.6,False,45.81975308641975,41.5,49.8,162.4320987654321,1.008641975308642,2.5,NOR,34206.142857142855,27967.0,32279.5,27521.0,28254.458333333332,22300.0,77788.0,346289.0,4.0,4.0,,,5.0,,,,9.583333333333334,,,4.25,,,,246.0,,,184.0,,,,254.0,,,257.0,,,,90721.5,,,100731.5,,,,79175.0,,,77788.0,,,,1,0,0,4
2024,13,31.196296296296296,30.5,31.9,37.17283950617284,35.0,40.0,988.1012345679012,987.7,988.6,False,45.81975308641975,41.5,49.8,162.4320987654321,1.008641975308642,2.5,OCO,37105.90909090909,28363.0,36662.791666666664,27855.0,29303.958333333332,22532.0,78754.0,336984.75,4.0,,,5.0,4.0,,,,,,10.357142857142858,3.6666666666666665,,,,,,233.85714285714286,252.66666666666666,,,,,,253.0,253.0,,,,,,99611.42857142857,101814.66666666667,,,,,,79831.0,78754.0,,,,1,0,0,4
2024,13,31.196296296296296,30.5,31.9,37.17283950617284,35.0,40.0,988.1012345679012,987.7,988.6,False,45.81975308641975,41.5,49.8,162.4320987654321,1.008641975308642,2.5,PER,38916.26315789474,28213.0,37179.90909090909,27567.0,29588.727272727272,22262.0,78255.0,291370.8,5.0,,,6.0,4.0,,,,,,11.0,2.0,,,,,,231.8181818181818,253.0,,,,,,255.0,253.0,,,,,,91383.63636363637,78255.0,,,,,,78568.0,78255.0,,,,1,0,0,4
2024,13,31.196296296296296,30.5,31.9,37.17283950617284,35.0,40.0,988.1012345679012,987.7,988.6,False,45.81975308641975,41.5,49.8,162.4320987654321,1.008641975308642,2.5,PIA,35555.555555555555,28266.0,34642.52380952381,27704.0,28781.85714285714,22648.0,78618.0,431606.5,4.0,5.0,,,3.0,,,,9.833333333333334,,,2.0,,,,233.08333333333334,,,255.0,,,,253.0,,,255.0,,,,97188.41666666667,,,78618.0,,,,79614.0,,,78618.0,,,,1,0,0,4
2024,13,31.196296296296296,30.5,31.9,37.17283950617284,35.0,40.0,988.1012345679012,987.7,988.6,False,45.81975308641975,41.5,49.8,162.4320987654321,1.008641975308642,2.5,RIC,31602.1875,28193.0,34138.85,27651.0,28237.2,22288.0,78371.0,642765.0,3.0,,,4.0,3.0,,,,,,10.636363636363637,2.0,,,,,,232.54545454545453,249.0,,,,,,254.0,249.0,,,,,,89227.81818181818,78371.0,,,,,,79008.0,78371.0,,,,1,0,0,4
2024,13,31.196296296296296,30.5,31.9,37.17283950617284,35.0,40.0,988.1012345679012,987.7,988.6,False,45.81975308641975,41.5,49.8,162.4320987654321,1.008641975308642,2.5,RUS,35014.05882352941,28318.0,34659.65,27579.0,29221.1,22397.0,78294.0,577055.6666666666,3.0,,,4.0,3.0,,,,,,10.1,2.0,,,,,,243.6,254.0,,,,,,256.0,254.0,,,,,,84924.5,78294.0,,,,,,78817.0,78294.0,,,,1,0,0,4
2024,13,31.196296296296296,30.5,31.9,37.17283950617284,35.0,40.0,988.1012345679012,987.7,988.6,False,45.81975308641975,41.5,49.8,162.4320987654321,1.008641975308642,2.5,SAI,35430.45,28021.0,33658.65217391304,27815.0,27735.521739130436,22349.0,78185.0,481460.0,3.0,,,4.0,3.0,,,,,,12.071428571428571,2.0,,,,,,234.64285714285714,256.0,,,,,,252.0,256.0,,,,,,88046.85714285714,78185.0,,,,,,79048.0,78185.0,,,,1,0,0,4
2024,13,31.196296296296296,30.5,31.9,37.17283950617284,35.0,40.0,988.1012345679012,987.7,988.6,False,45.81975308641975,41.5,49.8,162.4320987654321,1.008641975308642,2.5,SAR,35412.27777777778,28193.0,34450.333333333336,27832.0,26985.52380952381,22473.0,78611.0,598499.0,3.0,,,4.0,3.0,,,,,,10.461538461538462,2.0,,,,,,229.0,255.0,,,,,,258.0,255.0,,,,,,90669.30769230769,78611.0,,,,,,79271.0,78611.0,,,,1,0,0,4
2024,13,31.196296296296296,30.5,31.9,37.17283950617284,35.0,40.0,988.1012345679012,987.7,988.6,False,45.81975308641975,41.5,49.8,162.4320987654321,1.008641975308642,2.5,STR,33670.90909090909,28104.0,38444.291666666664,27987.0,29725.625,22644.0,79179.0,624940.0,2.0,,,1.0,3.0,,,,,,5.0,9.0,,,,,,249.42857142857142,220.08333333333334,,,,,,255.0,259.0,,,,,,111635.42857142857,95399.25,,,,,,79687.0,79179.0,,,,1,0,0,4
2024,13,31.196296296296296,30.5,31.9,37.17283950617284,35.0,40.0,988.1012345679012,987.7,988.6,False,45.81975308641975,41.5,49.8,162.4320987654321,1.008641975308642,2.5,TSU,40060.8,28315.0,40403.153846153844,27917.0,33003.846153846156,22441.0,79606.0,769320.3333333334,3.0,,,1.0,4.0,,,,,,2.0,5.0,,,,,,253.0,188.0,,,,,,253.0,251.0,,,,,,79728.0,93725.5,,,,,,79728.0,79606.0,,,,1,0,0,4
2024,13,31.196296296296296,30.5,31.9,37.17283950617284,35.0,40.0,988.1012345679012,987.7,988.6,False,45.81975308641975,41.5,49.8,162.4320987654321,1.008641975308642,2.5,VER,36302.529411764706,28232.0,34100.05,27431.0,26701.7,22368.0,78031.0,580983.0,3.0,,,4.0,3.0,,,,,,10.454545454545455,2.0,,,,,,224.54545454545453,252.0,,,,,,253.0,252.0,,,,,,86325.54545454546,78031.0,,,,,,78724.0,78031.0,,,,1,0,0,4
2024,13,31.196296296296296,30.5,31.9,37.17283950617284,35.0,40.0,988.1012345679012,987.7,988.6,False,45.81975308641975,41.5,49.8,162.4320987654321,1.008641975308642,2.5,ZHO,34877.181818181816,28062.0,36424.44,28296.0,29102.0,22530.0,80067.0,470925.3333333333,3.0,,,4.0,,,,,,,13.176470588235293,,,,,,,232.47058823529412,,,,,,,252.0,,,,,,,94987.82352941176,,,,,,,80067.0,,,,,1,0,0,4
2024,14,21.781707317073174,21.2,22.2,64.3048780487805,62.0,67.0,965.0170731707317,964.8,965.2,False,35.19024390243902,33.3,36.9,134.90243902439025,1.2378048780487805,2.7,ALB,35794.2,30293.0,54810.30434782609,45053.0,33613.82608695652,28361.0,103892.0,347215.3333333333,3.0,,,4.0,3.0,,,,,,9.25,3.5,,,,,,216.91666666666666,219.0,,,,,,224.0,224.0,,,,,,110676.08333333333,106169.0,,,,,,104269.0,103892.0,,,,0,0,0,9
2024,14,21.781707317073174,21.2,22.2,64.3048780487805,62.0,67.0,965.0170731707317,964.8,965.2,False,35.19024390243902,33.3,36.9,134.90243902439025,1.2378048780487805,2.7,ALO,36248.142857142855,30328.0,56057.391304347824,44767.0,36751.916666666664,28382.0,103538.0,335401.0,2.0,,,3.0,2.0,,,,,,10.181818181818182,4.5,,,,,,198.54545454545453,220.5,,,,,,223.0,222.0,,,,,,112278.81818181818,103641.5,,,,,,104622.0,103538.0,,,,0,0,0,9
2024,14,21.781707317073174,21.2,22.2,64.3048780487805,62.0,67.0,965.0170731707317,964.8,965.2,False,35.19024390243902,33.3,36.9,134.90243902439025,1.2378048780487805,2.7,BOT,34298.142857142855,30292.0,56981.166666666664,45033.0,35810.791666666664,28350.0,103675.0,438672.5,2.0,,,3.0,2.0,,,,,,10.461538461538462,4.0,,,,,,204.23076923076923,225.0,,,,,,227.0,225.0,,,,,,115747.84615384616,103854.5,,,,,,104718.0,103675.0,,,,0,0,0,9
2024,14,21.781707317073174,21.2,22.2,64.3048780487805,62.0,67.0,965.0170731707317,964.8,965.2,False,35.19024390243902,33.3,36.9,134.90243902439025,1.2378048780487805,2.7,GAS,44665.95238095238,30174.0,57044.75,45232.0,34854.083333333336,28423.0,103829.0,144540.83333333326,6.0,,,7.0,4.0,,,,,,10.714285714285714,2.0,,,,,,216.42857142857142,222.0,,,,,,223.0,222.0,,,,,,108955.71428571429,103829.0,,,,,,104594.0,103829.0,,,,0,0,0,9
2024,14,21.781707317073174,21.2,22.2,64.3048780487805,62.0,67.0,965.0170731707317,964.8,965.2,False,35.19024390243902,33.3,36.9,134.90243902439025,1.2378048780487805,2.7,HAM,37966.90909090909,30491.0,54907.95652173913,44378.0,36129.84,28453.0,103519.0,288446.5,2.0,,,1.0,3.0,,,,,,4.75,9.0,,,,,,224.25,216.25,,,,,,229.0,230.0,,,,,,112012.0,116087.58333333333,,,,,,103742.0,103519.0,,,,0,0,0,9
2024,14,21.781707317073174,21.2,22.2,64.3048780487805,62.0,67.0,965.0170731707317,964.8,965.2,False,35.19024390243902,33.3,36.9,134.90243902439025,1.2378048780487805,2.7,HUL,35202.77777777778,30191.0,54407.857142857145,45215.0,33942.0,28440.0,103846.0,613189.0,2.0,3.0,,,2.0,,,,9.727272727272727,,,3.0,,,,199.1818181818182,,,223.5,,,,223.0,,,225.0,,,,113301.36363636363,,,103925.5,,,,105399.0,,,103846.0,,,,0,0,0,9
2024,14,21.781707317073174,21.2,22.2,64.3048780487805,62.0,67.0,965.0170731707317,964.8,965.2,False,35.19024390243902,33.3,36.9,134.90243902439025,1.2378048780487805,2.7,LEC,36012.95,30143.0,53700.86956521739,44144.0,34263.913043478264,28550.0,102837.0,204470.25,4.0,,,,5.0,,,,,,,7.230769230769231,,,,,,,203.76923076923077,,,,,,,224.0,,,,,,,111921.30769230769,,,,,,,102837.0,,,,0,0,0,9
2024,14,21.781707317073174,21.2,22.2,64.3048780487805,62.0,67.0,965.0170731707317,964.8,965.2,False,35.19024390243902,33.3,36.9,134.90243902439025,1.2378048780487805,2.7,MAG,36996.833333333336,30224.0,54001.36842105263,44876.0,35489.71428571428,28299.0,103485.0,420707.0,2.0,,,1.0,3.0,,,,,,3.0,9.545454545454545,,,,,,222.5,199.54545454545453,,,,,,223.0,225.0,,,,,,104977.5,111973.0,,,,,,104882.0,103485.0,,,,0,0,0,9
2024,14,21.781707317073174,21.2,22.2,64.3048780487805,62.0,67.0,965.0170731707317,964.8,965.2,False,35.19024390243902,33.3,36.9,134.90243902439025,1.2378048780487805,2.7,NOR,34870.92857142857,30238.0,53919.0,43782.0,36542.47368421053,28240.0,102260.0,357819.5,4.0,,,,5.0,,,,,,,8.0,,,,,,,200.33333333333334,,,,,,,224.0,,,,,,,109173.33333333333,,,,,,,102260.0,,,,0,0,0,9
2024,14,21.781707317073174,21.2,22.2,64.3048780487805,62.0,67.0,965.0170731707317,964.8,965.2,False,35.19024390243902,33.3,36.9,134.90243902439025,1.2378048780487805,2.7,OCO,35812.1,30135.0,55208.34782608696,44980.0,34294.0,28286.0,103401.0,493823.0,2.0,,,3.0,2.0,,,,,,10.75,2.0,,,,,,215.83333333333334,225.0,,,,,,223.0,225.0,,,,,,108943.83333333333,103401.0,,,,,,104665.0,103401.0,,,,0,0,0,9
2024,14,21.781707317073174,21.2,22.2,64.3048780487805,62.0,67.0,965.0170731707317,964.8,965.2,False,35.19024390243902,33.3,36.9,134.90243902439025,1.2378048780487805,2.7,PER,35833.95,30442.0,54060.166666666664,44525.0,33912.833333333336,28537.0,103504.0,329156.0,3.0,,,4.0,3.0,,,,,,12.071428571428571,2.0,,,,,,214.71428571428572,222.0,,,,,,223.0,222.0,,,,,,109363.78571428571,103504.0,,,,,,103987.0,103504.0,,,,0,0,0,9
2024,14,21.781707317073174,21.2,22.2,64.3048780487805,62.0,67.0,965.0170731707317,964.8,965.2,False,35.19024390243902,33.3,36.9,134.90243902439025,1.2378048780487805,2.7,PIA,34663.75,30199.0,51055.217391304344,43949.0,32087.347826086956,28327.0,102475.0,372608.3333333333,3.0,,,3.0,4.0,,,,,,7.777777777777778,5.857142857142857,,,,,,215.44444444444446,197.42857142857142,,,,,,223.0,224.0,,,,,,108604.33333333333,112839.0,,,,,,103832.0,102475.0,,,,0,0,0,9
2024,14,21.781707317073174,21.2,22.2,64.3048780487805,62.0,67.0,965.0170731707317,964.8,965.2,False,35.19024390243902,33.3,36.9,134.90243902439025,1.2378048780487805,2.7,RIC,37490.882352941175,30141.0,55203.666666666664,45286.0,35124.90476190476,28396.0,103823.0,316725.0,4.0,,,5.0,4.0,,,,,,5.0,6.714285714285714,,,,,,165.66666666666666,215.71428571428572,,,,,,224.0,225.0,,,,,,114415.66666666667,112129.28571428571,,,,,,104411.0,103823.0,,,,0,0,0,9
2024,14,21.781707317073174,21.2,22.2,64.3048780487805,62.0,67.0,965.0170731707317,964.8,965.2,False,35.19024390243902,33.3,36.9,134.90243902439025,1.2378048780487805,2.7,RUS,37428.95238095238,30312.0,55176.30434782609,44458.0,34164.083333333336,28520.0,103290.0,393445.5,2.0,,,3.0,2.0,,,,,,10.615384615384615,2.5,,,,,,217.15384615384616,227.0,,,,,,226.0,231.0,,,,,,109649.46153846153,125161.5,,,,,,103738.0,103290.0,,,,0,0,0,9
2024,14,21.781707317073174,21.2,22.2,64.3048780487805,62.0,67.0,965.0170731707317,964.8,965.2,False,35.19024390243902,33.3,36.9,134.90243902439025,1.2378048780487805,2.7,SAI,37366.5,30276.0,54356.08,44342.0,35037.84,28416.0,103098.0,204668.25,4.0,,,4.0,5.0,,,,,,9.545454545454545,5.0,,,,,,214.63636363636363,218.66666666666666,,,,,,225.0,225.0,,,,,,108793.45454545454,112077.0,,,,,,103788.0,103098.0,,,,0,0,0,9
2024,14,21.781707317073174,21.2,22.2,64.3048780487805,62.0,67.0,965.0170731707317,964.8,965.2,False,35.19024390243902,33.3,36.9,134.90243902439025,1.2378048780487805,2.7,SAR,35676.57142857143,30425.0,53948.333333333336,45262.0,33765.75,28539.0,104226.0,249962.0,3.0,,,4.0,3.0,,,,,,7.875,6.166666666666667,,,,,,218.0,216.83333333333334,,,,,,222.0,225.0,,,,,,111123.25,109992.83333333333,,,,,,105159.0,104226.0,,,,0,0,0,9
2024,14,21.781707317073174,21.2,22.2,64.3048780487805,62.0,67.0,965.0170731707317,964.8,965.2,False,35.19024390243902,33.3,36.9,134.90243902439025,1.2378048780487805,2.7,STR,37417.11111111111,30156.0,56228.380952380954,44828.0,34244.47619047619,28476.0,103532.0,567068.5,2.0,,,3.0,2.0,,,,,,10.363636363636363,2.0,,,,,,203.9090909090909,225.0,,,,,,224.0,225.0,,,,,,112123.72727272728,103532.0,,,,,,104355.0,103532.0,,,,0,0,0,9
2024,14,21.781707317073174,21.2,22.2,64.3048780487805,62.0,67.0,965.0170731707317,964.8,965.2,False,35.19024390243902,33.3,36.9,134.90243902439025,1.2378048780487805,2.7,TSU,35868.75,30118.0,55668.833333333336,45760.0,33797.208333333336,28470.0,104348.0,286224.6666666667,3.0,,,4.0,3.0,,,,,,12.615384615384615,2.0,,,,,,202.84615384615384,224.0,,,,,,224.0,224.0,,,,,,112709.76923076923,104348.0,,,,,,104890.0,104348.0,,,,0,0,0,9
2024,14,21.781707317073174,21.2,22.2,64.3048780487805,62.0,67.0,965.0170731707317,964.8,965.2,False,35.19024390243902,33.3,36.9,134.90243902439025,1.2378048780487805,2.7,VER,36386.260869565216,30281.0,52759.42307692308,43904.0,33147.38461538462,28286.0,102477.0,205333.5,4.0,,,4.0,5.0,,,,,,9.9,5.857142857142857,,,,,,215.4,194.71428571428572,,,,,,223.0,222.0,,,,,,108322.3,114140.28571428571,,,,,,103339.0,102477.0,,,,0,0,0,9
2024,14,21.781707317073174,21.2,22.2,64.3048780487805,62.0,67.0,965.0170731707317,964.8,965.2,False,35.19024390243902,33.3,36.9,134.90243902439025,1.2378048780487805,2.7,ZHO,36036.2,30260.0,55885.0,45438.0,34031.52173913043,28517.0,104302.0,475529.0,2.0,1.0,,,3.0,,,,4.0,,,9.545454545454545,,,,223.0,,,202.27272727272728,,,,224.0,,,225.0,,,,106202.33333333333,,,112178.18181818182,,,,106035.0,,,104302.0,,,,0,0,0,9
2024,15,21.377215189873418,21.1,21.6,62.51898734177215,60.0,65.0,1006.8721518987342,1006.2,1007.4,False,31.16962025316456,29.8,31.9,207.31645569620252,5.472151898734177,7.0,ALB,30414.566666666666,24523.0,30290.39393939394,25444.0,26484.969696969696,21555.0,71550.0,253516.25,4.0,5.0,,,3.0,,,,13.227272727272727,,,3.6666666666666665,,,,289.04545454545456,,,311.3333333333333,,,,319.0,,,312.0,,,,82965.5,,,90306.66666666667,,,,72549.0,,,71550.0,,,,1,0,0,4
2024,15,21.377215189873418,21.1,21.6,62.51898734177215,60.0,65.0,1006.8721518987342,1006.2,1007.4,False,31.16962025316456,29.8,31.9,207.31645569620252,5.472151898734177,7.0,ALO,31248.62962962963,24504.0,31688.133333333335,25252.0,26751.103448275862,21527.0,71357.0,366534.3333333333,3.0,,,4.0,3.0,,,,,,6.7,9.384615384615385,,,,,,282.1,287.84615384615387,,,,,,316.0,319.0,,,,,,95787.2,82890.76923076923,,,,,,72384.0,71357.0,,,,1,0,0,4
2024,15,21.377215189873418,21.1,21.6,62.51898734177215,60.0,65.0,1006.8721518987342,1006.2,1007.4,False,31.16962025316456,29.8,31.9,207.31645569620252,5.472151898734177,7.0,BOT,29661.03448275862,24874.0,29897.84375,25562.0,25738.15625,21685.0,72206.0,368890.6666666667,3.0,,,3.0,4.0,,,,,,4.833333333333333,11.68421052631579,,,,,,310.0,281.05263157894734,,,,,,316.0,315.0,,,,,,82423.66666666667,83554.0,,,,,,73648.0,72206.0,,,,1,0,0,4
2024,15,21.377215189873418,21.1,21.6,62.51898734177215,60.0,65.0,1006.8721518987342,1006.2,1007.4,False,31.16962025316456,29.8,31.9,207.31645569620252,5.472151898734177,7.0,GAS,29162.133333333335,24544.0,30547.303030303032,25398.0,26121.515151515152,21702.0,71644.0,510874.0,2.0,3.0,,,2.0,,,,13.863636363636363,,,4.0,,,,289.1363636363636,,,292.6,,,,319.0,,,319.0,,,,82880.54545454546,,,94649.2,,,,72952.0,,,71644.0,,,,1,0,0,4
2024,15,21.377215189873418,21.1,21.6,62.51898734177215,60.0,65.0,1006.8721518987342,1006.2,1007.4,False,31.16962025316456,29.8,31.9,207.31645569620252,5.472151898734177,7.0,HAM,34262.74074074074,24259.0,30721.5,25038.0,26949.03448275862,21516.0,70813.0,195678.66666666666,6.0,,,6.0,7.0,,,,,,12.9375,4.25,,,,,,303.125,245.5,,,,,,318.0,318.0,,,,,,85109.5625,92548.75,,,,,,71833.0,70813.0,,,,1,0,0,4
2024,15,21.377215189873418,21.1,21.6,62.51898734177215,60.0,65.0,1006.8721518987342,1006.2,1007.4,False,31.16962025316456,29.8,31.9,207.31645569620252,5.472151898734177,7.0,HUL,33999.71428571428,25413.0,33964.333333333336,25969.0,27253.0,21874.0,73296.0,67643.0,1.0,,,2.0,,,,,,,5.5,,,,,,,289.6666666666667,,,,,,,316.0,,,,,,,93240.5,,,,,,,73296.0,,,,,1,0,0,4
2024,15,21.377215189873418,21.1,21.6,62.51898734177215,60.0,65.0,1006.8721518987342,1006.2,1007.4,False,31.16962025316456,29.8,31.9,207.31645569620252,5.472151898734177,7.0,LEC,29131.285714285714,24519.0,30999.516129032258,25424.0,27873.709677419356,21500.0,71443.0,367673.0,3.0,,,4.0,3.0,,,,,,14.285714285714286,3.0,,,,,,298.9047619047619,317.0,,,,,,324.0,320.0,,,,,,84868.33333333333,94982.33333333333,,,,,,72670.0,71443.0,,,,1,0,0,4
2024,15,21.377215189873418,21.1,21.6,62.51898734177215,60.0,65.0,1006.8721518987342,1006.2,1007.4,False,31.16962025316456,29.8,31.9,207.31645569620252,5.472151898734177,7.0,MAG,30657.9,24448.0,32289.151515151516,25338.0,26574.030303030304,21534.0,71430.0,403291.0,2.0,1.0,,,3.0,,,,5.0,,,13.1,,,,313.7142857142857,,,278.5,,,,316.0,,,320.0,,,,99183.0,,,86172.75,,,,73347.0,,,71430.0,,,,1,0,0,4
2024,15,21.377215189873418,21.1,21.6,62.51898734177215,60.0,65.0,1006.8721518987342,1006.2,1007.4,False,31.16962025316456,29.8,31.9,207.31645569620252,5.472151898734177,7.0,NOR,30240.483870967742,24313.0,29558.529411764706,25168.0,25692.617647058825,21480.0,70961.0,241144.5,4.0,,,4.0,5.0,,,,,,10.785714285714286,8.25,,,,,,301.5,277.4166666666667,,,,,,315.0,318.0,,,,,,83072.35714285714,85350.33333333333,,,,,,72453.0,70961.0,,,,1,0,0,4
2024,15,21.377215189873418,21.1,21.6,62.51898734177215,60.0,65.0,1006.8721518987342,1006.2,1007.4,False,31.16962025316456,29.8,31.9,207.31645569620252,5.472151898734177,7.0,OCO,29604.566666666666,24782.0,31137.575757575756,25533.0,26952.909090909092,21746.0,72061.0,481258.5,2.0,,,1.0,3.0,,,,,,5.0,12.578947368421053,,,,,,316.85714285714283,296.6842105263158,,,,,,319.0,320.0,,,,,,91476.42857142857,81446.68421052632,,,,,,73313.0,72061.0,,,,1,0,0,4
2024,15,21.377215189873418,21.1,21.6,62.51898734177215,60.0,65.0,1006.8721518987342,1006.2,1007.4,False,31.16962025316456,29.8,31.9,207.31645569620252,5.472151898734177,7.0,PER,32659.615384615383,24426.0,32014.96551724138,25382.0,26277.03448275862,21773.0,71581.0,432060.3333333333,3.0,,,4.0,3.0,,,,,,13.31578947368421,3.0,,,,,,289.7368421052632,273.3333333333333,,,,,,322.0,319.0,,,,,,88399.36842105263,102647.0,,,,,,73108.0,71581.0,,,,1,0,0,4
2024,15,21.377215189873418,21.1,21.6,62.51898734177215,60.0,65.0,1006.8721518987342,1006.2,1007.4,False,31.16962025316456,29.8,31.9,207.31645569620252,5.472151898734177,7.0,PIA,29356.206896551725,24396.0,29682.39393939394,25037.0,26238.78787878788,21330.0,70763.0,251714.75,4.0,,,5.0,4.0,,,,,,9.083333333333334,9.538461538461538,,,,,,285.25,294.53846153846155,,,,,,318.0,319.0,,,,,,86236.75,80093.61538461539,,,,,,72805.0,70763.0,,,,1,0,0,4
2024,15,21.377215189873418,21.1,21.6,62.51898734177215,60.0,65.0,1006.8721518987342,1006.2,1007.4,False,31.16962025316456,29.8,31.9,207.31645569620252,5.472151898734177,7.0,RIC,29340.35714285714,24765.0,30953.129032258064,25276.0,27402.548387096773,21589.0,71630.0,544227.5,2.0,,,1.0,3.0,,,,,,5.5,11.125,,,,,,312.25,291.9375,,,,,,315.0,315.0,,,,,,91779.5,81960.5,,,,,,73385.0,71630.0,,,,1,0,0,4
2024,15,21.377215189873418,21.1,21.6,62.51898734177215,60.0,65.0,1006.8721518987342,1006.2,1007.4,False,31.16962025316456,29.8,31.9,207.31645569620252,5.472151898734177,7.0,RUS,33165.42307692308,24331.0,31224.933333333334,24945.0,26643.241379310344,21426.0,70702.0,244376.2000000001,5.0,,,3.0,6.0,,,,,,5.833333333333333,10.5,,,,,,310.5,281.2857142857143,,,,,,324.0,318.0,,,,,,104686.83333333333,81244.0,,,,,,72329.0,70702.0,,,,1,0,0,4
2024,15,21.377215189873418,21.1,21.6,62.51898734177215,60.0,65.0,1006.8721518987342,1006.2,1007.4,False,31.16962025316456,29.8,31.9,207.31645569620252,5.472151898734177,7.0,SAI,35903.166666666664,24900.0,33701.28571428572,25783.0,29991.714285714286,21848.0,73108.0,24190.0,1.0,,,2.0,,,,,,,3.75,,,,,,,314.5,,,,,,,317.0,,,,,,,97480.75,,,,,,,73108.0,,,,,1,0,0,4
2024,15,21.377215189873418,21.1,21.6,62.51898734177215,60.0,65.0,1006.8721518987342,1006.2,1007.4,False,31.16962025316456,29.8,31.9,207.31645569620252,5.472151898734177,7.0,SAR,30370.96551724138,24668.0,30142.0625,25485.0,25811.125,21665.0,71818.0,366037.3333333333,3.0,,,4.0,3.0,,,,,,11.736842105263158,5.166666666666667,,,,,,287.7368421052632,295.6666666666667,,,,,,316.0,312.0,,,,,,85589.42105263157,85294.0,,,,,,73370.0,71818.0,,,,1,0,0,4
2024,15,21.377215189873418,21.1,21.6,62.51898734177215,60.0,65.0,1006.8721518987342,1006.2,1007.4,False,31.16962025316456,29.8,31.9,207.31645569620252,5.472151898734177,7.0,STR,31870.071428571428,24486.0,31135.967741935485,25396.0,26326.483870967742,21694.0,71576.0,318610.0,3.0,,,4.0,3.0,,,,,,6.8,9.928571428571429,,,,,,283.6,291.64285714285717,,,,,,318.0,317.0,,,,,,91416.1,83564.07142857143,,,,,,72492.0,71576.0,,,,1,0,0,4
2024,15,21.377215189873418,21.1,21.6,62.51898734177215,60.0,65.0,1006.8721518987342,1006.2,1007.4,False,31.16962025316456,29.8,31.9,207.31645569620252,5.472151898734177,7.0,TSU,29944.535714285714,24546.0,30391.09677419355,25268.0,26535.387096774193,21560.0,71374.0,521566.0,2.0,3.0,,,2.0,,,,13.333333333333334,,,3.5,,,,289.3809523809524,,,276.0,,,,318.0,,,319.0,,,,82976.42857142857,,,96584.75,,,,72597.0,,,71374.0,,,,1,0,0,4
2024,15,21.377215189873418,21.1,21.6,62.51898734177215,60.0,65.0,1006.8721518987342,1006.2,1007.4,False,31.16962025316456,29.8,31.9,207.31645569620252,5.472151898734177,7.0,VER,29467.366666666665,24470.0,29405.151515151516,25142.0,26131.636363636364,21374.0,70986.0,261979.5,4.0,,,4.0,5.0,,,,,,9.916666666666666,8.923076923076923,,,,,,302.4166666666667,284.3076923076923,,,,,,317.0,320.0,,,,,,82350.91666666667,81071.53846153847,,,,,,72131.0,70986.0,,,,1,0,0,4
2024,15,21.377215189873418,21.1,21.6,62.51898734177215,60.0,65.0,1006.8721518987342,1006.2,1007.4,False,31.16962025316456,29.8,31.9,207.31645569620252,5.472151898734177,7.0,ZHO,30740.933333333334,24640.0,30729.303030303032,25469.0,27583.878787878788,21825.0,71934.0,241061.0,4.0,,,5.0,3.0,,,,,,13.181818181818182,3.6666666666666665,,,,,,288.04545454545456,311.3333333333333,,,,,,317.0,314.0,,,,,,86462.13636363637,94672.66666666667,,,,,,73622.0,71934.0,,,,1,0,0,4
2024,16,34.029113924050634,33.7,34.4,32.177215189873415,31.0,34.0,994.7316455696202,994.5,995.0,False,44.3506329113924,41.6,48.0,213.26582278481013,1.0924050632911393,2.9,ALB,33507.77272727273,26755.0,33922.04,27627.0,34550.16,27210.0,81592.0,433094.6666666667,3.0,,,4.0,2.0,,,,,,12.0625,2.0,,,,,,287.1875,310.0,,,,,,311.0,310.0,,,,,,89879.4375,81592.0,,,,,,81770.0,81592.0,,,,1,0,0,2
2024,16,34.029113924050634,33.7,34.4,32.177215189873415,31.0,34.0,994.7316455696202,994.5,995.0,False,44.3506329113924,41.6,48.0,213.26582278481013,1.0924050632911393,2.9,ALO,37700.04761904762,26746.0,33631.30434782609,27374.0,33689.65217391304,27196.0,81316.0,328348.0,4.0,,,4.0,5.0,,,,,,8.833333333333334,5.0,,,,,,300.9166666666667,248.75,,,,,,311.0,307.0,,,,,,93124.75,101362.0,,,,,,82353.0,81316.0,,,,1,0,0,2
2024,16,34.029113924050634,33.7,34.4,32.177215189873415,31.0,34.0,994.7316455696202,994.5,995.0,False,44.3506329113924,41.6,48.0,213.26582278481013,1.0924050632911393,2.9,BOT,33755.28571428572,26573.0,33872.791666666664,27554.0,34045.0,27334.0,81461.0,419883.6666666667,3.0,,,4.0,2.0,,,,,,10.1875,3.0,,,,,,295.8125,279.0,,,,,,313.0,316.0,,,,,,95442.5625,114085.33333333333,,,,,,82393.0,81461.0,,,,1,0,0,2
2024,16,34.029113924050634,33.7,34.4,32.177215189873415,31.0,34.0,994.7316455696202,994.5,995.0,False,44.3506329113924,41.6,48.0,213.26582278481013,1.0924050632911393,2.9,COL,33404.4375,26679.0,36734.3,27590.0,37174.35,27506.0,81784.0,561945.6666666666,3.0,,,1.0,4.0,,,,,,3.5,8.75,,,,,,310.5,284.75,,,,,,311.0,315.0,,,,,,110669.5,90133.125,,,,,,82406.0,81784.0,,,,1,0,0,2
2024,16,34.029113924050634,33.7,34.4,32.177215189873415,31.0,34.0,994.7316455696202,994.5,995.0,False,44.3506329113924,41.6,48.0,213.26582278481013,1.0924050632911393,2.9,GAS,36192.78947368421,26736.0,35861.69565217391,27623.0,34895.90909090909,27333.0,81819.0,463423.0,3.0,,,4.0,3.0,,,,,,8.166666666666666,4.333333333333333,,,,,,272.5,272.6666666666667,,,,,,313.0,315.0,,,,,,105858.75,110041.33333333333,,,,,,81819.0,96699.0,,,,1,0,0,2
2024,16,34.029113924050634,33.7,34.4,32.177215189873415,31.0,34.0,994.7316455696202,994.5,995.0,False,44.3506329113924,41.6,48.0,213.26582278481013,1.0924050632911393,2.9,HAM,35356.8,26750.0,35252.13043478261,27189.0,34288.69565217391,26799.0,80738.0,333018.0,4.0,,,5.0,3.0,,,,,,9.846153846153847,3.5,,,,,,290.61538461538464,310.5,,,,,,312.0,312.0,,,,,,90268.69230769231,80953.0,,,,,,81641.0,80738.0,,,,1,0,0,2
2024,16,34.029113924050634,33.7,34.4,32.177215189873415,31.0,34.0,994.7316455696202,994.5,995.0,False,44.3506329113924,41.6,48.0,213.26582278481013,1.0924050632911393,2.9,HUL,34734.65,26511.0,34299.708333333336,27438.0,33894.916666666664,27191.0,81140.0,250538.6,5.0,,,5.0,6.0,,,,,,9.363636363636363,5.75,,,,,,305.3636363636364,249.0,,,,,,307.0,313.0,,,,,,90261.18181818182,102851.0,,,,,,82148.0,81140.0,,,,1,0,0,2
2024,16,34.029113924050634,33.7,34.4,32.177215189873415,31.0,34.0,994.7316455696202,994.5,995.0,False,44.3506329113924,41.6,48.0,213.26582278481013,1.0924050632911393,2.9,LEC,36263.782608695656,26710.0,34370.88,27280.0,33704.84,26902.0,80892.0,280141.0,4.0,,,5.0,3.0,,,,,,12.235294117647058,2.0,,,,,,296.47058823529414,314.0,,,,,,315.0,314.0,,,,,,94491.70588235294,80892.0,,,,,,81119.0,80892.0,,,,1,0,0,2
2024,16,34.029113924050634,33.7,34.4,32.177215189873415,31.0,34.0,994.7316455696202,994.5,995.0,False,44.3506329113924,41.6,48.0,213.26582278481013,1.0924050632911393,2.9,MAG,33069.875,26609.0,41240.5,27397.0,38778.7,27237.0,81499.0,283227.5,2.0,,,1.0,2.0,,,,,,3.6666666666666665,2.0,,,,,,308.6666666666667,312.0,,,,,,311.0,312.0,,,,,,99934.66666666667,81499.0,,,,,,82317.0,81499.0,,,,1,0,0,2
2024,16,34.029113924050634,33.7,34.4,32.177215189873415,31.0,34.0,994.7316455696202,994.5,995.0,False,44.3506329113924,41.6,48.0,213.26582278481013,1.0924050632911393,2.9,NOR,32997.7,26707.0,32528.347826086956,27147.0,33610.086956521736,26887.0,80741.0,457720.0,3.0,,,4.0,3.0,,,,,,9.846153846153847,3.6666666666666665,,,,,,287.0769230769231,310.6666666666667,,,,,,311.0,313.0,,,,,,89044.23076923077,101951.0,,,,,,81605.0,80741.0,,,,1,0,0,2
2024,16,34.029113924050634,33.7,34.4,32.177215189873415,31.0,34.0,994.7316455696202,994.5,995.0,False,44.3506329113924,41.6,48.0,213.26582278481013,1.0924050632911393,2.9,OCO,37891.333333333336,26783.0,35003.333333333336,27651.0,34846.19047619047,27241.0,81867.0,257025.0,6.0,,,7.0,6.0,,,,,,8.625,4.666666666666667,,,,,,281.875,312.3333333333333,,,,,,314.0,313.0,,,,,,96586.125,95780.33333333333,,,,,,82213.0,81867.0,,,,1,0,0,2
2024,16,34.029113924050634,33.7,34.4,32.177215189873415,31.0,34.0,994.7316455696202,994.5,995.0,False,44.3506329113924,41.6,48.0,213.26582278481013,1.0924050632911393,2.9,PER,31696.0,26861.0,31265.35714285714,27528.0,32069.428571428572,27256.0,81678.0,590456.5,2.0,,,3.0,2.0,,,,,,6.714285714285714,2.0,,,,,,276.7142857142857,316.0,,,,,,310.0,316.0,,,,,,89733.28571428571,81678.0,,,,,,81718.0,81678.0,,,,1,0,0,2
2024,16,34.029113924050634,33.7,34.4,32.177215189873415,31.0,34.0,994.7316455696202,994.5,995.0,False,44.3506329113924,41.6,48.0,213.26582278481013,1.0924050632911393,2.9,PIA,33088.380952380954,26495.0,31625.583333333332,27104.0,32203.958333333332,27029.0,80858.0,378810.5,4.0,,,4.0,5.0,,,,,,8.818181818181818,5.2,,,,,,308.09090909090907,263.0,,,,,,310.0,313.0,,,,,,85170.36363636363,100264.2,,,,,,81808.0,80858.0,,,,1,0,0,2
2024,16,34.029113924050634,33.7,34.4,32.177215189873415,31.0,34.0,994.7316455696202,994.5,995.0,False,44.3506329113924,41.6,48.0,213.26582278481013,1.0924050632911393,2.9,RIC,38307.75,26668.0,33767.454545454544,27515.0,33900.454545454544,27117.0,81300.0,195639.16666666674,6.0,,,,7.0,,,,,,,7.75,,,,,,,288.8333333333333,,,,,,,316.0,,,,,,,92604.41666666667,,,,,,,81300.0,,,,1,0,0,2
2024,16,34.029113924050634,33.7,34.4,32.177215189873415,31.0,34.0,994.7316455696202,994.5,995.0,False,44.3506329113924,41.6,48.0,213.26582278481013,1.0924050632911393,2.9,RUS,34352.882352941175,26676.0,31507.473684210527,27411.0,32188.61111111111,26987.0,81086.0,304472.0,2.0,,,2.0,3.0,,,,,,7.7,3.0,,,,,,308.6,251.5,,,,,,314.0,318.0,,,,,,85907.4,109199.0,,,,,,84218.0,81086.0,,,,1,0,0,2
2024,16,34.029113924050634,33.7,34.4,32.177215189873415,31.0,34.0,994.7316455696202,994.5,995.0,False,44.3506329113924,41.6,48.0,213.26582278481013,1.0924050632911393,2.9,SAI,36530.30434782609,26636.0,34134.230769230766,27278.0,34570.730769230766,26927.0,80841.0,214734.6,5.0,,,5.0,6.0,,,,,,11.0,5.0,,,,,,308.0833333333333,256.0,,,,,,316.0,314.0,,,,,,89664.75,106329.75,,,,,,81264.0,80841.0,,,,1,0,0,2
2024,16,34.029113924050634,33.7,34.4,32.177215189873415,31.0,34.0,994.7316455696202,994.5,995.0,False,44.3506329113924,41.6,48.0,213.26582278481013,1.0924050632911393,2.9,STR,37425.583333333336,26567.0,34892.653846153844,27373.0,34826.61538461538,27415.0,81363.0,206384.3999999999,5.0,,,5.0,6.0,,,,,,8.272727272727273,7.0,,,,,,302.8181818181818,282.42857142857144,,,,,,310.0,311.0,,,,,,94655.18181818182,101672.14285714286,,,,,,82413.0,81363.0,,,,1,0,0,2
2024,16,34.029113924050634,33.7,34.4,32.177215189873415,31.0,34.0,994.7316455696202,994.5,995.0,False,44.3506329113924,41.6,48.0,213.26582278481013,1.0924050632911393,2.9,TSU,35080.375,26506.0,36480.10526315789,27749.0,36596.05263157895,27392.0,81735.0,419222.0,4.0,,,5.0,4.0,,,,,,8.88888888888889,4.0,,,,,,271.6666666666667,316.0,,,,,,316.0,316.0,,,,,,101152.77777777778,81735.0,,,,,,82327.0,81735.0,,,,1,0,0,2
2024,16,34.029113924050634,33.7,34.4,32.177215189873415,31.0,34.0,994.7316455696202,994.5,995.0,False,44.3506329113924,41.6,48.0,213.26582278481013,1.0924050632911393,2.9,VER,33442.5,26823.0,33723.086956521736,27269.0,34879.217391304344,27170.0,81610.0,579634.0,2.0,,,3.0,2.0,,,,,,11.125,2.0,,,,,,284.9375,121.0,,,,,,310.0,121.0,,,,,,94014.125,91983.0,,,,,,81610.0,91983.0,,,,1,0,0,2
2024,16,34.029113924050634,33.7,34.4,32.177215189873415,31.0,34.0,994.7316455696202,994.5,995.0,False,44.3506329113924,41.6,48.0,213.26582278481013,1.0924050632911393,2.9,ZHO,36710.458333333336,26881.0,35723.5,27713.0,34080.5,27616.0,82223.0,271143.5,4.0,,,5.0,2.0,,,,,,11.166666666666666,2.0,,,,,,288.0,313.0,,,,,,311.0,313.0,,,,,,100563.72222222222,82223.0,,,,,,82969.0,82223.0,,,,1,0,0,2
2024,17,28.52926829268293,27.5,29.2,33.09756097560975,27.0,47.0,1015.0731707317074,1014.8,1015.3,False,36.34878048780487,32.9,41.2,115.8170731707317,1.224390243902439,2.6,ALB,44619.36363636364,37191.0,49233.32,42330.0,28005.44,24986.0,104737.0,215796.66666666666,3.0,,,3.0,4.0,,,,,,9.785714285714286,3.5,,,,,,331.64285714285717,329.0,,,,,,346.0,337.0,,,,,,116041.35714285714,119134.0,,,,,,105124.0,104737.0,,,,0,0,0,14
2024,17,28.52926829268293,27.5,29.2,33.09756097560975,27.0,47.0,1015.0731707317074,1014.8,1015.3,False,36.34878048780487,32.9,41.2,115.8170731707317,1.224390243902439,2.6,ALO,43525.045454545456,37246.0,49515.2,42532.0,28564.36,24905.0,104683.0,448330.0,2.0,,,3.0,2.0,,,,,,11.411764705882353,2.0,,,,,,328.1764705882353,342.0,,,,,,347.0,342.0,,,,,,115379.88235294117,104683.0,,,,,,105462.0,104683.0,,,,0,0,0,14
2024,17,28.52926829268293,27.5,29.2,33.09756097560975,27.0,47.0,1015.0731707317074,1014.8,1015.3,False,36.34878048780487,32.9,41.2,115.8170731707317,1.224390243902439,2.6,BEA,43724.47619047619,36957.0,49698.25,42312.0,27736.166666666668,25128.0,104547.0,470416.5,2.0,,,3.0,2.0,,,,,,11.461538461538462,3.0,,,,,,304.3076923076923,338.0,,,,,,337.0,338.0,,,,,,112795.07692307692,104555.5,,,,,,106126.0,104547.0,,,,0,0,0,14
2024,17,28.52926829268293,27.5,29.2,33.09756097560975,27.0,47.0,1015.0731707317074,1014.8,1015.3,False,36.34878048780487,32.9,41.2,115.8170731707317,1.224390243902439,2.6,BOT,43477.90476190476,36896.0,48262.791666666664,42687.0,28072.583333333332,25202.0,104785.0,513211.5,2.0,,,3.0,2.0,,,,,,10.875,2.5,,,,,,303.625,339.0,,,,,,343.0,341.0,,,,,,116953.5,124044.0,,,,,,105903.0,104785.0,,,,0,0,0,14
2024,17,28.52926829268293,27.5,29.2,33.09756097560975,27.0,47.0,1015.0731707317074,1014.8,1015.3,False,36.34878048780487,32.9,41.2,115.8170731707317,1.224390243902439,2.6,COL,45504.76190476191,37187.0,48918.391304347824,42240.0,28777.260869565216,25083.0,104749.0,208008.0,2.0,,,3.0,2.0,,,,,,9.928571428571429,2.5,,,,,,326.42857142857144,336.5,,,,,,336.0,338.0,,,,,,114242.64285714286,124588.5,,,,,,106012.0,104749.0,,,,0,0,0,14
2024,17,28.52926829268293,27.5,29.2,33.09756097560975,27.0,47.0,1015.0731707317074,1014.8,1015.3,False,36.34878048780487,32.9,41.2,115.8170731707317,1.224390243902439,2.6,GAS,44671.57894736842,37424.0,48087.72727272727,42748.0,28368.272727272728,25182.0,105391.0,219000.5,2.0,,,3.0,2.0,,,,,,9.181818181818182,3.6666666666666665,,,,,,296.8181818181818,335.0,,,,,,335.0,336.0,,,,,,115124.18181818182,114446.66666666667,,,,,,106155.0,105391.0,,,,0,0,0,14
2024,17,28.52926829268293,27.5,29.2,33.09756097560975,27.0,47.0,1015.0731707317074,1014.8,1015.3,False,36.34878048780487,32.9,41.2,115.8170731707317,1.224390243902439,2.6,HAM,47716.444444444445,36615.0,52445.77272727273,41961.0,30293.363636363636,24898.0,103550.0,259619.50000000003,4.0,5.0,,,4.0,,,,8.142857142857142,,,4.666666666666667,,,,332.2857142857143,,,293.6666666666667,,,,340.0,,,339.0,,,,109187.85714285714,,,117740.66666666667,,,,104994.0,,,103550.0,,,,0,0,0,14
2024,17,28.52926829268293,27.5,29.2,33.09756097560975,27.0,47.0,1015.0731707317074,1014.8,1015.3,False,36.34878048780487,32.9,41.2,115.8170731707317,1.224390243902439,2.6,HUL,43815.90476190476,37073.0,50058.166666666664,42286.0,28378.916666666668,25116.0,104475.0,437866.5,2.0,,,3.0,2.0,,,,,,10.615384615384615,3.3333333333333335,,,,,,302.84615384615387,335.3333333333333,,,,,,336.0,337.0,,,,,,115061.07692307692,111915.66666666667,,,,,,105802.0,104475.0,,,,0,0,0,14
2024,17,28.52926829268293,27.5,29.2,33.09756097560975,27.0,47.0,1015.0731707317074,1014.8,1015.3,False,36.34878048780487,32.9,41.2,115.8170731707317,1.224390243902439,2.6,LEC,46062.77777777778,36564.0,50478.85,41951.0,29123.3,24969.0,103484.0,478650.6666666667,3.0,,,4.0,3.0,,,,,,8.625,2.5,,,,,,327.375,336.75,,,,,,339.0,341.0,,,,,,113052.375,124150.5,,,,,,104202.0,103484.0,,,,0,0,0,14
2024,17,28.52926829268293,27.5,29.2,33.09756097560975,27.0,47.0,1015.0731707317074,1014.8,1015.3,False,36.34878048780487,32.9,41.2,115.8170731707317,1.224390243902439,2.6,NOR,42978.818181818184,36680.0,48286.36,41948.0,28022.2,25365.0,105156.0,294625.3333333333,3.0,,,3.0,4.0,,,,,,8.222222222222221,6.25,,,,,,329.22222222222223,287.875,,,,,,346.0,339.0,,,,,,109492.11111111111,120873.125,,,,,,105156.0,107864.0,,,,0,0,0,14
2024,17,28.52926829268293,27.5,29.2,33.09756097560975,27.0,47.0,1015.0731707317074,1014.8,1015.3,False,36.34878048780487,32.9,41.2,115.8170731707317,1.224390243902439,2.6,OCO,46174.80952380953,37633.0,50914.125,42802.0,29262.333333333332,25224.0,105810.0,283062.4999999999,2.0,,,3.0,2.0,,,,,,8.4,4.4,,,,,,323.3,335.6,,,,,,337.0,338.0,,,,,,113116.2,120133.0,,,,,,107341.0,105810.0,,,,0,0,0,14
2024,17,28.52926829268293,27.5,29.2,33.09756097560975,27.0,47.0,1015.0731707317074,1014.8,1015.3,False,36.34878048780487,32.9,41.2,115.8170731707317,1.224390243902439,2.6,PER,42366.1,36580.0,48805.09090909091,41847.0,28479.545454545456,25063.0,103490.0,558424.0,2.0,,,3.0,2.0,,,,,,10.642857142857142,2.0,,,,,,327.14285714285717,341.0,,,,,,341.0,341.0,,,,,,112423.57142857143,103490.0,,,,,,104361.0,103490.0,,,,0,0,0,14
2024,17,28.52926829268293,27.5,29.2,33.09756097560975,27.0,47.0,1015.0731707317074,1014.8,1015.3,False,36.34878048780487,32.9,41.2,115.8170731707317,1.224390243902439,2.6,PIA,45432.454545454544,36868.0,50403.72,42162.0,28031.28,24953.0,103983.0,287758.3333333333,3.0,,,4.0,2.0,,,,,,10.916666666666666,2.5,,,,,,325.6666666666667,339.0,,,,,,341.0,342.0,,,,,,109008.75,116270.5,,,,,,105718.0,103983.0,,,,0,0,0,14
2024,17,28.52926829268293,27.5,29.2,33.09756097560975,27.0,47.0,1015.0731707317074,1014.8,1015.3,False,36.34878048780487,32.9,41.2,115.8170731707317,1.224390243902439,2.6,RIC,46375.04347826087,37471.0,49596.03846153846,42312.0,28752.423076923078,25269.0,105056.0,240755.0,3.0,,,4.0,2.0,,,,,,11.857142857142858,2.0,,,,,,323.64285714285717,338.0,,,,,,339.0,338.0,,,,,,110843.85714285714,105056.0,,,,,,106166.0,105056.0,,,,0,0,0,14
2024,17,28.52926829268293,27.5,29.2,33.09756097560975,27.0,47.0,1015.0731707317074,1014.8,1015.3,False,36.34878048780487,32.9,41.2,115.8170731707317,1.224390243902439,2.6,RUS,44158.53333333333,37056.0,47744.0,42430.0,27614.4375,25050.0,104536.0,29364.500000000233,2.0,1.0,,,2.0,,,,6.5,,,2.0,,,,327.6,,,341.0,,,,339.0,,,341.0,,,,108711.2,,,104536.0,,,,107457.0,,,104536.0,,,,0,0,0,14
2024,17,28.52926829268293,27.5,29.2,33.09756097560975,27.0,47.0,1015.0731707317074,1014.8,1015.3,False,36.34878048780487,32.9,41.2,115.8170731707317,1.224390243902439,2.6,SAI,46335.90909090909,36678.0,51653.52,42196.0,28831.0,25076.0,103950.0,247784.66666666666,3.0,,,4.0,3.0,,,,,,10.75,3.5,,,,,,312.5,335.0,,,,,,337.0,337.0,,,,,,112827.58333333333,126488.5,,,,,,104323.0,103950.0,,,,0,0,0,14
2024,17,28.52926829268293,27.5,29.2,33.09756097560975,27.0,47.0,1015.0731707317074,1014.8,1015.3,False,36.34878048780487,32.9,41.2,115.8170731707317,1.224390243902439,2.6,STR,46144.619047619046,37084.0,51158.416666666664,42276.0,28350.083333333332,24733.0,104093.0,486217.0,2.0,,,3.0,2.0,,,,,,10.416666666666666,3.5,,,,,,307.6666666666667,325.0,,,,,,344.0,345.0,,,,,,118211.5,123474.25,,,,,,106190.0,104093.0,,,,0,0,0,14
2024,17,28.52926829268293,27.5,29.2,33.09756097560975,27.0,47.0,1015.0731707317074,1014.8,1015.3,False,36.34878048780487,32.9,41.2,115.8170731707317,1.224390243902439,2.6,TSU,46500.23809523809,37055.0,48852.458333333336,42329.0,28789.375,25261.0,104645.0,480037.5,2.0,,,3.0,2.0,,,,,,10.615384615384615,3.0,,,,,,323.3076923076923,335.5,,,,,,337.0,336.0,,,,,,110537.07692307692,124655.0,,,,,,105648.0,104645.0,,,,0,0,0,14
2024,17,28.52926829268293,27.5,29.2,33.09756097560975,27.0,47.0,1015.0731707317074,1014.8,1015.3,False,36.34878048780487,32.9,41.2,115.8170731707317,1.224390243902439,2.6,VER,45174.80952380953,36640.0,51251.083333333336,41797.0,29356.333333333332,25457.0,104029.0,308354.6666666667,3.0,,,4.0,3.0,,,,,,8.785714285714286,4.0,,,,,,321.2857142857143,335.0,,,,,,338.0,336.0,,,,,,116313.57142857143,125598.0,,,,,,105052.0,104029.0,,,,0,0,0,14
2024,17,28.52926829268293,27.5,29.2,33.09756097560975,27.0,47.0,1015.0731707317074,1014.8,1015.3,False,36.34878048780487,32.9,41.2,115.8170731707317,1.224390243902439,2.6,ZHO,46447.86363636364,37356.0,51857.16,43276.0,29260.8,25054.0,105947.0,278036.6666666667,3.0,,,4.0,2.0,,,,,,7.909090909090909,4.2,,,,,,324.3636363636364,335.8,,,,,,340.0,339.0,,,,,,120911.81818181818,120777.2,,,,,,107883.0,105947.0,,,,0,0,0,14
2024,18,30.181707317073172,30.0,30.3,73.98780487804878,73.0,75.0,1008.1158536585366,1007.8,1008.6,False,32.95,32.3,33.6,203.09756097560975,1.6597560975609755,2.4,ALB,34871.77272727273,27124.0,47752.769230769234,38527.0,32287.153846153848,25953.0,91650.0,232453.5,4.0,,,4.0,5.0,,,,,,10.181818181818182,5.5,,,,,,245.9090909090909,201.0,,,,,,255.0,255.0,,,,,,96946.0,113134.0,,,,,,92238.0,91650.0,,,,0,0,0,5
2024,18,30.181707317073172,30.0,30.3,73.98780487804878,73.0,75.0,1008.1158536585366,1007.8,1008.6,False,32.95,32.3,33.6,203.09756097560975,1.6597560975609755,2.4,ALO,36353.454545454544,27073.0,49090.04,38665.0,34168.12,26010.0,91750.0,297169.3333333333,3.0,,,1.0,4.0,,,,,,4.2,10.454545454545455,,,,,,252.0,228.45454545454547,,,,,,253.0,254.0,,,,,,112771.4,101999.81818181818,,,,,,92966.0,91750.0,,,,0,0,0,5
2024,18,30.181707317073172,30.0,30.3,73.98780487804878,73.0,75.0,1008.1158536585366,1007.8,1008.6,False,32.95,32.3,33.6,203.09756097560975,1.6597560975609755,2.4,BOT,34866.565217391304,27308.0,47105.346153846156,39179.0,35034.38461538462,26299.0,92786.0,315933.3333333333,3.0,4.0,,,2.0,,,,11.071428571428571,,,3.5,,,,229.64285714285714,,,237.75,,,,250.0,,,252.0,,,,104642.35714285714,,,117443.0,,,,95066.0,,,92786.0,,,,0,0,0,5
2024,18,30.181707317073172,30.0,30.3,73.98780487804878,73.0,75.0,1008.1158536585366,1007.8,1008.6,False,32.95,32.3,33.6,203.09756097560975,1.6597560975609755,2.4,COL,33588.59090909091,27212.0,46122.692307692305,38709.0,33161.807692307695,25897.0,92057.0,245938.5,4.0,5.0,,,3.0,,,,10.1875,,,3.5,,,,236.125,,,245.0,,,,254.0,,,252.0,,,,106509.3125,,,94331.5,,,,93012.0,,,92057.0,,,,0,0,0,5
2024,18,30.181707317073172,30.0,30.3,73.98780487804878,73.0,75.0,1008.1158536585366,1007.8,1008.6,False,32.95,32.3,33.6,203.09756097560975,1.6597560975609755,2.4,GAS,35616.333333333336,27296.0,48504.88888888889,38760.0,31425.333333333332,26051.0,92222.0,271881.3333333333,3.0,,,4.0,3.0,,,,,,12.4,3.5,,,,,,232.53333333333333,255.5,,,,,,254.0,257.0,,,,,,100010.0,92285.5,,,,,,93185.0,92222.0,,,,0,0,0,5
2024,18,30.181707317073172,30.0,30.3,73.98780487804878,73.0,75.0,1008.1158536585366,1007.8,1008.6,False,32.95,32.3,33.6,203.09756097560975,1.6597560975609755,2.4,HAM,33541.3,27200.0,47363.541666666664,38495.0,32244.391304347828,26014.0,91709.0,365188.0,3.0,,,4.0,3.0,,,,,,12.714285714285714,2.0,,,,,,229.0,255.0,,,,,,252.0,255.0,,,,,,101545.07142857143,91709.0,,,,,,93200.0,91709.0,,,,0,0,0,5
2024,18,30.181707317073172,30.0,30.3,73.98780487804878,73.0,75.0,1008.1158536585366,1007.8,1008.6,False,32.95,32.3,33.6,203.09756097560975,1.6597560975609755,2.4,HUL,33567.913043478264,27165.0,46948.88461538462,38565.0,33309.11538461538,25937.0,91667.0,294613.0,3.0,,,4.0,2.0,,,,,,12.4,2.0,,,,,,231.33333333333334,249.0,,,,,,252.0,249.0,,,,,,101127.6,91667.0,,,,,,92812.0,91667.0,,,,0,0,0,5
2024,18,30.181707317073172,30.0,30.3,73.98780487804878,73.0,75.0,1008.1158536585366,1007.8,1008.6,False,32.95,32.3,33.6,203.09756097560975,1.6597560975609755,2.4,LEC,36270.48,26891.0,46820.67857142857,38196.0,33691.892857142855,25607.0,90785.0,158196.50000000006,4.0,,,5.0,4.0,,,,,,13.0,3.5,,,,,,229.73333333333332,257.5,,,,,,257.0,258.0,,,,,,101334.93333333333,90799.5,,,,,,91665.0,90785.0,,,,0,0,0,5
2024,18,30.181707317073172,30.0,30.3,73.98780487804878,73.0,75.0,1008.1158536585366,1007.8,1008.6,False,32.95,32.3,33.6,203.09756097560975,1.6597560975609755,2.4,MAG,34863.260869565216,27084.0,50904.92307692308,38571.0,32185.53846153846,26021.0,91793.0,378306.0,2.0,,,1.0,3.0,,,,,,4.0,11.0,,,,,,255.0,232.71428571428572,,,,,,256.0,258.0,,,,,,93395.0,104278.14285714286,,,,,,92983.0,91793.0,,,,0,0,0,5
2024,18,30.181707317073172,30.0,30.3,73.98780487804878,73.0,75.0,1008.1158536585366,1007.8,1008.6,False,32.95,32.3,33.6,203.09756097560975,1.6597560975609755,2.4,NOR,34421.833333333336,26915.0,46125.62962962963,38210.0,32581.037037037036,25602.0,90727.0,220307.25,4.0,5.0,,,4.0,,,,6.5,,,9.545454545454545,,,,218.5,,,247.1818181818182,,,,256.0,,,257.0,,,,106086.5,,,100927.81818181818,,,,92675.0,,,90727.0,,,,0,0,0,5
2024,18,30.181707317073172,30.0,30.3,73.98780487804878,73.0,75.0,1008.1158536585366,1007.8,1008.6,False,32.95,32.3,33.6,203.09756097560975,1.6597560975609755,2.4,OCO,34011.375,27294.0,48365.03703703704,38800.0,33146.92592592593,25980.0,92119.0,418392.0,2.0,3.0,,,2.0,,,,12.4,,,3.6666666666666665,,,,232.6,,,255.33333333333334,,,,255.0,,,257.0,,,,102410.06666666667,,,109424.33333333333,,,,93953.0,,,92119.0,,,,0,0,0,5
2024,18,30.181707317073172,30.0,30.3,73.98780487804878,73.0,75.0,1008.1158536585366,1007.8,1008.6,False,32.95,32.3,33.6,203.09756097560975,1.6597560975609755,2.4,PER,34764.80952380953,27095.0,46194.72,38639.0,33953.0,25864.0,91598.0,263258.5,4.0,5.0,,,4.0,,,,11.23076923076923,,,3.5,,,,231.3846153846154,,,259.0,,,,254.0,,,260.0,,,,104334.76923076923,,,91691.5,,,,93266.0,,,91598.0,,,,0,0,0,5
2024,18,30.181707317073172,30.0,30.3,73.98780487804878,73.0,75.0,1008.1158536585366,1007.8,1008.6,False,32.95,32.3,33.6,203.09756097560975,1.6597560975609755,2.4,PIA,36231.625,26951.0,47074.25925925926,38544.0,33883.11111111111,25979.0,91474.0,172350.4,5.0,,,6.0,3.0,,,,,,12.071428571428571,3.5,,,,,,230.35714285714286,257.0,,,,,,254.0,259.0,,,,,,109607.28571428571,107117.5,,,,,,93058.0,91474.0,,,,0,0,0,5
2024,18,30.181707317073172,30.0,30.3,73.98780487804878,73.0,75.0,1008.1158536585366,1007.8,1008.6,False,32.95,32.3,33.6,203.09756097560975,1.6597560975609755,2.4,RIC,33431.52173913043,27055.0,47890.5,38396.0,32170.96153846154,26027.0,91478.0,489317.5,2.0,,,3.0,2.0,,,,,,12.533333333333333,3.0,,,,,,227.2,253.0,,,,,,255.0,256.0,,,,,,102967.4,115201.5,,,,,,92652.0,91478.0,,,,0,0,0,5
2024,18,30.181707317073172,30.0,30.3,73.98780487804878,73.0,75.0,1008.1158536585366,1007.8,1008.6,False,32.95,32.3,33.6,203.09756097560975,1.6597560975609755,2.4,RUS,35775.36363636364,27005.0,47297.458333333336,38378.0,34959.48,25984.0,91488.0,164702.75,4.0,,,5.0,3.0,,,,,,12.153846153846153,2.0,,,,,,246.3846153846154,253.0,,,,,,254.0,253.0,,,,,,98558.30769230769,91488.0,,,,,,92365.0,91488.0,,,,0,0,0,5
2024,18,30.181707317073172,30.0,30.3,73.98780487804878,73.0,75.0,1008.1158536585366,1007.8,1008.6,False,32.95,32.3,33.6,203.09756097560975,1.6597560975609755,2.4,SAI,34658.041666666664,26971.0,49742.25925925926,38441.0,35293.51851851852,25910.0,91356.0,210743.0,3.0,,,4.0,3.0,,,,,,12.285714285714286,3.5,,,,,,236.42857142857142,252.5,,,,,,257.0,256.0,,,,,,102112.57142857143,109078.0,,,,,,91930.0,91356.0,,,,0,0,0,5
2024,18,30.181707317073172,30.0,30.3,73.98780487804878,73.0,75.0,1008.1158536585366,1007.8,1008.6,False,32.95,32.3,33.6,203.09756097560975,1.6597560975609755,2.4,STR,35896.59090909091,27163.0,49384.68,38689.0,34816.92,26070.0,91957.0,447499.0,2.0,,,3.0,2.0,,,,,,10.727272727272727,4.333333333333333,,,,,,227.0,251.0,,,,,,250.0,254.0,,,,,,101066.18181818182,105272.66666666667,,,,,,93339.0,91957.0,,,,0,0,0,5
2024,18,30.181707317073172,30.0,30.3,73.98780487804878,73.0,75.0,1008.1158536585366,1007.8,1008.6,False,32.95,32.3,33.6,203.09756097560975,1.6597560975609755,2.4,TSU,34119.64,27061.0,46750.82142857143,38492.0,32321.14285714286,25915.0,91468.0,382527.0,2.0,3.0,,,2.0,,,,12.8125,,,3.6666666666666665,,,,233.375,,,253.66666666666666,,,,255.0,,,256.0,,,,102929.3125,,,107330.66666666667,,,,92582.0,,,91468.0,,,,0,0,0,5
2024,18,30.181707317073172,30.0,30.3,73.98780487804878,73.0,75.0,1008.1158536585366,1007.8,1008.6,False,32.95,32.3,33.6,203.09756097560975,1.6597560975609755,2.4,VER,33334.75,27240.0,47431.375,38642.0,33844.416666666664,26130.0,92021.0,386743.3333333333,3.0,4.0,,,2.0,,,,9.916666666666666,,,3.0,,,,231.0,,,251.5,,,,255.0,,,254.0,,,,105680.75,,,92166.5,,,,93324.0,,,92021.0,,,,0,0,0,5
2024,18,30.181707317073172,30.0,30.3,73.98780487804878,73.0,75.0,1008.1158536585366,1007.8,1008.6,False,32.95,32.3,33.6,203.09756097560975,1.6597560975609755,2.4,ZHO,36136.47826086957,27308.0,47961.807692307695,38869.0,33841.346153846156,26182.0,92359.0,254135.75,4.0,,,5.0,3.0,,,,,,10.125,3.5,,,,,,227.375,251.5,,,,,,250.0,252.0,,,,,,111356.3125,92582.0,,,,,,93800.0,92359.0,,,,0,0,0,5
2024,20,22.755963302752296,22.1,23.0,27.513761467889907,19.0,34.0,783.3422018348624,783.2,783.6,False,37.789908256880736,31.3,42.9,255.9724770642202,1.4238532110091742,3.1,ALO,31921.44827586207,27931.0,34599.17647058824,30352.0,23315.91176470588,20123.0,78579.0,502440.0,5.0,,,6.0,,5.0,,,,,3.5,,8.4,,,,,205.25,,243.15,,,,,252.0,,248.0,,,,,94214.0,,84828.85,,,,,78579.0,,78938.0,,,1,0,0,4
2024,20,22.755963302752296,22.1,23.0,27.513761467889907,19.0,34.0,783.3422018348624,783.2,783.6,False,37.789908256880736,31.3,42.9,255.9724770642202,1.4238532110091742,3.1,BOT,30433.821428571428,27675.0,33717.875,30310.0,24165.125,20161.0,78351.0,752486.6666666666,3.0,,,,,4.0,,,,,,,8.833333333333334,,,,,,,243.66666666666666,,,,,,,251.0,,,,,,,87244.45833333333,,,,,,,78351.0,,,1,0,0,4
2024,20,22.755963302752296,22.1,23.0,27.513761467889907,19.0,34.0,783.3422018348624,783.2,783.6,False,37.789908256880736,31.3,42.9,255.9724770642202,1.4238532110091742,3.1,COL,30710.80769230769,28001.0,34611.26666666667,30240.0,24262.566666666666,20339.0,78908.0,691983.0,3.0,,,,,4.0,,,,,,,8.454545454545455,,,,,,,236.8181818181818,,,,,,,249.0,,,,,,,87339.86363636363,,,,,,,78908.0,,,1,0,0,4
2024,20,22.755963302752296,22.1,23.0,27.513761467889907,19.0,34.0,783.3422018348624,783.2,783.6,False,37.789908256880736,31.3,42.9,255.9724770642202,1.4238532110091742,3.1,GAS,30842.03846153846,27989.0,34363.333333333336,30604.0,23032.733333333334,20349.0,78942.0,901571.3333333334,3.0,,,,,4.0,,,,,,,8.454545454545455,,,,,,,245.6818181818182,,,,,,,250.0,,,,,,,86667.81818181818,,,,,,,78942.0,,,1,0,0,4
2024,20,22.755963302752296,22.1,23.0,27.513761467889907,19.0,34.0,783.3422018348624,783.2,783.6,False,37.789908256880736,31.3,42.9,255.9724770642202,1.4238532110091742,3.1,HAM,31896.677419354837,27699.0,35414.194444444445,30316.0,24118.82857142857,20255.0,78279.0,587063.75,4.0,,,5.0,,4.0,,,,,2.5,,8.833333333333334,,,,,163.5,,242.375,,,,,250.0,,253.0,,,,,96544.0,,88432.625,,,,,79030.0,,78279.0,,,1,0,0,4
2024,20,22.755963302752296,22.1,23.0,27.513761467889907,19.0,34.0,783.3422018348624,783.2,783.6,False,37.789908256880736,31.3,42.9,255.9724770642202,1.4238532110091742,3.1,HUL,29889.8,27860.0,33507.23529411765,30356.0,23860.58823529412,20405.0,78621.0,704795.0,3.0,,,,,4.0,,,,,,,9.538461538461538,,,,,,,244.8846153846154,,,,,,,251.0,,,,,,,85155.76923076923,,,,,,,78621.0,,,1,0,0,4
2024,20,22.755963302752296,22.1,23.0,27.513761467889907,19.0,34.0,783.3422018348624,783.2,783.6,False,37.789908256880736,31.3,42.9,255.9724770642202,1.4238532110091742,3.1,LAW,31366.4,28006.0,33943.892857142855,30324.0,22508.714285714286,20230.0,78560.0,687604.0,3.0,,,,,4.0,,,,,,,8.285714285714286,,,,,,,243.47619047619048,,,,,,,249.0,,,,,,,86247.23809523809,,,,,,,78560.0,,,1,0,0,4
2024,20,22.755963302752296,22.1,23.0,27.513761467889907,19.0,34.0,783.3422018348624,783.2,783.6,False,37.789908256880736,31.3,42.9,255.9724770642202,1.4238532110091742,3.1,LEC,31744.925925925927,27488.0,34495.54838709677,30112.0,24203.290322580644,20199.0,77887.0,163166.5,4.0,,,5.0,,4.0,,,,,1.5,,7.9,,,,,154.5,,245.45,,,,,249.0,,252.0,,,,,110167.5,,85828.45,,,,,107060.0,,77887.0,,,1,0,0,4
2024,20,22.755963302752296,22.1,23.0,27.513761467889907,19.0,34.0,783.3422018348624,783.2,783.6,False,37.789908256880736,31.3,42.9,255.9724770642202,1.4238532110091742,3.1,MAG,30425.633333333335,27820.0,34295.17647058824,30236.0,23140.823529411766,20183.0,78239.0,656104.3333333334,3.0,,,,,4.0,,,,,,,9.538461538461538,,,,,,,245.3846153846154,,,,,,,251.0,,,,,,,85885.38461538461,,,,,,,78239.0,,,1,0,0,4
2024,20,22.755963302752296,22.1,23.0,27.513761467889907,19.0,34.0,783.3422018348624,783.2,783.6,False,37.789908256880736,31.3,42.9,255.9724770642202,1.4238532110091742,3.1,NOR,31136.41935483871,27823.0,33734.25,30195.0,23358.277777777777,19799.0,77948.0,618321.25,4.0,,,5.0,,4.0,,,,,3.5,,8.454545454545455,,,,,205.75,,242.6818181818182,,,,,250.0,,249.0,,,,,95491.0,,84656.81818181818,,,,,77948.0,,78405.0,,,1,0,0,4
2024,20,22.755963302752296,22.1,23.0,27.513761467889907,19.0,34.0,783.3422018348624,783.2,783.6,False,37.789908256880736,31.3,42.9,255.9724770642202,1.4238532110091742,3.1,OCO,30522.384615384617,27861.0,34125.433333333334,30456.0,23284.366666666665,20221.0,78656.0,796669.6666666666,3.0,,,,,4.0,,,,,,,8.454545454545455,,,,,,,245.8181818181818,,,,,,,251.0,,,,,,,86176.90909090909,,,,,,,78656.0,,,1,0,0,4
2024,20,22.755963302752296,22.1,23.0,27.513761467889907,19.0,34.0,783.3422018348624,783.2,783.6,False,37.789908256880736,31.3,42.9,255.9724770642202,1.4238532110091742,3.1,PER,30875.285714285714,27903.0,34054.375,30091.0,23780.03125,20356.0,78392.0,850994.6666666666,3.0,,,,,4.0,,,,,,,9.0,,,,,,,243.25,,,,,,,249.0,,,,,,,86075.5,,,,,,,78392.0,,,1,0,0,4
2024,20,22.755963302752296,22.1,23.0,27.513761467889907,19.0,34.0,783.3422018348624,783.2,783.6,False,37.789908256880736,31.3,42.9,255.9724770642202,1.4238532110091742,3.1,PIA,30201.19230769231,27961.0,33343.5,29946.0,23993.5,19965.0,77877.0,819801.3333333334,3.0,,,,,4.0,,,,,,,8.454545454545455,,,,,,,244.04545454545453,,,,,,,249.0,,,,,,,85790.68181818182,,,,,,,77877.0,,,1,0,0,4
2024,20,22.755963302752296,22.1,23.0,27.513761467889907,19.0,34.0,783.3422018348624,783.2,783.6,False,37.789908256880736,31.3,42.9,255.9724770642202,1.4238532110091742,3.1,RUS,34587.0,27877.0,45901.333333333336,30446.0,27291.0,20718.0,79041.0,,,,,,,1.0,,,,,,,2.5,,,,,,,251.0,,,,,,,251.0,,,,,,,110072.5,,,,,,,79041.0,,,1,0,0,4
2024,20,22.755963302752296,22.1,23.0,27.513761467889907,19.0,34.0,783.3422018348624,783.2,783.6,False,37.789908256880736,31.3,42.9,255.9724770642202,1.4238532110091742,3.1,SAI,31220.033333333333,27465.0,34167.794117647056,30128.0,23520.617647058825,20072.0,77699.0,685048.0,3.0,,,,,4.0,,,,,,,9.538461538461538,,,,,,,246.3846153846154,,,,,,,253.0,,,,,,,85829.53846153847,,,,,,,77699.0,,,1,0,0,4
2024,20,22.755963302752296,22.1,23.0,27.513761467889907,19.0,34.0,783.3422018348624,783.2,783.6,False,37.789908256880736,31.3,42.9,255.9724770642202,1.4238532110091742,3.1,STR,30875.066666666666,28022.0,33961.82352941176,30505.0,23137.147058823528,20363.0,78890.0,719736.6666666666,3.0,,,,,4.0,,,,,,,9.538461538461538,,,,,,,241.23076923076923,,,,,,,246.0,,,,,,,85683.92307692308,,,,,,,78890.0,,,1,0,0,4
2024,20,22.755963302752296,22.1,23.0,27.513761467889907,19.0,34.0,783.3422018348624,783.2,783.6,False,37.789908256880736,31.3,42.9,255.9724770642202,1.4238532110091742,3.1,TSU,30918.5,27670.0,34070.26666666667,30009.0,22651.066666666666,20199.0,77878.0,764789.0,3.0,,,,,4.0,,,,,,,8.454545454545455,,,,,,,244.04545454545453,,,,,,,250.0,,,,,,,85851.04545454546,,,,,,,77878.0,,,1,0,0,4
2024,20,22.755963302752296,22.1,23.0,27.513761467889907,19.0,34.0,783.3422018348624,783.2,783.6,False,37.789908256880736,31.3,42.9,255.9724770642202,1.4238532110091742,3.1,VER,30073.0,28039.0,36039.25,33565.0,29784.0,25546.0,88234.0,1802898.0,1.0,,,,,,,,,,,,,,,,,,,,,,,,,,,,,,,,,,,,,,,,,,,1,0,0,4
2024,20,22.755963302752296,22.1,23.0,27.513761467889907,19.0,34.0,783.3422018348624,783.2,783.6,False,37.789908256880736,31.3,42.9,255.9724770642202,1.4238532110091742,3.1,ZHO,32169.0,27881.0,34337.24324324324,30615.0,23536.027027027027,20484.0,78980.0,578106.25,4.0,,,5.0,,4.0,,,,,3.5,,8.454545454545455,,,,,218.66666666666666,,242.8181818181818,,,,,243.0,,251.0,,,,,90035.16666666667,,86597.13636363637,,,,,82259.0,,78980.0,,,1,0,0,4
2024,22,11.146296296296297,10.8,11.5,24.290123456790123,23.0,26.0,947.783950617284,947.6,948.0,False,12.870987654320986,12.6,13.2,216.62345679012347,0.9117283950617283,1.4,ALB,28091.5,27627.0,34893.0,32503.999999999996,42459.333333333336,37557.0,99629.0,1556798.0,1.0,,,1.0,,,,,,,2.0,,,,,,,314.0,,,,,,,314.0,,,,,,,99629.0,,,,,,,99629.0,,,,,1,1,0,11
2024,22,11.146296296296297,10.8,11.5,24.290123456790123,23.0,26.0,947.783950617284,947.6,948.0,False,12.870987654320986,12.6,13.2,216.62345679012347,0.9117283950617283,1.4,ALO,31939.809523809523,26678.0,36736.916666666664,31977.0,40964.0,36634.0,95440.0,500258.0,2.0,,,3.0,2.0,,,,,,8.833333333333334,5.0,,,,,,284.75,309.2857142857143,,,,,,316.0,316.0,,,,,,104824.16666666667,110934.0,,,,,,96685.0,95440.0,,,,1,1,0,11
2024,22,11.146296296296297,10.8,11.5,24.290123456790123,23.0,26.0,947.783950617284,947.6,948.0,False,12.870987654320986,12.6,13.2,216.62345679012347,0.9117283950617283,1.4,BOT,32832.2,26747.0,35660.357142857145,31730.0,41470.555555555555,36421.0,95020.0,297824.3333333333,3.0,,,4.0,2.0,,,,,,10.125,4.5,,,,,,291.6875,316.8333333333333,,,,,,316.0,320.0,,,,,,107123.4375,111864.16666666667,,,,,,96799.0,95020.0,,,,1,1,0,11
2024,22,11.146296296296297,10.8,11.5,24.290123456790123,23.0,26.0,947.783950617284,947.6,948.0,False,12.870987654320986,12.6,13.2,216.62345679012347,0.9117283950617283,1.4,COL,31637.296296296296,27047.0,35575.9,31856.0,40867.36666666667,36713.0,95868.0,221531.33333333334,3.0,,,3.0,4.0,,,,,,9.642857142857142,6.222222222222222,,,,,,314.07142857142856,285.0,,,,,,317.0,319.0,,,,,,102779.5,112129.33333333333,,,,,,96497.0,95868.0,,,,1,1,0,11
2024,22,11.146296296296297,10.8,11.5,24.290123456790123,23.0,26.0,947.783950617284,947.6,948.0,False,12.870987654320986,12.6,13.2,216.62345679012347,0.9117283950617283,1.4,GAS,31893.555555555555,26773.0,36176.9,31714.0,39900.933333333334,36164.0,94651.0,347915.5,2.0,,,3.0,2.0,,,,,,12.157894736842104,4.0,,,,,,300.2105263157895,319.4,,,,,,321.0,322.0,,,,,,105134.21052631579,106328.6,,,,,,95891.0,94651.0,,,,1,1,0,11
2024,22,11.146296296296297,10.8,11.5,24.290123456790123,23.0,26.0,947.783950617284,947.6,948.0,False,12.870987654320986,12.6,13.2,216.62345679012347,0.9117283950617283,1.4,HAM,33841.23809523809,26396.0,38096.708333333336,31413.0,41918.083333333336,36016.0,93825.0,509453.5,2.0,,,1.0,3.0,,,,,,4.5,9.23076923076923,,,,,,316.6666666666667,287.15384615384613,,,,,,319.0,321.0,,,,,,113359.66666666667,110968.46153846153,,,,,,95389.0,93825.0,,,,1,1,0,11
2024,22,11.146296296296297,10.8,11.5,24.290123456790123,23.0,26.0,947.783950617284,947.6,948.0,False,12.870987654320986,12.6,13.2,216.62345679012347,0.9117283950617283,1.4,HUL,31347.238095238095,26661.0,35772.083333333336,31575.0,42455.434782608696,36582.0,94818.0,583559.5,2.0,,,3.0,2.0,,,,,,9.928571428571429,3.6666666666666665,,,,,,293.5,317.0,,,,,,318.0,318.0,,,,,,103755.92857142857,109481.66666666667,,,,,,96280.0,94818.0,,,,1,1,0,11
2024,22,11.146296296296297,10.8,11.5,24.290123456790123,23.0,26.0,947.783950617284,947.6,948.0,False,12.870987654320986,12.6,13.2,216.62345679012347,0.9117283950617283,1.4,LAW,32352.5,27065.0,36126.69565217391,31787.0,41975.95652173913,36765.0,95671.0,495377.4999999999,2.0,,,3.0,2.0,,,,,,10.2,3.0,,,,,,292.26666666666665,315.0,,,,,,316.0,316.0,,,,,,107564.4,105631.66666666667,,,,,,96719.0,95671.0,,,,1,1,0,11
2024,22,11.146296296296297,10.8,11.5,24.290123456790123,23.0,26.0,947.783950617284,947.6,948.0,False,12.870987654320986,12.6,13.2,216.62345679012347,0.9117283950617283,1.4,LEC,30036.44,26572.0,34898.07142857143,31484.0,41562.21428571428,36128.0,94313.0,396669.0,2.0,,,3.0,2.0,,,,,,11.5,4.0,,,,,,299.94444444444446,319.0,,,,,,326.0,320.0,,,,,,103782.77777777778,107380.4,,,,,,94476.0,94313.0,,,,1,1,0,11
2024,22,11.146296296296297,10.8,11.5,24.290123456790123,23.0,26.0,947.783950617284,947.6,948.0,False,12.870987654320986,12.6,13.2,216.62345679012347,0.9117283950617283,1.4,MAG,31212.3125,26546.0,36224.89473684211,31554.0,43106.52631578947,36550.0,94686.0,554399.3333333334,3.0,,,1.0,4.0,,,,,,2.5,8.9,,,,,,313.5,285.0,,,,,,316.0,320.0,,,,,,116826.0,106796.3,,,,,,97711.0,94686.0,,,,1,1,0,11
2024,22,11.146296296296297,10.8,11.5,24.290123456790123,23.0,26.0,947.783950617284,947.6,948.0,False,12.870987654320986,12.6,13.2,216.62345679012347,0.9117283950617283,1.4,NOR,32344.272727272728,26513.0,36127.24,31287.0,42281.791666666664,36036.0,93836.0,284183.0,4.0,,,4.0,5.0,,,,,,8.666666666666666,3.4,,,,,,315.4166666666667,266.4,,,,,,319.0,321.0,,,,,,104160.0,123390.2,,,,,,95406.0,93836.0,,,,1,1,0,11
2024,22,11.146296296296297,10.8,11.5,24.290123456790123,23.0,26.0,947.783950617284,947.6,948.0,False,12.870987654320986,12.6,13.2,216.62345679012347,0.9117283950617283,1.4,OCO,30711.08695652174,27015.0,36028.46153846154,31966.0,41496.307692307695,36158.0,95221.0,560371.5,2.0,,,3.0,2.0,,,,,,10.2,3.5,,,,,,316.26666666666665,322.0,,,,,,324.0,324.0,,,,,,102819.73333333334,107641.5,,,,,,96353.0,95221.0,,,,1,1,0,11
2024,22,11.146296296296297,10.8,11.5,24.290123456790123,23.0,26.0,947.783950617284,947.6,948.0,False,12.870987654320986,12.6,13.2,216.62345679012347,0.9117283950617283,1.4,PER,30804.909090909092,26970.0,36265.64,31794.0,41949.791666666664,36820.0,96055.0,476028.5,2.0,,,3.0,2.0,,,,,,10.2,3.0,,,,,,314.53333333333336,281.3333333333333,,,,,,318.0,316.0,,,,,,102813.73333333334,123478.0,,,,,,96055.0,114512.0,,,,1,1,0,11
2024,22,11.146296296296297,10.8,11.5,24.290123456790123,23.0,26.0,947.783950617284,947.6,948.0,False,12.870987654320986,12.6,13.2,216.62345679012347,0.9117283950617283,1.4,PIA,31927.17391304348,26536.0,35777.4,31686.0,41413.4,36238.0,94798.0,323283.3333333333,3.0,,,3.0,4.0,,,,,,11.076923076923077,4.833333333333333,,,,,,315.3076923076923,272.5,,,,,,323.0,319.0,,,,,,103165.92307692308,114185.0,,,,,,95819.0,94798.0,,,,1,1,0,11
2024,22,11.146296296296297,10.8,11.5,24.290123456790123,23.0,26.0,947.783950617284,947.6,948.0,False,12.870987654320986,12.6,13.2,216.62345679012347,0.9117283950617283,1.4,RUS,32108.346153846152,26276.0,37540.58620689655,31405.0,41109.21428571428,36182.0,94015.0,364091.5,2.0,,,3.0,2.0,,,,,,10.75,4.5,,,,,,316.4375,298.1666666666667,,,,,,321.0,322.0,,,,,,102749.6875,114099.66666666667,,,,,,94657.0,94015.0,,,,1,1,0,11
2024,22,11.146296296296297,10.8,11.5,24.290123456790123,23.0,26.0,947.783950617284,947.6,948.0,False,12.870987654320986,12.6,13.2,216.62345679012347,0.9117283950617283,1.4,SAI,31150.19230769231,26643.0,35881.41379310345,31482.0,41220.92857142857,35980.0,94105.0,324660.5,2.0,,,3.0,2.0,,,,,,12.052631578947368,3.5,,,,,,301.7368421052632,318.75,,,,,,324.0,323.0,,,,,,105800.68421052632,113342.5,,,,,,94775.0,94105.0,,,,1,1,0,11
2024,22,11.146296296296297,10.8,11.5,24.290123456790123,23.0,26.0,947.783950617284,947.6,948.0,False,12.870987654320986,12.6,13.2,216.62345679012347,0.9117283950617283,1.4,STR,31722.125,26833.0,34903.40740740741,31750.0,41364.74074074074,36661.0,95251.0,307909.33333333326,3.0,,,3.0,4.0,,,,,,8.666666666666666,5.875,,,,,,312.1666666666667,285.125,,,,,,316.0,320.0,,,,,,102070.33333333333,110584.125,,,,,,96497.0,95251.0,,,,1,1,0,11
2024,22,11.146296296296297,10.8,11.5,24.290123456790123,23.0,26.0,947.783950617284,947.6,948.0,False,12.870987654320986,12.6,13.2,216.62345679012347,0.9117283950617283,1.4,TSU,34789.3,26896.0,35856.86956521739,31713.0,42799.09090909091,36388.0,94997.0,248619.25000000006,4.0,,,5.0,3.0,,,,,,8.642857142857142,2.0,,,,,,294.5,313.0,,,,,,320.0,313.0,,,,,,105844.57142857143,94997.0,,,,,,95922.0,94997.0,,,,1,1,0,11
2024,22,11.146296296296297,10.8,11.5,24.290123456790123,23.0,26.0,947.783950617284,947.6,948.0,False,12.870987654320986,12.6,13.2,216.62345679012347,0.9117283950617283,1.4,VER,31158.909090909092,26845.0,34885.0,31723.0,41926.708333333336,36658.0,95834.0,546131.0,2.0,,,3.0,2.0,,,,,,11.61111111111111,2.0,,,,,,300.27777777777777,316.0,,,,,,322.0,316.0,,,,,,106155.11111111111,104523.0,,,,,,95834.0,104523.0,,,,1,1,0,11
2024,22,11.146296296296297,10.8,11.5,24.290123456790123,23.0,26.0,947.783950617284,947.6,948.0,False,12.870987654320986,12.6,13.2,216.62345679012347,0.9117283950617283,1.4,ZHO,33143.64,26817.0,36908.92857142857,32226.999999999996,42435.03571428572,36721.0,95765.0,243598.33333333334,3.0,,,4.0,2.0,,,,,,10.588235294117647,4.0,,,,,,289.94117647058823,317.6,,,,,,315.0,320.0,,,,,,110021.0,109978.8,,,,,,97639.0,95765.0,,,,1,1,0,11
2024,24,26.474683544303797,26.1,27.0,66.10126582278481,63.0,68.0,1016.679746835443,1016.4,1017.0,False,31.649367088607598,30.2,33.3,269.0253164556962,1.218987341772152,1.9,ALB,24180.666666666668,17223.0,43990.63636363636,36299.0,42567.0,30747.0,84269.0,290033.0,5.0,,,5.0,6.0,,,,,,5.0,4.142857142857143,,,,,,216.5,189.0,,,,,,221.0,219.0,,,,,,103902.25,95763.71428571429,,,,,,85307.0,84269.0,,,,0,0,0,1
2024,24,26.474683544303797,26.1,27.0,66.10126582278481,63.0,68.0,1016.679746835443,1016.4,1017.0,False,31.649367088607598,30.2,33.3,269.0253164556962,1.218987341772152,1.9,ALO,23209.772727272728,17264.0,46176.8,36262.0,39265.12,30912.0,84574.0,344826.0,3.0,,,3.0,4.0,,,,,,4.7,2.8,,,,,,211.2,186.0,,,,,,223.0,223.0,,,,,,93284.3,106906.8,,,,,,85584.0,84574.0,,,,0,0,0,1
2024,24,26.474683544303797,26.1,27.0,66.10126582278481,63.0,68.0,1016.679746835443,1016.4,1017.0,False,31.649367088607598,30.2,33.3,269.0253164556962,1.218987341772152,1.9,BOT,22760.333333333332,17303.0,42811.041666666664,36146.0,38781.0,30641.0,84230.0,319694.75,4.0,,,5.0,3.0,,,,,,9.142857142857142,3.5,,,,,,201.07142857142858,219.5,,,,,,220.0,220.0,,,,,,98372.0,84244.5,,,,,,85540.0,84230.0,,,,0,0,0,1
2024,24,26.474683544303797,26.1,27.0,66.10126582278481,63.0,68.0,1016.679746835443,1016.4,1017.0,False,31.649367088607598,30.2,33.3,269.0253164556962,1.218987341772152,1.9,COL,20789.75,17215.0,43673.7,36165.0,42191.2,31029.0,85265.0,393668.0,1.0,,,1.0,2.0,,,,,,4.0,2.0,,,,,,217.2,172.0,,,,,,222.0,172.0,,,,,,105355.0,95162.0,,,,,,85265.0,95162.0,,,,0,0,0,1
2024,24,26.474683544303797,26.1,27.0,66.10126582278481,63.0,68.0,1016.679746835443,1016.4,1017.0,False,31.649367088607598,30.2,33.3,269.0253164556962,1.218987341772152,1.9,DOO,23901.541666666668,17388.0,45847.96296296296,36622.0,40431.555555555555,30945.0,84961.0,238343.75,4.0,,,4.0,5.0,,,,,,9.416666666666666,2.857142857142857,,,,,,208.33333333333334,175.85714285714286,,,,,,220.0,220.0,,,,,,103014.25,114337.14285714286,,,,,,86434.0,84961.0,,,,0,0,0,1
2024,24,26.474683544303797,26.1,27.0,66.10126582278481,63.0,68.0,1016.679746835443,1016.4,1017.0,False,31.649367088607598,30.2,33.3,269.0253164556962,1.218987341772152,1.9,GAS,23885.5,17467.0,46146.92592592593,36304.0,39546.77777777778,30746.0,84517.0,299717.3333333333,3.0,,,4.0,3.0,,,,,,12.642857142857142,3.6666666666666665,,,,,,200.28571428571428,217.66666666666666,,,,,,220.0,219.0,,,,,,95413.14285714286,103211.33333333333,,,,,,85398.0,84517.0,,,,0,0,0,1
2024,24,26.474683544303797,26.1,27.0,66.10126582278481,63.0,68.0,1016.679746835443,1016.4,1017.0,False,31.649367088607598,30.2,33.3,269.0253164556962,1.218987341772152,1.9,HAM,26267.88,17160.0,45979.142857142855,36152.0,40029.77777777778,30630.0,84119.0,165097.5,4.0,,,5.0,4.0,,,,,,11.25,1.6666666666666667,,,,,,199.0,219.33333333333334,,,,,,223.0,223.0,,,,,,103696.875,106064.66666666667,,,,,,85293.0,84119.0,,,,0,0,0,1
2024,24,26.474683544303797,26.1,27.0,66.10126582278481,63.0,68.0,1016.679746835443,1016.4,1017.0,False,31.649367088607598,30.2,33.3,269.0253164556962,1.218987341772152,1.9,HUL,21699.5,17315.0,43914.67857142857,36140.0,38538.642857142855,30467.0,83979.0,233065.5,4.0,,,2.0,5.0,,,,,,6.666666666666667,4.916666666666667,,,,,,205.5,200.91666666666666,,,,,,220.0,224.0,,,,,,98419.33333333333,95967.16666666667,,,,,,85417.0,83979.0,,,,0,0,0,1
2024,24,26.474683544303797,26.1,27.0,66.10126582278481,63.0,68.0,1016.679746835443,1016.4,1017.0,False,31.649367088607598,30.2,33.3,269.0253164556962,1.218987341772152,1.9,LAW,21793.238095238095,17333.0,43815.52,36438.0,39469.12,30732.0,84503.0,390035.6666666667,3.0,,,4.0,3.0,,,,,,5.266666666666667,3.5,,,,,,193.06666666666666,215.5,,,,,,218.0,216.0,,,,,,105255.66666666667,84565.5,,,,,,85447.0,84503.0,,,,0,0,0,1
2024,24,26.474683544303797,26.1,27.0,66.10126582278481,63.0,68.0,1016.679746835443,1016.4,1017.0,False,31.649367088607598,30.2,33.3,269.0253164556962,1.218987341772152,1.9,LEC,21483.8,17290.0,45949.03571428572,36254.0,41047.03571428572,30598.0,84201.0,384922.5,2.0,,,3.0,2.0,,,,,,13.4375,3.0,,,,,,197.0,196.0,,,,,,221.0,220.0,,,,,,95167.125,113123.0,,,,,,84540.0,84201.0,,,,0,0,0,1
2024,24,26.474683544303797,26.1,27.0,66.10126582278481,63.0,68.0,1016.679746835443,1016.4,1017.0,False,31.649367088607598,30.2,33.3,269.0253164556962,1.218987341772152,1.9,MAG,24546.136363636364,17299.0,44583.32,36193.0,39537.4,30743.0,84235.0,407973.3333333333,3.0,,,4.0,3.0,,,,,,11.307692307692308,3.5,,,,,,196.30769230769232,215.0,,,,,,216.0,219.0,,,,,,91618.84615384616,84404.5,,,,,,85561.0,84235.0,,,,0,0,0,1
2024,24,26.474683544303797,26.1,27.0,66.10126582278481,63.0,68.0,1016.679746835443,1016.4,1017.0,False,31.649367088607598,30.2,33.3,269.0253164556962,1.218987341772152,1.9,NOR,23271.454545454544,17031.0,44015.56,36089.0,39000.72,30397.0,83517.0,296059.5,4.0,,,4.0,5.0,,,,,,9.076923076923077,1.6666666666666667,,,,,,210.76923076923077,160.33333333333334,,,,,,221.0,217.0,,,,,,98886.15384615384,103356.33333333333,,,,,,84332.0,83517.0,,,,0,0,0,1
2024,24,26.474683544303797,26.1,27.0,66.10126582278481,63.0,68.0,1016.679746835443,1016.4,1017.0,False,31.649367088607598,30.2,33.3,269.0253164556962,1.218987341772152,1.9,PER,24030.916666666668,17338.0,45229.666666666664,36545.0,38628.2962962963,30580.0,84555.0,233243.75,4.0,,,5.0,4.0,,,,,,10.625,3.6666666666666665,,,,,,199.9375,217.0,,,,,,220.0,220.0,,,,,,101021.4375,104343.33333333333,,,,,,85381.0,84555.0,,,,0,0,0,1
2024,24,26.474683544303797,26.1,27.0,66.10126582278481,63.0,68.0,1016.679746835443,1016.4,1017.0,False,31.649367088607598,30.2,33.3,269.0253164556962,1.218987341772152,1.9,PIA,23530.32,17166.0,43626.67857142857,36127.0,38673.17857142857,30401.0,83751.0,216874.75,4.0,,,4.0,5.0,,,,,,10.142857142857142,2.5,,,,,,212.71428571428572,166.25,,,,,,221.0,217.0,,,,,,98981.42857142857,96373.0,,,,,,84798.0,83751.0,,,,0,0,0,1
2024,24,26.474683544303797,26.1,27.0,66.10126582278481,63.0,68.0,1016.679746835443,1016.4,1017.0,False,31.649367088607598,30.2,33.3,269.0253164556962,1.218987341772152,1.9,RUS,22225.85714285714,17216.0,45002.333333333336,36530.0,40816.708333333336,30788.0,84534.0,597178.5000000001,2.0,,,3.0,2.0,,,,,,5.461538461538462,2.0,,,,,,212.53846153846155,218.0,,,,,,222.0,218.0,,,,,,94864.0,84534.0,,,,,,85263.0,84534.0,,,,0,0,0,1
2024,24,26.474683544303797,26.1,27.0,66.10126582278481,63.0,68.0,1016.679746835443,1016.4,1017.0,False,31.649367088607598,30.2,33.3,269.0253164556962,1.218987341772152,1.9,SAI,23211.28,17257.0,47049.25,36258.0,39712.28571428572,30584.0,84099.0,247367.66666666666,3.0,,,4.0,3.0,,,,,,12.866666666666667,3.5,,,,,,201.6,217.0,,,,,,222.0,218.0,,,,,,95103.0,84302.0,,,,,,84570.0,84099.0,,,,0,0,0,1
2024,24,26.474683544303797,26.1,27.0,66.10126582278481,63.0,68.0,1016.679746835443,1016.4,1017.0,False,31.649367088607598,30.2,33.3,269.0253164556962,1.218987341772152,1.9,STR,23097.96153846154,17216.0,44351.03448275862,36326.0,41186.96551724138,31100.0,84686.0,242539.33333333334,3.0,,,4.0,3.0,,,,,,12.444444444444445,3.6666666666666665,,,,,,203.05555555555554,217.0,,,,,,219.0,221.0,,,,,,103079.27777777778,104997.33333333333,,,,,,85642.0,84686.0,,,,0,0,0,1
2024,24,26.474683544303797,26.1,27.0,66.10126582278481,63.0,68.0,1016.679746835443,1016.4,1017.0,False,31.649367088607598,30.2,33.3,269.0253164556962,1.218987341772152,1.9,TSU,24703.0,17375.0,46142.07142857143,36244.0,40315.107142857145,30844.0,84497.0,263894.6666666667,3.0,,,4.0,3.0,,,,,,5.8125,3.6666666666666665,,,,,,196.8125,218.33333333333334,,,,,,219.0,219.0,,,,,,103631.375,101745.0,,,,,,85155.0,84497.0,,,,0,0,0,1
2024,24,26.474683544303797,26.1,27.0,66.10126582278481,63.0,68.0,1016.679746835443,1016.4,1017.0,False,31.649367088607598,30.2,33.3,269.0253164556962,1.218987341772152,1.9,VER,23273.478260869564,17327.0,42854.53846153846,36428.0,38058.346153846156,30843.0,84598.0,284812.75,4.0,,,5.0,4.0,,,,,,13.176470588235293,2.0,,,,,,198.88235294117646,214.0,,,,,,221.0,214.0,,,,,,97636.58823529411,84598.0,,,,,,84958.0,84598.0,,,,0,0,0,1
2024,24,26.474683544303797,26.1,27.0,66.10126582278481,63.0,68.0,1016.679746835443,1016.4,1017.0,False,31.649367088607598,30.2,33.3,269.0253164556962,1.218987341772152,1.9,ZHO,22454.684210526317,17397.0,43223.17391304348,36466.0,39600.95652173913,30694.0,84557.0,352525.99999999994,4.0,,,5.0,4.0,,,,,,5.363636363636363,3.5,,,,,,197.1818181818182,217.0,,,,,,215.0,217.0,,,,,,96267.45454545454,84667.0,,,,,,86179.0,84557.0,,,,0,0,0,1
2025,1,23.76049382716049,22.9,25.2,65.09876543209876,59.0,69.0,1016.9987654320987,1016.7,1017.3,False,41.1320987654321,37.7,44.2,121.1358024691358,1.2271604938271605,3.2,ALB,34897.107142857145,26828.0,21213.464285714286,17524.0,43931.52,32899.0,77302.0,188780.0,5.0,,,6.0,3.0,,,,,,9.941176470588236,3.6,,,,,,282.88235294117646,304.8,,,,,,307.0,307.0,,,,,,96267.29411764706,96045.0,,,,,,77604.0,77302.0,,,,0,0,0,0
2025,1,23.76049382716049,22.9,25.2,65.09876543209876,59.0,69.0,1016.9987654320987,1016.7,1017.3,False,41.1320987654321,37.7,44.2,121.1358024691358,1.2271604938271605,3.2,ALO,32146.333333333332,26651.0,20468.0,17472.0,40508.958333333336,33132.0,77330.0,642836.5,2.0,,,3.0,2.0,,,,,,10.277777777777779,3.5,,,,,,281.0,300.6666666666667,,,,,,308.0,306.0,,,,,,90215.83333333333,99968.33333333333,,,,,,78161.0,77330.0,,,,0,0,0,0
2025,1,23.76049382716049,22.9,25.2,65.09876543209876,59.0,69.0,1016.9987654320987,1016.7,1017.3,False,41.1320987654321,37.7,44.2,121.1358024691358,1.2271604938271605,3.2,ANT,34362.8,26796.0,21651.74193548387,17644.0,44054.5,33130.0,77634.0,146576.8,5.0,5.0,,,6.0,,,,11.529411764705882,,,4.333333333333333,,,,295.11764705882354,,,304.0,,,,312.0,,,308.0,,,,89361.70588235294,,,98098.33333333333,,,,78280.0,,,77634.0,,,,0,0,0,0
2025,1,23.76049382716049,22.9,25.2,65.09876543209876,59.0,69.0,1016.9987654320987,1016.7,1017.3,False,41.1320987654321,37.7,44.2,121.1358024691358,1.2271604938271605,3.2,BOR,35560.31034482759,26903.0,22132.275862068964,17741.0,44491.46153846154,33156.0,77847.0,245286.25,4.0,,,5.0,4.0,,,,,,10.5625,3.8,,,,,,289.8125,298.6,,,,,,303.0,306.0,,,,,,89120.375,103132.4,,,,,,78706.0,77847.0,,,,0,0,0,0
2025,1,23.76049382716049,22.9,25.2,65.09876543209876,59.0,69.0,1016.9987654320987,1016.7,1017.3,False,41.1320987654321,37.7,44.2,121.1358024691358,1.2271604938271605,3.2,DOO,34896.433333333334,26853.0,21525.066666666666,17315.0,40737.92592592593,33133.0,77394.0,449533.5,2.0,,,3.0,2.0,,,,,,12.15,3.0,,,,,,297.15,307.6,,,,,,307.0,309.0,,,,,,91688.25,97225.2,,,,,,77851.0,77394.0,,,,0,0,0,0
2025,1,23.76049382716049,22.9,25.2,65.09876543209876,59.0,69.0,1016.9987654320987,1016.7,1017.3,False,41.1320987654321,37.7,44.2,121.1358024691358,1.2271604938271605,3.2,GAS,35812.73333333333,26782.0,21967.666666666668,17382.0,41078.666666666664,33193.0,77493.0,293593.6666666667,3.0,,,4.0,3.0,,,,,,5.222222222222222,9.647058823529411,,,,,,275.0,291.0,,,,,,312.0,312.0,,,,,,106235.66666666667,93090.64705882352,,,,,,78499.0,77493.0,,,,0,0,0,0
2025,1,23.76049382716049,22.9,25.2,65.09876543209876,59.0,69.0,1016.9987654320987,1016.7,1017.3,False,41.1320987654321,37.7,44.2,121.1358024691358,1.2271604938271605,3.2,HAD,35530.3,26583.0,21476.9,17498.0,43218.03703703704,32896.0,77019.0,222649.25,4.0,,,4.0,5.0,,,,,,10.055555555555555,3.8333333333333335,,,,,,287.55555555555554,289.3333333333333,,,,,,308.0,307.0,,,,,,93633.55555555556,104908.0,,,,,,77841.0,77019.0,,,,0,0,0,0
2025,1,23.76049382716049,22.9,25.2,65.09876543209876,59.0,69.0,1016.9987654320987,1016.7,1017.3,False,41.1320987654321,37.7,44.2,121.1358024691358,1.2271604938271605,3.2,HAM,35164.709677419356,26528.0,21043.645161290322,17607.0,43021.03571428572,32723.999999999996,76859.0,205244.25,4.0,,,5.0,4.0,,,,,,12.428571428571429,3.25,,,,,,293.95238095238096,305.0,,,,,,308.0,307.0,,,,,,92360.95238095238,100145.5,,,,,,77194.0,76859.0,,,,0,0,0,0
2025,1,23.76049382716049,22.9,25.2,65.09876543209876,59.0,69.0,1016.9987654320987,1016.7,1017.3,False,41.1320987654321,37.7,44.2,121.1358024691358,1.2271604938271605,3.2,HUL,33474.291666666664,26687.0,21409.791666666668,17582.0,41677.333333333336,32892.0,77161.0,488773.3333333333,3.0,,,4.0,3.0,,,,,,9.8,3.0,,,,,,272.46666666666664,285.4,,,,,,304.0,312.0,,,,,,93165.13333333333,100135.4,,,,,,78846.0,77161.0,,,,0,0,0,0
2025,1,23.76049382716049,22.9,25.2,65.09876543209876,59.0,69.0,1016.9987654320987,1016.7,1017.3,False,41.1320987654321,37.7,44.2,121.1358024691358,1.2271604938271605,3.2,LAW,35149.73333333333,27012.0,23440.266666666666,17583.0,41652.269230769234,33012.0,77640.0,276549.0,3.0,,,4.0,3.0,,,,,,10.166666666666666,4.714285714285714,,,,,,292.1111111111111,289.42857142857144,,,,,,303.0,305.0,,,,,,95742.88888888889,104919.57142857143,,,,,,78729.0,77640.0,,,,0,0,0,0
2025,1,23.76049382716049,22.9,25.2,65.09876543209876,59.0,69.0,1016.9987654320987,1016.7,1017.3,False,41.1320987654321,37.7,44.2,121.1358024691358,1.2271604938271605,3.2,LEC,34659.9375,26477.0,21081.3125,17392.0,42372.724137931036,32570.0,76439.0,190848.75,4.0,,,5.0,4.0,,,,,,12.954545454545455,3.0,,,,,,291.6363636363636,306.0,,,,,,306.0,307.0,,,,,,92189.04545454546,91721.5,,,,,,76794.0,76439.0,,,,0,0,0,0
2025,1,23.76049382716049,22.9,25.2,65.09876543209876,59.0,69.0,1016.9987654320987,1016.7,1017.3,False,41.1320987654321,37.7,44.2,121.1358024691358,1.2271604938271605,3.2,NOR,34548.46666666667,26507.0,22138.633333333335,17399.0,42120.40740740741,32674.0,76580.0,292626.3333333333,3.0,,,3.0,4.0,,,,,,9.588235294117647,5.222222222222222,,,,,,297.11764705882354,245.11111111111111,,,,,,307.0,309.0,,,,,,95919.88235294117,106020.44444444444,,,,,,77475.0,76580.0,,,,0,0,0,0
2025,1,23.76049382716049,22.9,25.2,65.09876543209876,59.0,69.0,1016.9987654320987,1016.7,1017.3,False,41.1320987654321,37.7,44.2,121.1358024691358,1.2271604938271605,3.2,OCO,34844.354838709674,26959.0,21335.064516129034,17634.0,42582.25,33420.0,78034.0,230637.0,3.0,,,4.0,3.0,,,,,,11.1,4.714285714285714,,,,,,274.3,289.14285714285717,,,,,,301.0,306.0,,,,,,96527.8,99990.28571428571,,,,,,78673.0,78034.0,,,,0,0,0,0
2025,1,23.76049382716049,22.9,25.2,65.09876543209876,59.0,69.0,1016.9987654320987,1016.7,1017.3,False,41.1320987654321,37.7,44.2,121.1358024691358,1.2271604938271605,3.2,PIA,34663.86666666667,26579.0,21679.366666666665,17417.0,42406.2962962963,32567.0,76563.0,310235.0,3.0,,,3.0,4.0,,,,,,10.125,5.222222222222222,,,,,,289.3125,263.44444444444446,,,,,,307.0,308.0,,,,,,90744.375,107051.55555555556,,,,,,77495.0,76563.0,,,,0,0,0,0
2025,1,23.76049382716049,22.9,25.2,65.09876543209876,59.0,69.0,1016.9987654320987,1016.7,1017.3,False,41.1320987654321,37.7,44.2,121.1358024691358,1.2271604938271605,3.2,RUS,34852.066666666666,26718.0,21230.733333333334,17472.0,41753.11538461538,32915.0,77282.0,301716.6666666667,3.0,4.0,,,3.0,,,,11.714285714285714,,,3.0,,,,293.76190476190476,,,305.5,,,,308.0,,,310.0,,,,92003.76190476191,,,105090.5,,,,77303.0,,,77282.0,,,,0,0,0,0
2025,1,23.76049382716049,22.9,25.2,65.09876543209876,59.0,69.0,1016.9987654320987,1016.7,1017.3,False,41.1320987654321,37.7,44.2,121.1358024691358,1.2271604938271605,3.2,SAI,34738.7,26777.0,20724.233333333334,17558.0,43121.40740740741,32926.0,77302.0,165946.0,5.0,,,5.0,6.0,,,,,,10.944444444444445,3.8,,,,,,296.72222222222223,303.6,,,,,,308.0,309.0,,,,,,88645.72222222222,100775.2,,,,,,77302.0,77320.0,,,,0,0,0,0
2025,1,23.76049382716049,22.9,25.2,65.09876543209876,59.0,69.0,1016.9987654320987,1016.7,1017.3,False,41.1320987654321,37.7,44.2,121.1358024691358,1.2271604938271605,3.2,STR,33774.57142857143,26692.0,20669.5,17448.0,39309.791666666664,33139.0,77279.0,386184.3333333333,3.0,,,4.0,3.0,,,,,,9.764705882352942,4.0,,,,,,292.70588235294116,306.5,,,,,,305.0,308.0,,,,,,88706.35294117648,97703.66666666667,,,,,,78246.0,77279.0,,,,0,0,0,0
2025,1,23.76049382716049,22.9,25.2,65.09876543209876,59.0,69.0,1016.9987654320987,1016.7,1017.3,False,41.1320987654321,37.7,44.2,121.1358024691358,1.2271604938271605,3.2,TSU,33621.34482758621,26460.0,20537.41379310345,17499.0,40740.61538461538,32825.0,76784.0,394443.0,3.0,,,4.0,3.0,,,,,,11.761904761904763,2.3333333333333335,,,,,,286.9047619047619,302.6666666666667,,,,,,305.0,307.0,,,,,,88676.80952380953,95447.0,,,,,,77650.0,76784.0,,,,0,0,0,0
2025,1,23.76049382716049,22.9,25.2,65.09876543209876,59.0,69.0,1016.9987654320987,1016.7,1017.3,False,41.1320987654321,37.7,44.2,121.1358024691358,1.2271604938271605,3.2,VER,35356.86363636364,26887.0,22138.545454545456,17324.0,42903.36842105263,32852.0,77063.0,835113.5,2.0,,,3.0,2.0,,,,,,7.166666666666667,3.4,,,,,,290.9166666666667,305.4,,,,,,306.0,306.0,,,,,,90622.5,102017.8,,,,,,77893.0,77063.0,,,,0,0,0,0
2025,3,13.586666666666666,13.2,14.0,42.13333333333333,41.0,43.0,1010.62,1010.4,1010.8,False,32.657333333333334,30.0,35.0,285.74666666666667,5.221333333333334,7.1,ALB,38434.4,31008.0,47793.333333333336,40336.0,21756.285714285714,17679.0,89023.0,798393.3333333334,3.0,1.0,,,4.0,,,,2.5,,,5.5,,,,271.5,,,271.5,,,,272.0,,,273.0,,,,111415.5,,,116300.0,,,,91390.0,,,89023.0,,,,4,0,0,3
2025,3,13.586666666666666,13.2,14.0,42.13333333333333,41.0,43.0,1010.62,1010.4,1010.8,False,32.657333333333334,30.0,35.0,285.74666666666667,5.221333333333334,7.1,ALO,39937.666666666664,30653.0,52547.25,40808.0,25341.666666666668,17983.0,89978.0,1408215.0,1.0,,,1.0,,,,,,,2.0,,,,,,,268.0,,,,,,,268.0,,,,,,,89978.0,,,,,,,89978.0,,,,,4,0,0,3
2025,3,13.586666666666666,13.2,14.0,42.13333333333333,41.0,43.0,1010.62,1010.4,1010.8,False,32.657333333333334,30.0,35.0,285.74666666666667,5.221333333333334,7.1,ANT,37343.166666666664,31468.0,47093.1,40868.0,21539.666666666668,17397.0,89733.0,690437.6666666666,3.0,4.0,,,3.0,,,,6.0,,,2.0,,,,268.25,,,272.0,,,,274.0,,,272.0,,,,96918.25,,,89733.0,,,,91059.0,,,89733.0,,,,4,0,0,3
2025,3,13.586666666666666,13.2,14.0,42.13333333333333,41.0,43.0,1010.62,1010.4,1010.8,False,32.657333333333334,30.0,35.0,285.74666666666667,5.221333333333334,7.1,BEA,36873.8,31345.0,47670.11111111111,40438.0,22813.666666666668,17661.0,89654.0,739198.6666666666,3.0,,,4.0,,,,,,,4.333333333333333,,,,,,,271.0,,,,,,,273.0,,,,,,,90434.0,,,,,,,89654.0,,,,,4,0,0,3
2025,3,13.586666666666666,13.2,14.0,42.13333333333333,41.0,43.0,1010.62,1010.4,1010.8,False,32.657333333333334,30.0,35.0,285.74666666666667,5.221333333333334,7.1,BOR,35515.42857142857,31150.0,46356.666666666664,40493.0,21455.777777777777,17692.0,89335.0,718047.6666666666,3.0,,,4.0,3.0,,,,,,4.5,4.0,,,,,,267.25,273.0,,,,,,270.0,273.0,,,,,,104867.75,89335.0,,,,,,91200.0,89335.0,,,,4,0,0,3
2025,3,13.586666666666666,13.2,14.0,42.13333333333333,41.0,43.0,1010.62,1010.4,1010.8,False,32.657333333333334,30.0,35.0,285.74666666666667,5.221333333333334,7.1,DOO,43004.5,31841.0,52238.666666666664,41867.0,23730.666666666668,17951.0,91659.0,,,1.0,,,,,,,2.5,,,,,,,270.5,,,,,,,272.0,,,,,,,119955.0,,,,,,,91659.0,,,,,,,4,0,0,3
2025,3,13.586666666666666,13.2,14.0,42.13333333333333,41.0,43.0,1010.62,1010.4,1010.8,False,32.657333333333334,30.0,35.0,285.74666666666667,5.221333333333334,7.1,GAS,36336.0,30730.0,48400.5,40415.0,22181.222222222223,17498.0,88757.0,712111.0,3.0,1.0,,,4.0,,,,2.5,,,6.333333333333333,,,,274.0,,,274.0,,,,274.0,,,275.0,,,,113981.5,,,104310.66666666667,,,,91419.0,,,88757.0,,,,4,0,0,3
2025,3,13.586666666666666,13.2,14.0,42.13333333333333,41.0,43.0,1010.62,1010.4,1010.8,False,32.657333333333334,30.0,35.0,285.74666666666667,5.221333333333334,7.1,HAD,36381.71428571428,30711.0,44931.88888888889,40321.0,21500.75,17486.0,88518.0,681209.3333333334,3.0,,,4.0,3.0,,,,,,4.5,2.0,,,,,,255.25,272.0,,,,,,268.0,272.0,,,,,,104037.25,88518.0,,,,,,90308.0,88518.0,,,,4,0,0,3
2025,3,13.586666666666666,13.2,14.0,42.13333333333333,41.0,43.0,1010.62,1010.4,1010.8,False,32.657333333333334,30.0,35.0,285.74666666666667,5.221333333333334,7.1,HAM,39544.875,30759.0,44843.36363636364,40247.0,22354.8,17538.0,88544.0,674126.0,3.0,4.0,,,3.0,,,,6.4,,,2.0,,,,265.4,,,274.0,,,,271.0,,,274.0,,,,103122.0,,,88544.0,,,,89950.0,,,88544.0,,,,4,0,0,3
2025,3,13.586666666666666,13.2,14.0,42.13333333333333,41.0,43.0,1010.62,1010.4,1010.8,False,32.657333333333334,30.0,35.0,285.74666666666667,5.221333333333334,7.1,HUL,35266.0,30988.0,46691.666666666664,40507.0,22484.75,17567.0,89062.0,755803.0,3.0,4.0,,,3.0,,,,5.0,,,3.0,,,,266.6666666666667,,,273.0,,,,270.0,,,273.0,,,,92189.0,,,89062.0,,,,90847.0,,,89062.0,,,,4,0,0,3
2025,3,13.586666666666666,13.2,14.0,42.13333333333333,41.0,43.0,1010.62,1010.4,1010.8,False,32.657333333333334,30.0,35.0,285.74666666666667,5.221333333333334,7.1,LAW,35677.88888888889,30919.0,45986.555555555555,40044.0,21575.444444444445,17596.0,88559.0,717563.0,3.0,,,4.0,3.0,,,,,,5.0,2.0,,,,,,250.0,272.0,,,,,,269.0,272.0,,,,,,105490.25,88559.0,,,,,,90756.0,88559.0,,,,4,0,0,3
2025,3,13.586666666666666,13.2,14.0,42.13333333333333,41.0,43.0,1010.62,1010.4,1010.8,False,32.657333333333334,30.0,35.0,285.74666666666667,5.221333333333334,7.1,LEC,37685.333333333336,30623.0,47651.36363636364,40226.0,22703.4,17586.0,88586.0,673465.0,3.0,2.0,,,4.0,,,,3.6666666666666665,,,4.333333333333333,,,,268.6666666666667,,,274.0,,,,272.0,,,276.0,,,,107303.66666666667,,,107521.33333333333,,,,90208.0,,,88586.0,,,,4,0,0,3
2025,3,13.586666666666666,13.2,14.0,42.13333333333333,41.0,43.0,1010.62,1010.4,1010.8,False,32.657333333333334,30.0,35.0,285.74666666666667,5.221333333333334,7.1,NOR,33258.833333333336,30692.0,42364.7,39827.0,22159.75,17276.0,88163.0,485965.75,4.0,,,,5.0,,,,,,,5.333333333333333,,,,,,,258.0,,,,,,,275.0,,,,,,,93274.66666666667,,,,,,,88163.0,,,,4,0,0,3
2025,3,13.586666666666666,13.2,14.0,42.13333333333333,41.0,43.0,1010.62,1010.4,1010.8,False,32.657333333333334,30.0,35.0,285.74666666666667,5.221333333333334,7.1,OCO,35586.42857142857,31273.0,48624.666666666664,40564.0,21801.88888888889,17670.0,89507.0,685214.0,3.0,,,4.0,3.0,,,,,,4.5,4.0,,,,,,266.25,272.0,,,,,,269.0,272.0,,,,,,105317.25,89507.0,,,,,,91514.0,89507.0,,,,4,0,0,3
2025,3,13.586666666666666,13.2,14.0,42.13333333333333,41.0,43.0,1010.62,1010.4,1010.8,False,32.657333333333334,30.0,35.0,285.74666666666667,5.221333333333334,7.1,PIA,37843.28571428572,30713.0,45881.444444444445,39970.0,23213.222222222223,17431.0,88114.0,682590.0,3.0,2.0,,,4.0,,,,3.5,,,4.333333333333333,,,,271.0,,,274.0,,,,271.0,,,275.0,,,,90441.0,,,106301.0,,,,90197.0,,,88114.0,,,,4,0,0,3
2025,3,13.586666666666666,13.2,14.0,42.13333333333333,41.0,43.0,1010.62,1010.4,1010.8,False,32.657333333333334,30.0,35.0,285.74666666666667,5.221333333333334,7.1,RUS,36617.375,30651.0,44848.0,40346.0,19069.0,17570.0,88567.0,716523.6666666666,3.0,4.0,,,3.0,,,,6.5,,,2.0,,,,266.25,,,273.0,,,,273.0,,,273.0,,,,91945.75,,,88567.0,,,,89666.0,,,88567.0,,,,4,0,0,3
2025,3,13.586666666666666,13.2,14.0,42.13333333333333,41.0,43.0,1010.62,1010.4,1010.8,False,32.657333333333334,30.0,35.0,285.74666666666667,5.221333333333334,7.1,SAI,35394.25,30844.0,50866.857142857145,40435.0,19884.5,17553.0,88832.0,853534.0,3.0,,,,4.0,,,,,,,5.5,,,,,,,272.0,,,,,,,272.0,,,,,,,89102.5,,,,,,,88832.0,,,,4,0,0,3
2025,3,13.586666666666666,13.2,14.0,42.13333333333333,41.0,43.0,1010.62,1010.4,1010.8,False,32.657333333333334,30.0,35.0,285.74666666666667,5.221333333333334,7.1,STR,35522.25,30967.0,45882.72727272727,40598.0,22323.125,17920.0,90845.0,717923.3333333334,3.0,,,1.0,4.0,,,,,,2.0,6.333333333333333,,,,,,273.0,262.3333333333333,,,,,,273.0,263.0,,,,,,90845.0,93148.66666666667,,,,,,90845.0,92615.0,,,,4,0,0,3
2025,3,13.586666666666666,13.2,14.0,42.13333333333333,41.0,43.0,1010.62,1010.4,1010.8,False,32.657333333333334,30.0,35.0,285.74666666666667,5.221333333333334,7.1,TSU,36985.333333333336,30966.0,46888.555555555555,40792.0,20065.0,17765.0,90625.0,686788.0,3.0,,,4.0,,,,,,,6.333333333333333,,,,,,,264.6666666666667,,,,,,,270.0,,,,,,,93328.0,,,,,,,90625.0,,,,,4,0,0,3
2025,3,13.586666666666666,13.2,14.0,42.13333333333333,41.0,43.0,1010.62,1010.4,1010.8,False,32.657333333333334,30.0,35.0,285.74666666666667,5.221333333333334,7.1,VER,33060.0,30737.0,44896.57142857143,40381.0,22499.2,17552.0,88670.0,777959.3333333334,3.0,,,4.0,3.0,,,,,,4.0,3.0,,,,,,256.0,269.0,,,,,,256.0,269.0,,,,,,94377.0,88670.0,,,,,,94377.0,88670.0,,,,4,0,0,3
2025,4,29.839240506329116,29.1,30.9,47.40506329113924,44.0,51.0,1001.9620253164557,1001.6,1002.3,False,34.80759493670886,33.4,36.2,54.21518987341772,1.1063291139240508,2.0,ALB,35605.92307692308,29137.0,47536.206896551725,39457.0,26458.44827586207,23102.0,91696.0,212845.66666666666,3.0,,,3.0,4.0,,,,,,7.777777777777778,8.416666666666666,,,,,,277.1111111111111,269.5,,,,,,287.0,286.0,,,,,,108534.44444444444,100479.0,,,,,,93000.0,91696.0,,,,0,0,0,0
2025,4,29.839240506329116,29.1,30.9,47.40506329113924,44.0,51.0,1001.9620253164557,1001.6,1002.3,False,34.80759493670886,33.4,36.2,54.21518987341772,1.1063291139240508,2.0,ALO,38429.82352941176,29116.0,49017.0,39651.0,29523.63157894737,23058.0,91825.0,529443.6666666666,3.0,,,2.0,4.0,,,,,,4.5,7.777777777777778,,,,,,283.5,282.0,,,,,,285.0,291.0,,,,,,110726.0,96698.55555555556,,,,,,92946.0,91825.0,,,,0,0,0,0
2025,4,29.839240506329116,29.1,30.9,47.40506329113924,44.0,51.0,1001.9620253164557,1001.6,1002.3,False,34.80759493670886,33.4,36.2,54.21518987341772,1.1063291139240508,2.0,ANT,37302.125,29219.0,47698.37037037037,39362.0,29702.62962962963,22646.0,91227.0,200369.75,4.0,,,,5.0,,,,,,,8.777777777777779,,,,,,,267.5,,,,,,,290.0,,,,,,,103575.55555555556,,,,,,,91227.0,,,,0,0,0,0
2025,4,29.839240506329116,29.1,30.9,47.40506329113924,44.0,51.0,1001.9620253164557,1001.6,1002.3,False,34.80759493670886,33.4,36.2,54.21518987341772,1.1063291139240508,2.0,BEA,38294.875,29004.0,48655.851851851854,39542.0,26787.666666666668,23038.0,91584.0,281760.3333333333,3.0,,,2.0,4.0,,,,,,4.75,10.357142857142858,,,,,,281.75,259.7142857142857,,,,,,284.0,287.0,,,,,,107867.0,100845.42857142857,,,,,,93818.0,91584.0,,,,0,0,0,0
2025,4,29.839240506329116,29.1,30.9,47.40506329113924,44.0,51.0,1001.9620253164557,1001.6,1002.3,False,34.80759493670886,33.4,36.2,54.21518987341772,1.1063291139240508,2.0,BOR,37983.90909090909,29210.0,47303.28,39559.0,27686.76,23003.0,91772.0,282810.75000000023,4.0,,,4.0,5.0,,,,,,10.363636363636363,5.0,,,,,,281.09090909090907,223.25,,,,,,288.0,287.0,,,,,,98552.0,113957.5,,,,,,93605.0,91772.0,,,,0,0,0,0
2025,4,29.839240506329116,29.1,30.9,47.40506329113924,44.0,51.0,1001.9620253164557,1001.6,1002.3,False,34.80759493670886,33.4,36.2,54.21518987341772,1.1063291139240508,2.0,DOO,39242.708333333336,29212.0,47778.77777777778,39515.0,27723.0,23061.0,91788.0,209007.0,4.0,,,5.0,4.0,,,,,,12.066666666666666,3.5,,,,,,264.6666666666667,286.0,,,,,,288.0,286.0,,,,,,103700.53333333334,92053.5,,,,,,93226.0,91788.0,,,,0,0,0,0
2025,4,29.839240506329116,29.1,30.9,47.40506329113924,44.0,51.0,1001.9620253164557,1001.6,1002.3,False,34.80759493670886,33.4,36.2,54.21518987341772,1.1063291139240508,2.0,GAS,39909.333333333336,29193.0,48028.22222222222,39599.0,27305.11111111111,23155.0,91947.0,167690.0,5.0,6.0,,,4.0,,,,10.466666666666667,,,3.5,,,,267.93333333333334,,,285.0,,,,288.0,,,286.0,,,,107818.06666666667,,,92130.5,,,,92699.0,,,91947.0,,,,0,0,0,0
2025,4,29.839240506329116,29.1,30.9,47.40506329113924,44.0,51.0,1001.9620253164557,1001.6,1002.3,False,34.80759493670886,33.4,36.2,54.21518987341772,1.1063291139240508,2.0,HAD,35518.55,28981.0,46843.25,39355.0,26336.375,22902.0,91238.0,284339.75,4.0,,,4.0,5.0,,,,,,10.76923076923077,4.5,,,,,,280.15384615384613,172.0,,,,,,290.0,277.0,,,,,,97990.53846153847,127064.5,,,,,,91238.0,117707.0,,,,0,0,0,0
2025,4,29.839240506329116,29.1,30.9,47.40506329113924,44.0,51.0,1001.9620253164557,1001.6,1002.3,False,34.80759493670886,33.4,36.2,54.21518987341772,1.1063291139240508,2.0,HAM,37341.15789473684,28846.0,46431.34782608696,39153.0,28875.782608695652,23006.0,91576.0,339967.5,4.0,,,1.0,5.0,,,,,,2.0,8.166666666666666,,,,,,290.0,271.9166666666667,,,,,,290.0,290.0,,,,,,92157.0,107348.33333333333,,,,,,92157.0,91576.0,,,,0,0,0,0
2025,4,29.839240506329116,29.1,30.9,47.40506329113924,44.0,51.0,1001.9620253164557,1001.6,1002.3,False,34.80759493670886,33.4,36.2,54.21518987341772,1.1063291139240508,2.0,HUL,39829.04761904762,29286.0,49528.25,40080.0,27991.541666666668,23061.0,92496.0,300315.0,4.0,,,1.0,5.0,,,,,,3.0,10.454545454545455,,,,,,287.0,259.54545454545456,,,,,,288.0,290.0,,,,,,93784.5,101290.81818181818,,,,,,93758.0,92496.0,,,,0,0,0,0
2025,4,29.839240506329116,29.1,30.9,47.40506329113924,44.0,51.0,1001.9620253164557,1001.6,1002.3,False,34.80759493670886,33.4,36.2,54.21518987341772,1.1063291139240508,2.0,LAW,36563.739130434784,29122.0,48354.555555555555,39571.0,27136.0,23013.0,91706.0,223215.0,4.0,,,5.0,4.0,,,,,,15.2,3.5,,,,,,266.0,288.5,,,,,,291.0,289.0,,,,,,104603.13333333333,92495.5,,,,,,93171.0,91706.0,,,,0,0,0,0
2025,4,29.839240506329116,29.1,30.9,47.40506329113924,44.0,51.0,1001.9620253164557,1001.6,1002.3,False,34.80759493670886,33.4,36.2,54.21518987341772,1.1063291139240508,2.0,LEC,38500.69565217391,28965.0,48594.666666666664,39221.0,27419.59259259259,22790.0,91045.0,219613.0,4.0,,,5.0,4.0,,,,,,10.916666666666666,3.0,,,,,,261.75,288.3333333333333,,,,,,288.0,290.0,,,,,,102779.5,91475.33333333333,,,,,,92755.0,91045.0,,,,0,0,0,0
2025,4,29.839240506329116,29.1,30.9,47.40506329113924,44.0,51.0,1001.9620253164557,1001.6,1002.3,False,34.80759493670886,33.4,36.2,54.21518987341772,1.1063291139240508,2.0,NOR,35015.84,28901.0,46705.357142857145,38903.0,26119.75,22855.0,90659.0,256155.6666666666,3.0,4.0,,,3.0,,,,5.285714285714286,,,10.357142857142858,,,,250.57142857142858,,,279.2857142857143,,,,286.0,,,289.0,,,,121368.85714285714,,,97724.07142857143,,,,92876.0,,,90659.0,,,,0,0,0,0
2025,4,29.839240506329116,29.1,30.9,47.40506329113924,44.0,51.0,1001.9620253164557,1001.6,1002.3,False,34.80759493670886,33.4,36.2,54.21518987341772,1.1063291139240508,2.0,OCO,38931.416666666664,29261.0,51666.22222222222,39676.0,29137.666666666668,22933.0,91870.0,353707.0,2.0,,,3.0,2.0,,,,,,12.642857142857142,3.5,,,,,,259.7142857142857,284.5,,,,,,284.0,285.0,,,,,,105263.78571428571,91936.0,,,,,,93069.0,91870.0,,,,0,0,0,0
2025,4,29.839240506329116,29.1,30.9,47.40506329113924,44.0,51.0,1001.9620253164557,1001.6,1002.3,False,34.80759493670886,33.4,36.2,54.21518987341772,1.1063291139240508,2.0,PIA,35896.269230769234,28977.0,46848.65517241379,38894.0,26538.793103448275,22634.0,90505.0,219348.66666666666,3.0,3.0,,,4.0,,,,9.923076923076923,,,6.375,,,,279.53846153846155,,,256.25,,,,287.0,,,291.0,,,,107314.30769230769,,,101708.25,,,,92669.0,,,90505.0,,,,0,0,0,0
2025,4,29.839240506329116,29.1,30.9,47.40506329113924,44.0,51.0,1001.9620253164557,1001.6,1002.3,False,34.80759493670886,33.4,36.2,54.21518987341772,1.1063291139240508,2.0,RUS,39672.90909090909,28755.0,48363.64,39603.0,27302.0,22674.0,91032.0,219358.5,4.0,,,,5.0,,,,,,,8.4,,,,,,,278.1333333333333,,,,,,,290.0,,,,,,,101063.53333333334,,,,,,,91032.0,,,,0,0,0,0
2025,4,29.839240506329116,29.1,30.9,47.40506329113924,44.0,51.0,1001.9620253164557,1001.6,1002.3,False,34.80759493670886,33.4,36.2,54.21518987341772,1.1063291139240508,2.0,SAI,37944.28,29076.0,49021.0,39571.0,28855.071428571428,22976.0,91623.0,175523.0,4.0,,,5.0,4.0,,,,,,11.4,4.0,,,,,,262.06666666666666,252.75,,,,,,286.0,286.0,,,,,,108718.33333333333,116188.0,,,,,,93544.0,91623.0,,,,0,0,0,0
2025,4,29.839240506329116,29.1,30.9,47.40506329113924,44.0,51.0,1001.9620253164557,1001.6,1002.3,False,34.80759493670886,33.4,36.2,54.21518987341772,1.1063291139240508,2.0,STR,37476.5,29275.0,50557.81481481482,39783.0,27710.85185185185,23279.0,92382.0,354550.5,2.0,,,1.0,3.0,,,,,,4.0,12.071428571428571,,,,,,284.0,263.35714285714283,,,,,,284.0,286.0,,,,,,93712.33333333333,101813.42857142857,,,,,,93413.0,92382.0,,,,0,0,0,0
2025,4,29.839240506329116,29.1,30.9,47.40506329113924,44.0,51.0,1001.9620253164557,1001.6,1002.3,False,34.80759493670886,33.4,36.2,54.21518987341772,1.1063291139240508,2.0,TSU,37543.90476190476,29231.0,50217.32,39659.0,27591.68,23134.0,92024.0,330080.0,3.0,,,4.0,3.0,,,,,,12.466666666666667,3.0,,,,,,262.4,287.0,,,,,,288.0,287.0,,,,,,104434.0,92024.0,,,,,,93012.0,92024.0,,,,0,0,0,0
2025,4,29.839240506329116,29.1,30.9,47.40506329113924,44.0,51.0,1001.9620253164557,1001.6,1002.3,False,34.80759493670886,33.4,36.2,54.21518987341772,1.1063291139240508,2.0,VER,34973.958333333336,28926.0,47255.7037037037,39322.0,27509.62962962963,23082.0,91330.0,431998.0,2.0,,,,3.0,,,,,,,10.65,,,,,,,260.75,,,,,,,287.0,,,,,,,104228.75,,,,,,,91330.0,,,,0,0,0,0
2025,5,29.717283950617283,28.2,31.5,46.666666666666664,39.0,63.0,1006.9901234567901,1006.7,1007.2,False,37.00987654320988,35.6,38.4,145.4814814814815,0.8962962962962963,2.0,ALB,44925.31578947369,32490.000000000004,36757.086956521736,28252.0,37188.27272727273,28430.0,89220.0,260348.5,4.0,5.0,,,2.0,,,,8.25,,,3.0,,,,274.5,,,310.0,,,,309.0,,,312.0,,,,102137.875,,,119415.33333333333,,,,89722.0,,,89220.0,,,,1,0,0,3
2025,5,29.717283950617283,28.2,31.5,46.666666666666664,39.0,63.0,1006.9901234567901,1006.7,1007.2,False,37.00987654320988,35.6,38.4,145.4814814814815,0.8962962962962963,2.0,ALO,46505.71428571428,32621.000000000004,39081.055555555555,28316.0,38632.64705882353,28687.0,89662.0,388725.75,4.0,,,5.0,3.0,,,,,,5.25,3.6666666666666665,,,,,,242.5,306.0,,,,,,311.0,308.0,,,,,,107982.75,105911.66666666667,,,,,,90562.0,89662.0,,,,1,0,0,3
2025,5,29.717283950617283,28.2,31.5,46.666666666666664,39.0,63.0,1006.9901234567901,1006.7,1007.2,False,37.00987654320988,35.6,38.4,145.4814814814815,0.8962962962962963,2.0,ANT,48601.0,32594.0,41486.875,28252.0,37220.25,28396.0,89242.0,82844.0,2.0,,,1.0,2.0,,,,,,5.75,2.5,,,,,,305.0,305.5,,,,,,306.0,306.0,,,,,,90199.25,113888.0,,,,,,89564.0,89242.0,,,,1,0,0,3
2025,5,29.717283950617283,28.2,31.5,46.666666666666664,39.0,63.0,1006.9901234567901,1006.7,1007.2,False,37.00987654320988,35.6,38.4,145.4814814814815,0.8962962962962963,2.0,BEA,46288.92857142857,32882.0,35853.05263157895,28190.0,37629.77777777778,28665.0,89754.0,332626.6,5.0,,,6.0,4.0,,,,,,6.25,3.5,,,,,,241.5,308.5,,,,,,310.0,311.0,,,,,,100638.25,89819.5,,,,,,90436.0,89754.0,,,,1,0,0,3
2025,5,29.717283950617283,28.2,31.5,46.666666666666664,39.0,63.0,1006.9901234567901,1006.7,1007.2,False,37.00987654320988,35.6,38.4,145.4814814814815,0.8962962962962963,2.0,DOO,44946.5,32917.0,36286.4,28291.0,36411.55,28704.0,89912.0,344879.0,4.0,,,5.0,3.0,,,,,,8.714285714285714,3.0,,,,,,268.57142857142856,310.3333333333333,,,,,,311.0,311.0,,,,,,98126.28571428571,114990.0,,,,,,90036.0,89912.0,,,,1,0,0,3
2025,5,29.717283950617283,28.2,31.5,46.666666666666664,39.0,63.0,1006.9901234567901,1006.7,1007.2,False,37.00987654320988,35.6,38.4,145.4814814814815,0.8962962962962963,2.0,GAS,43033.77777777778,32528.0,35861.72727272727,28177.0,34617.57142857143,28401.0,89106.0,328856.0,4.0,,,5.0,3.0,,,,,,8.0,3.3333333333333335,,,,,,283.22222222222223,310.0,,,,,,316.0,311.0,,,,,,109144.55555555556,112672.66666666667,,,,,,89811.0,89106.0,,,,1,0,0,3
2025,5,29.717283950617283,28.2,31.5,46.666666666666664,39.0,63.0,1006.9901234567901,1006.7,1007.2,False,37.00987654320988,35.6,38.4,145.4814814814815,0.8962962962962963,2.0,HAD,46175.61538461538,32584.000000000004,35066.05882352941,28221.0,34450.9375,28473.0,89306.0,203045.2,5.0,,,6.0,4.0,,,,,,5.6,2.0,,,,,,301.4,309.5,,,,,,308.0,310.0,,,,,,110677.6,89360.5,,,,,,89895.0,89306.0,,,,1,0,0,3
2025,5,29.717283950617283,28.2,31.5,46.666666666666664,39.0,63.0,1006.9901234567901,1006.7,1007.2,False,37.00987654320988,35.6,38.4,145.4814814814815,0.8962962962962963,2.0,HAM,48675.444444444445,32622.999999999996,37552.63636363636,28175.0,34934.545454545456,28537.0,89371.0,259550.75,4.0,,,5.0,3.0,,,,,,8.0,4.0,,,,,,272.25,308.5,,,,,,311.0,311.0,,,,,,104023.625,112193.5,,,,,,89620.0,89371.0,,,,1,0,0,3
2025,5,29.717283950617283,28.2,31.5,46.666666666666664,39.0,63.0,1006.9901234567901,1006.7,1007.2,False,37.00987654320988,35.6,38.4,145.4814814814815,0.8962962962962963,2.0,HUL,42569.294117647056,32691.000000000004,36639.05,28110.0,35897.1,28392.0,89193.0,339157.75,4.0,,,4.0,5.0,,,,,,7.0,5.0,,,,,,301.5,237.66666666666666,,,,,,308.0,312.0,,,,,,97428.0,102366.66666666667,,,,,,90616.0,89193.0,,,,1,0,0,3
2025,5,29.717283950617283,28.2,31.5,46.666666666666664,39.0,63.0,1006.9901234567901,1006.7,1007.2,False,37.00987654320988,35.6,38.4,145.4814814814815,0.8962962962962963,2.0,LAW,41319.53333333333,32662.0,34911.47619047619,28255.0,35925.42857142857,28443.0,89488.0,266119.8,5.0,,,6.0,4.0,,,,,,6.4,3.0,,,,,,255.4,307.5,,,,,,306.0,308.0,,,,,,99748.4,101094.5,,,,,,90817.0,89488.0,,,,1,0,0,3
2025,5,29.717283950617283,28.2,31.5,46.666666666666664,39.0,63.0,1006.9901234567901,1006.7,1007.2,False,37.00987654320988,35.6,38.4,145.4814814814815,0.8962962962962963,2.0,LEC,43007.705882352944,32436.0,39054.76190476191,28062.0,38071.857142857145,28251.0,88749.0,222039.2,5.0,,,6.0,4.0,,,,,,7.571428571428571,3.6666666666666665,,,,,,267.85714285714283,307.6666666666667,,,,,,308.0,310.0,,,,,,108505.42857142857,121620.33333333333,,,,,,89002.0,88749.0,,,,1,0,0,3
2025,5,29.717283950617283,28.2,31.5,46.666666666666664,39.0,63.0,1006.9901234567901,1006.7,1007.2,False,37.00987654320988,35.6,38.4,145.4814814814815,0.8962962962962963,2.0,NOR,42590.25,32063.000000000004,35370.8,27898.0,36083.05,28195.0,88267.0,338328.75,4.0,,,5.0,3.0,,,,,,7.375,3.6666666666666665,,,,,,261.625,308.3333333333333,,,,,,312.0,311.0,,,,,,105145.25,107272.66666666667,,,,,,89272.0,88267.0,,,,1,0,0,3
2025,5,29.717283950617283,28.2,31.5,46.666666666666664,39.0,63.0,1006.9901234567901,1006.7,1007.2,False,37.00987654320988,35.6,38.4,145.4814814814815,0.8962962962962963,2.0,OCO,45295.055555555555,32910.0,37434.76190476191,28354.0,37524.19047619047,28569.0,90019.0,325126.25,4.0,,,5.0,4.0,,,,,,5.75,6.8,,,,,,240.0,296.4,,,,,,304.0,307.0,,,,,,101789.5,93368.6,,,,,,91456.0,90019.0,,,,1,0,0,3
2025,5,29.717283950617283,28.2,31.5,46.666666666666664,39.0,63.0,1006.9901234567901,1006.7,1007.2,False,37.00987654320988,35.6,38.4,145.4814814814815,0.8962962962962963,2.0,PIA,42730.38888888889,32215.000000000004,33899.95238095238,28025.0,35564.619047619046,28190.0,88430.0,324627.25,4.0,,,4.0,5.0,,,,,,7.777777777777778,4.333333333333333,,,,,,302.22222222222223,223.33333333333334,,,,,,311.0,309.0,,,,,,101061.11111111111,124143.33333333333,,,,,,89140.0,88430.0,,,,1,0,0,3
2025,5,29.717283950617283,28.2,31.5,46.666666666666664,39.0,63.0,1006.9901234567901,1006.7,1007.2,False,37.00987654320988,35.6,38.4,145.4814814814815,0.8962962962962963,2.0,RUS,45685.64705882353,32444.000000000004,39839.0,28063.0,39435.65,28466.0,88973.0,423841.3333333333,3.0,,,3.0,2.0,,,,,,5.2,4.333333333333333,,,,,,282.2,261.6666666666667,,,,,,309.0,309.0,,,,,,109573.8,109481.66666666667,,,,,,89707.0,88973.0,,,,1,0,0,3
2025,5,29.717283950617283,28.2,31.5,46.666666666666664,39.0,63.0,1006.9901234567901,1006.7,1007.2,False,37.00987654320988,35.6,38.4,145.4814814814815,0.8962962962962963,2.0,SAI,44089.9,32430.0,36571.565217391304,28113.0,34769.608695652176,28399.0,88942.0,263941.25,4.0,,,5.0,2.0,,,,,,9.8,3.0,,,,,,276.7,247.66666666666666,,,,,,307.0,313.0,,,,,,100111.8,125745.66666666667,,,,,,89777.0,88942.0,,,,1,0,0,3
2025,5,29.717283950617283,28.2,31.5,46.666666666666664,39.0,63.0,1006.9901234567901,1006.7,1007.2,False,37.00987654320988,35.6,38.4,145.4814814814815,0.8962962962962963,2.0,STR,54244.57142857143,32790.0,38449.529411764706,28468.0,39571.41176470588,28749.0,90007.0,298405.2,5.0,,,1.0,6.0,,,,,,2.0,7.0,,,,,,304.0,251.4,,,,,,304.0,306.0,,,,,,91087.0,109622.0,,,,,,91087.0,90007.0,,,,1,0,0,3
2025,5,29.717283950617283,28.2,31.5,46.666666666666664,39.0,63.0,1006.9901234567901,1006.7,1007.2,False,37.00987654320988,35.6,38.4,145.4814814814815,0.8962962962962963,2.0,TSU,48003.125,32238.999999999996,37127.42105263158,28237.0,36387.27777777778,28487.0,88963.0,143453.2,5.0,,,6.0,4.0,,,,,,7.0,2.5,,,,,,301.57142857142856,309.0,,,,,,308.0,310.0,,,,,,107233.14285714286,112501.0,,,,,,89417.0,88963.0,,,,1,0,0,3
2025,5,29.717283950617283,28.2,31.5,46.666666666666664,39.0,63.0,1006.9901234567901,1006.7,1007.2,False,37.00987654320988,35.6,38.4,145.4814814814815,0.8962962962962963,2.0,VER,40801.94736842105,32161.0,34679.5,28029.0,34241.681818181816,28357.0,88547.0,433516.6666666667,3.0,,,3.0,4.0,,,,,,10.181818181818182,3.5,,,,,,295.27272727272725,178.5,,,,,,307.0,308.0,,,,,,97931.09090909091,110140.0,,,,,,89600.0,88547.0,,,,1,0,0,3
2025,7,19.67654320987654,19.4,20.1,31.555555555555557,29.0,34.0,1007.2098765432099,1007.1,1007.4,False,34.91234567901235,32.3,37.9,128.01234567901236,2.328395061728395,3.8,ALB,32916.56,24054.0,32252.344827586207,26258.0,31539.64285714286,25456.0,75916.0,253108.49999999988,4.0,,,5.0,2.0,,,,,,10.705882352941176,3.5,,,,,,259.47058823529414,259.25,,,,,,283.0,281.0,,,,,,92766.05882352941,107199.75,,,,,,76059.0,75916.0,,,,1,0,0,2
2025,7,19.67654320987654,19.4,20.1,31.555555555555557,29.0,34.0,1007.2098765432099,1007.1,1007.4,False,34.91234567901235,32.3,37.9,128.01234567901236,2.328395061728395,3.8,ALO,31584.666666666668,24184.0,32367.65,26293.0,34048.7,25743.0,76220.0,433694.75,4.0,,,5.0,2.0,,,,,,5.25,5.285714285714286,,,,,,226.5,266.2857142857143,,,,,,281.0,281.0,,,,,,88773.5,97872.14285714286,,,,,,76220.0,77295.0,,,,1,0,0,2
2025,7,19.67654320987654,19.4,20.1,31.555555555555557,29.0,34.0,1007.2098765432099,1007.1,1007.4,False,34.91234567901235,32.3,37.9,128.01234567901236,2.328395061728395,3.8,ANT,32453.608695652172,24206.0,32793.42307692308,26470.0,33539.269230769234,25706.0,76406.0,240502.7999999999,5.0,,,6.0,4.0,,,,,,11.142857142857142,4.5,,,,,,259.14285714285717,281.0,,,,,,281.0,283.0,,,,,,87336.57142857143,99486.0,,,,,,76635.0,76406.0,,,,1,0,0,2
2025,7,19.67654320987654,19.4,20.1,31.555555555555557,29.0,34.0,1007.2098765432099,1007.1,1007.4,False,34.91234567901235,32.3,37.9,128.01234567901236,2.328395061728395,3.8,BEA,32733.380952380954,24231.0,31683.69230769231,26274.0,31320.16,25504.0,76009.0,288207.3999999999,5.0,,,5.0,6.0,,,,,,11.0,4.5,,,,,,275.6666666666667,167.0,,,,,,280.0,283.0,,,,,,80654.66666666667,88784.5,,,,,,76818.0,76009.0,,,,1,0,0,2
2025,7,19.67654320987654,19.4,20.1,31.555555555555557,29.0,34.0,1007.2098765432099,1007.1,1007.4,False,34.91234567901235,32.3,37.9,128.01234567901236,2.328395061728395,3.8,BOR,32376.909090909092,24056.0,32769.769230769234,26624.0,31556.19230769231,25631.0,76339.0,225204.0,5.0,,,6.0,4.0,,,,,,10.785714285714286,3.6666666666666665,,,,,,261.57142857142856,282.0,,,,,,280.0,284.0,,,,,,89167.21428571429,96920.33333333333,,,,,,77116.0,76339.0,,,,1,0,0,2
2025,7,19.67654320987654,19.4,20.1,31.555555555555557,29.0,34.0,1007.2098765432099,1007.1,1007.4,False,34.91234567901235,32.3,37.9,128.01234567901236,2.328395061728395,3.8,COL,32671.04,24042.0,31840.35714285714,26429.0,30766.464285714286,25573.0,76044.0,223565.40000000008,5.0,,,6.0,4.0,,,,,,14.8125,2.0,,,,,,264.625,285.0,,,,,,284.0,285.0,,,,,,82684.6875,76044.0,,,,,,76478.0,76044.0,,,,1,0,0,2
2025,7,19.67654320987654,19.4,20.1,31.555555555555557,29.0,34.0,1007.2098765432099,1007.1,1007.4,False,34.91234567901235,32.3,37.9,128.01234567901236,2.328395061728395,3.8,GAS,33786.666666666664,23992.0,32098.85714285714,26110.0,31824.0,25467.0,75569.0,214390.0,5.0,,,6.0,4.0,,,,,,14.8125,2.0,,,,,,263.6875,282.0,,,,,,284.0,282.0,,,,,,81931.0,75569.0,,,,,,76152.0,75569.0,,,,1,0,0,2
2025,7,19.67654320987654,19.4,20.1,31.555555555555557,29.0,34.0,1007.2098765432099,1007.1,1007.4,False,34.91234567901235,32.3,37.9,128.01234567901236,2.328395061728395,3.8,HAD,31733.41176470588,23990.0,31580.095238095237,26162.0,31513.95238095238,25631.0,75792.0,229263.4,5.0,,,6.0,4.0,,,,,,9.9,3.6666666666666665,,,,,,276.4,279.6666666666667,,,,,,283.0,281.0,,,,,,84720.3,96212.0,,,,,,76619.0,75792.0,,,,1,0,0,2
2025,7,19.67654320987654,19.4,20.1,31.555555555555557,29.0,34.0,1007.2098765432099,1007.1,1007.4,False,34.91234567901235,32.3,37.9,128.01234567901236,2.328395061728395,3.8,HAM,34034.954545454544,24059.0,34372.269230769234,26348.0,32684.958333333332,25465.0,75943.0,417499.0000000002,3.0,,,4.0,2.0,,,,,,11.307692307692308,3.0,,,,,,260.6923076923077,191.0,,,,,,287.0,286.0,,,,,,87597.0,92818.5,,,,,,76623.0,75943.0,,,,1,0,0,2
2025,7,19.67654320987654,19.4,20.1,31.555555555555557,29.0,34.0,1007.2098765432099,1007.1,1007.4,False,34.91234567901235,32.3,37.9,128.01234567901236,2.328395061728395,3.8,HUL,32089.81818181818,24222.0,31482.68,26543.0,31538.44,25654.0,76419.0,341670.0,4.0,,,5.0,3.0,,,,,,10.6,3.0,,,,,,254.8,283.0,,,,,,281.0,283.0,,,,,,88205.8,106844.5,,,,,,77094.0,76419.0,,,,1,0,0,2
2025,7,19.67654320987654,19.4,20.1,31.555555555555557,29.0,34.0,1007.2098765432099,1007.1,1007.4,False,34.91234567901235,32.3,37.9,128.01234567901236,2.328395061728395,3.8,LAW,36566.23529411765,24299.0,31888.772727272728,26356.0,32317.809523809523,25600.0,76255.0,252753.83333333334,6.0,,,7.0,4.0,,,,,,8.5,3.5,,,,,,247.375,281.0,,,,,,282.0,283.0,,,,,,91241.25,76635.0,,,,,,76931.0,76255.0,,,,1,0,0,2
2025,7,19.67654320987654,19.4,20.1,31.555555555555557,29.0,34.0,1007.2098765432099,1007.1,1007.4,False,34.91234567901235,32.3,37.9,128.01234567901236,2.328395061728395,3.8,LEC,32143.666666666668,24016.0,33212.96296296296,26228.0,32562.48148148148,25404.0,75768.0,273217.0,4.0,,,5.0,3.0,,,,,,10.857142857142858,4.333333333333333,,,,,,260.7857142857143,285.3333333333333,,,,,,284.0,287.0,,,,,,87941.07142857143,82959.0,,,,,,76296.0,75768.0,,,,1,0,0,2
2025,7,19.67654320987654,19.4,20.1,31.555555555555557,29.0,34.0,1007.2098765432099,1007.1,1007.4,False,34.91234567901235,32.3,37.9,128.01234567901236,2.328395061728395,3.8,NOR,30341.85714285714,23953.0,30776.28,25937.0,30787.375,25222.0,75318.0,471899.6666666668,3.0,,,3.0,4.0,,,,,,8.272727272727273,5.166666666666667,,,,,,266.90909090909093,197.33333333333334,,,,,,281.0,281.0,,,,,,85219.36363636363,97122.5,,,,,,75952.0,75318.0,,,,1,0,0,2
2025,7,19.67654320987654,19.4,20.1,31.555555555555557,29.0,34.0,1007.2098765432099,1007.1,1007.4,False,34.91234567901235,32.3,37.9,128.01234567901236,2.328395061728395,3.8,OCO,36010.15789473684,24229.0,31775.82608695652,26453.0,32155.043478260868,25642.0,76420.0,256687.83333333334,6.0,,,7.0,5.0,,,,,,10.125,3.5,,,,,,251.75,282.0,,,,,,280.0,283.0,,,,,,82243.125,76466.5,,,,,,77296.0,76420.0,,,,1,0,0,2
2025,7,19.67654320987654,19.4,20.1,31.555555555555557,29.0,34.0,1007.2098765432099,1007.1,1007.4,False,34.91234567901235,32.3,37.9,128.01234567901236,2.328395061728395,3.8,PIA,31274.708333333332,23780.0,31390.35714285714,26049.0,30532.296296296296,25464.0,75293.0,292955.5,4.0,,,4.0,5.0,,,,,,9.642857142857142,5.6,,,,,,274.92857142857144,232.2,,,,,,283.0,285.0,,,,,,87460.14285714286,96698.4,,,,,,76152.0,75293.0,,,,1,0,0,2
2025,7,19.67654320987654,19.4,20.1,31.555555555555557,29.0,34.0,1007.2098765432099,1007.1,1007.4,False,34.91234567901235,32.3,37.9,128.01234567901236,2.328395061728395,3.8,RUS,29257.63157894737,24097.0,31027.954545454544,26204.0,29436.380952380954,25392.0,75693.0,487544.0000000002,3.0,,,4.0,2.0,,,,,,10.428571428571429,2.0,,,,,,261.7142857142857,283.0,,,,,,285.0,283.0,,,,,,84132.78571428571,75693.0,,,,,,76366.0,75693.0,,,,1,0,0,2
2025,7,19.67654320987654,19.4,20.1,31.555555555555557,29.0,34.0,1007.2098765432099,1007.1,1007.4,False,34.91234567901235,32.3,37.9,128.01234567901236,2.328395061728395,3.8,SAI,33356.916666666664,24036.0,32641.0,26279.0,31410.89285714286,25540.0,75934.0,269420.5,4.0,,,5.0,3.0,,,,,,12.2,4.0,,,,,,258.1333333333333,259.6,,,,,,284.0,282.0,,,,,,92548.13333333333,106200.6,,,,,,75992.0,75934.0,,,,1,0,0,2
2025,7,19.67654320987654,19.4,20.1,31.555555555555557,29.0,34.0,1007.2098765432099,1007.1,1007.4,False,34.91234567901235,32.3,37.9,128.01234567901236,2.328395061728395,3.8,STR,33946.47368421053,24126.0,33318.434782608696,26497.0,31689.590909090908,25682.0,76341.0,384353.0,4.0,,,5.0,3.0,,,,,,8.181818181818182,3.6666666666666665,,,,,,256.3636363636364,281.0,,,,,,282.0,281.0,,,,,,92238.27272727272,95198.0,,,,,,76823.0,76341.0,,,,1,0,0,2
2025,7,19.67654320987654,19.4,20.1,31.555555555555557,29.0,34.0,1007.2098765432099,1007.1,1007.4,False,34.91234567901235,32.3,37.9,128.01234567901236,2.328395061728395,3.8,TSU,32415.56,23955.0,34068.82142857143,26205.0,32851.25,25667.0,75827.0,281293.6666666668,3.0,,,3.0,4.0,,,,,,10.933333333333334,4.75,,,,,,268.2,232.0,,,,,,286.0,285.0,,,,,,91849.0,101530.75,,,,,,76418.0,75827.0,,,,1,0,0,2
2025,7,19.67654320987654,19.4,20.1,31.555555555555557,29.0,34.0,1007.2098765432099,1007.1,1007.4,False,34.91234567901235,32.3,37.9,128.01234567901236,2.328395061728395,3.8,VER,31778.863636363636,24075.0,33948.846153846156,26156.0,32268.88,25504.0,75735.0,396091.6666666665,3.0,,,3.0,4.0,,,,,,10.461538461538462,4.333333333333333,,,,,,276.38461538461536,205.33333333333334,,,,,,282.0,284.0,,,,,,83728.92307692308,107911.33333333333,,,,,,76306.0,75735.0,,,,1,0,0,2
2025,8,22.89,22.0,23.5,38.1625,32.0,47.0,1011.0875,1010.9,1011.3,False,38.18875,33.1,42.1,192.9,0.9800000000000001,2.1,ALB,22697.29411764706,18823.0,40288.8125,34121.0,24580.833333333332,18974.0,71918.0,232364.5,4.0,,,5.0,4.0,,,,,,14.130434782608695,3.5,,,,,,254.52173913043478,251.0,,,,,,267.0,269.0,,,,,,84258.78260869565,94623.66666666667,,,,,,72774.0,71918.0,,,,2,0,0,6
2025,8,22.89,22.0,23.5,38.1625,32.0,47.0,1011.0875,1010.9,1011.3,False,38.18875,33.1,42.1,192.9,0.9800000000000001,2.1,ALO,22790.7,18796.0,40499.06896551724,34035.0,25718.73076923077,19009.0,71890.0,283547.75,4.0,,,5.0,4.0,,,,,,9.9375,5.555555555555555,,,,,,240.9375,263.0,,,,,,265.0,270.0,,,,,,85485.9375,90936.88888888889,,,,,,73199.0,71890.0,,,,2,0,0,6
2025,8,22.89,22.0,23.5,38.1625,32.0,47.0,1011.0875,1010.9,1011.3,False,38.18875,33.1,42.1,192.9,0.9800000000000001,2.1,ANT,23321.21875,18878.0,39914.666666666664,34091.0,24772.071428571428,19019.0,72002.0,199618.8,5.0,,,6.0,5.0,,,,,,10.470588235294118,5.666666666666667,,,,,,248.94117647058823,260.8888888888889,,,,,,268.0,270.0,,,,,,84792.88235294117,86649.0,,,,,,72587.0,72002.0,,,,2,0,0,6
2025,8,22.89,22.0,23.5,38.1625,32.0,47.0,1011.0875,1010.9,1011.3,False,38.18875,33.1,42.1,192.9,0.9800000000000001,2.1,BEA,22836.090909090908,18884.0,39728.09375,34246.0,23753.51724137931,18914.0,72259.0,340118.3333333333,3.0,,,3.0,4.0,,,,,,5.0,12.0,,,,,,267.77777777777777,253.25,,,,,,274.0,266.0,,,,,,91959.88888888889,84326.85,,,,,,72259.0,74613.0,,,,2,0,0,6
2025,8,22.89,22.0,23.5,38.1625,32.0,47.0,1011.0875,1010.9,1011.3,False,38.18875,33.1,42.1,192.9,0.9800000000000001,2.1,BOR,23432.464285714286,18779.0,39624.107142857145,34318.0,25716.52,19109.0,72234.0,280799.0,4.0,2.0,,,5.0,,,,4.428571428571429,,,10.294117647058824,,,,261.0,,,251.11764705882354,,,,265.0,,,269.0,,,,86242.71428571429,,,86178.64705882352,,,,73944.0,,,72234.0,,,,2,0,0,6
2025,8,22.89,22.0,23.5,38.1625,32.0,47.0,1011.0875,1010.9,1011.3,False,38.18875,33.1,42.1,192.9,0.9800000000000001,2.1,COL,24232.6,19224.0,39707.5,34735.0,25205.48148148148,19456.0,73415.0,242440.25,4.0,,,5.0,4.0,,,,,,10.352941176470589,5.333333333333333,,,,,,254.0,263.77777777777777,,,,,,265.0,266.0,,,,,,85257.58823529411,92965.88888888889,,,,,,74398.0,73415.0,,,,2,0,0,6
2025,8,22.89,22.0,23.5,38.1625,32.0,47.0,1011.0875,1010.9,1011.3,False,38.18875,33.1,42.1,192.9,0.9800000000000001,2.1,GAS,23258.030303030304,18846.0,39569.875,34301.0,22774.7,19130.0,72404.0,284821.3333333333,3.0,,,4.0,3.0,,,,,,11.368421052631579,6.0,,,,,,245.26315789473685,256.1818181818182,,,,,,265.0,267.0,,,,,,82459.94736842105,92465.27272727272,,,,,,72787.0,72404.0,,,,2,0,0,6
2025,8,22.89,22.0,23.5,38.1625,32.0,47.0,1011.0875,1010.9,1011.3,False,38.18875,33.1,42.1,192.9,0.9800000000000001,2.1,HAD,25244.70588235294,18707.0,45453.3125,34146.0,24283.866666666665,18989.0,71842.0,1033064.0,1.0,,,1.0,2.0,,,,,,1.0,7.5,,,,,,261.0,265.64285714285717,,,,,,261.0,269.0,,,,,,97125.0,92899.71428571429,,,,,,97125.0,71842.0,,,,2,0,0,6
2025,8,22.89,22.0,23.5,38.1625,32.0,47.0,1011.0875,1010.9,1011.3,False,38.18875,33.1,42.1,192.9,0.9800000000000001,2.1,HAM,23824.433333333334,18698.0,41556.34482758621,33921.0,24027.76,18827.0,71460.0,291612.5,4.0,,,5.0,4.0,,,,,,10.882352941176471,4.0,,,,,,259.6470588235294,267.2857142857143,,,,,,269.0,268.0,,,,,,81270.64705882352,94271.85714285714,,,,,,72025.0,71460.0,,,,2,0,0,6
2025,8,22.89,22.0,23.5,38.1625,32.0,47.0,1011.0875,1010.9,1011.3,False,38.18875,33.1,42.1,192.9,0.9800000000000001,2.1,HUL,22547.935483870966,18975.0,38919.903225806454,34139.0,23215.85714285714,19148.0,72262.0,251056.75000000006,4.0,5.0,,,4.0,,,,6.666666666666667,,,9.647058823529411,,,,248.33333333333334,,,257.52941176470586,,,,265.0,,,271.0,,,,89911.77777777778,,,80203.88235294117,,,,73403.0,,,72262.0,,,,2,0,0,6
2025,8,22.89,22.0,23.5,38.1625,32.0,47.0,1011.0875,1010.9,1011.3,False,38.18875,33.1,42.1,192.9,0.9800000000000001,2.1,LAW,21830.290322580644,18754.0,39120.45161290323,33953.0,23784.285714285714,19116.0,71823.0,255520.75,4.0,,,5.0,4.0,,,,,,13.105263157894736,4.0,,,,,,246.89473684210526,266.2857142857143,,,,,,265.0,270.0,,,,,,83052.42105263157,86797.42857142857,,,,,,72962.0,71823.0,,,,2,0,0,6
2025,8,22.89,22.0,23.5,38.1625,32.0,47.0,1011.0875,1010.9,1011.3,False,38.18875,33.1,42.1,192.9,0.9800000000000001,2.1,LEC,23378.451612903227,18495.0,39879.6,33852.0,24832.64285714286,18897.0,71355.0,258212.25,4.0,5.0,,,4.0,,,,11.947368421052632,,,4.0,,,,258.7368421052632,,,267.7142857142857,,,,269.0,,,270.0,,,,81502.57894736843,,,90419.0,,,,72103.0,,,71355.0,,,,2,0,0,6
2025,8,22.89,22.0,23.5,38.1625,32.0,47.0,1011.0875,1010.9,1011.3,False,38.18875,33.1,42.1,192.9,0.9800000000000001,2.1,NOR,22172.25,18710.0,38981.066666666666,33838.0,24462.035714285714,18828.0,71677.0,255840.75,4.0,,,5.0,4.0,,,,,,12.105263157894736,4.5,,,,,,251.57894736842104,267.5,,,,,,269.0,270.0,,,,,,84671.78947368421,84278.375,,,,,,72394.0,71677.0,,,,2,0,0,6
2025,8,22.89,22.0,23.5,38.1625,32.0,47.0,1011.0875,1010.9,1011.3,False,38.18875,33.1,42.1,192.9,0.9800000000000001,2.1,OCO,22636.575757575756,19056.0,39595.15625,34307.0,25028.724137931036,19178.0,72541.0,298140.6666666667,3.0,,,4.0,3.0,,,,,,10.944444444444445,6.0,,,,,,253.33333333333334,264.90909090909093,,,,,,265.0,271.0,,,,,,85854.61111111111,89803.45454545454,,,,,,74894.0,72541.0,,,,2,0,0,6
2025,8,22.89,22.0,23.5,38.1625,32.0,47.0,1011.0875,1010.9,1011.3,False,38.18875,33.1,42.1,192.9,0.9800000000000001,2.1,PIA,24481.115384615383,18653.0,42004.42307692308,33783.0,25523.833333333332,18957.0,71393.0,292077.25,4.0,,,2.0,5.0,,,,,,4.0,9.941176470588236,,,,,,267.5,253.64705882352942,,,,,,269.0,270.0,,,,,,92360.83333333333,89516.70588235294,,,,,,72548.0,71393.0,,,,2,0,0,6
2025,8,22.89,22.0,23.5,38.1625,32.0,47.0,1011.0875,1010.9,1011.3,False,38.18875,33.1,42.1,192.9,0.9800000000000001,2.1,RUS,23218.935483870966,18750.0,39730.25806451613,34236.0,24754.785714285714,19066.0,72092.0,237651.5,4.0,,,5.0,4.0,,,,,,10.470588235294118,5.8,,,,,,249.11764705882354,266.1,,,,,,269.0,273.0,,,,,,83073.88235294117,89808.8,,,,,,72736.0,72092.0,,,,2,0,0,6
2025,8,22.89,22.0,23.5,38.1625,32.0,47.0,1011.0875,1010.9,1011.3,False,38.18875,33.1,42.1,192.9,0.9800000000000001,2.1,SAI,22145.866666666665,18888.0,40651.48387096774,34301.0,25376.714285714286,18932.0,72151.0,180648.6,5.0,,,6.0,3.0,,,,,,10.11111111111111,4.857142857142857,,,,,,243.44444444444446,265.7142857142857,,,,,,269.0,268.0,,,,,,86318.22222222222,86366.71428571429,,,,,,72151.0,72964.0,,,,2,0,0,6
2025,8,22.89,22.0,23.5,38.1625,32.0,47.0,1011.0875,1010.9,1011.3,False,38.18875,33.1,42.1,192.9,0.9800000000000001,2.1,STR,25061.433333333334,18670.0,41258.28571428572,34244.0,25185.53846153846,19326.0,72512.0,259550.75,4.0,,,5.0,4.0,,,,,,7.75,7.166666666666667,,,,,,261.0833333333333,270.1666666666667,,,,,,269.0,272.0,,,,,,82085.58333333333,93412.0,,,,,,74342.0,72512.0,,,,2,0,0,6
2025,8,22.89,22.0,23.5,38.1625,32.0,47.0,1011.0875,1010.9,1011.3,False,38.18875,33.1,42.1,192.9,0.9800000000000001,2.1,TSU,22838.633333333335,18851.0,38931.137931034486,34102.0,24921.576923076922,19079.0,72072.0,363312.3333333333,3.0,,,4.0,3.0,,,,,,9.466666666666667,5.5,,,,,,253.2,255.8,,,,,,264.0,266.0,,,,,,80662.6,89140.1,,,,,,73614.0,72072.0,,,,2,0,0,6
2025,8,22.89,22.0,23.5,38.1625,32.0,47.0,1011.0875,1010.9,1011.3,False,38.18875,33.1,42.1,192.9,0.9800000000000001,2.1,VER,22815.96551724138,18807.0,41723.379310344826,34227.0,24187.84,19034.0,72068.0,274431.25,4.0,,,5.0,4.0,,,,,,10.0,5.0,,,,,,237.0,261.125,,,,,,264.0,266.0,,,,,,87355.3125,87830.25,,,,,,72922.0,72068.0,,,,2,0,0,6
2025,9,30.128048780487806,28.7,31.2,34.74390243902439,28.0,41.0,1005.019512195122,1004.6,1005.2,False,45.76951219512195,41.6,48.2,158.29268292682926,1.4939024390243902,2.5,ALB,31205.344827586207,21786.0,36815.09375,29591.0,28577.5625,22462.0,73839.0,182266.25,4.0,,,4.0,5.0,,,,,,8.0,9.428571428571429,,,,,,266.6666666666667,263.64285714285717,,,,,,290.0,289.0,,,,,,90852.22222222222,86316.5,,,,,,74878.0,73839.0,,,,0,0,0,4
2025,9,30.128048780487806,28.7,31.2,34.74390243902439,28.0,41.0,1005.019512195122,1004.6,1005.2,False,45.76951219512195,41.6,48.2,158.29268292682926,1.4939024390243902,2.5,ALO,29799.56,21766.0,36566.53571428572,29350.0,29422.785714285714,22185.0,73301.0,362632.0,3.0,,,4.0,3.0,,,,,,6.222222222222222,9.333333333333334,,,,,,227.0,275.75,,,,,,288.0,284.0,,,,,,108740.55555555556,80806.0,,,,,,74256.0,73301.0,,,,0,0,0,4
2025,9,30.128048780487806,28.7,31.2,34.74390243902439,28.0,41.0,1005.019512195122,1004.6,1005.2,False,45.76951219512195,41.6,48.2,158.29268292682926,1.4939024390243902,2.5,ANT,27478.62962962963,21725.0,36563.8064516129,29343.0,28415.74193548387,22230.0,73298.0,249152.25,4.0,,,5.0,4.0,,,,,,6.833333333333333,11.375,,,,,,246.0,276.1875,,,,,,291.0,290.0,,,,,,93302.33333333333,81048.3125,,,,,,74212.0,73298.0,,,,0,0,0,4
2025,9,30.128048780487806,28.7,31.2,34.74390243902439,28.0,41.0,1005.019512195122,1004.6,1005.2,False,45.76951219512195,41.6,48.2,158.29268292682926,1.4939024390243902,2.5,BEA,32456.529411764706,21973.0,39539.55,29682.0,30302.6,22471.0,74126.0,609193.3333333334,3.0,,,1.0,4.0,,,,,,2.0,8.818181818181818,,,,,,287.0,254.8181818181818,,,,,,287.0,291.0,,,,,,75225.0,85643.63636363637,,,,,,75225.0,74126.0,,,,0,0,0,4
2025,9,30.128048780487806,28.7,31.2,34.74390243902439,28.0,41.0,1005.019512195122,1004.6,1005.2,False,45.76951219512195,41.6,48.2,158.29268292682926,1.4939024390243902,2.5,BOR,30338.166666666668,21848.0,38013.59259259259,29669.0,29817.11111111111,22442.0,73959.0,243719.4,5.0,,,3.0,6.0,,,,,,4.5,10.615384615384615,,,,,,286.75,275.53846153846155,,,,,,290.0,289.0,,,,,,105220.25,85549.61538461539,,,,,,75261.0,73959.0,,,,0,0,0,4
2025,9,30.128048780487806,28.7,31.2,34.74390243902439,28.0,41.0,1005.019512195122,1004.6,1005.2,False,45.76951219512195,41.6,48.2,158.29268292682926,1.4939024390243902,2.5,COL,31550.321428571428,22123.0,38755.6129032258,29657.0,28632.645161290322,22497.0,74303.0,133108.5,6.0,7.0,,,6.0,,,,12.307692307692308,,,6.8,,,,263.61538461538464,,,282.0,,,,288.0,,,293.0,,,,84606.92307692308,,,78070.4,,,,75728.0,,,74303.0,,,,0,0,0,4
2025,9,30.128048780487806,28.7,31.2,34.74390243902439,28.0,41.0,1005.019512195122,1004.6,1005.2,False,45.76951219512195,41.6,48.2,158.29268292682926,1.4939024390243902,2.5,GAS,32024.074074074073,21802.0,37181.86666666667,29437.0,28603.4,22146.0,73385.0,156171.16666666666,6.0,,,7.0,6.0,,,,,,10.384615384615385,7.833333333333333,,,,,,265.38461538461536,280.1666666666667,,,,,,290.0,292.0,,,,,,93896.53846153847,79178.66666666667,,,,,,74551.0,73385.0,,,,0,0,0,4
2025,9,30.128048780487806,28.7,31.2,34.74390243902439,28.0,41.0,1005.019512195122,1004.6,1005.2,False,45.76951219512195,41.6,48.2,158.29268292682926,1.4939024390243902,2.5,HAD,32777.36,21823.0,36420.793103448275,29367.0,28487.793103448275,22210.0,73400.0,166776.33333333334,6.0,,,7.0,6.0,,,,,,6.5,9.846153846153847,,,,,,227.5,276.2307692307692,,,,,,290.0,289.0,,,,,,84633.5,83152.61538461539,,,,,,74481.0,73400.0,,,,0,0,0,4
2025,9,30.128048780487806,28.7,31.2,34.74390243902439,28.0,41.0,1005.019512195122,1004.6,1005.2,False,45.76951219512195,41.6,48.2,158.29268292682926,1.4939024390243902,2.5,HAM,32075.076923076922,21892.0,38929.65517241379,29439.0,28733.862068965518,22202.0,73533.0,190119.6,5.0,,,5.0,6.0,,,,,,12.727272727272727,5.333333333333333,,,,,,267.45454545454544,245.16666666666666,,,,,,289.0,286.0,,,,,,80565.45454545454,88539.5,,,,,,74566.0,73533.0,,,,0,0,0,4
2025,9,30.128048780487806,28.7,31.2,34.74390243902439,28.0,41.0,1005.019512195122,1004.6,1005.2,False,45.76951219512195,41.6,48.2,158.29268292682926,1.4939024390243902,2.5,HUL,28734.846153846152,21851.0,36267.53333333333,29524.0,29280.2,22217.0,73592.0,198452.8,5.0,,,5.0,6.0,,,,,,11.9375,5.75,,,,,,279.4375,215.25,,,,,,292.0,291.0,,,,,,85661.8125,104861.5,,,,,,74602.0,73592.0,,,,0,0,0,4
2025,9,30.128048780487806,28.7,31.2,34.74390243902439,28.0,41.0,1005.019512195122,1004.6,1005.2,False,45.76951219512195,41.6,48.2,158.29268292682926,1.4939024390243902,2.5,LAW,30455.8,21837.0,36608.44827586207,29447.0,30137.41379310345,22210.0,73494.0,187554.4,5.0,,,3.0,6.0,,,,,,4.75,11.375,,,,,,290.0,263.1875,,,,,,291.0,292.0,,,,,,90693.5,86933.1875,,,,,,74353.0,73494.0,,,,0,0,0,4
2025,9,30.128048780487806,28.7,31.2,34.74390243902439,28.0,41.0,1005.019512195122,1004.6,1005.2,False,45.76951219512195,41.6,48.2,158.29268292682926,1.4939024390243902,2.5,LEC,30040.60714285714,21616.0,37037.9375,29488.0,28306.03125,22156.0,73260.0,107381.57142857143,7.0,,,7.0,8.0,,,,,,11.11111111111111,8.666666666666666,,,,,,282.77777777777777,278.6666666666667,,,,,,294.0,292.0,,,,,,84672.88888888889,82754.55555555556,,,,,,74103.0,73260.0,,,,0,0,0,4
2025,9,30.128048780487806,28.7,31.2,34.74390243902439,28.0,41.0,1005.019512195122,1004.6,1005.2,False,45.76951219512195,41.6,48.2,158.29268292682926,1.4939024390243902,2.5,NOR,30142.214285714286,21542.0,35104.903225806454,29331.0,27619.322580645163,22197.0,73070.0,194355.0,5.0,,,6.0,5.0,,,,,,8.555555555555555,10.083333333333334,,,,,,252.55555555555554,281.1666666666667,,,,,,291.0,292.0,,,,,,84171.88888888889,85160.41666666667,,,,,,73636.0,73070.0,,,,0,0,0,4
2025,9,30.128048780487806,28.7,31.2,34.74390243902439,28.0,41.0,1005.019512195122,1004.6,1005.2,False,45.76951219512195,41.6,48.2,158.29268292682926,1.4939024390243902,2.5,OCO,33428.88888888889,21923.0,38730.96666666667,29706.0,29715.466666666667,22376.0,74005.0,193058.2,5.0,,,6.0,5.0,,,,,,12.8125,3.5,,,,,,271.6875,289.5,,,,,,289.0,290.0,,,,,,90122.1875,74721.0,,,,,,76006.0,74005.0,,,,0,0,0,4
2025,9,30.128048780487806,28.7,31.2,34.74390243902439,28.0,41.0,1005.019512195122,1004.6,1005.2,False,45.76951219512195,41.6,48.2,158.29268292682926,1.4939024390243902,2.5,PIA,27398.75,21501.0,35034.07142857143,29198.0,27509.25,22061.0,72760.0,292228.0,4.0,,,4.0,5.0,,,,,,13.125,3.6666666666666665,,,,,,281.625,205.0,,,,,,291.0,292.0,,,,,,80056.75,108333.66666666667,,,,,,73987.0,72760.0,,,,0,0,0,4
2025,9,30.128048780487806,28.7,31.2,34.74390243902439,28.0,41.0,1005.019512195122,1004.6,1005.2,False,45.76951219512195,41.6,48.2,158.29268292682926,1.4939024390243902,2.5,RUS,28299.964285714286,21722.0,36586.625,29235.0,27584.5,22089.0,73046.0,178727.25,4.0,,,5.0,4.0,,,,,,6.2,12.38888888888889,,,,,,223.2,277.8888888888889,,,,,,292.0,292.0,,,,,,104383.0,80568.16666666667,,,,,,73501.0,73046.0,,,,0,0,0,4
2025,9,30.128048780487806,28.7,31.2,34.74390243902439,28.0,41.0,1005.019512195122,1004.6,1005.2,False,45.76951219512195,41.6,48.2,158.29268292682926,1.4939024390243902,2.5,SAI,29366.354838709678,21805.0,35755.64705882353,29677.0,27384.735294117647,22239.0,73721.0,179340.0,4.0,,,5.0,4.0,,,,,,12.0,7.25,,,,,,261.22222222222223,278.5,,,,,,289.0,291.0,,,,,,92684.72222222222,79748.0,,,,,,74703.0,73721.0,,,,0,0,0,4
2025,9,30.128048780487806,28.7,31.2,34.74390243902439,28.0,41.0,1005.019512195122,1004.6,1005.2,False,45.76951219512195,41.6,48.2,158.29268292682926,1.4939024390243902,2.5,STR,32060.923076923078,22016.0,42097.23529411765,29484.0,30547.176470588234,22339.0,73839.0,269525.5,4.0,5.0,,,3.0,,,,6.0,,,2.0,,,,281.85714285714283,,,289.0,,,,287.0,,,289.0,,,,100859.28571428571,,,73839.0,,,,75058.0,,,73839.0,,,,0,0,0,4
2025,9,30.128048780487806,28.7,31.2,34.74390243902439,28.0,41.0,1005.019512195122,1004.6,1005.2,False,45.76951219512195,41.6,48.2,158.29268292682926,1.4939024390243902,2.5,TSU,28112.535714285714,21754.0,36452.290322580644,29595.0,27402.16129032258,22334.0,73683.0,234929.0,4.0,,,4.0,5.0,,,,,,10.454545454545455,7.909090909090909,,,,,,278.6363636363636,258.8181818181818,,,,,,289.0,292.0,,,,,,79983.36363636363,88211.63636363637,,,,,,74828.0,73683.0,,,,0,0,0,4
2025,9,30.128048780487806,28.7,31.2,34.74390243902439,28.0,41.0,1005.019512195122,1004.6,1005.2,False,45.76951219512195,41.6,48.2,158.29268292682926,1.4939024390243902,2.5,VER,27939.88888888889,21621.0,35347.53333333333,29254.0,26625.566666666666,22195.0,73070.0,247905.5,4.0,,,4.0,5.0,,,,,,9.0,8.416666666666666,,,,,,281.1,262.1666666666667,,,,,,293.0,291.0,,,,,,84839.6,86410.25,,,,,,73910.0,73070.0,,,,0,0,0,4
2025,10,19.083750000000002,18.7,19.5,37.9875,35.0,42.0,1019.7950000000001,1019.6,1020.1,False,38.541250000000005,35.8,41.6,153.4,0.95375,2.2,ALB,25310.277777777777,20112.0,27136.527777777777,22808.0,34978.393939393936,29444.0,72445.0,149987.5,4.0,,,4.0,5.0,,,,,,11.476190476190476,5.7,,,,,,271.76190476190476,275.5,,,,,,293.0,292.0,,,,,,84371.14285714286,91735.8,,,,,,72445.0,73135.0,,,,0,0,0,5
2025,10,19.083750000000002,18.7,19.5,37.9875,35.0,42.0,1019.7950000000001,1019.6,1020.1,False,38.541250000000005,35.8,41.6,153.4,0.95375,2.2,ALO,24873.90322580645,20140.0,29015.354838709678,22918.0,37381.78571428572,29372.0,72458.0,298302.0,3.0,,,,4.0,,,,,,,7.555555555555555,,,,,,,278.8888888888889,,,,,,,293.0,,,,,,,91378.96296296296,,,,,,,72458.0,,,,0,0,0,5
2025,10,19.083750000000002,18.7,19.5,37.9875,35.0,42.0,1019.7950000000001,1019.6,1020.1,False,38.541250000000005,35.8,41.6,153.4,0.95375,2.2,ANT,24930.666666666668,20263.0,26904.848484848484,22882.0,34590.666666666664,29266.0,72411.0,285622.3333333333,3.0,,,3.0,4.0,,,,,,11.25,5.333333333333333,,,,,,278.0,275.6666666666667,,,,,,293.0,294.0,,,,,,81643.6,94450.88888888889,,,,,,73693.0,72411.0,,,,0,0,0,5
2025,10,19.083750000000002,18.7,19.5,37.9875,35.0,42.0,1019.7950000000001,1019.6,1020.1,False,38.541250000000005,35.8,41.6,153.4,0.95375,2.2,BEA,25364.277777777777,20294.0,27417.86111111111,23128.0,35122.30303030303,29571.0,73080.0,244936.0,3.0,,,3.0,4.0,,,,,,12.521739130434783,5.555555555555555,,,,,,279.17391304347825,257.6666666666667,,,,,,289.0,292.0,,,,,,86764.91304347826,89339.88888888889,,,,,,73569.0,73080.0,,,,0,0,0,5
2025,10,19.083750000000002,18.7,19.5,37.9875,35.0,42.0,1019.7950000000001,1019.6,1020.1,False,38.541250000000005,35.8,41.6,153.4,0.95375,2.2,BOR,26229.59375,20418.0,27322.46875,23114.0,36057.96551724138,29364.0,72896.0,328430.0,3.0,3.0,,,4.0,,,,10.526315789473685,,,5.222222222222222,,,,280.94736842105266,,,267.44444444444446,,,,290.0,,,293.0,,,,84721.57894736843,,,98054.44444444444,,,,73796.0,,,72896.0,,,,0,0,0,5
2025,10,19.083750000000002,18.7,19.5,37.9875,35.0,42.0,1019.7950000000001,1019.6,1020.1,False,38.541250000000005,35.8,41.6,153.4,0.95375,2.2,COL,25833.81818181818,20676.0,28653.090909090908,23364.0,36283.166666666664,29670.0,73898.0,421324.0,2.0,,,3.0,2.0,,,,,,13.25,3.5,,,,,,270.25,288.5,,,,,,291.0,289.0,,,,,,85889.08333333333,106693.66666666667,,,,,,74291.0,73898.0,,,,0,0,0,5
2025,10,19.083750000000002,18.7,19.5,37.9875,35.0,42.0,1019.7950000000001,1019.6,1020.1,False,38.541250000000005,35.8,41.6,153.4,0.95375,2.2,GAS,25124.558823529413,20233.0,27684.352941176472,23129.0,35914.54838709677,29384.0,72874.0,299285.6666666667,3.0,,,3.0,4.0,,,,,,11.619047619047619,5.333333333333333,,,,,,279.42857142857144,265.77777777777777,,,,,,293.0,292.0,,,,,,84595.09523809524,95733.22222222222,,,,,,73386.0,72874.0,,,,0,0,0,5
2025,10,19.083750000000002,18.7,19.5,37.9875,35.0,42.0,1019.7950000000001,1019.6,1020.1,False,38.541250000000005,35.8,41.6,153.4,0.95375,2.2,HAD,26284.774193548386,20239.0,27345.8064516129,23110.0,38907.53571428572,29331.0,72799.0,158996.8,5.0,,,5.0,6.0,,,,,,10.6875,5.222222222222222,,,,,,277.3125,235.0,,,,,,293.0,294.0,,,,,,82748.0,100194.88888888889,,,,,,73051.0,72799.0,,,,0,0,0,5
2025,10,19.083750000000002,18.7,19.5,37.9875,35.0,42.0,1019.7950000000001,1019.6,1020.1,False,38.541250000000005,35.8,41.6,153.4,0.95375,2.2,HAM,26090.676470588234,20234.0,28652.470588235294,22968.0,36730.290322580644,29421.0,72653.0,276407.6666666667,3.0,,,4.0,3.0,,,,,,12.136363636363637,4.428571428571429,,,,,,274.3636363636364,289.0,,,,,,293.0,292.0,,,,,,85632.36363636363,89562.28571428571,,,,,,73357.0,72653.0,,,,0,0,0,5
2025,10,19.083750000000002,18.7,19.5,37.9875,35.0,42.0,1019.7950000000001,1019.6,1020.1,False,38.541250000000005,35.8,41.6,153.4,0.95375,2.2,HUL,25045.454545454544,20445.0,27303.727272727272,23088.0,35929.666666666664,29338.0,72914.0,309073.3333333333,3.0,3.0,,,4.0,,,,10.526315789473685,,,5.7,,,,281.42105263157896,,,246.5,,,,293.0,,,292.0,,,,84335.57894736843,,,94928.1,,,,74379.0,,,72914.0,,,,0,0,0,5
2025,10,19.083750000000002,18.7,19.5,37.9875,35.0,42.0,1019.7950000000001,1019.6,1020.1,False,38.541250000000005,35.8,41.6,153.4,0.95375,2.2,LAW,25601.4,20124.0,28255.4,23112.0,36918.81481481482,29515.0,72751.0,283001.0,3.0,,,4.0,2.0,,,,,,10.833333333333334,4.0,,,,,,274.77777777777777,284.0,,,,,,294.0,292.0,,,,,,83839.88888888889,92652.14285714286,,,,,,73846.0,72751.0,,,,0,0,0,5
2025,10,19.083750000000002,18.7,19.5,37.9875,35.0,42.0,1019.7950000000001,1019.6,1020.1,False,38.541250000000005,35.8,41.6,153.4,0.95375,2.2,NOR,25989.3125,20085.0,27118.34375,22886.0,36413.89655172414,29180.0,72151.0,260918.0,4.0,,,4.0,5.0,,,,,,10.722222222222221,5.222222222222222,,,,,,282.3888888888889,277.1111111111111,,,,,,296.0,293.0,,,,,,84284.16666666667,96545.22222222222,,,,,,73301.0,72151.0,,,,0,0,0,5
2025,10,19.083750000000002,18.7,19.5,37.9875,35.0,42.0,1019.7950000000001,1019.6,1020.1,False,38.541250000000005,35.8,41.6,153.4,0.95375,2.2,OCO,25281.909090909092,20249.0,27228.060606060608,23339.0,35283.73333333333,29453.0,73175.0,314844.3333333333,3.0,,,3.0,4.0,,,,,,11.571428571428571,4.75,,,,,,279.1904761904762,256.875,,,,,,289.0,292.0,,,,,,85548.71428571429,92211.125,,,,,,73795.0,73175.0,,,,0,0,0,5
2025,10,19.083750000000002,18.7,19.5,37.9875,35.0,42.0,1019.7950000000001,1019.6,1020.1,False,38.541250000000005,35.8,41.6,153.4,0.95375,2.2,PIA,25551.0,20232.0,28736.15625,22980.0,38561.93103448276,29261.0,72562.0,281988.0,3.0,,,4.0,2.0,,,,,,10.411764705882353,5.0,,,,,,274.2352941176471,282.8888888888889,,,,,,290.0,294.0,,,,,,86375.4705882353,92605.0,,,,,,73783.0,72562.0,,,,0,0,0,5
2025,10,19.083750000000002,18.7,19.5,37.9875,35.0,42.0,1019.7950000000001,1019.6,1020.1,False,38.541250000000005,35.8,41.6,153.4,0.95375,2.2,RUS,24586.454545454544,20163.0,26984.303030303032,22840.0,34113.5,29120.0,72123.0,280668.0,3.0,,,3.0,4.0,,,,,,10.894736842105264,7.0,,,,,,280.0,254.6,,,,,,293.0,294.0,,,,,,79420.42105263157,95700.0,,,,,,72123.0,72602.0,,,,0,0,0,5
2025,10,19.083750000000002,18.7,19.5,37.9875,35.0,42.0,1019.7950000000001,1019.6,1020.1,False,38.541250000000005,35.8,41.6,153.4,0.95375,2.2,SAI,24878.54054054054,20196.0,27762.54054054054,22961.0,36009.529411764706,29399.0,72631.0,197926.66666666666,3.0,,,4.0,2.0,,,,,,13.6,4.5,,,,,,269.4,272.5,,,,,,291.0,293.0,,,,,,86185.52,90859.625,,,,,,72764.0,72631.0,,,,0,0,0,5
2025,10,19.083750000000002,18.7,19.5,37.9875,35.0,42.0,1019.7950000000001,1019.6,1020.1,False,38.541250000000005,35.8,41.6,153.4,0.95375,2.2,STR,35886.0,35886.0,31483.0,31483.0,41884.0,41884.0,109253.0,,,,,,1.0,,,,,,,1.0,,,,,,,290.0,,,,,,,290.0,,,,,,,109253.0,,,,,,,109253.0,,,,0,0,0,5
2025,10,19.083750000000002,18.7,19.5,37.9875,35.0,42.0,1019.7950000000001,1019.6,1020.1,False,38.541250000000005,35.8,41.6,153.4,0.95375,2.2,TSU,26132.057142857142,20302.0,28506.14285714286,23135.0,36479.25,29432.0,72939.0,236073.33333333326,3.0,,,4.0,3.0,,,,,,12.521739130434783,4.285714285714286,,,,,,280.69565217391306,272.7142857142857,,,,,,292.0,294.0,,,,,,87698.73913043478,89176.28571428571,,,,,,73262.0,72939.0,,,,0,0,0,5
2025,10,19.083750000000002,18.7,19.5,37.9875,35.0,42.0,1019.7950000000001,1019.6,1020.1,False,38.541250000000005,35.8,41.6,153.4,0.95375,2.2,VER,25835.322580645163,20217.0,28775.645161290322,22975.0,36046.03571428572,29312.0,72666.0,426646.5,2.0,,,3.0,1.0,,,,,,11.714285714285714,4.0,,,,,,261.1904761904762,292.0,,,,,,292.0,294.0,,,,,,88183.76190476191,98214.28571428571,,,,,,72666.0,72815.0,,,,0,0,0,5
2025,11,25.46708860759494,24.8,26.3,38.11392405063291,34.0,42.0,943.5329113924051,943.3,943.8,False,36.336708860759494,33.8,39.5,176.9493670886076,1.1772151898734178,2.9,ALB,21654.117647058825,16664.0,36511.40540540541,29074.0,25336.027027027027,19962.0,65765.0,203281.75,4.0,5.0,,,3.0,,,,14.72,,,6.0,,,,258.4,,,273.3333333333333,,,,284.0,,,281.0,,,,80190.24,,,100237.66666666667,,,,66185.0,,,65765.0,,,,0,0,0,2
2025,11,25.46708860759494,24.8,26.3,38.11392405063291,34.0,42.0,943.5329113924051,943.3,943.8,False,36.336708860759494,33.8,39.5,176.9493670886076,1.1772151898734178,2.9,ALO,21525.814814814814,16536.0,35312.22580645161,29062.0,24932.16129032258,19859.0,65456.99999999999,190420.33333333334,3.0,,,4.0,5.0,,,,,,11.68421052631579,6.666666666666667,,,,,,263.57894736842104,201.66666666666666,,,,,,282.0,283.0,,,,,,76779.68421052632,84119.66666666667,,,,,,65647.0,65456.99999999999,,,,0,0,0,2
2025,11,25.46708860759494,24.8,26.3,38.11392405063291,34.0,42.0,943.5329113924051,943.3,943.8,False,36.336708860759494,33.8,39.5,176.9493670886076,1.1772151898734178,2.9,ANT,20859.966666666667,16570.0,35381.42857142857,29202.0,24928.08823529412,19765.0,65537.0,163138.33333333334,6.0,,,6.0,7.0,,,,,,15.11111111111111,6.2,,,,,,272.44444444444446,231.8,,,,,,282.0,284.0,,,,,,72553.88888888889,81418.8,,,,,,66202.0,65537.0,,,,0,0,0,2
2025,11,25.46708860759494,24.8,26.3,38.11392405063291,34.0,42.0,943.5329113924051,943.3,943.8,False,36.336708860759494,33.8,39.5,176.9493670886076,1.1772151898734178,2.9,BEA,26362.46875,16765.0,36807.171428571426,29073.0,26745.82857142857,19924.0,65835.0,184439.2,5.0,,,6.0,4.0,,,,,,14.2,3.6666666666666665,,,,,,266.2,280.3333333333333,,,,,,280.0,282.0,,,,,,76771.8,88049.66666666667,,,,,,67151.0,65835.0,,,,0,0,0,2
2025,11,25.46708860759494,24.8,26.3,38.11392405063291,34.0,42.0,943.5329113924051,943.3,943.8,False,36.336708860759494,33.8,39.5,176.9493670886076,1.1772151898734178,2.9,BOR,23315.75,16660.0,35628.58064516129,28956.0,26486.129032258064,19795.0,65411.0,177993.85714285713,7.0,,,7.0,8.0,,,,,,12.466666666666667,5.2,,,,,,273.06666666666666,237.0,,,,,,279.0,283.0,,,,,,78298.0,85350.6,,,,,,66355.0,65411.0,,,,0,0,0,2
2025,11,25.46708860759494,24.8,26.3,38.11392405063291,34.0,42.0,943.5329113924051,943.3,943.8,False,36.336708860759494,33.8,39.5,176.9493670886076,1.1772151898734178,2.9,COL,23324.548387096773,16888.0,36643.32352941176,29273.0,24259.58823529412,20003.0,66176.0,201399.8,5.0,,,6.0,5.0,,,,,,15.863636363636363,3.0,,,,,,261.1818181818182,275.6666666666667,,,,,,282.0,278.0,,,,,,76739.68181818182,91779.33333333333,,,,,,66922.0,66176.0,,,,0,0,0,2
2025,11,25.46708860759494,24.8,26.3,38.11392405063291,34.0,42.0,943.5329113924051,943.3,943.8,False,36.336708860759494,33.8,39.5,176.9493670886076,1.1772151898734178,2.9,GAS,21747.81818181818,16648.0,36282.0,29175.0,25214.944444444445,19788.0,65613.0,279997.3333333333,3.0,4.0,,,3.0,,,,15.807692307692308,,,3.5,,,,258.1923076923077,,,279.5,,,,282.0,,,281.0,,,,79184.19230769231,,,90776.0,,,,66327.0,,,65613.0,,,,0,0,0,2
2025,11,25.46708860759494,24.8,26.3,38.11392405063291,34.0,42.0,943.5329113924051,943.3,943.8,False,36.336708860759494,33.8,39.5,176.9493670886076,1.1772151898734178,2.9,HAD,20040.733333333334,16678.0,34812.529411764706,28944.0,24830.823529411766,19783.0,65547.0,262141.75,4.0,4.0,,,5.0,,,,13.863636363636363,,,5.666666666666667,,,,268.45454545454544,,,195.0,,,,282.0,,,282.0,,,,75651.22727272728,,,88368.66666666667,,,,66103.0,,,65547.0,,,,0,0,0,2
2025,11,25.46708860759494,24.8,26.3,38.11392405063291,34.0,42.0,943.5329113924051,943.3,943.8,False,36.336708860759494,33.8,39.5,176.9493670886076,1.1772151898734178,2.9,HAM,23659.516129032258,16595.0,38850.94117647059,29070.0,25199.852941176472,19704.0,65510.99999999999,190145.99999999988,4.0,5.0,,,4.0,,,,8.857142857142858,,,9.25,,,,260.0,,,265.75,,,,285.0,,,283.0,,,,87464.5,,,80805.83333333333,,,,65869.0,,,65510.99999999999,,,,0,0,0,2
2025,11,25.46708860759494,24.8,26.3,38.11392405063291,34.0,42.0,943.5329113924051,943.3,943.8,False,36.336708860759494,33.8,39.5,176.9493670886076,1.1772151898734178,2.9,HUL,22305.78125,16609.0,35390.42857142857,29270.0,25337.17142857143,19986.0,65918.0,190282.2,5.0,,,5.0,6.0,,,,,,13.7,5.666666666666667,,,,,,264.35,236.33333333333334,,,,,,280.0,284.0,,,,,,76126.45,92495.16666666667,,,,,,66712.0,65918.0,,,,0,0,0,2
2025,11,25.46708860759494,24.8,26.3,38.11392405063291,34.0,42.0,943.5329113924051,943.3,943.8,False,36.336708860759494,33.8,39.5,176.9493670886076,1.1772151898734178,2.9,LAW,20917.777777777777,16628.0,35079.77419354839,29156.0,25016.064516129034,19759.0,65543.0,315669.5,4.0,3.0,,,5.0,,,,6.0,,,11.882352941176471,,,,282.1666666666667,,,257.47058823529414,,,,285.0,,,286.0,,,,86583.5,,,72825.41176470589,,,,65954.0,,,65543.0,,,,0,0,0,2
2025,11,25.46708860759494,24.8,26.3,38.11392405063291,34.0,42.0,943.5329113924051,943.3,943.8,False,36.336708860759494,33.8,39.5,176.9493670886076,1.1772151898734178,2.9,LEC,21192.931034482757,16581.0,37352.74193548387,28973.0,24964.09677419355,19632.0,65190.0,286368.3333333333,3.0,,,4.0,3.0,,,,,,13.904761904761905,3.5,,,,,,265.04761904761904,273.5,,,,,,285.0,286.0,,,,,,82140.28571428571,84525.25,,,,,,65845.0,65190.0,,,,0,0,0,2
2025,11,25.46708860759494,24.8,26.3,38.11392405063291,34.0,42.0,943.5329113924051,943.3,943.8,False,36.336708860759494,33.8,39.5,176.9493670886076,1.1772151898734178,2.9,NOR,21494.46875,16299.0,35662.2,28737.0,24533.114285714284,19458.0,64580.0,245245.0,4.0,,,4.0,5.0,,,,,,13.4,5.285714285714286,,,,,,274.6,238.57142857142858,,,,,,285.0,287.0,,,,,,77273.2,92027.28571428571,,,,,,65437.0,64580.0,,,,0,0,0,2
2025,11,25.46708860759494,24.8,26.3,38.11392405063291,34.0,42.0,943.5329113924051,943.3,943.8,False,36.336708860759494,33.8,39.5,176.9493670886076,1.1772151898734178,2.9,OCO,23879.88888888889,16689.0,37584.16129032258,29075.0,26407.322580645163,19934.0,65698.0,240974.6,5.0,,,2.0,6.0,,,,,,5.571428571428571,10.933333333333334,,,,,,278.0,250.66666666666666,,,,,,280.0,284.0,,,,,,90209.28571428571,81860.33333333333,,,,,,66665.0,65698.0,,,,0,0,0,2
2025,11,25.46708860759494,24.8,26.3,38.11392405063291,34.0,42.0,943.5329113924051,943.3,943.8,False,36.336708860759494,33.8,39.5,176.9493670886076,1.1772151898734178,2.9,PIA,23048.34375,16396.0,36023.28571428572,28851.0,25006.628571428573,19490.0,64736.99999999999,186935.6,5.0,5.0,,,6.0,,,,12.444444444444445,,,6.25,,,,275.3888888888889,,,244.0,,,,284.0,,,285.0,,,,79240.44444444444,,,89445.25,,,,65682.0,,,64736.99999999999,,,,0,0,0,2
2025,11,25.46708860759494,24.8,26.3,38.11392405063291,34.0,42.0,943.5329113924051,943.3,943.8,False,36.336708860759494,33.8,39.5,176.9493670886076,1.1772151898734178,2.9,RUS,21573.9,16477.0,34418.35294117647,28982.0,24561.735294117647,19770.0,65229.0,208694.4,5.0,,,5.0,6.0,,,,,,13.11111111111111,6.833333333333333,,,,,,272.44444444444446,242.66666666666666,,,,,,283.0,283.0,,,,,,73043.72222222222,81794.83333333333,,,,,,65981.0,65229.0,,,,0,0,0,2
2025,11,25.46708860759494,24.8,26.3,38.11392405063291,34.0,42.0,943.5329113924051,943.3,943.8,False,36.336708860759494,33.8,39.5,176.9493670886076,1.1772151898734178,2.9,SAI,24122.441176470587,16633.0,36193.43243243243,29092.0,25389.64864864865,20020.0,65814.0,133740.66666666666,6.0,6.0,,,7.0,,,,13.0,,,7.375,,,,273.63157894736844,,,249.875,,,,284.0,,,281.0,,,,77070.31578947368,,,89679.75,,,,65891.0,,,65814.0,,,,0,0,0,2
2025,11,25.46708860759494,24.8,26.3,38.11392405063291,34.0,42.0,943.5329113924051,943.3,943.8,False,36.336708860759494,33.8,39.5,176.9493670886076,1.1772151898734178,2.9,STR,25724.14285714286,16439.0,37078.09375,28812.0,25801.5,19771.0,65022.00000000001,227108.8,5.0,6.0,,,4.0,,,,13.277777777777779,,,3.5,,,,260.6111111111111,,,280.5,,,,281.0,,,283.0,,,,77769.16666666667,,,65183.5,,,,66272.0,,,65022.00000000001,,,,0,0,0,2
2025,11,25.46708860759494,24.8,26.3,38.11392405063291,34.0,42.0,943.5329113924051,943.3,943.8,False,36.336708860759494,33.8,39.5,176.9493670886076,1.1772151898734178,2.9,TSU,23406.75,16579.0,37079.967741935485,28940.0,25388.1935483871,19773.0,65292.0,196275.75,4.0,,,5.0,4.0,,,,,,13.7,3.6666666666666665,,,,,,253.3,281.0,,,,,,282.0,282.0,,,,,,80337.15,92369.0,,,,,,66497.0,65292.0,,,,0,0,0,2
2025,11,25.46708860759494,24.8,26.3,38.11392405063291,34.0,42.0,943.5329113924051,943.3,943.8,False,36.336708860759494,33.8,39.5,176.9493670886076,1.1772151898734178,2.9,VER,23430.47619047619,16398.0,37425.583333333336,28911.0,25090.041666666668,19589.0,64897.99999999999,358453.3333333333,3.0,,,,4.0,,,,,,,7.538461538461538,,,,,,,243.53846153846155,,,,,,,285.0,,,,,,,82749.23076923077,,,,,,,65654.0,,,,0,0,0,2
2025,12,24.159259259259258,23.7,24.6,35.06172839506173,32.0,37.0,1005.7308641975309,1005.3,1006.1,False,39.8320987654321,37.8,42.6,231.97530864197532,3.691358024691358,5.9,ALB,34754.07407407407,27961.0,43552.833333333336,34885.0,27888.566666666666,23890.0,86840.0,264019.0,3.0,,,3.0,4.0,,,,,,13.176470588235293,3.6666666666666665,,,,,,247.11764705882354,248.0,,,,,,253.0,251.0,,,,,,96487.4705882353,96546.33333333333,,,,,,87199.0,86840.0,,,,0,0,0,2
2025,12,24.159259259259258,23.7,24.6,35.06172839506173,32.0,37.0,1005.7308641975309,1005.3,1006.1,False,39.8320987654321,37.8,42.6,231.97530864197532,3.691358024691358,5.9,ALO,36385.71428571428,28033.0,46101.208333333336,34831.0,32057.666666666668,23900.0,86876.0,369497.6666666667,3.0,,,4.0,3.0,,,,,,10.153846153846153,3.5,,,,,,225.0,251.0,,,,,,250.0,251.0,,,,,,103670.07692307692,86882.0,,,,,,87693.0,86876.0,,,,0,0,0,2
2025,12,24.159259259259258,23.7,24.6,35.06172839506173,32.0,37.0,1005.7308641975309,1005.3,1006.1,False,39.8320987654321,37.8,42.6,231.97530864197532,3.691358024691358,5.9,ANT,35730.5,27919.0,43268.21428571428,34662.0,27412.928571428572,23802.0,86383.0,236961.0,4.0,,,5.0,3.0,,,,,,14.294117647058824,2.0,,,,,,244.47058823529412,251.0,,,,,,251.0,251.0,,,,,,94742.76470588235,86383.0,,,,,,87238.0,86383.0,,,,0,0,0,2
2025,12,24.159259259259258,23.7,24.6,35.06172839506173,32.0,37.0,1005.7308641975309,1005.3,1006.1,False,39.8320987654321,37.8,42.6,231.97530864197532,3.691358024691358,5.9,BEA,39488.34782608696,28424.0,45268.444444444445,34975.0,28001.25925925926,23827.0,87226.0,195287.4,5.0,6.0,,,5.0,,,,12.272727272727273,,,3.5,,,,245.63636363636363,,,253.0,,,,251.0,,,254.0,,,,91631.09090909091,,,87315.0,,,,88133.0,,,87226.0,,,,0,0,0,2
2025,12,24.159259259259258,23.7,24.6,35.06172839506173,32.0,37.0,1005.7308641975309,1005.3,1006.1,False,39.8320987654321,37.8,42.6,231.97530864197532,3.691358024691358,5.9,BOR,35790.666666666664,27974.0,43733.03703703704,34985.0,29345.777777777777,23945.0,86904.0,258748.25,4.0,,,4.0,5.0,,,,,,10.846153846153847,4.25,,,,,,247.69230769230768,247.75,,,,,,251.0,253.0,,,,,,100687.84615384616,96696.75,,,,,,88078.0,86904.0,,,,0,0,0,2
2025,12,24.159259259259258,23.7,24.6,35.06172839506173,32.0,37.0,1005.7308641975309,1005.3,1006.1,False,39.8320987654321,37.8,42.6,231.97530864197532,3.691358024691358,5.9,COL,37625.0,28255.0,44962.275862068964,35164.0,29081.793103448275,23868.0,87289.0,242450.0,3.0,,,4.0,3.0,,,,,,13.266666666666667,3.6666666666666665,,,,,,244.73333333333332,252.0,,,,,,250.0,254.0,,,,,,93356.66666666667,101834.0,,,,,,87579.0,87289.0,,,,0,0,0,2
2025,12,24.159259259259258,23.7,24.6,35.06172839506173,32.0,37.0,1005.7308641975309,1005.3,1006.1,False,39.8320987654321,37.8,42.6,231.97530864197532,3.691358024691358,5.9,GAS,40830.47619047619,28110.0,45400.833333333336,35067.0,30946.875,23997.0,87174.0,244909.2,5.0,,,6.0,4.0,,,,,,8.5,1.5,,,,,,226.1,252.0,,,,,,251.0,252.0,,,,,,104436.5,115330.5,,,,,,88107.0,87174.0,,,,0,0,0,2
2025,12,24.159259259259258,23.7,24.6,35.06172839506173,32.0,37.0,1005.7308641975309,1005.3,1006.1,False,39.8320987654321,37.8,42.6,231.97530864197532,3.691358024691358,5.9,HAD,34031.791666666664,28051.0,41228.7037037037,34825.0,28513.74074074074,23648.0,86524.0,350544.6666666667,3.0,,,4.0,3.0,,,,,,5.2,10.357142857142858,,,,,,214.8,242.92857142857142,,,,,,255.0,251.0,,,,,,113708.4,93223.85714285714,,,,,,87062.0,86524.0,,,,0,0,0,2
2025,12,24.159259259259258,23.7,24.6,35.06172839506173,32.0,37.0,1005.7308641975309,1005.3,1006.1,False,39.8320987654321,37.8,42.6,231.97530864197532,3.691358024691358,5.9,HAM,39765.46153846154,27873.0,47356.96551724138,34609.0,29708.827586206895,23635.0,86117.0,161752.75000000012,4.0,,,4.0,5.0,,,,,,9.8,6.571428571428571,,,,,,248.0,228.85714285714286,,,,,,253.0,253.0,,,,,,99878.1,100817.28571428571,,,,,,86592.0,86117.0,,,,0,0,0,2
2025,12,24.159259259259258,23.7,24.6,35.06172839506173,32.0,37.0,1005.7308641975309,1005.3,1006.1,False,39.8320987654321,37.8,42.6,231.97530864197532,3.691358024691358,5.9,HUL,35320.46153846154,28044.0,43576.65517241379,35084.0,28468.827586206895,23997.0,87165.0,271610.6666666667,3.0,,,3.0,4.0,,,,,,10.625,4.833333333333333,,,,,,243.0625,195.83333333333334,,,,,,252.0,256.0,,,,,,104349.25,117526.0,,,,,,88094.0,87165.0,,,,0,0,0,2
2025,12,24.159259259259258,23.7,24.6,35.06172839506173,32.0,37.0,1005.7308641975309,1005.3,1006.1,False,39.8320987654321,37.8,42.6,231.97530864197532,3.691358024691358,5.9,LAW,33605.04,28050.0,42705.607142857145,34807.0,28838.64285714286,23767.0,86624.0,298344.3333333333,3.0,,,3.0,4.0,,,,,,12.411764705882353,3.6666666666666665,,,,,,245.05882352941177,182.0,,,,,,253.0,252.0,,,,,,96693.88235294117,115257.33333333333,,,,,,87534.0,86624.0,,,,0,0,0,2
2025,12,24.159259259259258,23.7,24.6,35.06172839506173,32.0,37.0,1005.7308641975309,1005.3,1006.1,False,39.8320987654321,37.8,42.6,231.97530864197532,3.691358024691358,5.9,LEC,37187.307692307695,27917.0,44362.137931034486,34396.0,29417.379310344826,23663.0,86038.0,181135.75,4.0,,,5.0,4.0,,,,,,13.0,3.5,,,,,,245.86666666666667,252.5,,,,,,252.0,253.0,,,,,,93648.26666666666,86120.0,,,,,,86887.0,86038.0,,,,0,0,0,2
2025,12,24.159259259259258,23.7,24.6,35.06172839506173,32.0,37.0,1005.7308641975309,1005.3,1006.1,False,39.8320987654321,37.8,42.6,231.97530864197532,3.691358024691358,5.9,NOR,36461.391304347824,27810.0,43654.42307692308,34436.0,29021.846153846152,23570.0,85816.0,268815.75,4.0,,,4.0,5.0,,,,,,10.0,4.285714285714286,,,,,,248.1,213.42857142857142,,,,,,253.0,258.0,,,,,,94614.4,118629.57142857143,,,,,,87032.0,85816.0,,,,0,0,0,2
2025,12,24.159259259259258,23.7,24.6,35.06172839506173,32.0,37.0,1005.7308641975309,1005.3,1006.1,False,39.8320987654321,37.8,42.6,231.97530864197532,3.691358024691358,5.9,OCO,37622.27272727273,28036.0,44312.153846153844,34881.0,28597.76923076923,24024.0,86941.0,211708.2,5.0,6.0,,,5.0,,,,12.272727272727273,,,3.5,,,,229.54545454545453,,,252.5,,,,250.0,,,253.0,,,,92903.72727272728,,,87129.5,,,,88838.0,,,86941.0,,,,0,0,0,2
2025,12,24.159259259259258,23.7,24.6,35.06172839506173,32.0,37.0,1005.7308641975309,1005.3,1006.1,False,39.8320987654321,37.8,42.6,231.97530864197532,3.691358024691358,5.9,PIA,37798.541666666664,27867.0,42961.666666666664,34682.0,29501.296296296296,23641.0,86286.0,208567.4,5.0,,,6.0,5.0,,,,,,11.5,4.25,,,,,,248.0,254.75,,,,,,255.0,256.0,,,,,,95743.75,112573.5,,,,,,86912.0,86286.0,,,,0,0,0,2
2025,12,24.159259259259258,23.7,24.6,35.06172839506173,32.0,37.0,1005.7308641975309,1005.3,1006.1,False,39.8320987654321,37.8,42.6,231.97530864197532,3.691358024691358,5.9,RUS,35567.34782608696,28008.0,43503.77777777778,34752.0,28466.703703703704,23723.0,86523.0,231685.75,4.0,,,5.0,4.0,,,,,,12.6,3.5,,,,,,233.6,251.5,,,,,,252.0,252.0,,,,,,95157.86666666667,86640.0,,,,,,87075.0,86523.0,,,,0,0,0,2
2025,12,24.159259259259258,23.7,24.6,35.06172839506173,32.0,37.0,1005.7308641975309,1005.3,1006.1,False,39.8320987654321,37.8,42.6,231.97530864197532,3.691358024691358,5.9,SAI,37459.041666666664,28029.0,45433.74074074074,35035.0,30698.703703703704,24044.0,87159.0,307075.3333333333,3.0,,,1.0,4.0,,,,,,3.6666666666666665,10.461538461538462,,,,,,250.66666666666666,245.53846153846155,,,,,,254.0,256.0,,,,,,103163.33333333333,95823.07692307692,,,,,,87486.0,87159.0,,,,0,0,0,2
2025,12,24.159259259259258,23.7,24.6,35.06172839506173,32.0,37.0,1005.7308641975309,1005.3,1006.1,False,39.8320987654321,37.8,42.6,231.97530864197532,3.691358024691358,5.9,STR,37635.57142857143,27959.0,47494.833333333336,34827.0,28860.583333333332,23644.0,86430.0,302624.0,4.0,,,5.0,4.0,,,,,,11.0,3.5,,,,,,230.1818181818182,249.5,,,,,,249.0,252.0,,,,,,96982.54545454546,86688.5,,,,,,87841.0,86430.0,,,,0,0,0,2
2025,12,24.159259259259258,23.7,24.6,35.06172839506173,32.0,37.0,1005.7308641975309,1005.3,1006.1,False,39.8320987654321,37.8,42.6,231.97530864197532,3.691358024691358,5.9,TSU,39033.545454545456,28146.0,47188.92,35095.0,31152.84,23739.0,86980.0,257775.25,4.0,,,5.0,4.0,,,,,,9.666666666666666,3.5,,,,,,239.25,252.5,,,,,,252.0,254.0,,,,,,104065.25,87250.0,,,,,,87730.0,86980.0,,,,0,0,0,2
2025,12,24.159259259259258,23.7,24.6,35.06172839506173,32.0,37.0,1005.7308641975309,1005.3,1006.1,False,39.8320987654321,37.8,42.6,231.97530864197532,3.691358024691358,5.9,VER,37725.95,27898.0,44787.217391304344,34772.0,28450.91304347826,23644.0,86314.0,296682.25,4.0,,,5.0,4.0,,,,,,10.454545454545455,3.5,,,,,,231.63636363636363,253.0,,,,,,252.0,254.0,,,,,,95651.81818181818,86462.5,,,,,,87339.0,86314.0,,,,0,0,0,2
