RACEYEAR,RACENUMBER,Quali_AirTemp_mean,Quali_AirTemp_min,Quali_AirTemp_max,Quali_Humidity_mean,Quali_Humidity_min,Quali_Humidity_max,Quali_Pressure_mean,Quali_Pressure_min,Quali_Pressure_max,Quali_Rainfall_max,Quali_TrackTemp_mean,Quali_TrackTemp_min,Quali_TrackTemp_max,Quali_WindDirection_mean,Quali_WindSpeed_mean,Quali_WindSpeed_max,Driver,Quali_AvgSector1Time_ms,Quali_AvgSector2Time_ms,Quali_AvgSector3Time_ms,Quali_FastestSector1Time_ms,Quali_FastestSector2Time_ms,Quali_FastestSector3Time_ms,Quali_AvgPitStopDuration_ms,Quali_TotalPitStops,Quali_MaxStint_HARD,Quali_MaxStint_INTERMEDIATE,Quali_MaxStint_MEDIUM,Quali_MaxStint_SOFT,Quali_MaxStint_UNKNOWN,Quali_MaxStint_WET,Quali_AvgTyreLife_HARD,Quali_AvgTyreLife_INTERMEDIATE,Quali_AvgTyreLife_MEDIUM,Quali_AvgTyreLife_SOFT,Quali_AvgTyreLife_UNKNOWN,Quali_AvgTyreLife_WET,Quali_AvgSpeedOnTyre_HARD,Quali_AvgSpeedOnTyre_INTERMEDIATE,Quali_AvgSpeedOnTyre_MEDIUM,Quali_AvgSpeedOnTyre_SOFT,Quali_AvgSpeedOnTyre_UNKNOWN,Quali_AvgSpeedOnTyre_WET,Quali_FastestSpeedOnTyre_HARD,Quali_FastestSpeedOnTyre_INTERMEDIATE,Quali_FastestSpeedOnTyre_MEDIUM,Quali_FastestSpeedOnTyre_SOFT,Quali_FastestSpeedOnTyre_UNKNOWN,Quali_FastestSpeedOnTyre_WET,Quali_AvgLapTimeOnTyre_HARD,Quali_AvgLapTimeOnTyre_INTERMEDIATE,Quali_AvgLapTimeOnTyre_MEDIUM,Quali_AvgLapTimeOnTyre_SOFT,Quali_AvgLapTimeOnTyre_UNKNOWN,Quali_AvgLapTimeOnTyre_WET,Quali_FastestLapTimeOnTyre_HARD,Quali_FastestLapTimeOnTyre_INTERMEDIATE,Quali_FastestLapTimeOnTyre_MEDIUM,Quali_FastestLapTimeOnTyre_SOFT,Quali_FastestLapTimeOnTyre_UNKNOWN,Quali_FastestLapTimeOnTyre_WET,Quali_Red,Quali_Yellow,Abbreviation,Position,Quali_Q1_ms,Quali_Q2_ms,Quali_Q3_ms
2022,1,19.435897435897434,19.2,19.7,55.6025641025641,51.0,58.0,1013.6820512820512,1013.5,1013.9,False,25.403846153846153,24.2,26.8,75.97435897435898,0.49615384615384617,0.8,ALB,32562.125,45088.692307692305,26884.846153846152,29564.0,39785.0,23203.0,223250.75,4.0,,,,5.0,,,,,,2.0,,,,,,287.6666666666667,,,,,,288.0,,,,,,92822.0,,,,,,92664.0,,,0,1,ALB,14.0,92726.0,92664.0,
2022,1,19.435897435897434,19.2,19.7,55.6025641025641,51.0,58.0,1013.6820512820512,1013.5,1013.9,False,25.403846153846153,24.2,26.8,75.97435897435898,0.49615384615384617,0.8,ALO,32908.555555555555,46490.857142857145,28298.76923076923,29301.0,39305.0,23010.0,465130.74999999994,4.0,,,,5.0,,,,,,2.0,,,,,,286.75,,,,,,287.0,,,,,,91991.25,,,,,,91621.0,,,0,1,ALO,8.0,92346.0,91621.0,92195.0
2022,1,19.435897435897434,19.2,19.7,55.6025641025641,51.0,58.0,1013.6820512820512,1013.5,1013.9,False,25.403846153846153,24.2,26.8,75.97435897435898,0.49615384615384617,0.8,BOT,32347.1,45264.46666666667,27178.5,29203.0,39296.0,22861.0,439633.0,4.0,,,,5.0,,,,,,2.6,,,,,,286.2,,,,,,287.0,,,,,,91894.4,,,,,,91560.0,,,0,1,BOT,6.0,91919.0,91717.0,91560.0
2022,1,19.435897435897434,19.2,19.7,55.6025641025641,51.0,58.0,1013.6820512820512,1013.5,1013.9,False,25.403846153846153,24.2,26.8,75.97435897435898,0.49615384615384617,0.8,GAS,32433.85714285714,45175.04761904762,26639.1,29253.0,39335.0,23018.0,254829.16666666666,6.0,,,,7.0,,,,,,2.857142857142857,,,,,,283.0,,,,,,287.0,,,,,,92499.57142857143,,,,,,91635.0,,,0,1,GAS,10.0,92096.0,91635.0,92338.0
2022,1,19.435897435897434,19.2,19.7,55.6025641025641,51.0,58.0,1013.6820512820512,1013.5,1013.9,False,25.403846153846153,24.2,26.8,75.97435897435898,0.49615384615384617,0.8,HAM,33059.583333333336,44721.882352941175,27567.0,29100.0,38965.0,22822.0,349879.4999999999,4.0,,,,5.0,,,,,,2.857142857142857,,,,,,284.42857142857144,,,,,,286.0,,,,,,98757.28571428571,,,,,,91048.0,,,0,1,HAM,5.0,92285.0,91048.0,91238.0
2022,1,19.435897435897434,19.2,19.7,55.6025641025641,51.0,58.0,1013.6820512820512,1013.5,1013.9,False,25.403846153846153,24.2,26.8,75.97435897435898,0.49615384615384617,0.8,HUL,33193.75,48728.0,28739.5,29833.0,39760.0,23184.0,188394.0,1.0,,,,2.0,,,,,,2.0,,,,,,279.0,,,,,,279.0,,,,,,93105.5,,,,,,92777.0,,,0,1,HUL,17.0,92777.0,,
2022,1,19.435897435897434,19.2,19.7,55.6025641025641,51.0,58.0,1013.6820512820512,1013.5,1013.9,False,25.403846153846153,24.2,26.8,75.97435897435898,0.49615384615384617,0.8,LAT,31862.0,47580.25,29637.5,29810.0,40370.0,23300.0,171676.0,2.0,,,,3.0,,,,,,2.0,,,,,,288.0,,,,,,289.0,,,,,,93710.0,,,,,,93634.0,,,0,1,LAT,20.0,93634.0,,
2022,1,19.435897435897434,19.2,19.7,55.6025641025641,51.0,58.0,1013.6820512820512,1013.5,1013.9,False,25.403846153846153,24.2,26.8,75.97435897435898,0.49615384615384617,0.8,LEC,32240.1,44534.6,27491.133333333335,29115.0,38702.0,22707.0,440805.7499999999,4.0,,,,5.0,,,,,,2.6,,,,,,286.8,,,,,,288.0,,,,,,91009.6,,,,,,90558.0,,,0,1,LEC,1.0,91471.0,90932.0,90558.0
2022,1,19.435897435897434,19.2,19.7,55.6025641025641,51.0,58.0,1013.6820512820512,1013.5,1013.9,False,25.403846153846153,24.2,26.8,75.97435897435898,0.49615384615384617,0.8,MAG,31295.125,45393.72727272727,26232.454545454544,29310.0,39191.0,22879.0,715093.6666666666,3.0,,,,4.0,,,,,,2.0,,,,,,285.0,,,,,,288.0,,,,,,91877.5,,,,,,91461.0,,,0,1,MAG,7.0,91955.0,91461.0,91808.0
2022,1,19.435897435897434,19.2,19.7,55.6025641025641,51.0,58.0,1013.6820512820512,1013.5,1013.9,False,25.403846153846153,24.2,26.8,75.97435897435898,0.49615384615384617,0.8,MSC,31033.285714285714,46040.72727272727,28206.272727272728,29538.0,39430.0,22995.0,297695.6666666667,3.0,,,,3.0,,,,,,2.0,,,,,,288.3333333333333,,,,,,289.0,,,,,,92323.33333333333,,,,,,91998.0,,,0,1,MSC,12.0,92380.0,91998.0,
2022,1,19.435897435897434,19.2,19.7,55.6025641025641,51.0,58.0,1013.6820512820512,1013.5,1013.9,False,25.403846153846153,24.2,26.8,75.97435897435898,0.49615384615384617,0.8,NOR,32826.7,44469.07142857143,28272.64285714286,29544.0,39355.0,23093.0,289048.0,3.0,,,,4.0,,,,,,2.5,,,,,,284.0,,,,,,287.0,,,,,,101358.16666666667,,,,,,92008.0,,,0,1,NOR,13.0,92239.0,92008.0,
2022,1,19.435897435897434,19.2,19.7,55.6025641025641,51.0,58.0,1013.6820512820512,1013.5,1013.9,False,25.403846153846153,24.2,26.8,75.97435897435898,0.49615384615384617,0.8,OCO,33700.0,44632.416666666664,29821.0,29407.0,39294.0,23030.0,312115.6666666667,3.0,,,,4.0,,,,,,2.0,,,,,,286.0,,,,,,287.0,,,,,,92111.5,,,,,,91782.0,,,0,1,OCO,11.0,92041.0,91782.0,
2022,1,19.435897435897434,19.2,19.7,55.6025641025641,51.0,58.0,1013.6820512820512,1013.5,1013.9,False,25.403846153846153,24.2,26.8,75.97435897435898,0.49615384615384617,0.8,PER,32451.25,45534.22222222222,27397.941176470587,29152.0,38894.0,22746.0,317526.6000000001,5.0,,,,6.0,,,,,,2.5,,,,,,288.5,,,,,,290.0,,,,,,91502.16666666667,,,,,,90921.0,,,0,1,PER,4.0,92311.0,91008.0,90921.0
2022,1,19.435897435897434,19.2,19.7,55.6025641025641,51.0,58.0,1013.6820512820512,1013.5,1013.9,False,25.403846153846153,24.2,26.8,75.97435897435898,0.49615384615384617,0.8,RIC,33682.0,45437.125,26318.875,29763.0,39862.0,23320.0,180995.0,1.0,,,,2.0,,,,,,2.75,,,,,,282.25,,,,,,283.0,,,,,,101550.25,,,,,,92945.0,,,0,1,RIC,18.0,92945.0,,
2022,1,19.435897435897434,19.2,19.7,55.6025641025641,51.0,58.0,1013.6820512820512,1013.5,1013.9,False,25.403846153846153,24.2,26.8,75.97435897435898,0.49615384615384617,0.8,RUS,33729.666666666664,45665.35294117647,26840.625,29197.0,39104.0,22852.0,348612.75,4.0,,,,5.0,,,,,,2.857142857142857,,,,,,283.57142857142856,,,,,,286.0,,,,,,97069.14285714286,,,,,,91252.0,,,0,1,RUS,9.0,92269.0,91252.0,92216.0
2022,1,19.435897435897434,19.2,19.7,55.6025641025641,51.0,58.0,1013.6820512820512,1013.5,1013.9,False,25.403846153846153,24.2,26.8,75.97435897435898,0.49615384615384617,0.8,SAI,33556.0,45484.8,28149.2,29036.0,38842.0,22708.0,432777.7499999999,4.0,,,,5.0,,,,,,2.6,,,,,,285.6,,,,,,287.0,,,,,,91105.0,,,,,,90687.0,,,0,1,SAI,3.0,91567.0,90787.0,90687.0
2022,1,19.435897435897434,19.2,19.7,55.6025641025641,51.0,58.0,1013.6820512820512,1013.5,1013.9,False,25.403846153846153,24.2,26.8,75.97435897435898,0.49615384615384617,0.8,STR,31594.25,44062.166666666664,27753.0,29906.0,39844.0,23282.0,215868.0,1.0,,,,2.0,,,,,,2.0,,,,,,283.5,,,,,,284.0,,,,,,93170.5,,,,,,93032.0,,,0,1,STR,19.0,93032.0,,
2022,1,19.435897435897434,19.2,19.7,55.6025641025641,51.0,58.0,1013.6820512820512,1013.5,1013.9,False,25.403846153846153,24.2,26.8,75.97435897435898,0.49615384615384617,0.8,TSU,31812.4,45703.125,26981.375,29724.0,39811.0,23215.0,164261.0,2.0,,,,3.0,,,,,,2.0,,,,,,285.0,,,,,,286.0,,,,,,93165.5,,,,,,92750.0,,,0,1,TSU,16.0,92750.0,,
2022,1,19.435897435897434,19.2,19.7,55.6025641025641,51.0,58.0,1013.6820512820512,1013.5,1013.9,False,25.403846153846153,24.2,26.8,75.97435897435898,0.49615384615384617,0.8,VER,32765.4,45656.0,26201.35714285714,28970.0,38832.0,22761.0,681570.6666666666,3.0,,,,4.0,,,,,,2.5,,,,,,288.0,,,,,,289.0,,,,,,99078.83333333333,,,,,,90681.0,,,0,1,VER,2.0,91785.0,90757.0,90681.0
2022,1,19.435897435897434,19.2,19.7,55.6025641025641,51.0,58.0,1013.6820512820512,1013.5,1013.9,False,25.403846153846153,24.2,26.8,75.97435897435898,0.49615384615384617,0.8,ZHO,33199.375,47161.75,27940.083333333332,29493.0,39796.0,23065.0,279129.3333333333,3.0,,,,4.0,,,,,,2.75,,,,,,286.5,,,,,,288.0,,,,,,92802.25,,,,,,92387.0,,,0,1,ZHO,15.0,92493.0,93543.0,
2022,2,23.48041958041958,23.2,23.9,58.68531468531469,55.0,62.0,1014.3426573426574,1013.5,1014.9,False,25.364335664335663,24.6,26.1,316.2307692307692,2.9923076923076923,4.9,ALB,41220.833333333336,34461.875,37191.25,33167.0,28975.0,28350.0,551141.0,1.0,,,,2.0,,,,,,2.8,,,,,,301.4,,,,,,304.0,,,,,,110029.8,,,,,,90492.0,,,2,2,ALB,17.0,90492.0,,
2022,2,23.48041958041958,23.2,23.9,58.68531468531469,55.0,62.0,1014.3426573426574,1013.5,1014.9,False,25.364335664335663,24.6,26.1,316.2307692307692,2.9923076923076923,4.9,ALO,38004.13333333333,33135.15,35142.65,32613.999999999996,28581.0,27842.0,1160706.5000000002,4.0,,,,5.0,,,,,,3.5,,,,,,302.6,,,,,,307.0,,,,,,98643.8,,,,,,89147.0,,,2,2,ALO,7.0,89978.0,89295.0,89147.0
2022,2,23.48041958041958,23.2,23.9,58.68531468531469,55.0,62.0,1014.3426573426574,1013.5,1014.9,False,25.364335664335663,24.6,26.1,316.2307692307692,2.9923076923076923,4.9,BOT,39351.117647058825,33235.142857142855,32498.04761904762,32543.999999999996,28560.0,27955.0,1464534.6666666667,3.0,,,,4.0,,,,,,3.5714285714285716,,,,,,297.7142857142857,,,,,,303.0,,,,,,102356.92857142857,,,,,,89183.0,,,2,2,BOT,8.0,89683.0,89404.0,89183.0
2022,2,23.48041958041958,23.2,23.9,58.68531468531469,55.0,62.0,1014.3426573426574,1013.5,1014.9,False,25.364335664335663,24.6,26.1,316.2307692307692,2.9923076923076923,4.9,GAS,39017.26666666667,33126.09090909091,35637.1,32698.0,28574.0,27970.0,816167.8333333334,6.0,,,,7.0,,,,,,3.3,,,,,,301.2,,,,,,304.0,,,,,,103608.2,,,,,,89254.0,,,2,2,GAS,9.0,89891.0,89418.0,89254.0
2022,2,23.48041958041958,23.2,23.9,58.68531468531469,55.0,62.0,1014.3426573426574,1013.5,1014.9,False,25.364335664335663,24.6,26.1,316.2307692307692,2.9923076923076923,4.9,HAM,40010.0,32608.4,33828.3,33085.0,28890.0,28291.0,431058.0,1.0,,,1.0,2.0,,,,,2.5,4.0,,,,,296.0,298.2,,,,,298.0,299.0,,,,,108119.0,105336.4,,,,,92708.0,90343.0,,,2,2,HAM,16.0,90343.0,,
2022,2,23.48041958041958,23.2,23.9,58.68531468531469,55.0,62.0,1014.3426573426574,1013.5,1014.9,False,25.364335664335663,24.6,26.1,316.2307692307692,2.9923076923076923,4.9,HUL,39013.5,33029.11111111111,36047.77777777778,33201.0,28896.0,28427.0,251923.0,2.0,,,,3.0,,,,,,2.25,,,,,,300.0,,,,,,302.0,,,,,,104520.5,,,,,,90543.0,,,2,2,HUL,18.0,90543.0,,
2022,2,23.48041958041958,23.2,23.9,58.68531468531469,55.0,62.0,1014.3426573426574,1013.5,1014.9,False,25.364335664335663,24.6,26.1,316.2307692307692,2.9923076923076923,4.9,LAT,42476.666666666664,36579.5,34444.0,33655.0,29247.0,28644.0,,,,,,1.0,,,,,,2.5,,,,,,298.5,,,,,,301.0,,,,,,115852.0,,,,,,91817.0,,,2,2,LAT,19.0,91817.0,,
2022,2,23.48041958041958,23.2,23.9,58.68531468531469,55.0,62.0,1014.3426573426574,1013.5,1014.9,False,25.364335664335663,24.6,26.1,316.2307692307692,2.9923076923076923,4.9,LEC,38480.933333333334,34020.25,34400.84210526316,32134.0,28347.0,27714.0,867855.6666666666,6.0,,,,7.0,,,,,,3.6666666666666665,,,,,,275.0,,,,,,300.0,,,,,,102364.33333333333,,,,,,88225.0,,,2,2,LEC,2.0,89039.0,88780.0,88225.0
2022,2,23.48041958041958,23.2,23.9,58.68531468531469,55.0,62.0,1014.3426573426574,1013.5,1014.9,False,25.364335664335663,24.6,26.1,316.2307692307692,2.9923076923076923,4.9,MAG,37146.375,32426.0,33758.818181818184,32765.0,28703.0,28022.0,838714.5,6.0,,,,7.0,,,,,,3.8,,,,,,300.1,,,,,,303.0,,,,,,99434.8,,,,,,89546.0,,,2,2,MAG,10.0,89831.0,89546.0,89588.0
2022,2,23.48041958041958,23.2,23.9,58.68531468531469,55.0,62.0,1014.3426573426574,1013.5,1014.9,False,25.364335664335663,24.6,26.1,316.2307692307692,2.9923076923076923,4.9,MSC,35696.5,32612.583333333332,32774.545454545456,32896.0,28765.0,28236.0,436357.3333333333,3.0,,,,3.0,,,,,,3.2,,,,,,299.6,,,,,,302.0,,,,,,95841.0,,,,,,89920.0,,,2,2,MSC,14.0,90167.0,89920.0,
2022,2,23.48041958041958,23.2,23.9,58.68531468531469,55.0,62.0,1014.3426573426574,1013.5,1014.9,False,25.364335664335663,24.6,26.1,316.2307692307692,2.9923076923076923,4.9,NOR,39376.1,34423.26666666667,35435.357142857145,32720.999999999996,28669.0,28234.0,1133066.75,4.0,,,,5.0,,,,,,3.3333333333333335,,,,,,292.3333333333333,,,,,,296.0,,,,,,99309.33333333333,,,,,,89651.0,,,2,2,NOR,11.0,89957.0,89651.0,
2022,2,23.48041958041958,23.2,23.9,58.68531468531469,55.0,62.0,1014.3426573426574,1013.5,1014.9,False,25.364335664335663,24.6,26.1,316.2307692307692,2.9923076923076923,4.9,OCO,37294.57142857143,33364.0,35253.73684210526,32566.000000000004,28589.0,27913.0,1167118.25,4.0,,,,4.0,,,,,,4.0,,,,,,301.44444444444446,,,,,,303.0,,,,,,102396.88888888889,,,,,,89068.0,,,2,2,OCO,5.0,90093.0,89584.0,89068.0
2022,2,23.48041958041958,23.2,23.9,58.68531468531469,55.0,62.0,1014.3426573426574,1013.5,1014.9,False,25.364335664335663,24.6,26.1,316.2307692307692,2.9923076923076923,4.9,PER,39088.583333333336,32523.555555555555,34394.833333333336,32299.0,28323.0,27578.0,1069474.2,5.0,,,,6.0,,,,,,4.125,,,,,,274.625,,,,,,309.0,,,,,,100999.375,,,,,,88200.0,,,2,2,PER,1.0,89705.0,88924.0,88200.0
2022,2,23.48041958041958,23.2,23.9,58.68531468531469,55.0,62.0,1014.3426573426574,1013.5,1014.9,False,25.364335664335663,24.6,26.1,316.2307692307692,2.9923076923076923,4.9,RIC,39766.09090909091,33259.26666666667,35882.8,32741.0,28776.0,28217.0,1139692.25,4.0,,,,5.0,,,,,,3.4285714285714284,,,,,,292.2857142857143,,,,,,298.0,,,,,,99417.14285714286,,,,,,89773.0,,,2,2,RIC,12.0,90009.0,89773.0,
2022,2,23.48041958041958,23.2,23.9,58.68531468531469,55.0,62.0,1014.3426573426574,1013.5,1014.9,False,25.364335664335663,24.6,26.1,316.2307692307692,2.9923076923076923,4.9,RUS,39563.86666666667,33213.75,33590.31578947369,32343.000000000004,28548.0,28055.0,1035776.0,5.0,,,3.0,6.0,,,,,3.6666666666666665,3.0,,,,,298.6666666666667,298.57142857142856,,,,,300.0,302.0,,,,,101937.0,102766.85714285714,,,,,89618.0,89104.0,,,2,2,RUS,6.0,89680.0,89618.0,89104.0
2022,2,23.48041958041958,23.2,23.9,58.68531468531469,55.0,62.0,1014.3426573426574,1013.5,1014.9,False,25.364335664335663,24.6,26.1,316.2307692307692,2.9923076923076923,4.9,SAI,37545.46666666667,34833.80952380953,34594.8,32289.0,28482.0,27631.0,824806.1666666666,6.0,,,,7.0,,,,,,4.454545454545454,,,,,,280.3636363636364,,,,,,301.0,,,,,,100084.90909090909,,,,,,73670.0,,,2,2,SAI,3.0,88855.0,88686.0,88402.0
2022,2,23.48041958041958,23.2,23.9,58.68531468531469,55.0,62.0,1014.3426573426574,1013.5,1014.9,False,25.364335664335663,24.6,26.1,316.2307692307692,2.9923076923076923,4.9,STR,38015.1,32473.666666666668,34805.5,33048.0,28884.0,28320.0,376123.0,3.0,,,,4.0,,,,,,4.333333333333333,,,,,,301.3333333333333,,,,,,303.0,,,,,,94753.66666666667,,,,,,90256.0,,,2,2,STR,15.0,90256.0,91009.0,
2022,2,23.48041958041958,23.2,23.9,58.68531468531469,55.0,62.0,1014.3426573426574,1013.5,1014.9,False,25.364335664335663,24.6,26.1,316.2307692307692,2.9923076923076923,4.9,TSU,,39346.0,45492.0,,39346.0,45492.0,405903.0,1.0,,,,,,,,,,,,,,,,,,,,,,,,,,,,,,,,,,,,,2,2,TSU,20.0,,,
2022,2,23.48041958041958,23.2,23.9,58.68531468531469,55.0,62.0,1014.3426573426574,1013.5,1014.9,False,25.364335664335663,24.6,26.1,316.2307692307692,2.9923076923076923,4.9,VER,41273.76470588235,34370.13636363636,34549.333333333336,32314.0,28335.0,27812.0,1011860.4,5.0,,,,6.0,,,,,,3.5,,,,,,302.2,,,,,,308.0,,,,,,103479.6,,,,,,88461.0,,,2,2,VER,4.0,88928.0,88945.0,88461.0
2022,2,23.48041958041958,23.2,23.9,58.68531468531469,55.0,62.0,1014.3426573426574,1013.5,1014.9,False,25.364335664335663,24.6,26.1,316.2307692307692,2.9923076923076923,4.9,ZHO,41680.666666666664,34564.3125,35679.6,32985.0,28714.0,28077.0,1516299.3333333333,3.0,,,,4.0,,,,,,3.625,,,,,,297.5,,,,,,303.0,,,,,,99860.5,,,,,,89819.0,,,2,2,ZHO,13.0,89978.0,89819.0,
2022,3,23.237837837837837,22.5,24.1,57.65765765765766,54.0,62.0,1017.3486486486486,1017.0,1017.5,False,29.152252252252254,26.7,32.1,262.1711711711712,1.1846846846846846,2.4,ALB,34444.8,20991.454545454544,39105.125,27401.0,17888.0,34582.0,535919.5,2.0,,,,3.0,,,,,,2.142857142857143,,,,,,300.57142857142856,,,,,,303.0,,,,,,91575.85714285714,,,,,,80135.0,,,2,7,ALB,16.0,80135.0,,
2022,3,23.237837837837837,22.5,24.1,57.65765765765766,54.0,62.0,1017.3486486486486,1017.0,1017.5,False,29.152252252252254,26.7,32.1,262.1711711711712,1.1846846846846846,2.4,ALO,33618.92857142857,20836.0,40457.181818181816,26856.0,17753.0,34020.0,641355.25,4.0,,,,5.0,,,,,,2.8,,,,,,300.9,,,,,,305.0,,,,,,96313.4,,,,,,78815.0,,,2,7,ALO,10.0,79192.0,78815.0,
2022,3,23.237837837837837,22.5,24.1,57.65765765765766,54.0,62.0,1017.3486486486486,1017.0,1017.5,False,29.152252252252254,26.7,32.1,262.1711711711712,1.1846846846846846,2.4,BOT,34100.46153846154,20047.76923076923,40965.0,27129.0,17990.0,34039.0,1055479.5,2.0,,,,3.0,,,,,,2.3,,,,,,298.7,,,,,,301.0,,,,,,94806.1,,,,,,79251.0,,,2,7,BOT,12.0,79251.0,79410.0,
2022,3,23.237837837837837,22.5,24.1,57.65765765765766,54.0,62.0,1017.3486486486486,1017.0,1017.5,False,29.152252252252254,26.7,32.1,262.1711711711712,1.1846846846846846,2.4,GAS,36298.26315789474,20848.11111111111,41677.28571428572,27254.0,18049.0,33823.0,438196.5,4.0,,,,5.0,,,,,,3.2142857142857144,,,,,,293.7142857142857,,,,,,300.0,,,,,,97683.5,,,,,,79226.0,,,2,7,GAS,11.0,79580.0,79226.0,
2022,3,23.237837837837837,22.5,24.1,57.65765765765766,54.0,62.0,1017.3486486486486,1017.0,1017.5,False,29.152252252252254,26.7,32.1,262.1711711711712,1.1846846846846846,2.4,HAM,34436.07407407407,20511.222222222223,38163.181818181816,26975.0,18000.0,33810.0,530904.8,5.0,,,,6.0,,,,,,3.4545454545454546,,,,,,293.59090909090907,,,,,,299.0,,,,,,92750.04545454546,,,,,,78825.0,,,2,7,HAM,5.0,79401.0,79106.0,78825.0
2022,3,23.237837837837837,22.5,24.1,57.65765765765766,54.0,62.0,1017.3486486486486,1017.0,1017.5,False,29.152252252252254,26.7,32.1,262.1711711711712,1.1846846846846846,2.4,LAT,36636.75,19930.25,46138.0,27536.0,18192.0,35461.0,148973.0,1.0,,,,2.0,,,,,,2.1666666666666665,,,,,,290.3333333333333,,,,,,302.0,,,,,,99857.66666666667,,,,,,81372.0,,,2,7,LAT,19.0,81372.0,,
2022,3,23.237837837837837,22.5,24.1,57.65765765765766,54.0,62.0,1017.3486486486486,1017.0,1017.5,False,29.152252252252254,26.7,32.1,262.1711711711712,1.1846846846846846,2.4,LEC,36653.5,22545.0,41662.294117647056,26740.0,17786.0,33342.0,869609.75,4.0,,,,5.0,,,,,,2.8125,,,,,,290.4375,,,,,,301.0,,,,,,100684.625,,,,,,77868.0,,,2,7,LEC,1.0,78881.0,78606.0,77868.0
2022,3,23.237837837837837,22.5,24.1,57.65765765765766,54.0,62.0,1017.3486486486486,1017.0,1017.5,False,29.152252252252254,26.7,32.1,262.1711711711712,1.1846846846846846,2.4,MAG,33226.3,19944.81818181818,37715.625,27822.0,18237.0,34097.0,559647.0,2.0,,,,3.0,,,,,,2.142857142857143,,,,,,296.7142857142857,,,,,,298.0,,,,,,89880.85714285714,,,,,,80254.0,,,2,7,MAG,17.0,80254.0,,
2022,3,23.237837837837837,22.5,24.1,57.65765765765766,54.0,62.0,1017.3486486486486,1017.0,1017.5,False,29.152252252252254,26.7,32.1,262.1711711711712,1.1846846846846846,2.4,MSC,33398.88888888889,20250.42105263158,40227.42857142857,27352.0,18258.0,34236.0,450028.25,4.0,,,,5.0,,,,,,2.923076923076923,,,,,,297.7692307692308,,,,,,301.0,,,,,,92962.53846153847,,,,,,80104.0,,,2,7,MSC,15.0,80104.0,80465.0,
2022,3,23.237837837837837,22.5,24.1,57.65765765765766,54.0,62.0,1017.3486486486486,1017.0,1017.5,False,29.152252252252254,26.7,32.1,262.1711711711712,1.1846846846846846,2.4,NOR,35309.25,21751.1,40874.73333333333,27047.0,17971.0,33665.0,900725.5,4.0,,,,5.0,,,,,,2.6666666666666665,,,,,,294.26666666666665,,,,,,300.0,,,,,,97611.66666666667,,,,,,78703.0,,,2,7,NOR,4.0,79280.0,79066.0,78703.0
2022,3,23.237837837837837,22.5,24.1,57.65765765765766,54.0,62.0,1017.3486486486486,1017.0,1017.5,False,29.152252252252254,26.7,32.1,262.1711711711712,1.1846846846846846,2.4,OCO,34371.681818181816,20741.909090909092,38663.75,26960.0,17919.0,33921.0,522880.6666666667,6.0,,,,7.0,,,,,,3.125,,,,,,300.875,,,,,,304.0,,,,,,92652.25,,,,,,79061.0,,,2,7,OCO,8.0,79605.0,79136.0,79061.0
2022,3,23.237837837837837,22.5,24.1,57.65765765765766,54.0,62.0,1017.3486486486486,1017.0,1017.5,False,29.152252252252254,26.7,32.1,262.1711711711712,1.1846846846846846,2.4,PER,34204.95,20932.0,39411.0,26845.0,17760.0,33480.0,1154985.0,3.0,,,,4.0,,,,,,2.764705882352941,,,,,,302.11764705882354,,,,,,305.0,,,,,,94311.41176470589,,,,,,78240.0,,,2,7,PER,3.0,78834.0,78340.0,78240.0
2022,3,23.237837837837837,22.5,24.1,57.65765765765766,54.0,62.0,1017.3486486486486,1017.0,1017.5,False,29.152252252252254,26.7,32.1,262.1711711711712,1.1846846846846846,2.4,RIC,36652.1,20857.904761904763,40283.066666666666,27074.0,17981.0,33823.0,538527.0,6.0,,,,7.0,,,,,,3.357142857142857,,,,,,293.14285714285717,,,,,,299.0,,,,,,97168.5,,,,,,79032.0,,,2,7,RIC,7.0,79665.0,79130.0,79032.0
2022,3,23.237837837837837,22.5,24.1,57.65765765765766,54.0,62.0,1017.3486486486486,1017.0,1017.5,False,29.152252252252254,26.7,32.1,262.1711711711712,1.1846846846846846,2.4,RUS,34115.730769230766,20276.48,40944.5,27033.0,17985.0,33846.0,534137.2000000001,5.0,,,,6.0,,,,,,3.3,,,,,,291.8,,,,,,300.0,,,,,,95876.15,,,,,,78933.0,,,2,7,RUS,6.0,79405.0,79076.0,78933.0
2022,3,23.237837837837837,22.5,24.1,57.65765765765766,54.0,62.0,1017.3486486486486,1017.0,1017.5,False,29.152252252252254,26.7,32.1,262.1711711711712,1.1846846846846846,2.4,SAI,35754.09090909091,22489.18181818182,42157.05882352941,26929.0,17772.0,33687.0,817992.25,4.0,,,,5.0,,,,,,3.4375,,,,,,291.25,,,,,,301.0,,,,,,97650.375,,,,,,78469.0,,,2,7,SAI,9.0,78983.0,78469.0,79408.0
2022,3,23.237837837837837,22.5,24.1,57.65765765765766,54.0,62.0,1017.3486486486486,1017.0,1017.5,False,29.152252252252254,26.7,32.1,262.1711711711712,1.1846846846846846,2.4,STR,39521.0,20806.0,42088.0,35103.0,20806.0,42088.0,,,,,,1.0,,,,,,1.0,,,,,,296.0,,,,,,296.0,,,,,,106833.0,,,,,,106833.0,,,2,7,STR,20.0,,,
2022,3,23.237837837837837,22.5,24.1,57.65765765765766,54.0,62.0,1017.3486486486486,1017.0,1017.5,False,29.152252252252254,26.7,32.1,262.1711711711712,1.1846846846846846,2.4,TSU,37208.76470588235,21246.41176470588,44276.833333333336,27079.0,18044.0,34247.0,482264.5,4.0,,,,5.0,,,,,,2.8333333333333335,,,,,,293.5833333333333,,,,,,300.0,,,,,,102923.66666666667,,,,,,79424.0,,,2,7,TSU,13.0,79742.0,79424.0,
2022,3,23.237837837837837,22.5,24.1,57.65765765765766,54.0,62.0,1017.3486486486486,1017.0,1017.5,False,29.152252252252254,26.7,32.1,262.1711711711712,1.1846846846846846,2.4,VER,34384.80952380953,20698.904761904763,38189.117647058825,26762.0,17782.0,33497.0,874815.75,4.0,,,,5.0,,,,,,3.125,,,,,,295.3125,,,,,,302.0,,,,,,93303.125,,,,,,78154.0,,,2,7,VER,2.0,78580.0,78611.0,78154.0
2022,3,23.237837837837837,22.5,24.1,57.65765765765766,54.0,62.0,1017.3486486486486,1017.0,1017.5,False,29.152252252252254,26.7,32.1,262.1711711711712,1.1846846846846846,2.4,VET,33926.333333333336,19913.333333333332,43009.0,27994.0,18148.0,35007.0,,,,,,1.0,,,,,,1.5,,,,,,296.5,,,,,,299.0,,,,,,94759.5,,,,,,81149.0,,,2,7,VET,18.0,81149.0,,
2022,3,23.237837837837837,22.5,24.1,57.65765765765766,54.0,62.0,1017.3486486486486,1017.0,1017.5,False,29.152252252252254,26.7,32.1,262.1711711711712,1.1846846846846846,2.4,ZHO,36863.875,21081.666666666668,42570.166666666664,27625.0,18112.0,34081.0,674383.0,3.0,,,,4.0,,,,,,2.6666666666666665,,,,,,297.75,,,,,,303.0,,,,,,98349.33333333333,,,,,,79910.0,,,2,7,ZHO,14.0,79910.0,80155.0,
2022,4,12.439823008849558,12.0,12.8,86.4424778761062,83.0,92.0,997.7274336283185,997.2,998.2,True,14.312389380530973,13.6,15.5,252.02654867256638,2.185840707964602,4.6,ALB,43250.5,34738.333333333336,40181.0,27446.0,32590.000000000004,31526.0,33826.0,1.0,,,,2.0,,,,,,1.0,,,,,,271.0,,,,,,271.0,,,,,,123171.0,,,,,,123171.0,,,5,5,ALB,20.0,,,
2022,4,12.439823008849558,12.0,12.8,86.4424778761062,83.0,92.0,997.7274336283185,997.2,998.2,True,14.312389380530973,13.6,15.5,252.02654867256638,2.185840707964602,4.6,ALO,29274.176470588234,31795.136363636364,33187.04761904762,25764.0,27126.0,26705.0,557039.6666666667,6.0,,6.0,,3.0,,,,4.0,,4.333333333333333,,,,264.0,,269.6666666666667,,,,265.0,,271.0,,,,94970.66666666667,,88519.0,,,,89202.0,,79595.0,,,5,5,ALO,5.0,80198.0,79595.0,89202.0
2022,4,12.439823008849558,12.0,12.8,86.4424778761062,83.0,92.0,997.7274336283185,997.2,998.2,True,14.312389380530973,13.6,15.5,252.02654867256638,2.185840707964602,4.6,BOT,28576.58823529412,31580.238095238095,33827.0,26045.0,27281.0,26692.0,553834.8,5.0,,6.0,,3.0,,,,7.0,,7.0,,,,258.0,,269.6,,,,258.0,,274.0,,,,90439.0,,87575.8,,,,90439.0,,80192.0,,,5,5,BOT,8.0,80419.0,80192.0,90439.0
2022,4,12.439823008849558,12.0,12.8,86.4424778761062,83.0,92.0,997.7274336283185,997.2,998.2,True,14.312389380530973,13.6,15.5,252.02654867256638,2.185840707964602,4.6,GAS,32436.222222222223,31308.81818181818,34452.5,26390.0,27254.0,27088.0,359258.5,2.0,,,,3.0,,,,,,4.5,,,,,,270.0,,,,,,272.0,,,,,,89749.33333333333,,,,,,80732.0,,,5,5,GAS,17.0,80732.0,,
2022,4,12.439823008849558,12.0,12.8,86.4424778761062,83.0,92.0,997.7274336283185,997.2,998.2,True,14.312389380530973,13.6,15.5,252.02654867256638,2.185840707964602,4.6,HAM,30288.81818181818,29964.285714285714,32201.85714285714,25979.0,27379.0,27057.0,399533.3333333333,3.0,,1.0,,4.0,,,,2.0,,2.4285714285714284,,,,269.0,,272.42857142857144,,,,269.0,,274.0,,,,87214.0,,88461.42857142857,,,,87214.0,,80470.0,,,5,5,HAM,13.0,80470.0,81138.0,
2022,4,12.439823008849558,12.0,12.8,86.4424778761062,83.0,92.0,997.7274336283185,997.2,998.2,True,14.312389380530973,13.6,15.5,252.02654867256638,2.185840707964602,4.6,LAT,37998.9,32465.083333333332,33856.25,26653.0,27869.0,27449.0,214052.66666666674,3.0,,,,4.0,,,,,,2.5,,,,,,272.0,,,,,,274.0,,,,,,96782.16666666667,,,,,,81971.0,,,5,5,LAT,18.0,81971.0,,
2022,4,12.439823008849558,12.0,12.8,86.4424778761062,83.0,92.0,997.7274336283185,997.2,998.2,True,14.312389380530973,13.6,15.5,252.02654867256638,2.185840707964602,4.6,LEC,27798.46153846154,31415.947368421053,33667.882352941175,25479.0,26959.0,26256.0,603735.5,6.0,,6.0,,3.0,,,,2.5,,5.5,,,,268.0,,273.375,,,,268.0,,275.0,,,,94162.5,,85744.5,,,,88778.0,,78796.0,,,5,5,LEC,2.0,78796.0,79584.0,88778.0
2022,4,12.439823008849558,12.0,12.8,86.4424778761062,83.0,92.0,997.7274336283185,997.2,998.2,True,14.312389380530973,13.6,15.5,252.02654867256638,2.185840707964602,4.6,MAG,31291.933333333334,31257.1,35491.75,26027.0,27081.0,26767.0,646158.0,6.0,,6.0,,4.0,,,,2.5,,3.75,,,,264.0,,268.75,,,,265.0,,272.0,,,,89599.5,,93639.0,,,,89164.0,,79902.0,,,5,5,MAG,4.0,80147.0,79902.0,89164.0
2022,4,12.439823008849558,12.0,12.8,86.4424778761062,83.0,92.0,997.7274336283185,997.2,998.2,True,14.312389380530973,13.6,15.5,252.02654867256638,2.185840707964602,4.6,MSC,31076.0,30389.8,32792.92857142857,25960.0,27376.0,26804.0,328773.6666666667,3.0,,,,4.0,,,,,,4.222222222222222,,,,,,268.22222222222223,,,,,,271.0,,,,,,93108.33333333333,,,,,,80422.0,,,5,5,MSC,12.0,80422.0,80916.0,
2022,4,12.439823008849558,12.0,12.8,86.4424778761062,83.0,92.0,997.7274336283185,997.2,998.2,True,14.312389380530973,13.6,15.5,252.02654867256638,2.185840707964602,4.6,NOR,31796.071428571428,32280.35,33117.76470588235,25742.0,27080.0,26472.0,550590.5714285715,7.0,,7.0,,4.0,,,,3.5,,3.2857142857142856,,,,263.0,,267.42857142857144,,,,263.0,,271.0,,,,89549.5,,96118.71428571429,,,,89131.0,,79294.0,,,5,5,NOR,3.0,80168.0,79294.0,89131.0
2022,4,12.439823008849558,12.0,12.8,86.4424778761062,83.0,92.0,997.7274336283185,997.2,998.2,True,14.312389380530973,13.6,15.5,252.02654867256638,2.185840707964602,4.6,OCO,31372.571428571428,31306.5,36911.0,26480.0,27980.0,27834.0,321804.50000000006,2.0,,,,3.0,,,,,,3.5,,,,,,270.5,,,,,,272.0,,,,,,94051.25,,,,,,82338.0,,,5,5,OCO,19.0,82338.0,,
2022,4,12.439823008849558,12.0,12.8,86.4424778761062,83.0,92.0,997.7274336283185,997.2,998.2,True,14.312389380530973,13.6,15.5,252.02654867256638,2.185840707964602,4.6,PER,27940.352941176472,30887.272727272728,33490.6,25151.0,27042.0,26654.0,606250.5,6.0,,6.0,,3.0,,,,4.666666666666667,,4.625,,,,267.3333333333333,,274.125,,,,268.0,,276.0,,,,89529.66666666667,,87411.5,,,,86725.0,,79296.0,,,5,5,PER,7.0,79773.0,79296.0,89808.0
2022,4,12.439823008849558,12.0,12.8,86.4424778761062,83.0,92.0,997.7274336283185,997.2,998.2,True,14.312389380530973,13.6,15.5,252.02654867256638,2.185840707964602,4.6,RIC,31253.23076923077,32677.176470588234,32271.5625,25795.0,27212.0,26708.0,647388.1666666666,6.0,,6.0,,4.0,,,,2.5,,3.75,,,,263.5,,269.625,,,,264.0,,273.0,,,,103909.5,,91527.0,,,,89742.0,,79980.0,,,5,5,RIC,6.0,79980.0,80031.0,89742.0
2022,4,12.439823008849558,12.0,12.8,86.4424778761062,83.0,92.0,997.7274336283185,997.2,998.2,True,14.312389380530973,13.6,15.5,252.02654867256638,2.185840707964602,4.6,RUS,30752.363636363636,30280.5,32672.928571428572,26019.0,27458.0,26882.0,262490.25,4.0,,1.0,,5.0,,,,2.0,,2.857142857142857,,,,265.0,,271.42857142857144,,,,265.0,,273.0,,,,88096.0,,88281.57142857143,,,,88096.0,,80383.0,,,5,5,RUS,11.0,80383.0,80757.0,
2022,4,12.439823008849558,12.0,12.8,86.4424778761062,83.0,92.0,997.7274336283185,997.2,998.2,True,14.312389380530973,13.6,15.5,252.02654867256638,2.185840707964602,4.6,SAI,27505.11111111111,30144.25,32139.083333333332,25325.0,26917.0,26266.0,525989.5,2.0,,,,3.0,,,,,,5.857142857142857,,,,,,274.0,,,,,,276.0,,,,,,88788.57142857143,,,,,,78990.0,,,5,5,SAI,10.0,79305.0,78990.0,
2022,4,12.439823008849558,12.0,12.8,86.4424778761062,83.0,92.0,997.7274336283185,997.2,998.2,True,14.312389380530973,13.6,15.5,252.02654867256638,2.185840707964602,4.6,STR,29542.11111111111,30981.384615384617,35511.916666666664,25810.0,27197.0,27230.0,378713.3333333333,3.0,,,,4.0,,,,,,2.5,,,,,,261.6666666666667,,,,,,275.0,,,,,,86362.0,,,,,,80342.0,,,5,5,STR,15.0,80342.0,88119.0,
2022,4,12.439823008849558,12.0,12.8,86.4424778761062,83.0,92.0,997.7274336283185,997.2,998.2,True,14.312389380530973,13.6,15.5,252.02654867256638,2.185840707964602,4.6,TSU,35089.77777777778,31599.81818181818,33759.5,26331.0,27339.0,26804.0,344589.00000000006,2.0,,,,3.0,,,,,,4.5,,,,,,269.6666666666667,,,,,,272.0,,,,,,89472.0,,,,,,80474.0,,,5,5,TSU,16.0,80474.0,,
2022,4,12.439823008849558,12.0,12.8,86.4424778761062,83.0,92.0,997.7274336283185,997.2,998.2,True,14.312389380530973,13.6,15.5,252.02654867256638,2.185840707964602,4.6,VER,28523.333333333332,30949.166666666668,32813.76470588235,25472.0,26850.0,26471.0,775529.2,5.0,,5.0,,3.0,,,,6.333333333333333,,4.142857142857143,,,,268.6666666666667,,273.7142857142857,,,,269.0,,277.0,,,,87437.33333333333,,87046.71428571429,,,,85515.0,,78793.0,,,5,5,VER,1.0,79295.0,78793.0,87999.0
2022,4,12.439823008849558,12.0,12.8,86.4424778761062,83.0,92.0,997.7274336283185,997.2,998.2,True,14.312389380530973,13.6,15.5,252.02654867256638,2.185840707964602,4.6,VET,29503.466666666667,31478.14285714286,33907.45,25833.0,27322.0,26799.0,502159.14285714284,7.0,,7.0,,4.0,,,,2.3333333333333335,,2.5714285714285716,,,,265.3333333333333,,272.57142857142856,,,,267.0,,274.0,,,,95854.66666666667,,86613.57142857143,,,,91062.0,,79957.0,,,5,5,VET,9.0,80364.0,79957.0,91062.0
2022,4,12.439823008849558,12.0,12.8,86.4424778761062,83.0,92.0,997.7274336283185,997.2,998.2,True,14.312389380530973,13.6,15.5,252.02654867256638,2.185840707964602,4.6,ZHO,28711.615384615383,31181.928571428572,30861.14285714286,25729.0,27408.0,26593.0,500615.5,2.0,,,,3.0,,,,,,4.2,,,,,,270.7,,,,,,273.0,,,,,,88030.4,,,,,,79730.0,,,5,5,ZHO,14.0,79730.0,81434.0,
2022,5,33.21,32.6,34.0,39.3875,35.0,42.0,1008.54,1008.2,1009.0,False,51.208749999999995,49.1,53.9,157.1,1.70125,3.2,ALB,35725.875,38317.4,34799.2,30349.0,34810.0,25740.0,142675.0,1.0,,,,2.0,,,,,,3.0,,,,,,287.3333333333333,,,,,,288.0,,,,,,100012.16666666667,,,,,,91266.0,,,0,0,ALB,18.0,91266.0,,
2022,5,33.21,32.6,34.0,39.3875,35.0,42.0,1008.54,1008.2,1009.0,False,51.208749999999995,49.1,53.9,157.1,1.70125,3.2,ALO,34917.6,39202.642857142855,36360.357142857145,29773.0,34413.0,25728.0,253221.33333333334,3.0,,,,4.0,,,,,,3.0,,,,,,284.8333333333333,,,,,,285.0,,,,,,95069.66666666667,,,,,,90160.0,,,0,0,ALO,11.0,90407.0,90160.0,
2022,5,33.21,32.6,34.0,39.3875,35.0,42.0,1008.54,1008.2,1009.0,False,51.208749999999995,49.1,53.9,157.1,1.70125,3.2,BOT,34092.46666666667,39592.5,31745.473684210527,29833.0,34074.0,25542.0,291690.2499999999,4.0,,,,5.0,,,,,,3.4,,,,,,285.1,,,,,,286.0,,,,,,97949.0,,,,,,89475.0,,,0,0,BOT,5.0,90845.0,89751.0,89475.0
2022,5,33.21,32.6,34.0,39.3875,35.0,42.0,1008.54,1008.2,1009.0,False,51.208749999999995,49.1,53.9,157.1,1.70125,3.2,GAS,35807.8125,39408.0,30534.52380952381,29907.0,34201.0,25537.0,286587.4,5.0,,,,6.0,,,,,,3.1,,,,,,284.8,,,,,,287.0,,,,,,96281.9,,,,,,89690.0,,,0,0,GAS,7.0,90779.0,90128.0,89690.0
2022,5,33.21,32.6,34.0,39.3875,35.0,42.0,1008.54,1008.2,1009.0,False,51.208749999999995,49.1,53.9,157.1,1.70125,3.2,HAM,35286.125,39561.23809523809,34318.6,29591.0,34290.0,25465.0,272096.6,5.0,,,,6.0,,,,,,3.1,,,,,,283.6,,,,,,287.0,,,,,,100758.4,,,,,,89625.0,,,0,0,HAM,6.0,90388.0,89797.0,89625.0
2022,5,33.21,32.6,34.0,39.3875,35.0,42.0,1008.54,1008.2,1009.0,False,51.208749999999995,49.1,53.9,157.1,1.70125,3.2,LAT,36245.0,40117.3,33184.88888888889,30651.0,34834.0,25717.0,148179.0,1.0,,,,2.0,,,,,,3.0,,,,,,283.6666666666667,,,,,,285.0,,,,,,105471.16666666667,,,,,,91325.0,,,0,0,LAT,19.0,91325.0,,
2022,5,33.21,32.6,34.0,39.3875,35.0,42.0,1008.54,1008.2,1009.0,False,51.208749999999995,49.1,53.9,157.1,1.70125,3.2,LEC,39584.619047619046,39443.083333333336,31939.125,29441.0,33831.0,25419.0,156539.57142857142,7.0,,,,8.0,,,,,,3.8461538461538463,,,,,,267.0,,,,,,286.0,,,,,,107756.92307692308,,,,,,88796.0,,,0,0,LEC,1.0,89474.0,89130.0,88796.0
2022,5,33.21,32.6,34.0,39.3875,35.0,42.0,1008.54,1008.2,1009.0,False,51.208749999999995,49.1,53.9,157.1,1.70125,3.2,MAG,35263.8,40165.454545454544,30314.636363636364,30523.0,34919.0,25533.0,,,,,,1.0,,,,,,6.0,,,,,,285.3333333333333,,,,,,287.0,,,,,,106311.11111111111,,,,,,90975.0,,,0,0,MAG,16.0,90975.0,,
2022,5,33.21,32.6,34.0,39.3875,35.0,42.0,1008.54,1008.2,1009.0,False,51.208749999999995,49.1,53.9,157.1,1.70125,3.2,MSC,34971.75,39247.31578947369,34829.05263157895,29972.0,34532.0,25771.0,185856.3333333334,3.0,,,,4.0,,,,,,3.4166666666666665,,,,,,282.4166666666667,,,,,,288.0,,,,,,102987.25,,,,,,90423.0,,,0,0,MSC,15.0,90645.0,90423.0,
2022,5,33.21,32.6,34.0,39.3875,35.0,42.0,1008.54,1008.2,1009.0,False,51.208749999999995,49.1,53.9,157.1,1.70125,3.2,NOR,35377.1875,39531.77272727273,33157.04761904762,29704.0,34057.0,25811.0,264915.4,5.0,,,,6.0,,,,,,3.0,,,,,,271.3,,,,,,284.0,,,,,,99854.1,,,,,,89634.0,,,0,0,NOR,8.0,90761.0,89634.0,89750.0
2022,5,33.21,32.6,34.0,39.3875,35.0,42.0,1008.54,1008.2,1009.0,False,51.208749999999995,49.1,53.9,157.1,1.70125,3.2,PER,35808.8,39478.23809523809,34828.4,29635.0,34012.0,25352.0,274331.8,5.0,,,,6.0,,,,,,3.6666666666666665,,,,,,277.8888888888889,,,,,,288.0,,,,,,96073.44444444444,,,,,,89036.0,,,0,0,PER,4.0,90055.0,89673.0,89036.0
2022,5,33.21,32.6,34.0,39.3875,35.0,42.0,1008.54,1008.2,1009.0,False,51.208749999999995,49.1,53.9,157.1,1.70125,3.2,RIC,34911.09090909091,38670.933333333334,31840.0,29834.0,34501.0,25933.0,309154.00000000006,3.0,,,,4.0,,,,,,3.0,,,,,,277.14285714285717,,,,,,284.0,,,,,,101727.85714285714,,,,,,90310.0,,,0,0,RIC,14.0,90583.0,90310.0,
2022,5,33.21,32.6,34.0,39.3875,35.0,42.0,1008.54,1008.2,1009.0,False,51.208749999999995,49.1,53.9,157.1,1.70125,3.2,RUS,34850.25,39808.066666666666,35216.8,29799.0,34514.0,25728.0,312819.5,2.0,,,,3.0,,,,,,4.0,,,,,,285.44444444444446,,,,,,287.0,,,,,,105769.33333333333,,,,,,90173.0,,,0,0,RUS,12.0,90490.0,90173.0,
2022,5,33.21,32.6,34.0,39.3875,35.0,42.0,1008.54,1008.2,1009.0,False,51.208749999999995,49.1,53.9,157.1,1.70125,3.2,SAI,42225.52380952381,40281.24,32883.72,29278.0,34017.0,25539.0,116276.62500000006,8.0,,,,9.0,,,,,,4.538461538461538,,,,,,267.38461538461536,,,,,,286.0,,,,,,109459.92307692308,,,,,,88986.0,,,0,0,SAI,2.0,90079.0,89729.0,88986.0
2022,5,33.21,32.6,34.0,39.3875,35.0,42.0,1008.54,1008.2,1009.0,False,51.208749999999995,49.1,53.9,157.1,1.70125,3.2,STR,35612.333333333336,40814.57142857143,35340.7,30112.0,34357.0,25527.0,236231.16666666666,6.0,,,,7.0,,,,,,3.375,,,,,,287.0,,,,,,288.0,,,,,,96299.625,,,,,,89996.0,,,0,0,STR,10.0,90441.0,89996.0,90676.0
2022,5,33.21,32.6,34.0,39.3875,35.0,42.0,1008.54,1008.2,1009.0,False,51.208749999999995,49.1,53.9,157.1,1.70125,3.2,TSU,34667.8,38717.42857142857,34581.05,29975.0,34286.0,25650.0,304028.2,5.0,,,,6.0,,,,,,3.0,,,,,,284.77777777777777,,,,,,286.0,,,,,,96958.55555555556,,,,,,89932.0,,,0,0,TSU,9.0,90485.0,90031.0,89932.0
2022,5,33.21,32.6,34.0,39.3875,35.0,42.0,1008.54,1008.2,1009.0,False,51.208749999999995,49.1,53.9,157.1,1.70125,3.2,VER,34399.75,39579.705882352944,31422.41176470588,29546.0,33955.0,25468.0,463119.7499999999,4.0,,,,5.0,,,,,,2.875,,,,,,227.25,,,,,,289.0,,,,,,102262.5,,,,,,88991.0,,,0,0,VER,3.0,89836.0,89202.0,88991.0
2022,5,33.21,32.6,34.0,39.3875,35.0,42.0,1008.54,1008.2,1009.0,False,51.208749999999995,49.1,53.9,157.1,1.70125,3.2,VET,40161.0,39831.6,34009.46666666667,30193.0,34324.0,25577.0,212392.75,4.0,,,,5.0,,,,,,3.2,,,,,,285.0,,,,,,287.0,,,,,,90916.2,,,,,,90214.0,,,0,0,VET,13.0,90677.0,90214.0,
2022,5,33.21,32.6,34.0,39.3875,35.0,42.0,1008.54,1008.2,1009.0,False,51.208749999999995,49.1,53.9,157.1,1.70125,3.2,ZHO,34068.142857142855,41021.666666666664,38651.444444444445,30430.0,34531.0,26021.0,168912.0,1.0,,,,2.0,,,,,,2.8,,,,,,273.0,,,,,,284.0,,,,,,106857.8,,,,,,91020.0,,,0,0,ZHO,17.0,91020.0,,
2022,6,34.670512820512826,34.1,35.2,18.76923076923077,16.0,22.0,1003.3717948717949,1002.9,1004.0,False,47.19871794871795,46.5,47.9,171.12820512820514,3.0243589743589743,4.0,ALB,25377.25,35869.833333333336,37076.5,22570.0,30748.0,28327.0,288716.0,1.0,,,,2.0,,,,,,2.0,,,,,,287.0,,,,,,289.0,,,,,,82037.0,,,,,,81645.0,,,0,1,ALB,19.0,81645.0,,
2022,6,34.670512820512826,34.1,35.2,18.76923076923077,16.0,22.0,1003.3717948717949,1002.9,1004.0,False,47.19871794871795,46.5,47.9,171.12820512820514,3.0243589743589743,4.0,ALO,27773.0,36628.8,34899.4,22413.0,30540.0,28090.0,138301.0,1.0,,,,1.0,,,,,,2.0,,,,,,282.0,,,,,,282.0,,,,,,81043.0,,,,,,81043.0,,,0,1,ALO,17.0,81043.0,,
2022,6,34.670512820512826,34.1,35.2,18.76923076923077,16.0,22.0,1003.3717948717949,1002.9,1004.0,False,47.19871794871795,46.5,47.9,171.12820512820514,3.0243589743589743,4.0,BOT,25672.0,37773.77777777778,35080.23529411765,22198.0,29888.0,27443.0,305318.4,5.0,,,,6.0,,,,,,3.0,,,,,,283.6666666666667,,,,,,285.0,,,,,,80131.5,,,,,,79608.0,,,0,1,BOT,7.0,80355.0,80053.0,79608.0
2022,6,34.670512820512826,34.1,35.2,18.76923076923077,16.0,22.0,1003.3717948717949,1002.9,1004.0,False,47.19871794871795,46.5,47.9,171.12820512820514,3.0243589743589743,4.0,GAS,25014.6,35734.2,37356.26666666667,22304.0,30346.0,28035.0,250705.5,4.0,,,,5.0,,,,,,2.6,,,,,,283.2,,,,,,284.0,,,,,,81527.2,,,,,,80719.0,,,0,1,GAS,14.0,80719.0,80861.0,
2022,6,34.670512820512826,34.1,35.2,18.76923076923077,16.0,22.0,1003.3717948717949,1002.9,1004.0,False,47.19871794871795,46.5,47.9,171.12820512820514,3.0243589743589743,4.0,HAM,25200.4,34416.86666666667,34588.28571428572,22095.0,29596.0,27821.0,475096.5000000001,4.0,,,,5.0,,,,,,2.6,,,,,,279.0,,,,,,283.0,,,,,,80372.2,,,,,,79512.0,,,0,1,HAM,6.0,80252.0,79794.0,79512.0
2022,6,34.670512820512826,34.1,35.2,18.76923076923077,16.0,22.0,1003.3717948717949,1002.9,1004.0,False,47.19871794871795,46.5,47.9,171.12820512820514,3.0243589743589743,4.0,LAT,27661.14285714286,35707.11111111111,39384.555555555555,22517.0,30812.0,28586.0,157871.0,1.0,,,,2.0,,,,,,3.2,,,,,,278.2,,,,,,284.0,,,,,,93862.2,,,,,,81915.0,,,0,1,LAT,20.0,81915.0,,
2022,6,34.670512820512826,34.1,35.2,18.76923076923077,16.0,22.0,1003.3717948717949,1002.9,1004.0,False,47.19871794871795,46.5,47.9,171.12820512820514,3.0243589743589743,4.0,LEC,24771.428571428572,35434.454545454544,35146.36363636364,22004.0,29410.0,27336.0,753512.6666666666,3.0,,,,4.0,,,,,,3.0,,,,,,233.75,,,,,,287.0,,,,,,87103.25,,,,,,78750.0,,,0,1,LEC,1.0,79861.0,79969.0,78750.0
2022,6,34.670512820512826,34.1,35.2,18.76923076923077,16.0,22.0,1003.3717948717949,1002.9,1004.0,False,47.19871794871795,46.5,47.9,171.12820512820514,3.0243589743589743,4.0,MAG,24043.833333333332,37123.666666666664,34679.17647058824,22115.0,29988.0,27561.0,304367.8,5.0,,,,6.0,,,,,,2.5,,,,,,283.1666666666667,,,,,,286.0,,,,,,80411.5,,,,,,79682.0,,,0,1,MAG,8.0,80227.0,79810.0,79682.0
2022,6,34.670512820512826,34.1,35.2,18.76923076923077,16.0,22.0,1003.3717948717949,1002.9,1004.0,False,47.19871794871795,46.5,47.9,171.12820512820514,3.0243589743589743,4.0,MSC,24080.75,37974.166666666664,34222.82352941176,22275.0,30092.0,27888.0,294593.80000000005,5.0,,,,6.0,,,,,,2.5,,,,,,286.1666666666667,,,,,,288.0,,,,,,81027.5,,,,,,80368.0,,,0,1,MSC,10.0,80683.0,80436.0,80368.0
2022,6,34.670512820512826,34.1,35.2,18.76923076923077,16.0,22.0,1003.3717948717949,1002.9,1004.0,False,47.19871794871795,46.5,47.9,171.12820512820514,3.0243589743589743,4.0,NOR,26333.75,36345.166666666664,35055.666666666664,22088.0,29991.0,27768.0,322399.0,3.0,,,,4.0,,,,,,2.0,,,,,,269.5,,,,,,282.0,,,,,,81043.0,,,,,,79977.0,,,0,1,NOR,11.0,80838.0,80471.0,
2022,6,34.670512820512826,34.1,35.2,18.76923076923077,16.0,22.0,1003.3717948717949,1002.9,1004.0,False,47.19871794871795,46.5,47.9,171.12820512820514,3.0243589743589743,4.0,OCO,24345.666666666668,36150.88888888889,37779.11111111111,22265.0,30296.0,27896.0,588327.5,2.0,,,,3.0,,,,,,2.0,,,,,,282.3333333333333,,,,,,283.0,,,,,,80851.66666666667,,,,,,80638.0,,,0,1,OCO,12.0,80880.0,80638.0,
2022,6,34.670512820512826,34.1,35.2,18.76923076923077,16.0,22.0,1003.3717948717949,1002.9,1004.0,False,47.19871794871795,46.5,47.9,171.12820512820514,3.0243589743589743,4.0,PER,28960.333333333332,35575.41176470588,37577.6875,22048.0,29761.0,27465.0,370851.0,5.0,,,,6.0,,,,,,2.8333333333333335,,,,,,284.3333333333333,,,,,,286.0,,,,,,89899.0,,,,,,79420.0,,,0,1,PER,5.0,80447.0,79830.0,79420.0
2022,6,34.670512820512826,34.1,35.2,18.76923076923077,16.0,22.0,1003.3717948717949,1002.9,1004.0,False,47.19871794871795,46.5,47.9,171.12820512820514,3.0243589743589743,4.0,RIC,24717.4,36018.933333333334,35955.4,22179.0,30158.0,27867.0,349912.75,4.0,,,,5.0,,,,,,2.0,,,,,,277.4,,,,,,278.0,,,,,,80632.0,,,,,,80287.0,,,0,1,RIC,9.0,80549.0,80287.0,80297.0
2022,6,34.670512820512826,34.1,35.2,18.76923076923077,16.0,22.0,1003.3717948717949,1002.9,1004.0,False,47.19871794871795,46.5,47.9,171.12820512820514,3.0243589743589743,4.0,RUS,25759.11111111111,36281.71428571428,36507.61538461538,21936.0,29735.0,27698.0,487985.24999999994,4.0,,,,5.0,,,,,,2.0,,,,,,282.0,,,,,,284.0,,,,,,79671.0,,,,,,79393.0,,,0,1,RUS,4.0,80218.0,79470.0,79393.0
2022,6,34.670512820512826,34.1,35.2,18.76923076923077,16.0,22.0,1003.3717948717949,1002.9,1004.0,False,47.19871794871795,46.5,47.9,171.12820512820514,3.0243589743589743,4.0,SAI,26440.8,35742.86666666667,37525.53333333333,22080.0,29583.0,27394.0,471592.25,4.0,,,,5.0,,,,,,2.6666666666666665,,,,,,254.5,,,,,,287.0,,,,,,84067.66666666667,,,,,,79166.0,,,0,1,SAI,3.0,79892.0,79453.0,79166.0
2022,6,34.670512820512826,34.1,35.2,18.76923076923077,16.0,22.0,1003.3717948717949,1002.9,1004.0,False,47.19871794871795,46.5,47.9,171.12820512820514,3.0243589743589743,4.0,STR,24589.25,36064.666666666664,43303.166666666664,22611.0,30410.0,28395.0,272642.0,1.0,,,,2.0,,,,,,2.0,,,,,,279.0,,,,,,281.0,,,,,,81678.5,,,,,,81418.0,,,0,1,STR,18.0,81418.0,,
2022,6,34.670512820512826,34.1,35.2,18.76923076923077,16.0,22.0,1003.3717948717949,1002.9,1004.0,False,47.19871794871795,46.5,47.9,171.12820512820514,3.0243589743589743,4.0,TSU,24694.8,34663.066666666666,34637.333333333336,22262.0,30393.0,27984.0,250657.5,4.0,,,,5.0,,,,,,2.6,,,,,,284.0,,,,,,285.0,,,,,,81174.2,,,,,,80639.0,,,0,1,TSU,13.0,80707.0,80639.0,
2022,6,34.670512820512826,34.1,35.2,18.76923076923077,16.0,22.0,1003.3717948717949,1002.9,1004.0,False,47.19871794871795,46.5,47.9,171.12820512820514,3.0243589743589743,4.0,VER,25934.1,36106.666666666664,35638.8,21978.0,29662.0,27411.0,505773.0,4.0,,,,5.0,,,,,,2.6666666666666665,,,,,,236.0,,,,,,285.0,,,,,,87162.16666666667,,,,,,79073.0,,,0,1,VER,2.0,80091.0,79219.0,79073.0
2022,6,34.670512820512826,34.1,35.2,18.76923076923077,16.0,22.0,1003.3717948717949,1002.9,1004.0,False,47.19871794871795,46.5,47.9,171.12820512820514,3.0243589743589743,4.0,VET,24473.75,36826.333333333336,36016.0,22374.0,30324.0,28197.0,261630.0,1.0,,,,2.0,,,,,,2.0,,,,,,278.5,,,,,,279.0,,,,,,81112.5,,,,,,80954.0,,,0,1,VET,16.0,80954.0,,
2022,6,34.670512820512826,34.1,35.2,18.76923076923077,16.0,22.0,1003.3717948717949,1002.9,1004.0,False,47.19871794871795,46.5,47.9,171.12820512820514,3.0243589743589743,4.0,ZHO,25230.0,37305.066666666666,36945.333333333336,22376.0,30230.0,27870.0,250296.75,4.0,,,,5.0,,,,,,3.2,,,,,,283.6,,,,,,286.0,,,,,,80921.6,,,,,,80476.0,,,0,1,ZHO,15.0,80476.0,81094.0,
2022,7,26.712345679012344,25.7,27.6,46.148148148148145,37.0,55.0,1003.7012345679012,1003.0,1004.2,False,48.44444444444444,44.4,55.3,153.28395061728395,0.8061728395061728,2.2,ALB,24210.30769230769,40117.0,24979.416666666668,19518.0,34728.0,19285.0,113292.0,2.0,,,,3.0,,,,,,2.727272727272727,,,,,,266.72727272727275,,,,,,272.0,,,,,,86984.36363636363,,,,,,73611.0,,,2,4,ALB,16.0,73611.0,,
2022,7,26.712345679012344,25.7,27.6,46.148148148148145,37.0,55.0,1003.7012345679012,1003.0,1004.2,False,48.44444444444444,44.4,55.3,153.28395061728395,0.8061728395061728,2.2,ALO,23397.545454545456,40318.95,23459.066666666666,19080.0,34086.0,19061.0,322014.8333333333,6.0,,,,7.0,,,,,,3.4,,,,,,263.73333333333335,,,,,,269.0,,,,,,87369.06666666667,,,,,,72247.0,,,2,4,ALO,7.0,73394.0,72688.0,72247.0
2022,7,26.712345679012344,25.7,27.6,46.148148148148145,37.0,55.0,1003.7012345679012,1003.0,1004.2,False,48.44444444444444,44.4,55.3,153.28395061728395,0.8061728395061728,2.2,BOT,25259.625,41316.9375,23538.416666666668,19310.0,34445.0,19154.0,320706.75,4.0,,,,5.0,,,,,,2.1666666666666665,,,,,,266.4166666666667,,,,,,270.0,,,,,,90935.75,,,,,,72909.0,,,2,4,BOT,12.0,73541.0,72909.0,
2022,7,26.712345679012344,25.7,27.6,46.148148148148145,37.0,55.0,1003.7012345679012,1003.0,1004.2,False,48.44444444444444,44.4,55.3,153.28395061728395,0.8061728395061728,2.2,GAS,24494.5,40757.8,25377.14285714286,19710.0,34553.0,19397.0,187952.5,2.0,,,,3.0,,,,,,2.7142857142857144,,,,,,270.14285714285717,,,,,,272.0,,,,,,90468.28571428571,,,,,,73660.0,,,2,4,GAS,17.0,73660.0,,
2022,7,26.712345679012344,25.7,27.6,46.148148148148145,37.0,55.0,1003.7012345679012,1003.0,1004.2,False,48.44444444444444,44.4,55.3,153.28395061728395,0.8061728395061728,2.2,HAM,24371.928571428572,39778.0,26339.478260869564,19142.0,34183.0,19092.0,223558.83333333334,6.0,,,,7.0,,,,,,3.3181818181818183,,,,,,255.5,,,,,,271.0,,,,,,88267.27272727272,,,,,,72560.0,,,2,4,HAM,8.0,73444.0,72595.0,72560.0
2022,7,26.712345679012344,25.7,27.6,46.148148148148145,37.0,55.0,1003.7012345679012,1003.0,1004.2,False,48.44444444444444,44.4,55.3,153.28395061728395,0.8061728395061728,2.2,LAT,24167.69230769231,40041.166666666664,29153.454545454544,19660.0,35010.0,19489.0,151549.5,2.0,,,,3.0,,,,,,2.7,,,,,,268.9,,,,,,271.0,,,,,,87243.1,,,,,,74403.0,,,2,4,LAT,19.0,74403.0,,
2022,7,26.712345679012344,25.7,27.6,46.148148148148145,37.0,55.0,1003.7012345679012,1003.0,1004.2,False,48.44444444444444,44.4,55.3,153.28395061728395,0.8061728395061728,2.2,LEC,25505.958333333332,42384.5,23321.842105263157,18707.0,33738.0,18766.0,402956.5,4.0,,,,5.0,,,,,,3.210526315789474,,,,,,265.8421052631579,,,,,,271.0,,,,,,92426.63157894737,,,,,,71376.0,,,2,4,LEC,1.0,72569.0,71864.0,71376.0
2022,7,26.712345679012344,25.7,27.6,46.148148148148145,37.0,55.0,1003.7012345679012,1003.0,1004.2,False,48.44444444444444,44.4,55.3,153.28395061728395,0.8061728395061728,2.2,MAG,23845.333333333332,39330.89473684211,23900.333333333332,19241.0,34037.0,19247.0,275822.5,4.0,,,,5.0,,,,,,2.7142857142857144,,,,,,255.78571428571428,,,,,,275.0,,,,,,85685.07142857143,,,,,,72921.0,,,2,4,MAG,13.0,73069.0,72921.0,
2022,7,26.712345679012344,25.7,27.6,46.148148148148145,37.0,55.0,1003.7012345679012,1003.0,1004.2,False,48.44444444444444,44.4,55.3,153.28395061728395,0.8061728395061728,2.2,MSC,24792.823529411766,39707.375,23682.25,19297.0,34393.0,19370.0,317372.0,4.0,,,,5.0,,,,,,2.25,,,,,,257.25,,,,,,273.0,,,,,,87336.33333333333,,,,,,73081.0,,,2,4,MSC,15.0,73469.0,73081.0,
2022,7,26.712345679012344,25.7,27.6,46.148148148148145,37.0,55.0,1003.7012345679012,1003.0,1004.2,False,48.44444444444444,44.4,55.3,153.28395061728395,0.8061728395061728,2.2,NOR,24469.923076923078,39923.72,23653.6,19126.0,33770.0,18947.0,267813.3333333333,6.0,,,,7.0,,,,,,3.05,,,,,,267.65,,,,,,270.0,,,,,,88302.65,,,,,,71849.0,,,2,4,NOR,5.0,72927.0,72266.0,71849.0
2022,7,26.712345679012344,25.7,27.6,46.148148148148145,37.0,55.0,1003.7012345679012,1003.0,1004.2,False,48.44444444444444,44.4,55.3,153.28395061728395,0.8061728395061728,2.2,OCO,23879.18181818182,40067.65,24566.2,19042.0,34084.0,19150.0,321860.3333333333,6.0,,,,7.0,,,,,,2.6,,,,,,267.6666666666667,,,,,,271.0,,,,,,88431.86666666667,,,,,,72528.0,,,2,4,OCO,10.0,72848.0,72528.0,73047.0
2022,7,26.712345679012344,25.7,27.6,46.148148148148145,37.0,55.0,1003.7012345679012,1003.0,1004.2,False,48.44444444444444,44.4,55.3,153.28395061728395,0.8061728395061728,2.2,PER,22885.0,38492.125,27446.8,18904.0,33891.0,18829.0,351966.8,5.0,,,,6.0,,,,,,3.0526315789473686,,,,,,268.05263157894734,,,,,,272.0,,,,,,84375.57894736843,,,,,,71629.0,,,2,4,PER,3.0,73004.0,71954.0,71629.0
2022,7,26.712345679012344,25.7,27.6,46.148148148148145,37.0,55.0,1003.7012345679012,1003.0,1004.2,False,48.44444444444444,44.4,55.3,153.28395061728395,0.8061728395061728,2.2,RIC,23335.428571428572,39899.65,24983.0,19405.0,34357.0,19160.0,225469.0,4.0,,,,5.0,,,,,,2.9375,,,,,,268.125,,,,,,271.0,,,,,,88199.875,,,,,,72964.0,,,2,4,RIC,14.0,73338.0,72964.0,
2022,7,26.712345679012344,25.7,27.6,46.148148148148145,37.0,55.0,1003.7012345679012,1003.0,1004.2,False,48.44444444444444,44.4,55.3,153.28395061728395,0.8061728395061728,2.2,RUS,23514.30769230769,39109.42307692308,24253.409090909092,18981.0,34016.0,19115.0,305306.8,5.0,,,,6.0,,,,,,3.142857142857143,,,,,,261.95238095238096,,,,,,271.0,,,,,,86296.90476190476,,,,,,72112.0,,,2,4,RUS,6.0,72787.0,72617.0,72112.0
2022,7,26.712345679012344,25.7,27.6,46.148148148148145,37.0,55.0,1003.7012345679012,1003.0,1004.2,False,48.44444444444444,44.4,55.3,153.28395061728395,0.8061728395061728,2.2,SAI,25453.72,41773.95652173913,25866.809523809523,18964.0,33738.0,18899.0,371603.2499999999,4.0,,,,5.0,,,,,,3.25,,,,,,257.5,,,,,,272.0,,,,,,93311.8,,,,,,71601.0,,,2,4,SAI,2.0,72616.0,72074.0,71601.0
2022,7,26.712345679012344,25.7,27.6,46.148148148148145,37.0,55.0,1003.7012345679012,1003.0,1004.2,False,48.44444444444444,44.4,55.3,153.28395061728395,0.8061728395061728,2.2,STR,24675.272727272728,39505.90909090909,24340.125,19575.0,34373.0,19495.0,170556.0,2.0,,,,3.0,,,,,,2.75,,,,,,267.875,,,,,,270.0,,,,,,86225.0,,,,,,73678.0,,,2,4,STR,18.0,73678.0,,
2022,7,26.712345679012344,25.7,27.6,46.148148148148145,37.0,55.0,1003.7012345679012,1003.0,1004.2,False,48.44444444444444,44.4,55.3,153.28395061728395,0.8061728395061728,2.2,TSU,25162.35,39537.84210526316,24376.266666666666,19342.0,34170.0,19242.0,249046.75,4.0,,,,5.0,,,,,,3.6,,,,,,269.06666666666666,,,,,,270.0,,,,,,88174.86666666667,,,,,,72797.0,,,2,4,TSU,11.0,73110.0,72797.0,
2022,7,26.712345679012344,25.7,27.6,46.148148148148145,37.0,55.0,1003.7012345679012,1003.0,1004.2,False,48.44444444444444,44.4,55.3,153.28395061728395,0.8061728395061728,2.2,VER,24116.76,39015.458333333336,23490.65,18854.0,33827.0,18852.0,350264.79999999993,5.0,,,,6.0,,,,,,3.263157894736842,,,,,,269.63157894736844,,,,,,272.0,,,,,,85793.36842105263,,,,,,71666.0,,,2,4,VER,4.0,72993.0,72117.0,71666.0
2022,7,26.712345679012344,25.7,27.6,46.148148148148145,37.0,55.0,1003.7012345679012,1003.0,1004.2,False,48.44444444444444,44.4,55.3,153.28395061728395,0.8061728395061728,2.2,VET,23587.73076923077,38141.807692307695,24802.04761904762,19337.0,34085.0,19160.0,254049.33333333334,6.0,,,,7.0,,,,,,2.857142857142857,,,,,,266.0952380952381,,,,,,272.0,,,,,,86312.66666666667,,,,,,72613.0,,,2,4,VET,9.0,73313.0,72613.0,72732.0
2022,7,26.712345679012344,25.7,27.6,46.148148148148145,37.0,55.0,1003.7012345679012,1003.0,1004.2,False,48.44444444444444,44.4,55.3,153.28395061728395,0.8061728395061728,2.2,ZHO,27143.333333333332,40807.333333333336,23659.666666666668,20140.0,34879.0,19870.0,255903.5,2.0,,,,3.0,,,,,,2.0,,,,,,268.5,,,,,,270.0,,,,,,93223.5,,,,,,75606.0,,,2,4,ZHO,20.0,75606.0,,
2022,8,24.824778761061946,24.0,25.8,68.23893805309734,58.0,72.0,1015.6194690265487,1015.4,1016.0,False,35.17522123893806,31.8,39.2,208.99115044247787,0.8424778761061947,1.8,ALB,41832.0,48921.125,29967.375,36929.0,42325.0,25253.0,332908.5,2.0,,,,3.0,,,,,,2.75,,,,,,333.25,,,,,,336.0,,,,,,112384.0,,,,,,104719.0,,,1,14,ALB,17.0,104719.0,,
2022,8,24.824778761061946,24.0,25.8,68.23893805309734,58.0,72.0,1015.6194690265487,1015.4,1016.0,False,35.17522123893806,31.8,39.2,208.99115044247787,0.8424778761061947,1.8,ALO,40113.307692307695,50122.36842105263,29170.833333333332,36407.0,41836.0,24838.0,308581.6666666667,6.0,,,,7.0,,,,,,3.142857142857143,,,,,,341.14285714285717,,,,,,344.0,,,,,,111929.14285714286,,,,,,103173.0,,,1,14,ALO,10.0,104083.0,103360.0,103173.0
2022,8,24.824778761061946,24.0,25.8,68.23893805309734,58.0,72.0,1015.6194690265487,1015.4,1016.0,False,35.17522123893806,31.8,39.2,208.99115044247787,0.8424778761061947,1.8,BOT,43196.444444444445,49490.416666666664,29357.333333333332,36838.0,42121.0,25178.0,453739.6666666667,3.0,,,,4.0,,,,,,2.8333333333333335,,,,,,326.6666666666667,,,,,,334.0,,,,,,114558.16666666667,,,,,,104444.0,,,1,14,BOT,15.0,104478.0,104444.0,
2022,8,24.824778761061946,24.0,25.8,68.23893805309734,58.0,72.0,1015.6194690265487,1015.4,1016.0,False,35.17522123893806,31.8,39.2,208.99115044247787,0.8424778761061947,1.8,GAS,42216.294117647056,47771.681818181816,28653.333333333332,36121.0,41377.0,25238.0,261079.16666666666,6.0,,,,7.0,,,,,,3.6,,,,,,332.4,,,,,,336.0,,,,,,111750.4,,,,,,102845.0,,,1,14,GAS,6.0,103268.0,103129.0,102845.0
2022,8,24.824778761061946,24.0,25.8,68.23893805309734,58.0,72.0,1015.6194690265487,1015.4,1016.0,False,35.17522123893806,31.8,39.2,208.99115044247787,0.8424778761061947,1.8,HAM,40871.13333333333,48307.76190476191,28313.4,36169.0,41410.0,25345.0,276200.6666666667,6.0,,,,7.0,,,,,,3.375,,,,,,328.5,,,,,,334.0,,,,,,106669.125,,,,,,102924.0,,,1,14,HAM,7.0,103939.0,103182.0,102924.0
2022,8,24.824778761061946,24.0,25.8,68.23893805309734,58.0,72.0,1015.6194690265487,1015.4,1016.0,False,35.17522123893806,31.8,39.2,208.99115044247787,0.8424778761061947,1.8,LAT,40510.8,51040.0,29071.0,37112.0,42996.0,25183.0,370061.0,2.0,,,,1.0,,,,,,3.0,,,,,,335.3333333333333,,,,,,337.0,,,,,,113760.66666666667,,,,,,105367.0,,,1,14,LAT,18.0,105367.0,,
2022,8,24.824778761061946,24.0,25.8,68.23893805309734,58.0,72.0,1015.6194690265487,1015.4,1016.0,False,35.17522123893806,31.8,39.2,208.99115044247787,0.8424778761061947,1.8,LEC,43077.6,49272.57894736842,27233.176470588234,35615.0,40670.0,24935.0,642199.6666666666,3.0,,,,4.0,,,,,,3.4545454545454546,,,,,,320.09090909090907,,,,,,337.0,,,,,,117771.18181818182,,,,,,101359.0,,,1,14,LEC,1.0,102865.0,102046.0,101359.0
2022,8,24.824778761061946,24.0,25.8,68.23893805309734,58.0,72.0,1015.6194690265487,1015.4,1016.0,False,35.17522123893806,31.8,39.2,208.99115044247787,0.8424778761061947,1.8,MAG,38996.6,49300.625,28761.875,36589.0,42413.0,25303.0,321452.5,2.0,,,,2.0,,,,,,2.3333333333333335,,,,,,315.6666666666667,,,,,,338.0,,,,,,115629.33333333333,,,,,,104643.0,,,1,14,MAG,16.0,104643.0,,
2022,8,24.824778761061946,24.0,25.8,68.23893805309734,58.0,72.0,1015.6194690265487,1015.4,1016.0,False,35.17522123893806,31.8,39.2,208.99115044247787,0.8424778761061947,1.8,MSC,39082.0,48552.25,28711.625,37089.0,42482.0,25387.0,328995.5,2.0,,,,2.0,,,,,,2.3333333333333335,,,,,,319.6666666666667,,,,,,332.0,,,,,,116573.66666666667,,,,,,105775.0,,,1,14,MSC,20.0,105775.0,,
2022,8,24.824778761061946,24.0,25.8,68.23893805309734,58.0,72.0,1015.6194690265487,1015.4,1016.0,False,35.17522123893806,31.8,39.2,208.99115044247787,0.8424778761061947,1.8,NOR,40868.818181818184,49995.4,29227.0,36236.0,41485.0,25473.0,291228.75,4.0,,,,5.0,,,,,,3.4,,,,,,321.6,,,,,,326.0,,,,,,110092.4,,,,,,103398.0,,,1,14,NOR,11.0,104237.0,103398.0,
2022,8,24.824778761061946,24.0,25.8,68.23893805309734,58.0,72.0,1015.6194690265487,1015.4,1016.0,False,35.17522123893806,31.8,39.2,208.99115044247787,0.8424778761061947,1.8,OCO,39850.11111111111,47748.153846153844,28869.333333333332,36413.0,41899.0,24978.0,480460.3333333333,3.0,,,,3.0,,,,,,3.6,,,,,,340.4,,,,,,342.0,,,,,,114783.8,,,,,,103585.0,,,1,14,OCO,13.0,103903.0,103585.0,
2022,8,24.824778761061946,24.0,25.8,68.23893805309734,58.0,72.0,1015.6194690265487,1015.4,1016.0,False,35.17522123893806,31.8,39.2,208.99115044247787,0.8424778761061947,1.8,PER,41730.71428571428,48309.166666666664,27769.529411764706,35642.0,40997.0,24939.0,734821.6666666666,3.0,,,,4.0,,,,,,3.2,,,,,,326.7,,,,,,343.0,,,,,,114260.9,,,,,,101641.0,,,1,14,PER,2.0,102733.0,101955.0,101641.0
2022,8,24.824778761061946,24.0,25.8,68.23893805309734,58.0,72.0,1015.6194690265487,1015.4,1016.0,False,35.17522123893806,31.8,39.2,208.99115044247787,0.8424778761061947,1.8,RIC,40923.666666666664,50277.8125,29843.5625,36305.0,41685.0,25501.0,284879.25,4.0,,,,5.0,,,,,,3.142857142857143,,,,,,324.57142857142856,,,,,,328.0,,,,,,113726.28571428571,,,,,,103574.0,,,1,14,RIC,12.0,104437.0,103574.0,
2022,8,24.824778761061946,24.0,25.8,68.23893805309734,58.0,72.0,1015.6194690265487,1015.4,1016.0,False,35.17522123893806,31.8,39.2,208.99115044247787,0.8424778761061947,1.8,RUS,39825.933333333334,47761.27272727273,28638.0,36098.0,41363.0,25251.0,264075.0,6.0,,,,7.0,,,,,,3.4444444444444446,,,,,,328.22222222222223,,,,,,333.0,,,,,,106867.77777777778,,,,,,102712.0,,,1,14,RUS,5.0,103754.0,103281.0,102712.0
2022,8,24.824778761061946,24.0,25.8,68.23893805309734,58.0,72.0,1015.6194690265487,1015.4,1016.0,False,35.17522123893806,31.8,39.2,208.99115044247787,0.8424778761061947,1.8,SAI,45042.333333333336,49128.21052631579,28090.235294117647,35729.0,41057.0,25026.0,478754.0,4.0,,,,5.0,,,,,,3.3,,,,,,309.2,,,,,,335.0,,,,,,118663.9,,,,,,101814.0,,,1,14,SAI,4.0,102957.0,102088.0,101814.0
2022,8,24.824778761061946,24.0,25.8,68.23893805309734,58.0,72.0,1015.6194690265487,1015.4,1016.0,False,35.17522123893806,31.8,39.2,208.99115044247787,0.8424778761061947,1.8,STR,40096.6,54150.5,27861.666666666668,36729.0,42718.0,25321.0,118835.0,1.0,,,,2.0,,,,,,2.3333333333333335,,,,,,330.0,,,,,,332.0,,,,,,124554.33333333333,,,,,,105371.0,,,1,14,STR,19.0,105371.0,,
2022,8,24.824778761061946,24.0,25.8,68.23893805309734,58.0,72.0,1015.6194690265487,1015.4,1016.0,False,35.17522123893806,31.8,39.2,208.99115044247787,0.8424778761061947,1.8,TSU,42828.92857142857,48880.09523809524,28885.7,36205.0,41519.0,25280.0,263768.8333333333,6.0,,,,7.0,,,,,,3.375,,,,,,333.375,,,,,,337.0,,,,,,111223.75,,,,,,103056.0,,,1,14,TSU,8.0,103595.0,103376.0,103056.0
2022,8,24.824778761061946,24.0,25.8,68.23893805309734,58.0,72.0,1015.6194690265487,1015.4,1016.0,False,35.17522123893806,31.8,39.2,208.99115044247787,0.8424778761061947,1.8,VER,44768.8,48867.27777777778,28589.823529411766,35781.0,41003.0,24883.0,399589.6,5.0,,,,6.0,,,,,,3.2222222222222223,,,,,,321.77777777777777,,,,,,342.0,,,,,,113674.77777777778,,,,,,101706.0,,,1,14,VER,3.0,102722.0,102227.0,101706.0
2022,8,24.824778761061946,24.0,25.8,68.23893805309734,58.0,72.0,1015.6194690265487,1015.4,1016.0,False,35.17522123893806,31.8,39.2,208.99115044247787,0.8424778761061947,1.8,VET,42814.916666666664,50250.76470588235,28682.235294117647,36392.0,41604.0,24881.0,439278.75,4.0,,,,5.0,,,,,,2.75,,,,,,331.5,,,,,,342.0,,,,,,116990.75,,,,,,103091.0,,,1,14,VET,9.0,103279.0,103268.0,103091.0
2022,8,24.824778761061946,24.0,25.8,68.23893805309734,58.0,72.0,1015.6194690265487,1015.4,1016.0,False,35.17522123893806,31.8,39.2,208.99115044247787,0.8424778761061947,1.8,ZHO,42258.444444444445,49397.25,29807.333333333332,36480.0,41940.0,25273.0,453088.0,3.0,,,,4.0,,,,,,2.8333333333333335,,,,,,326.3333333333333,,,,,,335.0,,,,,,113413.83333333333,,,,,,103777.0,,,1,14,ZHO,14.0,103777.0,103790.0,
2022,9,13.494444444444444,12.1,15.2,76.3,61.0,85.0,1006.9466666666666,1006.5,1007.2,True,18.12333333333333,17.3,18.6,157.88888888888889,1.9355555555555557,4.0,ALB,29513.5,34728.80952380953,40933.833333333336,25193.0,28015.0,33394.0,508696.5,2.0,,3.0,,,,1.0,,3.2857142857142856,,,,5.5,,274.57142857142856,,,,264.7,,278.0,,,,270.0,,97889.71428571429,,,,105665.9,,86858.0,,,,94047.0,1,5,ALB,12.0,94047.0,86858.0,
2022,9,13.494444444444444,12.1,15.2,76.3,61.0,85.0,1006.9466666666666,1006.5,1007.2,True,18.12333333333333,17.3,18.6,157.88888888888889,1.9355555555555557,4.0,ALO,27785.793103448275,31070.310344827587,39215.791666666664,23464.0,26288.0,32192.0,402603.2500000001,4.0,,5.0,,,,1.0,,2.357142857142857,,,,5.5,,272.2142857142857,,,,265.6,,275.0,,,,268.0,,95469.92857142857,,,,100726.7,,81944.0,,,,92277.0,1,5,ALO,2.0,92277.0,84848.0,81944.0
2022,9,13.494444444444444,12.1,15.2,76.3,61.0,85.0,1006.9466666666666,1006.5,1007.2,True,18.12333333333333,17.3,18.6,157.88888888888889,1.9355555555555557,4.0,BOT,28310.894736842107,31344.333333333332,38834.21052631579,25138.0,27654.0,33692.0,595574.5,2.0,,3.0,,,,2.0,,4.0,,,,5.181818181818182,,269.8,,,,259.6363636363636,,272.0,,,,267.0,,88756.8,,,,99849.72727272728,,86788.0,,,,92519.0,1,5,BOT,11.0,93689.0,86788.0,
2022,9,13.494444444444444,12.1,15.2,76.3,61.0,85.0,1006.9466666666666,1006.5,1007.2,True,18.12333333333333,17.3,18.6,157.88888888888889,1.9355555555555557,4.0,GAS,30804.454545454544,32548.454545454544,41143.3,27408.0,30633.0,36339.0,27644.0,1.0,,,,,,2.0,,,,,,3.0,,,,,,264.3333333333333,,,,,,266.0,,,,,,101736.55555555556,,,,,,94492.0,1,5,GAS,16.0,94492.0,,
2022,9,13.494444444444444,12.1,15.2,76.3,61.0,85.0,1006.9466666666666,1006.5,1007.2,True,18.12333333333333,17.3,18.6,157.88888888888889,1.9355555555555557,4.0,HAM,30193.322580645163,30564.935483870966,39435.92592592593,23547.0,26303.0,32936.0,294243.0,5.0,,6.0,,,,2.0,,3.0,,,,12.333333333333334,,272.25,,,,266.9166666666667,,277.0,,,,270.0,,90553.16666666667,,,,101598.33333333333,,82891.0,,,,93060.0,1,5,HAM,4.0,93841.0,85543.0,82891.0
2022,9,13.494444444444444,12.1,15.2,76.3,61.0,85.0,1006.9466666666666,1006.5,1007.2,True,18.12333333333333,17.3,18.6,157.88888888888889,1.9355555555555557,4.0,LAT,30973.727272727272,33224.63636363636,39822.8,28092.0,31003.0,36565.0,,,,,,,,1.0,,,,,,5.5,,,,,,250.3,,,,,,268.0,,,,,,103268.6,,,,,,95660.0,1,5,LAT,19.0,95660.0,,
2022,9,13.494444444444444,12.1,15.2,76.3,61.0,85.0,1006.9466666666666,1006.5,1007.2,True,18.12333333333333,17.3,18.6,157.88888888888889,1.9355555555555557,4.0,LEC,29124.4,31416.2,40638.333333333336,26783.0,30309.0,35846.0,,,,,,,,1.0,,,,,,5.0,,,,,,260.3333333333333,,,,,,269.0,,,,,,101203.77777777778,,,,,,93008.0,1,5,LEC,15.0,93008.0,,
2022,9,13.494444444444444,12.1,15.2,76.3,61.0,85.0,1006.9466666666666,1006.5,1007.2,True,18.12333333333333,17.3,18.6,157.88888888888889,1.9355555555555557,4.0,MAG,29664.133333333335,31191.225806451614,38099.62962962963,23812.0,26518.0,32563.000000000004,337040.25,4.0,,5.0,,,,1.0,,2.8461538461538463,,,,6.0,,271.7692307692308,,,,264.54545454545456,,277.0,,,,267.0,,91972.76923076923,,,,101171.09090909091,,82960.0,,,,92957.0,1,5,MAG,5.0,92957.0,86254.0,82960.0
2022,9,13.494444444444444,12.1,15.2,76.3,61.0,85.0,1006.9466666666666,1006.5,1007.2,True,18.12333333333333,17.3,18.6,157.88888888888889,1.9355555555555557,4.0,MSC,28395.387096774193,31142.612903225807,39521.51851851852,23913.0,26500.0,32708.0,362222.50000000006,4.0,,5.0,,,,1.0,,2.6875,,,,5.5,,271.3125,,,,263.5,,275.0,,,,267.0,,94234.3125,,,,102610.1,,83356.0,,,,93707.0,1,5,MSC,6.0,93707.0,85684.0,83356.0
2022,9,13.494444444444444,12.1,15.2,76.3,61.0,85.0,1006.9466666666666,1006.5,1007.2,True,18.12333333333333,17.3,18.6,157.88888888888889,1.9355555555555557,4.0,NOR,29530.933333333334,32173.0,38754.27272727273,26156.0,28962.0,35496.0,530230.3333333334,3.0,,4.0,,,,1.0,,1.0,,,,5.5,,269.0,,,,261.5,,269.0,,,,265.0,,101141.0,,,,100446.6,,101141.0,,,,94066.0,1,5,NOR,14.0,94066.0,,
2022,9,13.494444444444444,12.1,15.2,76.3,61.0,85.0,1006.9466666666666,1006.5,1007.2,True,18.12333333333333,17.3,18.6,157.88888888888889,1.9355555555555557,4.0,OCO,27897.566666666666,30028.066666666666,38247.76,23855.0,26627.0,33007.0,400889.75,4.0,,5.0,,,,1.0,,2.6,,,,5.5,,272.6666666666667,,,,265.6,,276.0,,,,269.0,,93258.46666666666,,,,99418.4,,83529.0,,,,93012.0,1,5,OCO,7.0,93012.0,86135.0,83529.0
2022,9,13.494444444444444,12.1,15.2,76.3,61.0,85.0,1006.9466666666666,1006.5,1007.2,True,18.12333333333333,17.3,18.6,157.88888888888889,1.9355555555555557,4.0,PER,29019.35714285714,31222.69230769231,39835.083333333336,27049.0,29570.0,35723.0,431891.0,1.0,,2.0,,,,1.0,,1.5,,,,5.5,,267.0,,,,264.9,,268.0,,,,267.0,,98539.5,,,,100777.6,,93127.0,,,,93929.0,1,5,PER,13.0,93929.0,93127.0,
2022,9,13.494444444444444,12.1,15.2,76.3,61.0,85.0,1006.9466666666666,1006.5,1007.2,True,18.12333333333333,17.3,18.6,157.88888888888889,1.9355555555555557,4.0,RIC,28366.6,30584.433333333334,40292.153846153844,23609.0,26735.0,33306.0,311418.6,5.0,,6.0,,,,2.0,,2.8461538461538463,,,,5.090909090909091,,268.84615384615387,,,,261.6363636363636,,273.0,,,,265.0,,92284.07692307692,,,,103090.45454545454,,83749.0,,,,93636.0,1,5,RIC,9.0,93636.0,86375.0,83749.0
2022,9,13.494444444444444,12.1,15.2,76.3,61.0,85.0,1006.9466666666666,1006.5,1007.2,True,18.12333333333333,17.3,18.6,157.88888888888889,1.9355555555555557,4.0,RUS,28877.827586206895,31165.033333333333,39553.88461538462,23696.0,26628.0,32854.0,297507.6000000001,5.0,,5.0,,6.0,,2.0,,3.3333333333333335,,1.5,,14.0,,271.22222222222223,,270.0,,263.4166666666667,,272.0,,270.0,,267.0,,89437.66666666667,,113305.0,,99872.33333333333,,83557.0,,101424.0,,92960.0,1,5,RUS,8.0,93160.0,84950.0,83557.0
2022,9,13.494444444444444,12.1,15.2,76.3,61.0,85.0,1006.9466666666666,1006.5,1007.2,True,18.12333333333333,17.3,18.6,157.88888888888889,1.9355555555555557,4.0,SAI,28919.758620689656,29957.0,39471.16,23149.0,26092.0,32573.0,402740.7500000001,4.0,,5.0,,,,1.0,,2.6666666666666665,,,,5.0,,274.06666666666666,,,,264.3333333333333,,277.0,,,,268.0,,93507.73333333334,,,,102218.0,,82096.0,,,,92781.0,1,5,SAI,3.0,92781.0,85197.0,82096.0
2022,9,13.494444444444444,12.1,15.2,76.3,61.0,85.0,1006.9466666666666,1006.5,1007.2,True,18.12333333333333,17.3,18.6,157.88888888888889,1.9355555555555557,4.0,STR,29997.636363636364,32815.454545454544,43752.2,27833.0,30753.0,36722.0,35972.0,1.0,,,,,,2.0,,,,,,2.7777777777777777,,,,,,262.22222222222223,,,,,,267.0,,,,,,103365.66666666667,,,,,,95532.0,1,5,STR,18.0,95532.0,,
2022,9,13.494444444444444,12.1,15.2,76.3,61.0,85.0,1006.9466666666666,1006.5,1007.2,True,18.12333333333333,17.3,18.6,157.88888888888889,1.9355555555555557,4.0,TSU,31357.5,32102.25,47398.0,28055.0,31193.0,37098.0,,,,,,,,1.0,,,,,,2.0,,,,,,262.6666666666667,,,,,,266.0,,,,,,112246.0,,,,,,96575.0,1,5,TSU,20.0,96575.0,,
2022,9,13.494444444444444,12.1,15.2,76.3,61.0,85.0,1006.9466666666666,1006.5,1007.2,True,18.12333333333333,17.3,18.6,157.88888888888889,1.9355555555555557,4.0,VER,28019.666666666668,29514.666666666668,38679.148148148146,23220.0,25951.0,32128.0,282173.0,3.0,,5.0,,,,2.0,,2.2857142857142856,,,,7.611111111111111,,276.42857142857144,,,,268.6666666666667,,279.0,,,,279.0,,90221.0,,,,96959.0,,81299.0,,,,83746.0,1,5,VER,1.0,92219.0,83746.0,81299.0
2022,9,13.494444444444444,12.1,15.2,76.3,61.0,85.0,1006.9466666666666,1006.5,1007.2,True,18.12333333333333,17.3,18.6,157.88888888888889,1.9355555555555557,4.0,VET,30516.0,32449.916666666668,41349.0,27469.0,30436.0,36607.0,30385.0,1.0,,,,,,2.0,,,,,,3.0,,,,,,262.1,,,,,,270.0,,,,,,101982.5,,,,,,94512.0,1,5,VET,17.0,94512.0,,
2022,9,13.494444444444444,12.1,15.2,76.3,61.0,85.0,1006.9466666666666,1006.5,1007.2,True,18.12333333333333,17.3,18.6,157.88888888888889,1.9355555555555557,4.0,ZHO,29080.033333333333,30677.58064516129,38960.88888888889,23535.0,27067.0,33170.0,297081.4,5.0,,6.0,,,,2.0,,2.8461538461538463,,,,5.181818181818182,,270.61538461538464,,,,261.27272727272725,,274.0,,,,266.0,,92099.76923076923,,,,102984.72727272728,,84030.0,,,,93692.0,1,5,ZHO,10.0,93692.0,86116.0,84030.0
2022,10,14.903797468354432,14.2,17.3,86.34177215189874,71.0,91.0,999.7151898734177,999.2,1000.0,True,20.853164556962025,19.3,25.7,226.37974683544303,2.8177215189873417,5.0,ALB,37255.3,45755.36363636364,31103.363636363636,32277.0,41487.0,28314.0,32166.0,1.0,,2.0,,,,,,3.0,,,,,,220.0,,,,,,227.0,,,,,,113810.75,,,,,,102078.0,,,,,0,3,ALB,16.0,102078.0,,
2022,10,14.903797468354432,14.2,17.3,86.34177215189874,71.0,91.0,999.7151898734177,999.2,1000.0,True,20.853164556962025,19.3,25.7,226.37974683544303,2.8177215189873417,5.0,ALO,35982.9,46651.913043478264,31667.304347826088,31736.0,41284.0,28318.0,255403.66666666666,3.0,,4.0,,,,,,4.5,,,,,,216.125,,,,,,226.0,,,,,,112154.75,,,,,,101598.0,,,,,0,3,ALO,7.0,101598.0,102209.0,102116.0
2022,10,14.903797468354432,14.2,17.3,86.34177215189874,71.0,91.0,999.7151898734177,999.2,1000.0,True,20.853164556962025,19.3,25.7,226.37974683544303,2.8177215189873417,5.0,BOT,34153.77777777778,45881.8,32728.35,31667.0,41471.0,27972.0,247858.0,1.0,,2.0,,,,,,5.5625,,,,,,219.75,,,,,,231.0,,,,,,109515.9375,,,,,,101396.0,,,,,0,3,BOT,12.0,101396.0,104232.0,
2022,10,14.903797468354432,14.2,17.3,86.34177215189874,71.0,91.0,999.7151898734177,999.2,1000.0,True,20.853164556962025,19.3,25.7,226.37974683544303,2.8177215189873417,5.0,GAS,35834.94117647059,45674.42105263158,33481.15789473684,31892.0,41283.0,28505.0,137194.5,2.0,,3.0,,,,,,4.714285714285714,,,,,,215.28571428571428,,,,,,226.0,,,,,,112577.28571428571,,,,,,101680.0,,,,,0,3,GAS,11.0,101680.0,103702.0,
2022,10,14.903797468354432,14.2,17.3,86.34177215189874,71.0,91.0,999.7151898734177,999.2,1000.0,True,20.853164556962025,19.3,25.7,226.37974683544303,2.8177215189873417,5.0,HAM,33528.25,44156.0,32677.521739130436,31470.0,40709.0,28209.0,605763.0,2.0,,3.0,,,,,,5.0588235294117645,,,,,,220.7058823529412,,,,,,232.0,,,,,,106252.82352941176,,,,,,100428.0,,,,,0,3,HAM,5.0,100428.0,101062.0,101995.0
2022,10,14.903797468354432,14.2,17.3,86.34177215189874,71.0,91.0,999.7151898734177,999.2,1000.0,True,20.853164556962025,19.3,25.7,226.37974683544303,2.8177215189873417,5.0,LAT,39908.28571428572,46246.625,31708.125,32063.000000000004,41413.0,28125.0,215464.5,4.0,,5.0,,,,,,3.625,,,,,,211.75,,,,,,225.0,,,,,,115248.375,,,,,,101998.0,,,,,0,3,LAT,10.0,101998.0,103273.0,123095.0
2022,10,14.903797468354432,14.2,17.3,86.34177215189874,71.0,91.0,999.7151898734177,999.2,1000.0,True,20.853164556962025,19.3,25.7,226.37974683544303,2.8177215189873417,5.0,LEC,34360.045454545456,44107.6,32020.8,31399.0,40380.0,28033.0,508363.0,2.0,,3.0,,,,,,5.15,,,,,,212.35,,,,,,232.0,,,,,,107805.9,,,,,,99846.0,,,,,0,3,LEC,3.0,99846.0,101247.0,101298.0
2022,10,14.903797468354432,14.2,17.3,86.34177215189874,71.0,91.0,999.7151898734177,999.2,1000.0,True,20.853164556962025,19.3,25.7,226.37974683544303,2.8177215189873417,5.0,MAG,37078.4,44299.09090909091,31604.272727272728,32177.999999999996,41401.0,28460.0,36512.0,1.0,,2.0,,,,,,3.25,,,,,,222.0,,,,,,231.0,,,,,,110982.125,,,,,,102159.0,,,,,0,3,MAG,17.0,102159.0,,
2022,10,14.903797468354432,14.2,17.3,86.34177215189874,71.0,91.0,999.7151898734177,999.2,1000.0,True,20.853164556962025,19.3,25.7,226.37974683544303,2.8177215189873417,5.0,MSC,37656.3,45235.63636363636,30585.272727272728,32201.0,41618.0,28650.0,31349.0,1.0,,2.0,,,,,,3.25,,,,,,221.0,,,,,,226.0,,,,,,110757.625,,,,,,102708.0,,,,,0,3,MSC,19.0,102708.0,,
2022,10,14.903797468354432,14.2,17.3,86.34177215189874,71.0,91.0,999.7151898734177,999.2,1000.0,True,20.853164556962025,19.3,25.7,226.37974683544303,2.8177215189873417,5.0,NOR,33847.391304347824,44840.61538461538,32490.653846153848,31654.0,41189.0,28499.0,427260.4999999999,2.0,,3.0,,,,,,4.9,,,,,,217.1,,,,,,229.0,,,,,,107043.6,,,,,,101515.0,,,,,0,3,NOR,6.0,101515.0,101821.0,102084.0
2022,10,14.903797468354432,14.2,17.3,86.34177215189874,71.0,91.0,999.7151898734177,999.2,1000.0,True,20.853164556962025,19.3,25.7,226.37974683544303,2.8177215189873417,5.0,OCO,33839.8,44465.882352941175,31745.882352941175,31879.0,41366.0,28485.0,304703.0,1.0,,2.0,,,,,,4.769230769230769,,,,,,220.15384615384616,,,,,,227.0,,,,,,107287.53846153847,,,,,,101730.0,,,,,0,3,OCO,15.0,101730.0,105190.0,
2022,10,14.903797468354432,14.2,17.3,86.34177215189874,71.0,91.0,999.7151898734177,999.2,1000.0,True,20.853164556962025,19.3,25.7,226.37974683544303,2.8177215189873417,5.0,PER,35472.52173913043,44892.153846153844,32707.384615384617,32115.000000000004,40548.0,27856.0,270963.3333333333,3.0,,4.0,,,,,,4.166666666666667,,,,,,216.27777777777777,,,,,,229.0,,,,,,108541.72222222222,,,,,,100521.0,,,,,0,3,PER,4.0,100521.0,102513.0,101616.0
2022,10,14.903797468354432,14.2,17.3,86.34177215189874,71.0,91.0,999.7151898734177,999.2,1000.0,True,20.853164556962025,19.3,25.7,226.37974683544303,2.8177215189873417,5.0,RIC,36064.3125,45611.333333333336,32287.38888888889,31939.0,41455.0,28428.0,188356.0,2.0,,3.0,,,,,,3.6153846153846154,,,,,,215.46153846153845,,,,,,229.0,,,,,,110070.76923076923,,,,,,101933.0,,,,,0,3,RIC,14.0,101933.0,104355.0,
2022,10,14.903797468354432,14.2,17.3,86.34177215189874,71.0,91.0,999.7151898734177,999.2,1000.0,True,20.853164556962025,19.3,25.7,226.37974683544303,2.8177215189873417,5.0,RUS,33200.4,44169.95652173913,32565.260869565216,31365.0,40655.0,27964.0,610599.0,2.0,,3.0,,,,,,5.0588235294117645,,,,,,220.94117647058823,,,,,,232.0,,,,,,105464.94117647059,,,,,,100028.0,,,,,0,3,RUS,8.0,100028.0,101725.0,102161.0
2022,10,14.903797468354432,14.2,17.3,86.34177215189874,71.0,91.0,999.7151898734177,999.2,1000.0,True,20.853164556962025,19.3,25.7,226.37974683544303,2.8177215189873417,5.0,SAI,34146.260869565216,43990.88,32771.4,31472.0,40544.0,28174.0,486375.5,2.0,,3.0,,,,,,5.15,,,,,,216.15,,,,,,232.0,,,,,,108348.35,,,,,,100190.0,,,,,0,3,SAI,1.0,100190.0,101602.0,100983.0
2022,10,14.903797468354432,14.2,17.3,86.34177215189874,71.0,91.0,999.7151898734177,999.2,1000.0,True,20.853164556962025,19.3,25.7,226.37974683544303,2.8177215189873417,5.0,STR,38606.444444444445,47870.9,34912.9,32400.0,42224.0,28498.0,30117.0,1.0,,2.0,,,,,,3.6666666666666665,,,,,,215.16666666666666,,,,,,226.0,,,,,,107002.66666666667,,,,,,103430.0,,,,,0,3,STR,20.0,103430.0,,
2022,10,14.903797468354432,14.2,17.3,86.34177215189874,71.0,91.0,999.7151898734177,999.2,1000.0,True,20.853164556962025,19.3,25.7,226.37974683544303,2.8177215189873417,5.0,TSU,37252.41176470588,45844.10526315789,33102.57894736842,32061.999999999996,41511.0,28194.0,172466.0,2.0,,3.0,,,,,,4.214285714285714,,,,,,216.78571428571428,,,,,,227.0,,,,,,113911.78571428571,,,,,,101893.0,,,,,0,3,TSU,13.0,101893.0,104311.0,
2022,10,14.903797468354432,14.2,17.3,86.34177215189874,71.0,91.0,999.7151898734177,999.2,1000.0,True,20.853164556962025,19.3,25.7,226.37974683544303,2.8177215189873417,5.0,VER,33915.25,44837.739130434784,33311.52173913043,31307.0,40260.0,27562.0,564499.5,2.0,,3.0,,,,,,4.888888888888889,,,,,,213.0,,,,,,230.0,,,,,,109005.38888888889,,,,,,99129.0,,,,,0,3,VER,2.0,99129.0,100655.0,101055.0
2022,10,14.903797468354432,14.2,17.3,86.34177215189874,71.0,91.0,999.7151898734177,999.2,1000.0,True,20.853164556962025,19.3,25.7,226.37974683544303,2.8177215189873417,5.0,VET,35973.42857142857,47079.22222222222,32921.666666666664,32020.000000000004,41838.0,28756.0,174070.0,1.0,,2.0,,,,,,4.0,,,,,,223.4,,,,,,227.0,,,,,,110015.6,,,,,,102666.0,,,,,0,3,VET,18.0,102666.0,,
2022,10,14.903797468354432,14.2,17.3,86.34177215189874,71.0,91.0,999.7151898734177,999.2,1000.0,True,20.853164556962025,19.3,25.7,226.37974683544303,2.8177215189873417,5.0,ZHO,34351.36,45570.5,32975.17857142857,32125.0,40837.0,27787.0,319244.0,2.0,,3.0,,,,,,5.2727272727272725,,,,,,219.04545454545453,,,,,,235.0,,,,,,110265.81818181818,,,,,,100791.0,,,,,0,3,ZHO,9.0,100791.0,102640.0,102719.0
2022,11,19.0010101010101,18.3,19.6,34.43434343434343,33.0,36.0,946.3232323232323,946.2,946.5,False,35.94949494949495,32.9,38.1,201.86868686868686,1.5080808080808081,3.7,ALB,18634.7,33798.86666666667,25869.066666666666,16669.0,29384.0,20177.0,305740.25,4.0,,,,5.0,,,,,,2.6,,,,,,283.0,,,,,,286.0,,,,,,66603.2,,,,,,66230.0,,,2,2,ALB,11.0,66516.0,66230.0,
2022,11,19.0010101010101,18.3,19.6,34.43434343434343,33.0,36.0,946.3232323232323,946.2,946.5,False,35.94949494949495,32.9,38.1,201.86868686868686,1.5080808080808081,3.7,ALO,18169.071428571428,34542.47619047619,26409.85,16674.0,29243.0,20001.0,496337.3333333333,6.0,,,,7.0,,,,,,2.625,,,,,,281.125,,,,,,283.0,,,,,,69644.375,,,,,,66016.0,,,2,2,ALO,8.0,66016.0,66082.0,66103.0
2022,11,19.0010101010101,18.3,19.6,34.43434343434343,33.0,36.0,946.3232323232323,946.2,946.5,False,35.94949494949495,32.9,38.1,201.86868686868686,1.5080808080808081,3.7,BOT,18636.8,33868.92857142857,27126.928571428572,16798.0,29379.0,20046.0,344222.6666666667,3.0,,,,4.0,,,,,,2.5,,,,,,280.3333333333333,,,,,,283.0,,,,,,70106.83333333333,,,,,,66319.0,,,2,2,BOT,12.0,66442.0,66319.0,
2022,11,19.0010101010101,18.3,19.6,34.43434343434343,33.0,36.0,946.3232323232323,946.2,946.5,False,35.94949494949495,32.9,38.1,201.86868686868686,1.5080808080808081,3.7,GAS,18703.428571428572,35966.95,27123.55,16758.0,29436.0,19961.0,168972.39999999997,5.0,,,,6.0,,,,,,3.375,,,,,,280.875,,,,,,283.0,,,,,,71543.5,,,,,,66160.0,,,2,2,GAS,10.0,66589.0,66160.0,
2022,11,19.0010101010101,18.3,19.6,34.43434343434343,33.0,36.0,946.3232323232323,946.2,946.5,False,35.94949494949495,32.9,38.1,201.86868686868686,1.5080808080808081,3.7,HAM,18211.4,33807.15,25504.25,16484.0,28986.0,19715.0,350143.0,4.0,,,,5.0,,,,,,3.2,,,,,,280.3,,,,,,283.0,,,,,,73392.7,,,,,,65474.99999999999,,,2,2,HAM,9.0,66079.0,65474.99999999999,73151.0
2022,11,19.0010101010101,18.3,19.6,34.43434343434343,33.0,36.0,946.3232323232323,946.2,946.5,False,35.94949494949495,32.9,38.1,201.86868686868686,1.5080808080808081,3.7,LAT,18578.0,34374.77777777778,29125.777777777777,16657.0,29916.0,20430.0,200132.5,2.0,,,,3.0,,,,,,2.0,,,,,,280.0,,,,,,283.0,,,,,,67492.66666666667,,,,,,67003.0,,,2,2,LAT,19.0,67003.0,,
2022,11,19.0010101010101,18.3,19.6,34.43434343434343,33.0,36.0,946.3232323232323,946.2,946.5,False,35.94949494949495,32.9,38.1,201.86868686868686,1.5080808080808081,3.7,LEC,18978.944444444445,35776.541666666664,27027.666666666668,16548.0,28880.0,19545.0,477169.33333333326,6.0,,,,7.0,,,,,,5.0,,,,,,265.38461538461536,,,,,,285.0,,,,,,77602.61538461539,,,,,,65013.00000000001,,,2,2,LEC,2.0,65419.0,65287.00000000001,65013.00000000001
2022,11,19.0010101010101,18.3,19.6,34.43434343434343,33.0,36.0,946.3232323232323,946.2,946.5,False,35.94949494949495,32.9,38.1,201.86868686868686,1.5080808080808081,3.7,MAG,18770.733333333334,33533.57142857143,26716.8,16566.0,29133.0,20009.0,496504.3333333335,6.0,,,,7.0,,,,,,3.111111111111111,,,,,,276.8888888888889,,,,,,285.0,,,,,,73140.77777777778,,,,,,65879.0,,,2,2,MAG,6.0,66366.0,65894.0,65879.0
2022,11,19.0010101010101,18.3,19.6,34.43434343434343,33.0,36.0,946.3232323232323,946.2,946.5,False,35.94949494949495,32.9,38.1,201.86868686868686,1.5080808080808081,3.7,MSC,18733.133333333335,34244.142857142855,27111.7,16625.0,29091.0,20109.0,492559.33333333343,6.0,,,,7.0,,,,,,3.111111111111111,,,,,,271.77777777777777,,,,,,285.0,,,,,,73135.44444444444,,,,,,66011.0,,,2,2,MSC,7.0,66405.0,66151.0,66011.0
2022,11,19.0010101010101,18.3,19.6,34.43434343434343,33.0,36.0,946.3232323232323,946.2,946.5,False,35.94949494949495,32.9,38.1,201.86868686868686,1.5080808080808081,3.7,NOR,20468.333333333332,39159.42105263158,28393.473684210527,16768.0,29380.0,20182.0,252009.0,3.0,,,,4.0,,,,,,3.0,,,,,,278.0,,,,,,284.0,,,,,,87788.63636363637,,,,,,66330.0,,,2,2,NOR,15.0,66330.0,85847.0,
2022,11,19.0010101010101,18.3,19.6,34.43434343434343,33.0,36.0,946.3232323232323,946.2,946.5,False,35.94949494949495,32.9,38.1,201.86868686868686,1.5080808080808081,3.7,OCO,19080.05,35548.153846153844,25705.2,16664.0,29154.0,19874.0,425976.6666666667,6.0,,,,7.0,,,,,,2.9285714285714284,,,,,,280.57142857142856,,,,,,284.0,,,,,,76839.64285714286,,,,,,65726.0,,,2,2,OCO,5.0,66468.0,65993.0,65726.0
2022,11,19.0010101010101,18.3,19.6,34.43434343434343,33.0,36.0,946.3232323232323,946.2,946.5,False,35.94949494949495,32.9,38.1,201.86868686868686,1.5080808080808081,3.7,PER,19743.61111111111,36050.125,27500.608695652172,16455.0,29113.0,19809.0,578897.8,5.0,,,,6.0,,,,,,3.5,,,,,,269.75,,,,,,285.0,,,,,,79075.58333333333,,,,,,65404.0,,,2,2,PER,13.0,66143.0,66458.0,
2022,11,19.0010101010101,18.3,19.6,34.43434343434343,33.0,36.0,946.3232323232323,946.2,946.5,False,35.94949494949495,32.9,38.1,201.86868686868686,1.5080808080808081,3.7,RIC,18359.0,34931.9,29559.8,16810.0,29553.0,20250.0,168627.5,2.0,,,,3.0,,,,,,2.25,,,,,,281.5,,,,,,283.0,,,,,,75890.25,,,,,,66613.0,,,2,2,RIC,16.0,66613.0,,
2022,11,19.0010101010101,18.3,19.6,34.43434343434343,33.0,36.0,946.3232323232323,946.2,946.5,False,35.94949494949495,32.9,38.1,201.86868686868686,1.5080808080808081,3.7,RUS,18343.352941176472,33909.260869565216,25112.217391304348,16550.0,29160.0,19609.0,378679.8,5.0,,,,5.0,,,,,,3.25,,,,,,283.1666666666667,,,,,,287.0,,,,,,72339.08333333333,,,,,,65431.0,,,2,2,RUS,4.0,66235.0,65697.0,65431.0
2022,11,19.0010101010101,18.3,19.6,34.43434343434343,33.0,36.0,946.3232323232323,946.2,946.5,False,35.94949494949495,32.9,38.1,201.86868686868686,1.5080808080808081,3.7,SAI,19745.777777777777,37088.208333333336,27372.166666666668,16519.0,28891.0,19656.0,463850.1666666667,6.0,,,,7.0,,,,,,4.538461538461538,,,,,,263.6923076923077,,,,,,282.0,,,,,,80442.69230769231,,,,,,65066.0,,,2,2,SAI,3.0,65660.0,65576.0,65066.0
2022,11,19.0010101010101,18.3,19.6,34.43434343434343,33.0,36.0,946.3232323232323,946.2,946.5,False,35.94949494949495,32.9,38.1,201.86868686868686,1.5080808080808081,3.7,STR,19352.1,37779.166666666664,30533.416666666668,16863.0,29540.0,20243.0,158605.0,1.0,,,,2.0,,,,,,3.5,,,,,,274.125,,,,,,280.0,,,,,,83536.875,,,,,,66847.0,,,2,2,STR,17.0,66847.0,,
2022,11,19.0010101010101,18.3,19.6,34.43434343434343,33.0,36.0,946.3232323232323,946.2,946.5,False,35.94949494949495,32.9,38.1,201.86868686868686,1.5080808080808081,3.7,TSU,19265.846153846152,36456.42105263158,26244.263157894737,16730.0,29639.0,20094.0,172005.80000000005,5.0,,,,5.0,,,,,,3.5714285714285716,,,,,,280.7142857142857,,,,,,283.0,,,,,,71613.14285714286,,,,,,66463.0,,,2,2,TSU,14.0,66463.0,66851.0,
2022,11,19.0010101010101,18.3,19.6,34.43434343434343,33.0,36.0,946.3232323232323,946.2,946.5,False,35.94949494949495,32.9,38.1,201.86868686868686,1.5080808080808081,3.7,VER,19349.69230769231,35639.5,27632.38888888889,16421.0,28903.0,19547.0,782288.5,4.0,,,,5.0,,,,,,2.7777777777777777,,,,,,251.77777777777777,,,,,,285.0,,,,,,76880.0,,,,,,64983.99999999999,,,2,2,VER,1.0,65852.0,65373.99999999999,64983.99999999999
2022,11,19.0010101010101,18.3,19.6,34.43434343434343,33.0,36.0,946.3232323232323,946.2,946.5,False,35.94949494949495,32.9,38.1,201.86868686868686,1.5080808080808081,3.7,VET,20784.1,36006.75,29551.75,16827.0,29523.0,20191.0,153978.0,1.0,,,,2.0,,,,,,3.5,,,,,,261.875,,,,,,282.0,,,,,,82445.625,,,,,,66652.0,,,2,2,VET,20.0,67083.0,,
2022,11,19.0010101010101,18.3,19.6,34.43434343434343,33.0,36.0,946.3232323232323,946.2,946.5,False,35.94949494949495,32.9,38.1,201.86868686868686,1.5080808080808081,3.7,ZHO,19352.571428571428,35139.555555555555,28048.333333333332,16916.0,29631.0,20266.0,187973.0,1.0,,,,2.0,,,,,,3.2,,,,,,272.6,,,,,,279.0,,,,,,74945.6,,,,,,66901.0,,,2,2,ZHO,18.0,66901.0,,
2022,12,30.514285714285712,29.8,31.4,45.22077922077922,43.0,47.0,967.8142857142857,967.5,968.2,False,54.812987012987016,53.4,56.3,121.72727272727273,1.8844155844155843,3.4,ALB,31312.454545454544,34934.181818181816,51196.0,23267.0,28260.0,41495.0,296653.0,3.0,,,,4.0,,,,,,2.2857142857142856,,,,,,300.2857142857143,,,,,,302.0,,,,,,117115.28571428571,,,,,,93307.0,,,0,0,ALB,15.0,93423.0,93307.0,
2022,12,30.514285714285712,29.8,31.4,45.22077922077922,43.0,47.0,967.8142857142857,967.5,968.2,False,54.812987012987016,53.4,56.3,121.72727272727273,1.8844155844155843,3.4,ALO,33345.882352941175,35373.529411764706,55148.72727272727,23025.0,28270.0,40985.0,285098.8,5.0,,,,6.0,,,,,,2.142857142857143,,,,,,299.7142857142857,,,,,,302.0,,,,,,108393.85714285714,,,,,,92552.0,,,0,0,ALO,7.0,92819.0,92631.0,92552.0
2022,12,30.514285714285712,29.8,31.4,45.22077922077922,43.0,47.0,967.8142857142857,967.5,968.2,False,54.812987012987016,53.4,56.3,121.72727272727273,1.8844155844155843,3.4,BOT,32494.615384615383,37094.07692307692,56668.444444444445,23292.0,28317.0,41175.0,284408.3333333333,3.0,,,,4.0,,,,,,2.6,,,,,,296.8,,,,,,298.0,,,,,,104555.8,,,,,,93034.0,,,0,0,BOT,13.0,93034.0,93052.0,
2022,12,30.514285714285712,29.8,31.4,45.22077922077922,43.0,47.0,967.8142857142857,967.5,968.2,False,54.812987012987016,53.4,56.3,121.72727272727273,1.8844155844155843,3.4,GAS,35404.0,37622.71428571428,59591.4,23053.0,28470.0,41511.0,200388.0,1.0,,,,1.0,,,,,,3.0,,,,,,299.0,,,,,,299.0,,,,,,93567.5,,,,,,93439.0,,,0,0,GAS,16.0,93439.0,,
2022,12,30.514285714285712,29.8,31.4,45.22077922077922,43.0,47.0,967.8142857142857,967.5,968.2,False,54.812987012987016,53.4,56.3,121.72727272727273,1.8844155844155843,3.4,HAM,31966.684210526317,35161.68421052631,51737.307692307695,22686.0,28224.0,40855.0,270985.2,5.0,,,,6.0,,,,,,2.7,,,,,,298.5,,,,,,302.0,,,,,,112926.9,,,,,,91765.0,,,0,0,HAM,4.0,93041.0,92274.0,91765.0
2022,12,30.514285714285712,29.8,31.4,45.22077922077922,43.0,47.0,967.8142857142857,967.5,968.2,False,54.812987012987016,53.4,56.3,121.72727272727273,1.8844155844155843,3.4,LAT,32421.0,35332.166666666664,50516.25,23320.0,28436.0,41708.0,164238.0,1.0,,,,2.0,,,,,,1.5,,,,,,301.25,,,,,,302.0,,,,,,118678.5,,,,,,93794.0,,,0,0,LAT,20.0,93794.0,,
2022,12,30.514285714285712,29.8,31.4,45.22077922077922,43.0,47.0,967.8142857142857,967.5,968.2,False,54.812987012987016,53.4,56.3,121.72727272727273,1.8844155844155843,3.4,LEC,35472.17647058824,39035.41176470588,57328.166666666664,22660.0,27960.0,40252.0,402780.75,4.0,,,,5.0,,,,,,2.8,,,,,,298.4,,,,,,301.0,,,,,,91522.2,,,,,,90872.0,,,0,0,LEC,1.0,91727.0,91216.0,90872.0
2022,12,30.514285714285712,29.8,31.4,45.22077922077922,43.0,47.0,967.8142857142857,967.5,968.2,False,54.812987012987016,53.4,56.3,121.72727272727273,1.8844155844155843,3.4,MAG,31114.666666666668,33637.88888888889,56410.666666666664,23105.0,28387.0,41112.0,315180.5,2.0,,,,3.0,,,,,,2.5,,,,,,300.0,,,,,,301.0,,,,,,105687.75,,,,,,92649.0,,,0,0,MAG,10.0,92756.0,92649.0,
2022,12,30.514285714285712,29.8,31.4,45.22077922077922,43.0,47.0,967.8142857142857,967.5,968.2,False,54.812987012987016,53.4,56.3,121.72727272727273,1.8844155844155843,3.4,MSC,33658.11111111111,37490.22222222222,59768.0,23272.0,28433.0,41409.0,120365.0,1.0,,,,2.0,,,,,,3.0,,,,,,297.6666666666667,,,,,,300.0,,,,,,93557.66666666667,,,,,,93114.0,,,0,0,MSC,19.0,93701.0,,
2022,12,30.514285714285712,29.8,31.4,45.22077922077922,43.0,47.0,967.8142857142857,967.5,968.2,False,54.812987012987016,53.4,56.3,121.72727272727273,1.8844155844155843,3.4,NOR,31783.85714285714,34867.0,50839.22222222222,22994.0,28272.0,40766.0,489878.2500000001,4.0,,,,5.0,,,,,,1.8888888888888888,,,,,,298.3333333333333,,,,,,301.0,,,,,,119467.66666666667,,,,,,92032.0,,,0,0,NOR,5.0,92672.0,92777.0,92032.0
2022,12,30.514285714285712,29.8,31.4,45.22077922077922,43.0,47.0,967.8142857142857,967.5,968.2,False,54.812987012987016,53.4,56.3,121.72727272727273,1.8844155844155843,3.4,OCO,32899.416666666664,34815.5,54353.25,23149.0,28347.0,41201.0,258275.66666666674,3.0,,,,4.0,,,,,,2.6666666666666665,,,,,,297.8333333333333,,,,,,299.0,,,,,,110316.5,,,,,,93048.0,,,0,0,OCO,12.0,93346.0,93048.0,
2022,12,30.514285714285712,29.8,31.4,45.22077922077922,43.0,47.0,967.8142857142857,967.5,968.2,False,54.812987012987016,53.4,56.3,121.72727272727273,1.8844155844155843,3.4,PER,34890.47368421053,38233.63157894737,55433.53333333333,22794.0,27969.0,40572.0,245938.0,5.0,,,,6.0,,,,,,3.4285714285714284,,,,,,302.2857142857143,,,,,,303.0,,,,,,100342.14285714286,,,,,,91335.0,,,0,0,PER,3.0,92354.0,92120.0,91335.0
2022,12,30.514285714285712,29.8,31.4,45.22077922077922,43.0,47.0,967.8142857142857,967.5,968.2,False,54.812987012987016,53.4,56.3,121.72727272727273,1.8844155844155843,3.4,RIC,32220.25,34206.416666666664,52855.0,23170.0,28382.0,41224.0,309468.3333333333,3.0,,,,4.0,,,,,,1.5714285714285714,,,,,,297.7142857142857,,,,,,300.0,,,,,,113463.42857142857,,,,,,92922.0,,,0,0,RIC,11.0,93404.0,92922.0,
2022,12,30.514285714285712,29.8,31.4,45.22077922077922,43.0,47.0,967.8142857142857,967.5,968.2,False,54.812987012987016,53.4,56.3,121.72727272727273,1.8844155844155843,3.4,RUS,32548.4,35313.1,52453.857142857145,22926.0,28224.0,40971.0,241370.99999999985,5.0,,,,6.0,,,,,,2.6363636363636362,,,,,,298.6363636363636,,,,,,300.0,,,,,,111021.09090909091,,,,,,92131.0,,,0,0,RUS,6.0,93109.0,92633.0,92131.0
2022,12,30.514285714285712,29.8,31.4,45.22077922077922,43.0,47.0,967.8142857142857,967.5,968.2,False,54.812987012987016,53.4,56.3,121.72727272727273,1.8844155844155843,3.4,SAI,39125.1,40649.8,56692.333333333336,22699.0,27963.0,40419.0,622438.3333333334,3.0,,,,2.0,,,,,,2.0,,,,,,301.0,,,,,,301.0,,,,,,91689.0,,,,,,91081.0,,,0,0,SAI,9.0,92297.0,91081.0,
2022,12,30.514285714285712,29.8,31.4,45.22077922077922,43.0,47.0,967.8142857142857,967.5,968.2,False,54.812987012987016,53.4,56.3,121.72727272727273,1.8844155844155843,3.4,STR,31753.0,37190.22222222222,58520.28571428572,23263.0,28614.0,41559.0,127289.0,1.0,,,,2.0,,,,,,3.25,,,,,,296.0,,,,,,299.0,,,,,,106289.0,,,,,,93439.0,,,0,0,STR,17.0,93439.0,,
2022,12,30.514285714285712,29.8,31.4,45.22077922077922,43.0,47.0,967.8142857142857,967.5,968.2,False,54.812987012987016,53.4,56.3,121.72727272727273,1.8844155844155843,3.4,TSU,34502.65,36033.85,55160.57142857143,23336.0,28274.0,41090.0,260442.8,5.0,,,,6.0,,,,,,4.375,,,,,,298.75,,,,,,300.0,,,,,,100181.0,,,,,,92780.0,,,0,0,TSU,8.0,93394.0,92836.0,92780.0
2022,12,30.514285714285712,29.8,31.4,45.22077922077922,43.0,47.0,967.8142857142857,967.5,968.2,False,54.812987012987016,53.4,56.3,121.72727272727273,1.8844155844155843,3.4,VER,35399.21428571428,38719.42857142857,55290.22222222222,22814.0,27878.0,40477.0,456716.0000000001,4.0,,,,5.0,,,,,,1.8,,,,,,303.8,,,,,,304.0,,,,,,101805.8,,,,,,91176.0,,,0,0,VER,2.0,91891.0,91990.0,91176.0
2022,12,30.514285714285712,29.8,31.4,45.22077922077922,43.0,47.0,967.8142857142857,967.5,968.2,False,54.812987012987016,53.4,56.3,121.72727272727273,1.8844155844155843,3.4,VET,32477.8,36449.46666666667,57740.818181818184,23273.0,28471.0,41458.0,230346.33333333334,3.0,,,,4.0,,,,,,2.857142857142857,,,,,,280.57142857142856,,,,,,299.0,,,,,,107977.0,,,,,,93276.0,,,0,0,VET,14.0,93285.0,93276.0,
2022,12,30.514285714285712,29.8,31.4,45.22077922077922,43.0,47.0,967.8142857142857,967.5,968.2,False,54.812987012987016,53.4,56.3,121.72727272727273,1.8844155844155843,3.4,ZHO,33498.875,36349.0,50894.0,23509.0,28617.0,41370.0,167143.0,1.0,,,,2.0,,,,,,2.0,,,,,,294.4,,,,,,295.0,,,,,,114541.0,,,,,,93674.0,,,0,0,ZHO,18.0,93674.0,,
2022,13,22.202564102564104,21.7,22.8,71.08974358974359,68.0,77.0,984.3371794871795,984.0,984.5,False,29.805128205128206,26.5,32.0,283.44871794871796,2.723076923076923,4.0,ALB,32387.0,35263.4,27852.8,28290.0,28410.0,22486.0,199998.0,1.0,,,,2.0,,,,,,3.0,,,,,,257.0,,,,,,258.0,,,,,,92204.0,,,,,,79256.0,,,0,0,ALB,17.0,79256.0,,
2022,13,22.202564102564104,21.7,22.8,71.08974358974359,68.0,77.0,984.3371794871795,984.0,984.5,False,29.805128205128206,26.5,32.0,283.44871794871796,2.723076923076923,4.0,ALO,31590.583333333332,33324.23529411765,27396.4375,28353.0,27603.0,21948.0,473835.4999999999,4.0,,,,5.0,,,,,,2.4285714285714284,,,,,,254.28571428571428,,,,,,255.0,,,,,,84162.85714285714,,,,,,77904.0,,,0,0,ALO,6.0,78716.0,77904.0,78078.0
2022,13,22.202564102564104,21.7,22.8,71.08974358974359,68.0,77.0,984.3371794871795,984.0,984.5,False,29.805128205128206,26.5,32.0,283.44871794871796,2.723076923076923,4.0,BOT,32753.071428571428,33391.8,27146.105263157893,28359.0,27812.0,21986.0,360603.0,5.0,,,,6.0,,,,,,2.75,,,,,,254.75,,,,,,257.0,,,,,,84161.625,,,,,,78157.0,,,0,0,BOT,8.0,78935.0,78445.0,78157.0
2022,13,22.202564102564104,21.7,22.8,71.08974358974359,68.0,77.0,984.3371794871795,984.0,984.5,False,29.805128205128206,26.5,32.0,283.44871794871796,2.723076923076923,4.0,GAS,32103.166666666668,33549.77777777778,29821.88888888889,28592.0,28170.0,22354.0,168781.5,2.0,,,,3.0,,,,,,2.0,,,,,,254.33333333333334,,,,,,255.0,,,,,,79899.66666666667,,,,,,79116.0,,,0,0,GAS,19.0,79527.0,,
2022,13,22.202564102564104,21.7,22.8,71.08974358974359,68.0,77.0,984.3371794871795,984.0,984.5,False,29.805128205128206,26.5,32.0,283.44871794871796,2.723076923076923,4.0,HAM,32441.6,34010.0,27195.15,28271.0,27776.0,21879.0,328309.5999999999,5.0,,,,5.0,,,,,,3.7777777777777777,,,,,,250.33333333333334,,,,,,256.0,,,,,,90588.77777777778,,,,,,78035.0,,,0,0,HAM,7.0,78374.0,78035.0,78142.0
2022,13,22.202564102564104,21.7,22.8,71.08974358974359,68.0,77.0,984.3371794871795,984.0,984.5,False,29.805128205128206,26.5,32.0,283.44871794871796,2.723076923076923,4.0,LAT,33340.875,34265.5,29680.5,28185.0,28511.0,22445.0,195319.0,1.0,,,,2.0,,,,,,3.0,,,,,,255.66666666666666,,,,,,259.0,,,,,,93100.5,,,,,,79570.0,,,0,0,LAT,20.0,79570.0,,
2022,13,22.202564102564104,21.7,22.8,71.08974358974359,68.0,77.0,984.3371794871795,984.0,984.5,False,29.805128205128206,26.5,32.0,283.44871794871796,2.723076923076923,4.0,LEC,35575.294117647056,34003.181818181816,26844.31818181818,28191.0,27553.0,21755.0,259064.0,5.0,,,,6.0,,,,,,4.090909090909091,,,,,,253.9090909090909,,,,,,256.0,,,,,,91962.54545454546,,,,,,77567.0,,,0,0,LEC,3.0,78806.0,77768.0,77567.0
2022,13,22.202564102564104,21.7,22.8,71.08974358974359,68.0,77.0,984.3371794871795,984.0,984.5,False,29.805128205128206,26.5,32.0,283.44871794871796,2.723076923076923,4.0,MAG,31299.214285714286,33962.166666666664,27070.0,28423.0,28194.0,22061.0,263525.6666666667,3.0,,,,4.0,,,,,,3.4,,,,,,255.4,,,,,,257.0,,,,,,89434.0,,,,,,78825.0,,,0,0,MAG,13.0,78993.0,78825.0,
2022,13,22.202564102564104,21.7,22.8,71.08974358974359,68.0,77.0,984.3371794871795,984.0,984.5,False,29.805128205128206,26.5,32.0,283.44871794871796,2.723076923076923,4.0,MSC,32501.916666666668,35922.0,30540.0625,28544.0,28379.0,22078.0,295596.3333333333,3.0,,,,4.0,,,,,,3.125,,,,,,254.25,,,,,,256.0,,,,,,98764.875,,,,,,79164.0,,,0,0,MSC,15.0,79164.0,79202.0,
2022,13,22.202564102564104,21.7,22.8,71.08974358974359,68.0,77.0,984.3371794871795,984.0,984.5,False,29.805128205128206,26.5,32.0,283.44871794871796,2.723076923076923,4.0,NOR,32884.07692307692,33616.42105263158,26882.833333333332,28219.0,27637.0,21856.0,353205.0000000001,5.0,,,,6.0,,,,,,2.7142857142857144,,,,,,254.71428571428572,,,,,,255.0,,,,,,85300.85714285714,,,,,,77769.0,,,0,0,NOR,4.0,78653.0,78121.0,77769.0
2022,13,22.202564102564104,21.7,22.8,71.08974358974359,68.0,77.0,984.3371794871795,984.0,984.5,False,29.805128205128206,26.5,32.0,283.44871794871796,2.723076923076923,4.0,OCO,32141.428571428572,32833.1,28585.263157894737,28339.0,27792.0,21887.0,324047.6,5.0,,,,6.0,,,,,,2.75,,,,,,255.25,,,,,,257.0,,,,,,84292.5,,,,,,78018.0,,,0,0,OCO,5.0,78866.0,78216.0,78018.0
2022,13,22.202564102564104,21.7,22.8,71.08974358974359,68.0,77.0,984.3371794871795,984.0,984.5,False,29.805128205128206,26.5,32.0,283.44871794871796,2.723076923076923,4.0,PER,33765.75,36760.125,29169.0625,28385.0,28061.0,22066.0,227762.33333333334,3.0,,,,4.0,,,,,,4.125,,,,,,254.75,,,,,,256.0,,,,,,92578.0,,,,,,78516.0,,,0,0,PER,11.0,79118.0,78516.0,
2022,13,22.202564102564104,21.7,22.8,71.08974358974359,68.0,77.0,984.3371794871795,984.0,984.5,False,29.805128205128206,26.5,32.0,283.44871794871796,2.723076923076923,4.0,RIC,30824.846153846152,33347.94736842105,27383.526315789473,28290.0,27838.0,21995.0,345313.8,5.0,,,,6.0,,,,,,2.5714285714285716,,,,,,251.57142857142858,,,,,,257.0,,,,,,81338.71428571429,,,,,,78198.0,,,0,0,RIC,9.0,78775.0,78198.0,78379.0
2022,13,22.202564102564104,21.7,22.8,71.08974358974359,68.0,77.0,984.3371794871795,984.0,984.5,False,29.805128205128206,26.5,32.0,283.44871794871796,2.723076923076923,4.0,RUS,33690.23529411765,34471.52173913043,29334.304347826088,28038.0,27428.0,21911.0,294606.20000000007,5.0,,,,6.0,,,,,,3.6363636363636362,,,,,,249.72727272727272,,,,,,258.0,,,,,,91086.27272727272,,,,,,77377.0,,,0,0,RUS,1.0,78407.0,78154.0,77377.0
2022,13,22.202564102564104,21.7,22.8,71.08974358974359,68.0,77.0,984.3371794871795,984.0,984.5,False,29.805128205128206,26.5,32.0,283.44871794871796,2.723076923076923,4.0,SAI,35930.41176470588,34709.63636363636,28035.272727272728,28012.0,27422.0,21775.0,250620.40000000008,5.0,,,,6.0,,,,,,4.090909090909091,,,,,,255.27272727272728,,,,,,256.0,,,,,,94413.45454545454,,,,,,77421.0,,,0,0,SAI,2.0,78434.0,77946.0,77421.0
2022,13,22.202564102564104,21.7,22.8,71.08974358974359,68.0,77.0,984.3371794871795,984.0,984.5,False,29.805128205128206,26.5,32.0,283.44871794871796,2.723076923076923,4.0,STR,32972.666666666664,35505.25,29568.5,28493.0,28237.0,22217.0,288176.3333333333,3.0,,,,4.0,,,,,,2.875,,,,,,243.625,,,,,,254.0,,,,,,96331.75,,,,,,79137.0,,,0,0,STR,14.0,79205.0,79137.0,
2022,13,22.202564102564104,21.7,22.8,71.08974358974359,68.0,77.0,984.3371794871795,984.0,984.5,False,29.805128205128206,26.5,32.0,283.44871794871796,2.723076923076923,4.0,TSU,30829.833333333332,32228.88888888889,30286.555555555555,28731.0,28215.0,22294.0,170692.5,2.0,,,,3.0,,,,,,2.0,,,,,,255.0,,,,,,256.0,,,,,,79908.0,,,,,,79240.0,,,0,0,TSU,16.0,79240.0,,
2022,13,22.202564102564104,21.7,22.8,71.08974358974359,68.0,77.0,984.3371794871795,984.0,984.5,False,29.805128205128206,26.5,32.0,283.44871794871796,2.723076923076923,4.0,VER,34110.86666666667,36142.57142857143,28038.0,28265.0,27509.0,21769.0,304546.0,5.0,,,,5.0,,,,,,4.4,,,,,,254.5,,,,,,256.0,,,,,,91956.7,,,,,,77703.0,,,0,0,VER,10.0,78509.0,77703.0,78823.0
2022,13,22.202564102564104,21.7,22.8,71.08974358974359,68.0,77.0,984.3371794871795,984.0,984.5,False,29.805128205128206,26.5,32.0,283.44871794871796,2.723076923076923,4.0,VET,34168.875,35042.2,29124.2,28498.0,28353.0,22399.0,244365.0,1.0,,,,2.0,,,,,,3.0,,,,,,251.0,,,,,,255.0,,,,,,96508.33333333333,,,,,,79273.0,,,0,0,VET,18.0,79273.0,,
2022,13,22.202564102564104,21.7,22.8,71.08974358974359,68.0,77.0,984.3371794871795,984.0,984.5,False,29.805128205128206,26.5,32.0,283.44871794871796,2.723076923076923,4.0,ZHO,32697.083333333332,34316.875,28997.9375,28535.0,27796.0,22082.0,313639.66666666657,3.0,,,,4.0,,,,,,2.75,,,,,,251.875,,,,,,254.0,,,,,,90532.875,,,,,,78573.0,,,0,0,ZHO,12.0,78973.0,78573.0,
2022,14,15.206666666666667,14.9,15.8,84.80952380952381,81.0,87.0,969.0371428571428,968.9,969.2,False,20.7,20.0,21.3,317.51428571428573,1.3333333333333333,2.7,ALB,33536.833333333336,53777.27777777778,34649.05882352941,30520.0,45612.0,29147.0,254677.4,5.0,,,,6.0,,,,,,3.0,,,,,,221.5,,,,,,223.0,,,,,,106124.66666666667,,,,,,105672.0,,,0,1,ALB,9.0,105672.0,105675.0,105837.0
2022,14,15.206666666666667,14.9,15.8,84.80952380952381,81.0,87.0,969.0371428571428,968.9,969.2,False,20.7,20.0,21.3,317.51428571428573,1.3333333333333333,2.7,ALO,33475.4,54684.4375,39836.2,30798.0,45166.0,29312.0,308363.2,5.0,,,,6.0,,,,,,2.0,,,,,,220.0,,,,,,220.0,,,,,,105662.75,,,,,,105368.0,,,0,1,ALO,6.0,106075.0,105552.0,105368.0
2022,14,15.206666666666667,14.9,15.8,84.80952380952381,81.0,87.0,969.0371428571428,968.9,969.2,False,20.7,20.0,21.3,317.51428571428573,1.3333333333333333,2.7,BOT,32558.666666666668,55332.2,38419.4,31021.0,45572.0,29311.0,231720.0,1.0,,,,1.0,,,,,,2.0,,,,,,219.0,,,,,,219.0,,,,,,107866.0,,,,,,107866.0,,,0,1,BOT,20.0,107866.0,,
2022,14,15.206666666666667,14.9,15.8,84.80952380952381,81.0,87.0,969.0371428571428,968.9,969.2,False,20.7,20.0,21.3,317.51428571428573,1.3333333333333333,2.7,GAS,33606.0,54157.583333333336,40908.833333333336,30954.0,45583.0,29290.0,269302.6666666667,3.0,,,,4.0,,,,,,2.75,,,,,,223.75,,,,,,224.0,,,,,,106124.75,,,,,,105827.0,,,0,1,GAS,12.0,106183.0,105827.0,
2022,14,15.206666666666667,14.9,15.8,84.80952380952381,81.0,87.0,969.0371428571428,968.9,969.2,False,20.7,20.0,21.3,317.51428571428573,1.3333333333333333,2.7,HAM,34157.642857142855,50630.1,34705.21052631579,30924.0,44954.0,29413.0,248719.8,5.0,,,,6.0,,,,,,3.125,,,,,,221.0,,,,,,224.0,,,,,,110677.75,,,,,,105420.0,,,0,1,HAM,7.0,105736.0,105420.0,105503.0
2022,14,15.206666666666667,14.9,15.8,84.80952380952381,81.0,87.0,969.0371428571428,968.9,969.2,False,20.7,20.0,21.3,317.51428571428573,1.3333333333333333,2.7,LAT,34310.25,55687.71428571428,43280.71428571428,30935.0,45799.0,29376.0,175305.5,2.0,,,,3.0,,,,,,2.0,,,,,,220.5,,,,,,221.0,,,,,,106596.0,,,,,,106401.0,,,0,1,LAT,17.0,106401.0,,
2022,14,15.206666666666667,14.9,15.8,84.80952380952381,81.0,87.0,969.0371428571428,968.9,969.2,False,20.7,20.0,21.3,317.51428571428573,1.3333333333333333,2.7,LEC,35436.22222222222,57420.92857142857,39353.61538461538,30920.0,44548.0,29071.0,423048.75,4.0,,,,4.0,,,,,,3.75,,,,,,218.75,,,,,,221.0,,,,,,105078.25,,,,,,104551.0,,,0,1,LEC,4.0,105572.0,104551.0,104553.0
2022,14,15.206666666666667,14.9,15.8,84.80952380952381,81.0,87.0,969.0371428571428,968.9,969.2,False,20.7,20.0,21.3,317.51428571428573,1.3333333333333333,2.7,MAG,35279.25,52792.0,35962.666666666664,31134.0,45704.0,29683.0,289476.0,1.0,,,,2.0,,,,,,2.0,,,,,,219.5,,,,,,221.0,,,,,,106602.5,,,,,,106557.0,,,0,1,MAG,18.0,106557.0,,
2022,14,15.206666666666667,14.9,15.8,84.80952380952381,81.0,87.0,969.0371428571428,968.9,969.2,False,20.7,20.0,21.3,317.51428571428573,1.3333333333333333,2.7,MSC,34300.333333333336,54411.61538461538,36764.0,31130.0,45584.0,29561.0,267707.6666666667,3.0,,,,3.0,,,,,,3.25,,,,,,216.0,,,,,,218.0,,,,,,107301.25,,,,,,106342.0,,,0,1,MSC,15.0,106342.0,107718.0,
2022,14,15.206666666666667,14.9,15.8,84.80952380952381,81.0,87.0,969.0371428571428,968.9,969.2,False,20.7,20.0,21.3,317.51428571428573,1.3333333333333333,2.7,NOR,34680.555555555555,55954.42857142857,40774.92857142857,30951.0,45514.0,29115.0,321996.75,4.0,,,,5.0,,,,,,2.75,,,,,,221.0,,,,,,222.0,,,,,,105939.0,,,,,,105603.0,,,0,1,NOR,10.0,105745.0,105603.0,106178.0
2022,14,15.206666666666667,14.9,15.8,84.80952380952381,81.0,87.0,969.0371428571428,968.9,969.2,False,20.7,20.0,21.3,317.51428571428573,1.3333333333333333,2.7,OCO,33786.333333333336,56083.0,38039.57142857143,30836.0,45166.0,29178.0,304966.2,5.0,,,,5.0,,,,,,2.0,,,,,,222.0,,,,,,222.0,,,,,,105564.66666666667,,,,,,105180.0,,,0,1,OCO,5.0,106039.0,105475.0,105180.0
2022,14,15.206666666666667,14.9,15.8,84.80952380952381,81.0,87.0,969.0371428571428,968.9,969.2,False,20.7,20.0,21.3,317.51428571428573,1.3333333333333333,2.7,PER,35149.5,53129.5,38856.36363636364,30628.0,44668.0,29058.0,713558.3333333334,3.0,,,,4.0,,,,,,2.0,,,,,,223.25,,,,,,224.0,,,,,,104906.25,,,,,,104462.0,,,0,1,PER,3.0,105377.0,104794.0,104462.0
2022,14,15.206666666666667,14.9,15.8,84.80952380952381,81.0,87.0,969.0371428571428,968.9,969.2,False,20.7,20.0,21.3,317.51428571428573,1.3333333333333333,2.7,RIC,35230.666666666664,53291.666666666664,40682.555555555555,30927.0,45454.0,29329.0,589112.5,2.0,,,,3.0,,,,,,2.0,,,,,,222.0,,,,,,222.0,,,,,,106004.0,,,,,,105767.0,,,0,1,RIC,11.0,106212.0,105767.0,
2022,14,15.206666666666667,14.9,15.8,84.80952380952381,81.0,87.0,969.0371428571428,968.9,969.2,False,20.7,20.0,21.3,317.51428571428573,1.3333333333333333,2.7,RUS,35179.21428571428,51959.85,38330.26315789474,31051.0,44875.0,29366.0,241527.4,5.0,,,,6.0,,,,,,3.125,,,,,,221.125,,,,,,223.0,,,,,,109595.625,,,,,,105461.0,,,0,1,RUS,8.0,105650.0,105461.0,105776.0
2022,14,15.206666666666667,14.9,15.8,84.80952380952381,81.0,87.0,969.0371428571428,968.9,969.2,False,20.7,20.0,21.3,317.51428571428573,1.3333333333333333,2.7,SAI,34159.22222222222,56324.357142857145,36697.230769230766,30590.0,44577.0,29130.0,452932.25,4.0,,,,5.0,,,,,,2.75,,,,,,221.5,,,,,,222.0,,,,,,104869.75,,,,,,104297.0,,,0,1,SAI,2.0,105050.0,105418.0,104297.0
2022,14,15.206666666666667,14.9,15.8,84.80952380952381,81.0,87.0,969.0371428571428,968.9,969.2,False,20.7,20.0,21.3,317.51428571428573,1.3333333333333333,2.7,STR,33765.25,54331.75,36653.416666666664,31246.0,45470.0,29405.0,289440.0,3.0,,,,4.0,,,,,,2.75,,,,,,221.0,,,,,,222.0,,,,,,106674.25,,,,,,106256.0,,,0,1,STR,14.0,106256.0,106611.0,
2022,14,15.206666666666667,14.9,15.8,84.80952380952381,81.0,87.0,969.0371428571428,968.9,969.2,False,20.7,20.0,21.3,317.51428571428573,1.3333333333333333,2.7,TSU,35946.75,54706.166666666664,37706.166666666664,31128.0,45878.0,29475.0,204633.0,1.0,,,,2.0,,,,,,2.0,,,,,,191.0,,,,,,222.0,,,,,,107346.0,,,,,,106692.0,,,0,1,TSU,19.0,106692.0,,
2022,14,15.206666666666667,14.9,15.8,84.80952380952381,81.0,87.0,969.0371428571428,968.9,969.2,False,20.7,20.0,21.3,317.51428571428573,1.3333333333333333,2.7,VER,33158.0,52198.77777777778,34593.555555555555,30536.0,44220.0,28909.0,977036.5,2.0,,,,3.0,,,,,,3.0,,,,,,223.0,,,,,,224.0,,,,,,104323.0,,,,,,103665.0,,,0,1,VER,1.0,104581.0,104723.0,103665.0
2022,14,15.206666666666667,14.9,15.8,84.80952380952381,81.0,87.0,969.0371428571428,968.9,969.2,False,20.7,20.0,21.3,317.51428571428573,1.3333333333333333,2.7,VET,33497.75,55358.166666666664,37644.666666666664,31109.0,45840.0,29322.0,214363.0,1.0,,,,2.0,,,,,,2.0,,,,,,223.0,,,,,,223.0,,,,,,106443.5,,,,,,106344.0,,,0,1,VET,16.0,106344.0,,
2022,14,15.206666666666667,14.9,15.8,84.80952380952381,81.0,87.0,969.0371428571428,968.9,969.2,False,20.7,20.0,21.3,317.51428571428573,1.3333333333333333,2.7,ZHO,33740.75,55504.666666666664,36214.75,31040.0,45610.0,29197.0,283536.6666666667,3.0,,,,4.0,,,,,,2.75,,,,,,215.25,,,,,,216.0,,,,,,106703.25,,,,,,106085.0,,,0,1,ZHO,13.0,106178.0,106085.0,
2022,15,26.923809523809524,26.1,27.3,30.273809523809526,29.0,32.0,1010.0369047619048,1009.9,1010.2,False,39.05952380952381,38.4,39.8,209.72619047619048,1.4595238095238097,5.0,ALB,29698.909090909092,31054.866666666665,27185.733333333334,24606.0,25238.0,21851.0,289049.5,4.0,,,,5.0,,,,,,3.4285714285714284,,,,,,307.14285714285717,,,,,,316.0,,,,,,81564.42857142857,,,,,,71695.0,,,1,2,ALB,15.0,71695.0,71802.0,
2022,15,26.923809523809524,26.1,27.3,30.273809523809526,29.0,32.0,1010.0369047619048,1009.9,1010.2,False,39.05952380952381,38.4,39.8,209.72619047619048,1.4595238095238097,5.0,ALO,28104.0,30657.81818181818,27919.0,24469.0,24952.0,21945.0,479895.6666666667,3.0,,,,4.0,,,,,,2.0,,,,,,314.0,,,,,,315.0,,,,,,71765.33333333333,,,,,,71613.0,,,1,2,ALO,13.0,71667.0,71613.0,
2022,15,26.923809523809524,26.1,27.3,30.273809523809526,29.0,32.0,1010.0369047619048,1009.9,1010.2,False,39.05952380952381,38.4,39.8,209.72619047619048,1.4595238095238097,5.0,BOT,29056.166666666668,29870.777777777777,27055.222222222223,24856.0,25106.0,21999.0,147501.5,2.0,,,,3.0,,,,,,2.0,,,,,,311.6666666666667,,,,,,314.0,,,,,,72360.33333333333,,,,,,71961.0,,,1,2,BOT,16.0,71961.0,,
2022,15,26.923809523809524,26.1,27.3,30.273809523809526,29.0,32.0,1010.0369047619048,1009.9,1010.2,False,39.05952380952381,38.4,39.8,209.72619047619048,1.4595238095238097,5.0,GAS,28427.3,28953.666666666668,27288.466666666667,24635.0,24996.0,21808.0,379581.75,4.0,,,,5.0,,,,,,2.6,,,,,,310.6,,,,,,314.0,,,,,,72101.0,,,,,,71512.0,,,1,2,GAS,11.0,71705.0,71512.0,
2022,15,26.923809523809524,26.1,27.3,30.273809523809526,29.0,32.0,1010.0369047619048,1009.9,1010.2,False,39.05952380952381,38.4,39.8,209.72619047619048,1.4595238095238097,5.0,HAM,27348.363636363636,28369.529411764706,26797.117647058825,24252.0,24574.0,21705.0,434915.0,5.0,,,,6.0,,,,,,3.0,,,,,,292.0,,,,,,314.0,,,,,,71380.0,,,,,,70648.0,,,1,2,HAM,4.0,71331.0,71075.0,70648.0
2022,15,26.923809523809524,26.1,27.3,30.273809523809526,29.0,32.0,1010.0369047619048,1009.9,1010.2,False,39.05952380952381,38.4,39.8,209.72619047619048,1.4595238095238097,5.0,LAT,27513.333333333332,33317.0,30626.4,24653.0,25871.0,22402.0,565819.0,1.0,,,,1.0,,,,,,2.0,,,,,,311.0,,,,,,311.0,,,,,,73353.0,,,,,,73353.0,,,1,2,LAT,20.0,73353.0,,
2022,15,26.923809523809524,26.1,27.3,30.273809523809526,29.0,32.0,1010.0369047619048,1009.9,1010.2,False,39.05952380952381,38.4,39.8,209.72619047619048,1.4595238095238097,5.0,LEC,30416.30769230769,29431.444444444445,26306.777777777777,24155.0,24569.0,21461.0,549725.75,4.0,,,,5.0,,,,,,3.5,,,,,,292.25,,,,,,317.0,,,,,,81361.625,,,,,,70363.0,,,1,2,LEC,2.0,71443.0,70988.0,70363.0
2022,15,26.923809523809524,26.1,27.3,30.273809523809526,29.0,32.0,1010.0369047619048,1009.9,1010.2,False,39.05952380952381,38.4,39.8,209.72619047619048,1.4595238095238097,5.0,MAG,31223.285714285714,32534.88888888889,26655.222222222223,24742.0,25183.0,22034.0,259397.0,1.0,,,,2.0,,,,,,3.2,,,,,,296.2,,,,,,317.0,,,,,,90644.8,,,,,,72041.0,,,1,2,MAG,18.0,72319.0,,
2022,15,26.923809523809524,26.1,27.3,30.273809523809526,29.0,32.0,1010.0369047619048,1009.9,1010.2,False,39.05952380952381,38.4,39.8,209.72619047619048,1.4595238095238097,5.0,MSC,28371.0,30939.5,26185.75,24467.0,25062.0,21751.0,432904.6000000001,5.0,,,,6.0,,,,,,3.3333333333333335,,,,,,299.3333333333333,,,,,,317.0,,,,,,82289.11111111111,,,,,,71420.0,,,1,2,MSC,8.0,71741.0,71420.0,71442.0
2022,15,26.923809523809524,26.1,27.3,30.273809523809526,29.0,32.0,1010.0369047619048,1009.9,1010.2,False,39.05952380952381,38.4,39.8,209.72619047619048,1.4595238095238097,5.0,NOR,27239.454545454544,28937.117647058825,27342.470588235294,24281.0,25003.0,21693.0,429382.0,5.0,,,,6.0,,,,,,2.5,,,,,,310.5,,,,,,314.0,,,,,,71601.16666666667,,,,,,71116.0,,,1,2,NOR,7.0,71556.0,71116.0,71174.0
2022,15,26.923809523809524,26.1,27.3,30.273809523809526,29.0,32.0,1010.0369047619048,1009.9,1010.2,False,39.05952380952381,38.4,39.8,209.72619047619048,1.4595238095238097,5.0,OCO,27724.25,30504.916666666668,28074.333333333332,24806.0,24835.0,21890.0,437910.3333333333,3.0,,,,4.0,,,,,,2.0,,,,,,312.5,,,,,,314.0,,,,,,71913.5,,,,,,71605.0,,,1,2,OCO,12.0,71748.0,71605.0,
2022,15,26.923809523809524,26.1,27.3,30.273809523809526,29.0,32.0,1010.0369047619048,1009.9,1010.2,False,39.05952380952381,38.4,39.8,209.72619047619048,1.4595238095238097,5.0,PER,30513.5,29812.5,29100.055555555555,24165.0,24872.0,21765.0,416870.79999999993,5.0,,,,6.0,,,,,,3.4285714285714284,,,,,,292.7142857142857,,,,,,318.0,,,,,,88681.0,,,,,,71077.0,,,1,2,PER,5.0,71641.0,71314.0,71077.0
2022,15,26.923809523809524,26.1,27.3,30.273809523809526,29.0,32.0,1010.0369047619048,1009.9,1010.2,False,39.05952380952381,38.4,39.8,209.72619047619048,1.4595238095238097,5.0,RIC,29724.666666666668,30894.375,28927.0,24604.0,25147.0,22183.0,194294.0,1.0,,,,2.0,,,,,,2.75,,,,,,296.5,,,,,,311.0,,,,,,88146.5,,,,,,72081.0,,,1,2,RIC,17.0,72081.0,,
2022,15,26.923809523809524,26.1,27.3,30.273809523809526,29.0,32.0,1010.0369047619048,1009.9,1010.2,False,39.05952380952381,38.4,39.8,209.72619047619048,1.4595238095238097,5.0,RUS,28142.363636363636,29762.235294117647,26967.117647058825,24278.0,24759.0,21665.0,433267.4,5.0,,,,6.0,,,,,,3.0,,,,,,304.8333333333333,,,,,,314.0,,,,,,71298.66666666667,,,,,,70824.0,,,1,2,RUS,6.0,71561.0,70824.0,71147.0
2022,15,26.923809523809524,26.1,27.3,30.273809523809526,29.0,32.0,1010.0369047619048,1009.9,1010.2,False,39.05952380952381,38.4,39.8,209.72619047619048,1.4595238095238097,5.0,SAI,29692.5,30484.0,27931.777777777777,24176.0,24627.0,21631.0,429522.2,5.0,,,,6.0,,,,,,3.1666666666666665,,,,,,287.5,,,,,,318.0,,,,,,77209.16666666667,,,,,,70434.0,,,1,2,SAI,3.0,71767.0,70814.0,70434.0
2022,15,26.923809523809524,26.1,27.3,30.273809523809526,29.0,32.0,1010.0369047619048,1009.9,1010.2,False,39.05952380952381,38.4,39.8,209.72619047619048,1.4595238095238097,5.0,STR,29698.4,31653.35714285714,28889.14285714286,24321.0,25095.0,21848.0,433311.0,3.0,,,,3.0,,,,,,3.0,,,,,,300.3333333333333,,,,,,312.0,,,,,,86230.16666666667,,,,,,71416.0,,,1,2,STR,10.0,71568.0,71416.0,
2022,15,26.923809523809524,26.1,27.3,30.273809523809526,29.0,32.0,1010.0369047619048,1009.9,1010.2,False,39.05952380952381,38.4,39.8,209.72619047619048,1.4595238095238097,5.0,TSU,27532.30769230769,28008.3,27708.8,24519.0,24772.0,21994.0,367172.1666666667,6.0,,,,7.0,,,,,,2.857142857142857,,,,,,307.2857142857143,,,,,,313.0,,,,,,72305.28571428571,,,,,,71427.0,,,1,2,TSU,9.0,71427.0,71428.0,72556.0
2022,15,26.923809523809524,26.1,27.3,30.273809523809526,29.0,32.0,1010.0369047619048,1009.9,1010.2,False,39.05952380952381,38.4,39.8,209.72619047619048,1.4595238095238097,5.0,VER,28036.25,28848.833333333332,25828.333333333332,24229.0,24556.0,21557.0,925942.3333333334,3.0,,,,4.0,,,,,,2.75,,,,,,317.25,,,,,,321.0,,,,,,70775.25,,,,,,70342.0,,,1,2,VER,1.0,71317.0,70927.0,70342.0
2022,15,26.923809523809524,26.1,27.3,30.273809523809526,29.0,32.0,1010.0369047619048,1009.9,1010.2,False,39.05952380952381,38.4,39.8,209.72619047619048,1.4595238095238097,5.0,VET,37996.166666666664,29639.0,29914.375,24285.0,25214.0,22158.0,91982.0,2.0,,,,2.0,,,,,,3.6666666666666665,,,,,,308.6666666666667,,,,,,310.0,,,,,,96267.66666666667,,,,,,72391.0,,,1,2,VET,19.0,72391.0,,
2022,15,26.923809523809524,26.1,27.3,30.273809523809526,29.0,32.0,1010.0369047619048,1009.9,1010.2,False,39.05952380952381,38.4,39.8,209.72619047619048,1.4595238095238097,5.0,ZHO,27974.8,29388.133333333335,27506.666666666668,24606.0,25067.0,21954.0,365779.5,4.0,,,,5.0,,,,,,2.6,,,,,,310.6,,,,,,313.0,,,,,,72107.2,,,,,,71704.0,,,1,2,ZHO,14.0,71826.0,71704.0,
2022,16,27.607692307692307,26.9,28.0,34.705128205128204,32.0,38.0,990.775641025641,990.5,991.2,False,40.264102564102565,37.6,41.2,185.2948717948718,1.0397435897435896,2.2,ALO,30252.090909090908,31648.764705882353,34319.0625,27134.0,27506.0,27071.0,317872.2,5.0,,,,6.0,,,,,,2.6,,,,,,307.0,,,,,,308.0,,,,,,81963.0,,,,,,81829.0,,,0,1,ALO,10.0,82089.0,81861.0,
2022,16,27.607692307692307,26.9,28.0,34.705128205128204,32.0,38.0,990.775641025641,990.5,991.2,False,40.264102564102565,37.6,41.2,185.2948717948718,1.0397435897435896,2.2,BOT,30607.0,32327.416666666668,34077.083333333336,27027.0,27765.0,27311.0,308885.33333333343,3.0,,,,4.0,,,,,,2.75,,,,,,307.75,,,,,,310.0,,,,,,82454.5,,,,,,82235.0,,,0,1,BOT,12.0,82254.0,82235.0,
2022,16,27.607692307692307,26.9,28.0,34.705128205128204,32.0,38.0,990.775641025641,990.5,991.2,False,40.264102564102565,37.6,41.2,185.2948717948718,1.0397435897435896,2.2,DEV,31460.666666666668,32344.153846153848,33937.153846153844,27068.0,27661.0,27264.0,328120.3333333333,3.0,,,,3.0,,,,,,2.6,,,,,,310.2,,,,,,312.0,,,,,,90748.0,,,,,,82176.0,,,0,1,DEV,13.0,82567.0,82471.0,
2022,16,27.607692307692307,26.9,28.0,34.705128205128204,32.0,38.0,990.775641025641,990.5,991.2,False,40.264102564102565,37.6,41.2,185.2948717948718,1.0397435897435896,2.2,GAS,30092.5,31569.5,33472.470588235294,27075.0,27588.0,27131.0,303024.00000000006,5.0,,,,6.0,,,,,,2.5,,,,,,304.6666666666667,,,,,,307.0,,,,,,82232.66666666667,,,,,,81910.0,,,0,1,GAS,9.0,82010.0,82062.0,82648.0
2022,16,27.607692307692307,26.9,28.0,34.705128205128204,32.0,38.0,990.775641025641,990.5,991.2,False,40.264102564102565,37.6,41.2,185.2948717948718,1.0397435897435896,2.2,HAM,29950.0,30724.823529411766,33098.4375,27022.0,27419.0,27083.0,371903.00000000006,5.0,,,,6.0,,,,,,3.8,,,,,,309.2,,,,,,311.0,,,,,,82017.2,,,,,,81524.0,,,0,1,HAM,5.0,82048.0,81708.0,81524.0
2022,16,27.607692307692307,26.9,28.0,34.705128205128204,32.0,38.0,990.775641025641,990.5,991.2,False,40.264102564102565,37.6,41.2,185.2948717948718,1.0397435897435896,2.2,LAT,35193.2,34612.0,34616.57142857143,27045.0,27982.0,27560.0,205239.0,1.0,,,,1.0,,,,,,3.0,,,,,,310.6666666666667,,,,,,311.0,,,,,,95879.66666666667,,,,,,82587.0,,,0,1,LAT,16.0,82587.0,,
2022,16,27.607692307692307,26.9,28.0,34.705128205128204,32.0,38.0,990.775641025641,990.5,991.2,False,40.264102564102565,37.6,41.2,185.2948717948718,1.0397435897435896,2.2,LEC,31814.555555555555,33553.53846153846,34066.769230769234,26733.0,26875.0,26553.0,721046.0,3.0,,,,4.0,,,,,,3.3333333333333335,,,,,,268.5,,,,,,314.0,,,,,,93099.33333333333,,,,,,80161.0,,,0,1,LEC,1.0,81280.0,81208.0,80161.0
2022,16,27.607692307692307,26.9,28.0,34.705128205128204,32.0,38.0,990.775641025641,990.5,991.2,False,40.264102564102565,37.6,41.2,185.2948717948718,1.0397435897435896,2.2,MAG,30445.625,31822.7,32150.4,27443.0,27582.0,27346.0,212400.0,1.0,,,,2.0,,,,,,3.0,,,,,,303.5,,,,,,305.0,,,,,,91206.0,,,,,,82399.0,,,0,1,MAG,19.0,82908.0,,
2022,16,27.607692307692307,26.9,28.0,34.705128205128204,32.0,38.0,990.775641025641,990.5,991.2,False,40.264102564102565,37.6,41.2,185.2948717948718,1.0397435897435896,2.2,MSC,31341.571428571428,32399.0,34667.444444444445,27797.0,27568.0,27602.0,216107.0,1.0,,,,2.0,,,,,,2.8,,,,,,302.4,,,,,,303.0,,,,,,92140.2,,,,,,83005.0,,,0,1,MSC,20.0,83005.0,,
2022,16,27.607692307692307,26.9,28.0,34.705128205128204,32.0,38.0,990.775641025641,990.5,991.2,False,40.264102564102565,37.6,41.2,185.2948717948718,1.0397435897435896,2.2,NOR,30625.69230769231,31716.0,32070.0,27060.0,27583.0,26941.0,331438.6,5.0,,,,6.0,,,,,,2.857142857142857,,,,,,307.7142857142857,,,,,,310.0,,,,,,86926.0,,,,,,81584.0,,,0,1,NOR,7.0,82130.0,81831.0,81584.0
2022,16,27.607692307692307,26.9,28.0,34.705128205128204,32.0,38.0,990.775641025641,990.5,991.2,False,40.264102564102565,37.6,41.2,185.2948717948718,1.0397435897435896,2.2,OCO,30126.75,32498.916666666668,35972.818181818184,27093.0,27517.0,27283.0,311861.6666666667,3.0,,,,4.0,,,,,,2.75,,,,,,307.5,,,,,,309.0,,,,,,82153.5,,,,,,82130.0,,,0,1,OCO,11.0,82166.0,82130.0,
2022,16,27.607692307692307,26.9,28.0,34.705128205128204,32.0,38.0,990.775641025641,990.5,991.2,False,40.264102564102565,37.6,41.2,185.2948717948718,1.0397435897435896,2.2,PER,31618.727272727272,31619.533333333333,32813.28571428572,27208.0,27179.0,26771.0,696467.0,3.0,,,,4.0,,,,,,2.857142857142857,,,,,,299.0,,,,,,309.0,,,,,,92397.0,,,,,,81206.0,,,0,1,PER,4.0,81495.0,81358.0,81206.0
2022,16,27.607692307692307,26.9,28.0,34.705128205128204,32.0,38.0,990.775641025641,990.5,991.2,False,40.264102564102565,37.6,41.2,185.2948717948718,1.0397435897435896,2.2,RIC,29751.571428571428,31862.1,33291.94736842105,27095.0,27669.0,27030.0,312065.2,5.0,,,,6.0,,,,,,2.75,,,,,,306.5,,,,,,310.0,,,,,,85995.625,,,,,,81855.0,,,0,1,RIC,8.0,82139.0,81855.0,81925.0
2022,16,27.607692307692307,26.9,28.0,34.705128205128204,32.0,38.0,990.775641025641,990.5,991.2,False,40.264102564102565,37.6,41.2,185.2948717948718,1.0397435897435896,2.2,RUS,29932.363636363636,31934.41176470588,33466.6875,27063.0,27527.0,26852.0,349718.2,5.0,,,,5.0,,,,,,2.6,,,,,,309.0,,,,,,310.0,,,,,,81760.0,,,,,,81542.0,,,0,1,RUS,6.0,81785.0,81747.0,81542.0
2022,16,27.607692307692307,26.9,28.0,34.705128205128204,32.0,38.0,990.775641025641,990.5,991.2,False,40.264102564102565,37.6,41.2,185.2948717948718,1.0397435897435896,2.2,SAI,32634.125,32681.833333333332,35939.0,26721.0,27055.0,26524.0,758890.6666666666,3.0,,,,4.0,,,,,,2.8,,,,,,264.0,,,,,,314.0,,,,,,88932.8,,,,,,80429.0,,,0,1,SAI,3.0,81348.0,80878.0,80429.0
2022,16,27.607692307692307,26.9,28.0,34.705128205128204,32.0,38.0,990.775641025641,990.5,991.2,False,40.264102564102565,37.6,41.2,185.2948717948718,1.0397435897435896,2.2,STR,30246.666666666668,30564.88888888889,34372.444444444445,27251.0,27950.0,27538.0,181008.0,2.0,,,,3.0,,,,,,2.0,,,,,,308.0,,,,,,310.0,,,,,,83325.33333333333,,,,,,82748.0,,,0,1,STR,18.0,82748.0,,
2022,16,27.607692307692307,26.9,28.0,34.705128205128204,32.0,38.0,990.775641025641,990.5,991.2,False,40.264102564102565,37.6,41.2,185.2948717948718,1.0397435897435896,2.2,TSU,28970.75,31321.333333333332,32567.333333333332,27156.0,27549.0,27315.0,149939.0,1.0,,,,2.0,,,,,,2.0,,,,,,305.5,,,,,,307.0,,,,,,82391.0,,,,,,82020.0,,,0,1,TSU,15.0,82020.0,,
2022,16,27.607692307692307,26.9,28.0,34.705128205128204,32.0,38.0,990.775641025641,990.5,991.2,False,40.264102564102565,37.6,41.2,185.2948717948718,1.0397435897435896,2.2,VER,32095.636363636364,33424.933333333334,33887.86666666667,26918.0,26813.0,26575.0,685824.3333333334,3.0,,,,4.0,,,,,,3.7142857142857144,,,,,,274.2857142857143,,,,,,311.0,,,,,,90151.42857142857,,,,,,80306.0,,,0,1,VER,2.0,80922.0,81265.0,80306.0
2022,16,27.607692307692307,26.9,28.0,34.705128205128204,32.0,38.0,990.775641025641,990.5,991.2,False,40.264102564102565,37.6,41.2,185.2948717948718,1.0397435897435896,2.2,VET,32783.6,33238.142857142855,35153.28571428572,27233.0,27765.0,27638.0,349527.0,1.0,,,,2.0,,,,,,2.3333333333333335,,,,,,296.0,,,,,,308.0,,,,,,96048.0,,,,,,82636.0,,,0,1,VET,17.0,82636.0,,
2022,16,27.607692307692307,26.9,28.0,34.705128205128204,32.0,38.0,990.775641025641,990.5,991.2,False,40.264102564102565,37.6,41.2,185.2948717948718,1.0397435897435896,2.2,ZHO,30666.75,32149.083333333332,34371.333333333336,27068.0,27652.0,27283.0,306144.00000000006,3.0,,,,4.0,,,,,,2.75,,,,,,309.0,,,,,,311.0,,,,,,82422.0,,,,,,82003.0,,,0,1,ZHO,14.0,82003.0,82577.0,
2022,17,26.847500000000004,26.4,27.2,81.4125,80.0,84.0,1009.14375,1008.5,1009.7,False,27.783749999999998,26.7,28.6,174.7125,0.7075,1.5,ALB,36452.166666666664,50420.71428571428,47281.666666666664,30493.0,45748.0,40744.0,140903.0,1.0,,2.0,,,,,,2.3333333333333335,,,,,,240.66666666666666,,,,,,244.0,,,,,,118515.0,,,,,,116985.0,,,,,0,6,ALB,19.0,116985.0,,
2022,17,26.847500000000004,26.4,27.2,81.4125,80.0,84.0,1009.14375,1008.5,1009.7,False,27.783749999999998,26.7,28.6,174.7125,0.7075,1.5,ALO,34177.0,49282.13043478261,45749.0,29388.0,41723.0,38855.0,224776.0,3.0,,3.0,,4.0,,,,3.8,,4.0,,,,243.1,,247.2,,,,246.0,,248.0,,,,123800.0,,117302.8,,,,113127.0,,109966.0,,,0,6,ALO,5.0,115360.0,113127.0,109966.0
2022,17,26.847500000000004,26.4,27.2,81.4125,80.0,84.0,1009.14375,1008.5,1009.7,False,27.783749999999998,26.7,28.6,174.7125,0.7075,1.5,BOT,32628.0,50268.71428571428,46736.142857142855,30640.0,45020.0,40423.0,,,,1.0,,,,,,4.0,,,,,,239.0,,,,,,242.0,,,,,,117728.25,,,,,,116083.0,,,,,0,6,BOT,16.0,116083.0,,
2022,17,26.847500000000004,26.4,27.2,81.4125,80.0,84.0,1009.14375,1008.5,1009.7,False,27.783749999999998,26.7,28.6,174.7125,0.7075,1.5,GAS,38150.619047619046,49198.75,46457.913043478264,29550.0,42310.0,39351.0,187292.5,4.0,,4.0,,5.0,,,,3.0,,4.0,,,,240.77777777777777,,246.4,,,,245.0,,251.0,,,,122166.77777777778,,122535.0,,,,113546.0,,111211.0,,,0,6,GAS,7.0,115606.0,113546.0,111211.0
2022,17,26.847500000000004,26.4,27.2,81.4125,80.0,84.0,1009.14375,1008.5,1009.7,False,27.783749999999998,26.7,28.6,174.7125,0.7075,1.5,HAM,34340.25,47436.086956521736,45007.260869565216,29169.0,41186.0,39111.0,234648.25,4.0,,4.0,,5.0,,,,3.0,,4.5,,,,245.11111111111111,,214.83333333333334,,,,246.0,,251.0,,,,125063.44444444444,,119056.16666666667,,,,112691.0,,109466.0,,,0,6,HAM,3.0,113161.0,112691.0,109466.0
2022,17,26.847500000000004,26.4,27.2,81.4125,80.0,84.0,1009.14375,1008.5,1009.7,False,27.783749999999998,26.7,28.6,174.7125,0.7075,1.5,LAT,36632.42857142857,49816.0,49546.375,30674.0,46091.0,40767.0,30549.0,1.0,,2.0,,,,,,2.75,,,,,,239.25,,,,,,242.0,,,,,,125192.25,,,,,,117532.0,,,,,0,6,LAT,20.0,117532.0,,
2022,17,26.847500000000004,26.4,27.2,81.4125,80.0,84.0,1009.14375,1008.5,1009.7,False,27.783749999999998,26.7,28.6,174.7125,0.7075,1.5,LEC,33012.0,49902.85,47322.45,29095.0,41554.0,38419.0,310085.3333333333,3.0,,3.0,,4.0,,,,3.1666666666666665,,3.5,,,,244.5,,248.5,,,,246.0,,252.0,,,,120221.66666666667,,117896.5,,,,112343.0,,109412.0,,,0,6,LEC,1.0,114129.0,112343.0,109412.0
2022,17,26.847500000000004,26.4,27.2,81.4125,80.0,84.0,1009.14375,1008.5,1009.7,False,27.783749999999998,26.7,28.6,174.7125,0.7075,1.5,MAG,36292.31578947369,49973.217391304344,46335.59090909091,29559.0,42412.0,39602.0,141736.2,5.0,,4.0,,6.0,,,,4.0,,3.0,,,,241.42857142857142,,248.0,,,,244.0,,249.0,,,,121335.85714285714,,114377.66666666667,,,,114006.0,,111573.0,,,0,6,MAG,9.0,115103.0,114006.0,111573.0
2022,17,26.847500000000004,26.4,27.2,81.4125,80.0,84.0,1009.14375,1008.5,1009.7,False,27.783749999999998,26.7,28.6,174.7125,0.7075,1.5,MSC,35219.53846153846,50593.125,49742.125,30101.0,44481.0,39610.0,107782.66666666667,3.0,,4.0,,,,,,4.333333333333333,,,,,,239.16666666666666,,,,,,243.0,,,,,,125149.16666666667,,,,,,114370.0,,,,,0,6,MSC,13.0,115736.0,114370.0,
2022,17,26.847500000000004,26.4,27.2,81.4125,80.0,84.0,1009.14375,1008.5,1009.7,False,27.783749999999998,26.7,28.6,174.7125,0.7075,1.5,NOR,33792.42857142857,49436.25,45141.608695652176,29312.0,42141.0,39131.0,230440.66666666666,3.0,,3.0,,4.0,,,,4.3,,4.0,,,,240.1,,243.0,,,,244.0,,251.0,,,,123333.2,,117938.4,,,,113942.0,,110584.0,,,0,6,NOR,6.0,115914.0,113942.0,110584.0
2022,17,26.847500000000004,26.4,27.2,81.4125,80.0,84.0,1009.14375,1008.5,1009.7,False,27.783749999999998,26.7,28.6,174.7125,0.7075,1.5,OCO,33454.375,49144.333333333336,42902.5,30589.0,45470.0,40213.0,,,,1.0,,,,,,5.0,,,,,,238.71428571428572,,,,,,241.0,,,,,,124216.85714285714,,,,,,116337.0,,,,,0,6,OCO,18.0,116337.0,,
2022,17,26.847500000000004,26.4,27.2,81.4125,80.0,84.0,1009.14375,1008.5,1009.7,False,27.783749999999998,26.7,28.6,174.7125,0.7075,1.5,PER,33626.375,49170.84210526316,48035.94736842105,28940.0,41455.0,39039.0,360488.3333333333,3.0,,2.0,,4.0,,,,3.5,,4.5,,,,244.5,,218.5,,,,247.0,,253.0,,,,114737.75,,120534.66666666667,,,,112818.0,,109434.0,,,0,6,PER,2.0,114404.0,112818.0,109434.0
2022,17,26.847500000000004,26.4,27.2,81.4125,80.0,84.0,1009.14375,1008.5,1009.7,False,27.783749999999998,26.7,28.6,174.7125,0.7075,1.5,RIC,36718.625,49939.555555555555,50984.22222222222,30592.0,45297.0,40337.0,71729.0,1.0,,2.0,,,,,,2.8,,,,,,243.2,,,,,,246.0,,,,,,126031.4,,,,,,116226.0,,,,,0,6,RIC,17.0,116226.0,,
2022,17,26.847500000000004,26.4,27.2,81.4125,80.0,84.0,1009.14375,1008.5,1009.7,False,27.783749999999998,26.7,28.6,174.7125,0.7075,1.5,RUS,35295.13333333333,47867.23529411765,44443.4375,30118.0,43960.0,39600.0,174010.66666666666,3.0,,4.0,,,,,,2.909090909090909,,,,,,245.0,,,,,,248.0,,,,,,124537.72727272728,,,,,,114012.0,,,,,0,6,RUS,11.0,114633.0,114012.0,
2022,17,26.847500000000004,26.4,27.2,81.4125,80.0,84.0,1009.14375,1008.5,1009.7,False,27.783749999999998,26.7,28.6,174.7125,0.7075,1.5,SAI,32814.94736842105,47035.045454545456,47608.71428571428,28961.0,41463.0,39159.0,288986.0,3.0,,3.0,,4.0,,,,3.5,,4.0,,,,244.5,,250.0,,,,249.0,,252.0,,,,124643.0,,114273.0,,,,113219.0,,109583.0,,,0,6,SAI,4.0,114559.0,113219.0,109583.0
2022,17,26.847500000000004,26.4,27.2,81.4125,80.0,84.0,1009.14375,1008.5,1009.7,False,27.783749999999998,26.7,28.6,174.7125,0.7075,1.5,STR,39900.307692307695,49758.666666666664,50932.142857142855,30113.0,43665.0,39621.0,155430.33333333326,3.0,,3.0,,4.0,,,,2.75,,2.5,,,,240.25,,244.5,,,,244.0,,247.0,,,,123567.0,,117489.0,,,,114211.0,,115272.0,,,0,6,STR,12.0,115629.0,114211.0,
2022,17,26.847500000000004,26.4,27.2,81.4125,80.0,84.0,1009.14375,1008.5,1009.7,False,27.783749999999998,26.7,28.6,174.7125,0.7075,1.5,TSU,39437.0,50275.95652173913,47113.045454545456,29452.0,42774.0,39727.0,165976.9999999999,5.0,,5.0,,6.0,,,,3.111111111111111,,2.5,,,,241.33333333333334,,249.0,,,,244.0,,250.0,,,,125850.33333333333,,115127.5,,,,113848.0,,111983.0,,,0,6,TSU,10.0,115314.0,113848.0,111983.0
2022,17,26.847500000000004,26.4,27.2,81.4125,80.0,84.0,1009.14375,1008.5,1009.7,False,27.783749999999998,26.7,28.6,174.7125,0.7075,1.5,VER,32713.4375,48367.85,49152.94736842105,28802.0,41274.0,39164.0,244048.0,4.0,,3.0,,5.0,,,,3.2,,4.0,,,,244.2,,250.6,,,,247.0,,252.0,,,,121492.4,,115067.2,,,,112723.0,,111395.0,,,0,6,VER,8.0,113057.0,112723.0,111395.0
2022,17,26.847500000000004,26.4,27.2,81.4125,80.0,84.0,1009.14375,1008.5,1009.7,False,27.783749999999998,26.7,28.6,174.7125,0.7075,1.5,VET,37293.846153846156,49637.333333333336,48547.13333333333,30178.0,44207.0,39605.0,130576.0,3.0,,3.0,,4.0,,,,4.6,,2.0,,,,240.4,,245.0,,,,241.0,,245.0,,,,121489.8,,126389.0,,,,114380.0,,126389.0,,,0,6,VET,14.0,115602.0,114380.0,
2022,17,26.847500000000004,26.4,27.2,81.4125,80.0,84.0,1009.14375,1008.5,1009.7,False,27.783749999999998,26.7,28.6,174.7125,0.7075,1.5,ZHO,35911.5,51944.07142857143,48279.42857142857,30536.0,45174.0,39631.0,157151.5,2.0,,2.0,,,,,,3.6666666666666665,,,,,,243.0,,,,,,245.0,,,,,,116475.5,,,,,,115375.0,,,,,0,6,ZHO,15.0,115375.0,115518.0,
2022,18,19.896103896103895,19.6,20.3,57.467532467532465,56.0,59.0,1014.7246753246753,1014.5,1015.0,False,26.497402597402598,25.7,27.1,318.7792207792208,2.644155844155844,4.0,ALB,37644.25,46132.0,24691.166666666668,32089.0,41030.0,18172.0,195689.0,1.0,,,,2.0,,,,,,2.0,,,,,,266.5,,,,,,267.0,,,,,,91449.5,,,,,,91311.0,,,0,0,ALB,16.0,91311.0,,
2022,18,19.896103896103895,19.6,20.3,57.467532467532465,56.0,59.0,1014.7246753246753,1014.5,1015.0,False,26.497402597402598,25.7,27.1,318.7792207792208,2.644155844155844,4.0,ALO,37273.4,48365.0,23767.8,31455.0,40707.0,18029.0,419108.75,4.0,,,,5.0,,,,,,2.0,,,,,,263.2,,,,,,264.0,,,,,,90471.6,,,,,,90322.0,,,0,0,ALO,7.0,90603.0,90343.0,90322.0
2022,18,19.896103896103895,19.6,20.3,57.467532467532465,56.0,59.0,1014.7246753246753,1014.5,1015.0,False,26.497402597402598,25.7,27.1,318.7792207792208,2.644155844155844,4.0,BOT,37139.625,48596.833333333336,24380.25,31711.0,40981.0,18005.0,283092.0,3.0,,,,4.0,,,,,,2.0,,,,,,264.25,,,,,,266.0,,,,,,91031.0,,,,,,90709.0,,,0,0,BOT,12.0,91226.0,90709.0,
2022,18,19.896103896103895,19.6,20.3,57.467532467532465,56.0,59.0,1014.7246753246753,1014.5,1015.0,False,26.497402597402598,25.7,27.1,318.7792207792208,2.644155844155844,4.0,GAS,36777.333333333336,47464.0,22416.666666666668,31863.0,41228.0,18196.0,126978.0,2.0,,,,3.0,,,,,,2.0,,,,,,263.0,,,,,,264.0,,,,,,91763.66666666667,,,,,,91322.0,,,0,0,GAS,17.0,91322.0,,
2022,18,19.896103896103895,19.6,20.3,57.467532467532465,56.0,59.0,1014.7246753246753,1014.5,1015.0,False,26.497402597402598,25.7,27.1,318.7792207792208,2.644155844155844,4.0,HAM,36101.857142857145,46163.7,25199.45,31321.0,40766.0,18067.0,266151.79999999993,5.0,,,1.0,6.0,,,,,2.0,2.857142857142857,,,,,263.0,262.7142857142857,,,,,263.0,263.0,,,,,91891.0,98232.85714285714,,,,,91891.0,90261.0,,,0,0,HAM,6.0,90906.0,90443.0,90261.0
2022,18,19.896103896103895,19.6,20.3,57.467532467532465,56.0,59.0,1014.7246753246753,1014.5,1015.0,False,26.497402597402598,25.7,27.1,318.7792207792208,2.644155844155844,4.0,LAT,39067.4,46010.75,21740.75,32311.0,41170.0,18030.0,171379.0,2.0,,,,3.0,,,,,,2.0,,,,,,266.5,,,,,,267.0,,,,,,91765.0,,,,,,91511.0,,,0,0,LAT,20.0,91511.0,,
2022,18,19.896103896103895,19.6,20.3,57.467532467532465,56.0,59.0,1014.7246753246753,1014.5,1015.0,False,26.497402597402598,25.7,27.1,318.7792207792208,2.644155844155844,4.0,LEC,37871.375,47729.666666666664,23358.5,31149.0,40166.0,17942.0,681162.6666666666,3.0,,,,4.0,,,,,,2.8,,,,,,228.8,,,,,,265.0,,,,,,97165.0,,,,,,89314.0,,,0,0,LEC,2.0,90402.0,90486.0,89314.0
2022,18,19.896103896103895,19.6,20.3,57.467532467532465,56.0,59.0,1014.7246753246753,1014.5,1015.0,False,26.497402597402598,25.7,27.1,318.7792207792208,2.644155844155844,4.0,MAG,34738.5,47866.833333333336,23235.5,31765.0,41227.0,18360.0,228122.0,1.0,,,,2.0,,,,,,2.0,,,,,,261.5,,,,,,262.0,,,,,,91579.5,,,,,,91352.0,,,0,0,MAG,18.0,91352.0,,
2022,18,19.896103896103895,19.6,20.3,57.467532467532465,56.0,59.0,1014.7246753246753,1014.5,1015.0,False,26.497402597402598,25.7,27.1,318.7792207792208,2.644155844155844,4.0,MSC,34765.75,48842.25,25382.25,31745.0,41082.0,18295.0,297236.0,3.0,,,,4.0,,,,,,2.0,,,,,,261.0,,,,,,263.0,,,,,,91589.75,,,,,,91152.0,,,0,0,MSC,15.0,91152.0,91439.0,
2022,18,19.896103896103895,19.6,20.3,57.467532467532465,56.0,59.0,1014.7246753246753,1014.5,1015.0,False,26.497402597402598,25.7,27.1,318.7792207792208,2.644155844155844,4.0,NOR,37188.083333333336,49199.88888888889,23853.722222222223,31427.0,40987.0,18029.0,285204.6000000001,5.0,,,,5.0,,,,,,2.1666666666666665,,,,,,262.6666666666667,,,,,,264.0,,,,,,98191.5,,,,,,90473.0,,,0,0,NOR,10.0,90881.0,90473.0,91003.0
2022,18,19.896103896103895,19.6,20.3,57.467532467532465,56.0,59.0,1014.7246753246753,1014.5,1015.0,False,26.497402597402598,25.7,27.1,318.7792207792208,2.644155844155844,4.0,OCO,36052.166666666664,47957.77777777778,25626.222222222223,31333.0,40786.0,18046.0,255719.1999999999,5.0,,,,6.0,,,,,,2.5,,,,,,264.8333333333333,,,,,,266.0,,,,,,90633.83333333333,,,,,,90165.0,,,0,0,OCO,5.0,90696.0,90357.0,90165.0
2022,18,19.896103896103895,19.6,20.3,57.467532467532465,56.0,59.0,1014.7246753246753,1014.5,1015.0,False,26.497402597402598,25.7,27.1,318.7792207792208,2.644155844155844,4.0,PER,37305.0,49647.53333333333,23913.333333333332,31373.0,40433.0,17903.0,443077.7499999999,4.0,,,,5.0,,,,,,2.6,,,,,,265.2,,,,,,266.0,,,,,,90190.4,,,,,,89709.0,,,0,0,PER,4.0,90622.0,89925.0,89709.0
2022,18,19.896103896103895,19.6,20.3,57.467532467532465,56.0,59.0,1014.7246753246753,1014.5,1015.0,False,26.497402597402598,25.7,27.1,318.7792207792208,2.644155844155844,4.0,RIC,36118.0,47040.545454545456,25491.090909090908,31565.0,40938.0,18156.0,356870.3333333333,3.0,,,,4.0,,,,,,2.0,,,,,,259.6666666666667,,,,,,263.0,,,,,,90839.33333333333,,,,,,90659.0,,,0,0,RIC,11.0,90880.0,90659.0,
2022,18,19.896103896103895,19.6,20.3,57.467532467532465,56.0,59.0,1014.7246753246753,1014.5,1015.0,False,26.497402597402598,25.7,27.1,318.7792207792208,2.644155844155844,4.0,RUS,38337.846153846156,49905.89473684211,23744.157894736843,31430.0,40730.0,18166.0,273015.0,5.0,,,1.0,6.0,,,,,2.0,2.6,,,,,263.0,263.0,,,,,263.0,264.0,,,,,91713.0,90675.6,,,,,91713.0,90389.0,,,0,0,RUS,8.0,90865.0,90465.0,90389.0
2022,18,19.896103896103895,19.6,20.3,57.467532467532465,56.0,59.0,1014.7246753246753,1014.5,1015.0,False,26.497402597402598,25.7,27.1,318.7792207792208,2.644155844155844,4.0,SAI,38294.375,48869.916666666664,22750.0,31127.0,40275.0,17845.0,696161.0000000001,3.0,,,,4.0,,,,,,2.8,,,,,,232.2,,,,,,267.0,,,,,,97258.4,,,,,,89361.0,,,0,0,SAI,3.0,90336.0,90444.0,89361.0
2022,18,19.896103896103895,19.6,20.3,57.467532467532465,56.0,59.0,1014.7246753246753,1014.5,1015.0,False,26.497402597402598,25.7,27.1,318.7792207792208,2.644155844155844,4.0,STR,34659.5,44353.0,24292.5,31755.0,41361.0,18262.0,287502.0,1.0,,,,2.0,,,,,,2.0,,,,,,262.0,,,,,,263.0,,,,,,91468.5,,,,,,91419.0,,,0,0,STR,19.0,91419.0,,
2022,18,19.896103896103895,19.6,20.3,57.467532467532465,56.0,59.0,1014.7246753246753,1014.5,1015.0,False,26.497402597402598,25.7,27.1,318.7792207792208,2.644155844155844,4.0,TSU,36676.2,46501.73333333333,24944.133333333335,31787.0,40879.0,18142.0,221251.5,4.0,,,,5.0,,,,,,2.6,,,,,,264.4,,,,,,265.0,,,,,,91489.0,,,,,,90808.0,,,0,0,TSU,13.0,91130.0,90808.0,
2022,18,19.896103896103895,19.6,20.3,57.467532467532465,56.0,59.0,1014.7246753246753,1014.5,1015.0,False,26.497402597402598,25.7,27.1,318.7792207792208,2.644155844155844,4.0,VER,36641.75,50440.166666666664,24683.25,31116.0,40323.0,17782.0,696098.0,3.0,,,,4.0,,,,,,2.8,,,,,,234.8,,,,,,267.0,,,,,,95172.8,,,,,,89304.0,,,0,0,VER,1.0,90224.0,90346.0,89304.0
2022,18,19.896103896103895,19.6,20.3,57.467532467532465,56.0,59.0,1014.7246753246753,1014.5,1015.0,False,26.497402597402598,25.7,27.1,318.7792207792208,2.644155844155844,4.0,VET,36062.7,45782.666666666664,22637.466666666667,31655.0,40741.0,18106.0,391511.5,4.0,,,,5.0,,,,,,2.0,,,,,,263.4,,,,,,264.0,,,,,,91067.0,,,,,,90554.0,,,0,0,VET,9.0,91256.0,90656.0,90554.0
2022,18,19.896103896103895,19.6,20.3,57.467532467532465,56.0,59.0,1014.7246753246753,1014.5,1015.0,False,26.497402597402598,25.7,27.1,318.7792207792208,2.644155844155844,4.0,ZHO,36926.125,48379.833333333336,24631.833333333332,31803.0,40920.0,18106.0,282801.0,3.0,,,,4.0,,,,,,2.0,,,,,,263.0,,,,,,264.0,,,,,,91162.75,,,,,,90894.0,,,0,0,ZHO,14.0,90894.0,90953.0,
2022,19,30.04050632911392,29.3,30.6,36.81012658227848,35.0,38.0,991.0974683544304,990.7,991.2,False,35.868354430379746,33.4,37.7,109.0379746835443,5.006329113924051,8.3,ALB,31177.909090909092,44263.46666666667,38049.26666666667,25936.0,38879.0,31553.0,263916.6666666667,3.0,,,,4.0,,,,,,3.2857142857142856,,,,,,204.28571428571428,,,,,,209.0,,,,,,108806.0,,,,,,96368.0,,,0,0,ALB,11.0,96932.0,96368.0,
2022,19,30.04050632911392,29.3,30.6,36.81012658227848,35.0,38.0,991.0974683544304,990.7,991.2,False,35.868354430379746,33.4,37.7,109.0379746835443,5.006329113924051,8.3,ALO,30119.363636363636,46824.17647058824,41105.82352941176,26026.0,38558.0,31075.0,291511.2000000001,5.0,,,,6.0,,,,,,2.6,,,,,,209.2,,,,,,212.0,,,,,,96139.2,,,,,,95876.0,,,0,0,ALO,9.0,96446.0,95988.0,95876.0
2022,19,30.04050632911392,29.3,30.6,36.81012658227848,35.0,38.0,991.0974683544304,990.7,991.2,False,35.868354430379746,33.4,37.7,109.0379746835443,5.006329113924051,8.3,BOT,29984.083333333332,44662.666666666664,37851.944444444445,26070.0,38783.0,31441.0,287506.2,5.0,,,,6.0,,,,,,3.0,,,,,,206.83333333333334,,,,,,209.0,,,,,,96616.33333333333,,,,,,96319.0,,,0,0,BOT,10.0,96746.0,96321.0,96319.0
2022,19,30.04050632911392,29.3,30.6,36.81012658227848,35.0,38.0,991.0974683544304,990.7,991.2,False,35.868354430379746,33.4,37.7,109.0379746835443,5.006329113924051,8.3,GAS,31788.285714285714,45250.454545454544,39553.454545454544,26083.0,39014.0,31475.0,321595.0,3.0,,,,4.0,,,,,,2.0,,,,,,206.0,,,,,,207.0,,,,,,96776.33333333333,,,,,,96577.0,,,0,0,GAS,13.0,96577.0,96740.0,
2022,19,30.04050632911392,29.3,30.6,36.81012658227848,35.0,38.0,991.0974683544304,990.7,991.2,False,35.868354430379746,33.4,37.7,109.0379746835443,5.006329113924051,8.3,HAM,28402.5,43536.333333333336,39348.27777777778,25722.0,38090.0,31135.0,303150.8,5.0,,,,6.0,,,,,,3.0,,,,,,207.0,,,,,,210.0,,,,,,95654.16666666667,,,,,,94947.0,,,0,0,HAM,5.0,96148.0,95732.0,94947.0
2022,19,30.04050632911392,29.3,30.6,36.81012658227848,35.0,38.0,991.0974683544304,990.7,991.2,False,35.868354430379746,33.4,37.7,109.0379746835443,5.006329113924051,8.3,LAT,30327.4,43452.25,38922.375,26088.0,39106.0,32006.999999999996,187476.5,2.0,,,,3.0,,,,,,2.0,,,,,,208.0,,,,,,208.0,,,,,,97250.5,,,,,,97244.0,,,0,0,LAT,20.0,97244.0,,
2022,19,30.04050632911392,29.3,30.6,36.81012658227848,35.0,38.0,991.0974683544304,990.7,991.2,False,35.868354430379746,33.4,37.7,109.0379746835443,5.006329113924051,8.3,LEC,31171.0,46572.61538461538,39292.92307692308,25505.0,38110.0,30786.0,680120.6666666666,3.0,,,,4.0,,,,,,3.0,,,,,,186.83333333333334,,,,,,210.0,,,,,,108676.0,,,,,,94421.0,,,0,0,LEC,2.0,95795.0,95246.0,94421.0
2022,19,30.04050632911392,29.3,30.6,36.81012658227848,35.0,38.0,991.0974683544304,990.7,991.2,False,35.868354430379746,33.4,37.7,109.0379746835443,5.006329113924051,8.3,MAG,30916.166666666668,46011.0,43435.125,26221.0,38758.0,31753.0,197117.0,1.0,,,,2.0,,,,,,2.6666666666666665,,,,,,203.66666666666666,,,,,,207.0,,,,,,97510.33333333333,,,,,,96949.0,,,0,0,MAG,16.0,96949.0,,
2022,19,30.04050632911392,29.3,30.6,36.81012658227848,35.0,38.0,991.0974683544304,990.7,991.2,False,35.868354430379746,33.4,37.7,109.0379746835443,5.006329113924051,8.3,MSC,33376.0,48953.375,44019.375,26295.0,39012.0,31804.0,121939.0,1.0,,,,1.0,,,,,,3.6666666666666665,,,,,,205.33333333333334,,,,,,206.0,,,,,,111904.33333333333,,,,,,97111.0,,,0,0,MSC,19.0,97111.0,,
2022,19,30.04050632911392,29.3,30.6,36.81012658227848,35.0,38.0,991.0974683544304,990.7,991.2,False,35.868354430379746,33.4,37.7,109.0379746835443,5.006329113924051,8.3,NOR,30246.083333333332,44862.27777777778,39291.77777777778,25856.0,38526.0,31308.0,296488.6,5.0,,,,6.0,,,,,,3.0,,,,,,205.16666666666666,,,,,,206.0,,,,,,96534.66666666667,,,,,,95690.0,,,0,0,NOR,8.0,96465.0,96341.0,95690.0
2022,19,30.04050632911392,29.3,30.6,36.81012658227848,35.0,38.0,991.0974683544304,990.7,991.2,False,35.868354430379746,33.4,37.7,109.0379746835443,5.006329113924051,8.3,OCO,30001.5,46477.5,44157.333333333336,26144.0,39246.0,31585.0,194716.0,1.0,,,,2.0,,,,,,2.0,,,,,,208.5,,,,,,209.0,,,,,,97148.5,,,,,,97068.0,,,0,0,OCO,18.0,97068.0,,
2022,19,30.04050632911392,29.3,30.6,36.81012658227848,35.0,38.0,991.0974683544304,990.7,991.2,False,35.868354430379746,33.4,37.7,109.0379746835443,5.006329113924051,8.3,PER,31293.5,47338.666666666664,41265.416666666664,25664.0,38094.0,30887.0,713925.0,3.0,,,,4.0,,,,,,2.75,,,,,,208.5,,,,,,210.0,,,,,,95460.75,,,,,,94645.0,,,0,0,PER,4.0,96163.0,95864.0,94645.0
2022,19,30.04050632911392,29.3,30.6,36.81012658227848,35.0,38.0,991.0974683544304,990.7,991.2,False,35.868354430379746,33.4,37.7,109.0379746835443,5.006329113924051,8.3,RIC,33367.25,45281.833333333336,41897.833333333336,26202.0,39208.0,31636.0,213143.0,1.0,,,,2.0,,,,,,2.0,,,,,,208.0,,,,,,209.0,,,,,,97214.5,,,,,,97046.0,,,0,0,RIC,17.0,97046.0,,
2022,19,30.04050632911392,29.3,30.6,36.81012658227848,35.0,38.0,991.0974683544304,990.7,991.2,False,35.868354430379746,33.4,37.7,109.0379746835443,5.006329113924051,8.3,RUS,30058.76923076923,44284.84210526316,39629.05263157895,25772.0,38174.0,31042.0,276992.6,5.0,,,,6.0,,,,,,3.0,,,,,,208.0,,,,,,211.0,,,,,,99839.57142857143,,,,,,94988.0,,,0,0,RUS,6.0,96195.0,95692.0,94988.0
2022,19,30.04050632911392,29.3,30.6,36.81012658227848,35.0,38.0,991.0974683544304,990.7,991.2,False,35.868354430379746,33.4,37.7,109.0379746835443,5.006329113924051,8.3,SAI,30076.222222222223,48369.692307692305,39799.307692307695,25525.0,38097.0,30734.0,668336.6666666666,3.0,,,,4.0,,,,,,3.2,,,,,,191.4,,,,,,210.0,,,,,,100794.8,,,,,,94356.0,,,0,0,SAI,1.0,95297.0,95590.0,94356.0
2022,19,30.04050632911392,29.3,30.6,36.81012658227848,35.0,38.0,991.0974683544304,990.7,991.2,False,35.868354430379746,33.4,37.7,109.0379746835443,5.006329113924051,8.3,STR,29014.1,42937.13333333333,39458.8,25847.0,38481.0,31270.0,394239.75,4.0,,,,5.0,,,,,,2.6,,,,,,206.4,,,,,,208.0,,,,,,96555.2,,,,,,95598.0,,,0,0,STR,7.0,96860.0,96032.0,95598.0
2022,19,30.04050632911392,29.3,30.6,36.81012658227848,35.0,38.0,991.0974683544304,990.7,991.2,False,35.868354430379746,33.4,37.7,109.0379746835443,5.006329113924051,8.3,TSU,30230.375,43778.25,39217.166666666664,26039.0,38869.0,31531.0,296969.0,3.0,,,,4.0,,,,,,2.75,,,,,,207.75,,,,,,209.0,,,,,,96910.75,,,,,,96439.0,,,0,0,TSU,15.0,96808.0,97147.0,
2022,19,30.04050632911392,29.3,30.6,36.81012658227848,35.0,38.0,991.0974683544304,990.7,991.2,False,35.868354430379746,33.4,37.7,109.0379746835443,5.006329113924051,8.3,VER,33064.88888888889,45295.57142857143,40559.71428571428,25599.0,37846.0,30796.0,487495.4999999999,4.0,,,,5.0,,,,,,3.1666666666666665,,,,,,195.5,,,,,,212.0,,,,,,109497.66666666667,,,,,,94448.0,,,0,0,VER,3.0,95864.0,95294.0,94448.0
2022,19,30.04050632911392,29.3,30.6,36.81012658227848,35.0,38.0,991.0974683544304,990.7,991.2,False,35.868354430379746,33.4,37.7,109.0379746835443,5.006329113924051,8.3,VET,29598.5,44199.833333333336,38540.416666666664,26222.0,38712.0,31464.0,305553.99999999994,3.0,,,,4.0,,,,,,2.75,,,,,,205.5,,,,,,207.0,,,,,,96847.75,,,,,,96398.0,,,0,0,VET,12.0,96695.0,96398.0,
2022,19,30.04050632911392,29.3,30.6,36.81012658227848,35.0,38.0,991.0974683544304,990.7,991.2,False,35.868354430379746,33.4,37.7,109.0379746835443,5.006329113924051,8.3,ZHO,31390.454545454544,46710.46666666667,39495.2,26073.0,38556.0,31497.0,270557.6666666667,3.0,,,,4.0,,,,,,3.3333333333333335,,,,,,206.16666666666666,,,,,,209.0,,,,,,105762.16666666667,,,,,,96196.0,,,0,0,ZHO,14.0,96656.0,96970.0,
2022,20,25.629487179487178,24.7,26.6,36.26923076923077,34.0,40.0,782.5807692307693,782.2,783.0,False,48.52820512820512,46.0,50.4,216.89743589743588,1.2564102564102564,2.7,ALB,31876.25,36231.0,24712.1,27933.0,31658.0,20989.0,192835.0,1.0,,,,2.0,,,,,,3.1666666666666665,,,,,,249.0,,,,,,250.0,,,,,,90396.33333333333,,,,,,80859.0,,,0,2,ALB,19.0,80859.0,,
2022,20,25.629487179487178,24.7,26.6,36.26923076923077,34.0,40.0,782.5807692307693,782.2,783.0,False,48.52820512820512,46.0,50.4,216.89743589743588,1.2564102564102564,2.7,ALO,31296.6,35494.13333333333,26358.666666666668,28035.0,30393.0,20497.0,384379.0,4.0,,,,5.0,,,,,,2.0,,,,,,248.0,,,,,,249.0,,,,,,79579.0,,,,,,78939.0,,,0,2,ALO,9.0,80006.0,79272.0,78939.0
2022,20,25.629487179487178,24.7,26.6,36.26923076923077,34.0,40.0,782.5807692307693,782.2,783.0,False,48.52820512820512,46.0,50.4,216.89743589743588,1.2564102564102564,2.7,BOT,31273.166666666668,34835.5,25820.470588235294,27653.0,30338.0,20389.0,318981.4,5.0,,,,6.0,,,,,,2.5,,,,,,250.5,,,,,,251.0,,,,,,79027.5,,,,,,78401.0,,,0,2,BOT,6.0,79523.0,78762.0,78401.0
2022,20,25.629487179487178,24.7,26.6,36.26923076923077,34.0,40.0,782.5807692307693,782.2,783.0,False,48.52820512820512,46.0,50.4,216.89743589743588,1.2564102564102564,2.7,GAS,30501.909090909092,35507.0,24989.533333333333,27919.0,30971.0,20770.0,305131.33333333343,3.0,,,,4.0,,,,,,2.5714285714285716,,,,,,251.0,,,,,,252.0,,,,,,85401.85714285714,,,,,,79672.0,,,0,2,GAS,14.0,80256.0,79672.0,
2022,20,25.629487179487178,24.7,26.6,36.26923076923077,34.0,40.0,782.5807692307693,782.2,783.0,False,48.52820512820512,46.0,50.4,216.89743589743588,1.2564102564102564,2.7,HAM,30420.923076923078,34714.47368421053,25859.736842105263,27616.0,30069.0,20300.0,338605.0,5.0,,,,6.0,,,,,,3.142857142857143,,,,,,250.0,,,,,,251.0,,,,,,81458.42857142857,,,,,,78084.0,,,0,2,HAM,3.0,79169.0,78552.0,78084.0
2022,20,25.629487179487178,24.7,26.6,36.26923076923077,34.0,40.0,782.5807692307693,782.2,783.0,False,48.52820512820512,46.0,50.4,216.89743589743588,1.2564102564102564,2.7,LAT,33869.125,37643.9,26379.5,28131.0,31744.0,21101.0,186148.0,1.0,,,,2.0,,,,,,3.1666666666666665,,,,,,248.83333333333334,,,,,,250.0,,,,,,93734.33333333333,,,,,,81167.0,,,0,2,LAT,20.0,81167.0,,
2022,20,25.629487179487178,24.7,26.6,36.26923076923077,34.0,40.0,782.5807692307693,782.2,783.0,False,48.52820512820512,46.0,50.4,216.89743589743588,1.2564102564102564,2.7,LEC,32976.92307692308,37898.22222222222,24987.176470588234,27920.0,30312.0,20282.0,414929.0,4.0,,,,5.0,,,,,,4.375,,,,,,245.375,,,,,,250.0,,,,,,92329.75,,,,,,78555.0,,,0,2,LEC,7.0,79505.0,79109.0,78555.0
2022,20,25.629487179487178,24.7,26.6,36.26923076923077,34.0,40.0,782.5807692307693,782.2,783.0,False,48.52820512820512,46.0,50.4,216.89743589743588,1.2564102564102564,2.7,MAG,30418.615384615383,36084.294117647056,26765.764705882353,27997.0,31144.0,20685.0,297604.99999999994,3.0,,,,4.0,,,,,,3.5555555555555554,,,,,,248.44444444444446,,,,,,250.0,,,,,,91916.0,,,,,,79833.0,,,0,2,MAG,15.0,80293.0,79833.0,
2022,20,25.629487179487178,24.7,26.6,36.26923076923077,34.0,40.0,782.5807692307693,782.2,783.0,False,48.52820512820512,46.0,50.4,216.89743589743588,1.2564102564102564,2.7,MSC,31686.777777777777,36981.63636363636,25871.0,27966.0,31032.0,20697.0,145559.0,1.0,,,,2.0,,,,,,3.2857142857142856,,,,,,249.14285714285714,,,,,,250.0,,,,,,93478.71428571429,,,,,,79695.0,,,0,2,MSC,16.0,80419.0,,
2022,20,25.629487179487178,24.7,26.6,36.26923076923077,34.0,40.0,782.5807692307693,782.2,783.0,False,48.52820512820512,46.0,50.4,216.89743589743588,1.2564102564102564,2.7,NOR,32126.384615384617,35825.78947368421,25105.333333333332,27767.0,30544.0,20410.0,324686.80000000005,5.0,,,,6.0,,,,,,2.5714285714285716,,,,,,248.14285714285714,,,,,,249.0,,,,,,83840.42857142857,,,,,,78721.0,,,0,2,NOR,8.0,79857.0,79119.0,78721.0
2022,20,25.629487179487178,24.7,26.6,36.26923076923077,34.0,40.0,782.5807692307693,782.2,783.0,False,48.52820512820512,46.0,50.4,216.89743589743588,1.2564102564102564,2.7,OCO,30724.083333333332,35516.88888888889,25880.941176470587,27892.0,30574.0,20470.0,310771.8000000001,5.0,,,,6.0,,,,,,2.5,,,,,,249.0,,,,,,250.0,,,,,,79555.5,,,,,,79010.0,,,0,2,OCO,10.0,79945.0,79081.0,79010.0
2022,20,25.629487179487178,24.7,26.6,36.26923076923077,34.0,40.0,782.5807692307693,782.2,783.0,False,48.52820512820512,46.0,50.4,216.89743589743588,1.2564102564102564,2.7,PER,31564.0,35086.38888888889,24083.235294117647,27585.0,30220.0,20260.0,353069.6,5.0,,,,6.0,,,,,,3.5,,,,,,252.0,,,,,,253.0,,,,,,79116.66666666667,,,,,,78128.0,,,0,2,PER,4.0,79706.0,78615.0,78128.0
2022,20,25.629487179487178,24.7,26.6,36.26923076923077,34.0,40.0,782.5807692307693,782.2,783.0,False,48.52820512820512,46.0,50.4,216.89743589743588,1.2564102564102564,2.7,RIC,32135.5,35607.857142857145,28141.85714285714,27867.0,30954.0,20504.0,324929.0,3.0,,,,4.0,,,,,,2.3333333333333335,,,,,,248.16666666666666,,,,,,249.0,,,,,,89809.83333333333,,,,,,79325.0,,,0,2,RIC,11.0,80279.0,79325.0,
2022,20,25.629487179487178,24.7,26.6,36.26923076923077,34.0,40.0,782.5807692307693,782.2,783.0,False,48.52820512820512,46.0,50.4,216.89743589743588,1.2564102564102564,2.7,RUS,31043.833333333332,37119.666666666664,25567.88888888889,27697.0,30063.0,20223.0,347660.1999999999,5.0,,,,6.0,,,,,,2.8333333333333335,,,,,,246.66666666666666,,,,,,252.0,,,,,,82686.66666666667,,,,,,78079.0,,,0,2,RUS,2.0,79583.0,78565.0,78079.0
2022,20,25.629487179487178,24.7,26.6,36.26923076923077,34.0,40.0,782.5807692307693,782.2,783.0,False,48.52820512820512,46.0,50.4,216.89743589743588,1.2564102564102564,2.7,SAI,34459.416666666664,36495.64705882353,24708.8125,27662.0,30250.0,20167.0,441127.25,4.0,,,,5.0,,,,,,3.0,,,,,,249.66666666666666,,,,,,250.0,,,,,,84840.33333333333,,,,,,78351.0,,,0,2,SAI,5.0,79566.0,78560.0,78351.0
2022,20,25.629487179487178,24.7,26.6,36.26923076923077,34.0,40.0,782.5807692307693,782.2,783.0,False,48.52820512820512,46.0,50.4,216.89743589743588,1.2564102564102564,2.7,STR,32012.375,36677.4,27832.0,28298.0,31189.0,20890.0,150688.0,1.0,,,,2.0,,,,,,3.1666666666666665,,,,,,238.66666666666666,,,,,,249.0,,,,,,97052.33333333333,,,,,,80520.0,,,0,2,STR,18.0,80520.0,,
2022,20,25.629487179487178,24.7,26.6,36.26923076923077,34.0,40.0,782.5807692307693,782.2,783.0,False,48.52820512820512,46.0,50.4,216.89743589743588,1.2564102564102564,2.7,TSU,32320.444444444445,35619.92307692308,26413.46153846154,27898.0,30860.0,20727.0,356077.99999999994,3.0,,,,4.0,,,,,,2.2,,,,,,251.2,,,,,,252.0,,,,,,87892.6,,,,,,79589.0,,,0,2,TSU,13.0,79907.0,79589.0,
2022,20,25.629487179487178,24.7,26.6,36.26923076923077,34.0,40.0,782.5807692307693,782.2,783.0,False,48.52820512820512,46.0,50.4,216.89743589743588,1.2564102564102564,2.7,VER,30966.090909090908,34656.25,24317.1875,27490.0,30244.0,20041.0,497680.0,4.0,,,,5.0,,,,,,2.8333333333333335,,,,,,251.5,,,,,,252.0,,,,,,84485.16666666667,,,,,,77775.0,,,0,2,VER,1.0,79222.0,78566.0,77775.0
2022,20,25.629487179487178,24.7,26.6,36.26923076923077,34.0,40.0,782.5807692307693,782.2,783.0,False,48.52820512820512,46.0,50.4,216.89743589743588,1.2564102564102564,2.7,VET,31314.125,35165.6,27378.4,28367.0,31224.0,20828.0,150518.0,1.0,,,,2.0,,,,,,3.1666666666666665,,,,,,240.0,,,,,,250.0,,,,,,93965.66666666667,,,,,,80419.0,,,0,2,VET,17.0,80419.0,,
2022,20,25.629487179487178,24.7,26.6,36.26923076923077,34.0,40.0,782.5807692307693,782.2,783.0,False,48.52820512820512,46.0,50.4,216.89743589743588,1.2564102564102564,2.7,ZHO,30530.25,36423.083333333336,26870.583333333332,28103.0,30864.0,20493.0,308574.0,3.0,,,,4.0,,,,,,2.0,,,,,,248.75,,,,,,249.0,,,,,,80015.25,,,,,,79476.0,,,0,2,ZHO,12.0,80283.0,79476.0,
2022,21,19.164197530864197,18.9,19.3,93.58024691358025,93.0,94.0,924.4481481481482,923.7,925.2,True,26.713580246913583,24.9,27.5,160.25925925925927,1.1358024691358024,2.4,ALB,22343.722222222223,44737.666666666664,19918.571428571428,18256.0,36316.0,16785.0,167834.6666666666,3.0,,1.0,,4.0,,,,3.5,,3.2,,,,302.25,,313.6,,,,305.0,,329.0,,,,85449.5,,81595.0,,,,80107.0,,71631.0,,,1,1,ALB,11.0,74324.0,71631.0,
2022,21,19.164197530864197,18.9,19.3,93.58024691358025,93.0,94.0,924.4481481481482,923.7,925.2,True,26.713580246913583,24.9,27.5,160.25925925925927,1.1358024691358024,2.4,ALO,20761.5625,43263.9,20661.0,18224.0,36136.0,17034.0,278546.0,4.0,,1.0,,5.0,,,,2.5,,2.7777777777777777,,,,290.0,,312.44444444444446,,,,302.0,,329.0,,,,95228.0,,77042.0,,,,78412.0,,71394.0,,,1,1,ALO,7.0,73542.0,71394.0,72504.0
2022,21,19.164197530864197,18.9,19.3,93.58024691358025,93.0,94.0,924.4481481481482,923.7,925.2,True,26.713580246913583,24.9,27.5,160.25925925925927,1.1358024691358024,2.4,BOT,26854.166666666668,46782.92307692308,20529.615384615383,19029.0,38574.0,17883.0,36293.0,2.0,,1.0,,3.0,,,,4.5,,2.0,,,,297.1666666666667,,296.3333333333333,,,,302.0,,299.0,,,,86534.16666666667,,90845.33333333333,,,,79119.0,,75486.0,,,1,1,BOT,18.0,75486.0,,
2022,21,19.164197530864197,18.9,19.3,93.58024691358025,93.0,94.0,924.4481481481482,923.7,925.2,True,26.713580246913583,24.9,27.5,160.25925925925927,1.1358024691358024,2.4,GAS,20743.1,43359.791666666664,19152.375,18281.0,36505.0,16863.0,167197.0,3.0,,1.0,,4.0,,,,3.0,,3.8461538461538463,,,,302.0,,313.9230769230769,,,,303.0,,323.0,,,,88715.33333333333,,78709.61538461539,,,,79269.0,,71675.0,,,1,1,GAS,12.0,74371.0,71675.0,
2022,21,19.164197530864197,18.9,19.3,93.58024691358025,93.0,94.0,924.4481481481482,923.7,925.2,True,26.713580246913583,24.9,27.5,160.25925925925927,1.1358024691358024,2.4,HAM,24061.2,43722.375,20009.541666666668,18304.0,36173.0,16957.0,321924.4,5.0,,1.0,,5.0,,,,3.5,,3.727272727272727,,,,301.25,,313.8181818181818,,,,304.0,,325.0,,,,88903.0,,83077.27272727272,,,,78051.0,,71539.0,,,1,1,HAM,8.0,73403.0,71539.0,72611.0
2022,21,19.164197530864197,18.9,19.3,93.58024691358025,93.0,94.0,924.4481481481482,923.7,925.2,True,26.713580246913583,24.9,27.5,160.25925925925927,1.1358024691358024,2.4,LAT,23492.583333333332,47061.153846153844,21097.53846153846,18915.0,38450.0,17730.0,26929.0,1.0,,1.0,,2.0,,,,3.5,,3.5,,,,303.5,,302.0,,,,304.0,,308.0,,,,88051.25,,88439.5,,,,80373.0,,75095.0,,,1,1,LAT,16.0,75095.0,,
2022,21,19.164197530864197,18.9,19.3,93.58024691358025,93.0,94.0,924.4481481481482,923.7,925.2,True,26.713580246913583,24.9,27.5,160.25925925925927,1.1358024691358024,2.4,LEC,21586.95,45658.791666666664,20209.0,18334.0,35591.0,16978.0,196330.2,5.0,,1.0,,4.0,,,,4.5,,5.0,,,,286.6666666666667,,314.75,,,,301.0,,320.0,,,,91389.16666666667,,80621.5,,,,78723.0,,70950.0,,,1,1,LEC,10.0,74486.0,70950.0,
2022,21,19.164197530864197,18.9,19.3,93.58024691358025,93.0,94.0,924.4481481481482,923.7,925.2,True,26.713580246913583,24.9,27.5,160.25925925925927,1.1358024691358024,2.4,MAG,21501.47619047619,43146.807692307695,19510.32,18131.0,36152.0,16974.0,193640.79999999996,5.0,,2.0,,6.0,,,,2.5,,2.7777777777777777,,,,295.0,,315.77777777777777,,,,299.0,,332.0,,,,87102.5,,77062.44444444444,,,,78423.0,,71410.0,,,1,1,MAG,1.0,73954.0,71410.0,71674.0
2022,21,19.164197530864197,18.9,19.3,93.58024691358025,93.0,94.0,924.4481481481482,923.7,925.2,True,26.713580246913583,24.9,27.5,160.25925925925927,1.1358024691358024,2.4,MSC,20972.222222222223,44725.916666666664,20816.25,19272.0,38906.0,18055.0,91122.5,2.0,,2.0,,3.0,,,,2.5,,2.5,,,,297.0,,298.5,,,,301.0,,300.0,,,,81764.0,,78200.0,,,,78450.0,,76361.0,,,1,1,MSC,20.0,76361.0,,
2022,21,19.164197530864197,18.9,19.3,93.58024691358025,93.0,94.0,924.4481481481482,923.7,925.2,True,26.713580246913583,24.9,27.5,160.25925925925927,1.1358024691358024,2.4,NOR,22754.095238095237,44445.375,19661.458333333332,18208.0,36066.0,17013.0,243746.5,4.0,,1.0,,5.0,,,,4.0,,2.8181818181818183,,,,297.4,,310.72727272727275,,,,300.0,,320.0,,,,90430.6,,81706.36363636363,,,,78757.0,,71377.0,,,1,1,NOR,4.0,73106.0,71377.0,72263.0
2022,21,19.164197530864197,18.9,19.3,93.58024691358025,93.0,94.0,924.4481481481482,923.7,925.2,True,26.713580246913583,24.9,27.5,160.25925925925927,1.1358024691358024,2.4,OCO,20950.529411764706,43729.42857142857,19864.809523809523,18265.0,36100.0,17093.0,266451.75,4.0,,1.0,,5.0,,,,3.0,,2.7777777777777777,,,,299.6666666666667,,314.6666666666667,,,,302.0,,322.0,,,,90006.66666666667,,78213.66666666667,,,,78534.0,,71587.0,,,1,1,OCO,6.0,74663.0,71587.0,72425.0
2022,21,19.164197530864197,18.9,19.3,93.58024691358025,93.0,94.0,924.4481481481482,923.7,925.2,True,26.713580246913583,24.9,27.5,160.25925925925927,1.1358024691358024,2.4,PER,23181.714285714286,45853.44,19882.4,18222.0,36255.0,16938.0,265097.99999999994,5.0,,1.0,,5.0,,,,4.0,,4.636363636363637,,,,303.8,,319.6363636363636,,,,306.0,,328.0,,,,91718.6,,84614.09090909091,,,,78503.0,,71456.0,,,1,1,PER,9.0,73613.0,71456.0,75601.0
2022,21,19.164197530864197,18.9,19.3,93.58024691358025,93.0,94.0,924.4481481481482,923.7,925.2,True,26.713580246913583,24.9,27.5,160.25925925925927,1.1358024691358024,2.4,RIC,25182.11111111111,44384.76190476191,20466.14285714286,18388.0,36607.0,17145.0,185608.0,3.0,,1.0,,4.0,,,,3.5,,3.111111111111111,,,,296.0,,309.8888888888889,,,,298.0,,319.0,,,,89325.25,,78319.55555555556,,,,79435.0,,72140.0,,,1,1,RIC,14.0,74931.0,72140.0,
2022,21,19.164197530864197,18.9,19.3,93.58024691358025,93.0,94.0,924.4481481481482,923.7,925.2,True,26.713580246913583,24.9,27.5,160.25925925925927,1.1358024691358024,2.4,RUS,23969.095238095237,42310.958333333336,19518.08695652174,18194.0,36092.0,16933.0,252765.75,4.0,,1.0,,5.0,,,,3.5,,3.5,,,,297.75,,310.6666666666667,,,,301.0,,322.0,,,,91071.5,,83023.25,,,,78566.0,,71318.0,,,1,1,RUS,3.0,74427.0,71318.0,72059.0
2022,21,19.164197530864197,18.9,19.3,93.58024691358025,93.0,94.0,924.4481481481482,923.7,925.2,True,26.713580246913583,24.9,27.5,160.25925925925927,1.1358024691358024,2.4,SAI,21427.42105263158,43271.916666666664,19850.608695652172,18087.0,35787.0,17016.0,262012.25,4.0,,1.0,,5.0,,,,4.5,,4.125,,,,276.5,,315.625,,,,301.0,,320.0,,,,90163.83333333333,,77221.125,,,,78888.0,,70890.0,,,1,1,SAI,5.0,74680.0,70890.0,72357.0
2022,21,19.164197530864197,18.9,19.3,93.58024691358025,93.0,94.0,924.4481481481482,923.7,925.2,True,26.713580246913583,24.9,27.5,160.25925925925927,1.1358024691358024,2.4,STR,25552.863636363636,45473.041666666664,20065.375,18353.0,36450.0,17213.0,119781.66666666658,3.0,,1.0,,4.0,,,,4.0,,3.1666666666666665,,,,296.6,,311.3333333333333,,,,298.0,,324.0,,,,95833.0,,84464.08333333333,,,,78965.0,,72210.0,,,1,1,STR,15.0,74398.0,72210.0,
2022,21,19.164197530864197,18.9,19.3,93.58024691358025,93.0,94.0,924.4481481481482,923.7,925.2,True,26.713580246913583,24.9,27.5,160.25925925925927,1.1358024691358024,2.4,TSU,30453.272727272728,48045.333333333336,20777.416666666668,19316.0,39221.0,17727.0,47313.0,2.0,,2.0,,3.0,,,,2.4,,2.0,,,,295.8,,297.0,,,,297.0,,300.0,,,,94564.4,,102043.33333333333,,,,78490.0,,76264.0,,,1,1,TSU,19.0,76264.0,,
2022,21,19.164197530864197,18.9,19.3,93.58024691358025,93.0,94.0,924.4481481481482,923.7,925.2,True,26.713580246913583,24.9,27.5,160.25925925925927,1.1358024691358024,2.4,VER,24438.736842105263,45126.77272727273,19657.81818181818,18093.0,35772.0,16856.0,237583.25000000006,4.0,,1.0,,5.0,,,,3.5,,4.8,,,,270.5,,315.9,,,,302.0,,329.0,,,,94407.25,,83328.8,,,,78198.0,,70881.0,,,1,1,VER,2.0,73625.0,70881.0,71877.0
2022,21,19.164197530864197,18.9,19.3,93.58024691358025,93.0,94.0,924.4481481481482,923.7,925.2,True,26.713580246913583,24.9,27.5,160.25925925925927,1.1358024691358024,2.4,VET,22887.85714285714,43606.82608695652,19926.82608695652,18212.0,36318.0,17083.0,117651.33333333333,3.0,,1.0,,4.0,,,,3.5,,3.0,,,,299.0,,309.7692307692308,,,,299.0,,319.0,,,,91568.75,,82676.61538461539,,,,79029.0,,71678.0,,,1,1,VET,13.0,73597.0,71678.0,
2022,21,19.164197530864197,18.9,19.3,93.58024691358025,93.0,94.0,924.4481481481482,923.7,925.2,True,26.713580246913583,24.9,27.5,160.25925925925927,1.1358024691358024,2.4,ZHO,21918.5,46698.083333333336,20336.666666666668,19430.0,38004.0,17763.0,88195.0,1.0,,1.0,,2.0,,,,4.5,,2.5,,,,295.6666666666667,,297.0,,,,297.0,,299.0,,,,88732.33333333333,,80139.5,,,,78785.0,,75197.0,,,1,1,ZHO,17.0,75197.0,,
2022,22,28.763013698630136,28.5,29.0,69.71232876712328,67.0,72.0,1014.7136986301371,1014.4,1015.2,False,33.94246575342466,32.9,46.0,228.06849315068493,1.6356164383561644,2.4,ALB,20642.85714285714,43614.22222222222,43536.0,17561.0,36708.0,31759.0,209151.0,1.0,,,,2.0,,,,,,3.2,,,,,,212.6,,,,,,222.0,,,,,,102062.2,,,,,,86028.0,,,0,1,ALB,19.0,86028.0,,
2022,22,28.763013698630136,28.5,29.0,69.71232876712328,67.0,72.0,1014.7136986301371,1014.4,1015.2,False,33.94246575342466,32.9,46.0,228.06849315068493,1.6356164383561644,2.4,ALO,20104.25,43907.833333333336,43842.25,17321.0,36722.0,31053.0,234655.0,3.0,,,,4.0,,,,,,2.75,,,,,,216.5,,,,,,218.0,,,,,,85645.0,,,,,,85096.0,,,0,1,ALO,11.0,85782.0,85096.0,
2022,22,28.763013698630136,28.5,29.0,69.71232876712328,67.0,72.0,1014.7136986301371,1014.4,1015.2,False,33.94246575342466,32.9,46.0,228.06849315068493,1.6356164383561644,2.4,BOT,20947.5,45894.166666666664,47579.166666666664,17808.0,36913.0,31171.0,206699.0,1.0,,,,2.0,,,,,,2.0,,,,,,217.5,,,,,,219.0,,,,,,86196.0,,,,,,85892.0,,,0,1,BOT,18.0,85892.0,,
2022,22,28.763013698630136,28.5,29.0,69.71232876712328,67.0,72.0,1014.7136986301371,1014.4,1015.2,False,33.94246575342466,32.9,46.0,228.06849315068493,1.6356164383561644,2.4,GAS,19172.0,42315.0,39671.88888888889,17559.0,36699.0,31446.0,125333.0,2.0,,,,3.0,,,,,,2.0,,,,,,217.0,,,,,,217.0,,,,,,86013.0,,,,,,85859.0,,,0,1,GAS,17.0,85859.0,,
2022,22,28.763013698630136,28.5,29.0,69.71232876712328,67.0,72.0,1014.7136986301371,1014.4,1015.2,False,33.94246575342466,32.9,46.0,228.06849315068493,1.6356164383561644,2.4,HAM,20095.933333333334,42712.28571428572,39377.09523809524,17220.0,36471.0,30742.0,246285.0,5.0,,,,6.0,,,,,,3.6666666666666665,,,,,,209.66666666666666,,,,,,224.0,,,,,,95415.11111111111,,,,,,84508.0,,,0,1,HAM,5.0,85594.0,84774.0,84508.0
2022,22,28.763013698630136,28.5,29.0,69.71232876712328,67.0,72.0,1014.7136986301371,1014.4,1015.2,False,33.94246575342466,32.9,46.0,228.06849315068493,1.6356164383561644,2.4,LAT,20709.333333333332,41775.11111111111,41986.555555555555,17535.0,36540.0,31930.0,116936.5,2.0,,,,3.0,,,,,,2.0,,,,,,216.33333333333334,,,,,,218.0,,,,,,86547.0,,,,,,86054.0,,,0,1,LAT,20.0,86054.0,,
2022,22,28.763013698630136,28.5,29.0,69.71232876712328,67.0,72.0,1014.7136986301371,1014.4,1015.2,False,33.94246575342466,32.9,46.0,228.06849315068493,1.6356164383561644,2.4,LEC,19740.083333333332,46825.76470588235,40035.82352941176,17298.0,36318.0,30476.0,390823.75,4.0,,,,5.0,,,,,,3.1666666666666665,,,,,,219.33333333333334,,,,,,221.0,,,,,,84808.5,,,,,,84092.0,,,0,1,LEC,3.0,85211.0,84517.0,84092.0
2022,22,28.763013698630136,28.5,29.0,69.71232876712328,67.0,72.0,1014.7136986301371,1014.4,1015.2,False,33.94246575342466,32.9,46.0,228.06849315068493,1.6356164383561644,2.4,MAG,21799.285714285714,45779.444444444445,47877.666666666664,17637.0,36876.0,31321.0,159292.0,1.0,,,,2.0,,,,,,3.25,,,,,,215.75,,,,,,220.0,,,,,,98162.0,,,,,,85834.0,,,0,1,MAG,16.0,85834.0,,
2022,22,28.763013698630136,28.5,29.0,69.71232876712328,67.0,72.0,1014.7136986301371,1014.4,1015.2,False,33.94246575342466,32.9,46.0,228.06849315068493,1.6356164383561644,2.4,MSC,20598.363636363636,43520.4,43154.4,17536.0,36513.0,31176.0,270631.3333333333,3.0,,,,4.0,,,,,,3.2857142857142856,,,,,,208.0,,,,,,218.0,,,,,,100981.28571428571,,,,,,85225.0,,,0,1,MSC,13.0,85711.0,85225.0,
2022,22,28.763013698630136,28.5,29.0,69.71232876712328,67.0,72.0,1014.7136986301371,1014.4,1015.2,False,33.94246575342466,32.9,46.0,228.06849315068493,1.6356164383561644,2.4,NOR,19055.727272727272,44573.0,43043.58823529412,17389.0,36484.0,30850.0,311609.0,5.0,,,,6.0,,,,,,2.6,,,,,,216.2,,,,,,217.0,,,,,,85154.0,,,,,,84769.0,,,0,1,NOR,7.0,85387.0,84903.0,84769.0
2022,22,28.763013698630136,28.5,29.0,69.71232876712328,67.0,72.0,1014.7136986301371,1014.4,1015.2,False,33.94246575342466,32.9,46.0,228.06849315068493,1.6356164383561644,2.4,OCO,19409.454545454544,42536.05882352941,44857.41176470588,17468.0,36490.0,30872.0,296494.8,5.0,,,,6.0,,,,,,3.0,,,,,,218.4,,,,,,219.0,,,,,,85324.8,,,,,,84830.0,,,0,1,OCO,8.0,85735.0,85007.0,84830.0
2022,22,28.763013698630136,28.5,29.0,69.71232876712328,67.0,72.0,1014.7136986301371,1014.4,1015.2,False,33.94246575342466,32.9,46.0,228.06849315068493,1.6356164383561644,2.4,PER,20284.333333333332,45259.444444444445,42784.77777777778,17343.0,35993.0,30716.0,293859.8,5.0,,,,6.0,,,,,,3.0,,,,,,216.5,,,,,,219.0,,,,,,84593.66666666667,,,,,,84052.0,,,0,1,PER,2.0,84820.0,84419.0,84052.0
2022,22,28.763013698630136,28.5,29.0,69.71232876712328,67.0,72.0,1014.7136986301371,1014.4,1015.2,False,33.94246575342466,32.9,46.0,228.06849315068493,1.6356164383561644,2.4,RIC,19824.0,42746.066666666666,41822.53333333333,17485.0,36542.0,30894.0,393441.25,4.0,,,,5.0,,,,,,2.6,,,,,,216.4,,,,,,218.0,,,,,,85503.0,,,,,,85045.0,,,0,1,RIC,10.0,85766.0,85068.0,85045.0
2022,22,28.763013698630136,28.5,29.0,69.71232876712328,67.0,72.0,1014.7136986301371,1014.4,1015.2,False,33.94246575342466,32.9,46.0,228.06849315068493,1.6356164383561644,2.4,RUS,20482.214285714286,43121.4,40830.4,17390.0,36436.0,30611.0,258556.2,5.0,,,,6.0,,,,,,3.5,,,,,,219.25,,,,,,223.0,,,,,,90955.875,,,,,,84511.0,,,0,1,RUS,6.0,85545.0,84940.0,84511.0
2022,22,28.763013698630136,28.5,29.0,69.71232876712328,67.0,72.0,1014.7136986301371,1014.4,1015.2,False,33.94246575342466,32.9,46.0,228.06849315068493,1.6356164383561644,2.4,SAI,19486.81818181818,46303.6875,42288.5625,17273.0,36128.0,30646.0,418902.75,4.0,,,,5.0,,,,,,2.8333333333333335,,,,,,219.33333333333334,,,,,,222.0,,,,,,93577.33333333333,,,,,,84242.0,,,0,1,SAI,4.0,85090.0,84521.0,84242.0
2022,22,28.763013698630136,28.5,29.0,69.71232876712328,67.0,72.0,1014.7136986301371,1014.4,1015.2,False,33.94246575342466,32.9,46.0,228.06849315068493,1.6356164383561644,2.4,STR,20964.0,43260.4,41343.0,17486.0,36729.0,31144.0,275906.3333333333,3.0,,,,4.0,,,,,,3.2857142857142856,,,,,,210.42857142857142,,,,,,220.0,,,,,,100693.42857142857,,,,,,85359.0,,,0,1,STR,14.0,85741.0,85359.0,
2022,22,28.763013698630136,28.5,29.0,69.71232876712328,67.0,72.0,1014.7136986301371,1014.4,1015.2,False,33.94246575342466,32.9,46.0,228.06849315068493,1.6356164383561644,2.4,TSU,18819.6,42094.86666666667,42842.066666666666,17466.0,36593.0,31114.0,216085.25,4.0,,,,5.0,,,,,,2.6,,,,,,217.0,,,,,,218.0,,,,,,85738.4,,,,,,85219.0,,,0,1,TSU,12.0,85630.0,85219.0,
2022,22,28.763013698630136,28.5,29.0,69.71232876712328,67.0,72.0,1014.7136986301371,1014.4,1015.2,False,33.94246575342466,32.9,46.0,228.06849315068493,1.6356164383561644,2.4,VER,20309.727272727272,46067.17647058824,42721.117647058825,17287.0,36056.0,30481.0,307044.0,5.0,,,,6.0,,,,,,2.6,,,,,,218.6,,,,,,220.0,,,,,,84410.0,,,,,,83824.0,,,0,1,VER,1.0,84754.0,84622.0,83824.0
2022,22,28.763013698630136,28.5,29.0,69.71232876712328,67.0,72.0,1014.7136986301371,1014.4,1015.2,False,33.94246575342466,32.9,46.0,228.06849315068493,1.6356164383561644,2.4,VET,20820.384615384617,42673.77777777778,41507.5,17391.0,36511.0,30827.0,385874.5,4.0,,,,5.0,,,,,,3.125,,,,,,209.625,,,,,,220.0,,,,,,98270.75,,,,,,84961.0,,,0,1,VET,9.0,85523.0,84974.0,84961.0
2022,22,28.763013698630136,28.5,29.0,69.71232876712328,67.0,72.0,1014.7136986301371,1014.4,1015.2,False,33.94246575342466,32.9,46.0,228.06849315068493,1.6356164383561644,2.4,ZHO,20607.25,44671.75,43289.916666666664,17580.0,36711.0,31117.0,280582.0,3.0,,,,4.0,,,,,,2.75,,,,,,216.0,,,,,,217.0,,,,,,85892.0,,,,,,85408.0,,,0,1,ZHO,15.0,85594.0,85408.0,
2023,1,23.88,23.0,24.7,21.652631578947368,15.0,34.0,1017.641052631579,1017.4,1017.9,False,28.085263157894737,26.6,29.8,213.78947368421052,0.6073684210526316,1.3,ALB,33844.4,48237.625,27967.625,29250.0,39224.0,22987.0,551700.5,2.0,,,,2.0,,,,,,2.0,,,,,,290.0,,,,,,291.0,,,,,,91777.5,,,,,,91461.0,,,1,0,ALB,15.0,91461.0,,
2023,1,23.88,23.0,24.7,21.652631578947368,15.0,34.0,1017.641052631579,1017.4,1017.9,False,28.085263157894737,26.6,29.8,213.78947368421052,0.6073684210526316,1.3,ALO,33085.5,47909.333333333336,30080.066666666666,28852.0,38774.0,22646.0,389410.75,4.0,,,,5.0,,,,,,2.6,,,,,,284.8,,,,,,287.0,,,,,,90892.2,,,,,,90336.0,,,1,0,ALO,5.0,91158.0,90645.0,90336.0
2023,1,23.88,23.0,24.7,21.652631578947368,15.0,34.0,1017.641052631579,1017.4,1017.9,False,28.085263157894737,26.6,29.8,213.78947368421052,0.6073684210526316,1.3,BOT,33946.25,47255.333333333336,32299.083333333332,29198.0,39320.0,22881.0,311864.3333333333,3.0,,,,4.0,,,,,,3.5,,,,,,281.25,,,,,,282.0,,,,,,91767.25,,,,,,91443.0,,,1,0,BOT,12.0,91504.0,91443.0,
2023,1,23.88,23.0,24.7,21.652631578947368,15.0,34.0,1017.641052631579,1017.4,1017.9,False,28.085263157894737,26.6,29.8,213.78947368421052,0.6073684210526316,1.3,DEV,32397.333333333332,47408.25,27448.625,29382.0,39634.0,23066.0,324408.0,2.0,,,,3.0,,,,,,2.0,,,,,,285.0,,,,,,285.0,,,,,,92416.33333333333,,,,,,92121.0,,,1,0,DEV,19.0,92121.0,,
2023,1,23.88,23.0,24.7,21.652631578947368,15.0,34.0,1017.641052631579,1017.4,1017.9,False,28.085263157894737,26.6,29.8,213.78947368421052,0.6073684210526316,1.3,GAS,32246.5,46502.666666666664,31649.166666666668,29247.0,39412.0,23087.0,171606.0,1.0,,,,2.0,,,,,,2.0,,,,,,285.5,,,,,,286.0,,,,,,91999.5,,,,,,91818.0,,,1,0,GAS,20.0,92181.0,,
2023,1,23.88,23.0,24.7,21.652631578947368,15.0,34.0,1017.641052631579,1017.4,1017.9,False,28.085263157894737,26.6,29.8,213.78947368421052,0.6073684210526316,1.3,HAM,32128.4,47887.933333333334,29213.933333333334,28844.0,38829.0,22616.0,395837.0,4.0,,,,5.0,,,,,,2.6,,,,,,288.2,,,,,,289.0,,,,,,90999.0,,,,,,90384.0,,,1,0,HAM,7.0,91543.0,90513.0,90384.0
2023,1,23.88,23.0,24.7,21.652631578947368,15.0,34.0,1017.641052631579,1017.4,1017.9,False,28.085263157894737,26.6,29.8,213.78947368421052,0.6073684210526316,1.3,HUL,31758.636363636364,48116.82352941176,29863.5625,29042.0,38957.0,22810.0,407964.4,5.0,,,,6.0,,,,,,3.0,,,,,,285.8,,,,,,287.0,,,,,,91472.0,,,,,,90809.0,,,1,0,HUL,10.0,91204.0,90809.0,
2023,1,23.88,23.0,24.7,21.652631578947368,15.0,34.0,1017.641052631579,1017.4,1017.9,False,28.085263157894737,26.6,29.8,213.78947368421052,0.6073684210526316,1.3,LEC,34371.5,50523.0625,28796.0625,28825.0,38614.0,22561.0,352222.2,5.0,,,1.0,6.0,,,,,2.0,3.25,,,,,287.0,288.25,,,,,287.0,290.0,,,,,131454.0,90768.75,,,,,131454.0,90000.0,,,1,0,LEC,3.0,91094.0,90282.0,90000.0
2023,1,23.88,23.0,24.7,21.652631578947368,15.0,34.0,1017.641052631579,1017.4,1017.9,False,28.085263157894737,26.6,29.8,213.78947368421052,0.6073684210526316,1.3,MAG,34054.25,45516.0,29028.833333333332,29414.0,39369.0,23095.0,249058.0,1.0,,,,2.0,,,,,,2.0,,,,,,287.5,,,,,,289.0,,,,,,91981.0,,,,,,91892.0,,,1,0,MAG,17.0,91892.0,,
2023,1,23.88,23.0,24.7,21.652631578947368,15.0,34.0,1017.641052631579,1017.4,1017.9,False,28.085263157894737,26.6,29.8,213.78947368421052,0.6073684210526316,1.3,NOR,32414.5,47018.916666666664,30196.166666666668,29235.0,39210.0,22936.0,322388.49999999994,4.0,,,,5.0,,,,,,3.0,,,,,,285.75,,,,,,286.0,,,,,,91944.75,,,,,,91381.0,,,1,0,NOR,11.0,91652.0,91381.0,
2023,1,23.88,23.0,24.7,21.652631578947368,15.0,34.0,1017.641052631579,1017.4,1017.9,False,28.085263157894737,26.6,29.8,213.78947368421052,0.6073684210526316,1.3,OCO,33446.2,48955.333333333336,28600.5,29026.0,39104.0,22696.0,443097.25,4.0,,,,5.0,,,,,,2.6,,,,,,286.2,,,,,,287.0,,,,,,91492.2,,,,,,90914.0,,,1,0,OCO,9.0,91508.0,90914.0,90984.0
2023,1,23.88,23.0,24.7,21.652631578947368,15.0,34.0,1017.641052631579,1017.4,1017.9,False,28.085263157894737,26.6,29.8,213.78947368421052,0.6073684210526316,1.3,PER,32840.333333333336,49170.357142857145,31321.071428571428,28723.0,38537.0,22538.0,454551.2,5.0,,,,6.0,,,,,,2.25,,,,,,288.25,,,,,,289.0,,,,,,90550.5,,,,,,89846.0,,,1,0,PER,2.0,91479.0,90746.0,89846.0
2023,1,23.88,23.0,24.7,21.652631578947368,15.0,34.0,1017.641052631579,1017.4,1017.9,False,28.085263157894737,26.6,29.8,213.78947368421052,0.6073684210526316,1.3,PIA,33272.25,46283.0,32934.333333333336,29561.0,39454.0,23086.0,282659.5,2.0,,,,3.0,,,,,,2.5,,,,,,285.0,,,,,,285.0,,,,,,92367.0,,,,,,92101.0,,,1,0,PIA,18.0,92101.0,,
2023,1,23.88,23.0,24.7,21.652631578947368,15.0,34.0,1017.641052631579,1017.4,1017.9,False,28.085263157894737,26.6,29.8,213.78947368421052,0.6073684210526316,1.3,RUS,33956.8,48739.666666666664,29935.466666666667,28845.0,38870.0,22559.0,390188.0,4.0,,,,5.0,,,,,,2.6,,,,,,288.6,,,,,,290.0,,,,,,90941.6,,,,,,90340.0,,,1,0,RUS,6.0,91057.0,90507.0,90340.0
2023,1,23.88,23.0,24.7,21.652631578947368,15.0,34.0,1017.641052631579,1017.4,1017.9,False,28.085263157894737,26.6,29.8,213.78947368421052,0.6073684210526316,1.3,SAI,32309.18181818182,47302.529411764706,27702.1875,28735.0,38700.0,22661.0,442129.4,5.0,,,1.0,6.0,,,,,2.0,2.6,,,,,288.0,288.8,,,,,288.0,290.0,,,,,92408.0,90697.2,,,,,92408.0,90154.0,,,1,0,SAI,4.0,90993.0,90515.0,90154.0
2023,1,23.88,23.0,24.7,21.652631578947368,15.0,34.0,1017.641052631579,1017.4,1017.9,False,28.085263157894737,26.6,29.8,213.78947368421052,0.6073684210526316,1.3,SAR,32318.0,47360.166666666664,32473.5,29352.0,39343.0,22957.0,217668.0,1.0,,,,2.0,,,,,,2.0,,,,,,283.0,,,,,,285.0,,,,,,92162.5,,,,,,91652.0,,,1,0,SAR,16.0,91652.0,,
2023,1,23.88,23.0,24.7,21.652631578947368,15.0,34.0,1017.641052631579,1017.4,1017.9,False,28.085263157894737,26.6,29.8,213.78947368421052,0.6073684210526316,1.3,STR,32593.333333333332,46165.5,29050.352941176472,28966.0,39070.0,22733.0,308675.8,5.0,,,,6.0,,,,,,3.0,,,,,,284.5,,,,,,287.0,,,,,,91499.16666666667,,,,,,90836.0,,,1,0,STR,8.0,91184.0,91127.0,90836.0
2023,1,23.88,23.0,24.7,21.652631578947368,15.0,34.0,1017.641052631579,1017.4,1017.9,False,28.085263157894737,26.6,29.8,213.78947368421052,0.6073684210526316,1.3,TSU,33488.0,47402.857142857145,28086.214285714286,29242.0,39229.0,22929.0,335943.25,4.0,,,,5.0,,,,,,3.2,,,,,,286.4,,,,,,290.0,,,,,,92101.8,,,,,,91400.0,,,1,0,TSU,14.0,91400.0,92510.0,
2023,1,23.88,23.0,24.7,21.652631578947368,15.0,34.0,1017.641052631579,1017.4,1017.9,False,28.085263157894737,26.6,29.8,213.78947368421052,0.6073684210526316,1.3,VER,35146.333333333336,48145.42857142857,30077.85714285714,28722.0,38514.0,22458.0,459116.8,5.0,,,,6.0,,,,,,2.25,,,,,,288.0,,,,,,288.0,,,,,,90350.75,,,,,,89708.0,,,1,0,VER,1.0,91295.0,90503.0,89708.0
2023,1,23.88,23.0,24.7,21.652631578947368,15.0,34.0,1017.641052631579,1017.4,1017.9,False,28.085263157894737,26.6,29.8,213.78947368421052,0.6073684210526316,1.3,ZHO,33827.625,46905.666666666664,31152.416666666668,29041.0,39338.0,23005.0,315759.6666666667,3.0,,,,4.0,,,,,,2.75,,,,,,285.75,,,,,,286.0,,,,,,91817.0,,,,,,91473.0,,,1,0,ZHO,13.0,91615.0,91473.0,
2023,2,27.02375,26.6,27.4,44.7375,40.0,50.0,1010.4800000000001,1010.0,1010.9,False,31.66625,30.8,32.4,276.7625,1.5474999999999999,2.7,ALB,39390.857142857145,34446.444444444445,34574.555555555555,32753.999999999996,28333.0,28754.0,207326.0,1.0,,,,2.0,,,,,,2.8,,,,,,298.4,,,,,,313.0,,,,,,108995.0,,,,,,89994.0,,,0,6,ALB,17.0,89994.0,,
2023,2,27.02375,26.6,27.4,44.7375,40.0,50.0,1010.4800000000001,1010.0,1010.9,False,31.66625,30.8,32.4,276.7625,1.5474999999999999,2.7,ALO,38071.92307692308,31846.61111111111,34493.555555555555,32116.0,28074.0,28475.0,342976.5,4.0,,,,5.0,,,,,,3.25,,,,,,297.875,,,,,,301.0,,,,,,98392.5,,,,,,88730.0,,,0,6,ALO,3.0,89298.0,88757.0,88730.0
2023,2,27.02375,26.6,27.4,44.7375,40.0,50.0,1010.4800000000001,1010.0,1010.9,False,31.66625,30.8,32.4,276.7625,1.5474999999999999,2.7,BOT,38398.07142857143,33190.72222222222,35381.72222222222,32591.0,28478.0,28544.0,181273.66666666666,3.0,,,,4.0,,,,,,3.4,,,,,,298.8,,,,,,307.0,,,,,,102782.5,,,,,,89668.0,,,0,6,BOT,14.0,89929.0,89668.0,
2023,2,27.02375,26.6,27.4,44.7375,40.0,50.0,1010.4800000000001,1010.0,1010.9,False,31.66625,30.8,32.4,276.7625,1.5474999999999999,2.7,DEV,44807.875,32334.6,36464.8,32774.0,28451.0,28675.0,76960.0,2.0,,,,3.0,,,,,,2.4,,,,,,300.8,,,,,,305.0,,,,,,108748.8,,,,,,90244.0,,,0,6,DEV,18.0,90244.0,,
2023,2,27.02375,26.6,27.4,44.7375,40.0,50.0,1010.4800000000001,1010.0,1010.9,False,31.66625,30.8,32.4,276.7625,1.5474999999999999,2.7,GAS,37633.833333333336,31830.695652173912,34531.30434782609,32392.000000000004,28357.0,28546.0,256540.0,4.0,,,,5.0,,,,,,3.6923076923076925,,,,,,300.2307692307692,,,,,,308.0,,,,,,100013.46153846153,,,,,,89357.0,,,0,6,GAS,10.0,89890.0,89411.0,89357.0
2023,2,27.02375,26.6,27.4,44.7375,40.0,50.0,1010.4800000000001,1010.0,1010.9,False,31.66625,30.8,32.4,276.7625,1.5474999999999999,2.7,HAM,38720.26666666667,32405.666666666668,35720.0,32468.000000000004,28203.0,28408.0,268612.7999999999,5.0,,,,6.0,,,,,,3.4444444444444446,,,,,,301.0,,,,,,307.0,,,,,,100050.0,,,,,,89223.0,,,0,6,HAM,8.0,89689.0,89374.0,89223.0
2023,2,27.02375,26.6,27.4,44.7375,40.0,50.0,1010.4800000000001,1010.0,1010.9,False,31.66625,30.8,32.4,276.7625,1.5474999999999999,2.7,HUL,38551.5,33723.38888888889,35129.0,32634.999999999996,28239.0,28496.0,192065.66666666666,3.0,,,,4.0,,,,,,2.8,,,,,,301.2,,,,,,308.0,,,,,,104994.8,,,,,,89451.0,,,0,6,HUL,11.0,89547.0,89451.0,
2023,2,27.02375,26.6,27.4,44.7375,40.0,50.0,1010.4800000000001,1010.0,1010.9,False,31.66625,30.8,32.4,276.7625,1.5474999999999999,2.7,LEC,40021.4,37726.05263157895,37309.68421052631,32154.000000000004,28027.0,28239.0,486728.3333333332,3.0,,,,4.0,,,,,,3.625,,,,,,303.25,,,,,,307.0,,,,,,100395.125,,,,,,88420.0,,,0,6,LEC,2.0,89376.0,88903.0,88420.0
2023,2,27.02375,26.6,27.4,44.7375,40.0,50.0,1010.4800000000001,1010.0,1010.9,False,31.66625,30.8,32.4,276.7625,1.5474999999999999,2.7,MAG,40994.692307692305,35192.82352941176,37172.470588235294,32601.0,28304.0,28552.0,204867.33333333326,3.0,,,,4.0,,,,,,2.5714285714285716,,,,,,305.7142857142857,,,,,,308.0,,,,,,100682.0,,,,,,89517.0,,,0,6,MAG,13.0,89744.0,89634.0,
2023,2,27.02375,26.6,27.4,44.7375,40.0,50.0,1010.4800000000001,1010.0,1010.9,False,31.66625,30.8,32.4,276.7625,1.5474999999999999,2.7,NOR,42052.333333333336,34770.0,39154.0,32711.0,28580.0,28884.0,,,,,,1.0,,,,,,2.0,,,,,,300.0,,,,,,300.0,,,,,,90447.0,,,,,,90447.0,,,0,6,NOR,19.0,90447.0,,
2023,2,27.02375,26.6,27.4,44.7375,40.0,50.0,1010.4800000000001,1010.0,1010.9,False,31.66625,30.8,32.4,276.7625,1.5474999999999999,2.7,OCO,37376.42105263158,32956.791666666664,34271.708333333336,32262.0,28300.0,28477.0,223395.75000000012,4.0,,,,5.0,,,,,,3.7142857142857144,,,,,,298.0,,,,,,306.0,,,,,,100672.57142857143,,,,,,89078.0,,,0,6,OCO,7.0,89707.0,89255.0,89078.0
2023,2,27.02375,26.6,27.4,44.7375,40.0,50.0,1010.4800000000001,1010.0,1010.9,False,31.66625,30.8,32.4,276.7625,1.5474999999999999,2.7,PER,40207.166666666664,34157.944444444445,37387.61111111111,32139.000000000004,27982.0,28144.0,299193.4,5.0,,,,5.0,,,,,,3.4,,,,,,308.6,,,,,,311.0,,,,,,88855.8,,,,,,88265.0,,,0,6,PER,1.0,89244.0,88635.0,88265.0
2023,2,27.02375,26.6,27.4,44.7375,40.0,50.0,1010.4800000000001,1010.0,1010.9,False,31.66625,30.8,32.4,276.7625,1.5474999999999999,2.7,PIA,39526.61111111111,33079.608695652176,35606.217391304344,32426.000000000004,28272.0,28545.0,294781.5,4.0,,,,5.0,,,,,,2.9166666666666665,,,,,,295.4166666666667,,,,,,303.0,,,,,,99658.33333333333,,,,,,89243.0,,,0,6,PIA,9.0,89706.0,89378.0,89243.0
2023,2,27.02375,26.6,27.4,44.7375,40.0,50.0,1010.4800000000001,1010.0,1010.9,False,31.66625,30.8,32.4,276.7625,1.5474999999999999,2.7,RUS,39237.666666666664,33674.666666666664,36143.619047619046,32183.0,28161.0,28434.0,261296.79999999996,5.0,,,,6.0,,,,,,3.4444444444444446,,,,,,302.3333333333333,,,,,,305.0,,,,,,100956.0,,,,,,88857.0,,,0,6,RUS,4.0,89592.0,89132.0,88857.0
2023,2,27.02375,26.6,27.4,44.7375,40.0,50.0,1010.4800000000001,1010.0,1010.9,False,31.66625,30.8,32.4,276.7625,1.5474999999999999,2.7,SAI,40238.57894736842,39047.125,37553.291666666664,32320.999999999996,28125.0,28254.0,218700.74999999988,4.0,,,,5.0,,,,,,4.090909090909091,,,,,,289.1818181818182,,,,,,306.0,,,,,,101405.36363636363,,,,,,88931.0,,,0,6,SAI,5.0,89411.0,88957.0,88931.0
2023,2,27.02375,26.6,27.4,44.7375,40.0,50.0,1010.4800000000001,1010.0,1010.9,False,31.66625,30.8,32.4,276.7625,1.5474999999999999,2.7,SAR,36575.5,33069.42857142857,39010.28571428572,32676.000000000004,28335.0,28607.0,142810.5,2.0,,,,1.0,,,,,,2.5,,,,,,306.0,,,,,,310.0,,,,,,109115.5,,,,,,89721.0,,,0,6,SAR,20.0,128509.99999999999,,
2023,2,27.02375,26.6,27.4,44.7375,40.0,50.0,1010.4800000000001,1010.0,1010.9,False,31.66625,30.8,32.4,276.7625,1.5474999999999999,2.7,STR,39739.5625,33748.85,35855.3,32067.999999999996,28137.0,28527.0,376490.3333333335,3.0,,,,4.0,,,,,,3.1818181818181817,,,,,,298.8181818181818,,,,,,303.0,,,,,,102610.45454545454,,,,,,88945.0,,,0,6,STR,6.0,89335.0,88962.0,88945.0
2023,2,27.02375,26.6,27.4,44.7375,40.0,50.0,1010.4800000000001,1010.0,1010.9,False,31.66625,30.8,32.4,276.7625,1.5474999999999999,2.7,TSU,41319.75,33199.6,35782.6,32665.0,28598.0,28676.0,124374.0,1.0,,,,2.0,,,,,,3.0,,,,,,295.1666666666667,,,,,,303.0,,,,,,108069.83333333333,,,,,,89939.0,,,0,6,TSU,16.0,89939.0,,
2023,2,27.02375,26.6,27.4,44.7375,40.0,50.0,1010.4800000000001,1010.0,1010.9,False,31.66625,30.8,32.4,276.7625,1.5474999999999999,2.7,VER,39220.5,40984.0,36248.833333333336,32268.0,28188.0,28305.0,1053566.0,1.0,,,,2.0,,,,,,2.0,,,,,,310.5,,,,,,311.0,,,,,,99357.0,,,,,,88761.0,,,0,6,VER,15.0,88761.0,109953.0,
2023,2,27.02375,26.6,27.4,44.7375,40.0,50.0,1010.4800000000001,1010.0,1010.9,False,31.66625,30.8,32.4,276.7625,1.5474999999999999,2.7,ZHO,39039.357142857145,32962.72222222222,34573.055555555555,32628.0,28302.0,28531.0,185612.66666666666,3.0,,,,4.0,,,,,,3.4,,,,,,301.0,,,,,,303.0,,,,,,102750.4,,,,,,89461.0,,,0,6,ZHO,12.0,89654.0,89461.0,
2023,3,15.20421052631579,14.3,15.8,53.4,46.0,66.0,1018.9305263157894,1018.7,1019.2,True,22.712631578947367,20.3,24.3,127.18947368421053,1.3221052631578947,2.9,ALB,35562.0,20075.25925925926,39064.95652173913,26879.0,17415.0,33191.0,367972.5,4.0,,,,5.0,,,,,,3.75,,,,,,301.95,,,,,,308.0,,,,,,90625.85,,,,,,77609.0,,,1,7,ALB,8.0,77962.0,77761.0,77609.0
2023,3,15.20421052631579,14.3,15.8,53.4,46.0,66.0,1018.9305263157894,1018.7,1019.2,True,22.712631578947367,20.3,24.3,127.18947368421053,1.3221052631578947,2.9,ALO,35271.307692307695,19930.28,38711.380952380954,26648.0,17563.0,32887.0,387026.75,4.0,,,,5.0,,,,,,4.15,,,,,,298.15,,,,,,305.0,,,,,,91680.6,,,,,,77139.0,,,1,7,ALO,4.0,77832.0,77283.0,77139.0
2023,3,15.20421052631579,14.3,15.8,53.4,46.0,66.0,1018.9305263157894,1018.7,1019.2,True,22.712631578947367,20.3,24.3,127.18947368421053,1.3221052631578947,2.9,BOT,33148.833333333336,20158.833333333332,37525.0,27133.0,17896.0,33620.0,410495.0,1.0,,,,2.0,,,,,,3.4,,,,,,301.6,,,,,,305.0,,,,,,90475.2,,,,,,78714.0,,,1,7,BOT,19.0,78714.0,,
2023,3,15.20421052631579,14.3,15.8,53.4,46.0,66.0,1018.9305263157894,1018.7,1019.2,True,22.712631578947367,20.3,24.3,127.18947368421053,1.3221052631578947,2.9,DEV,33479.90909090909,19843.739130434784,41617.15,27215.0,17841.0,33277.0,285824.6666666667,3.0,,,,4.0,,,,,,3.2222222222222223,,,,,,296.05555555555554,,,,,,303.0,,,,,,91591.05555555556,,,,,,78335.0,,,1,7,DEV,15.0,78450.0,78335.0,
2023,3,15.20421052631579,14.3,15.8,53.4,46.0,66.0,1018.9305263157894,1018.7,1019.2,True,22.712631578947367,20.3,24.3,127.18947368421053,1.3221052631578947,2.9,GAS,32145.6,19570.72,38917.09090909091,26846.0,17471.0,33140.0,477984.3333333333,3.0,,,,4.0,,,,,,4.0,,,,,,303.85714285714283,,,,,,309.0,,,,,,89843.85714285714,,,,,,77574.0,,,1,7,GAS,9.0,78312.0,77574.0,77675.0
2023,3,15.20421052631579,14.3,15.8,53.4,46.0,66.0,1018.9305263157894,1018.7,1019.2,True,22.712631578947367,20.3,24.3,127.18947368421053,1.3221052631578947,2.9,HAM,33423.25925925926,20623.40740740741,37668.17391304348,26748.0,17519.0,32837.0,340394.0,4.0,,,,5.0,,,,,,4.3478260869565215,,,,,,304.0869565217391,,,,,,307.0,,,,,,91503.65217391304,,,,,,77104.0,,,1,7,HAM,3.0,77689.0,77551.0,77104.0
2023,3,15.20421052631579,14.3,15.8,53.4,46.0,66.0,1018.9305263157894,1018.7,1019.2,True,22.712631578947367,20.3,24.3,127.18947368421053,1.3221052631578947,2.9,HUL,33332.46153846154,20491.653846153848,38804.19047619047,26785.0,17563.0,32832.0,333540.2,5.0,,,,6.0,,,,,,2.5,,,,,,304.75,,,,,,309.0,,,,,,92529.5,,,,,,77412.0,,,1,7,HUL,10.0,78029.0,77412.0,77735.0
2023,3,15.20421052631579,14.3,15.8,53.4,46.0,66.0,1018.9305263157894,1018.7,1019.2,True,22.712631578947367,20.3,24.3,127.18947368421053,1.3221052631578947,2.9,LEC,39587.25,20651.916666666668,41370.25,26851.0,17549.0,32859.0,285515.6,5.0,,,,6.0,,,,,,3.111111111111111,,,,,,302.8888888888889,,,,,,306.0,,,,,,100257.77777777778,,,,,,77369.0,,,1,7,LEC,7.0,78218.0,77390.0,77369.0
2023,3,15.20421052631579,14.3,15.8,53.4,46.0,66.0,1018.9305263157894,1018.7,1019.2,True,22.712631578947367,20.3,24.3,127.18947368421053,1.3221052631578947,2.9,MAG,34389.055555555555,20175.41176470588,40006.78571428572,26959.0,17713.0,33346.0,417417.3333333333,3.0,,,,4.0,,,,,,2.357142857142857,,,,,,301.07142857142856,,,,,,309.0,,,,,,93737.64285714286,,,,,,78129.0,,,1,7,MAG,14.0,78159.0,78129.0,
2023,3,15.20421052631579,14.3,15.8,53.4,46.0,66.0,1018.9305263157894,1018.7,1019.2,True,22.712631578947367,20.3,24.3,127.18947368421053,1.3221052631578947,2.9,NOR,33675.541666666664,20604.82608695652,41920.333333333336,26982.0,17716.0,33137.0,244383.0,3.0,,,,4.0,,,,,,3.45,,,,,,302.3,,,,,,308.0,,,,,,95719.9,,,,,,78119.0,,,1,7,NOR,13.0,78243.0,78119.0,
2023,3,15.20421052631579,14.3,15.8,53.4,46.0,66.0,1018.9305263157894,1018.7,1019.2,True,22.712631578947367,20.3,24.3,127.18947368421053,1.3221052631578947,2.9,OCO,33474.529411764706,20385.764705882353,40244.4,26987.0,17566.0,33043.0,498698.0,2.0,,,,3.0,,,,,,3.8,,,,,,302.4,,,,,,307.0,,,,,,93474.53333333334,,,,,,77768.0,,,1,7,OCO,11.0,77770.0,77768.0,
2023,3,15.20421052631579,14.3,15.8,53.4,46.0,66.0,1018.9305263157894,1018.7,1019.2,True,22.712631578947367,20.3,24.3,127.18947368421053,1.3221052631578947,2.9,PER,35024.0,19208.0,45955.0,35024.0,19208.0,45955.0,,,,,,1.0,,,,,,1.0,,,,,,309.0,,,,,,309.0,,,,,,100187.0,,,,,,100187.0,,,1,7,PER,20.0,,,
2023,3,15.20421052631579,14.3,15.8,53.4,46.0,66.0,1018.9305263157894,1018.7,1019.2,True,22.712631578947367,20.3,24.3,127.18947368421053,1.3221052631578947,2.9,PIA,34054.916666666664,19925.909090909092,44110.5,27289.0,17865.0,33363.0,437698.0,1.0,,,,2.0,,,,,,3.4,,,,,,299.5,,,,,,305.0,,,,,,97358.0,,,,,,78517.0,,,1,7,PIA,16.0,78517.0,,
2023,3,15.20421052631579,14.3,15.8,53.4,46.0,66.0,1018.9305263157894,1018.7,1019.2,True,22.712631578947367,20.3,24.3,127.18947368421053,1.3221052631578947,2.9,RUS,31981.89285714286,20201.39285714286,39092.166666666664,26638.0,17463.0,32867.0,322609.75,4.0,,,,5.0,,,,,,4.583333333333333,,,,,,300.2083333333333,,,,,,308.0,,,,,,90608.83333333333,,,,,,76968.0,,,1,7,RUS,2.0,77654.0,77513.0,76968.0
2023,3,15.20421052631579,14.3,15.8,53.4,46.0,66.0,1018.9305263157894,1018.7,1019.2,True,22.712631578947367,20.3,24.3,127.18947368421053,1.3221052631578947,2.9,SAI,38626.0,20649.37037037037,41787.90909090909,26728.0,17553.0,32758.000000000004,247553.6,5.0,,,,6.0,,,,,,3.4761904761904763,,,,,,303.23809523809524,,,,,,308.0,,,,,,99464.09523809524,,,,,,77270.0,,,1,7,SAI,5.0,77928.0,77349.0,77270.0
2023,3,15.20421052631579,14.3,15.8,53.4,46.0,66.0,1018.9305263157894,1018.7,1019.2,True,22.712631578947367,20.3,24.3,127.18947368421053,1.3221052631578947,2.9,SAR,32537.81818181818,20224.083333333332,43992.0,27172.0,17552.0,33676.0,250247.5,2.0,,,,3.0,,,,,,3.75,,,,,,303.25,,,,,,307.0,,,,,,94980.125,,,,,,78557.0,,,1,7,SAR,18.0,78557.0,,
2023,3,15.20421052631579,14.3,15.8,53.4,46.0,66.0,1018.9305263157894,1018.7,1019.2,True,22.712631578947367,20.3,24.3,127.18947368421053,1.3221052631578947,2.9,STR,36393.24,20526.68,40343.666666666664,26846.0,17591.0,32861.0,357792.75,4.0,,,,5.0,,,,,,3.65,,,,,,301.15,,,,,,305.0,,,,,,94898.8,,,,,,77308.0,,,1,7,STR,6.0,77873.0,77616.0,77308.0
2023,3,15.20421052631579,14.3,15.8,53.4,46.0,66.0,1018.9305263157894,1018.7,1019.2,True,22.712631578947367,20.3,24.3,127.18947368421053,1.3221052631578947,2.9,TSU,35114.04761904762,20321.909090909092,40809.166666666664,26996.0,17860.0,33243.0,302668.6666666667,3.0,,,,4.0,,,,,,3.176470588235294,,,,,,293.1764705882353,,,,,,304.0,,,,,,95752.82352941176,,,,,,78099.0,,,1,7,TSU,12.0,78471.0,78099.0,
2023,3,15.20421052631579,14.3,15.8,53.4,46.0,66.0,1018.9305263157894,1018.7,1019.2,True,22.712631578947367,20.3,24.3,127.18947368421053,1.3221052631578947,2.9,VER,36075.375,20073.375,36782.77777777778,26574.0,17456.0,32702.0,352893.0,5.0,,,,6.0,,,,,,3.5555555555555554,,,,,,308.05555555555554,,,,,,311.0,,,,,,94188.55555555556,,,,,,76732.0,,,1,7,VER,1.0,77384.0,77056.0,76732.0
2023,3,15.20421052631579,14.3,15.8,53.4,46.0,66.0,1018.9305263157894,1018.7,1019.2,True,22.712631578947367,20.3,24.3,127.18947368421053,1.3221052631578947,2.9,ZHO,33637.0,20073.5,41326.1,27323.0,17828.0,33364.0,504869.0,1.0,,,,2.0,,,,,,3.4,,,,,,300.3,,,,,,304.0,,,,,,95431.6,,,,,,78540.0,,,1,7,ZHO,17.0,78540.0,,
2023,4,19.461320754716983,19.2,20.0,80.62264150943396,76.0,83.0,1011.6528301886792,1011.5,1011.9,False,33.08584905660377,28.7,39.7,175.3490566037736,0.7952830188679245,1.7,ALB,40229.642857142855,47044.5,28059.941176470587,35840.0,40976.0,24988.0,478767.5,4.0,,,,5.0,,,,,,3.0,,,,,,333.8888888888889,,,,,,337.0,,,,,,112392.55555555556,,,,,,101818.0,,,2,9,ALB,13.0,102171.0,101818.0,
2023,4,19.461320754716983,19.2,20.0,80.62264150943396,76.0,83.0,1011.6528301886792,1011.5,1011.9,False,33.08584905660377,28.7,39.7,175.3490566037736,0.7952830188679245,1.7,ALO,40284.0,47766.71428571428,28322.95,35526.0,40645.0,24769.0,431307.8333333333,6.0,,,,7.0,,,,,,4.2,,,,,,327.3,,,,,,333.0,,,,,,109867.4,,,,,,101253.0,,,2,9,ALO,6.0,101720.0,101370.0,101253.0
2023,4,19.461320754716983,19.2,20.0,80.62264150943396,76.0,83.0,1011.6528301886792,1011.5,1011.9,False,33.08584905660377,28.7,39.7,175.3490566037736,0.7952830188679245,1.7,BOT,40159.53846153846,50736.0,28360.647058823528,35825.0,41257.0,25079.0,466604.25,4.0,,,,5.0,,,,,,3.0,,,,,,328.22222222222223,,,,,,331.0,,,,,,113163.55555555556,,,,,,102259.0,,,2,9,BOT,14.0,102582.0,102259.0,
2023,4,19.461320754716983,19.2,20.0,80.62264150943396,76.0,83.0,1011.6528301886792,1011.5,1011.9,False,33.08584905660377,28.7,39.7,175.3490566037736,0.7952830188679245,1.7,DEV,41203.0,49411.5,27490.5,41203.0,47497.0,26582.0,,,,,,1.0,,,,,,2.0,,,,,,330.0,,,,,,330.0,,,,,,115282.0,,,,,,115282.0,,,2,9,DEV,20.0,115282.0,,
2023,4,19.461320754716983,19.2,20.0,80.62264150943396,76.0,83.0,1011.6528301886792,1011.5,1011.9,False,33.08584905660377,28.7,39.7,175.3490566037736,0.7952830188679245,1.7,GAS,39633.666666666664,50385.75,27527.0,36504.0,42427.0,25115.0,929271.0,1.0,,,,1.0,,,,,,2.5,,,,,,331.5,,,,,,332.0,,,,,,115347.5,,,,,,104853.0,,,2,9,GAS,19.0,104853.0,,
2023,4,19.461320754716983,19.2,20.0,80.62264150943396,76.0,83.0,1011.6528301886792,1011.5,1011.9,False,33.08584905660377,28.7,39.7,175.3490566037736,0.7952830188679245,1.7,HAM,39409.1875,47143.77272727273,27074.545454545456,35702.0,40678.0,24767.0,420998.0,6.0,,,,7.0,,,,,,3.4,,,,,,331.4,,,,,,335.0,,,,,,110882.3,,,,,,101177.0,,,2,9,HAM,5.0,102113.0,101177.0,101177.0
2023,4,19.461320754716983,19.2,20.0,80.62264150943396,76.0,83.0,1011.6528301886792,1011.5,1011.9,False,33.08584905660377,28.7,39.7,175.3490566037736,0.7952830188679245,1.7,HUL,40972.28571428572,48404.22222222222,27120.222222222223,36249.0,41152.0,24908.0,1648591.0,1.0,,,,2.0,,,,,,3.0,,,,,,333.1666666666667,,,,,,336.0,,,,,,113847.5,,,,,,102755.0,,,2,9,HUL,17.0,102755.0,,
2023,4,19.461320754716983,19.2,20.0,80.62264150943396,76.0,83.0,1011.6528301886792,1011.5,1011.9,False,33.08584905660377,28.7,39.7,175.3490566037736,0.7952830188679245,1.7,LEC,42355.142857142855,49795.8,27296.38888888889,35224.0,40191.0,24788.0,536206.4,5.0,,,,6.0,,,,,,4.2,,,,,,331.1,,,,,,335.0,,,,,,112810.2,,,,,,100203.0,,,2,9,LEC,1.0,101269.0,101037.0,100203.0
2023,4,19.461320754716983,19.2,20.0,80.62264150943396,76.0,83.0,1011.6528301886792,1011.5,1011.9,False,33.08584905660377,28.7,39.7,175.3490566037736,0.7952830188679245,1.7,MAG,40250.0,51843.0,28357.285714285714,36390.0,41541.0,25178.0,696187.5,2.0,,,,1.0,,,,,,3.0,,,,,,330.6666666666667,,,,,,333.0,,,,,,113108.66666666667,,,,,,103417.0,,,2,9,MAG,18.0,103417.0,,
2023,4,19.461320754716983,19.2,20.0,80.62264150943396,76.0,83.0,1011.6528301886792,1011.5,1011.9,False,33.08584905660377,28.7,39.7,175.3490566037736,0.7952830188679245,1.7,NOR,41424.692307692305,49021.52631578947,27609.882352941175,35461.0,40710.0,25006.0,555093.6,5.0,,,,6.0,,,,,,2.6666666666666665,,,,,,326.6666666666667,,,,,,328.0,,,,,,114888.66666666667,,,,,,101281.0,,,2,9,NOR,7.0,102154.0,101485.0,101281.0
2023,4,19.461320754716983,19.2,20.0,80.62264150943396,76.0,83.0,1011.6528301886792,1011.5,1011.9,False,33.08584905660377,28.7,39.7,175.3490566037736,0.7952830188679245,1.7,OCO,40435.692307692305,48558.27777777778,28545.470588235294,35700.0,41037.0,24893.0,431557.5,4.0,,,,5.0,,,,,,2.7777777777777777,,,,,,331.55555555555554,,,,,,334.0,,,,,,112571.77777777778,,,,,,101798.0,,,2,9,OCO,12.0,102622.0,101798.0,
2023,4,19.461320754716983,19.2,20.0,80.62264150943396,76.0,83.0,1011.6528301886792,1011.5,1011.9,False,33.08584905660377,28.7,39.7,175.3490566037736,0.7952830188679245,1.7,PER,40760.230769230766,48591.73684210526,30004.842105263157,35177.0,40365.0,24764.0,461395.6666666667,6.0,,,,7.0,,,,,,4.0,,,,,,336.85714285714283,,,,,,338.0,,,,,,112374.71428571429,,,,,,100495.0,,,2,9,PER,3.0,101131.0,101131.0,100495.0
2023,4,19.461320754716983,19.2,20.0,80.62264150943396,76.0,83.0,1011.6528301886792,1011.5,1011.9,False,33.08584905660377,28.7,39.7,175.3490566037736,0.7952830188679245,1.7,PIA,40386.64705882353,48858.22727272727,27320.04761904762,35636.0,40903.0,24925.0,487844.8,5.0,,,,6.0,,,,,,3.6666666666666665,,,,,,329.0833333333333,,,,,,331.0,,,,,,110600.33333333333,,,,,,101611.0,,,2,9,PIA,10.0,102455.0,101636.0,101611.0
2023,4,19.461320754716983,19.2,20.0,80.62264150943396,76.0,83.0,1011.6528301886792,1011.5,1011.9,False,33.08584905660377,28.7,39.7,175.3490566037736,0.7952830188679245,1.7,RUS,39381.166666666664,47653.58823529412,27581.8125,35731.0,40933.0,24927.0,451416.5,4.0,,,,5.0,,,,,,4.25,,,,,,329.75,,,,,,332.0,,,,,,112637.75,,,,,,101654.0,,,2,9,RUS,11.0,102073.0,101654.0,
2023,4,19.461320754716983,19.2,20.0,80.62264150943396,76.0,83.0,1011.6528301886792,1011.5,1011.9,False,33.08584905660377,28.7,39.7,175.3490566037736,0.7952830188679245,1.7,SAI,43198.375,51072.72727272727,27986.761904761905,35512.0,40689.0,24789.0,382797.33333333343,6.0,,,,6.0,7.0,,,,,2.875,2.0,,,,,330.375,334.0,,,,,333.0,334.0,,,,,114074.375,101230.0,,,,,101016.0,101230.0,,2,9,SAI,4.0,102197.0,101016.0,101016.0
2023,4,19.461320754716983,19.2,20.0,80.62264150943396,76.0,83.0,1011.6528301886792,1011.5,1011.9,False,33.08584905660377,28.7,39.7,175.3490566037736,0.7952830188679245,1.7,SAR,39510.0,48928.76470588235,28169.647058823528,35858.0,41470.0,24825.0,469733.0,4.0,,,,5.0,,,,,,3.0,,,,,,336.77777777777777,,,,,,340.0,,,,,,112027.88888888889,,,,,,102242.0,,,2,9,SAR,15.0,102242.0,102395.0,
2023,4,19.461320754716983,19.2,20.0,80.62264150943396,76.0,83.0,1011.6528301886792,1011.5,1011.9,False,33.08584905660377,28.7,39.7,175.3490566037736,0.7952830188679245,1.7,STR,40270.625,49314.04761904762,27988.95,35813.0,40770.0,24778.0,499628.6,5.0,,,,6.0,,,,,,4.181818181818182,,,,,,322.09090909090907,,,,,,332.0,,,,,,114538.72727272728,,,,,,101576.0,,,2,9,STR,9.0,102524.0,101576.0,101611.0
2023,4,19.461320754716983,19.2,20.0,80.62264150943396,76.0,83.0,1011.6528301886792,1011.5,1011.9,False,33.08584905660377,28.7,39.7,175.3490566037736,0.7952830188679245,1.7,TSU,40950.76470588235,47576.086956521736,28056.095238095237,35717.0,40835.0,24883.0,525059.4,5.0,,,,6.0,,,,,,3.4545454545454546,,,,,,333.27272727272725,,,,,,335.0,,,,,,110044.18181818182,,,,,,101569.0,,,2,9,TSU,8.0,102234.0,101569.0,101581.0
2023,4,19.461320754716983,19.2,20.0,80.62264150943396,76.0,83.0,1011.6528301886792,1011.5,1011.9,False,33.08584905660377,28.7,39.7,175.3490566037736,0.7952830188679245,1.7,VER,40619.166666666664,47859.0,27846.764705882353,35277.0,40335.0,24667.0,479265.3333333333,6.0,,,,7.0,,,,,,3.2857142857142856,,,,,,320.14285714285717,,,,,,339.0,,,,,,107915.28571428571,,,,,,100391.0,,,2,9,VER,2.0,101398.0,100822.0,100391.0
2023,4,19.461320754716983,19.2,20.0,80.62264150943396,76.0,83.0,1011.6528301886792,1011.5,1011.9,False,33.08584905660377,28.7,39.7,175.3490566037736,0.7952830188679245,1.7,ZHO,43038.71428571428,51293.11111111111,28213.88888888889,36052.0,41578.0,25002.0,732054.5,2.0,,,,3.0,,,,,,2.8,,,,,,332.6,,,,,,336.0,,,,,,116453.8,,,,,,102642.0,,,2,9,ZHO,16.0,102642.0,,
2023,5,28.644827586206894,28.0,29.3,59.206896551724135,56.0,62.0,1017.3977011494253,1017.2,1017.7,False,43.266666666666666,39.6,47.6,140.6551724137931,3.4379310344827587,6.0,ALB,41947.38461538462,42776.6,33729.26666666667,29414.0,33399.0,24982.0,403758.5,2.0,,,,3.0,,,,,,2.9,,,,,,276.0,,,,,,283.0,,,,,,115651.2,,,,,,87795.0,,,1,2,ALB,11.0,88234.0,87795.0,
2023,5,28.644827586206894,28.0,29.3,59.206896551724135,56.0,62.0,1017.3977011494253,1017.2,1017.7,False,43.266666666666666,39.6,47.6,140.6551724137931,3.4379310344827587,6.0,ALO,37972.153846153844,41361.5,31508.222222222223,29140.0,33125.0,24756.0,308178.0000000001,4.0,,,,4.0,,,,,,4.125,,,,,,274.0,,,,,,282.0,,,,,,100144.75,,,,,,87097.0,,,1,2,ALO,2.0,88179.0,87097.0,87202.0
2023,5,28.644827586206894,28.0,29.3,59.206896551724135,56.0,62.0,1017.3977011494253,1017.2,1017.7,False,43.266666666666666,39.6,47.6,140.6551724137931,3.4379310344827587,6.0,BOT,34982.454545454544,39121.53333333333,33898.71428571428,29166.0,33320.0,24954.0,627181.6666666666,3.0,,,,3.0,,,,,,2.875,,,,,,280.0,,,,,,282.0,,,,,,105558.25,,,,,,87564.0,,,1,2,BOT,10.0,87864.0,87564.0,
2023,5,28.644827586206894,28.0,29.3,59.206896551724135,56.0,62.0,1017.3977011494253,1017.2,1017.7,False,43.266666666666666,39.6,47.6,140.6551724137931,3.4379310344827587,6.0,DEV,34068.75,38965.375,34275.0625,29453.0,33683.0,25113.0,276989.6666666667,3.0,,,,4.0,,,,,,3.375,,,,,,279.75,,,,,,281.0,,,,,,98640.25,,,,,,88325.0,,,1,2,DEV,15.0,88325.0,88395.0,
2023,5,28.644827586206894,28.0,29.3,59.206896551724135,56.0,62.0,1017.3977011494253,1017.2,1017.7,False,43.266666666666666,39.6,47.6,140.6551724137931,3.4379310344827587,6.0,GAS,35954.07692307692,40141.26315789474,33036.21052631579,29325.0,33226.0,24982.0,279329.6,5.0,,,,5.0,,,,,,3.125,,,,,,272.875,,,,,,281.0,,,,,,98360.625,,,,,,87612.0,,,1,2,GAS,5.0,88061.0,87612.0,87786.0
2023,5,28.644827586206894,28.0,29.3,59.206896551724135,56.0,62.0,1017.3977011494253,1017.2,1017.7,False,43.266666666666666,39.6,47.6,140.6551724137931,3.4379310344827587,6.0,HAM,35409.0,38314.46666666667,31772.285714285714,29370.0,33357.0,24979.0,224195.25,4.0,,,,5.0,,,,,,3.2,,,,,,280.0,,,,,,283.0,,,,,,88682.2,,,,,,87846.0,,,1,2,HAM,13.0,87846.0,87975.0,
2023,5,28.644827586206894,28.0,29.3,59.206896551724135,56.0,62.0,1017.3977011494253,1017.2,1017.7,False,43.266666666666666,39.6,47.6,140.6551724137931,3.4379310344827587,6.0,HUL,34200.09090909091,40563.13333333333,31852.466666666667,29477.0,33348.0,24894.0,257948.33333333334,3.0,,,,3.0,,,,,,3.5714285714285716,,,,,,282.7142857142857,,,,,,284.0,,,,,,104829.42857142857,,,,,,87903.0,,,1,2,HUL,12.0,87945.0,87903.0,
2023,5,28.644827586206894,28.0,29.3,59.206896551724135,56.0,62.0,1017.3977011494253,1017.2,1017.7,False,43.266666666666666,39.6,47.6,140.6551724137931,3.4379310344827587,6.0,LEC,36639.57142857143,43590.166666666664,31105.166666666668,29085.0,32935.0,24784.0,417862.3333333333,3.0,,,,3.0,,,,,,4.0,,,,,,264.4,,,,,,286.0,,,,,,106749.9,,,,,,86964.0,,,1,2,LEC,7.0,87713.0,86964.0,87861.0
2023,5,28.644827586206894,28.0,29.3,59.206896551724135,56.0,62.0,1017.3977011494253,1017.2,1017.7,False,43.266666666666666,39.6,47.6,140.6551724137931,3.4379310344827587,6.0,MAG,35284.0,42002.78947368421,32968.5,29338.0,33268.0,24975.0,278676.0,5.0,,,,5.0,,,,,,3.4285714285714284,,,,,,281.2857142857143,,,,,,283.0,,,,,,97026.14285714286,,,,,,87673.0,,,1,2,MAG,4.0,87809.0,87673.0,87767.0
2023,5,28.644827586206894,28.0,29.3,59.206896551724135,56.0,62.0,1017.3977011494253,1017.2,1017.7,False,43.266666666666666,39.6,47.6,140.6551724137931,3.4379310344827587,6.0,NOR,36637.166666666664,42810.625,36687.75,29471.0,33652.0,25271.0,263855.0,1.0,,,,2.0,,,,,,2.75,,,,,,255.25,,,,,,278.0,,,,,,110917.0,,,,,,88394.0,,,1,2,NOR,16.0,88394.0,,
2023,5,28.644827586206894,28.0,29.3,59.206896551724135,56.0,62.0,1017.3977011494253,1017.2,1017.7,False,43.266666666666666,39.6,47.6,140.6551724137931,3.4379310344827587,6.0,OCO,34720.61538461538,40482.84210526316,33434.31578947369,29288.0,33193.0,24945.0,269370.6,5.0,,,,5.0,,,,,,3.125,,,,,,269.125,,,,,,281.0,,,,,,100839.125,,,,,,87444.0,,,1,2,OCO,8.0,87872.0,87444.0,87935.0
2023,5,28.644827586206894,28.0,29.3,59.206896551724135,56.0,62.0,1017.3977011494253,1017.2,1017.7,False,43.266666666666666,39.6,47.6,140.6551724137931,3.4379310344827587,6.0,PER,36418.21428571428,43382.35,35612.78947368421,28942.0,33040.0,24755.0,239139.6,5.0,,,,5.0,,,,,,3.5714285714285716,,,,,,266.0,,,,,,285.0,,,,,,100879.71428571429,,,,,,86841.0,,,1,2,PER,1.0,87713.0,87328.0,86841.0
2023,5,28.644827586206894,28.0,29.3,59.206896551724135,56.0,62.0,1017.3977011494253,1017.2,1017.7,False,43.266666666666666,39.6,47.6,140.6551724137931,3.4379310344827587,6.0,PIA,38867.57142857143,42350.444444444445,34007.666666666664,29756.0,33681.0,25047.0,139606.0,1.0,,,,2.0,,,,,,3.2,,,,,,266.8,,,,,,281.0,,,,,,111195.6,,,,,,88484.0,,,1,2,PIA,19.0,88484.0,,
2023,5,28.644827586206894,28.0,29.3,59.206896551724135,56.0,62.0,1017.3977011494253,1017.2,1017.7,False,43.266666666666666,39.6,47.6,140.6551724137931,3.4379310344827587,6.0,RUS,36605.92857142857,40027.57894736842,32279.63157894737,29364.0,33165.0,25120.0,269438.8000000001,5.0,,,,5.0,,,,,,3.5714285714285716,,,,,,277.85714285714283,,,,,,280.0,,,,,,96482.0,,,,,,87743.0,,,1,2,RUS,6.0,88086.0,87743.0,87804.0
2023,5,28.644827586206894,28.0,29.3,59.206896551724135,56.0,62.0,1017.3977011494253,1017.2,1017.7,False,43.266666666666666,39.6,47.6,140.6551724137931,3.4379310344827587,6.0,SAI,37826.28571428572,43517.64705882353,34949.05882352941,29123.0,33113.0,24885.0,444210.66666666674,3.0,,,,3.0,,,,,,3.888888888888889,,,,,,254.77777777777777,,,,,,284.0,,,,,,109666.66666666667,,,,,,87148.0,,,1,2,SAI,3.0,87686.0,87148.0,87349.0
2023,5,28.644827586206894,28.0,29.3,59.206896551724135,56.0,62.0,1017.3977011494253,1017.2,1017.7,False,43.266666666666666,39.6,47.6,140.6551724137931,3.4379310344827587,6.0,SAR,43381.11111111111,40634.6,32342.8,29832.0,33759.0,24986.0,65123.0,1.0,,,,2.0,,,,,,3.0,,,,,,278.3333333333333,,,,,,284.0,,,,,,108218.66666666667,,,,,,88577.0,,,1,2,SAR,20.0,88577.0,,
2023,5,28.644827586206894,28.0,29.3,59.206896551724135,56.0,62.0,1017.3977011494253,1017.2,1017.7,False,43.266666666666666,39.6,47.6,140.6551724137931,3.4379310344827587,6.0,STR,43145.28571428572,42842.375,30188.625,29768.0,33696.0,24952.0,,,,,,1.0,,,,,,4.4,,,,,,279.8,,,,,,281.0,,,,,,108872.4,,,,,,88476.0,,,1,2,STR,18.0,88476.0,,
2023,5,28.644827586206894,28.0,29.3,59.206896551724135,56.0,62.0,1017.3977011494253,1017.2,1017.7,False,43.266666666666666,39.6,47.6,140.6551724137931,3.4379310344827587,6.0,TSU,35492.25,39367.6,36322.7,29609.0,33494.0,25129.0,119732.0,1.0,,,,2.0,,,,,,3.0,,,,,,280.3333333333333,,,,,,281.0,,,,,,102627.83333333333,,,,,,88429.0,,,1,2,TSU,17.0,88429.0,,
2023,5,28.644827586206894,28.0,29.3,59.206896551724135,56.0,62.0,1017.3977011494253,1017.2,1017.7,False,43.266666666666666,39.6,47.6,140.6551724137931,3.4379310344827587,6.0,VER,36582.8,41804.666666666664,31855.14285714286,29073.0,32956.0,24785.0,450081.75,4.0,,,,3.0,,,,,,3.5,,,,,,282.75,,,,,,284.0,,,,,,87427.75,,,,,,86814.0,,,1,2,VER,9.0,87363.0,86814.0,
2023,5,28.644827586206894,28.0,29.3,59.206896551724135,56.0,62.0,1017.3977011494253,1017.2,1017.7,False,43.266666666666666,39.6,47.6,140.6551724137931,3.4379310344827587,6.0,ZHO,36034.230769230766,39003.529411764706,35582.35294117647,29408.0,33461.0,25061.0,208277.66666666666,3.0,,,,4.0,,,,,,3.3333333333333335,,,,,,279.22222222222223,,,,,,281.0,,,,,,102751.88888888889,,,,,,88091.0,,,1,2,ZHO,14.0,88180.0,88091.0,
2023,6,25.58604651162791,24.3,26.3,34.66279069767442,30.0,45.0,1016.2406976744186,1016.0,1016.5,False,46.4953488372093,43.9,49.6,216.43023255813952,0.8081395348837209,1.6,ALB,23748.055555555555,41337.833333333336,23388.64285714286,18989.0,34347.0,19161.0,377023.0,4.0,,,,5.0,,,,,,2.6153846153846154,,,,,,270.2307692307692,,,,,,271.0,,,,,,88071.69230769231,,,,,,72527.0,,,1,3,ALB,13.0,72706.0,72527.0,
2023,6,25.58604651162791,24.3,26.3,34.66279069767442,30.0,45.0,1016.2406976744186,1016.0,1016.5,False,46.4953488372093,43.9,49.6,216.43023255813952,0.8081395348837209,1.6,ALO,23613.88,41316.44,23764.736842105263,18496.0,33844.0,19109.0,392708.2,5.0,,,,6.0,,,,,,3.3684210526315788,,,,,,267.8421052631579,,,,,,270.0,,,,,,88188.73684210527,,,,,,71449.0,,,1,3,ALO,2.0,72886.0,72107.0,71449.0
2023,6,25.58604651162791,24.3,26.3,34.66279069767442,30.0,45.0,1016.2406976744186,1016.0,1016.5,False,46.4953488372093,43.9,49.6,216.43023255813952,0.8081395348837209,1.6,BOT,24564.571428571428,42342.71428571428,24319.777777777777,18914.0,34446.0,19178.0,370214.6666666667,3.0,,,,4.0,,,,,,3.111111111111111,,,,,,263.6111111111111,,,,,,270.0,,,,,,91262.27777777778,,,,,,72625.0,,,1,3,BOT,15.0,73038.0,72625.0,
2023,6,25.58604651162791,24.3,26.3,34.66279069767442,30.0,45.0,1016.2406976744186,1016.0,1016.5,False,46.4953488372093,43.9,49.6,216.43023255813952,0.8081395348837209,1.6,DEV,25007.7,39335.15789473684,23080.2,18900.0,34307.0,19221.0,349480.75,4.0,,,,5.0,,,,,,2.2666666666666666,,,,,,265.8666666666667,,,,,,270.0,,,,,,86978.13333333333,,,,,,72428.0,,,1,3,DEV,12.0,73054.0,72428.0,
2023,6,25.58604651162791,24.3,26.3,34.66279069767442,30.0,45.0,1016.2406976744186,1016.0,1016.5,False,46.4953488372093,43.9,49.6,216.43023255813952,0.8081395348837209,1.6,GAS,23802.88,41640.541666666664,24183.0,18841.0,34003.0,19089.0,384120.8,5.0,,,,6.0,,,,,,2.736842105263158,,,,,,267.2105263157895,,,,,,269.0,,,,,,88264.47368421052,,,,,,71933.0,,,1,3,GAS,7.0,73033.0,72169.0,71933.0
2023,6,25.58604651162791,24.3,26.3,34.66279069767442,30.0,45.0,1016.2406976744186,1016.0,1016.5,False,46.4953488372093,43.9,49.6,216.43023255813952,0.8081395348837209,1.6,HAM,24078.533333333333,39888.0,27290.69230769231,18757.0,33929.0,19039.0,207397.2857142857,7.0,,,,8.0,,,,,,3.0,,,,,,269.8636363636364,,,,,,272.0,,,,,,87401.5,,,,,,71725.0,,,1,3,HAM,6.0,72872.0,72156.0,71725.0
2023,6,25.58604651162791,24.3,26.3,34.66279069767442,30.0,45.0,1016.2406976744186,1016.0,1016.5,False,46.4953488372093,43.9,49.6,216.43023255813952,0.8081395348837209,1.6,HUL,24912.0,42205.5,25998.333333333332,19108.0,34707.0,19464.0,972926.0,1.0,,,,2.0,,,,,,2.0,,,,,,269.5,,,,,,270.0,,,,,,97382.83333333333,,,,,,73279.0,,,1,3,HUL,18.0,73279.0,,
2023,6,25.58604651162791,24.3,26.3,34.66279069767442,30.0,45.0,1016.2406976744186,1016.0,1016.5,False,46.4953488372093,43.9,49.6,216.43023255813952,0.8081395348837209,1.6,LEC,24926.73076923077,42936.64,28017.571428571428,18651.0,33870.0,18950.0,368402.0,5.0,,,,6.0,,,,,,3.65,,,,,,266.4,,,,,,271.0,,,,,,93482.8,,,,,,71471.0,,,1,3,LEC,3.0,72912.0,72103.0,71471.0
2023,6,25.58604651162791,24.3,26.3,34.66279069767442,30.0,45.0,1016.2406976744186,1016.0,1016.5,False,46.4953488372093,43.9,49.6,216.43023255813952,0.8081395348837209,1.6,MAG,25578.666666666668,42180.0,26363.714285714286,19140.0,34574.0,19556.0,919958.0,1.0,,,,2.0,,,,,,2.2857142857142856,,,,,,267.14285714285717,,,,,,270.0,,,,,,95346.57142857143,,,,,,73270.0,,,1,3,MAG,17.0,73270.0,,
2023,6,25.58604651162791,24.3,26.3,34.66279069767442,30.0,45.0,1016.2406976744186,1016.0,1016.5,False,46.4953488372093,43.9,49.6,216.43023255813952,0.8081395348837209,1.6,NOR,24952.045454545456,42534.59090909091,23705.833333333332,18807.0,34258.0,19071.0,537876.5,4.0,,,,5.0,,,,,,2.6666666666666665,,,,,,269.55555555555554,,,,,,272.0,,,,,,91707.38888888889,,,,,,72254.0,,,1,3,NOR,10.0,72877.0,72377.0,72254.0
2023,6,25.58604651162791,24.3,26.3,34.66279069767442,30.0,45.0,1016.2406976744186,1016.0,1016.5,False,46.4953488372093,43.9,49.6,216.43023255813952,0.8081395348837209,1.6,OCO,24813.28,40804.44,24454.05,18728.0,33903.0,18922.0,356617.6,5.0,,,,6.0,,,,,,2.85,,,,,,262.85,,,,,,270.0,,,,,,90520.1,,,,,,71553.0,,,1,3,OCO,4.0,72967.0,72248.0,71553.0
2023,6,25.58604651162791,24.3,26.3,34.66279069767442,30.0,45.0,1016.2406976744186,1016.0,1016.5,False,46.4953488372093,43.9,49.6,216.43023255813952,0.8081395348837209,1.6,PER,29643.25,46139.0,24976.666666666668,19475.0,34813.0,19562.0,,,,,,1.0,,,,,,2.0,,,,,,269.3333333333333,,,,,,270.0,,,,,,100669.0,,,,,,73850.0,,,1,3,PER,20.0,73850.0,,
2023,6,25.58604651162791,24.3,26.3,34.66279069767442,30.0,45.0,1016.2406976744186,1016.0,1016.5,False,46.4953488372093,43.9,49.6,216.43023255813952,0.8081395348837209,1.6,PIA,24265.238095238095,40972.47619047619,25287.61111111111,18839.0,34302.0,19090.0,393834.3333333333,3.0,,,,4.0,,,,,,2.8333333333333335,,,,,,270.0,,,,,,272.0,,,,,,90596.0,,,,,,72395.0,,,1,3,PIA,11.0,73006.0,72395.0,
2023,6,25.58604651162791,24.3,26.3,34.66279069767442,30.0,45.0,1016.2406976744186,1016.0,1016.5,False,46.4953488372093,43.9,49.6,216.43023255813952,0.8081395348837209,1.6,RUS,24609.03448275862,41605.357142857145,24306.083333333332,18665.0,34101.0,19109.0,284299.0,6.0,,,,7.0,,,,,,2.909090909090909,,,,,,265.6363636363636,,,,,,274.0,,,,,,88863.72727272728,,,,,,71964.0,,,1,3,RUS,8.0,72769.0,72151.0,71964.0
2023,6,25.58604651162791,24.3,26.3,34.66279069767442,30.0,45.0,1016.2406976744186,1016.0,1016.5,False,46.4953488372093,43.9,49.6,216.43023255813952,0.8081395348837209,1.6,SAI,25883.444444444445,42295.2962962963,29442.304347826088,18774.0,33856.0,18935.0,268510.1666666667,6.0,,,,7.0,,,,,,2.9523809523809526,,,,,,265.3809523809524,,,,,,271.0,,,,,,93889.57142857143,,,,,,71630.0,,,1,3,SAI,5.0,72717.0,72210.0,71630.0
2023,6,25.58604651162791,24.3,26.3,34.66279069767442,30.0,45.0,1016.2406976744186,1016.0,1016.5,False,46.4953488372093,43.9,49.6,216.43023255813952,0.8081395348837209,1.6,SAR,24939.30769230769,39326.25,24243.1,19073.0,34617.0,19423.0,322902.5,2.0,,,,3.0,,,,,,2.3,,,,,,270.0,,,,,,272.0,,,,,,88460.4,,,,,,73113.0,,,1,3,SAR,16.0,73113.0,,
2023,6,25.58604651162791,24.3,26.3,34.66279069767442,30.0,45.0,1016.2406976744186,1016.0,1016.5,False,46.4953488372093,43.9,49.6,216.43023255813952,0.8081395348837209,1.6,STR,23601.61111111111,40046.11111111111,23953.666666666668,18853.0,34172.0,19469.0,417057.6666666667,3.0,,,,4.0,,,,,,2.8666666666666667,,,,,,267.46666666666664,,,,,,271.0,,,,,,85855.53333333334,,,,,,72623.0,,,1,3,STR,14.0,72722.0,72623.0,
2023,6,25.58604651162791,24.3,26.3,34.66279069767442,30.0,45.0,1016.2406976744186,1016.0,1016.5,False,46.4953488372093,43.9,49.6,216.43023255813952,0.8081395348837209,1.6,TSU,24685.48275862069,39662.71428571428,25672.391304347828,18746.0,34183.0,19105.0,298053.8333333333,6.0,,,,7.0,,,,,,3.0,,,,,,262.6818181818182,,,,,,270.0,,,,,,88172.09090909091,,,,,,72082.0,,,1,3,TSU,9.0,72642.0,72249.0,72082.0
2023,6,25.58604651162791,24.3,26.3,34.66279069767442,30.0,45.0,1016.2406976744186,1016.0,1016.5,False,46.4953488372093,43.9,49.6,216.43023255813952,0.8081395348837209,1.6,VER,24882.214285714286,42274.93103448276,25417.48,18642.0,33902.0,18821.0,317343.6,5.0,,,,6.0,,,,,,4.363636363636363,,,,,,257.8181818181818,,,,,,272.0,,,,,,92938.45454545454,,,,,,71365.0,,,1,3,VER,1.0,72386.0,71908.0,71365.0
2023,6,25.58604651162791,24.3,26.3,34.66279069767442,30.0,45.0,1016.2406976744186,1016.0,1016.5,False,46.4953488372093,43.9,49.6,216.43023255813952,0.8081395348837209,1.6,ZHO,25123.666666666668,41879.166666666664,24707.0,19070.0,34772.0,19497.0,557915.0,1.0,,,,2.0,,,,,,3.4545454545454546,,,,,,265.54545454545456,,,,,,269.0,,,,,,91450.45454545454,,,,,,73523.0,,,1,3,ZHO,19.0,73523.0,,
2023,7,20.85340909090909,20.5,21.5,71.94318181818181,67.0,77.0,1000.6363636363636,1000.5,1001.0,True,24.94090909090909,23.7,26.4,47.77272727272727,1.8352272727272727,3.4,ALB,25877.8,38167.0,29544.571428571428,22045.0,29815.0,22201.0,391680.5,2.0,,,,3.0,,,,,,2.0,,,,,,291.5,,,,,,296.0,,,,,,74788.0,,,,,,74063.0,,,1,3,ALB,18.0,74063.0,,
2023,7,20.85340909090909,20.5,21.5,71.94318181818181,67.0,77.0,1000.6363636363636,1000.5,1001.0,True,24.94090909090909,23.7,26.4,47.77272727272727,1.8352272727272727,3.4,ALO,25809.272727272728,34033.705882352944,27486.875,21889.0,29244.0,21695.0,508794.2,5.0,,,,6.0,,,,,,2.5,,,,,,291.3333333333333,,,,,,294.0,,,,,,74067.5,,,,,,73098.0,,,1,3,ALO,9.0,73747.0,73098.0,73507.0
2023,7,20.85340909090909,20.5,21.5,71.94318181818181,67.0,77.0,1000.6363636363636,1000.5,1001.0,True,24.94090909090909,23.7,26.4,47.77272727272727,1.8352272727272727,3.4,BOT,27501.14285714286,35224.2,33958.444444444445,22060.0,29679.0,22238.0,348064.0,2.0,,,,3.0,,,,,,2.75,,,,,,288.75,,,,,,291.0,,,,,,85321.0,,,,,,73977.0,,,1,3,BOT,16.0,73977.0,,
2023,7,20.85340909090909,20.5,21.5,71.94318181818181,67.0,77.0,1000.6363636363636,1000.5,1001.0,True,24.94090909090909,23.7,26.4,47.77272727272727,1.8352272727272727,3.4,DEV,26304.454545454544,33297.9375,32000.933333333334,21886.0,29501.0,22103.0,312975.6,5.0,,,,6.0,,,,,,3.0,,,,,,291.4,,,,,,293.0,,,,,,82492.6,,,,,,73581.0,,,1,3,DEV,14.0,73581.0,74083.0,
2023,7,20.85340909090909,20.5,21.5,71.94318181818181,67.0,77.0,1000.6363636363636,1000.5,1001.0,True,24.94090909090909,23.7,26.4,47.77272727272727,1.8352272727272727,3.4,GAS,25473.0,34822.75,29639.684210526317,21748.0,29211.0,21857.0,384162.5,6.0,,,,7.0,,,,,,2.857142857142857,,,,,,294.85714285714283,,,,,,297.0,,,,,,73829.0,,,,,,72816.0,,,1,3,GAS,4.0,73471.0,73186.0,72816.0
2023,7,20.85340909090909,20.5,21.5,71.94318181818181,67.0,77.0,1000.6363636363636,1000.5,1001.0,True,24.94090909090909,23.7,26.4,47.77272727272727,1.8352272727272727,3.4,HAM,26267.066666666666,34699.09090909091,28828.333333333332,21694.0,29154.0,21728.0,366670.3333333333,6.0,,,,7.0,,,,,,3.4444444444444446,,,,,,293.22222222222223,,,,,,295.0,,,,,,80778.77777777778,,,,,,72818.0,,,1,3,HAM,5.0,72937.0,72999.0,72818.0
2023,7,20.85340909090909,20.5,21.5,71.94318181818181,67.0,77.0,1000.6363636363636,1000.5,1001.0,True,24.94090909090909,23.7,26.4,47.77272727272727,1.8352272727272727,3.4,HUL,23434.363636363636,33633.58823529412,28191.29411764706,21790.0,29484.0,21895.0,466723.0,5.0,,,,6.0,,,,,,3.0,,,,,,293.5,,,,,,297.0,,,,,,73962.83333333333,,,,,,73229.0,,,1,3,HUL,8.0,73420.0,73283.0,73229.0
2023,7,20.85340909090909,20.5,21.5,71.94318181818181,67.0,77.0,1000.6363636363636,1000.5,1001.0,True,24.94090909090909,23.7,26.4,47.77272727272727,1.8352272727272727,3.4,LEC,25773.14285714286,36926.22222222222,30739.333333333332,21962.0,29746.0,22371.0,271472.0,2.0,,,,3.0,,,,,,3.2,,,,,,285.8,,,,,,294.0,,,,,,88070.0,,,,,,74079.0,,,1,3,LEC,19.0,74079.0,,
2023,7,20.85340909090909,20.5,21.5,71.94318181818181,67.0,77.0,1000.6363636363636,1000.5,1001.0,True,24.94090909090909,23.7,26.4,47.77272727272727,1.8352272727272727,3.4,MAG,23331.6,34329.625,27533.125,21968.0,29732.0,22342.0,388696.0,2.0,,,,3.0,,,,,,3.0,,,,,,295.3333333333333,,,,,,296.0,,,,,,74698.0,,,,,,74042.0,,,1,3,MAG,17.0,74042.0,,
2023,7,20.85340909090909,20.5,21.5,71.94318181818181,67.0,77.0,1000.6363636363636,1000.5,1001.0,True,24.94090909090909,23.7,26.4,47.77272727272727,1.8352272727272727,3.4,NOR,25208.933333333334,35017.28571428572,28645.35,21720.0,29253.0,21644.0,361686.1666666667,6.0,,,,7.0,,,,,,3.125,,,,,,287.875,,,,,,295.0,,,,,,78979.25,,,,,,72776.0,,,1,3,NOR,3.0,73295.0,72776.0,72792.0
2023,7,20.85340909090909,20.5,21.5,71.94318181818181,67.0,77.0,1000.6363636363636,1000.5,1001.0,True,24.94090909090909,23.7,26.4,47.77272727272727,1.8352272727272727,3.4,OCO,24551.384615384617,35707.7,29728.736842105263,21737.0,29285.0,21909.0,376428.1666666667,6.0,,,,7.0,,,,,,2.857142857142857,,,,,,293.42857142857144,,,,,,295.0,,,,,,73654.85714285714,,,,,,73001.0,,,1,3,OCO,7.0,73433.0,73001.0,73083.0
2023,7,20.85340909090909,20.5,21.5,71.94318181818181,67.0,77.0,1000.6363636363636,1000.5,1001.0,True,24.94090909090909,23.7,26.4,47.77272727272727,1.8352272727272727,3.4,PER,25451.416666666668,38340.23529411765,30716.5,21788.0,29578.0,21919.0,358384.25,4.0,,,,5.0,,,,,,3.857142857142857,,,,,,292.7142857142857,,,,,,297.0,,,,,,89573.0,,,,,,73334.0,,,1,3,PER,11.0,73874.0,73334.0,
2023,7,20.85340909090909,20.5,21.5,71.94318181818181,67.0,77.0,1000.6363636363636,1000.5,1001.0,True,24.94090909090909,23.7,26.4,47.77272727272727,1.8352272727272727,3.4,PIA,24923.615384615383,34502.15789473684,32775.5,21754.0,29269.0,21804.0,389339.3333333333,6.0,,,,7.0,,,,,,3.0,,,,,,294.0,,,,,,295.0,,,,,,80666.5,,,,,,73059.0,,,1,3,PIA,10.0,73691.0,73059.0,73682.0
2023,7,20.85340909090909,20.5,21.5,71.94318181818181,67.0,77.0,1000.6363636363636,1000.5,1001.0,True,24.94090909090909,23.7,26.4,47.77272727272727,1.8352272727272727,3.4,RUS,25605.923076923078,35169.35294117647,29332.882352941175,21647.0,29574.0,21876.0,366298.0,4.0,,,,5.0,,,,,,3.625,,,,,,293.875,,,,,,296.0,,,,,,80912.25,,,,,,73326.0,,,1,3,RUS,12.0,73326.0,73447.0,
2023,7,20.85340909090909,20.5,21.5,71.94318181818181,67.0,77.0,1000.6363636363636,1000.5,1001.0,True,24.94090909090909,23.7,26.4,47.77272727272727,1.8352272727272727,3.4,SAI,26761.4,36094.47619047619,29327.55,21696.0,29257.0,21730.0,333121.5,6.0,,,,7.0,,,,,,3.3333333333333335,,,,,,278.55555555555554,,,,,,297.0,,,,,,83289.77777777778,,,,,,72734.0,,,1,3,SAI,2.0,73411.0,72790.0,72734.0
2023,7,20.85340909090909,20.5,21.5,71.94318181818181,67.0,77.0,1000.6363636363636,1000.5,1001.0,True,24.94090909090909,23.7,26.4,47.77272727272727,1.8352272727272727,3.4,SAR,25275.5,36654.833333333336,29826.833333333332,22193.0,30209.0,22297.0,209950.0,1.0,,,,2.0,,,,,,2.0,,,,,,294.0,,,,,,295.0,,,,,,75134.0,,,,,,74699.0,,,1,3,SAR,20.0,74699.0,,
2023,7,20.85340909090909,20.5,21.5,71.94318181818181,67.0,77.0,1000.6363636363636,1000.5,1001.0,True,24.94090909090909,23.7,26.4,47.77272727272727,1.8352272727272727,3.4,STR,24962.6,34767.0,28602.95238095238,21806.0,29262.0,21887.0,354626.8333333333,6.0,,,,7.0,,,,,,3.0,,,,,,288.8888888888889,,,,,,294.0,,,,,,78444.77777777778,,,,,,72994.0,,,1,3,STR,6.0,73766.0,73082.0,72994.0
2023,7,20.85340909090909,20.5,21.5,71.94318181818181,67.0,77.0,1000.6363636363636,1000.5,1001.0,True,24.94090909090909,23.7,26.4,47.77272727272727,1.8352272727272727,3.4,TSU,25044.53846153846,34525.0,29459.222222222223,21830.0,29486.0,22000.0,260389.2,5.0,,,,6.0,,,,,,4.125,,,,,,291.125,,,,,,295.0,,,,,,83891.375,,,,,,73316.0,,,1,3,TSU,15.0,73862.0,74477.0,
2023,7,20.85340909090909,20.5,21.5,71.94318181818181,67.0,77.0,1000.6363636363636,1000.5,1001.0,True,24.94090909090909,23.7,26.4,47.77272727272727,1.8352272727272727,3.4,VER,27344.64285714286,39691.15789473684,27727.166666666668,21536.0,28903.0,21672.0,438380.0,5.0,,,,5.0,,,,,,4.875,,,,,,274.375,,,,,,297.0,,,,,,94604.875,,,,,,72272.0,,,1,3,VER,1.0,73615.0,72760.0,72272.0
2023,7,20.85340909090909,20.5,21.5,71.94318181818181,67.0,77.0,1000.6363636363636,1000.5,1001.0,True,24.94090909090909,23.7,26.4,47.77272727272727,1.8352272727272727,3.4,ZHO,27030.81818181818,35222.875,33652.666666666664,21945.0,29643.0,21840.0,363958.0,4.0,,,,5.0,,,,,,3.3333333333333335,,,,,,292.0,,,,,,294.0,,,,,,81372.83333333333,,,,,,73521.0,,,1,3,ZHO,13.0,73677.0,73521.0,
2023,8,16.46629213483146,15.9,16.8,87.71910112359551,85.0,92.0,1004.9123595505617,1004.7,1005.2,True,18.456179775280898,17.9,19.1,338.55056179775283,2.7842696629213486,4.0,ALB,27676.68181818182,28739.272727272728,36117.84210526316,22921.0,24835.0,30773.0,417011.6,5.0,,6.0,,4.0,,,,3.769230769230769,,2.5,,,,279.46153846153845,,293.75,,,,285.0,,296.0,,,,92670.61538461539,,86983.25,,,,81938.0,,78725.0,,,2,4,ALB,10.0,81938.0,78725.0,
2023,8,16.46629213483146,15.9,16.8,87.71910112359551,85.0,92.0,1004.9123595505617,1004.7,1005.2,True,18.456179775280898,17.9,19.1,338.55056179775283,2.7842696629213486,4.0,ALO,28167.12,29240.32,36860.5,22787.0,25145.0,31768.0,340228.0,5.0,,6.0,,4.0,,,,4.588235294117647,,1.5,,,,277.8235294117647,,288.0,,,,287.0,,288.0,,,,94243.0,,88748.5,,,,79776.0,,81365.0,,,2,4,ALO,3.0,81481.0,79776.0,87286.0
2023,8,16.46629213483146,15.9,16.8,87.71910112359551,85.0,92.0,1004.9123595505617,1004.7,1005.2,True,18.456179775280898,17.9,19.1,338.55056179775283,2.7842696629213486,4.0,BOT,27395.545454545456,29104.652173913044,38160.95238095238,23719.0,26103.0,31618.0,185168.75,4.0,,5.0,,4.0,,,,5.714285714285714,,2.5,,,,276.7142857142857,,287.75,,,,285.0,,289.0,,,,93539.21428571429,,89249.0,,,,81821.0,,81939.0,,,2,4,BOT,15.0,82332.0,81821.0,
2023,8,16.46629213483146,15.9,16.8,87.71910112359551,85.0,92.0,1004.9123595505617,1004.7,1005.2,True,18.456179775280898,17.9,19.1,338.55056179775283,2.7842696629213486,4.0,DEV,28204.909090909092,29260.272727272728,36242.7,24062.0,26613.0,32433.999999999996,202488.5,2.0,,3.0,,,,,,2.4444444444444446,,,,,,278.1111111111111,,,,,,281.0,,,,,,91821.66666666667,,,,,,83137.0,,,,,2,4,DEV,18.0,83137.0,,
2023,8,16.46629213483146,15.9,16.8,87.71910112359551,85.0,92.0,1004.9123595505617,1004.7,1005.2,True,18.456179775280898,17.9,19.1,338.55056179775283,2.7842696629213486,4.0,GAS,26491.909090909092,29795.090909090908,35356.2,23723.0,26244.0,32143.0,,,,1.0,,,,,,5.5,,,,,,273.3,,,,,,279.0,,,,,,90141.0,,,,,,82886.0,,,,,2,4,GAS,17.0,82886.0,,
2023,8,16.46629213483146,15.9,16.8,87.71910112359551,85.0,92.0,1004.9123595505617,1004.7,1005.2,True,18.456179775280898,17.9,19.1,338.55056179775283,2.7842696629213486,4.0,HAM,28704.4,29562.375,38095.28571428572,22948.0,25046.0,31817.0,298067.5,6.0,,7.0,,4.0,,,,4.611111111111111,,1.0,,,,275.3333333333333,,285.0,,,,288.0,,285.0,,,,93610.16666666667,,95150.0,,,,80426.0,,95150.0,,,2,4,HAM,4.0,81554.0,80426.0,87627.0
2023,8,16.46629213483146,15.9,16.8,87.71910112359551,85.0,92.0,1004.9123595505617,1004.7,1005.2,True,18.456179775280898,17.9,19.1,338.55056179775283,2.7842696629213486,4.0,HUL,27017.043478260868,28121.434782608696,36872.0,22928.0,25253.0,31773.0,310356.50000000006,6.0,,6.0,,5.0,,,,5.0,,2.0,,,,273.2857142857143,,288.0,,,,284.0,,289.0,,,,90870.0,,84741.66666666667,,,,82730.0,,80305.0,,,2,4,HUL,2.0,82730.0,80305.0,87102.0
2023,8,16.46629213483146,15.9,16.8,87.71910112359551,85.0,92.0,1004.9123595505617,1004.7,1005.2,True,18.456179775280898,17.9,19.1,338.55056179775283,2.7842696629213486,4.0,LEC,26510.363636363636,28436.727272727272,38363.05263157895,23397.0,25314.0,31583.0,194254.5,4.0,,5.0,,4.0,,,,5.3076923076923075,,2.5,,,,281.15384615384613,,288.75,,,,290.0,,292.0,,,,93188.23076923077,,85475.75,,,,80615.0,,80824.0,,,2,4,LEC,11.0,81843.0,80615.0,
2023,8,16.46629213483146,15.9,16.8,87.71910112359551,85.0,92.0,1004.9123595505617,1004.7,1005.2,True,18.456179775280898,17.9,19.1,338.55056179775283,2.7842696629213486,4.0,MAG,26829.904761904763,28232.85,41622.77777777778,23794.0,25762.0,31916.0,155531.00000000003,6.0,,7.0,,6.0,,,,2.6666666666666665,,1.5,,,,278.8333333333333,,280.5,,,,284.0,,288.0,,,,93655.0,,88553.0,,,,81678.0,,84155.0,,,2,4,MAG,14.0,82351.0,81678.0,
2023,8,16.46629213483146,15.9,16.8,87.71910112359551,85.0,92.0,1004.9123595505617,1004.7,1005.2,True,18.456179775280898,17.9,19.1,338.55056179775283,2.7842696629213486,4.0,NOR,27095.291666666668,28996.346153846152,36160.63636363636,23030.0,25094.0,31065.0,366162.4,5.0,,5.0,,4.0,,,,4.0,,3.5,,,,274.6923076923077,,281.5,,,,279.0,,288.0,,,,92896.23076923077,,86144.33333333333,,,,81998.0,,79347.0,,,2,4,NOR,7.0,81998.0,79347.0,88046.0
2023,8,16.46629213483146,15.9,16.8,87.71910112359551,85.0,92.0,1004.9123595505617,1004.7,1005.2,True,18.456179775280898,17.9,19.1,338.55056179775283,2.7842696629213486,4.0,OCO,27434.739130434784,28942.375,36381.25,23232.0,25478.0,31481.0,371521.4,5.0,,5.0,,4.0,,,,4.142857142857143,,2.5,,,,276.0,,283.75,,,,289.0,,285.0,,,,92094.14285714286,,86138.75,,,,80849.0,,80406.0,,,2,4,OCO,6.0,82114.0,80406.0,87945.0
2023,8,16.46629213483146,15.9,16.8,87.71910112359551,85.0,92.0,1004.9123595505617,1004.7,1005.2,True,18.456179775280898,17.9,19.1,338.55056179775283,2.7842696629213486,4.0,PER,25833.333333333332,28350.272727272728,37778.380952380954,23329.0,25618.0,31682.0,173121.75,4.0,,5.0,,4.0,,,,4.125,,1.5,,,,280.4375,,290.5,,,,290.0,,291.0,,,,90923.625,,90176.5,,,,80959.0,,83391.0,,,2,4,PER,12.0,82151.0,80959.0,
2023,8,16.46629213483146,15.9,16.8,87.71910112359551,85.0,92.0,1004.9123595505617,1004.7,1005.2,True,18.456179775280898,17.9,19.1,338.55056179775283,2.7842696629213486,4.0,PIA,28565.291666666668,29373.347826086956,37308.95,22619.0,25308.0,31310.0,330130.75,4.0,,5.0,,4.0,,,,3.7142857142857144,,3.0,,,,278.0,,283.2,,,,287.0,,290.0,,,,94911.85714285714,,84913.0,,,,80447.0,,79659.0,,,2,4,PIA,9.0,82190.0,79659.0,91349.0
2023,8,16.46629213483146,15.9,16.8,87.71910112359551,85.0,92.0,1004.9123595505617,1004.7,1005.2,True,18.456179775280898,17.9,19.1,338.55056179775283,2.7842696629213486,4.0,RUS,28184.72,29573.782608695652,38821.47368421053,23090.0,25282.0,31676.0,317062.1666666667,6.0,,7.0,,4.0,,,,4.647058823529412,,1.0,,,,276.3529411764706,,287.0,,,,287.0,,287.0,,,,95360.94117647059,,94376.0,,,,80098.0,,94376.0,,,2,4,RUS,5.0,81798.0,80098.0,87893.0
2023,8,16.46629213483146,15.9,16.8,87.71910112359551,85.0,92.0,1004.9123595505617,1004.7,1005.2,True,18.456179775280898,17.9,19.1,338.55056179775283,2.7842696629213486,4.0,SAI,27655.48,28749.48,38172.13636363636,22951.0,25135.0,31405.0,351722.2,5.0,,6.0,,4.0,,,,4.75,,2.5,,,,277.125,,289.0,,,,290.0,,292.0,,,,94076.875,,88360.75,,,,80777.0,,79856.0,,,2,4,SAI,8.0,82248.0,79856.0,89294.0
2023,8,16.46629213483146,15.9,16.8,87.71910112359551,85.0,92.0,1004.9123595505617,1004.7,1005.2,True,18.456179775280898,17.9,19.1,338.55056179775283,2.7842696629213486,4.0,SAR,27625.5,28753.076923076922,37357.61538461538,24182.0,26687.0,32262.999999999996,168364.5,2.0,,3.0,,,,,,3.8181818181818183,,,,,,280.3636363636364,,,,,,283.0,,,,,,91912.18181818182,,,,,,83337.0,,,,,2,4,SAR,19.0,83337.0,,
2023,8,16.46629213483146,15.9,16.8,87.71910112359551,85.0,92.0,1004.9123595505617,1004.7,1005.2,True,18.456179775280898,17.9,19.1,338.55056179775283,2.7842696629213486,4.0,STR,27157.55,29519.35,40315.58823529412,23101.0,26053.0,32276.000000000004,191793.2,5.0,,5.0,,6.0,,,,4.333333333333333,,1.5,,,,278.6666666666667,,273.0,,,,286.0,,276.0,,,,89745.75,,95948.5,,,,81484.0,,92170.0,,,2,4,STR,13.0,82677.0,81484.0,
2023,8,16.46629213483146,15.9,16.8,87.71910112359551,85.0,92.0,1004.9123595505617,1004.7,1005.2,True,18.456179775280898,17.9,19.1,338.55056179775283,2.7842696629213486,4.0,TSU,29378.636363636364,29036.636363636364,39217.11111111111,23999.0,26481.0,32266.0,205098.00000000012,2.0,,3.0,,,,,,2.5,,,,,,278.5,,,,,,281.0,,,,,,92495.0,,,,,,82746.0,,,,,2,4,TSU,16.0,82746.0,,
2023,8,16.46629213483146,15.9,16.8,87.71910112359551,85.0,92.0,1004.9123595505617,1004.7,1005.2,True,18.456179775280898,17.9,19.1,338.55056179775283,2.7842696629213486,4.0,VER,25618.904761904763,28678.08,34863.27272727273,22949.0,25126.0,30795.0,314119.2,5.0,,5.0,,4.0,,,,5.6923076923076925,,3.0,,,,278.0,,289.2,,,,290.0,,294.0,,,,88047.30769230769,,84520.0,,,,80135.0,,79092.0,,,2,4,VER,1.0,80851.0,79092.0,85858.0
2023,8,16.46629213483146,15.9,16.8,87.71910112359551,85.0,92.0,1004.9123595505617,1004.7,1005.2,True,18.456179775280898,17.9,19.1,338.55056179775283,2.7842696629213486,4.0,ZHO,33217.181818181816,29234.9,39055.77777777778,24088.0,26719.0,32534.999999999996,158192.5,2.0,,3.0,,,,,,2.625,,,,,,275.5,,,,,,279.0,,,,,,91615.25,,,,,,83342.0,,,,,2,4,ZHO,20.0,83342.0,,
2023,9,26.7,25.8,28.0,41.576470588235296,35.0,46.0,930.5976470588236,930.4,930.9,False,39.60941176470588,36.9,44.4,147.87058823529412,0.8411764705882353,1.8,ALB,18970.64285714286,34725.0,25953.75,16346.0,29225.0,19683.0,333179.00000000006,6.0,,,,7.0,,,,,,2.857142857142857,,,,,,286.7142857142857,,,,,,290.0,,,,,,65832.14285714286,,,,,,65340.0,,,1,1,ALB,10.0,65673.0,65387.0,65823.0
2023,9,26.7,25.8,28.0,41.576470588235296,35.0,46.0,930.5976470588236,930.4,930.9,False,39.60941176470588,36.9,44.4,147.87058823529412,0.8411764705882353,1.8,ALO,18845.36842105263,35833.03846153846,25155.32,16399.0,28919.0,19542.0,255178.42857142858,7.0,,,,8.0,,,,,,3.0,,,,,,278.6363636363636,,,,,,285.0,,,,,,71571.72727272728,,,,,,64911.0,,,1,1,ALO,7.0,65655.0,65181.0,64911.0
2023,9,26.7,25.8,28.0,41.576470588235296,35.0,46.0,930.5976470588236,930.4,930.9,False,39.60941176470588,36.9,44.4,147.87058823529412,0.8411764705882353,1.8,BOT,19028.5,34439.692307692305,29435.076923076922,16518.0,29179.0,19736.0,347185.25,4.0,,,,5.0,,,,,,2.0,,,,,,286.25,,,,,,287.0,,,,,,65726.0,,,,,,65513.00000000001,,,1,1,BOT,14.0,65763.0,65680.0,
2023,9,26.7,25.8,28.0,41.576470588235296,35.0,46.0,930.5976470588236,930.4,930.9,False,39.60941176470588,36.9,44.4,147.87058823529412,0.8411764705882353,1.8,DEV,19256.0,36627.2,28708.7,16719.0,29322.0,19844.0,350275.5,2.0,,,,3.0,,,,,,2.25,,,,,,280.5,,,,,,284.0,,,,,,76810.5,,,,,,65974.0,,,1,1,DEV,20.0,65974.0,,
2023,9,26.7,25.8,28.0,41.576470588235296,35.0,46.0,930.5976470588236,930.4,930.9,False,39.60941176470588,36.9,44.4,147.87058823529412,0.8411764705882353,1.8,GAS,19793.571428571428,34888.7,25895.894736842107,16398.0,29028.0,19595.0,362923.8333333333,6.0,,,,7.0,,,,,,2.857142857142857,,,,,,285.2857142857143,,,,,,286.0,,,,,,65625.42857142857,,,,,,65084.0,,,1,1,GAS,9.0,65515.0,65308.00000000001,65170.0
2023,9,26.7,25.8,28.0,41.576470588235296,35.0,46.0,930.5976470588236,930.4,930.9,False,39.60941176470588,36.9,44.4,147.87058823529412,0.8411764705882353,1.8,HAM,19947.38888888889,36657.25,27061.260869565216,16312.000000000002,28975.0,19532.0,313536.5,6.0,,,,7.0,,,,,,3.3636363636363638,,,,,,272.6363636363636,,,,,,286.0,,,,,,83770.45454545454,,,,,,64819.0,,,1,1,HAM,5.0,65673.0,65188.0,64819.0
2023,9,26.7,25.8,28.0,41.576470588235296,35.0,46.0,930.5976470588236,930.4,930.9,False,39.60941176470588,36.9,44.4,147.87058823529412,0.8411764705882353,1.8,HUL,20373.777777777777,37836.583333333336,27793.81818181818,16392.0,28940.0,19758.0,371558.8,5.0,,,,6.0,,,,,,3.0833333333333335,,,,,,255.66666666666666,,,,,,288.0,,,,,,83969.25,,,,,,65090.0,,,1,1,HUL,8.0,65740.0,65361.99999999999,65090.0
2023,9,26.7,25.8,28.0,41.576470588235296,35.0,46.0,930.5976470588236,930.4,930.9,False,39.60941176470588,36.9,44.4,147.87058823529412,0.8411764705882353,1.8,LEC,20376.1,38153.96,28089.2,16335.999999999998,28686.0,19417.0,348397.0,5.0,,,,6.0,,,,,,5.142857142857143,,,,,,268.85714285714283,,,,,,289.0,,,,,,84527.64285714286,,,,,,64438.99999999999,,,1,1,LEC,2.0,65577.0,65087.0,64438.99999999999
2023,9,26.7,25.8,28.0,41.576470588235296,35.0,46.0,930.5976470588236,930.4,930.9,False,39.60941176470588,36.9,44.4,147.87058823529412,0.8411764705882353,1.8,MAG,23007.125,42240.5,29150.222222222223,16553.0,29227.0,19841.0,573990.0,1.0,,,,2.0,,,,,,3.1666666666666665,,,,,,240.16666666666666,,,,,,286.0,,,,,,92250.5,,,,,,65793.0,,,1,1,MAG,19.0,65971.0,,
2023,9,26.7,25.8,28.0,41.576470588235296,35.0,46.0,930.5976470588236,930.4,930.9,False,39.60941176470588,36.9,44.4,147.87058823529412,0.8411764705882353,1.8,NOR,19948.933333333334,37023.5,28921.190476190477,16358.0,28808.0,19492.0,333931.6666666667,6.0,,,,7.0,,,,,,3.111111111111111,,,,,,267.3333333333333,,,,,,287.0,,,,,,79649.55555555556,,,,,,64658.0,,,1,1,NOR,4.0,65617.0,65038.0,64658.0
2023,9,26.7,25.8,28.0,41.576470588235296,35.0,46.0,930.5976470588236,930.4,930.9,False,39.60941176470588,36.9,44.4,147.87058823529412,0.8411764705882353,1.8,OCO,19171.9,35091.8,28333.214285714286,16475.0,29124.0,19593.0,333611.25,4.0,,,,5.0,,,,,,3.0,,,,,,284.5,,,,,,286.0,,,,,,70862.5,,,,,,65295.0,,,1,1,OCO,12.0,65729.0,65453.0,
2023,9,26.7,25.8,28.0,41.576470588235296,35.0,46.0,930.5976470588236,930.4,930.9,False,39.60941176470588,36.9,44.4,147.87058823529412,0.8411764705882353,1.8,PER,21904.35714285714,41337.22222222222,29388.666666666668,16438.0,28839.0,19559.0,259026.75,4.0,,,,5.0,,,,,,3.2222222222222223,,,,,,255.88888888888889,,,,,,290.0,,,,,,85302.88888888889,,,,,,64989.99999999999,,,1,1,PER,15.0,65177.00000000001,126688.0,
2023,9,26.7,25.8,28.0,41.576470588235296,35.0,46.0,930.5976470588236,930.4,930.9,False,39.60941176470588,36.9,44.4,147.87058823529412,0.8411764705882353,1.8,PIA,21491.066666666666,39113.72222222222,28713.61111111111,16519.0,29081.0,19613.0,372029.6666666667,3.0,,,,4.0,,,,,,3.1818181818181817,,,,,,265.3636363636364,,,,,,286.0,,,,,,88258.90909090909,,,,,,65212.99999999999,,,1,1,PIA,13.0,65683.0,65605.0,
2023,9,26.7,25.8,28.0,41.576470588235296,35.0,46.0,930.5976470588236,930.4,930.9,False,39.60941176470588,36.9,44.4,147.87058823529412,0.8411764705882353,1.8,RUS,20741.6,35881.55,27541.8,16515.0,29097.0,19704.0,197277.6,5.0,,,,6.0,,,,,,3.2,,,,,,284.6,,,,,,287.0,,,,,,77530.4,,,,,,65408.0,,,1,1,RUS,11.0,65686.0,65428.0,
2023,9,26.7,25.8,28.0,41.576470588235296,35.0,46.0,930.5976470588236,930.4,930.9,False,39.60941176470588,36.9,44.4,147.87058823529412,0.8411764705882353,1.8,SAI,24689.894736842107,37330.166666666664,27953.041666666668,16303.999999999998,28785.0,19479.0,306843.66666666657,6.0,,,,7.0,,,,,,4.636363636363637,,,,,,274.6363636363636,,,,,,289.0,,,,,,79646.72727272728,,,,,,64581.0,,,1,1,SAI,3.0,65339.0,64974.99999999999,64581.0
2023,9,26.7,25.8,28.0,41.576470588235296,35.0,46.0,930.5976470588236,930.4,930.9,False,39.60941176470588,36.9,44.4,147.87058823529412,0.8411764705882353,1.8,SAR,17688.666666666668,34256.444444444445,31418.555555555555,16463.0,29383.0,20102.0,360329.5,2.0,,,,3.0,,,,,,2.0,,,,,,286.0,,,,,,289.0,,,,,,66487.66666666667,,,,,,65948.0,,,1,1,SAR,18.0,65948.0,,
2023,9,26.7,25.8,28.0,41.576470588235296,35.0,46.0,930.5976470588236,930.4,930.9,False,39.60941176470588,36.9,44.4,147.87058823529412,0.8411764705882353,1.8,STR,20900.63157894737,38549.32,28304.08695652174,16388.0,28969.0,19536.0,361196.79999999993,5.0,,,,6.0,,,,,,3.4615384615384617,,,,,,272.9230769230769,,,,,,286.0,,,,,,85478.30769230769,,,,,,64893.0,,,1,1,STR,6.0,65710.0,65120.99999999999,64893.0
2023,9,26.7,25.8,28.0,41.576470588235296,35.0,46.0,930.5976470588236,930.4,930.9,False,39.60941176470588,36.9,44.4,147.87058823529412,0.8411764705882353,1.8,TSU,18914.14285714286,34602.1,27983.1,16600.0,29329.0,19852.0,355798.5,2.0,,,,3.0,,,,,,2.25,,,,,,282.5,,,,,,284.0,,,,,,73534.0,,,,,,65784.0,,,1,1,TSU,16.0,65784.0,,
2023,9,26.7,25.8,28.0,41.576470588235296,35.0,46.0,930.5976470588236,930.4,930.9,False,39.60941176470588,36.9,44.4,147.87058823529412,0.8411764705882353,1.8,VER,25494.38888888889,41577.434782608696,27764.91304347826,16300.0,28732.0,19359.0,357371.5999999999,5.0,,,,6.0,,,,,,4.583333333333333,,,,,,245.41666666666666,,,,,,290.0,,,,,,92950.5,,,,,,64391.00000000001,,,1,1,VER,1.0,65116.0,64950.99999999999,64391.00000000001
2023,9,26.7,25.8,28.0,41.576470588235296,35.0,46.0,930.5976470588236,930.4,930.9,False,39.60941176470588,36.9,44.4,147.87058823529412,0.8411764705882353,1.8,ZHO,19316.5,36813.666666666664,29956.5,16537.0,29239.0,19892.0,358407.5,2.0,,,,3.0,,,,,,2.0,,,,,,285.0,,,,,,286.0,,,,,,66096.0,,,,,,65818.0,,,1,1,ZHO,17.0,65818.0,,
2023,10,21.29787234042553,20.7,22.8,78.3936170212766,69.0,82.0,999.3968085106384,998.7,999.7,True,22.92659574468085,21.3,26.9,212.72340425531914,2.672340425531915,4.1,ALB,33477.21052631579,42462.666666666664,29141.791666666668,27562.0,35551.0,24368.0,336545.6666666667,6.0,,,,7.0,,,,,,3.4166666666666665,,,,,,247.08333333333334,,,,,,253.0,,,,,,97542.5,,,,,,87530.0,,,1,4,ALB,8.0,89466.0,88067.0,87530.0
2023,10,21.29787234042553,20.7,22.8,78.3936170212766,69.0,82.0,999.3968085106384,998.7,999.7,True,22.92659574468085,21.3,26.9,212.72340425531914,2.672340425531915,4.1,ALO,31181.70588235294,42386.30434782609,29436.863636363636,27635.0,35589.0,24318.0,356181.0,6.0,,,,7.0,,,,,,3.4545454545454546,,,,,,247.0909090909091,,,,,,252.0,,,,,,95411.72727272728,,,,,,87659.0,,,1,4,ALO,9.0,89949.0,88368.0,87659.0
2023,10,21.29787234042553,20.7,22.8,78.3936170212766,69.0,82.0,999.3968085106384,998.7,999.7,True,22.92659574468085,21.3,26.9,212.72340425531914,2.672340425531915,4.1,BOT,38787.11111111111,41147.4,28896.222222222223,28130.0,36328.0,25340.0,276239.0,2.0,,,,3.0,,,,,,3.6666666666666665,,,,,,246.33333333333334,,,,,,252.0,,,,,,99018.83333333333,,,,,,89798.0,,,1,4,BOT,15.0,89798.0,,
2023,10,21.29787234042553,20.7,22.8,78.3936170212766,69.0,82.0,999.3968085106384,998.7,999.7,True,22.92659574468085,21.3,26.9,212.72340425531914,2.672340425531915,4.1,DEV,34802.333333333336,43351.6,31261.3,28276.0,36330.0,25907.0,315246.5,2.0,,,,3.0,,,,,,2.8333333333333335,,,,,,245.0,,,,,,250.0,,,,,,106027.33333333333,,,,,,90513.0,,,1,4,DEV,18.0,90513.0,,
2023,10,21.29787234042553,20.7,22.8,78.3936170212766,69.0,82.0,999.3968085106384,998.7,999.7,True,22.92659574468085,21.3,26.9,212.72340425531914,2.672340425531915,4.1,GAS,32563.555555555555,42786.913043478264,30037.391304347828,27668.0,35641.0,24321.0,417982.8,5.0,,,,6.0,,,,,,3.5833333333333335,,,,,,246.66666666666666,,,,,,252.0,,,,,,100044.58333333333,,,,,,87689.0,,,1,4,GAS,10.0,89533.0,88751.0,87689.0
2023,10,21.29787234042553,20.7,22.8,78.3936170212766,69.0,82.0,999.3968085106384,998.7,999.7,True,22.92659574468085,21.3,26.9,212.72340425531914,2.672340425531915,4.1,HAM,33372.78947368421,43831.24,29969.541666666668,27610.0,35407.0,24194.0,335452.0,6.0,,,,7.0,,,,,,3.5833333333333335,,,,,,240.75,,,,,,255.0,,,,,,103425.66666666667,,,,,,87211.0,,,1,4,HAM,7.0,89415.0,88545.0,87211.0
2023,10,21.29787234042553,20.7,22.8,78.3936170212766,69.0,82.0,999.3968085106384,998.7,999.7,True,22.92659574468085,21.3,26.9,212.72340425531914,2.672340425531915,4.1,HUL,32899.38461538462,41991.117647058825,30651.125,28066.0,35877.0,24953.0,411464.0,4.0,,,,5.0,,,,,,3.0,,,,,,242.55555555555554,,,,,,251.0,,,,,,104006.33333333333,,,,,,88896.0,,,1,4,HUL,11.0,89603.0,88896.0,
2023,10,21.29787234042553,20.7,22.8,78.3936170212766,69.0,82.0,999.3968085106384,998.7,999.7,True,22.92659574468085,21.3,26.9,212.72340425531914,2.672340425531915,4.1,LEC,33370.36842105263,41617.375,30271.75,27461.0,35384.0,24291.0,335738.1666666667,6.0,,,,7.0,,,,,,3.6153846153846154,,,,,,244.15384615384616,,,,,,254.0,,,,,,102494.53846153847,,,,,,87136.0,,,1,4,LEC,4.0,89143.0,88361.0,87136.0
2023,10,21.29787234042553,20.7,22.8,78.3936170212766,69.0,82.0,999.3968085106384,998.7,999.7,True,22.92659574468085,21.3,26.9,212.72340425531914,2.672340425531915,4.1,MAG,39464.666666666664,45922.0,34635.57142857143,28284.0,36903.0,27036.0,31188.0,1.0,,,,2.0,,,,,,3.5,,,,,,245.0,,,,,,247.0,,,,,,116792.25,,,,,,92378.0,,,1,4,MAG,19.0,92378.0,,
2023,10,21.29787234042553,20.7,22.8,78.3936170212766,69.0,82.0,999.3968085106384,998.7,999.7,True,22.92659574468085,21.3,26.9,212.72340425531914,2.672340425531915,4.1,NOR,34040.7,42896.72,29576.083333333332,27544.0,35312.0,24105.0,321660.5,6.0,,,,7.0,,,,,,3.3636363636363638,,,,,,245.27272727272728,,,,,,253.0,,,,,,96108.09090909091,,,,,,86961.0,,,1,4,NOR,2.0,88917.0,88042.0,86961.0
2023,10,21.29787234042553,20.7,22.8,78.3936170212766,69.0,82.0,999.3968085106384,998.7,999.7,True,22.92659574468085,21.3,26.9,212.72340425531914,2.672340425531915,4.1,OCO,31883.928571428572,42270.444444444445,31078.117647058825,28087.0,35843.0,24874.0,458520.3333333333,3.0,,,,4.0,,,,,,3.6,,,,,,245.2,,,,,,251.0,,,,,,101939.5,,,,,,88956.0,,,1,4,OCO,13.0,89700.0,88956.0,
2023,10,21.29787234042553,20.7,22.8,78.3936170212766,69.0,82.0,999.3968085106384,998.7,999.7,True,22.92659574468085,21.3,26.9,212.72340425531914,2.672340425531915,4.1,PER,32682.875,43584.1,31933.6,28318.0,36097.0,25553.0,277067.5,2.0,,,,3.0,,,,,,3.8333333333333335,,,,,,235.16666666666666,,,,,,248.0,,,,,,106483.0,,,,,,89968.0,,,1,4,PER,15.0,89968.0,,
2023,10,21.29787234042553,20.7,22.8,78.3936170212766,69.0,82.0,999.3968085106384,998.7,999.7,True,22.92659574468085,21.3,26.9,212.72340425531914,2.672340425531915,4.1,PIA,35394.142857142855,42554.6,30747.5,27634.0,35350.0,24108.0,313308.8333333333,6.0,,,,7.0,,,,,,3.0714285714285716,,,,,,247.78571428571428,,,,,,256.0,,,,,,104414.78571428571,,,,,,87092.0,,,1,4,PIA,3.0,89874.0,87845.0,87092.0
2023,10,21.29787234042553,20.7,22.8,78.3936170212766,69.0,82.0,999.3968085106384,998.7,999.7,True,22.92659574468085,21.3,26.9,212.72340425531914,2.672340425531915,4.1,RUS,32156.333333333332,43750.041666666664,29240.91304347826,27573.0,35410.0,24172.0,359438.3333333333,6.0,,,,7.0,,,,,,3.272727272727273,,,,,,247.63636363636363,,,,,,255.0,,,,,,100307.27272727272,,,,,,87155.0,,,1,4,RUS,6.0,89412.0,88782.0,87155.0
2023,10,21.29787234042553,20.7,22.8,78.3936170212766,69.0,82.0,999.3968085106384,998.7,999.7,True,22.92659574468085,21.3,26.9,212.72340425531914,2.672340425531915,4.1,SAI,32686.052631578947,42094.08,30410.68,27592.0,35380.0,24176.0,315082.8333333333,6.0,,,,7.0,,,,,,3.4285714285714284,,,,,,247.35714285714286,,,,,,254.0,,,,,,100935.78571428571,,,,,,87148.0,,,1,4,SAI,5.0,89865.0,88265.0,87148.0
2023,10,21.29787234042553,20.7,22.8,78.3936170212766,69.0,82.0,999.3968085106384,998.7,999.7,True,22.92659574468085,21.3,26.9,212.72340425531914,2.672340425531915,4.1,SAR,34678.933333333334,42727.944444444445,29648.722222222223,27917.0,36089.0,25025.0,277359.2,5.0,,,,6.0,,,,,,2.6,,,,,,243.3,,,,,,252.0,,,,,,106910.8,,,,,,89031.0,,,1,4,SAR,14.0,89873.0,89031.0,
2023,10,21.29787234042553,20.7,22.8,78.3936170212766,69.0,82.0,999.3968085106384,998.7,999.7,True,22.92659574468085,21.3,26.9,212.72340425531914,2.672340425531915,4.1,STR,31191.0,42375.22222222222,30115.944444444445,28036.0,35764.0,25026.0,359246.0,4.0,,,,5.0,,,,,,3.2222222222222223,,,,,,242.22222222222223,,,,,,249.0,,,,,,99437.66666666667,,,,,,88935.0,,,1,4,STR,12.0,89448.0,88935.0,
2023,10,21.29787234042553,20.7,22.8,78.3936170212766,69.0,82.0,999.3968085106384,998.7,999.7,True,22.92659574468085,21.3,26.9,212.72340425531914,2.672340425531915,4.1,TSU,34930.555555555555,43063.0,33155.7,28269.0,36027.0,25729.0,326590.5,2.0,,,,3.0,,,,,,2.8333333333333335,,,,,,240.5,,,,,,248.0,,,,,,107125.33333333333,,,,,,90025.0,,,1,4,TSU,16.0,90025.0,,
2023,10,21.29787234042553,20.7,22.8,78.3936170212766,69.0,82.0,999.3968085106384,998.7,999.7,True,22.92659574468085,21.3,26.9,212.72340425531914,2.672340425531915,4.1,VER,34276.55,43006.2,29982.625,27482.0,35201.0,24004.0,367351.8,5.0,,,,6.0,,,,,,3.857142857142857,,,,,,237.35714285714286,,,,,,255.0,,,,,,102445.0,,,,,,86720.0,,,1,4,VER,1.0,89428.0,87702.0,86720.0
2023,10,21.29787234042553,20.7,22.8,78.3936170212766,69.0,82.0,999.3968085106384,998.7,999.7,True,22.92659574468085,21.3,26.9,212.72340425531914,2.672340425531915,4.1,ZHO,35336.22222222222,43968.454545454544,29037.6,28282.0,36365.0,25476.0,255012.5,2.0,,,,3.0,,,,,,3.6666666666666665,,,,,,246.0,,,,,,252.0,,,,,,102585.83333333333,,,,,,90123.0,,,1,4,ZHO,17.0,90123.0,,
2023,11,26.258974358974356,26.0,26.5,34.5,32.0,37.0,987.3423076923076,987.0,987.5,False,43.86282051282051,41.9,45.7,273.02564102564105,2.174358974358974,3.5,ALB,33527.5,34403.125,27162.0,28395.0,27989.0,22408.0,211826.0,1.0,2.0,,,,,,2.75,,,,,,257.5,,,,,,258.0,,,,,,89512.5,,,,,,78917.0,,,,,,0,1,ALB,16.0,78917.0,,
2023,11,26.258974358974356,26.0,26.5,34.5,32.0,37.0,987.3423076923076,987.0,987.5,False,43.86282051282051,41.9,45.7,273.02564102564105,2.174358974358974,3.5,ALO,34155.73333333333,35734.0,29729.571428571428,27921.0,27279.0,21733.0,301968.4,5.0,2.0,,4.0,6.0,,,2.75,,2.0,2.0,,,257.75,,238.0,258.0,,,260.0,,258.0,258.0,,,90416.25,,79374.5,77039.0,,,78580.0,,77701.0,77035.0,,,0,1,ALO,8.0,78580.0,77701.0,77035.0
2023,11,26.258974358974356,26.0,26.5,34.5,32.0,37.0,987.3423076923076,987.0,987.5,False,43.86282051282051,41.9,45.7,273.02564102564105,2.174358974358974,3.5,BOT,34526.71428571428,33685.65,29069.315789473683,27929.0,27305.0,21762.0,348993.0,5.0,2.0,,4.0,6.0,,,2.75,,2.0,2.0,,,254.25,,258.0,259.0,,,257.0,,259.0,259.0,,,92019.5,,77853.5,77099.0,,,78775.0,,77563.0,77034.0,,,0,1,BOT,7.0,78775.0,77563.0,77034.0
2023,11,26.258974358974356,26.0,26.5,34.5,32.0,37.0,987.3423076923076,987.0,987.5,False,43.86282051282051,41.9,45.7,273.02564102564105,2.174358974358974,3.5,GAS,31104.18181818182,32462.4375,28728.625,28176.0,27837.0,22032.0,263836.75,4.0,2.0,,5.0,,,,2.75,,2.0,,,,255.5,,257.5,,,,257.0,,258.0,,,,87343.25,,78131.0,,,,78743.0,,78045.0,,,,0,1,GAS,15.0,78743.0,78217.0,
2023,11,26.258974358974356,26.0,26.5,34.5,32.0,37.0,987.3423076923076,987.0,987.5,False,43.86282051282051,41.9,45.7,273.02564102564105,2.174358974358974,3.5,HAM,34027.21428571428,36208.4,28264.9,27817.0,27124.0,21629.0,327043.0,5.0,2.0,,4.0,6.0,,,2.75,,2.0,2.0,,,231.5,,257.5,256.0,,,256.0,,258.0,256.0,,,104468.5,,77569.5,76673.5,,,78577.0,,77427.0,76609.0,,,0,1,HAM,1.0,78577.0,77427.0,76609.0
2023,11,26.258974358974356,26.0,26.5,34.5,32.0,37.0,987.3423076923076,987.0,987.5,False,43.86282051282051,41.9,45.7,273.02564102564105,2.174358974358974,3.5,HUL,31397.64285714286,34276.65,29029.55,27947.0,27455.0,21753.0,331646.60000000003,5.0,2.0,,4.0,6.0,,,2.75,,2.0,2.0,,,257.75,,259.5,259.0,,,258.0,,260.0,259.0,,,89376.75,,77828.5,77242.0,,,78695.0,,77652.0,77186.0,,,0,1,HUL,10.0,78695.0,77652.0,77186.0
2023,11,26.258974358974356,26.0,26.5,34.5,32.0,37.0,987.3423076923076,987.0,987.5,False,43.86282051282051,41.9,45.7,273.02564102564105,2.174358974358974,3.5,LEC,32728.2,33956.380952380954,29536.333333333332,27863.0,27278.0,21814.0,315362.0,5.0,2.0,,4.0,6.0,,,2.8,,2.0,2.0,,,256.0,,258.5,258.0,,,257.0,,259.0,259.0,,,103156.8,,77728.5,77074.5,,,78440.0,,77580.0,76992.0,,,0,1,LEC,6.0,78440.0,77580.0,76992.0
2023,11,26.258974358974356,26.0,26.5,34.5,32.0,37.0,987.3423076923076,987.0,987.5,False,43.86282051282051,41.9,45.7,273.02564102564105,2.174358974358974,3.5,MAG,33303.333333333336,34237.375,31109.75,28353.0,28488.0,22365.0,321434.0,1.0,2.0,,,,,,2.75,,,,,,257.25,,,,,,258.0,,,,,,92492.75,,,,,,79206.0,,,,,,0,1,MAG,19.0,79206.0,,
2023,11,26.258974358974356,26.0,26.5,34.5,32.0,37.0,987.3423076923076,987.0,987.5,False,43.86282051282051,41.9,45.7,273.02564102564105,2.174358974358974,3.5,NOR,33146.53333333333,34459.7,27916.25,27878.0,27123.0,21693.0,438171.00000000006,4.0,2.0,,3.0,5.0,,,3.2857142857142856,,2.0,2.0,,,244.14285714285714,,257.0,256.5,,,257.0,,257.0,257.0,,,95691.28571428571,,77328.0,76799.0,,,78209.0,,77328.0,76694.0,,,0,1,NOR,3.0,78697.0,77328.0,76694.0
2023,11,26.258974358974356,26.0,26.5,34.5,32.0,37.0,987.3423076923076,987.0,987.5,False,43.86282051282051,41.9,45.7,273.02564102564105,2.174358974358974,3.5,OCO,32072.363636363636,32703.1875,29208.0,28036.0,27720.0,22021.0,258294.0,4.0,2.0,,5.0,,,,2.75,,2.0,,,,255.75,,257.5,,,,257.0,,258.0,,,,92354.0,,77958.0,,,,78854.0,,77841.0,,,,0,1,OCO,12.0,78854.0,77841.0,
2023,11,26.258974358974356,26.0,26.5,34.5,32.0,37.0,987.3423076923076,987.0,987.5,False,43.86282051282051,41.9,45.7,273.02564102564105,2.174358974358974,3.5,PER,34715.529411764706,36171.69565217391,27609.695652173912,27947.0,27289.0,21728.0,277575.0,5.0,2.0,,4.0,6.0,,,2.75,,3.2,2.0,,,257.25,,228.8,259.0,,,258.0,,258.0,259.0,,,93706.75,,96570.2,77093.5,,,78360.0,,77675.0,77045.0,,,0,1,PER,9.0,78360.0,77675.0,77045.0
2023,11,26.258974358974356,26.0,26.5,34.5,32.0,37.0,987.3423076923076,987.0,987.5,False,43.86282051282051,41.9,45.7,273.02564102564105,2.174358974358974,3.5,PIA,31177.714285714286,35656.75,31964.95,27909.0,27033.0,21818.0,326346.4,5.0,2.0,,3.0,6.0,,,2.75,,2.0,2.0,,,256.5,,258.0,258.0,,,257.0,,258.0,258.0,,,88787.75,,77571.0,77143.5,,,78464.0,,77571.0,76905.0,,,0,1,PIA,4.0,78464.0,77571.0,76905.0
2023,11,26.258974358974356,26.0,26.5,34.5,32.0,37.0,987.3423076923076,987.0,987.5,False,43.86282051282051,41.9,45.7,273.02564102564105,2.174358974358974,3.5,RIC,31547.0,34069.2,29736.0,28163.0,27861.0,21960.0,256766.75,4.0,3.0,,5.0,,,,4.666666666666667,,2.0,,,,253.66666666666666,,256.5,,,,256.0,,257.0,,,,79583.33333333333,,78104.5,,,,78906.0,,78002.0,,,,0,1,RIC,13.0,78906.0,78002.0,
2023,11,26.258974358974356,26.0,26.5,34.5,32.0,37.0,987.3423076923076,987.0,987.5,False,43.86282051282051,41.9,45.7,273.02564102564105,2.174358974358974,3.5,RUS,34494.857142857145,35239.555555555555,32083.333333333332,28483.0,28088.0,22219.0,183733.0,1.0,2.0,,,,,,3.2,,,,,,233.4,,,,,,258.0,,,,,,95374.8,,,,,,79027.0,,,,,,0,1,RUS,18.0,79027.0,,
2023,11,26.258974358974356,26.0,26.5,34.5,32.0,37.0,987.3423076923076,987.0,987.5,False,43.86282051282051,41.9,45.7,273.02564102564105,2.174358974358974,3.5,SAI,33957.545454545456,34346.8,29780.133333333335,28084.0,27697.0,21922.0,330512.0,3.0,2.0,,4.0,,,,3.2,,2.0,,,,238.4,,258.5,,,,258.0,,259.0,,,,97879.2,,77804.0,,,,78393.0,,77703.0,,,,0,1,SAI,11.0,78393.0,77703.0,
2023,11,26.258974358974356,26.0,26.5,34.5,32.0,37.0,987.3423076923076,987.0,987.5,False,43.86282051282051,41.9,45.7,273.02564102564105,2.174358974358974,3.5,SAR,32387.166666666668,34032.75,28269.125,28407.0,28141.0,22493.0,210982.0,1.0,2.0,,,,,,2.75,,,,,,257.5,,,,,,259.0,,,,,,89683.25,,,,,,79248.0,,,,,,0,1,SAR,20.0,79248.0,,
2023,11,26.258974358974356,26.0,26.5,34.5,32.0,37.0,987.3423076923076,987.0,987.5,False,43.86282051282051,41.9,45.7,273.02564102564105,2.174358974358974,3.5,STR,34049.28571428572,35597.333333333336,30301.777777777777,28293.0,27618.0,21899.0,218502.3333333334,3.0,2.0,,4.0,,,,3.0,,2.75,,,,255.4,,255.75,,,,258.0,,258.0,,,,88844.6,,92892.0,,,,78782.0,,77861.0,,,,0,1,STR,14.0,78782.0,78144.0,
2023,11,26.258974358974356,26.0,26.5,34.5,32.0,37.0,987.3423076923076,987.0,987.5,False,43.86282051282051,41.9,45.7,273.02564102564105,2.174358974358974,3.5,TSU,31356.5,31714.0,30269.0,28424.0,28186.0,22176.0,168350.0,2.0,3.0,,,,,,4.666666666666667,,,,,,253.66666666666666,,,,,,255.0,,,,,,79464.0,,,,,,78919.0,,,,,,0,1,TSU,17.0,78919.0,,
2023,11,26.258974358974356,26.0,26.5,34.5,32.0,37.0,987.3423076923076,987.0,987.5,False,43.86282051282051,41.9,45.7,273.02564102564105,2.174358974358974,3.5,VER,32131.933333333334,34771.90476190476,29273.0,27782.0,27044.0,21547.0,316193.4,5.0,2.0,,4.0,6.0,,,3.2,,2.0,2.0,,,245.6,,258.0,257.5,,,258.0,,259.0,258.0,,,95264.4,,77421.5,76622.0,,,78318.0,,77296.0,76612.0,,,0,1,VER,2.0,78318.0,77547.0,76612.0
2023,11,26.258974358974356,26.0,26.5,34.5,32.0,37.0,987.3423076923076,987.0,987.5,False,43.86282051282051,41.9,45.7,273.02564102564105,2.174358974358974,3.5,ZHO,33035.75,34450.318181818184,28329.85714285714,27858.0,27276.0,21837.0,318771.4,5.0,2.0,,4.0,6.0,,,3.0,,2.0,2.0,,,255.66666666666666,,256.0,255.5,,,257.0,,256.0,256.0,,,93669.5,,77722.0,77259.5,,,78143.0,,77700.0,76971.0,,,0,1,ZHO,5.0,78143.0,77700.0,76971.0
2023,12,19.251578947368422,17.8,20.3,88.67368421052632,84.0,93.0,961.5884210526317,961.5,961.9,True,23.64421052631579,21.6,26.6,114.87368421052632,1.065263157894737,2.9,ALB,34048.0,59881.25,37826.375,33220.0,55436.0,31508.0,137779.0,1.0,,2.0,,,,,,2.75,,,,,,207.5,,,,,,212.0,,,,,,124926.0,,,,,,120314.0,,,,,0,15,ALB,16.0,120314.0,,
2023,12,19.251578947368422,17.8,20.3,88.67368421052632,84.0,93.0,961.5884210526317,961.5,961.9,True,23.64421052631579,21.6,26.6,114.87368421052632,1.065263157894737,2.9,ALO,38662.705882352944,58002.90909090909,37453.04761904762,31240.0,47017.0,29586.0,242173.9999999999,5.0,,3.0,,6.0,,,,3.2,,2.6,,,,203.0,,212.4,,,,213.0,,218.0,,,,125779.8,,114619.8,,,,117649.0,,107843.0,,,0,15,ALO,9.0,118834.0,112751.0,107843.0
2023,12,19.251578947368422,17.8,20.3,88.67368421052632,84.0,93.0,961.5884210526317,961.5,961.9,True,23.64421052631579,21.6,26.6,114.87368421052632,1.065263157894737,2.9,BOT,38801.6,60873.117647058825,36495.529411764706,32822.0,51437.0,30435.0,99878.33333333333,3.0,,3.0,,4.0,,,,2.6,,3.0,,,,207.8,,217.0,,,,211.0,,219.0,,,,121137.4,,121853.33333333333,,,,117657.0,,114694.0,,,0,15,BOT,14.0,119484.0,114694.0,
2023,12,19.251578947368422,17.8,20.3,88.67368421052632,84.0,93.0,961.5884210526317,961.5,961.9,True,23.64421052631579,21.6,26.6,114.87368421052632,1.065263157894737,2.9,GAS,38374.73333333333,59404.23529411765,39320.882352941175,32293.0,51282.0,30096.0,104774.33333333333,3.0,,3.0,,4.0,,,,3.0,,3.0,,,,207.16666666666666,,218.0,,,,210.0,,219.0,,,,125834.83333333333,,118113.66666666667,,,,116604.0,,113671.0,,,0,15,GAS,12.0,119511.0,113671.0,
2023,12,19.251578947368422,17.8,20.3,88.67368421052632,84.0,93.0,961.5884210526317,961.5,961.9,True,23.64421052631579,21.6,26.6,114.87368421052632,1.065263157894737,2.9,HAM,39147.35,57283.25,37018.434782608696,31336.0,46505.0,29246.0,208828.0,5.0,,3.0,,6.0,,,,5.2,,2.4,,,,203.6,,217.2,,,,205.0,,221.0,,,,119884.4,,110904.6,,,,118024.0,,107087.0,,,0,15,HAM,4.0,118563.0,112345.0,107087.0
2023,12,19.251578947368422,17.8,20.3,88.67368421052632,84.0,93.0,961.5884210526317,961.5,961.9,True,23.64421052631579,21.6,26.6,114.87368421052632,1.065263157894737,2.9,HUL,34103.333333333336,58622.8,40652.6,33664.0,56741.0,32448.999999999996,385383.99999999977,1.0,,1.0,,,,,,3.5,,,,,,206.0,,,,,,206.0,,,,,,123547.0,,,,,,123166.0,,,,,0,15,HUL,20.0,123166.0,,
2023,12,19.251578947368422,17.8,20.3,88.67368421052632,84.0,93.0,961.5884210526317,961.5,961.9,True,23.64421052631579,21.6,26.6,114.87368421052632,1.065263157894737,2.9,LEC,37791.10526315789,57910.260869565216,38394.77272727273,31287.0,46400.0,29301.0,196731.2,5.0,,3.0,,6.0,,,,2.8,,2.6,,,,209.4,,220.4,,,,212.0,,223.0,,,,120483.8,,114139.2,,,,116244.0,,106988.0,,,0,15,LEC,2.0,118300.0,112017.0,106988.0
2023,12,19.251578947368422,17.8,20.3,88.67368421052632,84.0,93.0,961.5884210526317,961.5,961.9,True,23.64421052631579,21.6,26.6,114.87368421052632,1.065263157894737,2.9,MAG,34929.307692307695,59557.94117647059,40293.94117647059,32514.000000000004,51443.0,30203.0,122284.33333333333,3.0,,3.0,,4.0,,,,3.142857142857143,,2.5,,,,208.57142857142858,,218.0,,,,213.0,,221.0,,,,124404.14285714286,,120360.0,,,,117413.0,,114160.0,,,0,15,MAG,13.0,120020.0,114160.0,
2023,12,19.251578947368422,17.8,20.3,88.67368421052632,84.0,93.0,961.5884210526317,961.5,961.9,True,23.64421052631579,21.6,26.6,114.87368421052632,1.065263157894737,2.9,NOR,38164.05882352941,55015.619047619046,35231.8,31617.0,46417.0,29635.0,297363.4,5.0,,2.0,,6.0,,,,2.75,,2.3333333333333335,,,,194.75,,214.0,,,,204.0,,220.0,,,,125587.0,,118517.83333333333,,,,119981.0,,107669.0,,,0,15,NOR,7.0,119981.0,112252.0,107669.0
2023,12,19.251578947368422,17.8,20.3,88.67368421052632,84.0,93.0,961.5884210526317,961.5,961.9,True,23.64421052631579,21.6,26.6,114.87368421052632,1.065263157894737,2.9,OCO,39258.09090909091,61791.769230769234,41044.153846153844,32641.0,52230.0,31501.0,128534.0,3.0,,3.0,,4.0,,,,3.25,,1.0,,,,208.0,,213.0,,,,210.0,,213.0,,,,120523.75,,149266.0,,,,116372.0,,149266.0,,,0,15,OCO,15.0,119634.0,116372.0,
2023,12,19.251578947368422,17.8,20.3,88.67368421052632,84.0,93.0,961.5884210526317,961.5,961.9,True,23.64421052631579,21.6,26.6,114.87368421052632,1.065263157894737,2.9,PER,37620.555555555555,58389.59090909091,38001.333333333336,31336.0,46445.0,29264.0,283752.7499999999,4.0,,2.0,,5.0,,,,3.8,,2.6,,,,209.0,,220.2,,,,212.0,,223.0,,,,119849.8,,113793.8,,,,115982.0,,107045.0,,,0,15,PER,3.0,118899.0,112353.0,107045.0
2023,12,19.251578947368422,17.8,20.3,88.67368421052632,84.0,93.0,961.5884210526317,961.5,961.9,True,23.64421052631579,21.6,26.6,114.87368421052632,1.065263157894737,2.9,PIA,38466.73684210526,57071.52173913043,37944.318181818184,31799.0,45852.0,29673.0,217840.20000000004,5.0,,3.0,,6.0,,,,2.6,,2.6,,,,204.2,,216.8,,,,208.0,,222.0,,,,119705.0,,113563.6,,,,116370.0,,107365.0,,,0,15,PIA,6.0,118872.0,111534.0,107365.0
2023,12,19.251578947368422,17.8,20.3,88.67368421052632,84.0,93.0,961.5884210526317,961.5,961.9,True,23.64421052631579,21.6,26.6,114.87368421052632,1.065263157894737,2.9,RIC,37210.166666666664,61878.25,41887.375,33288.0,54976.0,31219.0,84624.0,1.0,,2.0,,,,,,2.6666666666666665,,,,,,207.0,,,,,,209.0,,,,,,122030.0,,,,,,119483.0,,,,,0,15,RIC,19.0,122159.0,,
2023,12,19.251578947368422,17.8,20.3,88.67368421052632,84.0,93.0,961.5884210526317,961.5,961.9,True,23.64421052631579,21.6,26.6,114.87368421052632,1.065263157894737,2.9,RUS,37421.84210526316,56668.458333333336,36938.217391304344,31630.0,46737.0,29438.0,216920.6,5.0,,3.0,,6.0,,,,4.0,,2.6666666666666665,,,,204.8,,217.16666666666666,,,,208.0,,221.0,,,,120155.2,,113148.5,,,,118272.0,,107805.0,,,0,15,RUS,8.0,119035.0,112605.0,107805.0
2023,12,19.251578947368422,17.8,20.3,88.67368421052632,84.0,93.0,961.5884210526317,961.5,961.9,True,23.64421052631579,21.6,26.6,114.87368421052632,1.065263157894737,2.9,SAI,38104.47368421053,57266.739130434784,37192.818181818184,31317.0,46515.0,29320.0,200552.3999999999,5.0,,3.0,,6.0,,,,3.4285714285714284,,2.0,,,,209.28571428571428,,221.0,,,,215.0,,224.0,,,,127531.57142857143,,118375.8,,,,117810.0,,107152.0,,,0,15,SAI,5.0,118688.0,111711.0,107152.0
2023,12,19.251578947368422,17.8,20.3,88.67368421052632,84.0,93.0,961.5884210526317,961.5,961.9,True,23.64421052631579,21.6,26.6,114.87368421052632,1.065263157894737,2.9,SAR,36911.6,61228.666666666664,37168.333333333336,33356.0,56273.0,31906.0,,,,1.0,,,,,,3.3333333333333335,,,,,,202.66666666666666,,,,,,206.0,,,,,,122281.0,,,,,,121535.0,,,,,0,15,SAR,18.0,121535.0,,
2023,12,19.251578947368422,17.8,20.3,88.67368421052632,84.0,93.0,961.5884210526317,961.5,961.9,True,23.64421052631579,21.6,26.6,114.87368421052632,1.065263157894737,2.9,STR,38527.94117647059,57451.681818181816,37386.71428571428,31662.0,47369.0,29810.0,197723.0,6.0,,3.0,,7.0,,,,2.5,,2.0,,,,202.5,,212.4,,,,205.0,,215.0,,,,121010.25,,119465.4,,,,118744.0,,108841.0,,,0,15,STR,10.0,119663.0,112193.0,108841.0
2023,12,19.251578947368422,17.8,20.3,88.67368421052632,84.0,93.0,961.5884210526317,961.5,961.9,True,23.64421052631579,21.6,26.6,114.87368421052632,1.065263157894737,2.9,TSU,35601.454545454544,59495.13333333333,42335.066666666666,32404.000000000004,50880.0,29864.0,167189.66666666666,3.0,,3.0,,4.0,,,,2.5,,2.5,,,,206.25,,218.0,,,,210.0,,219.0,,,,120528.0,,115384.5,,,,116761.0,,113148.0,,,0,15,TSU,11.0,119044.0,113148.0,
2023,12,19.251578947368422,17.8,20.3,88.67368421052632,84.0,93.0,961.5884210526317,961.5,961.9,True,23.64421052631579,21.6,26.6,114.87368421052632,1.065263157894737,2.9,VER,38238.055555555555,57840.681818181816,39244.72727272727,31204.0,45697.0,29267.0,273159.5,4.0,,2.0,,5.0,,,,4.6,,2.6,,,,207.8,,216.8,,,,210.0,,225.0,,,,119026.8,,119000.4,,,,115535.0,,106168.0,,,0,15,VER,1.0,118515.0,112784.0,106168.0
2023,12,19.251578947368422,17.8,20.3,88.67368421052632,84.0,93.0,961.5884210526317,961.5,961.9,True,23.64421052631579,21.6,26.6,114.87368421052632,1.065263157894737,2.9,ZHO,38604.5,61162.0,43756.88888888889,33071.0,55483.0,31836.0,24687.000000000233,1.0,,2.0,,,,,,2.75,,,,,,203.5,,,,,,205.0,,,,,,122865.5,,,,,,120832.0,,,,,0,15,ZHO,17.0,120832.0,,
2023,13,17.963,16.2,19.1,77.91,69.0,88.0,1009.405,1009.2,1009.5,True,22.432,18.8,24.4,192.47,2.303,3.7,ALB,33927.7037037037,31983.333333333332,28372.724137931036,24449.0,25014.0,21956.0,324967.14285714284,7.0,,4.0,,8.0,,,,3.2,,2.3333333333333335,,,,292.6666666666667,,314.0,,,,299.0,,316.0,,,,92219.4,,79780.33333333333,,,,79399.0,,71419.0,,,2,2,ALB,4.0,80939.0,79399.0,71419.0
2023,13,17.963,16.2,19.1,77.91,69.0,88.0,1009.405,1009.2,1009.5,True,22.432,18.8,24.4,192.47,2.303,3.7,ALO,31759.32,30023.833333333332,29325.62962962963,24630.0,24994.0,21882.0,403836.5,6.0,,4.0,,7.0,,,,4.866666666666666,,2.3333333333333335,,,,294.73333333333335,,314.0,,,,300.0,,316.0,,,,91825.86666666667,,76922.66666666667,,,,79429.0,,71506.0,,,2,2,ALO,5.0,81840.0,79429.0,71506.0
2023,13,17.963,16.2,19.1,77.91,69.0,88.0,1009.405,1009.2,1009.5,True,22.432,18.8,24.4,192.47,2.303,3.7,BOT,35729.09090909091,31396.0,29581.583333333332,28629.0,27829.0,25752.0,39077.0,1.0,,2.0,,,,,,3.3333333333333335,,,,,,290.22222222222223,,,,,,293.0,,,,,,93137.22222222222,,,,,,82260.0,,,,,2,2,BOT,19.0,82260.0,,
2023,13,17.963,16.2,19.1,77.91,69.0,88.0,1009.405,1009.2,1009.5,True,22.432,18.8,24.4,192.47,2.303,3.7,GAS,34525.78947368421,31095.714285714286,31029.095238095237,27411.0,27586.0,25123.0,245512.5,2.0,,3.0,,,,,,4.5625,,,,,,293.5625,,,,,,296.0,,,,,,94509.6875,,,,,,80128.0,,,,,2,2,GAS,12.0,81735.0,80128.0,
2023,13,17.963,16.2,19.1,77.91,69.0,88.0,1009.405,1009.2,1009.5,True,22.432,18.8,24.4,192.47,2.303,3.7,HAM,31602.619047619046,30066.043478260868,29424.91304347826,27416.0,27366.0,25369.0,176310.0,2.0,,3.0,,,,,,5.388888888888889,,,,,,290.0,,,,,,296.0,,,,,,89344.83333333333,,,,,,80151.0,,,,,2,2,HAM,13.0,81919.0,80151.0,
2023,13,17.963,16.2,19.1,77.91,69.0,88.0,1009.405,1009.2,1009.5,True,22.432,18.8,24.4,192.47,2.303,3.7,HUL,30579.9375,30198.55,28952.3,28046.0,27465.0,24739.0,221481.66666666666,3.0,,4.0,,,,,,3.4166666666666665,,,,,,291.1666666666667,,,,,,293.0,,,,,,86066.0,,,,,,80250.0,,,,,2,2,HUL,15.0,81891.0,80250.0,
2023,13,17.963,16.2,19.1,77.91,69.0,88.0,1009.405,1009.2,1009.5,True,22.432,18.8,24.4,192.47,2.303,3.7,LAW,34709.0,31510.166666666668,30631.583333333332,28601.0,28570.0,26015.0,38093.0,1.0,,2.0,,,,,,3.3333333333333335,,,,,,292.55555555555554,,,,,,295.0,,,,,,93643.44444444444,,,,,,83420.0,,,,,2,2,LAW,20.0,83420.0,,
2023,13,17.963,16.2,19.1,77.91,69.0,88.0,1009.405,1009.2,1009.5,True,22.432,18.8,24.4,192.47,2.303,3.7,LEC,33737.739130434784,29563.576923076922,30385.36,24999.0,25086.0,22393.0,329460.0,6.0,,4.0,,7.0,,,,4.3125,,2.0,,,,296.625,,319.0,,,,304.0,,319.0,,,,93487.1875,,72665.0,,,,79600.0,,72665.0,,,2,2,LEC,9.0,82019.0,79600.0,72665.0
2023,13,17.963,16.2,19.1,77.91,69.0,88.0,1009.405,1009.2,1009.5,True,22.432,18.8,24.4,192.47,2.303,3.7,MAG,36613.1,33537.36363636364,30202.727272727272,28484.0,28206.0,25464.0,36296.0,1.0,,2.0,,,,,,3.0,,,,,,292.0,,,,,,297.0,,,,,,98432.125,,,,,,82192.0,,,,,2,2,MAG,18.0,82192.0,,
2023,13,17.963,16.2,19.1,77.91,69.0,88.0,1009.405,1009.2,1009.5,True,22.432,18.8,24.4,192.47,2.303,3.7,NOR,30495.6,29921.344827586207,28565.39285714286,24287.0,24818.0,21943.0,492050.4,5.0,,3.0,,6.0,,,,4.833333333333333,,2.0,,,,289.8333333333333,,311.0,,,,297.0,,313.0,,,,88670.44444444444,,71576.5,,,,79769.0,,71104.0,,,2,2,NOR,2.0,81276.0,79769.0,71104.0
2023,13,17.963,16.2,19.1,77.91,69.0,88.0,1009.405,1009.2,1009.5,True,22.432,18.8,24.4,192.47,2.303,3.7,OCO,30897.272727272728,31436.416666666668,29990.166666666668,28265.0,28164.0,25667.0,,,,1.0,,,,,,6.5,,,,,,294.1,,,,,,302.0,,,,,,89711.4,,,,,,82110.0,,,,,2,2,OCO,17.0,82110.0,,
2023,13,17.963,16.2,19.1,77.91,69.0,88.0,1009.405,1009.2,1009.5,True,22.432,18.8,24.4,192.47,2.303,3.7,PER,31323.535714285714,30265.53125,28096.966666666667,24895.0,24996.0,21989.0,366709.5,6.0,,3.0,,7.0,,,,5.315789473684211,,2.3333333333333335,,,,293.5263157894737,,316.6666666666667,,,,296.0,,318.0,,,,87854.0,,74912.66666666667,,,,79856.0,,71880.0,,,2,2,PER,7.0,81972.0,79856.0,71880.0
2023,13,17.963,16.2,19.1,77.91,69.0,88.0,1009.405,1009.2,1009.5,True,22.432,18.8,24.4,192.47,2.303,3.7,PIA,34441.84,29917.03448275862,28495.85714285714,24657.0,25047.0,22179.0,326355.71428571426,7.0,,4.0,,8.0,,,,3.3125,,1.6666666666666667,,,,290.5625,,311.3333333333333,,,,295.0,,313.0,,,,91099.4375,,88476.33333333333,,,,79392.0,,71938.0,,,2,2,PIA,8.0,81231.0,79392.0,71938.0
2023,13,17.963,16.2,19.1,77.91,69.0,88.0,1009.405,1009.2,1009.5,True,22.432,18.8,24.4,192.47,2.303,3.7,RUS,30947.296296296296,30124.1,29253.433333333334,24649.0,24625.0,22020.0,461132.2,5.0,,3.0,,6.0,,,,4.944444444444445,,2.0,,,,289.05555555555554,,311.6666666666667,,,,292.0,,314.0,,,,90946.61111111111,,74039.0,,,,79620.0,,71294.0,,,2,2,RUS,3.0,81345.0,79620.0,71294.0
2023,13,17.963,16.2,19.1,77.91,69.0,88.0,1009.405,1009.2,1009.5,True,22.432,18.8,24.4,192.47,2.303,3.7,SAI,31409.03846153846,29708.774193548386,29298.0,24693.0,25035.0,22026.0,358810.8333333333,6.0,,4.0,,7.0,,,,4.764705882352941,,2.0,,,,297.47058823529414,,317.0,,,,301.0,,317.0,,,,90201.82352941176,,78418.0,,,,79929.0,,71754.0,,,2,2,SAI,6.0,81321.0,79929.0,71754.0
2023,13,17.963,16.2,19.1,77.91,69.0,88.0,1009.405,1009.2,1009.5,True,22.432,18.8,24.4,192.47,2.303,3.7,SAR,33292.666666666664,30172.96153846154,30922.846153846152,27083.0,26472.0,23193.0,163810.5,4.0,,4.0,,5.0,,,,3.2777777777777777,,2.0,,,,294.27777777777777,,311.0,,,,299.0,,311.0,,,,94988.33333333333,,76748.0,,,,80067.0,,76748.0,,,2,2,SAR,10.0,82036.0,80067.0,76748.0
2023,13,17.963,16.2,19.1,77.91,69.0,88.0,1009.405,1009.2,1009.5,True,22.432,18.8,24.4,192.47,2.303,3.7,STR,32636.6,30868.045454545456,29176.136363636364,27743.0,27406.0,24957.0,144310.66666666666,3.0,,4.0,,,,,,4.375,,,,,,293.1875,,,,,,298.0,,,,,,89721.6875,,,,,,80121.0,,,,,2,2,STR,11.0,81570.0,80121.0,
2023,13,17.963,16.2,19.1,77.91,69.0,88.0,1009.405,1009.2,1009.5,True,22.432,18.8,24.4,192.47,2.303,3.7,TSU,36519.6,31018.090909090908,30362.0,27764.0,27244.0,25006.0,148914.66666666666,3.0,,4.0,,,,,,3.0625,,,,,,291.4375,,,,,,297.0,,,,,,95357.875,,,,,,80230.0,,,,,2,2,TSU,14.0,81781.0,80230.0,
2023,13,17.963,16.2,19.1,77.91,69.0,88.0,1009.405,1009.2,1009.5,True,22.432,18.8,24.4,192.47,2.303,3.7,VER,30966.72,30453.068965517243,28689.172413793105,24324.0,24504.0,21739.0,380983.0,6.0,,3.0,,7.0,,,,5.277777777777778,,2.0,,,,293.55555555555554,,316.0,,,,300.0,,317.0,,,,89861.72222222222,,71478.0,,,,78856.0,,70567.0,,,2,2,VER,1.0,80965.0,78856.0,70567.0
2023,13,17.963,16.2,19.1,77.91,69.0,88.0,1009.405,1009.2,1009.5,True,22.432,18.8,24.4,192.47,2.303,3.7,ZHO,35113.36363636364,30990.916666666668,28957.333333333332,28282.0,27591.0,25807.0,39500.0,1.0,,2.0,,,,,,3.3333333333333335,,,,,,290.6666666666667,,,,,,294.0,,,,,,92344.22222222222,,,,,,82067.0,,,,,2,2,ZHO,16.0,82067.0,,
2023,14,28.179746835443037,27.9,28.4,40.848101265822784,39.0,43.0,998.9898734177215,998.9,999.2,False,39.42658227848101,37.9,41.1,158.39240506329114,1.2088607594936709,2.2,ALB,30310.933333333334,32755.095238095237,32763.2,26672.0,27363.0,26724.0,320168.4000000001,5.0,2.0,,4.0,6.0,,,3.2,,2.0,2.0,,,309.0,,310.5,312.0,,,317.0,,311.0,313.0,,,92056.4,,81344.0,80816.0,,,81661.0,,81272.0,80760.0,,,0,0,ALB,6.0,81661.0,81272.0,80760.0
2023,14,28.179746835443037,27.9,28.4,40.848101265822784,39.0,43.0,998.9898734177215,998.9,999.2,False,39.42658227848101,37.9,41.1,158.39240506329114,1.2088607594936709,2.2,ALO,30990.076923076922,32554.263157894737,35357.77777777778,26910.0,27527.0,26900.0,315743.2,5.0,2.0,,3.0,6.0,,,2.75,,2.0,2.0,,,296.25,,309.0,309.5,,,313.0,,309.0,311.0,,,91386.75,,81543.0,81493.0,,,82043.0,,81543.0,81417.0,,,0,0,ALO,10.0,82043.0,81543.0,81417.0
2023,14,28.179746835443037,27.9,28.4,40.848101265822784,39.0,43.0,998.9898734177215,998.9,999.2,False,39.42658227848101,37.9,41.1,158.39240506329114,1.2088607594936709,2.2,BOT,29920.8,31575.428571428572,32958.642857142855,26968.0,27730.0,27147.0,369162.3333333333,3.0,2.0,,4.0,,,,2.75,,2.0,,,,310.5,,309.5,,,,312.0,,310.0,,,,88268.0,,81943.5,,,,82249.0,,81940.0,,,,0,0,BOT,14.0,82249.0,81940.0,
2023,14,28.179746835443037,27.9,28.4,40.848101265822784,39.0,43.0,998.9898734177215,998.9,999.2,False,39.42658227848101,37.9,41.1,158.39240506329114,1.2088607594936709,2.2,GAS,30711.8,31975.285714285714,33362.71428571428,27119.0,28047.0,27379.0,465495.0,1.0,2.0,,,,,,2.3333333333333335,,,,,,304.6666666666667,,,,,,309.0,,,,,,88659.33333333333,,,,,,82545.0,,,,,,0,0,GAS,17.0,82545.0,,
2023,14,28.179746835443037,27.9,28.4,40.848101265822784,39.0,43.0,998.9898734177215,998.9,999.2,False,39.42658227848101,37.9,41.1,158.39240506329114,1.2088607594936709,2.2,HAM,35118.066666666666,32694.571428571428,33311.05,26807.0,27201.0,26812.0,268176.6666666667,6.0,3.0,,5.0,7.0,,,3.0,,2.0,2.0,,,308.6666666666667,,309.5,310.5,,,309.0,,310.0,311.0,,,82241.0,,81617.5,81059.0,,,81977.0,,81369.0,80820.0,,,0,0,HAM,8.0,81977.0,81369.0,80820.0
2023,14,28.179746835443037,27.9,28.4,40.848101265822784,39.0,43.0,998.9898734177215,998.9,999.2,False,39.42658227848101,37.9,41.1,158.39240506329114,1.2088607594936709,2.2,HUL,29625.583333333332,31758.25,32879.8125,27154.0,27550.0,26955.0,327345.33333333343,3.0,2.0,,4.0,,,,3.0,,2.0,,,,308.1666666666667,,310.0,,,,311.0,,310.0,,,,89730.83333333333,,81807.0,,,,82343.0,,81776.0,,,,0,0,HUL,13.0,82343.0,81776.0,
2023,14,28.179746835443037,27.9,28.4,40.848101265822784,39.0,43.0,998.9898734177215,998.9,999.2,False,39.42658227848101,37.9,41.1,158.39240506329114,1.2088607594936709,2.2,LAW,29820.7,32970.0,34770.13333333333,26965.0,27657.0,27072.0,262161.25,4.0,3.0,,5.0,,,,4.666666666666667,,2.0,,,,311.0,,310.5,,,,312.0,,311.0,,,,82745.66666666667,,81836.5,,,,82112.0,,81758.0,,,,0,0,LAW,12.0,82112.0,81758.0,
2023,14,28.179746835443037,27.9,28.4,40.848101265822784,39.0,43.0,998.9898734177215,998.9,999.2,False,39.42658227848101,37.9,41.1,158.39240506329114,1.2088607594936709,2.2,LEC,33978.5,32828.47619047619,33035.05,26667.0,27101.0,26593.0,282634.2,5.0,2.0,,4.0,6.0,,,4.833333333333333,,2.0,2.0,,,300.6666666666667,,310.5,311.0,,,315.0,,312.0,313.0,,,101641.33333333333,,81076.0,80462.5,,,81788.0,,80977.0,80361.0,,,0,0,LEC,3.0,81788.0,80977.0,80361.0
2023,14,28.179746835443037,27.9,28.4,40.848101265822784,39.0,43.0,998.9898734177215,998.9,999.2,False,39.42658227848101,37.9,41.1,158.39240506329114,1.2088607594936709,2.2,MAG,30853.0,32832.875,32066.0,27321.0,27829.0,27379.0,284700.0,1.0,2.0,,,,,,2.5,,,,,,310.25,,,,,,313.0,,,,,,95359.5,,,,,,82592.0,,,,,,0,0,MAG,19.0,82592.0,,
2023,14,28.179746835443037,27.9,28.4,40.848101265822784,39.0,43.0,998.9898734177215,998.9,999.2,False,39.42658227848101,37.9,41.1,158.39240506329114,1.2088607594936709,2.2,NOR,30371.0,32196.043478260868,32132.31818181818,26900.0,27270.0,26749.0,290790.4,5.0,2.0,,4.0,6.0,,,2.8,,2.75,2.0,,,309.4,,310.0,311.5,,,311.0,,312.0,312.0,,,91781.8,,87904.75,81003.5,,,81995.0,,81581.0,80979.0,,,0,0,NOR,9.0,81995.0,81581.0,80979.0
2023,14,28.179746835443037,27.9,28.4,40.848101265822784,39.0,43.0,998.9898734177215,998.9,999.2,False,39.42658227848101,37.9,41.1,158.39240506329114,1.2088607594936709,2.2,OCO,30056.333333333332,31579.625,33757.75,27296.0,27859.0,27393.0,220528.0,1.0,2.0,,,,,,2.75,,,,,,308.75,,,,,,312.0,,,,,,88128.0,,,,,,82548.0,,,,,,0,0,OCO,18.0,82548.0,,
2023,14,28.179746835443037,27.9,28.4,40.848101265822784,39.0,43.0,998.9898734177215,998.9,999.2,False,39.42658227848101,37.9,41.1,158.39240506329114,1.2088607594936709,2.2,PER,31310.8,32616.333333333332,32975.1,26904.0,27171.0,26574.0,323971.4000000001,5.0,2.0,,4.0,6.0,,,4.4,,2.0,2.0,,,305.6,,311.5,312.5,,,313.0,,312.0,313.0,,,91259.6,,81326.5,80804.5,,,81911.0,,81240.0,80688.0,,,0,0,PER,5.0,81911.0,81240.0,80688.0
2023,14,28.179746835443037,27.9,28.4,40.848101265822784,39.0,43.0,998.9898734177215,998.9,999.2,False,39.42658227848101,37.9,41.1,158.39240506329114,1.2088607594936709,2.2,PIA,30782.444444444445,32099.25,33392.391304347824,26925.0,27179.0,26681.0,269440.8,5.0,2.0,,4.0,6.0,,,3.0,,2.75,2.0,,,309.6666666666667,,309.5,312.5,,,312.0,,311.0,313.0,,,91021.0,,87827.0,80952.5,,,82106.0,,81527.0,80785.0,,,0,0,PIA,7.0,82106.0,81527.0,80785.0
2023,14,28.179746835443037,27.9,28.4,40.848101265822784,39.0,43.0,998.9898734177215,998.9,999.2,False,39.42658227848101,37.9,41.1,158.39240506329114,1.2088607594936709,2.2,RUS,34597.933333333334,32796.95238095238,32294.1,26889.0,27159.0,26594.0,267934.5,6.0,3.0,,5.0,7.0,,,3.25,,2.0,2.0,,,308.75,,308.0,310.5,,,310.0,,308.0,311.0,,,99040.25,,81431.0,80717.0,,,82148.0,,81382.0,80671.0,,,0,0,RUS,4.0,82148.0,81382.0,80671.0
2023,14,28.179746835443037,27.9,28.4,40.848101265822784,39.0,43.0,998.9898734177215,998.9,999.2,False,39.42658227848101,37.9,41.1,158.39240506329114,1.2088607594936709,2.2,SAI,37824.86666666667,32891.4,34466.6,26701.0,26988.0,26605.0,247718.66666666674,6.0,3.0,,4.0,7.0,,,5.2,,2.0,2.0,,,311.6,,311.0,311.0,,,315.0,,311.0,314.0,,,107256.6,,80991.0,80413.0,,,81965.0,,80991.0,80294.0,,,0,0,SAI,1.0,81965.0,80991.0,80294.0
2023,14,28.179746835443037,27.9,28.4,40.848101265822784,39.0,43.0,998.9898734177215,998.9,999.2,False,39.42658227848101,37.9,41.1,158.39240506329114,1.2088607594936709,2.2,SAR,29384.81818181818,32363.666666666668,33725.53333333333,26940.0,27771.0,27199.0,320433.6666666667,3.0,2.0,,4.0,,,,3.2,,2.0,,,,297.2,,309.5,,,,313.0,,312.0,,,,92015.4,,82185.5,,,,81930.0,,81944.0,,,,0,0,SAR,15.0,81930.0,81944.0,
2023,14,28.179746835443037,27.9,28.4,40.848101265822784,39.0,43.0,998.9898734177215,998.9,999.2,False,39.42658227848101,37.9,41.1,158.39240506329114,1.2088607594936709,2.2,STR,30830.285714285714,32188.444444444445,31163.333333333332,27267.0,28076.0,27363.0,131702.0,1.0,2.0,,,,,,2.8,,,,,,309.8,,,,,,311.0,,,,,,90297.4,,,,,,82860.0,,,,,,0,0,STR,20.0,82860.0,,
2023,14,28.179746835443037,27.9,28.4,40.848101265822784,39.0,43.0,998.9898734177215,998.9,999.2,False,39.42658227848101,37.9,41.1,158.39240506329114,1.2088607594936709,2.2,TSU,29026.6,32665.466666666667,33452.066666666666,27032.0,27462.0,27078.0,258805.5,4.0,3.0,,5.0,,,,4.666666666666667,,2.0,,,,308.0,,311.5,,,,311.0,,312.0,,,,82405.33333333333,,81681.0,,,,81852.0,,81594.0,,,,0,0,TSU,11.0,81852.0,81594.0,
2023,14,28.179746835443037,27.9,28.4,40.848101265822784,39.0,43.0,998.9898734177215,998.9,999.2,False,39.42658227848101,37.9,41.1,158.39240506329114,1.2088607594936709,2.2,VER,35082.375,33528.42857142857,32455.35,26758.0,27049.0,26500.0,264861.49999999994,6.0,3.0,,5.0,7.0,,,5.2,,2.0,2.0,,,312.8,,311.5,311.5,,,315.0,,312.0,312.0,,,104150.8,,80986.0,80469.0,,,81573.0,,80937.0,80307.0,,,0,0,VER,2.0,81573.0,80937.0,80307.0
2023,14,28.179746835443037,27.9,28.4,40.848101265822784,39.0,43.0,998.9898734177215,998.9,999.2,False,39.42658227848101,37.9,41.1,158.39240506329114,1.2088607594936709,2.2,ZHO,32072.166666666668,31310.375,33353.0,27051.0,27978.0,27309.0,307653.0,1.0,2.0,,,,,,2.75,,,,,,312.75,,,,,,313.0,,,,,,89227.25,,,,,,82390.0,,,,,,0,0,ZHO,16.0,82390.0,,
2023,15,29.51909090909091,29.3,29.8,77.35454545454546,74.0,79.0,1009.78,1009.2,1010.2,False,34.152727272727276,33.4,35.3,180.15454545454546,1.752727272727273,2.7,ALB,32329.75,48192.833333333336,35837.583333333336,27131.0,39309.0,26214.0,839896.6666666669,3.0,,,,4.0,,,,,,2.75,,,,,,254.25,,,,,,257.0,,,,,,93290.25,,,,,,92668.0,,,1,4,ALB,14.0,92668.0,93719.0,
2023,15,29.51909090909091,29.3,29.8,77.35454545454546,74.0,79.0,1009.78,1009.2,1010.2,False,34.152727272727276,33.4,35.3,180.15454545454546,1.752727272727273,2.7,ALO,30422.81818181818,49911.17647058824,40550.5,26915.0,38628.0,25909.0,614389.2,5.0,,,,6.0,,,,,,2.6,,,,,,256.6,,,,,,260.0,,,,,,99521.0,,,,,,91615.0,,,1,4,ALO,7.0,92584.0,91835.0,91615.0
2023,15,29.51909090909091,29.3,29.8,77.35454545454546,74.0,79.0,1009.78,1009.2,1010.2,False,34.152727272727276,33.4,35.3,180.15454545454546,1.752727272727273,2.7,BOT,32265.85714285714,48272.444444444445,43368.555555555555,27239.0,39211.0,26359.0,114123.0,1.0,,,,2.0,,,,,,3.2,,,,,,235.6,,,,,,257.0,,,,,,113396.4,,,,,,92809.0,,,1,4,BOT,16.0,92809.0,,
2023,15,29.51909090909091,29.3,29.8,77.35454545454546,74.0,79.0,1009.78,1009.2,1010.2,False,34.152727272727276,33.4,35.3,180.15454545454546,1.752727272727273,2.7,GAS,32080.25,51054.0,42474.25,27178.0,39003.0,26022.0,772783.3333333334,3.0,,,,4.0,,,,,,2.0,,,,,,255.75,,,,,,257.0,,,,,,92414.75,,,,,,92274.0,,,1,4,GAS,12.0,92452.0,92274.0,
2023,15,29.51909090909091,29.3,29.8,77.35454545454546,74.0,79.0,1009.78,1009.2,1010.2,False,34.152727272727276,33.4,35.3,180.15454545454546,1.752727272727273,2.7,HAM,30741.6,47356.6875,41163.933333333334,26924.0,38599.0,25962.0,673141.4,5.0,,,,6.0,,,,,,2.5,,,,,,256.5,,,,,,258.0,,,,,,92016.25,,,,,,91485.0,,,1,4,HAM,5.0,92651.0,92019.0,91485.0
2023,15,29.51909090909091,29.3,29.8,77.35454545454546,74.0,79.0,1009.78,1009.2,1010.2,False,34.152727272727276,33.4,35.3,180.15454545454546,1.752727272727273,2.7,HUL,31411.933333333334,48717.857142857145,35161.55,26926.0,38738.0,26144.0,585771.2,5.0,,,,6.0,,,,,,3.0,,,,,,247.0,,,,,,259.0,,,,,,103418.22222222222,,,,,,91808.0,,,1,4,HUL,9.0,92100.0,91994.0,91808.0
2023,15,29.51909090909091,29.3,29.8,77.35454545454546,74.0,79.0,1009.78,1009.2,1010.2,False,34.152727272727276,33.4,35.3,180.15454545454546,1.752727272727273,2.7,LAW,34997.066666666666,49669.80952380953,40115.55,27285.0,38716.0,26145.0,478887.49999999994,6.0,,,,7.0,,,,,,2.857142857142857,,,,,,255.42857142857142,,,,,,257.0,,,,,,92613.14285714286,,,,,,92166.0,,,1,4,LAW,10.0,92215.0,92166.0,92268.0
2023,15,29.51909090909091,29.3,29.8,77.35454545454546,74.0,79.0,1009.78,1009.2,1010.2,False,34.152727272727276,33.4,35.3,180.15454545454546,1.752727272727273,2.7,LEC,33359.933333333334,48500.42857142857,39086.1,26754.0,38428.0,25881.0,553346.6,5.0,,,,6.0,,,,,,3.0,,,,,,233.25,,,,,,260.0,,,,,,99607.375,,,,,,91063.0,,,1,4,LEC,3.0,92406.0,92012.0,91063.0
2023,15,29.51909090909091,29.3,29.8,77.35454545454546,74.0,79.0,1009.78,1009.2,1010.2,False,34.152727272727276,33.4,35.3,180.15454545454546,1.752727272727273,2.7,MAG,32731.666666666668,49185.857142857145,35849.65,26959.0,38606.0,26010.0,584846.0,5.0,,,,6.0,,,,,,3.0,,,,,,257.125,,,,,,259.0,,,,,,99369.75,,,,,,91575.0,,,1,4,MAG,6.0,92242.0,91892.0,91575.0
2023,15,29.51909090909091,29.3,29.8,77.35454545454546,74.0,79.0,1009.78,1009.2,1010.2,False,34.152727272727276,33.4,35.3,180.15454545454546,1.752727272727273,2.7,NOR,34004.142857142855,50165.35,37161.10526315789,26756.0,38666.0,25848.0,587902.4000000001,5.0,,,,6.0,,,,,,3.0,,,,,,240.42857142857142,,,,,,260.0,,,,,,100205.57142857143,,,,,,91270.0,,,1,4,NOR,4.0,92483.0,91951.0,91270.0
2023,15,29.51909090909091,29.3,29.8,77.35454545454546,74.0,79.0,1009.78,1009.2,1010.2,False,34.152727272727276,33.4,35.3,180.15454545454546,1.752727272727273,2.7,OCO,31058.833333333332,49283.055555555555,37640.76470588235,26986.0,38703.0,25984.0,590592.9999999999,5.0,,,,6.0,,,,,,2.5,,,,,,257.0,,,,,,258.0,,,,,,92314.0,,,,,,91673.0,,,1,4,OCO,8.0,92369.0,92089.0,91673.0
2023,15,29.51909090909091,29.3,29.8,77.35454545454546,74.0,79.0,1009.78,1009.2,1010.2,False,34.152727272727276,33.4,35.3,180.15454545454546,1.752727272727273,2.7,PER,35345.22222222222,54509.230769230766,43554.61538461538,27042.0,38814.0,26195.0,812855.6666666666,3.0,,,,3.0,,,,,,2.5,,,,,,255.75,,,,,,257.0,,,,,,106120.25,,,,,,92099.0,,,1,4,PER,13.0,92099.0,92310.0,
2023,15,29.51909090909091,29.3,29.8,77.35454545454546,74.0,79.0,1009.78,1009.2,1010.2,False,34.152727272727276,33.4,35.3,180.15454545454546,1.752727272727273,2.7,PIA,36285.57142857143,50925.555555555555,38470.22222222222,27161.0,39293.0,26242.0,127654.0,1.0,,,,2.0,,,,,,3.25,,,,,,224.5,,,,,,259.0,,,,,,104057.5,,,,,,92902.0,,,1,4,PIA,17.0,92902.0,,
2023,15,29.51909090909091,29.3,29.8,77.35454545454546,74.0,79.0,1009.78,1009.2,1010.2,False,34.152727272727276,33.4,35.3,180.15454545454546,1.752727272727273,2.7,RUS,32567.272727272728,50158.470588235294,39292.875,26785.0,38406.0,25865.0,644579.0,5.0,,,,6.0,,,,,,3.0,,,,,,255.4,,,,,,259.0,,,,,,91881.6,,,,,,91056.0,,,1,4,RUS,2.0,92331.0,91743.0,91056.0
2023,15,29.51909090909091,29.3,29.8,77.35454545454546,74.0,79.0,1009.78,1009.2,1010.2,False,34.152727272727276,33.4,35.3,180.15454545454546,1.752727272727273,2.7,SAI,32636.928571428572,47931.85,38480.05263157895,26717.0,38477.0,25768.0,585371.2,5.0,,,,6.0,,,,,,3.0,,,,,,257.7142857142857,,,,,,260.0,,,,,,98778.71428571429,,,,,,90984.0,,,1,4,SAI,1.0,92339.0,91439.0,90984.0
2023,15,29.51909090909091,29.3,29.8,77.35454545454546,74.0,79.0,1009.78,1009.2,1010.2,False,34.152727272727276,33.4,35.3,180.15454545454546,1.752727272727273,2.7,SAR,36908.28571428572,47653.22222222222,34353.22222222222,27245.0,39523.0,26466.0,91732.5,2.0,,,,3.0,,,,,,2.0,,,,,,254.33333333333334,,,,,,256.0,,,,,,93973.66666666667,,,,,,93252.0,,,1,4,SAR,18.0,93252.0,,
2023,15,29.51909090909091,29.3,29.8,77.35454545454546,74.0,79.0,1009.78,1009.2,1010.2,False,34.152727272727276,33.4,35.3,180.15454545454546,1.752727272727273,2.7,STR,32024.5,45489.25,43044.28571428572,27289.0,39507.0,26518.0,152701.0,1.0,,,,1.0,,,,,,3.3333333333333335,,,,,,254.0,,,,,,255.0,,,,,,100086.0,,,,,,93397.0,,,1,4,STR,20.0,93397.0,,
2023,15,29.51909090909091,29.3,29.8,77.35454545454546,74.0,79.0,1009.78,1009.2,1010.2,False,34.152727272727276,33.4,35.3,180.15454545454546,1.752727272727273,2.7,TSU,31955.666666666668,53121.3,45649.0,27177.0,38747.0,26067.0,825173.6666666666,3.0,,,,2.0,,,,,,2.0,,,,,,256.0,,,,,,257.0,,,,,,92460.5,,,,,,91991.0,,,1,4,TSU,15.0,91991.0,,
2023,15,29.51909090909091,29.3,29.8,77.35454545454546,74.0,79.0,1009.78,1009.2,1010.2,False,34.152727272727276,33.4,35.3,180.15454545454546,1.752727272727273,2.7,VER,32718.1,47225.142857142855,38873.42857142857,27144.0,38896.0,26022.0,823683.3333333334,3.0,,,,4.0,,,,,,3.0,,,,,,258.6,,,,,,260.0,,,,,,101438.0,,,,,,92173.0,,,1,4,VER,11.0,92398.0,92173.0,
2023,15,29.51909090909091,29.3,29.8,77.35454545454546,74.0,79.0,1009.78,1009.2,1010.2,False,34.152727272727276,33.4,35.3,180.15454545454546,1.752727272727273,2.7,ZHO,33941.28571428572,48733.666666666664,37004.444444444445,27319.0,39339.0,26600.0,112233.0,1.0,,,,2.0,,,,,,3.2,,,,,,239.8,,,,,,258.0,,,,,,113537.2,,,,,,93258.0,,,1,4,ZHO,19.0,93258.0,,
2023,16,26.08695652173913,25.4,27.5,47.5,45.0,49.0,1009.3956521739129,1009.0,1009.7,False,36.55326086956522,33.8,39.2,281.2608695652174,3.529347826086956,5.3,ALB,35616.42857142857,47234.90909090909,22117.18181818182,31648.0,40711.0,18117.0,496828.3333333333,3.0,,,,4.0,,,,,,2.75,,,,,,267.0,,,,,,267.0,,,,,,91114.75,,,,,,90537.0,,,1,1,ALB,13.0,90941.0,90537.0,
2023,16,26.08695652173913,25.4,27.5,47.5,45.0,49.0,1009.3956521739129,1009.0,1009.7,False,36.55326086956522,33.8,39.2,281.2608695652174,3.529347826086956,5.3,ALO,36437.4,48229.857142857145,22467.64285714286,31238.0,40984.0,18167.0,591704.0,4.0,,,,5.0,,,,,,2.6,,,,,,264.4,,,,,,265.0,,,,,,90884.0,,,,,,90465.0,,,1,1,ALO,10.0,90971.0,90465.0,90560.0
2023,16,26.08695652173913,25.4,27.5,47.5,45.0,49.0,1009.3956521739129,1009.0,1009.7,False,36.55326086956522,33.8,39.2,281.2608695652174,3.529347826086956,5.3,BOT,35762.0,49740.4,21336.5,31867.0,41001.0,18170.0,1078269.0,1.0,,,,2.0,,,,,,2.0,,,,,,266.0,,,,,,266.0,,,,,,91049.0,,,,,,91049.0,,,1,1,BOT,16.0,91049.0,,
2023,16,26.08695652173913,25.4,27.5,47.5,45.0,49.0,1009.3956521739129,1009.0,1009.7,False,36.55326086956522,33.8,39.2,281.2608695652174,3.529347826086956,5.3,GAS,38942.42857142857,47198.72727272727,22054.636363636364,31424.0,40990.0,18087.0,591040.3333333334,3.0,,,,4.0,,,,,,2.75,,,,,,265.0,,,,,,266.0,,,,,,91063.25,,,,,,90509.0,,,1,1,GAS,12.0,90843.0,90509.0,
2023,16,26.08695652173913,25.4,27.5,47.5,45.0,49.0,1009.3956521739129,1009.0,1009.7,False,36.55326086956522,33.8,39.2,281.2608695652174,3.529347826086956,5.3,HAM,35197.25,47718.88888888889,21634.58823529412,31247.0,40616.0,17980.0,480716.8,5.0,,,,6.0,,,,,,3.0,,,,,,264.8333333333333,,,,,,266.0,,,,,,90619.5,,,,,,89908.0,,,1,1,HAM,7.0,90811.0,90040.0,89908.0
2023,16,26.08695652173913,25.4,27.5,47.5,45.0,49.0,1009.3956521739129,1009.0,1009.7,False,36.55326086956522,33.8,39.2,281.2608695652174,3.529347826086956,5.3,HUL,36321.5,47919.333333333336,22379.4,31773.0,41276.0,18228.0,1066816.0,1.0,,,,2.0,,,,,,2.0,,,,,,266.5,,,,,,267.0,,,,,,91517.5,,,,,,91299.0,,,1,1,HUL,18.0,91299.0,,
2023,16,26.08695652173913,25.4,27.5,47.5,45.0,49.0,1009.3956521739129,1009.0,1009.7,False,36.55326086956522,33.8,39.2,281.2608695652174,3.529347826086956,5.3,LAW,41272.545454545456,47301.333333333336,22932.066666666666,31481.0,40755.0,18047.0,308752.6,5.0,,,,6.0,,,,,,2.8,,,,,,264.4,,,,,,265.0,,,,,,90976.8,,,,,,90425.0,,,1,1,LAW,11.0,90425.0,90508.0,
2023,16,26.08695652173913,25.4,27.5,47.5,45.0,49.0,1009.3956521739129,1009.0,1009.7,False,36.55326086956522,33.8,39.2,281.2608695652174,3.529347826086956,5.3,LEC,36571.0,47567.0,23773.384615384617,31240.0,40363.0,17939.0,659574.5,4.0,,,,5.0,,,,,,2.5,,,,,,266.5,,,,,,267.0,,,,,,90082.75,,,,,,89542.0,,,1,1,LEC,4.0,90393.0,89940.0,89542.0
2023,16,26.08695652173913,25.4,27.5,47.5,45.0,49.0,1009.3956521739129,1009.0,1009.7,False,36.55326086956522,33.8,39.2,281.2608695652174,3.529347826086956,5.3,MAG,36362.666666666664,47425.555555555555,22255.5,31626.0,40896.0,18143.0,1049574.5,2.0,,,,3.0,,,,,,2.0,,,,,,266.0,,,,,,266.0,,,,,,91066.0,,,,,,90665.0,,,1,1,MAG,15.0,90976.0,90665.0,
2023,16,26.08695652173913,25.4,27.5,47.5,45.0,49.0,1009.3956521739129,1009.0,1009.7,False,36.55326086956522,33.8,39.2,281.2608695652174,3.529347826086956,5.3,NOR,36221.125,46748.818181818184,22529.636363636364,30916.0,40421.0,18047.0,991666.3333333334,3.0,,,,4.0,,,,,,2.0,,,,,,266.25,,,,,,267.0,,,,,,89868.5,,,,,,89493.0,,,1,1,NOR,3.0,90063.0,90296.0,89493.0
2023,16,26.08695652173913,25.4,27.5,47.5,45.0,49.0,1009.3956521739129,1009.0,1009.7,False,36.55326086956522,33.8,39.2,281.2608695652174,3.529347826086956,5.3,OCO,36572.375,48496.181818181816,22336.363636363636,31501.0,40932.0,18153.0,590410.0,3.0,,,,4.0,,,,,,2.75,,,,,,267.0,,,,,,268.0,,,,,,91022.5,,,,,,90586.0,,,1,1,OCO,14.0,90960.0,90586.0,
2023,16,26.08695652173913,25.4,27.5,47.5,45.0,49.0,1009.3956521739129,1009.0,1009.7,False,36.55326086956522,33.8,39.2,281.2608695652174,3.529347826086956,5.3,PER,36955.166666666664,47598.88888888889,22446.529411764706,31152.0,40528.0,17954.0,477285.0,5.0,,,,6.0,,,,,,3.0,,,,,,265.5,,,,,,266.0,,,,,,90286.16666666667,,,,,,89650.0,,,1,1,PER,5.0,90652.0,89965.0,89650.0
2023,16,26.08695652173913,25.4,27.5,47.5,45.0,49.0,1009.3956521739129,1009.0,1009.7,False,36.55326086956522,33.8,39.2,281.2608695652174,3.529347826086956,5.3,PIA,35428.375,48364.92307692308,23719.23076923077,30952.0,40356.0,17929.0,660785.75,4.0,,,,5.0,,,,,,2.0,,,,,,267.75,,,,,,268.0,,,,,,89889.75,,,,,,89458.0,,,1,1,PIA,2.0,90439.0,90122.0,89458.0
2023,16,26.08695652173913,25.4,27.5,47.5,45.0,49.0,1009.3956521739129,1009.0,1009.7,False,36.55326086956522,33.8,39.2,281.2608695652174,3.529347826086956,5.3,RUS,38415.5,48543.26666666667,21881.785714285714,31547.0,40552.0,18042.0,605782.0,4.0,,,,5.0,,,,,,2.6,,,,,,264.2,,,,,,265.0,,,,,,90687.6,,,,,,90219.0,,,1,1,RUS,8.0,90811.0,90268.0,90219.0
2023,16,26.08695652173913,25.4,27.5,47.5,45.0,49.0,1009.3956521739129,1009.0,1009.7,False,36.55326086956522,33.8,39.2,281.2608695652174,3.529347826086956,5.3,SAI,37415.77777777778,48572.846153846156,22816.0,31278.0,40564.0,17954.0,650254.5,4.0,,,,5.0,,,,,,2.5,,,,,,266.75,,,,,,267.0,,,,,,90431.0,,,,,,89850.0,,,1,1,SAI,6.0,90651.0,90067.0,89850.0
2023,16,26.08695652173913,25.4,27.5,47.5,45.0,49.0,1009.3956521739129,1009.0,1009.7,False,36.55326086956522,33.8,39.2,281.2608695652174,3.529347826086956,5.3,SAR,32171.0,45661.5,21822.0,32171.0,41129.0,21822.0,,,,,,,,,,,,,,,,,,,,,,,,,,,,,,,,,,,,,,,1,1,SAR,20.0,,,
2023,16,26.08695652173913,25.4,27.5,47.5,45.0,49.0,1009.3956521739129,1009.0,1009.7,False,36.55326086956522,33.8,39.2,281.2608695652174,3.529347826086956,5.3,STR,35396.25,47974.0,22868.5,31521.0,41208.0,18333.0,609180.5,2.0,,,,3.0,,,,,,2.0,,,,,,262.5,,,,,,263.0,,,,,,91713.5,,,,,,91181.0,,,1,1,STR,17.0,91181.0,,
2023,16,26.08695652173913,25.4,27.5,47.5,45.0,49.0,1009.3956521739129,1009.0,1009.7,False,36.55326086956522,33.8,39.2,281.2608695652174,3.529347826086956,5.3,TSU,35737.583333333336,47508.529411764706,23350.882352941175,31439.0,40706.0,18044.0,458495.0,5.0,,,,6.0,,,,,,2.5,,,,,,264.8333333333333,,,,,,266.0,,,,,,90652.83333333333,,,,,,90204.0,,,1,1,TSU,9.0,90733.0,90204.0,90303.0
2023,16,26.08695652173913,25.4,27.5,47.5,45.0,49.0,1009.3956521739129,1009.0,1009.7,False,36.55326086956522,33.8,39.2,281.2608695652174,3.529347826086956,5.3,VER,36374.75,48047.583333333336,21565.81818181818,30725.0,40311.0,17841.0,1005863.6666666666,3.0,,,,4.0,,,,,,2.75,,,,,,266.5,,,,,,267.0,,,,,,89432.75,,,,,,88877.0,,,1,1,VER,1.0,89878.0,89964.0,88877.0
2023,16,26.08695652173913,25.4,27.5,47.5,45.0,49.0,1009.3956521739129,1009.0,1009.7,False,36.55326086956522,33.8,39.2,281.2608695652174,3.529347826086956,5.3,ZHO,37017.0,48276.6,21392.0,31774.0,41073.0,18198.0,961693.0,1.0,,,,2.0,,,,,,2.0,,,,,,261.5,,,,,,268.0,,,,,,91388.5,,,,,,91379.0,,,1,1,ZHO,19.0,91398.0,,
2023,17,31.416867469879517,31.3,31.6,55.80722891566265,52.0,58.0,1006.4674698795181,1006.2,1006.5,False,34.3855421686747,33.9,34.8,326.0240963855422,3.3240963855421684,4.5,ALB,35762.90909090909,33083.26666666667,31676.733333333334,31595.0,28885.0,25024.0,272328.3333333333,3.0,,,,3.0,,,,,,2.857142857142857,,,,,,282.7142857142857,,,,,,286.0,,,,,,94378.28571428571,,,,,,85707.0,,,0,0,ALB,14.0,86118.0,85707.0,
2023,17,31.416867469879517,31.3,31.6,55.80722891566265,52.0,58.0,1006.4674698795181,1006.2,1006.5,False,34.3855421686747,33.9,34.8,326.0240963855422,3.3240963855421684,4.5,ALO,36711.0,34263.28571428572,31588.3,31075.0,28832.0,24462.0,296535.2,5.0,,,,6.0,,,,,,2.5555555555555554,,,,,,283.77777777777777,,,,,,288.0,,,,,,95803.66666666667,,,,,,84369.0,,,0,0,ALO,4.0,85223.0,85241.0,84369.0
2023,17,31.416867469879517,31.3,31.6,55.80722891566265,52.0,58.0,1006.4674698795181,1006.2,1006.5,False,34.3855421686747,33.9,34.8,326.0240963855422,3.3240963855421684,4.5,BOT,36051.57142857143,32914.09523809524,32214.65,31433.0,28605.0,25020.0,260703.83333333334,6.0,,,,7.0,,,,,,2.857142857142857,,,,,,280.14285714285717,,,,,,284.0,,,,,,85943.0,,,,,,85058.0,,,0,0,BOT,9.0,86038.0,85297.0,85058.0
2023,17,31.416867469879517,31.3,31.6,55.80722891566265,52.0,58.0,1006.4674698795181,1006.2,1006.5,False,34.3855421686747,33.9,34.8,326.0240963855422,3.3240963855421684,4.5,GAS,36849.470588235294,33094.30434782609,31121.045454545456,31241.0,28470.0,24842.0,271079.6,5.0,,,,6.0,,,,,,2.6363636363636362,,,,,,281.54545454545456,,,,,,283.0,,,,,,93958.72727272728,,,,,,84553.0,,,0,0,GAS,7.0,85566.0,84918.0,84553.0
2023,17,31.416867469879517,31.3,31.6,55.80722891566265,52.0,58.0,1006.4674698795181,1006.2,1006.5,False,34.3855421686747,33.9,34.8,326.0240963855422,3.3240963855421684,4.5,HAM,35907.57142857143,32863.4,31906.42105263158,31022.0,28437.0,24796.0,305741.6,5.0,,,,5.0,,,,,,3.25,,,,,,282.25,,,,,,283.0,,,,,,94366.125,,,,,,84305.0,,,0,0,HAM,3.0,86076.0,84381.0,84305.0
2023,17,31.416867469879517,31.3,31.6,55.80722891566265,52.0,58.0,1006.4674698795181,1006.2,1006.5,False,34.3855421686747,33.9,34.8,326.0240963855422,3.3240963855421684,4.5,HUL,34950.125,32492.916666666668,33159.25,31798.0,28720.0,24952.0,277865.0,3.0,,,,4.0,,,,,,2.0,,,,,,284.75,,,,,,288.0,,,,,,86096.75,,,,,,85547.0,,,0,0,HUL,15.0,85904.0,85783.0,
2023,17,31.416867469879517,31.3,31.6,55.80722891566265,52.0,58.0,1006.4674698795181,1006.2,1006.5,False,34.3855421686747,33.9,34.8,326.0240963855422,3.3240963855421684,4.5,LAW,38194.5,33920.6,31748.4,32006.999999999996,29318.0,25188.0,145248.0,1.0,,,,2.0,,,,,,3.0,,,,,,280.1666666666667,,,,,,282.0,,,,,,98297.5,,,,,,86635.0,,,0,0,LAW,18.0,86635.0,,
2023,17,31.416867469879517,31.3,31.6,55.80722891566265,52.0,58.0,1006.4674698795181,1006.2,1006.5,False,34.3855421686747,33.9,34.8,326.0240963855422,3.3240963855421684,4.5,LEC,35825.76190476191,33689.346153846156,30721.36,31165.0,28515.0,24692.0,199955.4,5.0,,,,6.0,,,,,,4.133333333333334,,,,,,282.06666666666666,,,,,,291.0,,,,,,98541.46666666666,,,,,,84424.0,,,0,0,LEC,5.0,85452.0,85079.0,84424.0
2023,17,31.416867469879517,31.3,31.6,55.80722891566265,52.0,58.0,1006.4674698795181,1006.2,1006.5,False,34.3855421686747,33.9,34.8,326.0240963855422,3.3240963855421684,4.5,MAG,36515.0,32233.88888888889,31537.666666666668,32216.0,29278.0,25552.0,119974.0,2.0,,,,3.0,,,,,,2.0,,,,,,283.6666666666667,,,,,,286.0,,,,,,87648.0,,,,,,87046.0,,,0,0,MAG,19.0,87046.0,,
2023,17,31.416867469879517,31.3,31.6,55.80722891566265,52.0,58.0,1006.4674698795181,1006.2,1006.5,False,34.3855421686747,33.9,34.8,326.0240963855422,3.3240963855421684,4.5,NOR,35620.46666666667,32576.52380952381,32442.52380952381,30959.0,28441.0,24524.0,300182.2,5.0,,,,6.0,,,,,,2.7777777777777777,,,,,,285.3333333333333,,,,,,289.0,,,,,,94687.0,,,,,,84074.0,,,0,0,NOR,10.0,85131.0,84685.0,
2023,17,31.416867469879517,31.3,31.6,55.80722891566265,52.0,58.0,1006.4674698795181,1006.2,1006.5,False,34.3855421686747,33.9,34.8,326.0240963855422,3.3240963855421684,4.5,OCO,36606.5,32556.083333333332,31233.956521739132,31321.0,28614.0,24688.0,244674.2,5.0,,,,6.0,,,,,,2.75,,,,,,280.5833333333333,,,,,,282.0,,,,,,93346.25,,,,,,84763.0,,,0,0,OCO,8.0,85711.0,84928.0,84763.0
2023,17,31.416867469879517,31.3,31.6,55.80722891566265,52.0,58.0,1006.4674698795181,1006.2,1006.5,False,34.3855421686747,33.9,34.8,326.0240963855422,3.3240963855421684,4.5,PER,37422.583333333336,32407.4375,30413.25,31409.0,29001.0,24865.0,306823.0,3.0,,,,4.0,,,,,,3.875,,,,,,283.875,,,,,,285.0,,,,,,93294.125,,,,,,85275.0,,,0,0,PER,13.0,85991.0,85462.0,
2023,17,31.416867469879517,31.3,31.6,55.80722891566265,52.0,58.0,1006.4674698795181,1006.2,1006.5,False,34.3855421686747,33.9,34.8,326.0240963855422,3.3240963855421684,4.5,PIA,35902.41176470588,33091.217391304344,31206.409090909092,30994.0,28508.0,24635.0,260948.59999999992,5.0,,,,6.0,,,,,,3.090909090909091,,,,,,283.8181818181818,,,,,,286.0,,,,,,93949.27272727272,,,,,,84228.0,,,0,0,PIA,6.0,85266.0,84724.0,84540.0
2023,17,31.416867469879517,31.3,31.6,55.80722891566265,52.0,58.0,1006.4674698795181,1006.2,1006.5,False,34.3855421686747,33.9,34.8,326.0240963855422,3.3240963855421684,4.5,RUS,38699.86666666667,32947.71428571428,32111.52380952381,31000.0,28459.0,24705.0,254570.6666666666,6.0,,,,7.0,,,,,,2.375,,,,,,281.125,,,,,,283.0,,,,,,95094.875,,,,,,84219.0,,,0,0,RUS,2.0,85334.0,84827.0,84219.0
2023,17,31.416867469879517,31.3,31.6,55.80722891566265,52.0,58.0,1006.4674698795181,1006.2,1006.5,False,34.3855421686747,33.9,34.8,326.0240963855422,3.3240963855421684,4.5,SAI,38457.666666666664,33338.555555555555,31471.88888888889,31476.0,28828.0,24925.0,186986.33333333334,3.0,,,,4.0,,,,,,4.2727272727272725,,,,,,271.27272727272725,,,,,,285.0,,,,,,101629.36363636363,,,,,,85328.0,,,0,0,SAI,12.0,85808.0,85328.0,
2023,17,31.416867469879517,31.3,31.6,55.80722891566265,52.0,58.0,1006.4674698795181,1006.2,1006.5,False,34.3855421686747,33.9,34.8,326.0240963855422,3.3240963855421684,4.5,SAR,36223.0,32852.0,33382.4,31931.0,29098.0,25096.0,124279.0,1.0,,,,2.0,,,,,,3.0,,,,,,285.0,,,,,,294.0,,,,,,97014.83333333333,,,,,,86210.0,,,0,0,SAR,16.0,86210.0,,
2023,17,31.416867469879517,31.3,31.6,55.80722891566265,52.0,58.0,1006.4674698795181,1006.2,1006.5,False,34.3855421686747,33.9,34.8,326.0240963855422,3.3240963855421684,4.5,STR,35472.625,34418.8,31272.7,31543.0,29526.0,25276.0,180716.0,1.0,,,,2.0,,,,,,3.0,,,,,,279.1666666666667,,,,,,285.0,,,,,,99950.66666666667,,,,,,86345.0,,,0,0,STR,17.0,86345.0,,
2023,17,31.416867469879517,31.3,31.6,55.80722891566265,52.0,58.0,1006.4674698795181,1006.2,1006.5,False,34.3855421686747,33.9,34.8,326.0240963855422,3.3240963855421684,4.5,TSU,37593.583333333336,34024.5625,33280.8125,31583.0,28905.0,24809.0,267120.3333333333,3.0,,,,4.0,,,,,,2.75,,,,,,280.0,,,,,,282.0,,,,,,96384.25,,,,,,85301.0,,,0,0,TSU,11.0,86058.0,85301.0,
2023,17,31.416867469879517,31.3,31.6,55.80722891566265,52.0,58.0,1006.4674698795181,1006.2,1006.5,False,34.3855421686747,33.9,34.8,326.0240963855422,3.3240963855421684,4.5,VER,35985.46153846154,32804.05263157895,29954.444444444445,30791.0,28536.0,24451.0,343356.4,5.0,,,,5.0,,,,,,4.142857142857143,,,,,,284.14285714285717,,,,,,285.0,,,,,,89945.85714285714,,,,,,83778.0,,,0,0,VER,1.0,85007.0,84483.0,83778.0
2023,17,31.416867469879517,31.3,31.6,55.80722891566265,52.0,58.0,1006.4674698795181,1006.2,1006.5,False,34.3855421686747,33.9,34.8,326.0240963855422,3.3240963855421684,4.5,ZHO,35723.833333333336,33782.555555555555,34150.22222222222,32601.0,29335.0,25496.0,122419.5,2.0,,,,3.0,,,,,,2.0,,,,,,282.0,,,,,,284.0,,,,,,88382.0,,,,,,87432.0,,,0,0,ZHO,20.0,87432.0,,
2023,18,35.460759493670885,35.2,35.7,12.531645569620252,12.0,13.0,993.1050632911392,992.9,993.5,False,41.36582278481013,39.6,42.6,275.2911392405063,1.439240506329114,3.0,ALB,30064.75,43805.333333333336,37962.166666666664,25671.0,38765.0,31879.0,170248.0,1.0,,,,2.0,,,,,,2.0,,,,,,207.0,,,,,,207.0,,,,,,96654.0,,,,,,96315.0,,,0,0,ALB,18.0,96315.0,,
2023,18,35.460759493670885,35.2,35.7,12.531645569620252,12.0,13.0,993.1050632911392,992.9,993.5,False,41.36582278481013,39.6,42.6,275.2911392405063,1.439240506329114,3.0,ALO,33345.0,45328.625,37784.25,25814.0,38631.0,31823.0,190498.0,1.0,,,,2.0,,,,,,2.75,,,,,,208.25,,,,,,211.0,,,,,,109735.0,,,,,,96268.0,,,0,0,ALO,17.0,96268.0,,
2023,18,35.460759493670885,35.2,35.7,12.531645569620252,12.0,13.0,993.1050632911392,992.9,993.5,False,41.36582278481013,39.6,42.6,275.2911392405063,1.439240506329114,3.0,BOT,31035.090909090908,45215.0,38850.066666666666,25676.0,38434.0,31666.0,250892.66666666666,3.0,,,,4.0,,,,,,2.857142857142857,,,,,,199.85714285714286,,,,,,211.0,,,,,,105919.85714285714,,,,,,95858.0,,,0,0,BOT,13.0,96082.0,95858.0,
2023,18,35.460759493670885,35.2,35.7,12.531645569620252,12.0,13.0,993.1050632911392,992.9,993.5,False,41.36582278481013,39.6,42.6,275.2911392405063,1.439240506329114,3.0,GAS,29725.0,45058.52631578947,38145.22222222222,25374.0,38288.0,31358.0,262411.0,6.0,,,,7.0,,,,,,2.6666666666666665,,,,,,206.66666666666666,,,,,,208.0,,,,,,95860.0,,,,,,95089.0,,,0,0,GAS,7.0,96158.0,95496.0,95089.0
2023,18,35.460759493670885,35.2,35.7,12.531645569620252,12.0,13.0,993.1050632911392,992.9,993.5,False,41.36582278481013,39.6,42.6,275.2911392405063,1.439240506329114,3.0,HAM,28878.083333333332,44727.77777777778,37775.61111111111,25416.0,38055.0,31269.0,297662.20000000007,5.0,,,,6.0,,,,,,3.0,,,,,,208.16666666666666,,,,,,209.0,,,,,,95433.16666666667,,,,,,94862.0,,,0,0,HAM,3.0,95091.0,95240.0,94862.0
2023,18,35.460759493670885,35.2,35.7,12.531645569620252,12.0,13.0,993.1050632911392,992.9,993.5,False,41.36582278481013,39.6,42.6,275.2911392405063,1.439240506329114,3.0,HUL,27898.5,43730.666666666664,38487.833333333336,25901.0,38357.0,31664.0,179888.0,1.0,,,,2.0,,,,,,2.0,,,,,,207.5,,,,,,208.0,,,,,,96307.0,,,,,,96235.0,,,0,0,HUL,16.0,96235.0,,
2023,18,35.460759493670885,35.2,35.7,12.531645569620252,12.0,13.0,993.1050632911392,992.9,993.5,False,41.36582278481013,39.6,42.6,275.2911392405063,1.439240506329114,3.0,LEC,30567.333333333332,45408.142857142855,38462.857142857145,25338.0,38153.0,31147.0,245956.6000000001,5.0,,,,6.0,,,,,,4.111111111111111,,,,,,205.66666666666666,,,,,,212.0,,,,,,103877.11111111111,,,,,,94723.0,,,0,0,LEC,1.0,96061.0,95004.0,94723.0
2023,18,35.460759493670885,35.2,35.7,12.531645569620252,12.0,13.0,993.1050632911392,992.9,993.5,False,41.36582278481013,39.6,42.6,275.2911392405063,1.439240506329114,3.0,MAG,30067.375,44411.333333333336,37491.583333333336,25725.0,38513.0,31571.0,252793.66666666666,3.0,,,,4.0,,,,,,2.0,,,,,,207.5,,,,,,209.0,,,,,,96257.0,,,,,,95880.0,,,0,0,MAG,14.0,96009.0,95880.0,
2023,18,35.460759493670885,35.2,35.7,12.531645569620252,12.0,13.0,993.1050632911392,992.9,993.5,False,41.36582278481013,39.6,42.6,275.2911392405063,1.439240506329114,3.0,NOR,30457.0,45081.85,38199.8,25485.0,38111.0,31257.0,270900.2,5.0,,,,6.0,,,,,,2.75,,,,,,195.75,,,,,,209.0,,,,,,104534.125,,,,,,94853.0,,,0,0,NOR,2.0,95110.0,95441.0,94853.0
2023,18,35.460759493670885,35.2,35.7,12.531645569620252,12.0,13.0,993.1050632911392,992.9,993.5,False,41.36582278481013,39.6,42.6,275.2911392405063,1.439240506329114,3.0,OCO,31429.333333333332,45120.333333333336,37969.1,25402.0,38365.0,31387.0,214523.66666666666,6.0,,,,7.0,,,,,,2.857142857142857,,,,,,208.42857142857142,,,,,,210.0,,,,,,96051.57142857143,,,,,,95154.0,,,0,0,OCO,8.0,96131.0,95413.0,95154.0
2023,18,35.460759493670885,35.2,35.7,12.531645569620252,12.0,13.0,993.1050632911392,992.9,993.5,False,41.36582278481013,39.6,42.6,275.2911392405063,1.439240506329114,3.0,PER,29682.727272727272,45891.705882352944,39534.9375,25515.0,38354.0,31304.0,334792.8,5.0,,,,6.0,,,,,,2.6,,,,,,206.8,,,,,,209.0,,,,,,95809.0,,,,,,95173.0,,,0,0,PER,9.0,95989.0,95679.0,95173.0
2023,18,35.460759493670885,35.2,35.7,12.531645569620252,12.0,13.0,993.1050632911392,992.9,993.5,False,41.36582278481013,39.6,42.6,275.2911392405063,1.439240506329114,3.0,PIA,30349.14285714286,44854.7,39511.36842105263,25564.0,38262.0,31422.0,266399.9999999999,5.0,,,,6.0,,,,,,3.0,,,,,,200.0,,,,,,210.0,,,,,,104861.75,,,,,,95467.0,,,0,0,PIA,10.0,96064.0,95576.0,95467.0
2023,18,35.460759493670885,35.2,35.7,12.531645569620252,12.0,13.0,993.1050632911392,992.9,993.5,False,41.36582278481013,39.6,42.6,275.2911392405063,1.439240506329114,3.0,RIC,29643.875,44752.416666666664,39292.0,25817.0,38616.0,31471.0,241091.0,3.0,,,,4.0,,,,,,2.0,,,,,,204.0,,,,,,207.0,,,,,,96461.5,,,,,,95974.0,,,0,0,RIC,15.0,96213.0,95974.0,
2023,18,35.460759493670885,35.2,35.7,12.531645569620252,12.0,13.0,993.1050632911392,992.9,993.5,False,41.36582278481013,39.6,42.6,275.2911392405063,1.439240506329114,3.0,RUS,31065.833333333332,45472.166666666664,38945.117647058825,25585.0,38128.0,31313.0,287924.8,5.0,,,,6.0,,,,,,2.5,,,,,,208.16666666666666,,,,,,209.0,,,,,,95819.33333333333,,,,,,95079.0,,,0,0,RUS,5.0,96165.0,95606.0,95079.0
2023,18,35.460759493670885,35.2,35.7,12.531645569620252,12.0,13.0,993.1050632911392,992.9,993.5,False,41.36582278481013,39.6,42.6,275.2911392405063,1.439240506329114,3.0,SAI,30628.25,46089.27777777778,37677.5,25387.0,38178.0,31297.0,307305.6000000001,5.0,,,,6.0,,,,,,3.6666666666666665,,,,,,208.83333333333334,,,,,,211.0,,,,,,95789.5,,,,,,94945.0,,,0,0,SAI,4.0,95824.0,95302.0,94945.0
2023,18,35.460759493670885,35.2,35.7,12.531645569620252,12.0,13.0,993.1050632911392,992.9,993.5,False,41.36582278481013,39.6,42.6,275.2911392405063,1.439240506329114,3.0,SAR,27681.2,43644.0,38423.75,26000.0,38755.0,32072.000000000004,146310.5,2.0,,,,3.0,,,,,,2.0,,,,,,205.0,,,,,,208.0,,,,,,97515.0,,,,,,96827.0,,,0,0,SAR,20.0,96827.0,,
2023,18,35.460759493670885,35.2,35.7,12.531645569620252,12.0,13.0,993.1050632911392,992.9,993.5,False,41.36582278481013,39.6,42.6,275.2911392405063,1.439240506329114,3.0,STR,34875.42857142857,43600.77777777778,40177.333333333336,25938.0,38680.0,31830.0,109147.5,2.0,,,,3.0,,,,,,2.0,,,,,,206.0,,,,,,209.0,,,,,,97242.66666666667,,,,,,96589.0,,,0,0,STR,19.0,96589.0,,
2023,18,35.460759493670885,35.2,35.7,12.531645569620252,12.0,13.0,993.1050632911392,992.9,993.5,False,41.36582278481013,39.6,42.6,275.2911392405063,1.439240506329114,3.0,TSU,28855.0,44967.833333333336,38958.083333333336,25650.0,38554.0,31437.0,250658.66666666666,3.0,,,,4.0,,,,,,2.0,,,,,,207.0,,,,,,208.0,,,,,,96078.75,,,,,,95697.0,,,0,0,TSU,11.0,95913.0,95697.0,
2023,18,35.460759493670885,35.2,35.7,12.531645569620252,12.0,13.0,993.1050632911392,992.9,993.5,False,41.36582278481013,39.6,42.6,275.2911392405063,1.439240506329114,3.0,VER,28843.666666666668,44160.333333333336,36114.055555555555,25332.0,38095.0,31146.0,305486.8000000001,5.0,,,,6.0,,,,,,3.0,,,,,,207.0,,,,,,209.0,,,,,,95352.33333333333,,,,,,94718.0,,,0,0,VER,6.0,95346.0,95008.0,95081.0
2023,18,35.460759493670885,35.2,35.7,12.531645569620252,12.0,13.0,993.1050632911392,992.9,993.5,False,41.36582278481013,39.6,42.6,275.2911392405063,1.439240506329114,3.0,ZHO,30306.636363636364,45373.666666666664,39161.8,25617.0,38505.0,31485.0,251778.33333333334,3.0,,,,4.0,,,,,,2.857142857142857,,,,,,203.42857142857142,,,,,,209.0,,,,,,106106.85714285714,,,,,,95698.0,,,0,0,ZHO,12.0,96052.0,95698.0,
2023,19,25.8025641025641,25.2,26.4,27.102564102564102,26.0,28.0,780.2602564102565,780.0,780.7,False,44.11153846153846,39.8,47.3,176.44871794871796,1.408974358974359,3.5,ALB,30227.375,35941.916666666664,24526.5,27599.0,30318.0,20381.0,349860.6666666667,3.0,,,,4.0,,,,,,2.0,,,,,,250.75,,,,,,252.0,,,,,,78914.75,,,,,,78302.0,,,0,2,ALB,14.0,78828.0,79147.0,
2023,19,25.8025641025641,25.2,26.4,27.102564102564102,26.0,28.0,780.2602564102565,780.0,780.7,False,44.11153846153846,39.8,47.3,176.44871794871796,1.408974358974359,3.5,ALO,38448.2,35798.57142857143,25845.85714285714,27691.0,30423.0,20324.0,239274.74999999994,4.0,,,,5.0,,,,,,2.2,,,,,,250.2,,,,,,253.0,,,,,,88197.6,,,,,,78738.0,,,0,2,ALO,13.0,78848.0,78738.0,
2023,19,25.8025641025641,25.2,26.4,27.102564102564102,26.0,28.0,780.2602564102565,780.0,780.7,False,44.11153846153846,39.8,47.3,176.44871794871796,1.408974358974359,3.5,BOT,31789.636363636364,35739.94117647059,25623.176470588234,27483.0,30073.0,20167.0,330687.4,5.0,,,,6.0,,,,,,2.4,,,,,,252.8,,,,,,254.0,,,,,,78155.4,,,,,,78016.0,,,0,2,BOT,9.0,78429.0,78016.0,78032.0
2023,19,25.8025641025641,25.2,26.4,27.102564102564102,26.0,28.0,780.2602564102565,780.0,780.7,False,44.11153846153846,39.8,47.3,176.44871794871796,1.408974358974359,3.5,GAS,31078.7,35529.73333333333,24838.2,27774.0,30390.0,20357.0,252575.5,4.0,,,,5.0,,,,,,2.6,,,,,,248.8,,,,,,250.0,,,,,,79165.0,,,,,,78521.0,,,0,2,GAS,11.0,78945.0,78521.0,
2023,19,25.8025641025641,25.2,26.4,27.102564102564102,26.0,28.0,780.2602564102565,780.0,780.7,False,44.11153846153846,39.8,47.3,176.44871794871796,1.408974358974359,3.5,HAM,31087.75,36859.38888888889,25243.941176470587,27460.0,29868.0,20015.0,349502.4,5.0,,,1.0,6.0,,,,,2.5,2.5,,,,,250.5,250.75,,,,,251.0,252.0,,,,,91375.0,77770.75,,,,,78677.0,77454.0,,,0,2,HAM,6.0,78677.0,77571.0,77454.0
2023,19,25.8025641025641,25.2,26.4,27.102564102564102,26.0,28.0,780.2602564102565,780.0,780.7,False,44.11153846153846,39.8,47.3,176.44871794871796,1.408974358974359,3.5,HUL,30313.125,34821.416666666664,23920.0,27680.0,30563.0,20278.0,290705.00000000006,3.0,,,,4.0,,,,,,2.75,,,,,,251.5,,,,,,253.0,,,,,,79094.0,,,,,,78524.0,,,0,2,HUL,12.0,78969.0,78524.0,
2023,19,25.8025641025641,25.2,26.4,27.102564102564102,26.0,28.0,780.2602564102565,780.0,780.7,False,44.11153846153846,39.8,47.3,176.44871794871796,1.408974358974359,3.5,LEC,31046.090909090908,36224.470588235294,25724.176470588234,27291.0,29853.0,20022.0,313634.0,5.0,,,1.0,6.0,,,,,2.0,2.5,,,,,253.0,252.5,,,,,253.0,254.0,,,,,78401.0,77832.75,,,,,78401.0,77166.0,,,0,2,LEC,1.0,78401.0,77901.0,77166.0
2023,19,25.8025641025641,25.2,26.4,27.102564102564102,26.0,28.0,780.2602564102565,780.0,780.7,False,44.11153846153846,39.8,47.3,176.44871794871796,1.408974358974359,3.5,MAG,32890.333333333336,34220.333333333336,24505.444444444445,27680.0,30728.0,20585.0,146624.0,2.0,,,,3.0,,,,,,2.0,,,,,,249.66666666666666,,,,,,252.0,,,,,,79590.66666666667,,,,,,79163.0,,,0,2,MAG,17.0,79163.0,,
2023,19,25.8025641025641,25.2,26.4,27.102564102564102,26.0,28.0,780.2602564102565,780.0,780.7,False,44.11153846153846,39.8,47.3,176.44871794871796,1.408974358974359,3.5,NOR,30824.25,34559.666666666664,29180.333333333332,27653.0,30444.0,23457.0,345262.0,1.0,,,,2.0,,,,,,2.5,,,,,,216.5,,,,,,247.0,,,,,,97176.0,,,,,,81554.0,,,0,2,NOR,19.0,81554.0,,
2023,19,25.8025641025641,25.2,26.4,27.102564102564102,26.0,28.0,780.2602564102565,780.0,780.7,False,44.11153846153846,39.8,47.3,176.44871794871796,1.408974358974359,3.5,OCO,32003.75,36731.833333333336,25092.833333333332,28038.0,30500.0,20524.0,208044.0,1.0,,,,2.0,,,,,,2.0,,,,,,250.0,,,,,,251.0,,,,,,79216.5,,,,,,79080.0,,,0,2,OCO,16.0,79080.0,,
2023,19,25.8025641025641,25.2,26.4,27.102564102564102,26.0,28.0,780.2602564102565,780.0,780.7,False,44.11153846153846,39.8,47.3,176.44871794871796,1.408974358974359,3.5,PER,32542.5,35166.9375,24261.133333333335,27460.0,29884.0,20079.0,397345.4,5.0,,,,6.0,,,,,,2.8,,,,,,252.4,,,,,,254.0,,,,,,78144.6,,,,,,77423.0,,,0,2,PER,5.0,78553.0,78124.0,77423.0
2023,19,25.8025641025641,25.2,26.4,27.102564102564102,26.0,28.0,780.2602564102565,780.0,780.7,False,44.11153846153846,39.8,47.3,176.44871794871796,1.408974358974359,3.5,PIA,31195.416666666668,34447.055555555555,25000.277777777777,27447.0,29979.0,20126.0,342934.0,5.0,,,1.0,6.0,,,,,2.0,2.6,,,,,251.0,245.8,,,,,251.0,252.0,,,,,79440.0,78737.2,,,,,79440.0,77623.0,,,0,2,PIA,7.0,78241.0,77874.0,77623.0
2023,19,25.8025641025641,25.2,26.4,27.102564102564102,26.0,28.0,780.2602564102565,780.0,780.7,False,44.11153846153846,39.8,47.3,176.44871794871796,1.408974358974359,3.5,RIC,30951.5,35822.86666666667,25424.0,27492.0,29846.0,19937.0,466537.5,4.0,,,,5.0,,,,,,2.0,,,,,,250.8,,,,,,252.0,,,,,,77795.6,,,,,,77382.0,,,0,2,RIC,4.0,78341.0,77706.0,77382.0
2023,19,25.8025641025641,25.2,26.4,27.102564102564102,26.0,28.0,780.2602564102565,780.0,780.7,False,44.11153846153846,39.8,47.3,176.44871794871796,1.408974358974359,3.5,RUS,31707.846153846152,37363.15789473684,24984.222222222223,27549.0,29920.0,19973.0,333134.0000000001,5.0,,,1.0,6.0,,,,,3.0,2.5,,,,,251.0,250.75,,,,,252.0,251.0,,,,,87146.0,77843.75,,,,,78893.0,77673.0,,,0,2,RUS,8.0,78893.0,77673.0,77674.0
2023,19,25.8025641025641,25.2,26.4,27.102564102564102,26.0,28.0,780.2602564102565,780.0,780.7,False,44.11153846153846,39.8,47.3,176.44871794871796,1.408974358974359,3.5,SAI,32214.727272727272,36271.41176470588,25326.058823529413,27344.0,29900.0,19989.0,313705.8,5.0,,,1.0,6.0,,,,,2.0,2.5,,,,,253.0,252.5,,,,,253.0,254.0,,,,,78755.0,77871.0,,,,,78755.0,77233.0,,,0,2,SAI,2.0,78755.0,78382.0,77233.0
2023,19,25.8025641025641,25.2,26.4,27.102564102564102,26.0,28.0,780.2602564102565,780.0,780.7,False,44.11153846153846,39.8,47.3,176.44871794871796,1.408974358974359,3.5,SAR,30725.5,36103.833333333336,27934.666666666668,27567.0,30910.0,21152.0,215186.0,1.0,,,,2.0,,,,,,2.0,,,,,,251.0,,,,,,251.0,,,,,,80202.0,,,,,,79965.0,,,0,2,SAR,20.0,,,
2023,19,25.8025641025641,25.2,26.4,27.102564102564102,26.0,28.0,780.2602564102565,780.0,780.7,False,44.11153846153846,39.8,47.3,176.44871794871796,1.408974358974359,3.5,STR,39472.71428571428,35820.11111111111,26005.222222222223,27746.0,30499.0,20728.0,114139.5,2.0,,,,3.0,,,,,,2.0,,,,,,249.0,,,,,,251.0,,,,,,79501.66666666667,,,,,,79227.0,,,0,2,STR,18.0,79227.0,,
2023,19,25.8025641025641,25.2,26.4,27.102564102564102,26.0,28.0,780.2602564102565,780.0,780.7,False,44.11153846153846,39.8,47.3,176.44871794871796,1.408974358974359,3.5,TSU,33227.857142857145,35933.545454545456,25387.545454545456,27825.0,30256.0,20435.0,375063.3333333333,3.0,,,,2.0,,,,,,2.3333333333333335,,,,,,238.33333333333334,,,,,,252.0,,,,,,84249.0,,,,,,78890.0,,,0,2,TSU,15.0,78890.0,,
2023,19,25.8025641025641,25.2,26.4,27.102564102564102,26.0,28.0,780.2602564102565,780.0,780.7,False,44.11153846153846,39.8,47.3,176.44871794871796,1.408974358974359,3.5,VER,31070.1,35562.26666666667,23981.466666666667,27369.0,29818.0,20037.0,522900.5,4.0,,,,5.0,,,,,,2.6,,,,,,246.2,,,,,,254.0,,,,,,78142.2,,,,,,77263.0,,,0,2,VER,3.0,78099.0,77625.0,77263.0
2023,19,25.8025641025641,25.2,26.4,27.102564102564102,26.0,28.0,780.2602564102565,780.0,780.7,False,44.11153846153846,39.8,47.3,176.44871794871796,1.408974358974359,3.5,ZHO,31696.9,36694.933333333334,26553.2,27670.0,30115.0,20265.0,401026.75,4.0,,,,5.0,,,,,,2.0,,,,,,250.8,,,,,,253.0,,,,,,79212.8,,,,,,78050.0,,,0,2,ZHO,10.0,79016.0,78440.0,78050.0
2023,20,29.37906976744186,26.6,30.9,57.33720930232558,51.0,63.0,917.4872093023255,916.5,919.5,True,38.33372093023256,33.3,44.5,64.1046511627907,2.4093023255813955,4.3,ALB,23636.454545454544,44061.73333333333,19458.933333333334,18473.0,35729.0,16392.0,314765.0,3.0,,,,4.0,,,,,,2.857142857142857,,,,,,309.0,,,,,,326.0,,,,,,81300.71428571429,,,,,,70621.0,,,1,1,ALB,15.0,70621.0,70840.0,
2023,20,29.37906976744186,26.6,30.9,57.33720930232558,51.0,63.0,917.4872093023255,916.5,919.5,True,38.33372093023256,33.3,44.5,64.1046511627907,2.4093023255813955,4.3,ALO,22040.333333333332,43466.77777777778,20251.444444444445,18415.0,35426.0,16309.999999999998,301891.39999999997,5.0,,,,6.0,,,,,,2.5,,,,,,321.1666666666667,,,,,,324.0,,,,,,70918.0,,,,,,70237.0,,,1,1,ALO,4.0,70557.0,70237.0,71387.0
2023,20,29.37906976744186,26.6,30.9,57.33720930232558,51.0,63.0,917.4872093023255,916.5,919.5,True,38.33372093023256,33.3,44.5,64.1046511627907,2.4093023255813955,4.3,BOT,22360.714285714286,44223.666666666664,19276.444444444445,18573.0,35938.0,16444.0,121747.0,1.0,,,,2.0,,,,,,3.2,,,,,,311.8,,,,,,325.0,,,,,,81482.2,,,,,,70955.0,,,1,1,BOT,18.0,70955.0,,
2023,20,29.37906976744186,26.6,30.9,57.33720930232558,51.0,63.0,917.4872093023255,916.5,919.5,True,38.33372093023256,33.3,44.5,64.1046511627907,2.4093023255813955,4.3,GAS,20160.777777777777,44857.142857142855,20222.571428571428,18348.0,35736.0,16356.000000000002,275245.0,4.0,,,,5.0,,,,,,2.0,,,,,,329.0,,,,,,330.0,,,,,,70786.0,,,,,,70567.0,,,1,1,GAS,13.0,70793.0,70567.0,
2023,20,29.37906976744186,26.6,30.9,57.33720930232558,51.0,63.0,917.4872093023255,916.5,919.5,True,38.33372093023256,33.3,44.5,64.1046511627907,2.4093023255813955,4.3,HAM,25672.4375,42651.09523809524,19740.47619047619,18386.0,35397.0,16451.0,201473.0,6.0,,,,7.0,,,,,,2.4444444444444446,,,,,,319.6666666666667,,,,,,322.0,,,,,,82837.66666666667,,,,,,70266.0,,,1,1,HAM,5.0,70604.0,70266.0,71469.0
2023,20,29.37906976744186,26.6,30.9,57.33720930232558,51.0,63.0,917.4872093023255,916.5,919.5,True,38.33372093023256,33.3,44.5,64.1046511627907,2.4093023255813955,4.3,HUL,20237.7,42047.53333333333,19758.0,18364.0,35701.0,16312.999999999998,269604.5,4.0,,,,5.0,,,,,,2.6,,,,,,324.6,,,,,,330.0,,,,,,70908.0,,,,,,70475.0,,,1,1,HUL,11.0,70475.0,70547.0,
2023,20,29.37906976744186,26.6,30.9,57.33720930232558,51.0,63.0,917.4872093023255,916.5,919.5,True,38.33372093023256,33.3,44.5,64.1046511627907,2.4093023255813955,4.3,LEC,24431.5,42150.944444444445,19774.38888888889,18369.0,35519.0,16306.999999999998,310753.8,5.0,,,,6.0,,,,,,3.0,,,,,,325.625,,,,,,328.0,,,,,,81370.375,,,,,,70303.0,,,1,1,LEC,2.0,70472.0,70303.0,71021.0
2023,20,29.37906976744186,26.6,30.9,57.33720930232558,51.0,63.0,917.4872093023255,916.5,919.5,True,38.33372093023256,33.3,44.5,64.1046511627907,2.4093023255813955,4.3,MAG,20744.5,42453.066666666666,19078.333333333332,18380.0,35787.0,16315.000000000002,257327.25,4.0,,,,5.0,,,,,,2.6,,,,,,324.6,,,,,,327.0,,,,,,70988.4,,,,,,70602.0,,,1,1,MAG,14.0,70602.0,70723.0,
2023,20,29.37906976744186,26.6,30.9,57.33720930232558,51.0,63.0,917.4872093023255,916.5,919.5,True,38.33372093023256,33.3,44.5,64.1046511627907,2.4093023255813955,4.3,NOR,21030.875,42720.153846153844,20799.30769230769,18310.0,35361.0,16226.0,492979.75,4.0,,,,5.0,,,,,,2.25,,,,,,322.5,,,,,,327.0,,,,,,70738.5,,,,,,70021.0,,,1,1,NOR,7.0,70623.0,70021.0,71987.0
2023,20,29.37906976744186,26.6,30.9,57.33720930232558,51.0,63.0,917.4872093023255,916.5,919.5,True,38.33372093023256,33.3,44.5,64.1046511627907,2.4093023255813955,4.3,OCO,20486.5,43374.86666666667,20521.133333333335,18425.0,35771.0,16357.0,242695.0,4.0,,,,5.0,,,,,,2.0,,,,,,329.6,,,,,,332.0,,,,,,70900.6,,,,,,70562.0,,,1,1,OCO,12.0,70763.0,70562.0,
2023,20,29.37906976744186,26.6,30.9,57.33720930232558,51.0,63.0,917.4872093023255,916.5,919.5,True,38.33372093023256,33.3,44.5,64.1046511627907,2.4093023255813955,4.3,PER,20380.727272727272,42275.117647058825,20551.823529411766,18272.0,35423.0,16422.0,328484.5999999999,5.0,,,,6.0,,,,,,2.0,,,,,,325.6,,,,,,329.0,,,,,,71067.2,,,,,,70219.0,,,1,1,PER,9.0,70668.0,70219.0,72321.0
2023,20,29.37906976744186,26.6,30.9,57.33720930232558,51.0,63.0,917.4872093023255,916.5,919.5,True,38.33372093023256,33.3,44.5,64.1046511627907,2.4093023255813955,4.3,PIA,20726.0,45014.666666666664,21611.6,18268.0,35612.0,16347.999999999998,350478.00000000006,5.0,,,,3.0,,,,,,2.6666666666666665,,,,,,324.3333333333333,,,,,,325.0,,,,,,70781.0,,,,,,70330.0,,,1,1,PIA,10.0,70519.0,70330.0,
2023,20,29.37906976744186,26.6,30.9,57.33720930232558,51.0,63.0,917.4872093023255,916.5,919.5,True,38.33372093023256,33.3,44.5,64.1046511627907,2.4093023255813955,4.3,RIC,20799.5,44133.166666666664,20208.5,18537.0,35892.0,16414.0,475071.0,1.0,,,,2.0,,,,,,2.0,,,,,,324.5,,,,,,327.0,,,,,,70995.5,,,,,,70843.0,,,1,1,RIC,17.0,70843.0,,
2023,20,29.37906976744186,26.6,30.9,57.33720930232558,51.0,63.0,917.4872093023255,916.5,919.5,True,38.33372093023256,33.3,44.5,64.1046511627907,2.4093023255813955,4.3,RUS,24999.75,43896.0,20047.0,18418.0,35309.0,16375.0,196062.0,6.0,,,,7.0,,,,,,2.4444444444444446,,,,,,319.77777777777777,,,,,,325.0,,,,,,80611.22222222222,,,,,,70316.0,,,1,1,RUS,6.0,70340.0,70316.0,71590.0
2023,20,29.37906976744186,26.6,30.9,57.33720930232558,51.0,63.0,917.4872093023255,916.5,919.5,True,38.33372093023256,33.3,44.5,64.1046511627907,2.4093023255813955,4.3,SAI,26393.8,43674.65,20170.55,18337.0,35517.0,16400.0,218050.83333333334,6.0,,,,7.0,,,,,,2.875,,,,,,324.375,,,,,,328.0,,,,,,83574.125,,,,,,70254.0,,,1,1,SAI,8.0,70624.0,70254.0,71989.0
2023,20,29.37906976744186,26.6,30.9,57.33720930232558,51.0,63.0,917.4872093023255,916.5,919.5,True,38.33372093023256,33.3,44.5,64.1046511627907,2.4093023255813955,4.3,SAR,24885.85714285714,43641.333333333336,19998.777777777777,18465.0,36126.0,16444.0,309151.0,1.0,,,,2.0,,,,,,3.2,,,,,,317.0,,,,,,327.0,,,,,,85230.4,,,,,,71035.0,,,1,1,SAR,19.0,71035.0,,
2023,20,29.37906976744186,26.6,30.9,57.33720930232558,51.0,63.0,917.4872093023255,916.5,919.5,True,38.33372093023256,33.3,44.5,64.1046511627907,2.4093023255813955,4.3,STR,20096.8,42530.9375,20661.5,18433.0,35488.0,16306.000000000002,337056.4,5.0,,,,6.0,,,,,,2.2,,,,,,324.2,,,,,,326.0,,,,,,70815.6,,,,,,70375.0,,,1,1,STR,3.0,70551.0,70375.0,71344.0
2023,20,29.37906976744186,26.6,30.9,57.33720930232558,51.0,63.0,917.4872093023255,916.5,919.5,True,38.33372093023256,33.3,44.5,64.1046511627907,2.4093023255813955,4.3,TSU,20120.0,43401.88888888889,20264.222222222223,18483.0,35849.0,16382.000000000002,121325.5,2.0,,,,3.0,,,,,,2.0,,,,,,327.3333333333333,,,,,,328.0,,,,,,71051.0,,,,,,70837.0,,,1,1,TSU,16.0,70837.0,,
2023,20,29.37906976744186,26.6,30.9,57.33720930232558,51.0,63.0,917.4872093023255,916.5,919.5,True,38.33372093023256,33.3,44.5,64.1046511627907,2.4093023255813955,4.3,VER,20422.5,42078.11111111111,19097.11111111111,18359.0,35296.0,16370.000000000002,315419.3999999999,5.0,,,,6.0,,,,,,3.0,,,,,,325.0,,,,,,329.0,,,,,,70546.66666666667,,,,,,70162.0,,,1,1,VER,1.0,70436.0,70162.0,70727.0
2023,20,29.37906976744186,26.6,30.9,57.33720930232558,51.0,63.0,917.4872093023255,916.5,919.5,True,38.33372093023256,33.3,44.5,64.1046511627907,2.4093023255813955,4.3,ZHO,21810.571428571428,45337.555555555555,19404.0,18719.0,36011.0,16545.0,125138.0,1.0,,,,2.0,,,,,,3.2,,,,,,315.0,,,,,,322.0,,,,,,81845.8,,,,,,71275.0,,,1,1,ZHO,20.0,71275.0,,
2023,21,15.12784810126582,14.7,15.5,61.063291139240505,60.0,63.0,942.2240506329114,941.9,942.5,False,16.881012658227846,16.5,17.2,173.81012658227849,0.7721518987341772,1.6,ALB,32114.125,37708.71428571428,40861.3,26576.0,31008.0,35727.0,293717.75000000006,4.0,,,,5.0,,,,,,3.5,,,,,,318.9166666666667,,,,,,323.0,,,,,,108353.0,,,,,,93323.0,,,0,3,ALB,6.0,94634.0,93588.0,93323.0
2023,21,15.12784810126582,14.7,15.5,61.063291139240505,60.0,63.0,942.2240506329114,941.9,942.5,False,16.881012658227846,16.5,17.2,173.81012658227849,0.7721518987341772,1.6,ALO,30112.526315789473,35780.208333333336,42112.391304347824,26483.0,31106.0,35861.0,231011.5,4.0,,,,5.0,,,,,,4.0,,,,,,312.14285714285717,,,,,,314.0,,,,,,102640.64285714286,,,,,,93555.0,,,0,3,ALO,10.0,94422.0,93617.0,93555.0
2023,21,15.12784810126582,14.7,15.5,61.063291139240505,60.0,63.0,942.2240506329114,941.9,942.5,False,16.881012658227846,16.5,17.2,173.81012658227849,0.7721518987341772,1.6,BOT,33217.53333333333,36542.52631578947,42964.333333333336,26393.0,31141.0,35918.0,537417.3333333334,3.0,,,,4.0,,,,,,3.0,,,,,,316.72727272727275,,,,,,320.0,,,,,,108131.36363636363,,,,,,93525.0,,,0,3,BOT,8.0,94305.0,93809.0,93525.0
2023,21,15.12784810126582,14.7,15.5,61.063291139240505,60.0,63.0,942.2240506329114,941.9,942.5,False,16.881012658227846,16.5,17.2,173.81012658227849,0.7721518987341772,1.6,GAS,30218.894736842107,34662.6,41703.291666666664,26415.0,31019.0,35750.0,219171.2,5.0,,,,6.0,,,,,,3.6923076923076925,,,,,,315.46153846153845,,,,,,321.0,,,,,,101947.07692307692,,,,,,93239.0,,,0,3,GAS,5.0,94272.0,93494.0,93239.0
2023,21,15.12784810126582,14.7,15.5,61.063291139240505,60.0,63.0,942.2240506329114,941.9,942.5,False,16.881012658227846,16.5,17.2,173.81012658227849,0.7721518987341772,1.6,HAM,32646.30769230769,38237.0,41299.666666666664,26831.0,31187.0,35752.0,530757.0,1.0,,,,2.0,,,,,,4.2727272727272725,,,,,,303.09090909090907,,,,,,323.0,,,,,,109922.09090909091,,,,,,93837.0,,,0,3,HAM,11.0,94307.0,93837.0,
2023,21,15.12784810126582,14.7,15.5,61.063291139240505,60.0,63.0,942.2240506329114,941.9,942.5,False,16.881012658227846,16.5,17.2,173.81012658227849,0.7721518987341772,1.6,HUL,30764.923076923078,35317.705882352944,41495.294117647056,26550.0,31107.0,36127.0,215043.0,3.0,,,,4.0,,,,,,3.0,,,,,,312.6666666666667,,,,,,316.0,,,,,,105123.0,,,,,,93979.0,,,0,3,HUL,13.0,94265.0,93979.0,
2023,21,15.12784810126582,14.7,15.5,61.063291139240505,60.0,63.0,942.2240506329114,941.9,942.5,False,16.881012658227846,16.5,17.2,173.81012658227849,0.7721518987341772,1.6,LEC,32534.315789473683,35768.30434782609,43159.47826086957,26079.0,30647.0,35850.0,282295.7499999999,4.0,,,,5.0,,,,,,4.0,,,,,,299.5,,,,,,320.0,,,,,,107799.07142857143,,,,,,92726.0,,,0,3,LEC,1.0,93617.0,92775.0,92726.0
2023,21,15.12784810126582,14.7,15.5,61.063291139240505,60.0,63.0,942.2240506329114,941.9,942.5,False,16.881012658227846,16.5,17.2,173.81012658227849,0.7721518987341772,1.6,MAG,30315.529411764706,34872.913043478264,41559.13636363636,26248.0,30966.0,36236.0,248595.39999999997,5.0,,,,6.0,,,,,,3.4545454545454546,,,,,,312.8181818181818,,,,,,318.0,,,,,,101509.45454545454,,,,,,93537.0,,,0,3,MAG,9.0,94337.0,93664.0,93537.0
2023,21,15.12784810126582,14.7,15.5,61.063291139240505,60.0,63.0,942.2240506329114,941.9,942.5,False,16.881012658227846,16.5,17.2,173.81012658227849,0.7721518987341772,1.6,NOR,30657.625,37184.88888888889,42530.11111111111,26851.0,31483.0,36352.0,,,,,,1.0,,,,,,5.0,,,,,,307.85714285714283,,,,,,318.0,,,,,,110519.71428571429,,,,,,94703.0,,,0,3,NOR,16.0,94703.0,,
2023,21,15.12784810126582,14.7,15.5,61.063291139240505,60.0,63.0,942.2240506329114,941.9,942.5,False,16.881012658227846,16.5,17.2,173.81012658227849,0.7721518987341772,1.6,OCO,30403.625,34356.5,41866.8,27098.0,31227.0,36005.0,146700.0,1.0,,,,2.0,,,,,,3.1666666666666665,,,,,,320.3333333333333,,,,,,321.0,,,,,,102773.66666666667,,,,,,94834.0,,,0,3,OCO,17.0,94834.0,,
2023,21,15.12784810126582,14.7,15.5,61.063291139240505,60.0,63.0,942.2240506329114,941.9,942.5,False,16.881012658227846,16.5,17.2,173.81012658227849,0.7721518987341772,1.6,PER,32801.27272727273,36119.71428571428,44300.357142857145,26627.0,31043.0,36185.0,206038.0,3.0,,,,4.0,,,,,,3.5714285714285716,,,,,,305.7142857142857,,,,,,316.0,,,,,,106722.71428571429,,,,,,93855.0,,,0,3,PER,12.0,94574.0,93855.0,
2023,21,15.12784810126582,14.7,15.5,61.063291139240505,60.0,63.0,942.2240506329114,941.9,942.5,False,16.881012658227846,16.5,17.2,173.81012658227849,0.7721518987341772,1.6,PIA,32014.11111111111,37744.5,40967.3,26884.0,31669.0,36219.0,,,,,,1.0,,,,,,5.5,,,,,,311.125,,,,,,322.0,,,,,,108952.875,,,,,,94850.0,,,0,3,PIA,19.0,94850.0,,
2023,21,15.12784810126582,14.7,15.5,61.063291139240505,60.0,63.0,942.2240506329114,941.9,942.5,False,16.881012658227846,16.5,17.2,173.81012658227849,0.7721518987341772,1.6,RIC,29770.785714285714,35443.22222222222,44030.944444444445,27132.0,31202.0,35957.0,191085.0,3.0,,,,4.0,,,,,,3.7,,,,,,316.7,,,,,,320.0,,,,,,105492.8,,,,,,94308.0,,,0,3,RIC,15.0,94683.0,94308.0,
2023,21,15.12784810126582,14.7,15.5,61.063291139240505,60.0,63.0,942.2240506329114,941.9,942.5,False,16.881012658227846,16.5,17.2,173.81012658227849,0.7721518987341772,1.6,RUS,32637.947368421053,38355.818181818184,42109.19047619047,26364.0,30990.0,35758.0,491436.5,2.0,,,,3.0,,,,,,4.1875,,,,,,301.4375,,,,,,323.0,,,,,,110493.1875,,,,,,93112.0,,,0,3,RUS,4.0,94137.0,93351.0,93112.0
2023,21,15.12784810126582,14.7,15.5,61.063291139240505,60.0,63.0,942.2240506329114,941.9,942.5,False,16.881012658227846,16.5,17.2,173.81012658227849,0.7721518987341772,1.6,SAI,34402.26315789474,36923.565217391304,42769.260869565216,26157.0,30772.0,35740.0,289557.5000000001,4.0,,,,5.0,,,,,,4.076923076923077,,,,,,302.46153846153845,,,,,,320.0,,,,,,107796.07692307692,,,,,,92770.0,,,0,3,SAI,2.0,93851.0,93338.0,92770.0
2023,21,15.12784810126582,14.7,15.5,61.063291139240505,60.0,63.0,942.2240506329114,941.9,942.5,False,16.881012658227846,16.5,17.2,173.81012658227849,0.7721518987341772,1.6,SAR,34416.72222222222,36313.82608695652,40703.36363636364,26605.0,31106.0,35802.0,252255.00000000006,5.0,,,,6.0,,,,,,3.5,,,,,,318.8333333333333,,,,,,321.0,,,,,,103979.5,,,,,,93513.0,,,0,3,SAR,7.0,94525.0,93733.0,93513.0
2023,21,15.12784810126582,14.7,15.5,61.063291139240505,60.0,63.0,942.2240506329114,941.9,942.5,False,16.881012658227846,16.5,17.2,173.81012658227849,0.7721518987341772,1.6,STR,30319.8,34202.055555555555,42191.166666666664,26722.0,31265.0,36212.0,146346.0,3.0,,,,4.0,,,,,,3.4545454545454546,,,,,,310.0,,,,,,314.0,,,,,,103468.72727272728,,,,,,94199.0,,,0,3,STR,14.0,94504.0,94199.0,
2023,21,15.12784810126582,14.7,15.5,61.063291139240505,60.0,63.0,942.2240506329114,941.9,942.5,False,16.881012658227846,16.5,17.2,173.81012658227849,0.7721518987341772,1.6,TSU,32978.857142857145,37669.88888888889,42852.555555555555,27724.0,32222.0,36429.0,86045.0,1.0,,,,2.0,,,,,,3.2,,,,,,317.2,,,,,,319.0,,,,,,109454.8,,,,,,96447.0,,,0,3,TSU,20.0,96447.0,,
2023,21,15.12784810126582,14.7,15.5,61.063291139240505,60.0,63.0,942.2240506329114,941.9,942.5,False,16.881012658227846,16.5,17.2,173.81012658227849,0.7721518987341772,1.6,VER,32389.066666666666,35182.42105263158,44713.94736842105,26289.0,30828.0,35958.0,436341.3333333333,3.0,,,,3.0,,,,,,3.909090909090909,,,,,,294.54545454545456,,,,,,321.0,,,,,,113190.0,,,,,,93104.0,,,0,3,VER,3.0,94190.0,93572.0,93104.0
2023,21,15.12784810126582,14.7,15.5,61.063291139240505,60.0,63.0,942.2240506329114,941.9,942.5,False,16.881012658227846,16.5,17.2,173.81012658227849,0.7721518987341772,1.6,ZHO,31970.625,36466.4,42213.8,27161.0,31568.0,36085.0,114295.0,1.0,,,,2.0,,,,,,3.0,,,,,,307.1666666666667,,,,,,321.0,,,,,,106683.0,,,,,,94849.0,,,0,3,ZHO,18.0,94849.0,,
2023,22,26.73333333333333,26.3,27.0,66.3076923076923,65.0,68.0,1014.4371794871796,1014.0,1015.0,False,31.846153846153847,30.7,32.7,273.70512820512823,1.5102564102564102,2.5,ALB,19356.0,41742.25,38374.666666666664,17180.0,36175.0,30834.0,285104.3333333333,3.0,,,,4.0,,,,,,2.75,,,,,,220.25,,,,,,221.0,,,,,,84570.5,,,,,,84298.0,,,0,0,ALB,14.0,84298.0,84439.0,
2023,22,26.73333333333333,26.3,27.0,66.3076923076923,65.0,68.0,1014.4371794871796,1014.0,1015.0,False,31.846153846153847,30.7,32.7,273.70512820512823,1.5102564102564102,2.5,ALO,19889.25,43210.055555555555,38379.0,17157.0,36310.0,30546.0,266854.79999999993,5.0,,,,6.0,,,,,,3.0,,,,,,219.33333333333334,,,,,,221.0,,,,,,84509.83333333333,,,,,,84084.0,,,0,0,ALO,7.0,84501.0,84131.0,84084.0
2023,22,26.73333333333333,26.3,27.0,66.3076923076923,65.0,68.0,1014.4371794871796,1014.0,1015.0,False,31.846153846153847,30.7,32.7,273.70512820512823,1.5102564102564102,2.5,BOT,19586.5,42538.666666666664,38911.666666666664,17401.0,36540.0,30847.0,252777.0,1.0,,,,2.0,,,,,,2.0,,,,,,219.5,,,,,,220.0,,,,,,84880.5,,,,,,84788.0,,,0,0,BOT,18.0,84788.0,,
2023,22,26.73333333333333,26.3,27.0,66.3076923076923,65.0,68.0,1014.4371794871796,1014.0,1015.0,False,31.846153846153847,30.7,32.7,273.70512820512823,1.5102564102564102,2.5,GAS,19373.25,43050.77777777778,38366.470588235294,17202.0,36091.0,30785.0,300510.2,5.0,,,,6.0,,,,,,3.0,,,,,,219.0,,,,,,222.0,,,,,,84685.33333333333,,,,,,84078.0,,,0,0,GAS,10.0,84600.0,84078.0,84548.0
2023,22,26.73333333333333,26.3,27.0,66.3076923076923,65.0,68.0,1014.4371794871796,1014.0,1015.0,False,31.846153846153847,30.7,32.7,273.70512820512823,1.5102564102564102,2.5,HAM,19904.25,43613.916666666664,37267.416666666664,17278.0,36258.0,30514.0,294026.3333333333,3.0,,,,4.0,,,,,,2.75,,,,,,220.0,,,,,,221.0,,,,,,84695.0,,,,,,84359.0,,,0,0,HAM,11.0,84437.0,84359.0,
2023,22,26.73333333333333,26.3,27.0,66.3076923076923,65.0,68.0,1014.4371794871796,1014.0,1015.0,False,31.846153846153847,30.7,32.7,273.70512820512823,1.5102564102564102,2.5,HUL,18357.833333333332,42396.666666666664,37695.5,17243.0,36260.0,30514.0,315603.8,5.0,,,,6.0,,,,,,3.0,,,,,,218.33333333333334,,,,,,220.0,,,,,,84539.66666666667,,,,,,84108.0,,,0,0,HUL,8.0,84425.0,84213.0,84108.0
2023,22,26.73333333333333,26.3,27.0,66.3076923076923,65.0,68.0,1014.4371794871796,1014.0,1015.0,False,31.846153846153847,30.7,32.7,273.70512820512823,1.5102564102564102,2.5,LEC,19397.75,42261.22222222222,37968.0,17188.0,35986.0,30385.0,282379.60000000003,5.0,,,,6.0,,,,,,3.0,,,,,,219.66666666666666,,,,,,222.0,,,,,,84269.83333333333,,,,,,83584.0,,,0,0,LEC,2.0,84459.0,83969.0,83584.0
2023,22,26.73333333333333,26.3,27.0,66.3076923076923,65.0,68.0,1014.4371794871796,1014.0,1015.0,False,31.846153846153847,30.7,32.7,273.70512820512823,1.5102564102564102,2.5,MAG,18499.25,42291.666666666664,37153.0,17326.0,36424.0,30993.0,294104.0,1.0,,,,2.0,,,,,,2.0,,,,,,218.0,,,,,,219.0,,,,,,85208.5,,,,,,84764.0,,,0,0,MAG,17.0,84764.0,,
2023,22,26.73333333333333,26.3,27.0,66.3076923076923,65.0,68.0,1014.4371794871796,1014.0,1015.0,False,31.846153846153847,30.7,32.7,273.70512820512823,1.5102564102564102,2.5,NOR,19357.9,43516.125,37705.625,17076.0,36087.0,30412.0,322250.79999999993,5.0,,,,6.0,,,,,,3.0,,,,,,218.25,,,,,,219.0,,,,,,84014.0,,,,,,83816.0,,,0,0,NOR,5.0,84368.0,83920.0,83816.0
2023,22,26.73333333333333,26.3,27.0,66.3076923076923,65.0,68.0,1014.4371794871796,1014.0,1015.0,False,31.846153846153847,30.7,32.7,273.70512820512823,1.5102564102564102,2.5,OCO,19065.875,42906.5,38619.5,17197.0,36260.0,30923.0,279891.3333333333,3.0,,,,4.0,,,,,,2.75,,,,,,219.0,,,,,,220.0,,,,,,84778.25,,,,,,84391.0,,,0,0,OCO,12.0,84565.0,84391.0,
2023,22,26.73333333333333,26.3,27.0,66.3076923076923,65.0,68.0,1014.4371794871796,1014.0,1015.0,False,31.846153846153847,30.7,32.7,273.70512820512823,1.5102564102564102,2.5,PER,19181.090909090908,42944.294117647056,38690.76470588235,17144.0,36206.0,30518.0,307491.4000000001,5.0,,,,6.0,,,,,,3.0,,,,,,219.0,,,,,,220.0,,,,,,84220.8,,,,,,83868.0,,,0,0,PER,9.0,84209.0,84116.0,84171.0
2023,22,26.73333333333333,26.3,27.0,66.3076923076923,65.0,68.0,1014.4371794871796,1014.0,1015.0,False,31.846153846153847,30.7,32.7,273.70512820512823,1.5102564102564102,2.5,PIA,19169.090909090908,42799.117647058825,38544.882352941175,17101.0,36093.0,30497.0,285926.0000000001,5.0,,,,6.0,,,,,,3.0,,,,,,218.6,,,,,,220.0,,,,,,84312.6,,,,,,83782.0,,,0,0,PIA,3.0,84487.0,84278.0,83782.0
2023,22,26.73333333333333,26.3,27.0,66.3076923076923,65.0,68.0,1014.4371794871796,1014.0,1015.0,False,31.846153846153847,30.7,32.7,273.70512820512823,1.5102564102564102,2.5,RIC,19733.25,43719.583333333336,38422.75,17305.0,36399.0,30690.0,299411.33333333326,3.0,,,,4.0,,,,,,2.75,,,,,,220.0,,,,,,221.0,,,,,,84668.0,,,,,,84442.0,,,0,0,RIC,15.0,84461.0,84442.0,
2023,22,26.73333333333333,26.3,27.0,66.3076923076923,65.0,68.0,1014.4371794871796,1014.0,1015.0,False,31.846153846153847,30.7,32.7,273.70512820512823,1.5102564102564102,2.5,RUS,21152.083333333332,42123.444444444445,39142.944444444445,17097.0,36206.0,30365.0,294685.4,5.0,,,,6.0,,,,,,3.0,,,,,,221.33333333333334,,,,,,222.0,,,,,,84279.83333333333,,,,,,83788.0,,,0,0,RUS,4.0,84337.0,84013.0,83788.0
2023,22,26.73333333333333,26.3,27.0,66.3076923076923,65.0,68.0,1014.4371794871796,1014.0,1015.0,False,31.846153846153847,30.7,32.7,273.70512820512823,1.5102564102564102,2.5,SAI,19242.75,43062.833333333336,40225.5,17355.0,36484.0,30802.0,237339.0,1.0,,,,2.0,,,,,,2.0,,,,,,219.0,,,,,,219.0,,,,,,84778.0,,,,,,84738.0,,,0,0,SAI,16.0,84738.0,,
2023,22,26.73333333333333,26.3,27.0,66.3076923076923,65.0,68.0,1014.4371794871796,1014.0,1015.0,False,31.846153846153847,30.7,32.7,273.70512820512823,1.5102564102564102,2.5,SAR,20809.0,40441.5,38669.833333333336,17177.0,36185.0,31170.0,153294.0,1.0,,,,2.0,,,,,,2.0,,,,,,220.0,,,,,,220.0,,,,,,84627.0,,,,,,84532.0,,,0,0,SAR,20.0,,,
2023,22,26.73333333333333,26.3,27.0,66.3076923076923,65.0,68.0,1014.4371794871796,1014.0,1015.0,False,31.846153846153847,30.7,32.7,273.70512820512823,1.5102564102564102,2.5,STR,19434.0,41830.75,40075.083333333336,17182.0,36277.0,30809.0,290567.6666666667,3.0,,,,4.0,,,,,,2.75,,,,,,218.5,,,,,,220.0,,,,,,84711.25,,,,,,84405.0,,,0,0,STR,13.0,84405.0,84422.0,
2023,22,26.73333333333333,26.3,27.0,66.3076923076923,65.0,68.0,1014.4371794871796,1014.0,1015.0,False,31.846153846153847,30.7,32.7,273.70512820512823,1.5102564102564102,2.5,TSU,19406.5,43061.833333333336,37429.22222222222,17222.0,36131.0,30569.0,300866.80000000005,5.0,,,,6.0,,,,,,3.0,,,,,,221.66666666666666,,,,,,223.0,,,,,,84325.66666666667,,,,,,83968.0,,,0,0,TSU,6.0,84286.0,84207.0,83968.0
2023,22,26.73333333333333,26.3,27.0,66.3076923076923,65.0,68.0,1014.4371794871796,1014.0,1015.0,False,31.846153846153847,30.7,32.7,273.70512820512823,1.5102564102564102,2.5,VER,19492.1,42900.53333333333,38002.13333333333,17078.0,35894.0,30400.0,464269.25,4.0,,,,5.0,,,,,,2.6,,,,,,220.6,,,,,,222.0,,,,,,83889.8,,,,,,83445.0,,,0,0,VER,1.0,84160.0,83740.0,83445.0
2023,22,26.73333333333333,26.3,27.0,66.3076923076923,65.0,68.0,1014.4371794871796,1014.0,1015.0,False,31.846153846153847,30.7,32.7,273.70512820512823,1.5102564102564102,2.5,ZHO,19609.25,42091.333333333336,39599.166666666664,17332.0,36594.0,30819.0,253105.0,1.0,,,,2.0,,,,,,2.0,,,,,,218.5,,,,,,219.0,,,,,,85136.5,,,,,,85114.0,,,0,0,ZHO,19.0,85159.0,,
2024,1,18.04935064935065,17.9,18.2,46.94805194805195,46.0,48.0,1019.0649350649351,1018.7,1019.3,False,21.514285714285712,20.8,22.2,55.922077922077925,1.9948051948051948,3.1,ALB,34509.25,45029.333333333336,25498.416666666668,28858.0,38750.0,22553.0,271748.3333333333,3.0,,,,4.0,,,,,,2.75,,,,,,287.5,,,,,,288.0,,,,,,90615.5,,,,,,90221.0,,,0,0,ALB,13.0,90397.0,90221.0,
2024,1,18.04935064935065,17.9,18.2,46.94805194805195,46.0,48.0,1019.0649350649351,1018.7,1019.3,False,21.514285714285712,20.8,22.2,55.922077922077925,1.9948051948051948,3.1,ALO,33367.666666666664,46434.21428571428,27525.071428571428,28830.0,38236.0,22374.0,384909.25,4.0,,,,5.0,,,,,,2.0,,,,,,286.0,,,,,,287.0,,,,,,89914.5,,,,,,89542.0,,,0,0,ALO,6.0,90179.0,89801.0,89542.0
2024,1,18.04935064935065,17.9,18.2,46.94805194805195,46.0,48.0,1019.0649350649351,1018.7,1019.3,False,21.514285714285712,20.8,22.2,55.922077922077925,1.9948051948051948,3.1,BOT,33624.25,44891.5,26743.166666666668,29063.0,39025.0,22668.0,149557.0,1.0,,,,2.0,,,,,,2.0,,,,,,286.5,,,,,,287.0,,,,,,90916.5,,,,,,90756.0,,,0,0,BOT,16.0,90756.0,,
2024,1,18.04935064935065,17.9,18.2,46.94805194805195,46.0,48.0,1019.0649350649351,1018.7,1019.3,False,21.514285714285712,20.8,22.2,55.922077922077925,1.9948051948051948,3.1,GAS,31874.166666666668,44996.77777777778,27865.444444444445,29148.0,38857.0,22829.0,147266.0,2.0,,,1.0,3.0,,,,,2.0,2.0,,,,,281.0,283.5,,,,,281.0,285.0,,,,,92434.0,91114.5,,,,,92434.0,90948.0,,,0,0,GAS,20.0,90948.0,,
2024,1,18.04935064935065,17.9,18.2,46.94805194805195,46.0,48.0,1019.0649350649351,1018.7,1019.3,False,21.514285714285712,20.8,22.2,55.922077922077925,1.9948051948051948,3.1,HAM,31752.25,45338.055555555555,25883.70588235294,28803.0,38422.0,22369.0,279810.0,5.0,,,,6.0,,,,,,3.0,,,,,,285.6666666666667,,,,,,287.0,,,,,,90248.83333333333,,,,,,89710.0,,,0,0,HAM,9.0,90451.0,89718.0,89710.0
2024,1,18.04935064935065,17.9,18.2,46.94805194805195,46.0,48.0,1019.0649350649351,1018.7,1019.3,False,21.514285714285712,20.8,22.2,55.922077922077925,1.9948051948051948,3.1,HUL,32211.25,44413.61111111111,25979.352941176472,28834.0,38636.0,22381.0,292240.3999999999,5.0,,,,6.0,,,,,,3.5,,,,,,287.8333333333333,,,,,,288.0,,,,,,90525.83333333333,,,,,,89851.0,,,0,0,HUL,10.0,90566.0,89851.0,90502.0
2024,1,18.04935064935065,17.9,18.2,46.94805194805195,46.0,48.0,1019.0649350649351,1018.7,1019.3,False,21.514285714285712,20.8,22.2,55.922077922077925,1.9948051948051948,3.1,LEC,32564.666666666668,44482.21052631579,26732.473684210527,28762.0,38059.0,22263.0,280650.8333333333,6.0,,,1.0,7.0,,,,,2.0,2.8,,,,,283.0,287.2,,,,,283.0,288.0,,,,,91260.0,89677.8,,,,,91260.0,89165.0,,,0,0,LEC,2.0,90243.0,89165.0,89407.0
2024,1,18.04935064935065,17.9,18.2,46.94805194805195,46.0,48.0,1019.0649350649351,1018.7,1019.3,False,21.514285714285712,20.8,22.2,55.922077922077925,1.9948051948051948,3.1,MAG,33064.625,44164.916666666664,26342.333333333332,28884.0,38952.0,22657.0,264894.3333333333,3.0,,,,4.0,,,,,,2.75,,,,,,287.0,,,,,,288.0,,,,,,90899.25,,,,,,90529.0,,,0,0,MAG,15.0,90646.0,90529.0,
2024,1,18.04935064935065,17.9,18.2,46.94805194805195,46.0,48.0,1019.0649350649351,1018.7,1019.3,False,21.514285714285712,20.8,22.2,55.922077922077925,1.9948051948051948,3.1,NOR,32586.0,45067.4,26950.928571428572,28836.0,38207.0,22362.0,334086.6000000001,5.0,,,,6.0,,,,,,2.75,,,,,,286.5,,,,,,287.0,,,,,,89844.25,,,,,,89614.0,,,0,0,NOR,7.0,90143.0,89941.0,89614.0
2024,1,18.04935064935065,17.9,18.2,46.94805194805195,46.0,48.0,1019.0649350649351,1018.7,1019.3,False,21.514285714285712,20.8,22.2,55.922077922077925,1.9948051948051948,3.1,OCO,32279.833333333332,46029.444444444445,27665.11111111111,29142.0,38934.0,22717.0,125000.5,2.0,,,1.0,3.0,,,,,2.0,2.0,,,,,281.0,283.0,,,,,281.0,283.0,,,,,91990.0,91027.0,,,,,91990.0,90793.0,,,0,0,OCO,19.0,90793.0,,
2024,1,18.04935064935065,17.9,18.2,46.94805194805195,46.0,48.0,1019.0649350649351,1018.7,1019.3,False,21.514285714285712,20.8,22.2,55.922077922077925,1.9948051948051948,3.1,PER,32289.272727272728,46086.35294117647,26843.75,28738.0,38323.0,22410.0,302092.79999999993,5.0,,,,6.0,,,,,,3.0,,,,,,285.4,,,,,,288.0,,,,,,90044.0,,,,,,89537.0,,,0,0,PER,5.0,90221.0,89932.0,89537.0
2024,1,18.04935064935065,17.9,18.2,46.94805194805195,46.0,48.0,1019.0649350649351,1018.7,1019.3,False,21.514285714285712,20.8,22.2,55.922077922077925,1.9948051948051948,3.1,PIA,33243.666666666664,43968.0,26589.647058823528,28901.0,38343.0,22439.0,274670.8,5.0,,,,6.0,,,,,,3.0,,,,,,286.5,,,,,,287.0,,,,,,90383.83333333333,,,,,,89683.0,,,0,0,PIA,8.0,90531.0,90122.0,89683.0
2024,1,18.04935064935065,17.9,18.2,46.94805194805195,46.0,48.0,1019.0649350649351,1018.7,1019.3,False,21.514285714285712,20.8,22.2,55.922077922077925,1.9948051948051948,3.1,RIC,32074.625,44035.833333333336,26656.75,28884.0,38802.0,22592.0,278380.0,3.0,,,,4.0,,,,,,2.75,,,,,,286.0,,,,,,287.0,,,,,,90747.75,,,,,,90278.0,,,0,0,RIC,14.0,90562.0,90278.0,
2024,1,18.04935064935065,17.9,18.2,46.94805194805195,46.0,48.0,1019.0649350649351,1018.7,1019.3,False,21.514285714285712,20.8,22.2,55.922077922077925,1.9948051948051948,3.1,RUS,33839.63636363636,47908.117647058825,26793.70588235294,28800.0,38421.0,22264.0,290251.4,5.0,,,,6.0,,,,,,3.0,,,,,,286.0,,,,,,287.0,,,,,,90011.6,,,,,,89485.0,,,0,0,RUS,3.0,90350.0,89922.0,89485.0
2024,1,18.04935064935065,17.9,18.2,46.94805194805195,46.0,48.0,1019.0649350649351,1018.7,1019.3,False,21.514285714285712,20.8,22.2,55.922077922077925,1.9948051948051948,3.1,SAI,33229.5,45049.5,25883.882352941175,28850.0,38298.0,22337.0,367052.0,5.0,,,1.0,6.0,,,,,2.0,2.6,,,,,284.0,285.6,,,,,284.0,288.0,,,,,91208.0,89804.4,,,,,91208.0,89507.0,,,0,0,SAI,4.0,89909.0,89573.0,89507.0
2024,1,18.04935064935065,17.9,18.2,46.94805194805195,46.0,48.0,1019.0649350649351,1018.7,1019.3,False,21.514285714285712,20.8,22.2,55.922077922077925,1.9948051948051948,3.1,SAR,34562.0,43933.666666666664,26821.166666666668,28991.0,39119.0,22660.0,184185.0,1.0,,,,2.0,,,,,,2.0,,,,,,288.0,,,,,,289.0,,,,,,90949.0,,,,,,90770.0,,,0,0,SAR,18.0,90770.0,,
2024,1,18.04935064935065,17.9,18.2,46.94805194805195,46.0,48.0,1019.0649350649351,1018.7,1019.3,False,21.514285714285712,20.8,22.2,55.922077922077925,1.9948051948051948,3.1,STR,32776.375,42390.75,28373.833333333332,28650.0,38609.0,22694.0,260173.66666666666,3.0,,,,4.0,,,,,,2.75,,,,,,284.5,,,,,,285.0,,,,,,90502.75,,,,,,89965.0,,,0,0,STR,12.0,89965.0,90200.0,
2024,1,18.04935064935065,17.9,18.2,46.94805194805195,46.0,48.0,1019.0649350649351,1018.7,1019.3,False,21.514285714285712,20.8,22.2,55.922077922077925,1.9948051948051948,3.1,TSU,31434.625,44662.0,25883.333333333332,28821.0,38727.0,22581.0,272550.0,3.0,,,,4.0,,,,,,2.75,,,,,,285.0,,,,,,286.0,,,,,,90648.25,,,,,,90129.0,,,0,0,TSU,11.0,90481.0,90129.0,
2024,1,18.04935064935065,17.9,18.2,46.94805194805195,46.0,48.0,1019.0649350649351,1018.7,1019.3,False,21.514285714285712,20.8,22.2,55.922077922077925,1.9948051948051948,3.1,VER,31581.0,44400.58823529412,27711.70588235294,28509.0,38269.0,22374.0,305306.60000000003,5.0,,,,6.0,,,,,,2.6,,,,,,287.0,,,,,,288.0,,,,,,89633.0,,,,,,89179.0,,,0,0,VER,1.0,90031.0,89374.0,89179.0
2024,1,18.04935064935065,17.9,18.2,46.94805194805195,46.0,48.0,1019.0649350649351,1018.7,1019.3,False,21.514285714285712,20.8,22.2,55.922077922077925,1.9948051948051948,3.1,ZHO,32769.75,44993.5,26359.5,29154.0,38944.0,22658.0,157683.0,1.0,,,,2.0,,,,,,2.0,,,,,,286.5,,,,,,287.0,,,,,,90916.0,,,,,,90757.0,,,0,0,ZHO,17.0,90757.0,,
2024,2,25.106382978723403,24.8,25.4,56.0531914893617,55.0,57.0,1014.804255319149,1014.3,1015.1,False,30.78617021276596,29.4,31.9,113.61702127659575,1.4734042553191489,2.9,ALB,39424.333333333336,32348.133333333335,34941.0,32284.0,28125.0,28371.0,253946.75,4.0,,,,5.0,,,,,,3.0,,,,,,307.0,,,,,,310.0,,,,,,103167.85714285714,,,,,,88980.0,,,1,2,ALB,12.0,89107.0,88980.0,
2024,2,25.106382978723403,24.8,25.4,56.0531914893617,55.0,57.0,1014.804255319149,1014.3,1015.1,False,30.78617021276596,29.4,31.9,113.61702127659575,1.4734042553191489,2.9,ALO,37624.416666666664,31916.41176470588,34673.17647058824,31840.0,27823.0,28183.0,544455.75,4.0,,,,5.0,,,,,,2.857142857142857,,,,,,302.0,,,,,,306.0,,,,,,95099.71428571429,,,,,,87846.0,,,1,2,ALO,4.0,88706.0,88122.0,87846.0
2024,2,25.106382978723403,24.8,25.4,56.0531914893617,55.0,57.0,1014.804255319149,1014.3,1015.1,False,30.78617021276596,29.4,31.9,113.61702127659575,1.4734042553191489,2.9,BEA,37927.846153846156,32203.444444444445,34920.0,32255.000000000004,28061.0,28272.0,213867.0,4.0,,,,5.0,,,,,,3.625,,,,,,302.5,,,,,,304.0,,,,,,100661.5,,,,,,88642.0,,,1,2,BEA,11.0,88984.0,88642.0,
2024,2,25.106382978723403,24.8,25.4,56.0531914893617,55.0,57.0,1014.804255319149,1014.3,1015.1,False,30.78617021276596,29.4,31.9,113.61702127659575,1.4734042553191489,2.9,BOT,36806.0,32942.0,33808.0,32479.0,28292.0,28359.0,165165.0,1.0,,,,2.0,,,,,,2.8,,,,,,304.6,,,,,,306.0,,,,,,100497.4,,,,,,89179.0,,,1,2,BOT,16.0,89179.0,,
2024,2,25.106382978723403,24.8,25.4,56.0531914893617,55.0,57.0,1014.804255319149,1014.3,1015.1,False,30.78617021276596,29.4,31.9,113.61702127659575,1.4734042553191489,2.9,GAS,36301.57142857143,31454.333333333332,32679.222222222223,32518.0,28369.0,28592.0,149727.0,1.0,,,,2.0,,,,,,3.2,,,,,,305.8,,,,,,310.0,,,,,,99127.0,,,,,,89479.0,,,1,2,GAS,18.0,89479.0,,
2024,2,25.106382978723403,24.8,25.4,56.0531914893617,55.0,57.0,1014.804255319149,1014.3,1015.1,False,30.78617021276596,29.4,31.9,113.61702127659575,1.4734042553191489,2.9,HAM,38382.5,31227.260869565216,32307.0,32341.0,27879.0,28162.0,228825.83333333334,6.0,,,1.0,7.0,,,,,2.0,3.6666666666666665,,,,,304.0,291.6666666666667,,,,,304.0,308.0,,,,,89362.0,96633.77777777778,,,,,89362.0,88460.0,,,1,2,HAM,8.0,88994.0,88606.0,88460.0
2024,2,25.106382978723403,24.8,25.4,56.0531914893617,55.0,57.0,1014.804255319149,1014.3,1015.1,False,30.78617021276596,29.4,31.9,113.61702127659575,1.4734042553191489,2.9,HUL,36982.166666666664,31651.777777777777,33194.555555555555,32530.0,28098.0,28399.0,333003.5,2.0,,,,2.0,,,,,,2.75,,,,,,305.25,,,,,,307.0,,,,,,96356.25,,,,,,89055.0,,,1,2,HUL,15.0,89055.0,,
2024,2,25.106382978723403,24.8,25.4,56.0531914893617,55.0,57.0,1014.804255319149,1014.3,1015.1,False,30.78617021276596,29.4,31.9,113.61702127659575,1.4734042553191489,2.9,LEC,37519.41176470588,32759.434782608696,33292.36363636364,31933.0,27842.0,28016.0,249366.0,5.0,,,,6.0,,,,,,3.6363636363636362,,,,,,298.72727272727275,,,,,,306.0,,,,,,99381.0,,,,,,87791.0,,,1,2,LEC,2.0,88318.0,88112.0,87791.0
2024,2,25.106382978723403,24.8,25.4,56.0531914893617,55.0,57.0,1014.804255319149,1014.3,1015.1,False,30.78617021276596,29.4,31.9,113.61702127659575,1.4734042553191489,2.9,MAG,39260.454545454544,32116.4375,34680.375,32494.0,28161.0,28345.0,235097.5,4.0,,,,5.0,,,,,,2.857142857142857,,,,,,306.57142857142856,,,,,,310.0,,,,,,100600.14285714286,,,,,,89020.0,,,1,2,MAG,13.0,89069.0,89020.0,
2024,2,25.106382978723403,24.8,25.4,56.0531914893617,55.0,57.0,1014.804255319149,1014.3,1015.1,False,30.78617021276596,29.4,31.9,113.61702127659575,1.4734042553191489,2.9,NOR,37755.6,31706.52380952381,32811.95238095238,31880.0,28022.0,28230.0,322936.2,5.0,,,,6.0,,,,,,3.4,,,,,,299.2,,,,,,306.0,,,,,,95074.0,,,,,,88132.0,,,1,2,NOR,6.0,88805.0,88479.0,88132.0
2024,2,25.106382978723403,24.8,25.4,56.0531914893617,55.0,57.0,1014.804255319149,1014.3,1015.1,False,30.78617021276596,29.4,31.9,113.61702127659575,1.4734042553191489,2.9,OCO,37551.0,31861.0,34006.2,32644.0,28250.0,28542.0,143864.0,1.0,,,,2.0,,,,,,3.1666666666666665,,,,,,306.1666666666667,,,,,,308.0,,,,,,100287.5,,,,,,89475.0,,,1,2,OCO,17.0,89475.0,,
2024,2,25.106382978723403,24.8,25.4,56.0531914893617,55.0,57.0,1014.804255319149,1014.3,1015.1,False,30.78617021276596,29.4,31.9,113.61702127659575,1.4734042553191489,2.9,PER,37877.583333333336,32566.11111111111,34541.666666666664,31878.0,27866.0,27997.0,271364.1666666667,6.0,,,,7.0,,,,,,3.3333333333333335,,,,,,308.3333333333333,,,,,,309.0,,,,,,88340.66666666667,,,,,,87807.0,,,1,2,PER,3.0,88638.0,88467.0,87807.0
2024,2,25.106382978723403,24.8,25.4,56.0531914893617,55.0,57.0,1014.804255319149,1014.3,1015.1,False,30.78617021276596,29.4,31.9,113.61702127659575,1.4734042553191489,2.9,PIA,37455.4,30854.714285714286,32722.0,31994.0,27888.0,28207.0,333389.6,5.0,,,,6.0,,,,,,3.1,,,,,,301.5,,,,,,305.0,,,,,,93755.8,,,,,,88089.0,,,1,2,PIA,5.0,88755.0,88343.0,88089.0
2024,2,25.106382978723403,24.8,25.4,56.0531914893617,55.0,57.0,1014.804255319149,1014.3,1015.1,False,30.78617021276596,29.4,31.9,113.61702127659575,1.4734042553191489,2.9,RIC,35806.125,32127.25,34261.333333333336,32463.0,28117.0,28238.0,390072.3333333333,3.0,,,,4.0,,,,,,2.0,,,,,,306.25,,,,,,307.0,,,,,,89083.75,,,,,,89025.0,,,1,2,RIC,14.0,89065.0,89025.0,
2024,2,25.106382978723403,24.8,25.4,56.0531914893617,55.0,57.0,1014.804255319149,1014.3,1015.1,False,30.78617021276596,29.4,31.9,113.61702127659575,1.4734042553191489,2.9,RUS,38228.857142857145,33512.857142857145,33549.857142857145,32293.0,27823.0,28139.0,237313.5,6.0,,,1.0,6.0,,,,,2.0,3.2857142857142856,,,,,305.0,290.57142857142856,,,,,305.0,308.0,,,,,89411.0,98722.71428571429,,,,,89411.0,88316.0,,,1,2,RUS,7.0,88749.0,88448.0,88316.0
2024,2,25.106382978723403,24.8,25.4,56.0531914893617,55.0,57.0,1014.804255319149,1014.3,1015.1,False,30.78617021276596,29.4,31.9,113.61702127659575,1.4734042553191489,2.9,SAR,42395.28571428572,33278.666666666664,34115.444444444445,32594.0,28376.0,28452.0,127439.0,1.0,,,,2.0,,,,,,3.2,,,,,,299.6,,,,,,308.0,,,,,,104049.2,,,,,,89526.0,,,1,2,SAR,19.0,89526.0,,
2024,2,25.106382978723403,24.8,25.4,56.0531914893617,55.0,57.0,1014.804255319149,1014.3,1015.1,False,30.78617021276596,29.4,31.9,113.61702127659575,1.4734042553191489,2.9,STR,36570.07692307692,31833.57894736842,35788.89473684211,31943.0,27922.0,28281.0,383998.2,5.0,,,,6.0,,,,,,2.7142857142857144,,,,,,301.0,,,,,,306.0,,,,,,96749.0,,,,,,88250.0,,,1,2,STR,10.0,88250.0,88578.0,88572.0
2024,2,25.106382978723403,24.8,25.4,56.0531914893617,55.0,57.0,1014.804255319149,1014.3,1015.1,False,30.78617021276596,29.4,31.9,113.61702127659575,1.4734042553191489,2.9,TSU,36151.0,31493.61111111111,33870.58823529412,32180.0,28057.0,28239.0,332728.4,5.0,,,,6.0,,,,,,2.5,,,,,,306.1666666666667,,,,,,308.0,,,,,,88824.16666666667,,,,,,88547.0,,,1,2,TSU,9.0,88988.0,88564.0,88547.0
2024,2,25.106382978723403,24.8,25.4,56.0531914893617,55.0,57.0,1014.804255319149,1014.3,1015.1,False,30.78617021276596,29.4,31.9,113.61702127659575,1.4734042553191489,2.9,VER,36449.916666666664,31033.88888888889,34527.27777777778,31763.0,27800.0,27909.0,345725.4,5.0,,,,6.0,,,,,,3.0,,,,,,307.5,,,,,,309.0,,,,,,87988.16666666667,,,,,,87472.0,,,1,2,VER,1.0,88171.0,88033.0,87472.0
2024,2,25.106382978723403,24.8,25.4,56.0531914893617,55.0,57.0,1014.804255319149,1014.3,1015.1,False,30.78617021276596,29.4,31.9,113.61702127659575,1.4734042553191489,2.9,ZHO,38928.0,37289.5,39599.5,38928.0,36485.0,33511.0,,,,,,,,,,,,,,,,,,,,,,,,,,,,,,,,,,,,,,,1,2,ZHO,20.0,,,
2024,3,18.742307692307694,18.5,18.9,53.58974358974359,52.0,55.0,1024.023076923077,1023.8,1024.2,True,34.41410256410256,32.5,35.2,143.4102564102564,1.4794871794871796,2.7,ALB,35114.92857142857,19812.2,36463.545454545456,26643.0,17546.0,32923.0,285799.0,3.0,,,,4.0,,,,,,2.7,,,,,,304.7,,,,,,309.0,,,,,,91051.5,,,,,,77130.0,,,0,1,ALB,12.0,77130.0,77167.0,
2024,3,18.742307692307694,18.5,18.9,53.58974358974359,52.0,55.0,1024.023076923077,1023.8,1024.2,True,34.41410256410256,32.5,35.2,143.4102564102564,1.4794871794871796,2.7,ALO,34635.45,19011.05,37471.6875,26577.0,17457.0,32659.999999999996,426699.5,4.0,,,,5.0,,,,,,2.625,,,,,,305.5625,,,,,,308.0,,,,,,91464.625,,,,,,76710.0,,,0,1,ALO,10.0,76991.0,76710.0,77552.0
2024,3,18.742307692307694,18.5,18.9,53.58974358974359,52.0,55.0,1024.023076923077,1023.8,1024.2,True,34.41410256410256,32.5,35.2,143.4102564102564,1.4794871794871796,2.7,BOT,34200.73333333333,20084.066666666666,38841.36363636364,26711.0,17604.0,32966.0,343201.99999999994,3.0,,,,4.0,,,,,,2.5454545454545454,,,,,,301.09090909090907,,,,,,305.0,,,,,,92723.81818181818,,,,,,77340.0,,,0,1,BOT,13.0,77543.0,77340.0,
2024,3,18.742307692307694,18.5,18.9,53.58974358974359,52.0,55.0,1024.023076923077,1023.8,1024.2,True,34.41410256410256,32.5,35.2,143.4102564102564,1.4794871794871796,2.7,GAS,33363.6,19267.0,38596.555555555555,26917.0,17605.0,33407.0,160780.0,1.0,,,,2.0,,,,,,3.25,,,,,,293.25,,,,,,308.0,,,,,,90281.375,,,,,,77982.0,,,0,1,GAS,17.0,77982.0,,
2024,3,18.742307692307694,18.5,18.9,53.58974358974359,52.0,55.0,1024.023076923077,1023.8,1024.2,True,34.41410256410256,32.5,35.2,143.4102564102564,1.4794871794871796,2.7,HAM,36090.73333333333,20866.333333333332,37361.416666666664,26720.0,17476.0,32674.999999999996,355274.5,2.0,,,,3.0,,,,,,3.5,,,,,,281.3333333333333,,,,,,307.0,,,,,,94117.0,,,,,,76960.0,,,0,1,HAM,11.0,77499.0,76960.0,
2024,3,18.742307692307694,18.5,18.9,53.58974358974359,52.0,55.0,1024.023076923077,1023.8,1024.2,True,34.41410256410256,32.5,35.2,143.4102564102564,1.4794871794871796,2.7,HUL,31747.14285714286,19165.0,36951.0,26782.0,17515.0,33322.0,397674.0,1.0,,,,2.0,,,,,,2.4,,,,,,306.2,,,,,,308.0,,,,,,85947.0,,,,,,77976.0,,,0,1,HUL,16.0,77976.0,,
2024,3,18.742307692307694,18.5,18.9,53.58974358974359,52.0,55.0,1024.023076923077,1023.8,1024.2,True,34.41410256410256,32.5,35.2,143.4102564102564,1.4794871794871796,2.7,LEC,38393.8,19668.1,39814.933333333334,26299.0,17423.0,32456.000000000004,315567.0,5.0,,,,6.0,,,,,,3.142857142857143,,,,,,290.07142857142856,,,,,,307.0,,,,,,98157.21428571429,,,,,,76304.0,,,0,1,LEC,5.0,76984.0,76304.0,76435.0
2024,3,18.742307692307694,18.5,18.9,53.58974358974359,52.0,55.0,1024.023076923077,1023.8,1024.2,True,34.41410256410256,32.5,35.2,143.4102564102564,1.4794871794871796,2.7,MAG,33506.46153846154,19341.846153846152,37461.77777777778,26768.0,17531.0,33084.0,420697.0,3.0,,,,4.0,,,,,,2.3333333333333335,,,,,,307.44444444444446,,,,,,309.0,,,,,,91414.77777777778,,,,,,77427.0,,,0,1,MAG,14.0,77709.0,77427.0,
2024,3,18.742307692307694,18.5,18.9,53.58974358974359,52.0,55.0,1024.023076923077,1023.8,1024.2,True,34.41410256410256,32.5,35.2,143.4102564102564,1.4794871794871796,2.7,NOR,34236.88888888889,19065.333333333332,38762.0,26393.0,17367.0,32555.0,360223.2,5.0,,,,6.0,,,,,,2.6153846153846154,,,,,,305.0769230769231,,,,,,308.0,,,,,,92611.23076923077,,,,,,76315.0,,,0,1,NOR,4.0,77430.0,76750.0,76315.0
2024,3,18.742307692307694,18.5,18.9,53.58974358974359,52.0,55.0,1024.023076923077,1023.8,1024.2,True,34.41410256410256,32.5,35.2,143.4102564102564,1.4794871794871796,2.7,OCO,34751.05,21039.666666666668,41193.555555555555,26857.0,17581.0,33147.0,157319.0,3.0,,,,4.0,,,,,,3.875,,,,,,298.0625,,,,,,308.0,,,,,,91250.4375,,,,,,77617.0,,,0,1,OCO,15.0,77617.0,77697.0,
2024,3,18.742307692307694,18.5,18.9,53.58974358974359,52.0,55.0,1024.023076923077,1023.8,1024.2,True,34.41410256410256,32.5,35.2,143.4102564102564,1.4794871794871796,2.7,PER,36865.681818181816,19823.954545454544,41305.705882352944,26467.0,17289.0,32518.0,261529.6666666666,6.0,,,,7.0,,,,,,3.2,,,,,,306.1333333333333,,,,,,311.0,,,,,,93813.53333333334,,,,,,76274.0,,,0,1,PER,3.0,76805.0,76631.0,76274.0
2024,3,18.742307692307694,18.5,18.9,53.58974358974359,52.0,55.0,1024.023076923077,1023.8,1024.2,True,34.41410256410256,32.5,35.2,143.4102564102564,1.4794871794871796,2.7,PIA,35416.64705882353,19209.0,38775.166666666664,26420.0,17443.0,32622.0,368720.4000000001,5.0,,,,6.0,,,,,,2.4166666666666665,,,,,,306.1666666666667,,,,,,309.0,,,,,,95046.5,,,,,,76572.0,,,0,1,PIA,6.0,77369.0,76601.0,76572.0
2024,3,18.742307692307694,18.5,18.9,53.58974358974359,52.0,55.0,1024.023076923077,1023.8,1024.2,True,34.41410256410256,32.5,35.2,143.4102564102564,1.4794871794871796,2.7,RIC,36584.166666666664,19106.0,37616.25,26734.0,17659.0,33073.0,260085.0,1.0,,,,2.0,,,,,,1.5,,,,,,303.25,,,,,,305.0,,,,,,94263.0,,,,,,77466.0,,,0,1,RIC,18.0,78085.0,,
2024,3,18.742307692307694,18.5,18.9,53.58974358974359,52.0,55.0,1024.023076923077,1023.8,1024.2,True,34.41410256410256,32.5,35.2,143.4102564102564,1.4794871794871796,2.7,RUS,35453.27272727273,20463.31818181818,40756.72222222222,26501.0,17502.0,32689.0,243805.8,5.0,,,,6.0,,,,,,3.176470588235294,,,,,,299.70588235294116,,,,,,307.0,,,,,,93985.0,,,,,,76724.0,,,0,1,RUS,7.0,77062.0,76901.0,76724.0
2024,3,18.742307692307694,18.5,18.9,53.58974358974359,52.0,55.0,1024.023076923077,1023.8,1024.2,True,34.41410256410256,32.5,35.2,143.4102564102564,1.4794871794871796,2.7,SAI,35046.72222222222,19976.222222222223,37545.61538461538,26222.0,17434.0,32353.0,466937.75,4.0,,,,5.0,,,,,,2.8461538461538463,,,,,,294.2307692307692,,,,,,306.0,,,,,,91892.61538461539,,,,,,76185.0,,,0,1,SAI,2.0,76731.0,76189.0,76185.0
2024,3,18.742307692307694,18.5,18.9,53.58974358974359,52.0,55.0,1024.023076923077,1023.8,1024.2,True,34.41410256410256,32.5,35.2,143.4102564102564,1.4794871794871796,2.7,STR,34759.27272727273,19195.727272727272,37598.22222222222,26445.0,17446.0,32872.0,382204.2499999998,4.0,,,,5.0,,,,,,2.7777777777777777,,,,,,304.8333333333333,,,,,,308.0,,,,,,91660.33333333333,,,,,,76780.0,,,0,1,STR,9.0,77376.0,76780.0,77072.0
2024,3,18.742307692307694,18.5,18.9,53.58974358974359,52.0,55.0,1024.023076923077,1023.8,1024.2,True,34.41410256410256,32.5,35.2,143.4102564102564,1.4794871794871796,2.7,TSU,37744.529411764706,19531.941176470587,37286.833333333336,26513.0,17507.0,32714.0,341400.4,5.0,,,,6.0,,,,,,2.5,,,,,,304.3333333333333,,,,,,306.0,,,,,,96027.0,,,,,,76788.0,,,0,1,TSU,8.0,77356.0,76791.0,76788.0
2024,3,18.742307692307694,18.5,18.9,53.58974358974359,52.0,55.0,1024.023076923077,1023.8,1024.2,True,34.41410256410256,32.5,35.2,143.4102564102564,1.4794871794871796,2.7,VER,36356.04761904762,20915.52380952381,41125.470588235294,26262.0,17315.0,32338.0,271996.5,6.0,,,,7.0,,,,,,3.2142857142857144,,,,,,299.92857142857144,,,,,,311.0,,,,,,91651.14285714286,,,,,,75915.0,,,0,1,VER,1.0,76819.0,76387.0,75915.0
2024,3,18.742307692307694,18.5,18.9,53.58974358974359,52.0,55.0,1024.023076923077,1023.8,1024.2,True,34.41410256410256,32.5,35.2,143.4102564102564,1.4794871794871796,2.7,ZHO,34927.22222222222,21320.88888888889,40462.142857142855,26788.0,17706.0,33253.0,251741.0,1.0,,,,2.0,,,,,,2.5714285714285716,,,,,,299.2857142857143,,,,,,306.0,,,,,,95729.42857142857,,,,,,78188.0,,,0,1,ZHO,19.0,78188.0,,
2024,4,17.539473684210527,16.9,17.9,58.10526315789474,55.0,63.0,1013.8407894736841,1013.6,1014.2,False,26.710526315789473,24.9,28.3,176.07894736842104,1.6302631578947369,2.6,ALB,39353.0,47689.555555555555,22042.11111111111,31584.0,40381.0,17699.0,652839.5,2.0,,,,3.0,,,,,,2.0,,,,,,264.6666666666667,,,,,,265.0,,,,,,90015.33333333333,,,,,,89714.0,,,0,0,ALB,14.0,89963.0,89714.0,
2024,4,17.539473684210527,16.9,17.9,58.10526315789474,55.0,63.0,1013.8407894736841,1013.6,1014.2,False,26.710526315789473,24.9,28.3,176.07894736842104,1.6302631578947369,2.6,ALO,37002.25,48098.666666666664,23373.833333333332,30964.0,40027.0,17695.0,690221.0,3.0,,,,4.0,,,,,,2.0,,,,,,264.75,,,,,,265.0,,,,,,88967.75,,,,,,88686.0,,,0,0,ALO,5.0,89254.0,89082.0,88686.0
2024,4,17.539473684210527,16.9,17.9,58.10526315789474,55.0,63.0,1013.8407894736841,1013.6,1014.2,False,26.710526315789473,24.9,28.3,176.07894736842104,1.6302631578947369,2.6,BOT,35880.125,46844.416666666664,21914.833333333332,31357.0,40359.0,17734.0,287681.6666666667,3.0,,,,4.0,,,,,,2.75,,,,,,262.75,,,,,,263.0,,,,,,89894.75,,,,,,89593.0,,,0,0,BOT,13.0,89602.0,89593.0,
2024,4,17.539473684210527,16.9,17.9,58.10526315789474,55.0,63.0,1013.8407894736841,1013.6,1014.2,False,26.710526315789473,24.9,28.3,176.07894736842104,1.6302631578947369,2.6,GAS,37159.75,47359.0,22648.666666666668,31468.0,40662.0,17964.0,178573.0,1.0,,,,2.0,,,,,,2.0,,,,,,262.0,,,,,,263.0,,,,,,90268.0,,,,,,90119.0,,,0,0,GAS,17.0,90119.0,,
2024,4,17.539473684210527,16.9,17.9,58.10526315789474,55.0,63.0,1013.8407894736841,1013.6,1014.2,False,26.710526315789473,24.9,28.3,176.07894736842104,1.6302631578947369,2.6,HAM,35381.4,47594.13333333333,21709.533333333333,30915.0,40008.0,17695.0,468292.75,4.0,,,,5.0,,,,,,2.6,,,,,,263.2,,,,,,264.0,,,,,,89198.4,,,,,,88766.0,,,0,0,HAM,7.0,89661.0,88887.0,88766.0
2024,4,17.539473684210527,16.9,17.9,58.10526315789474,55.0,63.0,1013.8407894736841,1013.6,1014.2,False,26.710526315789473,24.9,28.3,176.07894736842104,1.6302631578947369,2.6,HUL,35143.625,45662.916666666664,22279.25,31558.0,40238.0,17698.0,293632.3333333333,3.0,,,,4.0,,,,,,2.75,,,,,,267.0,,,,,,268.0,,,,,,90122.75,,,,,,89494.0,,,0,0,HUL,12.0,89821.0,89494.0,
2024,4,17.539473684210527,16.9,17.9,58.10526315789474,55.0,63.0,1013.8407894736841,1013.6,1014.2,False,26.710526315789473,24.9,28.3,176.07894736842104,1.6302631578947369,2.6,LEC,38139.5,46069.5,22244.5,31109.0,39866.0,17802.0,645881.6666666666,3.0,,,,4.0,,,,,,2.0,,,,,,263.25,,,,,,264.0,,,,,,89301.5,,,,,,88786.0,,,0,0,LEC,8.0,89338.0,89196.0,88786.0
2024,4,17.539473684210527,16.9,17.9,58.10526315789474,55.0,63.0,1013.8407894736841,1013.6,1014.2,False,26.710526315789473,24.9,28.3,176.07894736842104,1.6302631578947369,2.6,MAG,35078.666666666664,44653.444444444445,20617.333333333332,31786.0,40482.0,17863.0,131634.00000000006,2.0,,,,3.0,,,,,,2.0,,,,,,265.6666666666667,,,,,,266.0,,,,,,90665.33333333333,,,,,,90131.0,,,0,0,MAG,18.0,90131.0,,
2024,4,17.539473684210527,16.9,17.9,58.10526315789474,55.0,63.0,1013.8407894736841,1013.6,1014.2,False,26.710526315789473,24.9,28.3,176.07894736842104,1.6302631578947369,2.6,NOR,36265.5,47092.46153846154,22915.69230769231,30800.0,40039.0,17634.0,481238.25,4.0,,,,5.0,,,,,,2.0,,,,,,261.5,,,,,,263.0,,,,,,88887.5,,,,,,88489.0,,,0,0,NOR,3.0,89536.0,88940.0,88489.0
2024,4,17.539473684210527,16.9,17.9,58.10526315789474,55.0,63.0,1013.8407894736841,1013.6,1014.2,False,26.710526315789473,24.9,28.3,176.07894736842104,1.6302631578947369,2.6,OCO,35360.75,48553.833333333336,22400.083333333332,31474.0,40456.0,17850.0,281094.0,3.0,,,,4.0,,,,,,2.75,,,,,,264.25,,,,,,265.0,,,,,,90201.75,,,,,,89811.0,,,0,0,OCO,15.0,89811.0,89816.0,
2024,4,17.539473684210527,16.9,17.9,58.10526315789474,55.0,63.0,1013.8407894736841,1013.6,1014.2,False,26.710526315789473,24.9,28.3,176.07894736842104,1.6302631578947369,2.6,PER,37169.375,48126.416666666664,21987.333333333332,30846.0,39763.0,17654.0,714697.3333333334,3.0,,,,4.0,,,,,,2.0,,,,,,265.5,,,,,,267.0,,,,,,88730.75,,,,,,88263.0,,,0,0,PER,2.0,89303.0,88752.0,88263.0
2024,4,17.539473684210527,16.9,17.9,58.10526315789474,55.0,63.0,1013.8407894736841,1013.6,1014.2,False,26.710526315789473,24.9,28.3,176.07894736842104,1.6302631578947369,2.6,PIA,35652.5,47177.75,23324.916666666668,30837.0,40227.0,17696.0,714962.3333333331,3.0,,,,4.0,,,,,,2.0,,,,,,263.0,,,,,,263.0,,,,,,89087.0,,,,,,88760.0,,,0,0,PIA,6.0,89425.0,89148.0,88760.0
2024,4,17.539473684210527,16.9,17.9,58.10526315789474,55.0,63.0,1013.8407894736841,1013.6,1014.2,False,26.710526315789473,24.9,28.3,176.07894736842104,1.6302631578947369,2.6,RIC,36327.875,47258.666666666664,21824.0,31352.0,40402.0,17718.0,284008.6666666667,3.0,,,,4.0,,,,,,2.75,,,,,,263.0,,,,,,264.0,,,,,,90044.25,,,,,,89472.0,,,0,0,RIC,11.0,89727.0,89472.0,
2024,4,17.539473684210527,16.9,17.9,58.10526315789474,55.0,63.0,1013.8407894736841,1013.6,1014.2,False,26.710526315789473,24.9,28.3,176.07894736842104,1.6302631578947369,2.6,RUS,37620.4,48367.53333333333,22335.866666666665,31073.0,40092.0,17704.0,454959.2500000001,4.0,,,,5.0,,,,,,2.6,,,,,,263.4,,,,,,264.0,,,,,,89358.6,,,,,,89008.0,,,0,0,RUS,9.0,89799.0,89140.0,89008.0
2024,4,17.539473684210527,16.9,17.9,58.10526315789474,55.0,63.0,1013.8407894736841,1013.6,1014.2,False,26.710526315789473,24.9,28.3,176.07894736842104,1.6302631578947369,2.6,SAI,37016.5,47327.666666666664,23581.75,30968.0,39989.0,17722.0,699187.6666666666,3.0,,,,4.0,,,,,,2.0,,,,,,263.5,,,,,,264.0,,,,,,89026.0,,,,,,88682.0,,,0,0,SAI,4.0,89513.0,89099.0,88682.0
2024,4,17.539473684210527,16.9,17.9,58.10526315789474,55.0,63.0,1013.8407894736841,1013.6,1014.2,False,26.710526315789473,24.9,28.3,176.07894736842104,1.6302631578947369,2.6,SAR,35541.25,45984.833333333336,21434.833333333332,31744.0,40542.0,17835.0,165254.0,1.0,,,,2.0,,,,,,2.0,,,,,,264.5,,,,,,265.0,,,,,,90391.0,,,,,,90139.0,,,0,0,SAR,19.0,90139.0,,
2024,4,17.539473684210527,16.9,17.9,58.10526315789474,55.0,63.0,1013.8407894736841,1013.6,1014.2,False,26.710526315789473,24.9,28.3,176.07894736842104,1.6302631578947369,2.6,STR,35042.75,47118.166666666664,23668.166666666668,31386.0,40546.0,17980.0,218933.0,1.0,,,,2.0,,,,,,2.0,,,,,,262.5,,,,,,263.0,,,,,,90029.0,,,,,,90024.0,,,0,0,STR,16.0,90024.0,,
2024,4,17.539473684210527,16.9,17.9,58.10526315789474,55.0,63.0,1013.8407894736841,1013.6,1014.2,False,26.710526315789473,24.9,28.3,176.07894736842104,1.6302631578947369,2.6,TSU,35223.333333333336,45970.72222222222,22418.555555555555,31283.0,40248.0,17711.0,279613.6000000001,5.0,,,,6.0,,,,,,3.0,,,,,,263.8333333333333,,,,,,264.0,,,,,,89836.0,,,,,,89413.0,,,0,0,TSU,10.0,89775.0,89417.0,89413.0
2024,4,17.539473684210527,16.9,17.9,58.10526315789474,55.0,63.0,1013.8407894736841,1013.6,1014.2,False,26.710526315789473,24.9,28.3,176.07894736842104,1.6302631578947369,2.6,VER,36599.25,47004.25,20704.0,30777.0,39850.0,17503.0,717562.6666666665,3.0,,,,4.0,,,,,,2.0,,,,,,265.0,,,,,,266.0,,,,,,88510.75,,,,,,88197.0,,,0,0,VER,1.0,88866.0,88740.0,88197.0
2024,4,17.539473684210527,16.9,17.9,58.10526315789474,55.0,63.0,1013.8407894736841,1013.6,1014.2,False,26.710526315789473,24.9,28.3,176.07894736842104,1.6302631578947369,2.6,ZHO,36504.75,46169.166666666664,22644.0,31685.0,40487.0,17971.0,226866.0,1.0,,,,2.0,,,,,,2.0,,,,,,262.5,,,,,,263.0,,,,,,90477.0,,,,,,90143.0,,,0,0,ZHO,20.0,90143.0,,
2024,5,22.094186046511627,21.8,22.4,55.43023255813954,54.0,58.0,1007.4499999999999,1007.1,1007.9,False,33.88837209302326,31.9,35.5,258.4418604651163,1.6569767441860466,3.2,ALB,27328.222222222223,33868.857142857145,50131.692307692305,25117.0,28665.0,41116.0,405063.5,4.0,,,,5.0,,,,,,2.0,,,,,,269.5,,,,,,270.0,,,,,,95406.25,,,,,,95241.0,,,1,7,ALB,14.0,95384.0,95241.0,
2024,5,22.094186046511627,21.8,22.4,55.43023255813954,54.0,58.0,1007.4499999999999,1007.1,1007.9,False,33.88837209302326,31.9,35.5,258.4418604651163,1.6569767441860466,3.2,ALO,27902.1,34285.4,52690.857142857145,24925.0,28308.0,40783.0,630278.5,4.0,,,,5.0,,,,,,2.0,,,,,,267.6,,,,,,269.0,,,,,,94617.6,,,,,,94148.0,,,1,7,ALO,3.0,95116.0,94652.0,94148.0
2024,5,22.094186046511627,21.8,22.4,55.43023255813954,54.0,58.0,1007.4499999999999,1007.1,1007.9,False,33.88837209302326,31.9,35.5,258.4418604651163,1.6569767441860466,3.2,BOT,27815.0,33549.78571428572,49751.38461538462,25041.0,28458.0,40979.0,632312.5,4.0,,,,5.0,,,,,,2.0,,,,,,261.8,,,,,,268.0,,,,,,95029.6,,,,,,94665.0,,,1,7,BOT,10.0,95169.0,94769.0,94665.0
2024,5,22.094186046511627,21.8,22.4,55.43023255813954,54.0,58.0,1007.4499999999999,1007.1,1007.9,False,33.88837209302326,31.9,35.5,258.4418604651163,1.6569767441860466,3.2,GAS,27816.9,35484.4,50107.5,25167.0,28764.0,41304.0,365125.25,4.0,,,,5.0,,,,,,2.0,,,,,,262.4,,,,,,263.0,,,,,,95956.0,,,,,,95287.0,,,1,7,GAS,15.0,95287.0,95463.0,
2024,5,22.094186046511627,21.8,22.4,55.43023255813954,54.0,58.0,1007.4499999999999,1007.1,1007.9,False,33.88837209302326,31.9,35.5,258.4418604651163,1.6569767441860466,3.2,HAM,28883.25,34268.166666666664,50603.166666666664,25246.0,28639.0,41688.0,267916.0,1.0,,,,2.0,,,,,,2.0,,,,,,264.0,,,,,,266.0,,,,,,96090.0,,,,,,95573.0,,,1,7,HAM,18.0,95573.0,,
2024,5,22.094186046511627,21.8,22.4,55.43023255813954,54.0,58.0,1007.4499999999999,1007.1,1007.9,False,33.88837209302326,31.9,35.5,258.4418604651163,1.6569767441860466,3.2,HUL,30521.533333333333,33183.57142857143,49799.0,24948.0,28571.0,40926.0,341668.1666666667,6.0,,,,7.0,,,,,,2.857142857142857,,,,,,265.2857142857143,,,,,,269.0,,,,,,95417.71428571429,,,,,,94604.0,,,1,7,HUL,9.0,95068.0,94667.0,94604.0
2024,5,22.094186046511627,21.8,22.4,55.43023255813954,54.0,58.0,1007.4499999999999,1007.1,1007.9,False,33.88837209302326,31.9,35.5,258.4418604651163,1.6569767441860466,3.2,LEC,27938.35714285714,33545.05263157895,48915.333333333336,25147.0,28241.0,40743.0,401315.8,5.0,,,,6.0,,,,,,2.75,,,,,,264.5,,,,,,267.0,,,,,,98857.75,,,,,,94289.0,,,1,7,LEC,6.0,94797.0,94399.0,94289.0
2024,5,22.094186046511627,21.8,22.4,55.43023255813954,54.0,58.0,1007.4499999999999,1007.1,1007.9,False,33.88837209302326,31.9,35.5,258.4418604651163,1.6569767441860466,3.2,MAG,29608.75,33512.666666666664,52157.5,25204.0,28893.0,41419.0,442875.0,1.0,,,,2.0,,,,,,2.0,,,,,,261.0,,,,,,261.0,,,,,,96071.0,,,,,,95516.0,,,1,7,MAG,17.0,95516.0,,
2024,5,22.094186046511627,21.8,22.4,55.43023255813954,54.0,58.0,1007.4499999999999,1007.1,1007.9,False,33.88837209302326,31.9,35.5,258.4418604651163,1.6569767441860466,3.2,NOR,27501.8,34157.642857142855,48230.46153846154,24984.0,28345.0,40744.0,665362.25,4.0,,,,5.0,,,,,,2.4,,,,,,267.2,,,,,,269.0,,,,,,94902.2,,,,,,94165.0,,,1,7,NOR,4.0,94842.0,94460.0,94165.0
2024,5,22.094186046511627,21.8,22.4,55.43023255813954,54.0,58.0,1007.4499999999999,1007.1,1007.9,False,33.88837209302326,31.9,35.5,258.4418604651163,1.6569767441860466,3.2,OCO,27391.6,34144.46666666667,49725.142857142855,25100.0,28691.0,41303.0,369321.0,4.0,,,,5.0,,,,,,3.4,,,,,,263.6,,,,,,265.0,,,,,,95865.2,,,,,,95223.0,,,1,7,OCO,13.0,95356.0,95223.0,
2024,5,22.094186046511627,21.8,22.4,55.43023255813954,54.0,58.0,1007.4499999999999,1007.1,1007.9,False,33.88837209302326,31.9,35.5,258.4418604651163,1.6569767441860466,3.2,PER,27889.18181818182,32747.70588235294,50503.470588235294,24910.0,28290.0,40660.0,409234.2,5.0,,,,6.0,,,,,,3.2857142857142856,,,,,,268.2857142857143,,,,,,270.0,,,,,,99704.57142857143,,,,,,93982.0,,,1,7,PER,2.0,95457.0,94026.0,93982.0
2024,5,22.094186046511627,21.8,22.4,55.43023255813954,54.0,58.0,1007.4499999999999,1007.1,1007.9,False,33.88837209302326,31.9,35.5,258.4418604651163,1.6569767441860466,3.2,PIA,31296.909090909092,33996.8125,49741.21428571428,24996.0,28263.0,40926.0,491842.4,5.0,,,,6.0,,,,,,2.0,,,,,,265.5,,,,,,268.0,,,,,,94634.25,,,,,,94273.0,,,1,7,PIA,5.0,95014.0,94659.0,94273.0
2024,5,22.094186046511627,21.8,22.4,55.43023255813954,54.0,58.0,1007.4499999999999,1007.1,1007.9,False,33.88837209302326,31.9,35.5,258.4418604651163,1.6569767441860466,3.2,RIC,27955.25,34100.166666666664,51232.36363636364,25114.0,28623.0,41065.0,520333.0,3.0,,,,4.0,,,,,,2.0,,,,,,265.25,,,,,,267.0,,,,,,95492.75,,,,,,94934.0,,,1,7,RIC,12.0,95443.0,94934.0,
2024,5,22.094186046511627,21.8,22.4,55.43023255813954,54.0,58.0,1007.4499999999999,1007.1,1007.9,False,33.88837209302326,31.9,35.5,258.4418604651163,1.6569767441860466,3.2,RUS,30325.214285714286,35077.45,49920.72222222222,25171.0,28415.0,40785.0,382023.4,5.0,,,,6.0,,,,,,3.0,,,,,,247.5,,,,,,268.0,,,,,,105129.25,,,,,,94433.0,,,1,7,RUS,8.0,95084.0,94609.0,94433.0
2024,5,22.094186046511627,21.8,22.4,55.43023255813954,54.0,58.0,1007.4499999999999,1007.1,1007.9,False,33.88837209302326,31.9,35.5,258.4418604651163,1.6569767441860466,3.2,SAI,27513.545454545456,33095.05882352941,51923.17647058824,25044.0,28361.0,40740.0,433105.2,5.0,,,1.0,6.0,,,,,8.0,2.0,,,,,265.0,265.5,,,,,265.0,268.0,,,,,96998.0,94590.25,,,,,96998.0,94297.0,,,1,7,SAI,7.0,94970.0,94368.0,94297.0
2024,5,22.094186046511627,21.8,22.4,55.43023255813954,54.0,58.0,1007.4499999999999,1007.1,1007.9,False,33.88837209302326,31.9,35.5,258.4418604651163,1.6569767441860466,3.2,SAR,36572.2,35198.857142857145,54941.71428571428,25328.0,29066.0,41710.0,112226.5,2.0,,,,2.0,,,,,,2.0,,,,,,267.0,,,,,,267.0,,,,,,96358.0,,,,,,96358.0,,,1,7,SAR,20.0,96358.0,,
2024,5,22.094186046511627,21.8,22.4,55.43023255813954,54.0,58.0,1007.4499999999999,1007.1,1007.9,False,33.88837209302326,31.9,35.5,258.4418604651163,1.6569767441860466,3.2,STR,27988.25,35173.916666666664,50915.181818181816,25059.0,28595.0,41154.0,530800.6666666666,3.0,,,,4.0,,,,,,2.0,,,,,,266.0,,,,,,267.0,,,,,,95277.5,,,,,,94838.0,,,1,7,STR,11.0,95334.0,94838.0,
2024,5,22.094186046511627,21.8,22.4,55.43023255813954,54.0,58.0,1007.4499999999999,1007.1,1007.9,False,33.88837209302326,31.9,35.5,258.4418604651163,1.6569767441860466,3.2,TSU,27776.166666666668,32079.777777777777,49916.0,25244.0,28864.0,41539.0,130884.0,2.0,,,,3.0,,,,,,2.0,,,,,,261.6666666666667,,,,,,265.0,,,,,,96622.33333333333,,,,,,95746.0,,,1,7,TSU,19.0,95746.0,,
2024,5,22.094186046511627,21.8,22.4,55.43023255813954,54.0,58.0,1007.4499999999999,1007.1,1007.9,False,33.88837209302326,31.9,35.5,258.4418604651163,1.6569767441860466,3.2,VER,27722.166666666668,34025.470588235294,50259.64705882353,24965.0,28168.0,40511.0,437916.0,5.0,,,,6.0,,,,,,2.5,,,,,,264.6666666666667,,,,,,270.0,,,,,,94215.0,,,,,,93660.0,,,1,7,VER,1.0,94742.0,93794.0,93660.0
2024,5,22.094186046511627,21.8,22.4,55.43023255813954,54.0,58.0,1007.4499999999999,1007.1,1007.9,False,33.88837209302326,31.9,35.5,258.4418604651163,1.6569767441860466,3.2,ZHO,26745.6,33072.875,49145.875,25416.0,28766.0,41323.0,125035.0,2.0,,,,3.0,,,,,,2.0,,,,,,264.5,,,,,,265.0,,,,,,95906.5,,,,,,95505.0,,,1,7,ZHO,16.0,95505.0,,
2024,6,29.063636363636366,28.8,29.5,54.87012987012987,50.0,57.0,1015.5207792207793,1015.1,1015.9,False,47.29480519480519,45.4,50.4,158.25974025974025,2.9428571428571426,4.5,ALB,34915.818181818184,38949.6,31153.0,29498.0,33774.0,25067.0,312221.3333333333,3.0,,,,4.0,,,,,,2.857142857142857,,,,,,274.85714285714283,,,,,,286.0,,,,,,99895.28571428571,,,,,,88343.0,,,0,2,ALB,14.0,88343.0,88413.0,
2024,6,29.063636363636366,28.8,29.5,54.87012987012987,50.0,57.0,1015.5207792207793,1015.1,1015.9,False,47.29480519480519,45.4,50.4,158.25974025974025,2.9428571428571426,4.5,ALO,37117.63636363636,39065.73333333333,31081.2,29467.0,33778.0,25118.0,201395.25000000006,4.0,,,,5.0,,,,,,2.3333333333333335,,,,,,281.8333333333333,,,,,,282.0,,,,,,96142.83333333333,,,,,,88427.0,,,0,2,ALO,15.0,88453.0,88427.0,
2024,6,29.063636363636366,28.8,29.5,54.87012987012987,50.0,57.0,1015.5207792207793,1015.1,1015.9,False,47.29480519480519,45.4,50.4,158.25974025974025,2.9428571428571426,4.5,BOT,35420.25,38544.166666666664,29788.8,29470.0,33849.0,25105.0,306089.0,1.0,,,,2.0,,,,,,2.0,,,,,,284.0,,,,,,285.0,,,,,,88500.0,,,,,,88463.0,,,0,2,BOT,16.0,88463.0,,
2024,6,29.063636363636366,28.8,29.5,54.87012987012987,50.0,57.0,1015.5207792207793,1015.1,1015.9,False,47.29480519480519,45.4,50.4,158.25974025974025,2.9428571428571426,4.5,GAS,33854.0,37909.666666666664,30625.714285714286,29334.0,33605.0,25022.0,235159.50000000006,4.0,,,,5.0,,,,,,2.0,,,,,,284.2,,,,,,285.0,,,,,,88546.0,,,,,,87976.0,,,0,2,GAS,12.0,87976.0,88324.0,
2024,6,29.063636363636366,28.8,29.5,54.87012987012987,50.0,57.0,1015.5207792207793,1015.1,1015.9,False,47.29480519480519,45.4,50.4,158.25974025974025,2.9428571428571426,4.5,HAM,32595.071428571428,39590.76190476191,32247.35,29020.0,33635.0,25022.0,256270.16666666666,6.0,,,7.0,6.0,,,,,2.0,2.5,,,,,284.0,283.0,,,,,284.0,284.0,,,,,88107.0,88328.0,,,,,88107.0,87697.0,,,0,2,HAM,8.0,88167.0,87697.0,88107.0
2024,6,29.063636363636366,28.8,29.5,54.87012987012987,50.0,57.0,1015.5207792207793,1015.1,1015.9,False,47.29480519480519,45.4,50.4,158.25974025974025,2.9428571428571426,4.5,HUL,36491.066666666666,38038.04761904762,30560.55,29281.0,33748.0,24902.0,249966.16666666666,6.0,,,,7.0,,,,,,3.0,,,,,,281.75,,,,,,287.0,,,,,,96071.375,,,,,,88146.0,,,0,2,HUL,9.0,88383.0,88200.0,88146.0
2024,6,29.063636363636366,28.8,29.5,54.87012987012987,50.0,57.0,1015.5207792207793,1015.1,1015.9,False,47.29480519480519,45.4,50.4,158.25974025974025,2.9428571428571426,4.5,LEC,35086.066666666666,39239.04761904762,30911.15,28793.0,33524.0,24949.0,241686.5,6.0,,,,7.0,,,,,,2.875,,,,,,282.125,,,,,,283.0,,,,,,93668.375,,,,,,87382.0,,,0,2,LEC,2.0,88081.0,87533.0,87382.0
2024,6,29.063636363636366,28.8,29.5,54.87012987012987,50.0,57.0,1015.5207792207793,1015.1,1015.9,False,47.29480519480519,45.4,50.4,158.25974025974025,2.9428571428571426,4.5,MAG,39328.857142857145,39959.333333333336,34239.77777777778,29510.0,33725.0,25126.0,113519.0,2.0,,,,3.0,,,,,,3.25,,,,,,282.0,,,,,,286.0,,,,,,103240.0,,,,,,88619.0,,,0,2,MAG,19.0,88619.0,,
2024,6,29.063636363636366,28.8,29.5,54.87012987012987,50.0,57.0,1015.5207792207793,1015.1,1015.9,False,47.29480519480519,45.4,50.4,158.25974025974025,2.9428571428571426,4.5,NOR,34047.2,39178.23809523809,30368.4,28928.0,33585.0,24950.0,288881.8,5.0,,,5.0,6.0,,,,,3.5,3.142857142857143,,,,,283.5,270.14285714285717,,,,,284.0,286.0,,,,,87939.5,96737.85714285714,,,,,87822.0,87594.0,,,0,2,NOR,5.0,87913.0,87871.0,87594.0
2024,6,29.063636363636366,28.8,29.5,54.87012987012987,50.0,57.0,1015.5207792207793,1015.1,1015.9,False,47.29480519480519,45.4,50.4,158.25974025974025,2.9428571428571426,4.5,OCO,32929.0,38741.53333333333,33768.0,29280.0,33769.0,25065.0,230324.25,4.0,,,,5.0,,,,,,2.0,,,,,,284.2,,,,,,285.0,,,,,,88473.0,,,,,,88209.0,,,0,2,OCO,13.0,88209.0,88371.0,
2024,6,29.063636363636366,28.8,29.5,54.87012987012987,50.0,57.0,1015.5207792207793,1015.1,1015.9,False,47.29480519480519,45.4,50.4,158.25974025974025,2.9428571428571426,4.5,PER,33405.083333333336,38796.444444444445,31479.70588235294,28850.0,33440.0,24852.0,341894.0,5.0,,,,6.0,,,,,,3.0,,,,,,284.1666666666667,,,,,,285.0,,,,,,87892.0,,,,,,87460.0,,,0,2,PER,4.0,87772.0,87839.0,87460.0
2024,6,29.063636363636366,28.8,29.5,54.87012987012987,50.0,57.0,1015.5207792207793,1015.1,1015.9,False,47.29480519480519,45.4,50.4,158.25974025974025,2.9428571428571426,4.5,PIA,37181.230769230766,39475.10526315789,33375.11111111111,28930.0,33530.0,24981.0,261021.83333333334,6.0,,,,7.0,,,,,,2.6666666666666665,,,,,,283.3333333333333,,,,,,284.0,,,,,,97760.33333333333,,,,,,87675.0,,,0,2,PIA,6.0,88032.0,87721.0,87675.0
2024,6,29.063636363636366,28.8,29.5,54.87012987012987,50.0,57.0,1015.5207792207793,1015.1,1015.9,False,47.29480519480519,45.4,50.4,158.25974025974025,2.9428571428571426,4.5,RIC,36650.142857142855,39636.11111111111,33680.333333333336,29525.0,33727.0,25248.0,109256.0,2.0,,,,3.0,,,,,,3.25,,,,,,281.25,,,,,,283.0,,,,,,99001.0,,,,,,88617.0,,,0,2,RIC,18.0,88617.0,,
2024,6,29.063636363636366,28.8,29.5,54.87012987012987,50.0,57.0,1015.5207792207793,1015.1,1015.9,False,47.29480519480519,45.4,50.4,158.25974025974025,2.9428571428571426,4.5,RUS,34755.78571428572,39339.52380952381,30784.95,29125.0,33678.0,25020.0,251408.66666666666,6.0,,,7.0,6.0,,,,,2.0,3.3333333333333335,,,,,285.0,283.0,,,,,285.0,284.0,,,,,88096.0,88260.66666666667,,,,,88096.0,88067.0,,,0,2,RUS,7.0,88159.0,88095.0,88067.0
2024,6,29.063636363636366,28.8,29.5,54.87012987012987,50.0,57.0,1015.5207792207793,1015.1,1015.9,False,47.29480519480519,45.4,50.4,158.25974025974025,2.9428571428571426,4.5,SAI,34279.92857142857,38658.666666666664,33511.6,28874.0,33571.0,24936.0,241477.66666666666,6.0,,,,7.0,,,,,,4.142857142857143,,,,,,283.14285714285717,,,,,,285.0,,,,,,87966.71428571429,,,,,,87455.0,,,0,2,SAI,3.0,87937.0,87941.0,87455.0
2024,6,29.063636363636366,28.8,29.5,54.87012987012987,50.0,57.0,1015.5207792207793,1015.1,1015.9,False,47.29480519480519,45.4,50.4,158.25974025974025,2.9428571428571426,4.5,SAR,34319.6,38011.875,31776.0,29724.0,33736.0,24944.0,179492.0,2.0,,,,3.0,,,,,,2.0,,,,,,285.5,,,,,,287.0,,,,,,88553.0,,,,,,88487.0,,,0,2,SAR,17.0,88487.0,,
2024,6,29.063636363636366,28.8,29.5,54.87012987012987,50.0,57.0,1015.5207792207793,1015.1,1015.9,False,47.29480519480519,45.4,50.4,158.25974025974025,2.9428571428571426,4.5,STR,35720.0,38987.933333333334,33874.4,29271.0,33783.0,24949.0,272646.3333333333,3.0,,,,4.0,,,,,,2.857142857142857,,,,,,273.57142857142856,,,,,,283.0,,,,,,95632.85714285714,,,,,,88177.0,,,0,2,STR,11.0,88177.0,88222.0,
2024,6,29.063636363636366,28.8,29.5,54.87012987012987,50.0,57.0,1015.5207792207793,1015.1,1015.9,False,47.29480519480519,45.4,50.4,158.25974025974025,2.9428571428571426,4.5,TSU,34090.666666666664,39653.619047619046,31564.85,29270.0,33689.0,25072.0,268702.20000000007,5.0,,,,6.0,,,,,,3.0,,,,,,266.44444444444446,,,,,,283.0,,,,,,96239.77777777778,,,,,,88167.0,,,0,2,TSU,10.0,88324.0,88167.0,88192.0
2024,6,29.063636363636366,28.8,29.5,54.87012987012987,50.0,57.0,1015.5207792207793,1015.1,1015.9,False,47.29480519480519,45.4,50.4,158.25974025974025,2.9428571428571426,4.5,VER,33547.333333333336,38548.833333333336,31154.176470588234,28783.0,33467.0,24875.0,300525.8,5.0,,,,6.0,,,,,,3.0,,,,,,283.6666666666667,,,,,,285.0,,,,,,87653.5,,,,,,87241.0,,,0,2,VER,1.0,87689.0,87566.0,87241.0
2024,6,29.063636363636366,28.8,29.5,54.87012987012987,50.0,57.0,1015.5207792207793,1015.1,1015.9,False,47.29480519480519,45.4,50.4,158.25974025974025,2.9428571428571426,4.5,ZHO,32934.333333333336,37887.555555555555,32482.88888888889,29624.0,33903.0,25196.0,143259.0,2.0,,,,3.0,,,,,,2.0,,,,,,284.3333333333333,,,,,,286.0,,,,,,89297.33333333333,,,,,,88824.0,,,0,2,ZHO,20.0,88824.0,,
2024,7,24.188,23.9,24.6,43.25333333333333,41.0,46.0,1008.0146666666667,1007.7,1008.3,False,41.55866666666667,39.7,43.8,128.85333333333332,2.8986666666666667,4.2,ALB,27565.5,31189.166666666668,30562.583333333332,23970.0,26489.0,25741.0,341133.3333333333,3.0,,,,4.0,,,,,,2.75,,,,,,280.75,,,,,,285.0,,,,,,76764.75,,,,,,76200.0,,,0,2,ALB,14.0,76524.0,76200.0,
2024,7,24.188,23.9,24.6,43.25333333333333,41.0,46.0,1008.0146666666667,1007.7,1008.3,False,41.55866666666667,39.7,43.8,128.85333333333332,2.8986666666666667,4.2,ALO,39553.5,32433.0,34287.142857142855,24191.0,26563.0,26163.0,41225.5,2.0,,,,3.0,,,,,,1.3333333333333333,,,,,,284.0,,,,,,286.0,,,,,,112877.33333333333,,,,,,76917.0,,,0,2,ALO,19.0,76917.0,,
2024,7,24.188,23.9,24.6,43.25333333333333,41.0,46.0,1008.0146666666667,1007.7,1008.3,False,41.55866666666667,39.7,43.8,128.85333333333332,2.8986666666666667,4.2,BOT,27544.5,31527.333333333332,31315.333333333332,24225.0,26471.0,25761.0,174977.0,1.0,,,,2.0,,,,,,2.0,,,,,,283.5,,,,,,284.0,,,,,,76681.0,,,,,,76626.0,,,0,2,BOT,16.0,76626.0,,
2024,7,24.188,23.9,24.6,43.25333333333333,41.0,46.0,1008.0146666666667,1007.7,1008.3,False,41.55866666666667,39.7,43.8,128.85333333333332,2.8986666666666667,4.2,GAS,27239.11111111111,31597.928571428572,31525.285714285714,24022.0,26211.0,25661.0,288044.0,4.0,,,,5.0,,,,,,2.5,,,,,,281.5,,,,,,283.0,,,,,,76490.75,,,,,,76015.0,,,0,2,GAS,15.0,76015.0,76381.0,
2024,7,24.188,23.9,24.6,43.25333333333333,41.0,46.0,1008.0146666666667,1007.7,1008.3,False,41.55866666666667,39.7,43.8,128.85333333333332,2.8986666666666667,4.2,HAM,27198.846153846152,31732.5,31049.57894736842,23870.0,26146.0,25474.0,304105.3333333333,6.0,,,,7.0,,,,,,3.6666666666666665,,,,,,283.1666666666667,,,,,,284.0,,,,,,76099.16666666667,,,,,,75504.0,,,0,2,HAM,8.0,76604.0,75677.0,75504.0
2024,7,24.188,23.9,24.6,43.25333333333333,41.0,46.0,1008.0146666666667,1007.7,1008.3,False,41.55866666666667,39.7,43.8,128.85333333333332,2.8986666666666667,4.2,HUL,31028.533333333333,30051.380952380954,30738.2,23895.0,26087.0,25565.0,295539.83333333326,6.0,,,,7.0,,,,,,2.857142857142857,,,,,,285.42857142857144,,,,,,287.0,,,,,,76301.14285714286,,,,,,75569.0,,,0,2,HUL,10.0,75841.0,75569.0,75980.0
2024,7,24.188,23.9,24.6,43.25333333333333,41.0,46.0,1008.0146666666667,1007.7,1008.3,False,41.55866666666667,39.7,43.8,128.85333333333332,2.8986666666666667,4.2,LEC,29661.4,31402.666666666668,30557.05,23725.0,25935.0,25243.0,314903.3999999999,5.0,,,2.0,6.0,,,,,4.4,2.0,,,,,261.8,285.0,,,,,285.0,286.0,,,,,90853.6,75207.0,,,,,75823.0,74970.0,,,0,2,LEC,4.0,75823.0,75328.0,74970.0
2024,7,24.188,23.9,24.6,43.25333333333333,41.0,46.0,1008.0146666666667,1007.7,1008.3,False,41.55866666666667,39.7,43.8,128.85333333333332,2.8986666666666667,4.2,MAG,29248.0,32012.75,31406.375,24177.0,26651.0,25901.0,148444.0,2.0,,,,2.0,,,,,,3.5,,,,,,284.5,,,,,,285.0,,,,,,76918.5,,,,,,76854.0,,,0,2,MAG,18.0,76854.0,,
2024,7,24.188,23.9,24.6,43.25333333333333,41.0,46.0,1008.0146666666667,1007.7,1008.3,False,41.55866666666667,39.7,43.8,128.85333333333332,2.8986666666666667,4.2,NOR,30066.76923076923,31390.947368421053,30802.222222222223,23649.0,25983.0,25163.0,301737.0,6.0,,,,7.0,,,,,,3.142857142857143,,,,,,285.0,,,,,,286.0,,,,,,82392.28571428571,,,,,,74837.0,,,0,2,NOR,3.0,75915.0,75371.0,74837.0
2024,7,24.188,23.9,24.6,43.25333333333333,41.0,46.0,1008.0146666666667,1007.7,1008.3,False,41.55866666666667,39.7,43.8,128.85333333333332,2.8986666666666667,4.2,OCO,27788.1,31136.6,31276.133333333335,24088.0,26211.0,25607.0,259608.25,4.0,,,,5.0,,,,,,2.6,,,,,,282.6,,,,,,283.0,,,,,,76394.4,,,,,,75906.0,,,0,2,OCO,12.0,76361.0,75906.0,
2024,7,24.188,23.9,24.6,43.25333333333333,41.0,46.0,1008.0146666666667,1007.7,1008.3,False,41.55866666666667,39.7,43.8,128.85333333333332,2.8986666666666667,4.2,PER,28447.833333333332,32318.1,33701.1,23917.0,26240.0,25535.0,450448.6666666667,3.0,,,,4.0,,,,,,2.3333333333333335,,,,,,286.6666666666667,,,,,,287.0,,,,,,75987.66666666667,,,,,,75706.0,,,0,2,PER,11.0,76404.0,75706.0,
2024,7,24.188,23.9,24.6,43.25333333333333,41.0,46.0,1008.0146666666667,1007.7,1008.3,False,41.55866666666667,39.7,43.8,128.85333333333332,2.8986666666666667,4.2,PIA,27605.555555555555,31515.133333333335,32033.214285714286,23608.0,25921.0,25227.0,402122.6,5.0,,,,6.0,,,,,,2.0,,,,,,286.75,,,,,,287.0,,,,,,75328.75,,,,,,74820.0,,,0,2,PIA,2.0,75940.0,75407.0,74820.0
2024,7,24.188,23.9,24.6,43.25333333333333,41.0,46.0,1008.0146666666667,1007.7,1008.3,False,41.55866666666667,39.7,43.8,128.85333333333332,2.8986666666666667,4.2,RIC,28290.9,32010.133333333335,30651.35714285714,23884.0,26214.0,25411.0,462495.4999999999,4.0,,,,5.0,,,,,,2.0,,,,,,285.0,,,,,,286.0,,,,,,76031.8,,,,,,75674.0,,,0,2,RIC,9.0,76060.0,75691.0,75674.0
2024,7,24.188,23.9,24.6,43.25333333333333,41.0,46.0,1008.0146666666667,1007.7,1008.3,False,41.55866666666667,39.7,43.8,128.85333333333332,2.8986666666666667,4.2,RUS,28923.636363636364,31368.0,31914.176470588234,23632.0,26101.0,25451.0,334401.1666666667,6.0,,,,7.0,,,,,,2.8,,,,,,282.8,,,,,,284.0,,,,,,75720.8,,,,,,75234.0,,,0,2,RUS,6.0,76107.0,75671.0,75234.0
2024,7,24.188,23.9,24.6,43.25333333333333,41.0,46.0,1008.0146666666667,1007.7,1008.3,False,41.55866666666667,39.7,43.8,128.85333333333332,2.8986666666666667,4.2,SAI,30970.64285714286,32218.45,31352.63157894737,23793.0,26139.0,25301.0,323299.20000000007,5.0,,,1.0,6.0,,,,,3.5,2.0,,,,,273.75,285.0,,,,,286.0,286.0,,,,,94533.5,75457.5,,,,,76015.0,75233.0,,,0,2,SAI,5.0,76015.0,75512.0,75233.0
2024,7,24.188,23.9,24.6,43.25333333333333,41.0,46.0,1008.0146666666667,1007.7,1008.3,False,41.55866666666667,39.7,43.8,128.85333333333332,2.8986666666666667,4.2,SAR,28029.75,30858.428571428572,32416.25,24130.0,26660.0,25941.0,187205.5,2.0,,,,3.0,,,,,,2.0,,,,,,285.5,,,,,,287.0,,,,,,76959.5,,,,,,76731.0,,,0,2,SAR,20.0,,,
2024,7,24.188,23.9,24.6,43.25333333333333,41.0,46.0,1008.0146666666667,1007.7,1008.3,False,41.55866666666667,39.7,43.8,128.85333333333332,2.8986666666666667,4.2,STR,31865.18181818182,31300.533333333333,31401.133333333335,23952.0,26200.0,25840.0,258894.5,4.0,,,,5.0,,,,,,2.3333333333333335,,,,,,283.3333333333333,,,,,,285.0,,,,,,87257.66666666667,,,,,,75992.0,,,0,2,STR,13.0,76458.0,75992.0,
2024,7,24.188,23.9,24.6,43.25333333333333,41.0,46.0,1008.0146666666667,1007.7,1008.3,False,41.55866666666667,39.7,43.8,128.85333333333332,2.8986666666666667,4.2,TSU,26559.4,32036.533333333333,30579.64285714286,23663.0,26063.0,25489.0,478137.7500000001,4.0,,,,5.0,,,,,,2.0,,,,,,284.0,,,,,,285.0,,,,,,75688.2,,,,,,75358.0,,,0,2,TSU,7.0,75894.0,75358.0,75465.0
2024,7,24.188,23.9,24.6,43.25333333333333,41.0,46.0,1008.0146666666667,1007.7,1008.3,False,41.55866666666667,39.7,43.8,128.85333333333332,2.8986666666666667,4.2,VER,27518.833333333332,32290.333333333332,30209.764705882353,23408.0,25922.0,25390.0,360865.2,5.0,,,,6.0,,,,,,3.0,,,,,,284.6666666666667,,,,,,287.0,,,,,,75325.33333333333,,,,,,74746.0,,,0,2,VER,1.0,75762.0,75176.0,74746.0
2024,7,24.188,23.9,24.6,43.25333333333333,41.0,46.0,1008.0146666666667,1007.7,1008.3,False,41.55866666666667,39.7,43.8,128.85333333333332,2.8986666666666667,4.2,ZHO,34242.0,32501.88888888889,33183.88888888889,24202.0,26649.0,25983.0,90737.0,3.0,,,,4.0,,,,,,3.6666666666666665,,,,,,282.6666666666667,,,,,,284.0,,,,,,93216.33333333333,,,,,,76834.0,,,0,2,ZHO,17.0,76834.0,,
2024,8,21.242105263157896,20.7,21.6,60.85526315789474,57.0,65.0,1016.8657894736842,1016.7,1017.1,False,44.72631578947368,42.1,49.0,239.26315789473685,1.1421052631578947,2.1,ALB,23173.896551724138,39506.862068965514,24319.36,18487.0,33597.0,18864.0,190265.2,5.0,,,,6.0,,,,,,3.1739130434782608,,,,,,267.1304347826087,,,,,,270.0,,,,,,85188.34782608696,,,,,,70948.0,,,0,3,ALB,9.0,71623.0,71216.0,70948.0
2024,8,21.242105263157896,20.7,21.6,60.85526315789474,57.0,65.0,1016.8657894736842,1016.7,1017.1,False,44.72631578947368,42.1,49.0,239.26315789473685,1.1421052631578947,2.1,ALO,23853.454545454544,39572.545454545456,22638.777777777777,18784.0,33959.0,19119.0,124828.0,1.0,,,,2.0,,,,,,2.7777777777777777,,,,,,270.44444444444446,,,,,,273.0,,,,,,85249.0,,,,,,72019.0,,,0,3,ALO,14.0,72019.0,,
2024,8,21.242105263157896,20.7,21.6,60.85526315789474,57.0,65.0,1016.8657894736842,1016.7,1017.1,False,44.72631578947368,42.1,49.0,239.26315789473685,1.1421052631578947,2.1,BOT,24757.636363636364,39901.818181818184,26462.0,19052.0,34008.0,19323.0,103773.0,1.0,,,,2.0,,,,,,2.7777777777777777,,,,,,268.44444444444446,,,,,,269.0,,,,,,91619.66666666667,,,,,,72512.0,,,0,3,BOT,17.0,72512.0,,
2024,8,21.242105263157896,20.7,21.6,60.85526315789474,57.0,65.0,1016.8657894736842,1016.7,1017.1,False,44.72631578947368,42.1,49.0,239.26315789473685,1.1421052631578947,2.1,GAS,24971.7,39609.8,22284.958333333332,18481.0,33401.0,18962.0,223935.4,5.0,,,,6.0,,,,,,3.1666666666666665,,,,,,254.75,,,,,,268.0,,,,,,85561.54166666667,,,,,,70896.0,,,0,3,GAS,10.0,71714.0,70896.0,71311.0
2024,8,21.242105263157896,20.7,21.6,60.85526315789474,57.0,65.0,1016.8657894736842,1016.7,1017.1,False,44.72631578947368,42.1,49.0,239.26315789473685,1.1421052631578947,2.1,HAM,24219.071428571428,39722.57142857143,24238.125,18372.0,33439.0,18810.0,211275.6666666666,6.0,,,,7.0,,,,,,3.2857142857142856,,,,,,264.95238095238096,,,,,,272.0,,,,,,83660.14285714286,,,,,,70621.0,,,0,3,HAM,7.0,71528.0,71056.0,70621.0
2024,8,21.242105263157896,20.7,21.6,60.85526315789474,57.0,65.0,1016.8657894736842,1016.7,1017.1,False,44.72631578947368,42.1,49.0,239.26315789473685,1.1421052631578947,2.1,HUL,23290.65,39450.3,22051.25,18670.0,33631.0,19139.0,204330.0,3.0,,,,4.0,,,,,,2.5625,,,,,,267.0,,,,,,272.0,,,,,,84589.8125,,,,,,71440.0,,,0,3,HUL,14.0,71876.0,71440.0,
2024,8,21.242105263157896,20.7,21.6,60.85526315789474,57.0,65.0,1016.8657894736842,1016.7,1017.1,False,44.72631578947368,42.1,49.0,239.26315789473685,1.1421052631578947,2.1,LEC,23568.346153846152,38207.11538461538,24266.190476190477,18386.0,33174.0,18710.0,265093.8,5.0,,,,6.0,,,,,,3.3,,,,,,268.75,,,,,,270.0,,,,,,83709.8,,,,,,70270.0,,,0,3,LEC,1.0,71584.0,70825.0,70270.0
2024,8,21.242105263157896,20.7,21.6,60.85526315789474,57.0,65.0,1016.8657894736842,1016.7,1017.1,False,44.72631578947368,42.1,49.0,239.26315789473685,1.1421052631578947,2.1,MAG,25223.833333333332,40967.666666666664,28480.8,18658.0,33812.0,19093.0,242826.33333333334,3.0,,,,4.0,,,,,,2.4285714285714284,,,,,,268.7142857142857,,,,,,274.0,,,,,,88190.0,,,,,,71725.0,,,0,3,MAG,15.0,71832.0,71725.0,
2024,8,21.242105263157896,20.7,21.6,60.85526315789474,57.0,65.0,1016.8657894736842,1016.7,1017.1,False,44.72631578947368,42.1,49.0,239.26315789473685,1.1421052631578947,2.1,NOR,23011.814814814814,38793.96296296296,25108.636363636364,18432.0,33340.0,18736.0,234026.66666666666,6.0,,,,7.0,,,,,,3.05,,,,,,266.35,,,,,,269.0,,,,,,84392.75,,,,,,70542.0,,,0,3,NOR,4.0,71760.0,70732.0,70542.0
2024,8,21.242105263157896,20.7,21.6,60.85526315789474,57.0,65.0,1016.8657894736842,1016.7,1017.1,False,44.72631578947368,42.1,49.0,239.26315789473685,1.1421052631578947,2.1,OCO,24395.1,38523.9,23615.9375,18701.0,33539.0,19045.0,195415.66666666666,3.0,,,,4.0,,,,,,2.75,,,,,,267.125,,,,,,270.0,,,,,,87454.5,,,,,,71285.0,,,0,3,OCO,11.0,71887.0,71285.0,
2024,8,21.242105263157896,20.7,21.6,60.85526315789474,57.0,65.0,1016.8657894736842,1016.7,1017.1,False,44.72631578947368,42.1,49.0,239.26315789473685,1.1421052631578947,2.1,PER,25606.333333333332,39694.833333333336,30796.272727272728,18830.0,33948.0,19236.0,80775.0,1.0,,,,2.0,,,,,,3.1,,,,,,267.7,,,,,,270.0,,,,,,88602.1,,,,,,72060.0,,,0,3,PER,16.0,72060.0,,
2024,8,21.242105263157896,20.7,21.6,60.85526315789474,57.0,65.0,1016.8657894736842,1016.7,1017.1,False,44.72631578947368,42.1,49.0,239.26315789473685,1.1421052631578947,2.1,PIA,24091.916666666668,39138.416666666664,22851.166666666668,18303.0,33156.0,18741.0,318408.6000000001,5.0,,,,6.0,,,,,,2.7222222222222223,,,,,,266.44444444444446,,,,,,269.0,,,,,,85396.44444444444,,,,,,70424.0,,,0,3,PIA,2.0,71500.0,70756.0,70424.0
2024,8,21.242105263157896,20.7,21.6,60.85526315789474,57.0,65.0,1016.8657894736842,1016.7,1017.1,False,44.72631578947368,42.1,49.0,239.26315789473685,1.1421052631578947,2.1,RIC,24225.2,39238.1,23862.470588235294,18770.0,33705.0,19007.0,214803.0,3.0,,,,4.0,,,,,,2.823529411764706,,,,,,259.6470588235294,,,,,,268.0,,,,,,88310.17647058824,,,,,,71482.0,,,0,3,RIC,12.0,71785.0,71482.0,
2024,8,21.242105263157896,20.7,21.6,60.85526315789474,57.0,65.0,1016.8657894736842,1016.7,1017.1,False,44.72631578947368,42.1,49.0,239.26315789473685,1.1421052631578947,2.1,RUS,23461.85714285714,40311.5,25541.583333333332,18244.0,33462.0,18837.0,209288.66666666666,6.0,,,,7.0,,,,,,3.0952380952380953,,,,,,269.0,,,,,,272.0,,,,,,85537.61904761905,,,,,,70543.0,,,0,3,RUS,5.0,71492.0,70929.0,70543.0
2024,8,21.242105263157896,20.7,21.6,60.85526315789474,57.0,65.0,1016.8657894736842,1016.7,1017.1,False,44.72631578947368,42.1,49.0,239.26315789473685,1.1421052631578947,2.1,SAI,24764.59259259259,40226.892857142855,24444.82608695652,18494.0,33241.0,18783.0,212023.8000000001,5.0,,,,6.0,,,,,,2.857142857142857,,,,,,255.38095238095238,,,,,,270.0,,,,,,87023.76190476191,,,,,,70518.0,,,0,3,SAI,3.0,71543.0,71075.0,70518.0
2024,8,21.242105263157896,20.7,21.6,60.85526315789474,57.0,65.0,1016.8657894736842,1016.7,1017.1,False,44.72631578947368,42.1,49.0,239.26315789473685,1.1421052631578947,2.1,SAR,22541.25,39724.5,25311.8,18800.0,34068.0,19151.0,119564.0,1.0,,,,2.0,,,,,,3.0,,,,,,267.1,,,,,,270.0,,,,,,86852.9,,,,,,72020.0,,,0,3,SAR,15.0,72020.0,,
2024,8,21.242105263157896,20.7,21.6,60.85526315789474,57.0,65.0,1016.8657894736842,1016.7,1017.1,False,44.72631578947368,42.1,49.0,239.26315789473685,1.1421052631578947,2.1,STR,25374.41176470588,39373.117647058825,24446.46153846154,18542.0,33773.0,19102.0,302482.0,3.0,,,,4.0,,,,,,2.3846153846153846,,,,,,270.0,,,,,,272.0,,,,,,87593.84615384616,,,,,,71563.0,,,0,3,STR,13.0,71728.0,71563.0,
2024,8,21.242105263157896,20.7,21.6,60.85526315789474,57.0,65.0,1016.8657894736842,1016.7,1017.1,False,44.72631578947368,42.1,49.0,239.26315789473685,1.1421052631578947,2.1,TSU,24805.96,39383.0,22190.842105263157,18595.0,33470.0,18793.0,294373.1999999999,5.0,,,,6.0,,,,,,2.8421052631578947,,,,,,257.7894736842105,,,,,,268.0,,,,,,85922.21052631579,,,,,,70858.0,,,0,3,TSU,8.0,71852.0,71106.0,70858.0
2024,8,21.242105263157896,20.7,21.6,60.85526315789474,57.0,65.0,1016.8657894736842,1016.7,1017.1,False,44.72631578947368,42.1,49.0,239.26315789473685,1.1421052631578947,2.1,VER,23537.785714285714,39280.142857142855,23614.08695652174,18255.0,33424.0,18888.0,286634.0000000001,4.0,,,,5.0,,,,,,3.9565217391304346,,,,,,265.5652173913044,,,,,,270.0,,,,,,86622.47826086957,,,,,,70567.0,,,0,3,VER,6.0,71711.0,70745.0,70567.0
2024,8,21.242105263157896,20.7,21.6,60.85526315789474,57.0,65.0,1016.8657894736842,1016.7,1017.1,False,44.72631578947368,42.1,49.0,239.26315789473685,1.1421052631578947,2.1,ZHO,23777.454545454544,40314.818181818184,24644.444444444445,19387.0,34172.0,19469.0,159785.0,1.0,,,,2.0,,,,,,2.7777777777777777,,,,,,267.44444444444446,,,,,,269.0,,,,,,89128.66666666667,,,,,,73028.0,,,0,3,ZHO,18.0,73028.0,,
2024,9,20.553846153846155,20.1,21.0,66.88461538461539,61.0,71.0,1000.7628205128206,1000.5,1001.0,True,31.116666666666667,29.7,33.7,160.5,1.8564102564102565,3.1,ALB,26341.69230769231,27159.076923076922,33299.0,20239.0,22967.0,29279.0,268075.4,5.0,,,,6.0,,,,,,3.05,,,,,,292.5,,,,,,296.0,,,,,,86750.5,,,,,,72485.0,,,0,4,ALB,10.0,72896.0,72485.0,72796.0
2024,9,20.553846153846155,20.1,21.0,66.88461538461539,61.0,71.0,1000.7628205128206,1000.5,1001.0,True,31.116666666666667,29.7,33.7,160.5,1.8564102564102565,3.1,ALO,26855.91304347826,25471.17391304348,34896.64705882353,20108.0,22972.0,29148.0,333359.2,5.0,,,,6.0,,,,,,2.823529411764706,,,,,,294.47058823529414,,,,,,297.0,,,,,,88479.4705882353,,,,,,72228.0,,,0,4,ALO,6.0,73117.0,72635.0,72228.0
2024,9,20.553846153846155,20.1,21.0,66.88461538461539,61.0,71.0,1000.7628205128206,1000.5,1001.0,True,31.116666666666667,29.7,33.7,160.5,1.8564102564102565,3.1,BOT,25296.3,26789.6,38412.25,20605.0,23377.0,29384.0,66654.0,2.0,,,,3.0,,,,,,2.5714285714285716,,,,,,293.14285714285717,,,,,,295.0,,,,,,89873.42857142857,,,,,,73366.0,,,0,4,BOT,17.0,73366.0,,
2024,9,20.553846153846155,20.1,21.0,66.88461538461539,61.0,71.0,1000.7628205128206,1000.5,1001.0,True,31.116666666666667,29.7,33.7,160.5,1.8564102564102565,3.1,GAS,25180.70588235294,26470.055555555555,34378.07142857143,20445.0,23100.0,29395.0,303315.3333333333,3.0,,,,4.0,,,,,,3.5384615384615383,,,,,,289.3076923076923,,,,,,294.0,,,,,,85801.61538461539,,,,,,72940.0,,,0,4,GAS,15.0,73289.0,72940.0,
2024,9,20.553846153846155,20.1,21.0,66.88461538461539,61.0,71.0,1000.7628205128206,1000.5,1001.0,True,31.116666666666667,29.7,33.7,160.5,1.8564102564102565,3.1,HAM,25070.4,26816.26923076923,34059.142857142855,20121.0,22642.0,29216.0,277326.5999999999,5.0,,,,6.0,,,,,,3.789473684210526,,,,,,287.36842105263156,,,,,,296.0,,,,,,84715.57894736843,,,,,,71979.0,,,0,4,HAM,7.0,72851.0,71979.0,72280.0
2024,9,20.553846153846155,20.1,21.0,66.88461538461539,61.0,71.0,1000.7628205128206,1000.5,1001.0,True,31.116666666666667,29.7,33.7,160.5,1.8564102564102565,3.1,HUL,25288.0,26110.8,36285.5,20713.0,23428.0,29594.0,106579.0,1.0,,,,2.0,,,,,,2.5,,,,,,292.5,,,,,,297.0,,,,,,88021.625,,,,,,73978.0,,,0,4,HUL,19.0,73978.0,,
2024,9,20.553846153846155,20.1,21.0,66.88461538461539,61.0,71.0,1000.7628205128206,1000.5,1001.0,True,31.116666666666667,29.7,33.7,160.5,1.8564102564102565,3.1,LEC,26591.14285714286,26303.14285714286,36125.15789473684,20249.0,23037.0,29159.0,156648.33333333334,3.0,,,,4.0,,,,,,3.5294117647058822,,,,,,290.52941176470586,,,,,,295.0,,,,,,87442.82352941176,,,,,,72691.0,,,0,4,LEC,11.0,73107.0,72691.0,
2024,9,20.553846153846155,20.1,21.0,66.88461538461539,61.0,71.0,1000.7628205128206,1000.5,1001.0,True,31.116666666666667,29.7,33.7,160.5,1.8564102564102565,3.1,MAG,25824.1875,26374.1875,35011.583333333336,20431.0,23164.0,29321.0,313962.3333333333,3.0,,,,4.0,,,,,,2.5833333333333335,,,,,,294.9166666666667,,,,,,297.0,,,,,,87924.58333333333,,,,,,72916.0,,,0,4,MAG,14.0,73217.0,72916.0,
2024,9,20.553846153846155,20.1,21.0,66.88461538461539,61.0,71.0,1000.7628205128206,1000.5,1001.0,True,31.116666666666667,29.7,33.7,160.5,1.8564102564102565,3.1,NOR,25685.0,25833.08,33424.95,20149.0,22776.0,29096.0,314622.79999999993,5.0,,,,6.0,,,,,,3.1578947368421053,,,,,,293.89473684210526,,,,,,296.0,,,,,,83712.68421052632,,,,,,72021.0,,,0,4,NOR,3.0,72959.0,72201.0,72021.0
2024,9,20.553846153846155,20.1,21.0,66.88461538461539,61.0,71.0,1000.7628205128206,1000.5,1001.0,True,31.116666666666667,29.7,33.7,160.5,1.8564102564102565,3.1,OCO,25095.5,26626.272727272728,35850.555555555555,20674.0,23231.0,29436.0,183425.0,1.0,,,,2.0,,,,,,3.0,,,,,,292.125,,,,,,294.0,,,,,,86538.625,,,,,,73435.0,,,0,4,OCO,18.0,73435.0,,
2024,9,20.553846153846155,20.1,21.0,66.88461538461539,61.0,71.0,1000.7628205128206,1000.5,1001.0,True,31.116666666666667,29.7,33.7,160.5,1.8564102564102565,3.1,PER,28234.909090909092,27018.81818181818,36152.22222222222,20678.0,23300.0,29348.0,109207.0,1.0,,,,2.0,,,,,,3.4444444444444446,,,,,,267.22222222222223,,,,,,297.0,,,,,,92783.44444444444,,,,,,73326.0,,,0,4,PER,16.0,73326.0,,
2024,9,20.553846153846155,20.1,21.0,66.88461538461539,61.0,71.0,1000.7628205128206,1000.5,1001.0,True,31.116666666666667,29.7,33.7,160.5,1.8564102564102565,3.1,PIA,27062.379310344826,27093.931034482757,34509.75,20155.0,22792.0,29056.0,220012.6,5.0,,,,6.0,,,,,,3.8260869565217392,,,,,,293.04347826086956,,,,,,296.0,,,,,,87470.78260869565,,,,,,72103.0,,,0,4,PIA,4.0,72907.0,72462.0,72103.0
2024,9,20.553846153846155,20.1,21.0,66.88461538461539,61.0,71.0,1000.7628205128206,1000.5,1001.0,True,31.116666666666667,29.7,33.7,160.5,1.8564102564102565,3.1,RIC,26053.48,25969.76,34715.47368421053,20115.0,22932.0,29131.0,287902.8,5.0,,,,6.0,,,,,,3.736842105263158,,,,,,295.2105263157895,,,,,,298.0,,,,,,87104.57894736843,,,,,,72178.0,,,0,4,RIC,5.0,73240.0,72572.0,72178.0
2024,9,20.553846153846155,20.1,21.0,66.88461538461539,61.0,71.0,1000.7628205128206,1000.5,1001.0,True,31.116666666666667,29.7,33.7,160.5,1.8564102564102565,3.1,RUS,23943.88,27191.923076923078,36266.86363636364,20057.0,22714.0,28971.0,279077.6,5.0,,,,6.0,,,,,,3.789473684210526,,,,,,288.1578947368421,,,,,,297.0,,,,,,83362.0,,,,,,71742.0,,,0,4,RUS,1.0,73013.0,71742.0,72000.0
2024,9,20.553846153846155,20.1,21.0,66.88461538461539,61.0,71.0,1000.7628205128206,1000.5,1001.0,True,31.116666666666667,29.7,33.7,160.5,1.8564102564102565,3.1,SAI,25992.409090909092,26614.909090909092,36211.4,20377.0,22965.0,29386.0,155148.66666666666,3.0,,,,4.0,,,,,,3.7222222222222223,,,,,,280.22222222222223,,,,,,296.0,,,,,,86935.27777777778,,,,,,72728.0,,,0,4,SAI,12.0,73038.0,72728.0,
2024,9,20.553846153846155,20.1,21.0,66.88461538461539,61.0,71.0,1000.7628205128206,1000.5,1001.0,True,31.116666666666667,29.7,33.7,160.5,1.8564102564102565,3.1,SAR,25667.68181818182,25921.772727272728,37900.78947368421,20368.0,22990.0,29267.0,190201.0,3.0,,,,4.0,,,,,,3.6666666666666665,,,,,,291.1666666666667,,,,,,296.0,,,,,,86946.22222222222,,,,,,72736.0,,,0,4,SAR,13.0,73063.0,72736.0,
2024,9,20.553846153846155,20.1,21.0,66.88461538461539,61.0,71.0,1000.7628205128206,1000.5,1001.0,True,31.116666666666667,29.7,33.7,160.5,1.8564102564102565,3.1,STR,27857.08,26204.88,33550.84210526316,20258.0,22963.0,29210.0,294909.6,5.0,,,,6.0,,,,,,3.1578947368421053,,,,,,294.5263157894737,,,,,,298.0,,,,,,87412.0,,,,,,72659.0,,,0,4,STR,9.0,73088.0,72659.0,72701.0
2024,9,20.553846153846155,20.1,21.0,66.88461538461539,61.0,71.0,1000.7628205128206,1000.5,1001.0,True,31.116666666666667,29.7,33.7,160.5,1.8564102564102565,3.1,TSU,26788.916666666668,26543.541666666668,33857.11111111111,20234.0,22880.0,29126.0,315039.0,5.0,,,,6.0,,,,,,3.7777777777777777,,,,,,290.3333333333333,,,,,,299.0,,,,,,86895.44444444444,,,,,,72303.0,,,0,4,TSU,8.0,72748.0,72303.0,72414.0
2024,9,20.553846153846155,20.1,21.0,66.88461538461539,61.0,71.0,1000.7628205128206,1000.5,1001.0,True,31.116666666666667,29.7,33.7,160.5,1.8564102564102565,3.1,VER,27663.0,27206.0,34774.09090909091,19987.0,22902.0,29090.0,271738.4,5.0,,,,6.0,,,,,,3.2857142857142856,,,,,,275.1904761904762,,,,,,296.0,,,,,,89296.66666666667,,,,,,72000.0,,,0,4,VER,2.0,72360.0,72549.0,72000.0
2024,9,20.553846153846155,20.1,21.0,66.88461538461539,61.0,71.0,1000.7628205128206,1000.5,1001.0,True,31.116666666666667,29.7,33.7,160.5,1.8564102564102565,3.1,ZHO,24515.2,27527.727272727272,33780.77777777778,20934.0,23588.0,29770.0,155677.0,1.0,,,,2.0,,,,,,3.0,,,,,,292.5,,,,,,296.0,,,,,,84634.375,,,,,,74292.0,,,0,4,ZHO,20.0,74292.0,,
2024,10,24.089473684210525,23.9,24.4,68.35526315789474,67.0,70.0,1003.7065789473684,1003.5,1003.9,False,36.53552631578947,34.8,38.0,194.8684210526316,1.361842105263158,2.5,ALB,25872.0,35560.833333333336,27530.166666666668,21767.0,29193.0,22141.0,167074.0,1.0,,,,2.0,,,,,,2.0,,,,,,283.0,,,,,,285.0,,,,,,73275.5,,,,,,73153.0,,,0,1,ALB,19.0,73153.0,,
2024,10,24.089473684210525,23.9,24.4,68.35526315789474,67.0,70.0,1003.7065789473684,1003.5,1003.9,False,36.53552631578947,34.8,38.0,194.8684210526316,1.361842105263158,2.5,ALO,26367.75,35857.416666666664,31793.083333333332,21583.0,28790.0,21755.0,327346.3333333333,3.0,,,,4.0,,,,,,2.0,,,,,,287.75,,,,,,289.0,,,,,,72582.75,,,,,,72128.0,,,0,1,ALO,11.0,72505.0,72128.0,
2024,10,24.089473684210525,23.9,24.4,68.35526315789474,67.0,70.0,1003.7065789473684,1003.5,1003.9,False,36.53552631578947,34.8,38.0,194.8684210526316,1.361842105263158,2.5,BOT,26417.375,35361.5,30930.5,21580.0,28843.0,21726.0,325037.3333333333,3.0,,,,4.0,,,,,,2.0,,,,,,291.25,,,,,,293.0,,,,,,72667.5,,,,,,72227.0,,,0,1,BOT,12.0,72758.0,72227.0,
2024,10,24.089473684210525,23.9,24.4,68.35526315789474,67.0,70.0,1003.7065789473684,1003.5,1003.9,False,36.53552631578947,34.8,38.0,194.8684210526316,1.361842105263158,2.5,GAS,25611.5,35776.72222222222,27214.058823529413,21547.0,28677.0,21633.0,316270.2,5.0,,,,6.0,,,,,,2.5,,,,,,290.1666666666667,,,,,,291.0,,,,,,72438.83333333333,,,,,,71857.0,,,0,1,GAS,7.0,72651.0,72079.0,71857.0
2024,10,24.089473684210525,23.9,24.4,68.35526315789474,67.0,70.0,1003.7065789473684,1003.5,1003.9,False,36.53552631578947,34.8,38.0,194.8684210526316,1.361842105263158,2.5,HAM,30150.30769230769,34440.055555555555,27572.29411764706,21456.0,28543.0,21659.0,361774.4,5.0,,,,6.0,,,,,,2.5,,,,,,292.3333333333333,,,,,,294.0,,,,,,72191.83333333333,,,,,,71701.0,,,0,1,HAM,3.0,72143.0,71792.0,71701.0
2024,10,24.089473684210525,23.9,24.4,68.35526315789474,67.0,70.0,1003.7065789473684,1003.5,1003.9,False,36.53552631578947,34.8,38.0,194.8684210526316,1.361842105263158,2.5,HUL,23636.0,34640.166666666664,30966.0,21555.0,28935.0,21780.0,321795.0,3.0,,,,4.0,,,,,,2.0,,,,,,290.5,,,,,,293.0,,,,,,72599.25,,,,,,72310.0,,,0,1,HUL,13.0,72708.0,72310.0,
2024,10,24.089473684210525,23.9,24.4,68.35526315789474,67.0,70.0,1003.7065789473684,1003.5,1003.9,False,36.53552631578947,34.8,38.0,194.8684210526316,1.361842105263158,2.5,LEC,24239.125,34420.5,26541.454545454544,21390.0,28672.0,21669.0,735616.0,3.0,,,,4.0,,,,,,2.0,,,,,,290.5,,,,,,292.0,,,,,,71993.75,,,,,,71731.0,,,0,1,LEC,5.0,72257.0,72038.0,71731.0
2024,10,24.089473684210525,23.9,24.4,68.35526315789474,67.0,70.0,1003.7065789473684,1003.5,1003.9,False,36.53552631578947,34.8,38.0,194.8684210526316,1.361842105263158,2.5,MAG,27391.0,37109.833333333336,25657.166666666668,21754.0,29170.0,22013.0,250790.0,1.0,,,,2.0,,,,,,2.0,,,,,,292.0,,,,,,293.0,,,,,,73231.5,,,,,,72937.0,,,0,1,MAG,16.0,72937.0,,
2024,10,24.089473684210525,23.9,24.4,68.35526315789474,67.0,70.0,1003.7065789473684,1003.5,1003.9,False,36.53552631578947,34.8,38.0,194.8684210526316,1.361842105263158,2.5,NOR,25145.25,35188.833333333336,31165.583333333332,21383.0,28402.0,21598.0,760825.0,3.0,,,,4.0,,,,,,2.0,,,,,,288.5,,,,,,291.0,,,,,,71859.25,,,,,,71383.0,,,0,1,NOR,1.0,72386.0,71872.0,71383.0
2024,10,24.089473684210525,23.9,24.4,68.35526315789474,67.0,70.0,1003.7065789473684,1003.5,1003.9,False,36.53552631578947,34.8,38.0,194.8684210526316,1.361842105263158,2.5,OCO,25821.583333333332,36180.666666666664,29251.882352941175,21608.0,28765.0,21698.0,329095.8,5.0,,,,6.0,,,,,,2.5,,,,,,290.6666666666667,,,,,,292.0,,,,,,72598.83333333333,,,,,,72109.0,,,0,1,OCO,9.0,72691.0,72109.0,72125.0
2024,10,24.089473684210525,23.9,24.4,68.35526315789474,67.0,70.0,1003.7065789473684,1003.5,1003.9,False,36.53552631578947,34.8,38.0,194.8684210526316,1.361842105263158,2.5,PER,26104.75,35209.333333333336,29440.352941176472,21494.0,28790.0,21725.0,348800.6,5.0,,,,6.0,,,,,,2.5,,,,,,291.6666666666667,,,,,,293.0,,,,,,72502.16666666667,,,,,,72054.0,,,0,1,PER,8.0,72477.0,72054.0,72061.0
2024,10,24.089473684210525,23.9,24.4,68.35526315789474,67.0,70.0,1003.7065789473684,1003.5,1003.9,False,36.53552631578947,34.8,38.0,194.8684210526316,1.361842105263158,2.5,PIA,26544.4,35184.5,30933.133333333335,21469.0,28694.0,21784.0,345385.6,5.0,,,,5.0,,,,,,2.5,,,,,,288.75,,,,,,289.0,,,,,,72513.25,,,,,,72011.0,,,0,1,PIA,10.0,72460.0,72011.0,
2024,10,24.089473684210525,23.9,24.4,68.35526315789474,67.0,70.0,1003.7065789473684,1003.5,1003.9,False,36.53552631578947,34.8,38.0,194.8684210526316,1.361842105263158,2.5,RIC,24888.0,34517.77777777778,32007.333333333332,21725.0,29203.0,22147.0,136862.0,2.0,,,,3.0,,,,,,2.0,,,,,,288.6666666666667,,,,,,290.0,,,,,,73371.66666666667,,,,,,73075.0,,,0,1,RIC,18.0,73075.0,,
2024,10,24.089473684210525,23.9,24.4,68.35526315789474,67.0,70.0,1003.7065789473684,1003.5,1003.9,False,36.53552631578947,34.8,38.0,194.8684210526316,1.361842105263158,2.5,RUS,25875.0,35627.0,30409.533333333333,21342.0,28597.0,21684.0,378476.6,5.0,,,,6.0,,,,,,2.0,,,,,,293.2,,,,,,295.0,,,,,,71985.0,,,,,,71703.0,,,0,1,RUS,4.0,72456.0,71812.0,71703.0
2024,10,24.089473684210525,23.9,24.4,68.35526315789474,67.0,70.0,1003.7065789473684,1003.5,1003.9,False,36.53552631578947,34.8,38.0,194.8684210526316,1.361842105263158,2.5,SAI,25908.375,35196.166666666664,27346.272727272728,21333.0,28625.0,21690.0,726015.3333333334,3.0,,,,4.0,,,,,,2.0,,,,,,289.25,,,,,,294.0,,,,,,71982.0,,,,,,71736.0,,,0,1,SAI,6.0,72403.0,71874.0,71736.0
2024,10,24.089473684210525,23.9,24.4,68.35526315789474,67.0,70.0,1003.7065789473684,1003.5,1003.9,False,36.53552631578947,34.8,38.0,194.8684210526316,1.361842105263158,2.5,SAR,23899.166666666668,34717.444444444445,33572.444444444445,21853.0,29410.0,22246.0,208617.0,2.0,,,,3.0,,,,,,2.0,,,,,,284.3333333333333,,,,,,286.0,,,,,,73873.33333333333,,,,,,73509.0,,,0,1,SAR,20.0,73509.0,,
2024,10,24.089473684210525,23.9,24.4,68.35526315789474,67.0,70.0,1003.7065789473684,1003.5,1003.9,False,36.53552631578947,34.8,38.0,194.8684210526316,1.361842105263158,2.5,STR,31610.545454545456,35492.73333333333,29877.6,21636.0,28860.0,21874.0,215122.75,4.0,,,,5.0,,,,,,2.6,,,,,,285.4,,,,,,289.0,,,,,,73227.4,,,,,,72372.0,,,0,1,STR,14.0,72881.0,72372.0,
2024,10,24.089473684210525,23.9,24.4,68.35526315789474,67.0,70.0,1003.7065789473684,1003.5,1003.9,False,36.53552631578947,34.8,38.0,194.8684210526316,1.361842105263158,2.5,TSU,25161.833333333332,34774.22222222222,31578.0,21665.0,29210.0,22110.0,163767.5,2.0,,,,3.0,,,,,,2.0,,,,,,289.6666666666667,,,,,,291.0,,,,,,73476.66666666667,,,,,,72985.0,,,0,1,TSU,17.0,72985.0,,
2024,10,24.089473684210525,23.9,24.4,68.35526315789474,67.0,70.0,1003.7065789473684,1003.5,1003.9,False,36.53552631578947,34.8,38.0,194.8684210526316,1.361842105263158,2.5,VER,24986.625,35719.166666666664,25561.272727272728,21369.0,28541.0,21493.0,770908.6666666666,3.0,,,,4.0,,,,,,2.0,,,,,,293.0,,,,,,295.0,,,,,,71758.75,,,,,,71403.0,,,0,1,VER,2.0,72306.0,71653.0,71403.0
2024,10,24.089473684210525,23.9,24.4,68.35526315789474,67.0,70.0,1003.7065789473684,1003.5,1003.9,False,36.53552631578947,34.8,38.0,194.8684210526316,1.361842105263158,2.5,ZHO,25645.8,35248.0,30028.266666666666,21686.0,29004.0,22041.0,262433.0,4.0,,,,5.0,,,,,,2.6,,,,,,289.8,,,,,,292.0,,,,,,73476.2,,,,,,72738.0,,,0,1,ZHO,15.0,72880.0,72738.0,
2024,11,31.32894736842105,31.0,31.6,37.69736842105263,36.0,39.0,938.5013157894738,938.1,938.8,False,46.107894736842105,43.5,47.9,256.85526315789474,1.3355263157894737,2.4,ALB,18758.666666666668,35712.22222222222,27727.777777777777,16442.0,29406.0,19888.0,178938.0,2.0,,,,3.0,,,,,,2.0,,,,,,284.0,,,,,,284.0,,,,,,65954.0,,,,,,65736.0,,,0,0,ALB,16.0,65736.0,,
2024,11,31.32894736842105,31.0,31.6,37.69736842105263,36.0,39.0,938.5013157894738,938.1,938.8,False,46.107894736842105,43.5,47.9,256.85526315789474,1.3355263157894737,2.4,ALO,18448.0,35148.53333333333,25787.266666666666,16505.0,29355.0,19644.0,306717.0,4.0,,,,5.0,,,,,,2.6,,,,,,282.8,,,,,,284.0,,,,,,65943.6,,,,,,65639.0,,,0,0,ALO,15.0,65656.0,65639.0,
2024,11,31.32894736842105,31.0,31.6,37.69736842105263,36.0,39.0,938.5013157894738,938.1,938.8,False,46.107894736842105,43.5,47.9,256.85526315789474,1.3355263157894737,2.4,BOT,19226.833333333332,34442.22222222222,27739.333333333332,16535.0,29274.0,19908.0,174962.5,2.0,,,,3.0,,,,,,2.0,,,,,,282.6666666666667,,,,,,286.0,,,,,,66083.33333333333,,,,,,65847.0,,,0,0,BOT,18.0,65847.0,,
2024,11,31.32894736842105,31.0,31.6,37.69736842105263,36.0,39.0,938.5013157894738,938.1,938.8,False,46.107894736842105,43.5,47.9,256.85526315789474,1.3355263157894737,2.4,GAS,18281.416666666668,35869.22222222222,26032.941176470587,16452.0,29146.0,19668.0,205012.6,5.0,,,,6.0,,,,,,3.0,,,,,,283.1666666666667,,,,,,284.0,,,,,,65787.66666666667,,,,,,65334.99999999999,,,0,0,GAS,13.0,65598.0,65358.99999999999,
2024,11,31.32894736842105,31.0,31.6,37.69736842105263,36.0,39.0,938.5013157894738,938.1,938.8,False,46.107894736842105,43.5,47.9,256.85526315789474,1.3355263157894737,2.4,HAM,18678.416666666668,36290.22222222222,25703.823529411766,16338.000000000002,29033.0,19532.0,394648.8,5.0,,,,6.0,,,,,,2.5,,,,,,283.5,,,,,,285.0,,,,,,65300.0,,,,,,64903.00000000001,,,0,0,HAM,5.0,65541.0,65053.0,64903.00000000001
2024,11,31.32894736842105,31.0,31.6,37.69736842105263,36.0,39.0,938.5013157894738,938.1,938.8,False,46.107894736842105,43.5,47.9,256.85526315789474,1.3355263157894737,2.4,HUL,17836.5,34925.28571428572,24547.45,16373.999999999998,29065.0,19805.0,306210.3333333333,6.0,,,,7.0,,,,,,2.857142857142857,,,,,,284.7142857142857,,,,,,286.0,,,,,,65725.0,,,,,,65262.0,,,0,0,HUL,9.0,65596.0,65262.0,65385.00000000001
2024,11,31.32894736842105,31.0,31.6,37.69736842105263,36.0,39.0,938.5013157894738,938.1,938.8,False,46.107894736842105,43.5,47.9,256.85526315789474,1.3355263157894737,2.4,LEC,18352.214285714286,34475.545454545456,25168.0,16344.999999999998,29044.0,19600.0,262196.14285714284,7.0,,,,8.0,,,,,,3.5,,,,,,264.0,,,,,,286.0,,,,,,66306.66666666667,,,,,,65044.0,,,0,0,LEC,6.0,65509.0,65104.0,65044.0
2024,11,31.32894736842105,31.0,31.6,37.69736842105263,36.0,39.0,938.5013157894738,938.1,938.8,False,46.107894736842105,43.5,47.9,256.85526315789474,1.3355263157894737,2.4,MAG,18441.7,35223.26666666667,25693.133333333335,16384.0,29079.0,19790.0,268584.0,4.0,,,,5.0,,,,,,2.6,,,,,,284.6,,,,,,285.0,,,,,,65675.8,,,,,,65346.99999999999,,,0,0,MAG,12.0,65507.99999999999,65346.99999999999,
2024,11,31.32894736842105,31.0,31.6,37.69736842105263,36.0,39.0,938.5013157894738,938.1,938.8,False,46.107894736842105,43.5,47.9,256.85526315789474,1.3355263157894737,2.4,NOR,21034.0,35507.65,25408.85,16251.000000000002,28847.0,19494.0,330577.3333333333,6.0,,,,7.0,,,,,,3.142857142857143,,,,,,284.0,,,,,,286.0,,,,,,72654.14285714286,,,,,,64718.0,,,0,0,NOR,2.0,65450.0,65102.99999999999,64718.0
2024,11,31.32894736842105,31.0,31.6,37.69736842105263,36.0,39.0,938.5013157894738,938.1,938.8,False,46.107894736842105,43.5,47.9,256.85526315789474,1.3355263157894737,2.4,OCO,18632.1875,37093.208333333336,25361.17391304348,16429.0,29141.0,19621.0,231697.57142857142,7.0,,,,8.0,,,,,,3.5,,,,,,283.75,,,,,,286.0,,,,,,65710.625,,,,,,65274.0,,,0,0,OCO,10.0,65574.0,65274.0,65883.0
2024,11,31.32894736842105,31.0,31.6,37.69736842105263,36.0,39.0,938.5013157894738,938.1,938.8,False,46.107894736842105,43.5,47.9,256.85526315789474,1.3355263157894737,2.4,PER,19030.071428571428,34704.09523809524,26114.1,16431.0,29054.0,19488.0,334171.3333333333,6.0,,,,7.0,,,,,,3.2857142857142856,,,,,,285.0,,,,,,287.0,,,,,,65496.57142857143,,,,,,65144.00000000001,,,0,0,PER,8.0,65587.0,65144.00000000001,65202.0
2024,11,31.32894736842105,31.0,31.6,37.69736842105263,36.0,39.0,938.5013157894738,938.1,938.8,False,46.107894736842105,43.5,47.9,256.85526315789474,1.3355263157894737,2.4,PIA,19214.909090909092,35771.529411764706,24865.75,16387.0,28924.0,19440.0,430957.6,5.0,,,,6.0,,,,,,2.6,,,,,,284.0,,,,,,285.0,,,,,,65226.6,,,,,,64786.0,,,0,0,PIA,7.0,65311.00000000001,65069.99999999999,65048.0
2024,11,31.32894736842105,31.0,31.6,37.69736842105263,36.0,39.0,938.5013157894738,938.1,938.8,False,46.107894736842105,43.5,47.9,256.85526315789474,1.3355263157894737,2.4,RIC,19056.0,35462.53333333333,24222.14285714286,16405.0,29145.0,19691.0,286551.75,4.0,,,,5.0,,,,,,2.0,,,,,,286.2,,,,,,287.0,,,,,,65619.8,,,,,,65289.0,,,0,0,RIC,11.0,65569.0,65289.0,
2024,11,31.32894736842105,31.0,31.6,37.69736842105263,36.0,39.0,938.5013157894738,938.1,938.8,False,46.107894736842105,43.5,47.9,256.85526315789474,1.3355263157894737,2.4,RUS,19484.166666666668,36220.27777777778,26692.117647058825,16340.0,28882.0,19523.0,392085.0000000001,5.0,,,,6.0,,,,,,2.8333333333333335,,,,,,285.1666666666667,,,,,,286.0,,,,,,65179.5,,,,,,64840.0,,,0,0,RUS,3.0,65585.0,65016.00000000001,64840.0
2024,11,31.32894736842105,31.0,31.6,37.69736842105263,36.0,39.0,938.5013157894738,938.1,938.8,False,46.107894736842105,43.5,47.9,256.85526315789474,1.3355263157894737,2.4,SAI,19305.166666666668,34711.77777777778,25866.470588235294,16370.000000000002,28890.0,19558.0,433104.6,5.0,,,,6.0,,,,,,3.0,,,,,,284.0,,,,,,286.0,,,,,,65341.833333333336,,,,,,64851.0,,,0,0,SAI,4.0,65263.00000000001,65016.00000000001,64851.0
2024,11,31.32894736842105,31.0,31.6,37.69736842105263,36.0,39.0,938.5013157894738,938.1,938.8,False,46.107894736842105,43.5,47.9,256.85526315789474,1.3355263157894737,2.4,SAR,17958.166666666668,34956.444444444445,27007.444444444445,16495.0,29357.0,19991.0,173987.5,2.0,,,,3.0,,,,,,2.0,,,,,,283.0,,,,,,283.0,,,,,,66188.33333333333,,,,,,65856.0,,,0,0,SAR,19.0,65856.0,,
2024,11,31.32894736842105,31.0,31.6,37.69736842105263,36.0,39.0,938.5013157894738,938.1,938.8,False,46.107894736842105,43.5,47.9,256.85526315789474,1.3355263157894737,2.4,STR,19214.666666666668,35283.11111111111,28401.333333333332,16526.0,29450.0,19840.0,201203.0,2.0,,,,3.0,,,,,,3.0,,,,,,283.6666666666667,,,,,,284.0,,,,,,66268.0,,,,,,65819.0,,,0,0,STR,17.0,65819.0,,
2024,11,31.32894736842105,31.0,31.6,37.69736842105263,36.0,39.0,938.5013157894738,938.1,938.8,False,46.107894736842105,43.5,47.9,256.85526315789474,1.3355263157894737,2.4,TSU,19286.4,35645.6,25720.4,16422.0,29214.0,19745.0,279249.5,4.0,,,,5.0,,,,,,2.0,,,,,,285.0,,,,,,286.0,,,,,,65631.0,,,,,,65412.00000000001,,,0,0,TSU,14.0,65563.0,65412.00000000001,
2024,11,31.32894736842105,31.0,31.6,37.69736842105263,36.0,39.0,938.5013157894738,938.1,938.8,False,46.107894736842105,43.5,47.9,256.85526315789474,1.3355263157894737,2.4,VER,18509.75,35213.38888888889,25119.555555555555,16254.000000000002,28784.0,19269.0,445317.2,5.0,,,,6.0,,,,,,3.0,,,,,,286.8333333333333,,,,,,288.0,,,,,,64862.666666666664,,,,,,64313.99999999999,,,0,0,VER,1.0,65336.0,64468.99999999999,64313.99999999999
2024,11,31.32894736842105,31.0,31.6,37.69736842105263,36.0,39.0,938.5013157894738,938.1,938.8,False,46.107894736842105,43.5,47.9,256.85526315789474,1.3355263157894737,2.4,ZHO,18839.0,34956.88888888889,25289.444444444445,16570.0,29380.0,20101.0,134308.5,2.0,,,,3.0,,,,,,2.0,,,,,,279.0,,,,,,283.0,,,,,,66220.33333333333,,,,,,66061.0,,,0,0,ZHO,20.0,66061.0,,
2024,12,13.697647058823529,12.4,14.6,74.38823529411765,65.0,85.0,987.3494117647058,986.6,988.0,True,21.21529411764706,18.3,24.0,208.64705882352942,1.7694117647058825,4.4,ALB,31690.75,43809.40909090909,28386.666666666668,28004.0,34874.0,23637.0,294837.8333333333,6.0,,1.0,,7.0,,,,2.5,,3.375,,,,226.5,,248.0,,,,227.0,,253.0,,,,110970.0,,93572.75,,,,98048.0,,86640.0,,,1,1,ALB,9.0,91135.0,86933.0,86640.0
2024,12,13.697647058823529,12.4,14.6,74.38823529411765,65.0,85.0,987.3494117647058,986.6,988.0,True,21.21529411764706,18.3,24.0,208.64705882352942,1.7694117647058825,4.4,ALO,31939.882352941175,41125.086956521736,29222.772727272728,28113.0,34915.0,23631.0,282984.1666666667,6.0,,1.0,,6.0,,,,3.0,,3.375,,,,227.33333333333334,,246.375,,,,234.0,,252.0,,,,108418.0,,97986.875,,,,98356.0,,86730.0,,,1,1,ALO,10.0,91264.0,86730.0,86917.0
2024,12,13.697647058823529,12.4,14.6,74.38823529411765,65.0,85.0,987.3494117647058,986.6,988.0,True,21.21529411764706,18.3,24.0,208.64705882352942,1.7694117647058825,4.4,BOT,37886.125,43208.7,29398.4,29149.0,37552.0,25730.0,241299.0,2.0,,1.0,,3.0,,,,2.5,,3.0,,,,234.0,,234.33333333333334,,,,236.0,,248.0,,,,112358.5,,100842.0,,,,99718.0,,92431.0,,,1,1,BOT,16.0,92431.0,,
2024,12,13.697647058823529,12.4,14.6,74.38823529411765,65.0,85.0,987.3494117647058,986.6,988.0,True,21.21529411764706,18.3,24.0,208.64705882352942,1.7694117647058825,4.4,GAS,34348.4,45953.0,31828.428571428572,30327.0,40506.0,27681.0,631555.0,1.0,,1.0,,,,,,3.0,,,,,,228.33333333333334,,,,,,229.0,,,,,,110321.66666666667,,,,,,99804.0,,,,,1,1,GAS,20.0,99804.0,,
2024,12,13.697647058823529,12.4,14.6,74.38823529411765,65.0,85.0,987.3494117647058,986.6,988.0,True,21.21529411764706,18.3,24.0,208.64705882352942,1.7694117647058825,4.4,HAM,31218.38888888889,40622.5,27392.869565217392,27918.0,34618.0,23382.0,292813.8333333333,6.0,,1.0,,7.0,,,,3.0,,3.6666666666666665,,,,232.33333333333334,,248.0,,,,234.0,,251.0,,,,105885.33333333333,,94029.77777777778,,,,97134.0,,85990.0,,,1,1,HAM,2.0,89547.0,86770.0,85990.0
2024,12,13.697647058823529,12.4,14.6,74.38823529411765,65.0,85.0,987.3494117647058,986.6,988.0,True,21.21529411764706,18.3,24.0,208.64705882352942,1.7694117647058825,4.4,HUL,30546.166666666668,41221.882352941175,27018.75,27886.0,34783.0,23462.0,360440.75,4.0,,,,5.0,,,,,,2.4285714285714284,,,,,,252.28571428571428,,,,,,254.0,,,,,,91534.14285714286,,,,,,86338.0,,,1,1,HUL,6.0,91929.0,86847.0,86338.0
2024,12,13.697647058823529,12.4,14.6,74.38823529411765,65.0,85.0,987.3494117647058,986.6,988.0,True,21.21529411764706,18.3,24.0,208.64705882352942,1.7694117647058825,4.4,LEC,32610.071428571428,41445.72222222222,29069.70588235294,28117.0,35160.0,23820.0,256450.5,4.0,,1.0,,5.0,,,,2.0,,3.375,,,,227.0,,235.125,,,,227.0,,254.0,,,,98039.0,,99086.625,,,,98039.0,,87097.0,,,1,1,LEC,11.0,90496.0,87097.0,
2024,12,13.697647058823529,12.4,14.6,74.38823529411765,65.0,85.0,987.3494117647058,986.6,988.0,True,21.21529411764706,18.3,24.0,208.64705882352942,1.7694117647058825,4.4,MAG,30395.0,44906.4,31691.6,29356.0,37446.0,25872.0,485432.0,1.0,,1.0,,2.0,,,,2.0,,2.0,,,,231.0,,229.0,,,,231.0,,229.0,,,,97805.0,,92905.0,,,,97805.0,,92905.0,,,1,1,MAG,17.0,92905.0,,
2024,12,13.697647058823529,12.4,14.6,74.38823529411765,65.0,85.0,987.3494117647058,986.6,988.0,True,21.21529411764706,18.3,24.0,208.64705882352942,1.7694117647058825,4.4,NOR,34682.529411764706,41866.71428571428,28965.55,28025.0,34567.0,23438.0,372802.6,5.0,,1.0,,5.0,,,,3.0,,3.142857142857143,,,,235.33333333333334,,239.57142857142858,,,,237.0,,254.0,,,,111640.0,,98520.71428571429,,,,97607.0,,86030.0,,,1,1,NOR,3.0,91596.0,86559.0,86030.0
2024,12,13.697647058823529,12.4,14.6,74.38823529411765,65.0,85.0,987.3494117647058,986.6,988.0,True,21.21529411764706,18.3,24.0,208.64705882352942,1.7694117647058825,4.4,OCO,35380.0,42753.0,28868.8,29752.0,38201.0,25749.0,258092.5,2.0,,1.0,,3.0,,,,3.0,,3.0,,,,227.66666666666666,,239.0,,,,231.0,,244.0,,,,105403.33333333333,,95723.0,,,,99078.0,,94557.0,,,1,1,OCO,18.0,94557.0,,
2024,12,13.697647058823529,12.4,14.6,74.38823529411765,65.0,85.0,987.3494117647058,986.6,988.0,True,21.21529411764706,18.3,24.0,208.64705882352942,1.7694117647058825,4.4,PER,40887.75,43564.8,32788.75,31109.0,39336.0,27747.0,35494.0,1.0,,1.0,,,,,,2.5,,,,,,222.0,,,,,,222.0,,,,,,112262.5,,,,,,98348.0,,,,,1,1,PER,19.0,98348.0,,
2024,12,13.697647058823529,12.4,14.6,74.38823529411765,65.0,85.0,987.3494117647058,986.6,988.0,True,21.21529411764706,18.3,24.0,208.64705882352942,1.7694117647058825,4.4,PIA,34387.78947368421,40773.833333333336,28674.727272727272,28043.0,34701.0,23493.0,355137.4,5.0,,1.0,,6.0,,,,3.0,,3.0,,,,228.66666666666666,,242.4,,,,233.0,,254.0,,,,106671.66666666667,,99606.9,,,,97372.0,,86237.0,,,1,1,PIA,5.0,90895.0,86733.0,86237.0
2024,12,13.697647058823529,12.4,14.6,74.38823529411765,65.0,85.0,987.3494117647058,986.6,988.0,True,21.21529411764706,18.3,24.0,208.64705882352942,1.7694117647058825,4.4,RIC,34061.357142857145,41713.05882352941,29322.58823529412,28338.0,35594.0,23937.0,296948.0,4.0,,1.0,,5.0,,,,2.5,,3.0,,,,225.5,,245.85714285714286,,,,226.0,,251.0,,,,112457.5,,94454.71428571429,,,,100599.0,,87949.0,,,1,1,RIC,15.0,91291.0,87949.0,
2024,12,13.697647058823529,12.4,14.6,74.38823529411765,65.0,85.0,987.3494117647058,986.6,988.0,True,21.21529411764706,18.3,24.0,208.64705882352942,1.7694117647058825,4.4,RUS,32226.21052631579,41375.36,27095.875,27994.0,34508.0,23295.0,275985.8333333333,6.0,,1.0,,7.0,,,,3.0,,3.7,,,,232.66666666666666,,251.1,,,,236.0,,253.0,,,,107470.0,,92955.8,,,,97215.0,,85819.0,,,1,1,RUS,1.0,90106.0,86723.0,85819.0
2024,12,13.697647058823529,12.4,14.6,74.38823529411765,65.0,85.0,987.3494117647058,986.6,988.0,True,21.21529411764706,18.3,24.0,208.64705882352942,1.7694117647058825,4.4,SAI,35554.27777777778,40313.04347826087,28062.545454545456,28009.0,34891.0,23538.0,302442.8333333333,6.0,,1.0,,7.0,,,,2.5,,3.0,,,,232.5,,249.33333333333334,,,,235.0,,254.0,,,,100872.5,,92303.55555555556,,,,98511.0,,86509.0,,,1,1,SAI,7.0,90557.0,86843.0,86509.0
2024,12,13.697647058823529,12.4,14.6,74.38823529411765,65.0,85.0,987.3494117647058,986.6,988.0,True,21.21529411764706,18.3,24.0,208.64705882352942,1.7694117647058825,4.4,SAR,35646.705882352944,43154.52631578947,29159.63157894737,28251.0,35129.0,23795.0,252862.25,4.0,,1.0,,5.0,,,,3.0,,3.111111111111111,,,,224.33333333333334,,247.22222222222223,,,,227.0,,253.0,,,,108943.0,,103253.66666666667,,,,99866.0,,87175.0,,,1,1,SAR,12.0,91608.0,87175.0,
2024,12,13.697647058823529,12.4,14.6,74.38823529411765,65.0,85.0,987.3494117647058,986.6,988.0,True,21.21529411764706,18.3,24.0,208.64705882352942,1.7694117647058825,4.4,STR,31785.5,42035.75,28871.82608695652,27892.0,34941.0,23542.0,316918.2,5.0,,,,6.0,,,,,,3.1666666666666665,,,,,,242.83333333333334,,,,,,252.0,,,,,,97884.16666666667,,,,,,86585.0,,,1,1,STR,8.0,91410.0,86938.0,86585.0
2024,12,13.697647058823529,12.4,14.6,74.38823529411765,65.0,85.0,987.3494117647058,986.6,988.0,True,21.21529411764706,18.3,24.0,208.64705882352942,1.7694117647058825,4.4,TSU,33384.07692307692,40368.6875,29348.125,28115.0,35163.0,23991.0,314442.0,4.0,,1.0,,5.0,,,,2.5,,2.6666666666666665,,,,230.0,,245.5,,,,232.0,,252.0,,,,112125.0,,91873.83333333333,,,,98613.0,,87269.0,,,1,1,TSU,13.0,90994.0,87269.0,
2024,12,13.697647058823529,12.4,14.6,74.38823529411765,65.0,85.0,987.3494117647058,986.6,988.0,True,21.21529411764706,18.3,24.0,208.64705882352942,1.7694117647058825,4.4,VER,31863.333333333332,40889.291666666664,27605.17391304348,28036.0,34587.0,23480.0,368106.2,5.0,,1.0,,6.0,,,,3.0,,2.6666666666666665,,,,227.66666666666666,,242.77777777777777,,,,240.0,,252.0,,,,107634.66666666667,,93678.11111111111,,,,97420.0,,86203.0,,,1,1,VER,4.0,91342.0,86796.0,86203.0
2024,12,13.697647058823529,12.4,14.6,74.38823529411765,65.0,85.0,987.3494117647058,986.6,988.0,True,21.21529411764706,18.3,24.0,208.64705882352942,1.7694117647058825,4.4,ZHO,35370.444444444445,42500.90476190476,29192.85714285714,28252.0,35502.0,24007.0,203929.5,4.0,,1.0,,5.0,,,,3.0,,3.2,,,,231.66666666666666,,240.4,,,,235.0,,252.0,,,,110781.33333333333,,99501.8,,,,98838.0,,87867.0,,,1,1,ZHO,14.0,91190.0,87867.0,
2024,13,24.375238095238096,24.0,24.9,61.80952380952381,56.0,69.0,984.012380952381,983.7,984.4,True,30.313333333333333,28.8,32.0,235.8190476190476,0.9419047619047619,2.4,ALB,32429.666666666668,33562.5625,26094.4375,27791.0,27077.0,21561.0,534050.3333333334,3.0,,,,4.0,,,,,,3.375,,,,,,255.25,,,,,,259.0,,,,,,85392.625,,,,,,76429.0,,,2,3,ALB,13.0,77280.0,76429.0,
2024,13,24.375238095238096,24.0,24.9,61.80952380952381,56.0,69.0,984.012380952381,983.7,984.4,True,30.313333333333333,28.8,32.0,235.8190476190476,0.9419047619047619,2.4,ALO,31644.916666666668,33351.5,26702.0,27486.0,26933.0,21476.0,475066.0,5.0,,,,5.0,,,,,,3.0,,,,,,258.14285714285717,,,,,,260.0,,,,,,87147.42857142857,,,,,,76043.0,,,2,3,ALO,7.0,77624.0,76117.0,76043.0
2024,13,24.375238095238096,24.0,24.9,61.80952380952381,56.0,69.0,984.012380952381,983.7,984.4,True,30.313333333333333,28.8,32.0,235.8190476190476,0.9419047619047619,2.4,BOT,31999.30769230769,32494.61111111111,28291.277777777777,27708.0,27176.0,21500.0,353649.5,4.0,,,,5.0,,,,,,4.444444444444445,,,,,,254.88888888888889,,,,,,259.0,,,,,,85575.66666666667,,,,,,76384.0,,,2,3,BOT,12.0,77487.0,76384.0,
2024,13,24.375238095238096,24.0,24.9,61.80952380952381,56.0,69.0,984.012380952381,983.7,984.4,True,30.313333333333333,28.8,32.0,235.8190476190476,0.9419047619047619,2.4,GAS,40472.8,33204.0,28430.5,28551.0,27766.0,21849.0,55776.0,1.0,,,,2.0,,,,,,1.6666666666666667,,,,,,257.3333333333333,,,,,,258.0,,,,,,99871.33333333333,,,,,,78166.0,,,2,3,GAS,20.0,78166.0,,
2024,13,24.375238095238096,24.0,24.9,61.80952380952381,56.0,69.0,984.012380952381,983.7,984.4,True,30.313333333333333,28.8,32.0,235.8190476190476,0.9419047619047619,2.4,HAM,31340.0,31871.217391304348,25261.772727272728,27572.0,26754.0,21431.0,461518.6666666667,6.0,,,,7.0,,,,,,4.6,,,,,,256.3,,,,,,261.0,,,,,,82417.5,,,,,,75854.0,,,2,3,HAM,5.0,77087.0,76307.0,75854.0
2024,13,24.375238095238096,24.0,24.9,61.80952380952381,56.0,69.0,984.012380952381,983.7,984.4,True,30.313333333333333,28.8,32.0,235.8190476190476,0.9419047619047619,2.4,HUL,30763.0,32134.333333333332,27412.4,27588.0,27092.0,21637.0,438383.25,4.0,,,,5.0,,,,,,3.6666666666666665,,,,,,257.0,,,,,,261.0,,,,,,82030.66666666667,,,,,,76317.0,,,2,3,HUL,11.0,77362.0,76317.0,
2024,13,24.375238095238096,24.0,24.9,61.80952380952381,56.0,69.0,984.012380952381,983.7,984.4,True,30.313333333333333,28.8,32.0,235.8190476190476,0.9419047619047619,2.4,LEC,30374.35714285714,32339.25,26596.1,27644.0,26742.0,21446.0,480239.8333333333,6.0,,,,5.0,,,,,,3.888888888888889,,,,,,258.22222222222223,,,,,,260.0,,,,,,83142.44444444444,,,,,,75891.0,,,2,3,LEC,6.0,77437.0,75891.0,75905.0
2024,13,24.375238095238096,24.0,24.9,61.80952380952381,56.0,69.0,984.012380952381,983.7,984.4,True,30.313333333333333,28.8,32.0,235.8190476190476,0.9419047619047619,2.4,MAG,31921.7,32011.214285714286,27373.5,27663.0,27292.0,21593.0,455245.5,4.0,,,,5.0,,,,,,3.1666666666666665,,,,,,257.6666666666667,,,,,,261.0,,,,,,81970.16666666667,,,,,,76548.0,,,2,3,MAG,15.0,77851.0,76548.0,
2024,13,24.375238095238096,24.0,24.9,61.80952380952381,56.0,69.0,984.012380952381,983.7,984.4,True,30.313333333333333,28.8,32.0,235.8190476190476,0.9419047619047619,2.4,NOR,30227.30769230769,31826.3,27512.2,27606.0,26382.0,21239.0,477395.1666666667,6.0,,,,5.0,,,,,,3.5,,,,,,256.875,,,,,,259.0,,,,,,83729.875,,,,,,75227.0,,,2,3,NOR,1.0,77755.0,75540.0,75227.0
2024,13,24.375238095238096,24.0,24.9,61.80952380952381,56.0,69.0,984.012380952381,983.7,984.4,True,30.313333333333333,28.8,32.0,235.8190476190476,0.9419047619047619,2.4,OCO,39242.4,33162.0,26638.833333333332,28484.0,27536.0,22029.0,25840.0,1.0,,,,2.0,,,,,,1.6666666666666667,,,,,,257.6666666666667,,,,,,259.0,,,,,,94236.66666666667,,,,,,78049.0,,,2,3,OCO,19.0,78049.0,,
2024,13,24.375238095238096,24.0,24.9,61.80952380952381,56.0,69.0,984.012380952381,983.7,984.4,True,30.313333333333333,28.8,32.0,235.8190476190476,0.9419047619047619,2.4,PER,33565.0,34426.333333333336,26481.4,28236.0,27665.0,21865.0,,,,,,1.0,,,,,,3.5,,,,,,256.25,,,,,,259.0,,,,,,95229.0,,,,,,77886.0,,,2,3,PER,16.0,77886.0,,
2024,13,24.375238095238096,24.0,24.9,61.80952380952381,56.0,69.0,984.012380952381,983.7,984.4,True,30.313333333333333,28.8,32.0,235.8190476190476,0.9419047619047619,2.4,PIA,31751.0,31761.947368421053,27616.57894736842,27553.0,26472.0,21224.0,495103.5,6.0,,,,6.0,,,,,,3.375,,,,,,257.75,,,,,,260.0,,,,,,84907.625,,,,,,75249.0,,,2,3,PIA,2.0,77504.0,75785.0,75249.0
2024,13,24.375238095238096,24.0,24.9,61.80952380952381,56.0,69.0,984.012380952381,983.7,984.4,True,30.313333333333333,28.8,32.0,235.8190476190476,0.9419047619047619,2.4,RIC,31910.153846153848,33304.73684210526,26044.777777777777,27714.0,26877.0,21521.0,643612.6,5.0,,,,6.0,,,,,,3.375,,,,,,255.375,,,,,,259.0,,,,,,83270.125,,,,,,76202.0,,,2,3,RIC,9.0,77050.0,76202.0,76447.0
2024,13,24.375238095238096,24.0,24.9,61.80952380952381,56.0,69.0,984.012380952381,983.7,984.4,True,30.313333333333333,28.8,32.0,235.8190476190476,0.9419047619047619,2.4,RUS,30932.85714285714,31676.222222222223,27241.666666666668,28183.0,27659.0,21681.0,741914.0,1.0,,,,2.0,,,,,,2.8,,,,,,257.0,,,,,,261.0,,,,,,87132.0,,,,,,77968.0,,,2,3,RUS,17.0,77968.0,,
2024,13,24.375238095238096,24.0,24.9,61.80952380952381,56.0,69.0,984.012380952381,983.7,984.4,True,30.313333333333333,28.8,32.0,235.8190476190476,0.9419047619047619,2.4,SAI,34773.055555555555,32555.8,26273.478260869564,27465.0,26832.0,21360.0,347495.14285714284,7.0,,,,7.0,,,,,,4.583333333333333,,,,,,253.25,,,,,,262.0,,,,,,90693.41666666667,,,,,,75696.0,,,2,3,SAI,4.0,77244.0,75885.0,75696.0
2024,13,24.375238095238096,24.0,24.9,61.80952380952381,56.0,69.0,984.012380952381,983.7,984.4,True,30.313333333333333,28.8,32.0,235.8190476190476,0.9419047619047619,2.4,SAR,35269.88888888889,34442.07692307692,27240.30769230769,27857.0,27055.0,21631.0,607151.3333333334,3.0,,,,4.0,,,,,,2.8,,,,,,256.2,,,,,,259.0,,,,,,83615.2,,,,,,76543.0,,,2,3,SAR,14.0,77770.0,76543.0,
2024,13,24.375238095238096,24.0,24.9,61.80952380952381,56.0,69.0,984.012380952381,983.7,984.4,True,30.313333333333333,28.8,32.0,235.8190476190476,0.9419047619047619,2.4,STR,34393.357142857145,34359.42857142857,26477.0,27598.0,26955.0,21400.0,410367.0,7.0,,,,6.0,,,,,,2.5,,,,,,257.875,,,,,,261.0,,,,,,86818.875,,,,,,76075.0,,,2,3,STR,8.0,77405.0,76075.0,76244.0
2024,13,24.375238095238096,24.0,24.9,61.80952380952381,56.0,69.0,984.012380952381,983.7,984.4,True,30.313333333333333,28.8,32.0,235.8190476190476,0.9419047619047619,2.4,TSU,31501.85714285714,33119.45,26615.78947368421,27613.0,26950.0,21387.0,454184.0,5.0,,,,5.0,,,,,,3.875,,,,,,250.625,,,,,,258.0,,,,,,85343.5,,,,,,76121.0,,,2,3,TSU,10.0,77436.0,76121.0,76477.0
2024,13,24.375238095238096,24.0,24.9,61.80952380952381,56.0,69.0,984.012380952381,983.7,984.4,True,30.313333333333333,28.8,32.0,235.8190476190476,0.9419047619047619,2.4,VER,32430.85714285714,32787.85,25169.78947368421,27461.0,26524.0,21288.0,427184.6,5.0,,,,6.0,,,,,,3.6666666666666665,,,,,,258.44444444444446,,,,,,261.0,,,,,,82375.88888888889,,,,,,75273.0,,,2,3,VER,3.0,77087.0,75770.0,75273.0
2024,13,24.375238095238096,24.0,24.9,61.80952380952381,56.0,69.0,984.012380952381,983.7,984.4,True,30.313333333333333,28.8,32.0,235.8190476190476,0.9419047619047619,2.4,ZHO,32372.9,32605.25,28508.416666666668,28456.0,27538.0,21936.0,741255.0,1.0,,,,2.0,,,,,,3.5,,,,,,252.75,,,,,,256.0,,,,,,90414.25,,,,,,78037.0,,,2,3,ZHO,18.0,78037.0,,
2024,14,18.00126582278481,17.9,18.2,92.70886075949367,91.0,95.0,966.513924050633,966.2,966.7,True,22.02278481012658,21.3,22.7,111.75949367088607,1.148101265822785,2.5,ALB,35022.666666666664,58557.75,36032.53333333333,32143.0,51859.0,30443.0,163150.66666666666,3.0,,4.0,,,,,,2.5714285714285716,,,,,,212.71428571428572,,,,,,216.0,,,,,,119478.85714285714,,,,,,114473.0,,,,,0,4,ALB,11.0,115722.0,114473.0,
2024,14,18.00126582278481,17.9,18.2,92.70886075949367,91.0,95.0,966.513924050633,966.2,966.7,True,22.02278481012658,21.3,22.7,111.75949367088607,1.148101265822785,2.5,ALO,38513.52631578947,61489.65217391304,36219.045454545456,32191.000000000004,51425.0,30543.0,141388.4,5.0,,6.0,,,,,,3.3333333333333335,,,,,,211.66666666666666,,,,,,214.0,,,,,,115761.0,,,,,,114258.0,,,,,0,4,ALO,9.0,115489.0,114258.0,114765.0
2024,14,18.00126582278481,17.9,18.2,92.70886075949367,91.0,95.0,966.513924050633,966.2,966.7,True,22.02278481012658,21.3,22.7,111.75949367088607,1.148101265822785,2.5,BOT,39676.4,61190.41176470588,36903.17647058824,32241.0,51752.0,30375.0,115652.0,3.0,,4.0,,,,,,2.6666666666666665,,,,,,216.33333333333334,,,,,,220.0,,,,,,125860.88888888889,,,,,,114764.0,,,,,0,4,BOT,14.0,115531.0,114764.0,
2024,14,18.00126582278481,17.9,18.2,92.70886075949367,91.0,95.0,966.513924050633,966.2,966.7,True,22.02278481012658,21.3,22.7,111.75949367088607,1.148101265822785,2.5,GAS,38012.066666666666,58438.41176470588,34896.35294117647,32278.0,51707.0,30465.0,102022.0,3.0,,4.0,,,,,,2.5555555555555554,,,,,,213.77777777777777,,,,,,220.0,,,,,,121508.66666666667,,,,,,114635.0,,,,,0,4,GAS,12.0,114911.0,114635.0,
2024,14,18.00126582278481,17.9,18.2,92.70886075949367,91.0,95.0,966.513924050633,966.2,966.7,True,22.02278481012658,21.3,22.7,111.75949367088607,1.148101265822785,2.5,HAM,37831.89473684211,58510.59090909091,36005.95238095238,32060.000000000004,51046.0,30348.0,173231.25,4.0,,5.0,,,,,,2.8,,,,,,213.9,,,,,,219.0,,,,,,121398.2,,,,,,113835.0,,,,,0,4,HAM,4.0,115692.0,114037.0,113835.0
2024,14,18.00126582278481,17.9,18.2,92.70886075949367,91.0,95.0,966.513924050633,966.2,966.7,True,22.02278481012658,21.3,22.7,111.75949367088607,1.148101265822785,2.5,HUL,33816.28571428572,58602.333333333336,40159.333333333336,32262.999999999996,53554.0,30491.0,105398.0,1.0,,2.0,,,,,,3.2,,,,,,211.4,,,,,,217.0,,,,,,123973.2,,,,,,116308.0,,,,,0,4,HUL,16.0,116308.0,,
2024,14,18.00126582278481,17.9,18.2,92.70886075949367,91.0,95.0,966.513924050633,966.2,966.7,True,22.02278481012658,21.3,22.7,111.75949367088607,1.148101265822785,2.5,LEC,37344.055555555555,59250.90909090909,37870.90909090909,32040.0,51176.0,30428.0,157928.59999999992,5.0,,6.0,,,,,,3.4444444444444446,,,,,,212.22222222222223,,,,,,214.0,,,,,,118558.88888888889,,,,,,113754.0,,,,,0,4,LEC,2.0,115349.0,114193.0,113754.0
2024,14,18.00126582278481,17.9,18.2,92.70886075949367,91.0,95.0,966.513924050633,966.2,966.7,True,22.02278481012658,21.3,22.7,111.75949367088607,1.148101265822785,2.5,MAG,35174.857142857145,60857.0,37601.333333333336,32430.999999999996,53468.0,30601.0,97093.0,1.0,,2.0,,,,,,2.75,,,,,,213.5,,,,,,215.0,,,,,,117948.75,,,,,,116500.0,,,,,0,4,MAG,17.0,116500.0,,
2024,14,18.00126582278481,17.9,18.2,92.70886075949367,91.0,95.0,966.513924050633,966.2,966.7,True,22.02278481012658,21.3,22.7,111.75949367088607,1.148101265822785,2.5,NOR,36636.04761904762,58593.5,36304.434782608696,32012.999999999996,51527.0,30331.0,151306.5,4.0,,5.0,,,,,,3.1538461538461537,,,,,,213.46153846153845,,,,,,218.0,,,,,,122667.0,,,,,,113981.0,,,,,0,4,NOR,5.0,115582.0,114358.0,113981.0
2024,14,18.00126582278481,17.9,18.2,92.70886075949367,91.0,95.0,966.513924050633,966.2,966.7,True,22.02278481012658,21.3,22.7,111.75949367088607,1.148101265822785,2.5,OCO,36811.78947368421,57804.434782608696,34581.72727272727,31891.0,51947.0,30437.0,152086.40000000008,5.0,,6.0,,,,,,3.090909090909091,,,,,,214.27272727272728,,,,,,221.0,,,,,,120489.0,,,,,,114460.0,,,,,0,4,OCO,10.0,115417.0,114460.0,114810.0
2024,14,18.00126582278481,17.9,18.2,92.70886075949367,91.0,95.0,966.513924050633,966.2,966.7,True,22.02278481012658,21.3,22.7,111.75949367088607,1.148101265822785,2.5,PER,37395.529411764706,58303.0,38581.666666666664,32216.0,51068.0,30423.0,172563.40000000008,5.0,,5.0,,,,,,2.9,,,,,,216.6,,,,,,222.0,,,,,,126432.0,,,,,,113765.0,,,,,0,4,PER,3.0,115139.0,114470.0,113765.0
2024,14,18.00126582278481,17.9,18.2,92.70886075949367,91.0,95.0,966.513924050633,966.2,966.7,True,22.02278481012658,21.3,22.7,111.75949367088607,1.148101265822785,2.5,PIA,38915.05,58990.47826086957,36116.86363636364,32104.0,51417.0,30190.0,200398.99999999994,4.0,,5.0,,,,,,3.1666666666666665,,,,,,213.33333333333334,,,,,,218.0,,,,,,122854.0,,,,,,114027.0,,,,,0,4,PIA,6.0,114835.0,114136.0,114027.0
2024,14,18.00126582278481,17.9,18.2,92.70886075949367,91.0,95.0,966.513924050633,966.2,966.7,True,22.02278481012658,21.3,22.7,111.75949367088607,1.148101265822785,2.5,RIC,36298.8,59191.357142857145,37680.71428571428,32177.999999999996,51933.0,30338.0,158630.0,3.0,,4.0,,,,,,2.5,,,,,,214.5,,,,,,219.0,,,,,,121297.5,,,,,,114682.0,,,,,0,4,RIC,13.0,115451.0,114682.0,
2024,14,18.00126582278481,17.9,18.2,92.70886075949367,91.0,95.0,966.513924050633,966.2,966.7,True,22.02278481012658,21.3,22.7,111.75949367088607,1.148101265822785,2.5,RUS,38289.63157894737,59317.86363636364,36032.857142857145,31993.0,51334.0,30496.0,169501.50000000006,4.0,,5.0,,,,,,2.6,,,,,,215.3,,,,,,221.0,,,,,,120288.8,,,,,,114095.0,,,,,0,4,RUS,7.0,115353.0,114095.0,114184.0
2024,14,18.00126582278481,17.9,18.2,92.70886075949367,91.0,95.0,966.513924050633,966.2,966.7,True,22.02278481012658,21.3,22.7,111.75949367088607,1.148101265822785,2.5,SAI,37028.89473684211,58874.95652173913,36537.09090909091,32027.0,51513.0,30294.0,130415.6000000001,5.0,,6.0,,,,,,3.3636363636363638,,,,,,213.0,,,,,,220.0,,,,,,121536.72727272728,,,,,,114112.0,,,,,0,4,SAI,8.0,115169.0,114112.0,114477.0
2024,14,18.00126582278481,17.9,18.2,92.70886075949367,91.0,95.0,966.513924050633,966.2,966.7,True,22.02278481012658,21.3,22.7,111.75949367088607,1.148101265822785,2.5,SAR,33354.833333333336,57711.75,39250.0,32713.0,53725.0,30792.0,90829.0,1.0,,2.0,,,,,,2.3333333333333335,,,,,,211.33333333333334,,,,,,213.0,,,,,,118831.33333333333,,,,,,117230.0,,,,,0,4,SAR,19.0,117230.0,,
2024,14,18.00126582278481,17.9,18.2,92.70886075949367,91.0,95.0,966.513924050633,966.2,966.7,True,22.02278481012658,21.3,22.7,111.75949367088607,1.148101265822785,2.5,STR,39328.0,60171.117647058825,37885.882352941175,32560.000000000004,52417.0,30526.0,106354.66666666667,3.0,,4.0,,,,,,2.625,,,,,,211.875,,,,,,214.0,,,,,,120352.875,,,,,,115716.0,,,,,0,4,STR,15.0,116072.0,115716.0,
2024,14,18.00126582278481,17.9,18.2,92.70886075949367,91.0,95.0,966.513924050633,966.2,966.7,True,22.02278481012658,21.3,22.7,111.75949367088607,1.148101265822785,2.5,TSU,37413.0,58502.0,38300.625,32741.0,52875.0,30422.0,164063.0,1.0,,2.0,,,,,,2.6666666666666665,,,,,,215.0,,,,,,216.0,,,,,,117417.33333333333,,,,,,116593.0,,,,,0,4,TSU,18.0,116593.0,,
2024,14,18.00126582278481,17.9,18.2,92.70886075949367,91.0,95.0,966.513924050633,966.2,966.7,True,22.02278481012658,21.3,22.7,111.75949367088607,1.148101265822785,2.5,VER,37559.0,60690.71428571428,36630.76190476191,31941.0,50837.0,30321.0,299200.6666666665,3.0,,4.0,,,,,,3.7777777777777777,,,,,,212.44444444444446,,,,,,220.0,,,,,,118753.44444444444,,,,,,113159.0,,,,,0,4,VER,1.0,114938.0,113837.0,113159.0
2024,14,18.00126582278481,17.9,18.2,92.70886075949367,91.0,95.0,966.513924050633,966.2,966.7,True,22.02278481012658,21.3,22.7,111.75949367088607,1.148101265822785,2.5,ZHO,35427.28571428572,58705.11111111111,38043.0,32484.0,54494.0,30797.0,122272.0,1.0,,2.0,,,,,,3.2,,,,,,214.8,,,,,,219.0,,,,,,124854.4,,,,,,117775.0,,,,,0,4,ZHO,20.0,117775.0,,
2024,15,24.481012658227847,24.0,25.0,66.32911392405063,64.0,68.0,1002.4455696202531,1002.2,1002.7,False,30.140506329113922,28.3,32.4,206.72151898734177,4.137974683544304,6.0,ALB,31085.23076923077,30526.5,25037.58823529412,24158.0,25180.0,21285.0,398043.0,5.0,,,,6.0,,,,,,3.142857142857143,,,,,,320.2857142857143,,,,,,323.0,,,,,,77536.42857142857,,,,,,70653.0,,,0,1,ALB,10.0,,70768.0,70653.0
2024,15,24.481012658227847,24.0,25.0,66.32911392405063,64.0,68.0,1002.4455696202531,1002.2,1002.7,False,30.140506329113922,28.3,32.4,206.72151898734177,4.137974683544304,6.0,ALO,28403.363636363636,30515.875,26546.3125,24250.0,25123.0,21195.0,494739.50000000006,4.0,,,,5.0,,,,,,2.1666666666666665,,,,,,322.5,,,,,,324.0,,,,,,75585.83333333333,,,,,,70633.0,,,0,1,ALO,7.0,71493.0,70845.0,70633.0
2024,15,24.481012658227847,24.0,25.0,66.32911392405063,64.0,68.0,1002.4455696202531,1002.2,1002.7,False,30.140506329113922,28.3,32.4,206.72151898734177,4.137974683544304,6.0,BOT,37371.0,30256.444444444445,26996.222222222223,24630.0,25672.0,21743.0,142824.0,2.0,,,,3.0,,,,,,3.0,,,,,,321.3333333333333,,,,,,325.0,,,,,,72510.0,,,,,,72168.0,,,0,1,BOT,17.0,72168.0,,
2024,15,24.481012658227847,24.0,25.0,66.32911392405063,64.0,68.0,1002.4455696202531,1002.2,1002.7,False,30.140506329113922,28.3,32.4,206.72151898734177,4.137974683544304,6.0,GAS,28661.53846153846,30373.65,25976.947368421053,24143.0,25054.0,21380.0,302620.5,6.0,,,,7.0,,,,,,2.8333333333333335,,,,,,322.8333333333333,,,,,,325.0,,,,,,71447.16666666667,,,,,,70815.0,,,0,1,GAS,9.0,71718.0,70815.0,70977.0
2024,15,24.481012658227847,24.0,25.0,66.32911392405063,64.0,68.0,1002.4455696202531,1002.2,1002.7,False,30.140506329113922,28.3,32.4,206.72151898734177,4.137974683544304,6.0,HAM,32930.11111111111,30659.69230769231,28055.923076923078,24208.0,25230.0,21429.0,288094.0,4.0,,,,5.0,,,,,,3.0,,,,,,322.25,,,,,,324.0,,,,,,71248.5,,,,,,70948.0,,,0,1,HAM,11.0,71375.0,70948.0,
2024,15,24.481012658227847,24.0,25.0,66.32911392405063,64.0,68.0,1002.4455696202531,1002.2,1002.7,False,30.140506329113922,28.3,32.4,206.72151898734177,4.137974683544304,6.0,HUL,27271.583333333332,29357.0,26099.29411764706,24498.0,25263.0,21402.0,241427.0,4.0,,,,5.0,,,,,,2.857142857142857,,,,,,324.14285714285717,,,,,,325.0,,,,,,75086.0,,,,,,71215.0,,,0,1,HUL,13.0,71832.0,71215.0,
2024,15,24.481012658227847,24.0,25.0,66.32911392405063,64.0,68.0,1002.4455696202531,1002.2,1002.7,False,30.140506329113922,28.3,32.4,206.72151898734177,4.137974683544304,6.0,LEC,33608.166666666664,29810.5,26391.083333333332,24160.0,25201.0,21160.0,204502.0,7.0,,,,8.0,,,,,,3.0,,,,,,323.2,,,,,,325.0,,,,,,84562.9,,,,,,70582.0,,,0,1,LEC,6.0,71370.0,70689.0,70582.0
2024,15,24.481012658227847,24.0,25.0,66.32911392405063,64.0,68.0,1002.4455696202531,1002.2,1002.7,False,30.140506329113922,28.3,32.4,206.72151898734177,4.137974683544304,6.0,MAG,35544.181818181816,31996.066666666666,26255.933333333334,24318.0,25540.0,21374.0,248215.0,4.0,,,,5.0,,,,,,2.6,,,,,,324.2,,,,,,326.0,,,,,,71699.0,,,,,,71295.0,,,0,1,MAG,14.0,71630.0,71295.0,
2024,15,24.481012658227847,24.0,25.0,66.32911392405063,64.0,68.0,1002.4455696202531,1002.2,1002.7,False,30.140506329113922,28.3,32.4,206.72151898734177,4.137974683544304,6.0,NOR,27193.444444444445,29482.428571428572,27060.428571428572,23824.0,24819.0,21030.0,550556.5,4.0,,,,5.0,,,,,,2.0,,,,,,321.75,,,,,,322.0,,,,,,70405.0,,,,,,69673.0,,,0,1,NOR,1.0,71377.0,70496.0,69673.0
2024,15,24.481012658227847,24.0,25.0,66.32911392405063,64.0,68.0,1002.4455696202531,1002.2,1002.7,False,30.140506329113922,28.3,32.4,206.72151898734177,4.137974683544304,6.0,OCO,28328.5,30144.444444444445,26941.333333333332,24526.0,25548.0,21642.0,181248.5,2.0,,,,3.0,,,,,,2.0,,,,,,324.0,,,,,,325.0,,,,,,72197.0,,,,,,71995.0,,,0,1,OCO,16.0,71995.0,,
2024,15,24.481012658227847,24.0,25.0,66.32911392405063,64.0,68.0,1002.4455696202531,1002.2,1002.7,False,30.140506329113922,28.3,32.4,206.72151898734177,4.137974683544304,6.0,PER,31684.5,30264.117647058825,26531.8125,24065.0,25042.0,21309.0,404938.4,5.0,,,,6.0,,,,,,2.3333333333333335,,,,,,326.5,,,,,,329.0,,,,,,80218.33333333333,,,,,,70416.0,,,0,1,PER,5.0,71006.0,70678.0,70416.0
2024,15,24.481012658227847,24.0,25.0,66.32911392405063,64.0,68.0,1002.4455696202531,1002.2,1002.7,False,30.140506329113922,28.3,32.4,206.72151898734177,4.137974683544304,6.0,PIA,29593.272727272728,30547.125,26429.533333333333,24017.0,24882.0,21172.0,533925.5,4.0,,,,5.0,,,,,,2.8333333333333335,,,,,,308.1666666666667,,,,,,322.0,,,,,,75468.16666666667,,,,,,70172.0,,,0,1,PIA,3.0,71541.0,70505.0,70172.0
2024,15,24.481012658227847,24.0,25.0,66.32911392405063,64.0,68.0,1002.4455696202531,1002.2,1002.7,False,30.140506329113922,28.3,32.4,206.72151898734177,4.137974683544304,6.0,RIC,29786.428571428572,29164.555555555555,27800.222222222223,24704.0,25532.0,21707.0,158419.0,1.0,,,,2.0,,,,,,3.2,,,,,,304.6,,,,,,323.0,,,,,,83491.8,,,,,,71943.0,,,0,1,RIC,15.0,71943.0,,
2024,15,24.481012658227847,24.0,25.0,66.32911392405063,64.0,68.0,1002.4455696202531,1002.2,1002.7,False,30.140506329113922,28.3,32.4,206.72151898734177,4.137974683544304,6.0,RUS,31818.923076923078,31259.833333333332,25674.882352941175,24044.0,24984.0,21162.0,390151.4,5.0,,,,6.0,,,,,,2.7142857142857144,,,,,,323.0,,,,,,325.0,,,,,,79673.28571428571,,,,,,70244.0,,,0,1,RUS,4.0,71049.0,70552.0,70244.0
2024,15,24.481012658227847,24.0,25.0,66.32911392405063,64.0,68.0,1002.4455696202531,1002.2,1002.7,False,30.140506329113922,28.3,32.4,206.72151898734177,4.137974683544304,6.0,SAI,33579.153846153844,30944.555555555555,26546.61111111111,24349.0,25341.0,21224.0,158064.4,5.0,,,,6.0,,,,,,2.7142857142857144,,,,,,323.7142857142857,,,,,,325.0,,,,,,81687.14285714286,,,,,,70914.0,,,0,1,SAI,10.0,71327.0,70914.0,
2024,15,24.481012658227847,24.0,25.0,66.32911392405063,64.0,68.0,1002.4455696202531,1002.2,1002.7,False,30.140506329113922,28.3,32.4,206.72151898734177,4.137974683544304,6.0,STR,30029.14285714286,31694.42105263158,25948.684210526317,23951.0,25128.0,21450.0,417817.0,4.0,,,,5.0,,,,,,2.6666666666666665,,,,,,313.3333333333333,,,,,,323.0,,,,,,82136.0,,,,,,70661.0,,,0,1,STR,8.0,71518.0,70661.0,70857.0
2024,15,24.481012658227847,24.0,25.0,66.32911392405063,64.0,68.0,1002.4455696202531,1002.2,1002.7,False,30.140506329113922,28.3,32.4,206.72151898734177,4.137974683544304,6.0,TSU,29222.545454545456,30086.133333333335,26088.533333333333,24246.0,25241.0,21468.0,308815.33333333343,3.0,,,,4.0,,,,,,3.2857142857142856,,,,,,309.2857142857143,,,,,,321.0,,,,,,79456.0,,,,,,70955.0,,,0,1,TSU,12.0,71603.0,70955.0,
2024,15,24.481012658227847,24.0,25.0,66.32911392405063,64.0,68.0,1002.4455696202531,1002.2,1002.7,False,30.140506329113922,28.3,32.4,206.72151898734177,4.137974683544304,6.0,VER,27672.777777777777,30273.785714285714,25558.53846153846,24073.0,24731.0,21126.0,507241.5,4.0,,,,5.0,,,,,,2.0,,,,,,320.75,,,,,,322.0,,,,,,70613.75,,,,,,70029.0,,,0,1,VER,2.0,71393.0,70811.0,70029.0
2024,15,24.481012658227847,24.0,25.0,66.32911392405063,64.0,68.0,1002.4455696202531,1002.2,1002.7,False,30.140506329113922,28.3,32.4,206.72151898734177,4.137974683544304,6.0,ZHO,28863.5,30587.88888888889,27251.222222222223,25036.0,25863.0,21921.0,155894.5,2.0,,,,3.0,,,,,,2.0,,,,,,319.6666666666667,,,,,,320.0,,,,,,73576.0,,,,,,73261.0,,,0,1,ZHO,18.0,73261.0,,
2024,16,33.44556962025316,33.0,33.9,36.835443037974684,35.0,39.0,995.867088607595,995.6,996.3,False,48.73037974683544,46.2,51.0,199.78481012658227,1.370886075949367,3.0,ALB,31289.75,32403.0,31163.29411764706,26395.0,27071.0,26769.0,391955.8,5.0,,,,6.0,,,,,,3.0,,,,,,313.3333333333333,,,,,,315.0,,,,,,80550.83333333333,,,,,,80299.0,,,0,1,ALB,9.0,80542.0,80314.0,80299.0
2024,16,33.44556962025316,33.0,33.9,36.835443037974684,35.0,39.0,995.867088607595,995.6,996.3,False,48.73037974683544,46.2,51.0,199.78481012658227,1.370886075949367,3.0,ALO,29519.285714285714,32765.636363636364,34255.181818181816,26424.0,27131.0,26827.0,430914.3333333333,3.0,,,,4.0,,,,,,2.6666666666666665,,,,,,310.3333333333333,,,,,,312.0,,,,,,80536.0,,,,,,80421.0,,,0,1,ALO,11.0,80617.0,80421.0,
2024,16,33.44556962025316,33.0,33.9,36.835443037974684,35.0,39.0,995.867088607595,995.6,996.3,False,48.73037974683544,46.2,51.0,199.78481012658227,1.370886075949367,3.0,BOT,30436.25,32640.0,33971.833333333336,26572.0,27446.0,26949.0,193689.0,1.0,,,,2.0,,,,,,2.0,,,,,,292.5,,,,,,311.0,,,,,,82284.0,,,,,,81101.0,,,0,1,BOT,19.0,81101.0,,
2024,16,33.44556962025316,33.0,33.9,36.835443037974684,35.0,39.0,995.867088607595,995.6,996.3,False,48.73037974683544,46.2,51.0,199.78481012658227,1.370886075949367,3.0,COL,32876.25,31975.5,31791.5,26613.0,27420.0,27028.0,302977.0,1.0,,,,2.0,,,,,,2.0,,,,,,312.5,,,,,,314.0,,,,,,81796.0,,,,,,81061.0,,,0,1,COL,18.0,81061.0,,
2024,16,33.44556962025316,33.0,33.9,36.835443037974684,35.0,39.0,995.867088607595,995.6,996.3,False,48.73037974683544,46.2,51.0,199.78481012658227,1.370886075949367,3.0,GAS,30991.363636363636,32720.125,34696.1875,26473.0,27263.0,26911.0,275213.25,4.0,,,,5.0,,,,,,3.5,,,,,,316.5,,,,,,319.0,,,,,,88632.0,,,,,,80738.0,,,0,1,GAS,14.0,80748.0,80738.0,
2024,16,33.44556962025316,33.0,33.9,36.835443037974684,35.0,39.0,995.867088607595,995.6,996.3,False,48.73037974683544,46.2,51.0,199.78481012658227,1.370886075949367,3.0,HAM,31720.416666666668,33671.72222222222,32642.41176470588,26381.0,26672.0,26379.0,365747.6,5.0,,,,6.0,,,,,,3.0,,,,,,314.6666666666667,,,,,,316.0,,,,,,79960.5,,,,,,79513.0,,,0,1,HAM,6.0,80477.0,79641.0,79513.0
2024,16,33.44556962025316,33.0,33.9,36.835443037974684,35.0,39.0,995.867088607595,995.6,996.3,False,48.73037974683544,46.2,51.0,199.78481012658227,1.370886075949367,3.0,HUL,29186.75,32498.333333333332,32895.82352941176,26341.0,27074.0,26763.0,423978.6,5.0,,,,6.0,,,,,,3.0,,,,,,312.6666666666667,,,,,,317.0,,,,,,80620.83333333333,,,,,,80339.0,,,0,1,HUL,10.0,80781.0,80411.0,80339.0
2024,16,33.44556962025316,33.0,33.9,36.835443037974684,35.0,39.0,995.867088607595,995.6,996.3,False,48.73037974683544,46.2,51.0,199.78481012658227,1.370886075949367,3.0,LEC,31847.933333333334,32370.47619047619,32586.85,26373.0,26732.0,26356.0,307592.8333333333,6.0,,,,7.0,,,,,,3.375,,,,,,315.5,,,,,,318.0,,,,,,85664.0,,,,,,79461.0,,,0,1,LEC,4.0,80074.0,80007.0,79461.0
2024,16,33.44556962025316,33.0,33.9,36.835443037974684,35.0,39.0,995.867088607595,995.6,996.3,False,48.73037974683544,46.2,51.0,199.78481012658227,1.370886075949367,3.0,MAG,31260.85714285714,33377.09090909091,33664.818181818184,26466.0,27107.0,26869.0,501187.3333333333,3.0,,,,4.0,,,,,,3.0,,,,,,313.6666666666667,,,,,,315.0,,,,,,80829.0,,,,,,80698.0,,,0,1,MAG,13.0,80856.0,80698.0,
2024,16,33.44556962025316,33.0,33.9,36.835443037974684,35.0,39.0,995.867088607595,995.6,996.3,False,48.73037974683544,46.2,51.0,199.78481012658227,1.370886075949367,3.0,NOR,29338.0,33662.5,32105.909090909092,26395.0,26579.0,26253.0,852808.3333333334,3.0,,,,4.0,,,,,,2.0,,,,,,312.75,,,,,,315.0,,,,,,79591.5,,,,,,79327.0,,,0,1,NOR,1.0,79911.0,79727.0,79327.0
2024,16,33.44556962025316,33.0,33.9,36.835443037974684,35.0,39.0,995.867088607595,995.6,996.3,False,48.73037974683544,46.2,51.0,199.78481012658227,1.370886075949367,3.0,OCO,30701.636363636364,32435.875,34562.6875,26436.0,27264.0,26912.0,279178.25,4.0,,,,5.0,,,,,,3.5,,,,,,316.3333333333333,,,,,,319.0,,,,,,88077.0,,,,,,80764.0,,,0,1,OCO,15.0,80764.0,80766.0,
2024,16,33.44556962025316,33.0,33.9,36.835443037974684,35.0,39.0,995.867088607595,995.6,996.3,False,48.73037974683544,46.2,51.0,199.78481012658227,1.370886075949367,3.0,PER,30321.272727272728,32959.82352941176,32753.5625,26488.0,27034.0,26532.0,395226.1999999999,5.0,,,,5.0,,,,,,3.2,,,,,,313.4,,,,,,315.0,,,,,,80477.6,,,,,,80062.0,,,0,1,PER,8.0,80598.0,80216.0,80062.0
2024,16,33.44556962025316,33.0,33.9,36.835443037974684,35.0,39.0,995.867088607595,995.6,996.3,False,48.73037974683544,46.2,51.0,199.78481012658227,1.370886075949367,3.0,PIA,31211.384615384617,33596.52631578947,32212.11111111111,26399.0,26643.0,26386.0,369385.20000000007,5.0,,,,6.0,,,,,,3.142857142857143,,,,,,314.42857142857144,,,,,,317.0,,,,,,84232.14285714286,,,,,,79436.0,,,0,1,PIA,2.0,80076.0,79808.0,79436.0
2024,16,33.44556962025316,33.0,33.9,36.835443037974684,35.0,39.0,995.867088607595,995.6,996.3,False,48.73037974683544,46.2,51.0,199.78481012658227,1.370886075949367,3.0,RIC,30762.0,32674.25,33684.916666666664,26363.0,27141.0,26954.0,422770.3333333333,3.0,,,,4.0,,,,,,2.75,,,,,,314.0,,,,,,315.0,,,,,,80928.0,,,,,,80479.0,,,0,1,RIC,12.0,80901.0,80479.0,
2024,16,33.44556962025316,33.0,33.9,36.835443037974684,35.0,39.0,995.867088607595,995.6,996.3,False,48.73037974683544,46.2,51.0,199.78481012658227,1.370886075949367,3.0,RUS,30622.0,33401.77777777778,33444.0,26296.0,26836.0,26300.0,365723.6,5.0,,,,6.0,,,,,,3.0,,,,,,315.0,,,,,,316.0,,,,,,79913.66666666667,,,,,,79440.0,,,0,1,RUS,3.0,80169.0,79877.0,79440.0
2024,16,33.44556962025316,33.0,33.9,36.835443037974684,35.0,39.0,995.867088607595,995.6,996.3,False,48.73037974683544,46.2,51.0,199.78481012658227,1.370886075949367,3.0,SAI,32767.53846153846,32881.055555555555,32516.529411764706,26223.0,26823.0,26421.0,422675.0,5.0,,,,6.0,,,,,,3.142857142857143,,,,,,316.0,,,,,,320.0,,,,,,86442.0,,,,,,79467.0,,,0,1,SAI,5.0,80149.0,79799.0,79467.0
2024,16,33.44556962025316,33.0,33.9,36.835443037974684,35.0,39.0,995.867088607595,995.6,996.3,False,48.73037974683544,46.2,51.0,199.78481012658227,1.370886075949367,3.0,STR,30520.25,32884.333333333336,33651.333333333336,26575.0,27180.0,27185.0,204276.0,1.0,,,,2.0,,,,,,2.0,,,,,,309.5,,,,,,312.0,,,,,,81103.0,,,,,,81013.0,,,0,1,STR,17.0,81013.0,,
2024,16,33.44556962025316,33.0,33.9,36.835443037974684,35.0,39.0,995.867088607595,995.6,996.3,False,48.73037974683544,46.2,51.0,199.78481012658227,1.370886075949367,3.0,TSU,29662.5,34028.833333333336,33640.166666666664,26540.0,27386.0,26967.0,347352.0,1.0,,,,2.0,,,,,,2.0,,,,,,311.5,,,,,,314.0,,,,,,81006.5,,,,,,80945.0,,,0,1,TSU,16.0,80945.0,,
2024,16,33.44556962025316,33.0,33.9,36.835443037974684,35.0,39.0,995.867088607595,995.6,996.3,False,48.73037974683544,46.2,51.0,199.78481012658227,1.370886075949367,3.0,VER,30906.083333333332,33121.27777777778,32812.17647058824,26389.0,26656.0,26579.0,385526.2,5.0,,,,6.0,,,,,,3.0,,,,,,289.6666666666667,,,,,,317.0,,,,,,80444.66666666667,,,,,,79662.0,,,0,1,VER,7.0,80226.0,79662.0,80022.0
2024,16,33.44556962025316,33.0,33.9,36.835443037974684,35.0,39.0,995.867088607595,995.6,996.3,False,48.73037974683544,46.2,51.0,199.78481012658227,1.370886075949367,3.0,ZHO,29345.5,32167.0,33345.77777777778,26500.0,27485.0,27052.0,129587.5,2.0,,,,3.0,,,,,,2.0,,,,,,313.0,,,,,,316.0,,,,,,81642.33333333333,,,,,,81445.0,,,0,1,ZHO,20.0,81445.0,,
2024,17,27.024358974358975,26.1,27.8,36.51282051282051,32.0,43.0,1016.1615384615385,1015.9,1016.5,False,36.74871794871795,33.3,38.5,124.38461538461539,1.4166666666666667,3.0,ALB,43548.307692307695,47305.26315789474,27896.722222222223,36338.0,41353.0,24831.0,267114.6000000001,5.0,,,,5.0,,,,,,3.2857142857142856,,,,,,339.7142857142857,,,,,,348.0,,,,,,108403.28571428571,,,,,,102840.0,,,0,8,ALB,10.0,102899.0,102840.0,102859.0
2024,17,27.024358974358975,26.1,27.8,36.51282051282051,32.0,43.0,1016.1615384615385,1015.9,1016.5,False,36.74871794871795,33.3,38.5,124.38461538461539,1.4166666666666667,3.0,ALO,41255.53846153846,48172.94736842105,28955.722222222223,36064.0,41611.0,24524.0,279579.2,5.0,,,,6.0,,,,,,3.0,,,,,,343.7142857142857,,,,,,345.0,,,,,,105771.42857142857,,,,,,102369.0,,,0,8,ALO,8.0,103472.0,102426.0,102369.0
2024,17,27.024358974358975,26.1,27.8,36.51282051282051,32.0,43.0,1016.1615384615385,1015.9,1016.5,False,36.74871794871795,33.3,38.5,124.38461538461539,1.4166666666666667,3.0,BEA,40669.6,48322.142857142855,28140.5,36032.0,41689.0,24978.0,255197.66666666666,3.0,,,,4.0,,,,,,3.0,,,,,,336.0,,,,,,338.0,,,,,,109568.5,,,,,,102968.0,,,0,8,BEA,11.0,103471.0,102968.0,
2024,17,27.024358974358975,26.1,27.8,36.51282051282051,32.0,43.0,1016.1615384615385,1015.9,1016.5,False,36.74871794871795,33.3,38.5,124.38461538461539,1.4166666666666667,3.0,BOT,43274.8,49712.142857142855,30063.571428571428,36474.0,42320.0,24824.0,213938.0,1.0,,,,2.0,,,,,,2.3333333333333335,,,,,,341.3333333333333,,,,,,346.0,,,,,,116156.33333333333,,,,,,103618.0,,,0,8,BOT,17.0,103618.0,,
2024,17,27.024358974358975,26.1,27.8,36.51282051282051,32.0,43.0,1016.1615384615385,1015.9,1016.5,False,36.74871794871795,33.3,38.5,124.38461538461539,1.4166666666666667,3.0,COL,41398.28571428572,47784.0,27637.947368421053,36158.0,41403.0,24766.0,266367.4,5.0,,,,6.0,,,,,,3.125,,,,,,338.125,,,,,,342.0,,,,,,107307.5,,,,,,102473.0,,,0,8,COL,9.0,103138.0,102473.0,102530.0
2024,17,27.024358974358975,26.1,27.8,36.51282051282051,32.0,43.0,1016.1615384615385,1015.9,1016.5,False,36.74871794871795,33.3,38.5,124.38461538461539,1.4166666666666667,3.0,GAS,45292.0,47456.73333333333,29371.666666666668,36266.0,41823.0,24890.0,178316.0,4.0,,,,5.0,,,,,,2.6,,,,,,338.4,,,,,,340.0,,,,,,103803.8,,,,,,103088.0,,,0,8,GAS,15.0,,103179.0,
2024,17,27.024358974358975,26.1,27.8,36.51282051282051,32.0,43.0,1016.1615384615385,1015.9,1016.5,False,36.74871794871795,33.3,38.5,124.38461538461539,1.4166666666666667,3.0,HAM,44773.882352941175,48985.954545454544,28331.04761904762,36174.0,41407.0,24651.0,206599.0,5.0,,,1.0,6.0,,,,,2.5,3.2222222222222223,,,,,338.0,324.6666666666667,,,,,338.0,343.0,,,,,114774.0,114748.11111111111,,,,,104341.0,102289.0,,,0,8,HAM,7.0,103089.0,102765.0,102289.0
2024,17,27.024358974358975,26.1,27.8,36.51282051282051,32.0,43.0,1016.1615384615385,1015.9,1016.5,False,36.74871794871795,33.3,38.5,124.38461538461539,1.4166666666666667,3.0,HUL,41405.2,47642.357142857145,28655.0,36337.0,41822.0,24849.0,275533.6666666667,3.0,,,,4.0,,,,,,3.0,,,,,,337.8333333333333,,,,,,343.0,,,,,,110000.0,,,,,,103101.0,,,0,8,HUL,13.0,103101.0,103191.0,
2024,17,27.024358974358975,26.1,27.8,36.51282051282051,32.0,43.0,1016.1615384615385,1015.9,1016.5,False,36.74871794871795,33.3,38.5,124.38461538461539,1.4166666666666667,3.0,LEC,45427.4375,49412.45,27886.526315789473,35702.0,40813.0,24825.0,312896.7500000001,4.0,,,,5.0,,,,,,3.5,,,,,,330.4,,,,,,342.0,,,,,,113807.4,,,,,,101365.0,,,0,8,LEC,1.0,102775.0,102056.0,101365.0
2024,17,27.024358974358975,26.1,27.8,36.51282051282051,32.0,43.0,1016.1615384615385,1015.9,1016.5,False,36.74871794871795,33.3,38.5,124.38461538461539,1.4166666666666667,3.0,NOR,42002.8,49489.0,29796.714285714286,36397.0,41568.0,24803.0,158661.0,1.0,,,,1.0,,,,,,3.0,,,,,,338.3333333333333,,,,,,341.0,,,,,,116278.33333333333,,,,,,103609.0,,,0,8,NOR,16.0,103609.0,,
2024,17,27.024358974358975,26.1,27.8,36.51282051282051,32.0,43.0,1016.1615384615385,1015.9,1016.5,False,36.74871794871795,33.3,38.5,124.38461538461539,1.4166666666666667,3.0,OCO,43269.0,48270.28571428572,33905.5,36916.0,42214.0,25174.0,54488.5,2.0,,,,2.0,,,,,,1.6666666666666667,,,,,,341.0,,,,,,342.0,,,,,,116615.0,,,,,,104504.0,,,0,8,OCO,19.0,104504.0,,
2024,17,27.024358974358975,26.1,27.8,36.51282051282051,32.0,43.0,1016.1615384615385,1015.9,1016.5,False,36.74871794871795,33.3,38.5,124.38461538461539,1.4166666666666667,3.0,PER,41325.818181818184,47042.2,28512.428571428572,35649.0,41043.0,24966.0,639381.6666666666,3.0,,,,4.0,,,,,,2.857142857142857,,,,,,332.57142857142856,,,,,,340.0,,,,,,111144.28571428571,,,,,,101813.0,,,0,8,PER,4.0,103213.0,102263.0,101813.0
2024,17,27.024358974358975,26.1,27.8,36.51282051282051,32.0,43.0,1016.1615384615385,1015.9,1016.5,False,36.74871794871795,33.3,38.5,124.38461538461539,1.4166666666666667,3.0,PIA,42087.61538461538,49903.10526315789,28705.666666666668,35782.0,40972.0,24803.0,262074.4,5.0,,,,6.0,,,,,,3.4285714285714284,,,,,,337.0,,,,,,342.0,,,,,,108163.71428571429,,,,,,101686.0,,,0,8,PIA,2.0,103033.0,102598.0,101686.0
2024,17,27.024358974358975,26.1,27.8,36.51282051282051,32.0,43.0,1016.1615384615385,1015.9,1016.5,False,36.74871794871795,33.3,38.5,124.38461538461539,1.4166666666666667,3.0,RIC,46903.125,50019.22222222222,27787.666666666668,36854.0,41617.0,24961.0,24615.0,1.0,,,,2.0,,,,,,2.8,,,,,,341.2,,,,,,347.0,,,,,,118412.2,,,,,,103547.0,,,0,8,RIC,15.0,103547.0,,
2024,17,27.024358974358975,26.1,27.8,36.51282051282051,32.0,43.0,1016.1615384615385,1015.9,1016.5,False,36.74871794871795,33.3,38.5,124.38461538461539,1.4166666666666667,3.0,RUS,44478.73333333333,49488.75,28041.36842105263,36045.0,41052.0,24602.0,262971.8,5.0,,,1.0,6.0,,,,,2.5,2.5714285714285716,,,,,343.5,307.42857142857144,,,,,347.0,341.0,,,,,114556.0,113454.71428571429,,,,,104548.0,101874.0,,,0,8,RUS,5.0,103139.0,102329.0,101874.0
2024,17,27.024358974358975,26.1,27.8,36.51282051282051,32.0,43.0,1016.1615384615385,1015.9,1016.5,False,36.74871794871795,33.3,38.5,124.38461538461539,1.4166666666666667,3.0,SAI,45290.0,51963.47826086957,28871.363636363636,35716.0,41138.0,24908.0,189099.0,4.0,,,,5.0,,,,,,4.25,,,,,,321.5,,,,,,342.0,,,,,,120614.83333333333,,,,,,101805.0,,,0,8,SAI,3.0,103357.0,102503.0,101805.0
2024,17,27.024358974358975,26.1,27.8,36.51282051282051,32.0,43.0,1016.1615384615385,1015.9,1016.5,False,36.74871794871795,33.3,38.5,124.38461538461539,1.4166666666666667,3.0,STR,41395.6,49205.28571428572,29371.5,36487.0,41892.0,24899.0,243772.66666666666,3.0,,,,4.0,,,,,,3.0,,,,,,340.0,,,,,,343.0,,,,,,109573.83333333333,,,,,,103370.0,,,0,8,STR,14.0,103370.0,103404.0,
2024,17,27.024358974358975,26.1,27.8,36.51282051282051,32.0,43.0,1016.1615384615385,1015.9,1016.5,False,36.74871794871795,33.3,38.5,124.38461538461539,1.4166666666666667,3.0,TSU,43649.833333333336,47993.625,29216.5625,36510.0,41578.0,24818.0,171489.66666666666,3.0,,,,4.0,,,,,,3.375,,,,,,342.75,,,,,,350.0,,,,,,113073.25,,,,,,103035.0,,,0,8,TSU,12.0,103337.0,103035.0,
2024,17,27.024358974358975,26.1,27.8,36.51282051282051,32.0,43.0,1016.1615384615385,1015.9,1016.5,False,36.74871794871795,33.3,38.5,124.38461538461539,1.4166666666666667,3.0,VER,40001.57142857143,46948.85,27865.63157894737,35897.0,41014.0,24781.0,271999.8,5.0,,,,6.0,,,,,,3.375,,,,,,334.75,,,,,,343.0,,,,,,107338.5,,,,,,102023.0,,,0,8,VER,6.0,103097.0,102042.0,102023.0
2024,17,27.024358974358975,26.1,27.8,36.51282051282051,32.0,43.0,1016.1615384615385,1015.9,1016.5,False,36.74871794871795,33.3,38.5,124.38461538461539,1.4166666666666667,3.0,ZHO,43493.25,48911.7,29625.0,36851.0,42428.0,24967.0,97604.0,1.0,,,,2.0,,,,,,3.0,,,,,,338.6666666666667,,,,,,342.0,,,,,,116371.5,,,,,,104246.0,,,0,8,ZHO,18.0,104246.0,,
2024,18,29.433333333333334,29.1,29.7,79.03225806451613,78.0,81.0,1007.5903225806451,1007.1,1008.2,False,31.96344086021505,31.0,32.7,192.81720430107526,1.3580645161290321,2.1,ALB,31047.75,47295.083333333336,35282.833333333336,26839.0,38060.0,25575.0,332935.0,3.0,,,,4.0,,,,,,2.0,,,,,,254.5,,,,,,256.0,,,,,,90887.5,,,,,,90474.0,,,1,1,ALB,11.0,90679.0,90474.0,
2024,18,29.433333333333334,29.1,29.7,79.03225806451613,78.0,81.0,1007.5903225806451,1007.1,1008.2,False,31.96344086021505,31.0,32.7,192.81720430107526,1.3580645161290321,2.1,ALO,31117.3,48326.875,33675.86666666667,26647.0,38130.0,25437.0,464001.2,5.0,,,,6.0,,,,,,2.0,,,,,,257.2,,,,,,258.0,,,,,,90668.6,,,,,,90214.0,,,1,1,ALO,7.0,90684.0,90450.0,90214.0
2024,18,29.433333333333334,29.1,29.7,79.03225806451613,78.0,81.0,1007.5903225806451,1007.1,1008.2,False,31.96344086021505,31.0,32.7,192.81720430107526,1.3580645161290321,2.1,BOT,35325.857142857145,46356.11111111111,35027.77777777778,27189.0,38400.0,25963.0,102246.0,2.0,,,,3.0,,,,,,2.0,,,,,,253.33333333333334,,,,,,255.0,,,,,,92190.33333333333,,,,,,91572.0,,,1,1,BOT,19.0,91572.0,,
2024,18,29.433333333333334,29.1,29.7,79.03225806451613,78.0,81.0,1007.5903225806451,1007.1,1008.2,False,31.96344086021505,31.0,32.7,192.81720430107526,1.3580645161290321,2.1,COL,32559.0,46851.083333333336,36743.416666666664,26841.0,37939.0,25656.0,315992.3333333333,3.0,,,,4.0,,,,,,2.75,,,,,,253.75,,,,,,255.0,,,,,,91328.75,,,,,,90481.0,,,1,1,COL,12.0,90704.0,90481.0,
2024,18,29.433333333333334,29.1,29.7,79.03225806451613,78.0,81.0,1007.5903225806451,1007.1,1008.2,False,31.96344086021505,31.0,32.7,192.81720430107526,1.3580645161290321,2.1,GAS,35034.71428571428,44751.11111111111,39557.77777777778,27088.0,38568.0,25648.0,123929.0,2.0,,,,3.0,,,,,,1.75,,,,,,254.5,,,,,,256.0,,,,,,104999.25,,,,,,91312.0,,,1,1,GAS,18.0,91312.0,,
2024,18,29.433333333333334,29.1,29.7,79.03225806451613,78.0,81.0,1007.5903225806451,1007.1,1008.2,False,31.96344086021505,31.0,32.7,192.81720430107526,1.3580645161290321,2.1,HAM,31356.3,46134.86666666667,34706.57142857143,26556.0,37797.0,25228.0,515919.8,5.0,,,,6.0,,,,,,2.0,,,,,,256.25,,,,,,258.0,,,,,,90379.5,,,,,,89841.0,,,1,1,HAM,3.0,90393.0,89929.0,89841.0
2024,18,29.433333333333334,29.1,29.7,79.03225806451613,78.0,81.0,1007.5903225806451,1007.1,1008.2,False,31.96344086021505,31.0,32.7,192.81720430107526,1.3580645161290321,2.1,HUL,29021.545454545456,45713.64705882353,33766.625,26728.0,37939.0,25300.0,453008.2,5.0,,,,6.0,,,,,,2.5,,,,,,259.5,,,,,,261.0,,,,,,90532.66666666667,,,,,,90115.0,,,1,1,HUL,6.0,90724.0,90150.0,90115.0
2024,18,29.433333333333334,29.1,29.7,79.03225806451613,78.0,81.0,1007.5903225806451,1007.1,1008.2,False,31.96344086021505,31.0,32.7,192.81720430107526,1.3580645161290321,2.1,LEC,31954.5,44587.444444444445,35480.294117647056,26533.0,37759.0,25419.0,486270.8,5.0,,,,6.0,,,,,,3.142857142857143,,,,,,242.0,,,,,,262.0,,,,,,101871.28571428571,,,,,,89747.0,,,1,1,LEC,9.0,90786.0,89747.0,
2024,18,29.433333333333334,29.1,29.7,79.03225806451613,78.0,81.0,1007.5903225806451,1007.1,1008.2,False,31.96344086021505,31.0,32.7,192.81720430107526,1.3580645161290321,2.1,MAG,30528.625,46220.25,34197.0,26864.0,38268.0,25496.0,272783.3333333333,3.0,,,,4.0,,,,,,2.0,,,,,,259.5,,,,,,261.0,,,,,,90900.0,,,,,,90653.0,,,1,1,MAG,14.0,90829.0,90653.0,
2024,18,29.433333333333334,29.1,29.7,79.03225806451613,78.0,81.0,1007.5903225806451,1007.1,1008.2,False,31.96344086021505,31.0,32.7,192.81720430107526,1.3580645161290321,2.1,NOR,29693.1,46849.0625,35388.5,26493.0,37630.0,25296.0,536228.8,5.0,,,,6.0,,,,,,2.75,,,,,,259.0,,,,,,261.0,,,,,,90064.5,,,,,,89525.0,,,1,1,NOR,1.0,90002.0,90007.0,89525.0
2024,18,29.433333333333334,29.1,29.7,79.03225806451613,78.0,81.0,1007.5903225806451,1007.1,1008.2,False,31.96344086021505,31.0,32.7,192.81720430107526,1.3580645161290321,2.1,OCO,33188.27272727273,47781.333333333336,35939.86666666667,26993.0,38296.0,25480.0,186482.74999999994,4.0,,,,5.0,,,,,,2.6,,,,,,258.4,,,,,,260.0,,,,,,91459.0,,,,,,90769.0,,,1,1,OCO,15.0,90958.0,90769.0,
2024,18,29.433333333333334,29.1,29.7,79.03225806451613,78.0,81.0,1007.5903225806451,1007.1,1008.2,False,31.96344086021505,31.0,32.7,192.81720430107526,1.3580645161290321,2.1,PER,31655.6,44704.28571428572,36440.57142857143,26822.0,38143.0,25489.0,320693.0,3.0,,,,4.0,,,,,,2.5,,,,,,257.0,,,,,,259.0,,,,,,97057.33333333333,,,,,,90579.0,,,1,1,PER,13.0,90624.0,90579.0,
2024,18,29.433333333333334,29.1,29.7,79.03225806451613,78.0,81.0,1007.5903225806451,1007.1,1008.2,False,31.96344086021505,31.0,32.7,192.81720430107526,1.3580645161290321,2.1,PIA,31412.090909090908,46858.76470588235,34701.9375,26603.0,37652.0,25284.0,485582.8,5.0,,,,6.0,,,,,,2.5,,,,,,257.6666666666667,,,,,,261.0,,,,,,90197.16666666667,,,,,,89640.0,,,1,1,PIA,5.0,90258.0,89640.0,89953.0
2024,18,29.433333333333334,29.1,29.7,79.03225806451613,78.0,81.0,1007.5903225806451,1007.1,1008.2,False,31.96344086021505,31.0,32.7,192.81720430107526,1.3580645161290321,2.1,RIC,34284.25,48400.166666666664,37023.666666666664,27079.0,38308.0,25698.0,180708.0,1.0,,,,2.0,,,,,,2.0,,,,,,257.0,,,,,,257.0,,,,,,91328.0,,,,,,91085.0,,,1,1,RIC,16.0,91085.0,,
2024,18,29.433333333333334,29.1,29.7,79.03225806451613,78.0,81.0,1007.5903225806451,1007.1,1008.2,False,31.96344086021505,31.0,32.7,192.81720430107526,1.3580645161290321,2.1,RUS,31780.636363636364,47056.1875,35256.21428571428,26667.0,37913.0,25227.0,493327.8,5.0,,,,6.0,,,,,,2.6,,,,,,257.4,,,,,,261.0,,,,,,90591.4,,,,,,89867.0,,,1,1,RUS,4.0,90811.0,90153.0,89867.0
2024,18,29.433333333333334,29.1,29.7,79.03225806451613,78.0,81.0,1007.5903225806451,1007.1,1008.2,False,31.96344086021505,31.0,32.7,192.81720430107526,1.3580645161290321,2.1,SAI,33395.181818181816,47421.6875,36080.142857142855,26750.0,37866.0,25492.0,293159.25,4.0,,,,4.0,,,,,,3.142857142857143,,,,,,258.85714285714283,,,,,,261.0,,,,,,102321.28571428571,,,,,,90108.0,,,1,1,SAI,10.0,90670.0,90108.0,
2024,18,29.433333333333334,29.1,29.7,79.03225806451613,78.0,81.0,1007.5903225806451,1007.1,1008.2,False,31.96344086021505,31.0,32.7,192.81720430107526,1.3580645161290321,2.1,STR,30588.25,47607.0,39245.666666666664,26873.0,38530.0,25691.0,255831.0,1.0,,,,2.0,,,,,,2.0,,,,,,254.5,,,,,,255.0,,,,,,91841.0,,,,,,91094.0,,,1,1,STR,17.0,91094.0,,
2024,18,29.433333333333334,29.1,29.7,79.03225806451613,78.0,81.0,1007.5903225806451,1007.1,1008.2,False,31.96344086021505,31.0,32.7,192.81720430107526,1.3580645161290321,2.1,TSU,31225.090909090908,47689.0625,33093.8,26769.0,37897.0,25536.0,480078.8,5.0,,,,6.0,,,,,,2.0,,,,,,257.2,,,,,,258.0,,,,,,90642.4,,,,,,90289.0,,,1,1,TSU,8.0,90716.0,90289.0,90354.0
2024,18,29.433333333333334,29.1,29.7,79.03225806451613,78.0,81.0,1007.5903225806451,1007.1,1008.2,False,31.96344086021505,31.0,32.7,192.81720430107526,1.3580645161290321,2.1,VER,31311.454545454544,44479.35294117647,34262.5,26560.0,37663.0,25361.0,470223.4,5.0,,,,6.0,,,,,,2.5,,,,,,244.83333333333334,,,,,,262.0,,,,,,90096.83333333333,,,,,,89680.0,,,1,1,VER,2.0,90157.0,89680.0,89728.0
2024,18,29.433333333333334,29.1,29.7,79.03225806451613,78.0,81.0,1007.5903225806451,1007.1,1008.2,False,31.96344086021505,31.0,32.7,192.81720430107526,1.3580645161290321,2.1,ZHO,35111.0,47613.11111111111,33878.11111111111,27236.0,38783.0,26035.0,112062.5,2.0,,,,3.0,,,,,,1.75,,,,,,252.75,,,,,,256.0,,,,,,106823.5,,,,,,92054.0,,,1,1,ZHO,20.0,92054.0,,
2024,19,28.561333333333334,28.1,29.0,38.653333333333336,37.0,41.0,1005.4373333333334,1005.3,1005.6,False,38.217333333333336,35.9,39.8,173.21333333333334,2.2253333333333334,4.7,ALB,42343.333333333336,44956.875,37374.125,25249.0,37720.0,30998.0,130821.0,2.0,,,,3.0,,,,,,2.0,,,,,,210.0,,,,,,210.0,,,,,,94076.5,,,,,,94051.0,,,0,1,ALB,16.0,94051.0,,
2024,19,28.561333333333334,28.1,29.0,38.653333333333336,37.0,41.0,1005.4373333333334,1005.3,1005.6,False,38.217333333333336,35.9,39.8,173.21333333333334,2.2253333333333334,4.7,ALO,33624.61538461538,44357.333333333336,37063.944444444445,25261.0,37286.0,30683.0,289597.8,5.0,,,,6.0,,,,,,2.5,,,,,,210.33333333333334,,,,,,212.0,,,,,,93855.33333333333,,,,,,93309.0,,,0,1,ALO,8.0,93973.0,93429.0,93309.0
2024,19,28.561333333333334,28.1,29.0,38.653333333333336,37.0,41.0,1005.4373333333334,1005.3,1005.6,False,38.217333333333336,35.9,39.8,173.21333333333334,2.2253333333333334,4.7,BOT,36585.28571428572,43565.0,39452.333333333336,25454.0,37564.0,31058.0,106403.0,2.0,,,,3.0,,,,,,2.0,,,,,,212.0,,,,,,212.0,,,,,,94374.66666666667,,,,,,94152.0,,,0,1,BOT,18.0,94152.0,,
2024,19,28.561333333333334,28.1,29.0,38.653333333333336,37.0,41.0,1005.4373333333334,1005.3,1005.6,False,38.217333333333336,35.9,39.8,173.21333333333334,2.2253333333333334,4.7,COL,28293.666666666668,45695.833333333336,40053.166666666664,25517.0,37591.0,30954.0,159654.0,2.0,,,,2.0,,,,,,2.0,,,,,,208.0,,,,,,208.0,,,,,,94062.0,,,,,,94062.0,,,0,1,COL,17.0,94062.0,,
2024,19,28.561333333333334,28.1,29.0,38.653333333333336,37.0,41.0,1005.4373333333334,1005.3,1005.6,False,38.217333333333336,35.9,39.8,173.21333333333334,2.2253333333333334,4.7,GAS,32289.928571428572,43281.65,37666.2,25065.0,37217.0,30531.0,222219.16666666672,6.0,,,,6.0,,,,,,2.5,,,,,,212.0,,,,,,214.0,,,,,,93852.33333333333,,,,,,93018.0,,,0,1,GAS,7.0,93550.0,93162.0,93018.0
2024,19,28.561333333333334,28.1,29.0,38.653333333333336,37.0,41.0,1005.4373333333334,1005.3,1005.6,False,38.217333333333336,35.9,39.8,173.21333333333334,2.2253333333333334,4.7,HAM,32246.75,44359.166666666664,38570.833333333336,25267.0,37811.0,31076.0,100461.0,1.0,,,,2.0,,,,,,3.5,,,,,,209.0,,,,,,210.0,,,,,,94666.0,,,,,,94154.0,,,0,1,HAM,19.0,94154.0,,
2024,19,28.561333333333334,28.1,29.0,38.653333333333336,37.0,41.0,1005.4373333333334,1005.3,1005.6,False,38.217333333333336,35.9,39.8,173.21333333333334,2.2253333333333334,4.7,HUL,28869.0,44556.5,39415.5,25343.0,37215.0,30564.0,273717.0,3.0,,,,4.0,,,,,,2.0,,,,,,210.5,,,,,,212.0,,,,,,93666.75,,,,,,93544.0,,,0,1,HUL,12.0,93601.0,93544.0,
2024,19,28.561333333333334,28.1,29.0,38.653333333333336,37.0,41.0,1005.4373333333334,1005.3,1005.6,False,38.217333333333336,35.9,39.8,173.21333333333334,2.2253333333333334,4.7,LAW,35674.333333333336,45991.27272727273,37763.454545454544,25231.0,37333.0,30775.0,208665.4,5.0,,,,3.0,,,,,,2.0,,,,,,212.0,,,,,,213.0,,,,,,93624.0,,,,,,93339.0,,,0,1,LAW,15.0,93339.0,,
2024,19,28.561333333333334,28.1,29.0,38.653333333333336,37.0,41.0,1005.4373333333334,1005.3,1005.6,False,38.217333333333336,35.9,39.8,173.21333333333334,2.2253333333333334,4.7,LEC,29827.285714285714,43757.9,38428.45,25095.0,37055.0,30463.0,264717.4,5.0,,,,5.0,,,,,,3.875,,,,,,194.5,,,,,,213.0,,,,,,104843.375,,,,,,92740.0,,,0,1,LEC,4.0,93241.0,92962.0,92740.0
2024,19,28.561333333333334,28.1,29.0,38.653333333333336,37.0,41.0,1005.4373333333334,1005.3,1005.6,False,38.217333333333336,35.9,39.8,173.21333333333334,2.2253333333333334,4.7,MAG,29151.454545454544,43819.0,37399.76470588235,25177.0,37229.0,30697.0,273520.2,5.0,,,,5.0,,,,,,3.2,,,,,,210.2,,,,,,211.0,,,,,,93655.2,,,,,,93474.0,,,0,1,MAG,9.0,93564.0,93474.0,93481.0
2024,19,28.561333333333334,28.1,29.0,38.653333333333336,37.0,41.0,1005.4373333333334,1005.3,1005.6,False,38.217333333333336,35.9,39.8,173.21333333333334,2.2253333333333334,4.7,NOR,29690.454545454544,42491.5,39182.0,24992.0,36887.0,30451.0,449233.25,4.0,,,,4.0,,,,,,3.0,,,,,,197.66666666666666,,,,,,213.0,,,,,,107161.5,,,,,,92330.0,,,0,1,NOR,1.0,93616.0,92851.0,92330.0
2024,19,28.561333333333334,28.1,29.0,38.653333333333336,37.0,41.0,1005.4373333333334,1005.3,1005.6,False,38.217333333333336,35.9,39.8,173.21333333333334,2.2253333333333334,4.7,OCO,32592.636363636364,43336.26666666667,36521.066666666666,25390.0,37281.0,30777.0,196764.25,4.0,,,,5.0,,,,,,2.0,,,,,,212.0,,,,,,213.0,,,,,,94054.4,,,,,,93597.0,,,0,1,OCO,13.0,93986.0,93597.0,
2024,19,28.561333333333334,28.1,29.0,38.653333333333336,37.0,41.0,1005.4373333333334,1005.3,1005.6,False,38.217333333333336,35.9,39.8,173.21333333333334,2.2253333333333334,4.7,PER,28906.090909090908,43958.529411764706,36954.6875,25071.0,37135.0,30757.0,314765.2,5.0,,,,5.0,,,,,,2.6,,,,,,209.6,,,,,,211.0,,,,,,93481.4,,,,,,93020.0,,,0,1,PER,10.0,93611.0,93020.0,
2024,19,28.561333333333334,28.1,29.0,38.653333333333336,37.0,41.0,1005.4373333333334,1005.3,1005.6,False,38.217333333333336,35.9,39.8,173.21333333333334,2.2253333333333334,4.7,PIA,30477.153846153848,43305.42105263158,38894.42105263158,25250.0,37048.0,30606.0,284954.2,5.0,,,,5.0,,,,,,3.5714285714285716,,,,,,201.14285714285714,,,,,,211.0,,,,,,106253.28571428571,,,,,,92950.0,,,0,1,PIA,5.0,93864.0,93057.0,92950.0
2024,19,28.561333333333334,28.1,29.0,38.653333333333336,37.0,41.0,1005.4373333333334,1005.3,1005.6,False,38.217333333333336,35.9,39.8,173.21333333333334,2.2253333333333334,4.7,RUS,31207.875,45205.21428571428,39443.92857142857,25223.0,37028.0,30687.0,308471.6,5.0,,,,5.0,,,,,,3.0,,,,,,208.75,,,,,,211.0,,,,,,93480.0,,,,,,92974.0,,,0,1,RUS,6.0,93536.0,93142.0,92974.0
2024,19,28.561333333333334,28.1,29.0,38.653333333333336,37.0,41.0,1005.4373333333334,1005.3,1005.6,False,38.217333333333336,35.9,39.8,173.21333333333334,2.2253333333333334,4.7,SAI,30610.69230769231,45051.47368421053,38296.21052631579,24971.0,36984.0,30501.0,278282.8,5.0,,,,5.0,,,,,,3.5714285714285716,,,,,,194.57142857142858,,,,,,212.0,,,,,,106193.85714285714,,,,,,92652.0,,,0,1,SAI,3.0,93556.0,92836.0,92652.0
2024,19,28.561333333333334,28.1,29.0,38.653333333333336,37.0,41.0,1005.4373333333334,1005.3,1005.6,False,38.217333333333336,35.9,39.8,173.21333333333334,2.2253333333333334,4.7,STR,28326.88888888889,42977.21428571428,40193.857142857145,25387.0,37296.0,31009.0,217072.00000000006,4.0,,,,5.0,,,,,,2.0,,,,,,210.5,,,,,,212.0,,,,,,93950.25,,,,,,93759.0,,,0,1,STR,14.0,94033.0,93759.0,
2024,19,28.561333333333334,28.1,29.0,38.653333333333336,37.0,41.0,1005.4373333333334,1005.3,1005.6,False,38.217333333333336,35.9,39.8,173.21333333333334,2.2253333333333334,4.7,TSU,28752.666666666668,44763.92857142857,35985.07142857143,25155.0,37446.0,30891.0,215392.25,4.0,,,,5.0,,,,,,2.0,,,,,,209.5,,,,,,211.0,,,,,,93732.25,,,,,,93506.0,,,0,1,TSU,11.0,93795.0,93506.0,
2024,19,28.561333333333334,28.1,29.0,38.653333333333336,37.0,41.0,1005.4373333333334,1005.3,1005.6,False,38.217333333333336,35.9,39.8,173.21333333333334,2.2253333333333334,4.7,VER,28834.0,43596.882352941175,35893.82352941176,24820.0,36986.0,30507.0,311877.8,5.0,,,,5.0,,,,,,3.2,,,,,,210.0,,,,,,211.0,,,,,,92946.6,,,,,,92361.0,,,0,1,VER,2.0,93046.0,92584.0,92361.0
2024,19,28.561333333333334,28.1,29.0,38.653333333333336,37.0,41.0,1005.4373333333334,1005.3,1005.6,False,38.217333333333336,35.9,39.8,173.21333333333334,2.2253333333333334,4.7,ZHO,32200.285714285714,45012.11111111111,38178.0,25531.0,37663.0,31034.0,104026.5,2.0,,,,3.0,,,,,,1.75,,,,,,210.25,,,,,,213.0,,,,,,108325.5,,,,,,94228.0,,,0,1,ZHO,20.0,94228.0,,
2024,20,21.962962962962962,21.6,22.4,40.53086419753087,39.0,42.0,784.7111111111111,784.5,784.9,False,39.41234567901235,34.6,44.9,265.24691358024694,1.4320987654320987,3.7,ALB,30485.0,34705.444444444445,23551.941176470587,27344.0,29580.0,19855.0,422343.8,5.0,,,,6.0,,,,,,2.0,,,,,,251.0,,,,,,252.0,,,,,,77205.5,,,,,,76988.0,,,1,1,ALB,9.0,77189.0,76988.0,77065.0
2024,20,21.962962962962962,21.6,22.4,40.53086419753087,39.0,42.0,784.7111111111111,784.5,784.9,False,39.41234567901235,34.6,44.9,265.24691358024694,1.4320987654320987,3.7,ALO,33860.0,36297.083333333336,25668.166666666668,27463.0,29665.0,19898.0,285476.0,4.0,,,,4.0,,,,,,1.75,,,,,,252.25,,,,,,255.0,,,,,,89668.25,,,,,,77168.0,,,1,1,ALO,13.0,77307.0,77168.0,
2024,20,21.962962962962962,21.6,22.4,40.53086419753087,39.0,42.0,784.7111111111111,784.5,784.9,False,39.41234567901235,34.6,44.9,265.24691358024694,1.4320987654320987,3.7,BOT,30391.444444444445,34465.42857142857,24498.153846153848,27562.0,29705.0,19885.0,272925.75,4.0,,,,4.0,,,,,,2.0,,,,,,251.25,,,,,,252.0,,,,,,77841.75,,,,,,77393.0,,,1,1,BOT,15.0,77393.0,77817.0,
2024,20,21.962962962962962,21.6,22.4,40.53086419753087,39.0,42.0,784.7111111111111,784.5,784.9,False,39.41234567901235,34.6,44.9,265.24691358024694,1.4320987654320987,3.7,COL,30184.5,34686.333333333336,24362.833333333332,27769.0,29832.0,19936.0,191292.0,1.0,,,,2.0,,,,,,2.0,,,,,,250.0,,,,,,251.0,,,,,,77696.0,,,,,,77558.0,,,1,1,COL,16.0,77558.0,,
2024,20,21.962962962962962,21.6,22.4,40.53086419753087,39.0,42.0,784.7111111111111,784.5,784.9,False,39.41234567901235,34.6,44.9,265.24691358024694,1.4320987654320987,3.7,GAS,30810.545454545456,35992.705882352944,24031.0625,27418.0,29585.0,19847.0,367520.0,6.0,,,,7.0,,,,,,2.0,,,,,,251.2,,,,,,253.0,,,,,,77374.6,,,,,,76892.0,,,1,1,GAS,8.0,77149.0,77048.0,76892.0
2024,20,21.962962962962962,21.6,22.4,40.53086419753087,39.0,42.0,784.7111111111111,784.5,784.9,False,39.41234567901235,34.6,44.9,265.24691358024694,1.4320987654320987,3.7,HAM,31008.909090909092,34626.333333333336,24990.0,27295.0,29546.0,19688.0,356173.5,6.0,,,2.0,7.0,,,,,4.0,2.0,,,,,250.5,252.66666666666666,,,,,251.0,253.0,,,,,77577.0,76778.66666666667,,,,,77306.0,76651.0,,,1,1,HAM,6.0,77306.0,76973.0,76651.0
2024,20,21.962962962962962,21.6,22.4,40.53086419753087,39.0,42.0,784.7111111111111,784.5,784.9,False,39.41234567901235,34.6,44.9,265.24691358024694,1.4320987654320987,3.7,HUL,30365.18181818182,35665.470588235294,23342.5,27382.0,29592.0,19841.0,369671.6,5.0,,,,6.0,,,,,,2.0,,,,,,250.83333333333334,,,,,,255.0,,,,,,77533.5,,,,,,76995.0,,,1,1,HUL,10.0,77186.0,76995.0,77365.0
2024,20,21.962962962962962,21.6,22.4,40.53086419753087,39.0,42.0,784.7111111111111,784.5,784.9,False,39.41234567901235,34.6,44.9,265.24691358024694,1.4320987654320987,3.7,LAW,30271.714285714286,34838.2,24531.9,27579.0,29640.0,19833.0,324364.0,3.0,,,,3.0,,,,,,2.0,,,,,,251.66666666666666,,,,,,252.0,,,,,,77351.33333333333,,,,,,77162.0,,,1,1,LAW,12.0,77380.0,77162.0,
2024,20,21.962962962962962,21.6,22.4,40.53086419753087,39.0,42.0,784.7111111111111,784.5,784.9,False,39.41234567901235,34.6,44.9,265.24691358024694,1.4320987654320987,3.7,LEC,33397.933333333334,35025.80952380953,23841.3,27069.0,29429.0,19693.0,332555.1666666667,6.0,,,2.0,7.0,,,,,3.6666666666666665,2.0,,,,,254.33333333333334,254.4,,,,,255.0,255.0,,,,,95275.66666666667,76784.8,,,,,77688.0,76265.0,,,1,1,LEC,4.0,76972.0,76641.0,76265.0
2024,20,21.962962962962962,21.6,22.4,40.53086419753087,39.0,42.0,784.7111111111111,784.5,784.9,False,39.41234567901235,34.6,44.9,265.24691358024694,1.4320987654320987,3.7,MAG,32005.909090909092,34568.76470588235,24373.75,27272.0,29624.0,19854.0,377576.2,5.0,,,,6.0,,,,,,2.0,,,,,,254.16666666666666,,,,,,255.0,,,,,,77332.0,,,,,,76886.0,,,1,1,MAG,7.0,77125.0,77003.0,76886.0
2024,20,21.962962962962962,21.6,22.4,40.53086419753087,39.0,42.0,784.7111111111111,784.5,784.9,False,39.41234567901235,34.6,44.9,265.24691358024694,1.4320987654320987,3.7,NOR,30340.7,34049.86666666667,24956.733333333334,27204.0,29191.0,19670.0,632992.0,4.0,,,1.0,5.0,,,,,2.0,2.0,,,,,251.0,251.5,,,,,251.0,252.0,,,,,77203.0,76500.75,,,,,77203.0,76260.0,,,1,1,NOR,3.0,76505.0,76301.0,76260.0
2024,20,21.962962962962962,21.6,22.4,40.53086419753087,39.0,42.0,784.7111111111111,784.5,784.9,False,39.41234567901235,34.6,44.9,265.24691358024694,1.4320987654320987,3.7,OCO,31002.666666666668,35953.444444444445,25550.88888888889,27658.0,29887.0,20072.0,148102.5,2.0,,,,3.0,,,,,,2.0,,,,,,254.0,,,,,,254.0,,,,,,78065.33333333333,,,,,,77617.0,,,1,1,OCO,19.0,77617.0,,
2024,20,21.962962962962962,21.6,22.4,40.53086419753087,39.0,42.0,784.7111111111111,784.5,784.9,False,39.41234567901235,34.6,44.9,265.24691358024694,1.4320987654320987,3.7,PER,32244.14285714286,34441.333333333336,24507.333333333332,27555.0,29859.0,20124.0,159340.0,1.0,,,,2.0,,,,,,3.2,,,,,,243.6,,,,,,253.0,,,,,,87731.0,,,,,,77611.0,,,1,1,PER,18.0,77611.0,,
2024,20,21.962962962962962,21.6,22.4,40.53086419753087,39.0,42.0,784.7111111111111,784.5,784.9,False,39.41234567901235,34.6,44.9,265.24691358024694,1.4320987654320987,3.7,PIA,31010.833333333332,35067.125,23474.75,27376.0,29546.0,20006.0,161629.0,1.0,,,1.0,2.0,,,,,2.0,3.0,,,,,251.0,252.0,,,,,251.0,254.0,,,,,78302.0,85249.0,,,,,78302.0,77597.0,,,1,1,PIA,17.0,77597.0,,
2024,20,21.962962962962962,21.6,22.4,40.53086419753087,39.0,42.0,784.7111111111111,784.5,784.9,False,39.41234567901235,34.6,44.9,265.24691358024694,1.4320987654320987,3.7,RUS,31548.81818181818,35788.555555555555,24655.352941176472,27361.0,29263.0,19624.0,353657.1666666667,6.0,,,2.0,7.0,,,,,2.5,2.0,,,,,250.5,251.66666666666666,,,,,251.0,252.0,,,,,77547.0,76600.66666666667,,,,,77194.0,76356.0,,,1,1,RUS,5.0,77194.0,76937.0,76356.0
2024,20,21.962962962962962,21.6,22.4,40.53086419753087,39.0,42.0,784.7111111111111,784.5,784.9,False,39.41234567901235,34.6,44.9,265.24691358024694,1.4320987654320987,3.7,SAI,34873.53333333333,34736.333333333336,23486.15,27037.0,29296.0,19533.0,327186.3333333333,6.0,,,2.0,7.0,,,,,3.6666666666666665,2.0,,,,,253.66666666666666,254.2,,,,,255.0,255.0,,,,,93858.66666666667,76464.2,,,,,77241.0,75946.0,,,1,1,SAI,1.0,76778.0,76515.0,75946.0
2024,20,21.962962962962962,21.6,22.4,40.53086419753087,39.0,42.0,784.7111111111111,784.5,784.9,False,39.41234567901235,34.6,44.9,265.24691358024694,1.4320987654320987,3.7,STR,33509.555555555555,36550.307692307695,24456.53846153846,27504.0,29848.0,19873.0,269544.5,4.0,,,,4.0,,,,,,1.8,,,,,,252.2,,,,,,254.0,,,,,,86029.8,,,,,,77294.0,,,1,1,STR,14.0,77407.0,77294.0,
2024,20,21.962962962962962,21.6,22.4,40.53086419753087,39.0,42.0,784.7111111111111,784.5,784.9,False,39.41234567901235,34.6,44.9,265.24691358024694,1.4320987654320987,3.7,TSU,32346.14285714286,35624.72727272727,23523.9,27446.0,29578.0,19700.0,313460.6666666667,3.0,,,,3.0,,,,,,2.0,,,,,,253.0,,,,,,253.0,,,,,,77183.33333333333,,,,,,77129.0,,,1,1,TSU,11.0,77182.0,77129.0,
2024,20,21.962962962962962,21.6,22.4,40.53086419753087,39.0,42.0,784.7111111111111,784.5,784.9,False,39.41234567901235,34.6,44.9,265.24691358024694,1.4320987654320987,3.7,VER,31310.75,35394.61111111111,23772.722222222223,27222.0,29318.0,19631.0,423403.6,5.0,,,,6.0,,,,,,2.0,,,,,,252.33333333333334,,,,,,253.0,,,,,,76580.5,,,,,,76171.0,,,1,1,VER,2.0,76803.0,76514.0,76171.0
2024,20,21.962962962962962,21.6,22.4,40.53086419753087,39.0,42.0,784.7111111111111,784.5,784.9,False,39.41234567901235,34.6,44.9,265.24691358024694,1.4320987654320987,3.7,ZHO,31796.0,34531.22222222222,23554.0,27746.0,30217.0,20109.0,133738.0,2.0,,,,3.0,,,,,,2.0,,,,,,252.0,,,,,,253.0,,,,,,78663.0,,,,,,78072.0,,,1,1,ZHO,20.0,78072.0,,
2024,21,20.271962616822428,19.8,20.8,93.35514018691589,92.0,95.0,927.6383177570094,927.3,928.0,True,23.379439252336446,22.1,24.3,152.28971962616822,0.5803738317757009,1.7,ALB,24572.0,50715.375,20866.652173913044,21570.0,44850.0,18146.0,383463.6,5.0,,7.0,,,,3.0,,2.0,,,,6.0,,303.5,,,,300.1111111111111,,310.0,,,,306.0,,94648.25,,,,96416.66666666667,,84736.0,,,,89072.0,6,12,ALB,7.0,89072.0,84657.0,84657.0
2024,21,20.271962616822428,19.8,20.8,93.35514018691589,92.0,95.0,927.6383177570094,927.3,928.0,True,23.379439252336446,22.1,24.3,152.28971962616822,0.5803738317757009,1.7,ALO,25313.375,50587.95238095238,22497.647058823528,21868.0,44478.0,18299.0,408011.0,5.0,,6.0,,,,3.0,,1.6666666666666667,,,,5.0,,301.3333333333333,,,,296.85714285714283,,303.0,,,,299.0,,97374.66666666667,,,,94967.28571428571,,85035.0,,,,88707.0,6,12,ALO,9.0,90207.0,88998.0,88998.0
2024,21,20.271962616822428,19.8,20.8,93.35514018691589,92.0,95.0,927.6383177570094,927.3,928.0,True,23.379439252336446,22.1,24.3,152.28971962616822,0.5803738317757009,1.7,BEA,24197.625,52571.8,22129.6,23423.0,48684.0,19122.0,449107.0,1.0,,,,,,2.0,,,,,,3.2857142857142856,,,,,,297.57142857142856,,,,,,301.0,,,,,,96373.57142857143,,,,,,91229.0,6,12,BEA,17.0,91229.0,,
2024,21,20.271962616822428,19.8,20.8,93.35514018691589,92.0,95.0,927.6383177570094,927.3,928.0,True,23.379439252336446,22.1,24.3,152.28971962616822,0.5803738317757009,1.7,BOT,26729.125,50666.05263157895,22394.222222222223,22340.0,45172.0,18960.0,232842.4,5.0,,6.0,,,,4.0,,1.6,,,,4.833333333333333,,293.0,,,,290.0,,294.0,,,,292.0,,103105.0,,,,92923.5,,86472.0,,,,89055.0,6,12,BOT,11.0,90633.0,86472.0,
2024,21,20.271962616822428,19.8,20.8,93.35514018691589,92.0,95.0,927.6383177570094,927.3,928.0,True,23.379439252336446,22.1,24.3,152.28971962616822,0.5803738317757009,1.7,COL,25433.75,55222.5,22276.25,23159.0,48724.0,19387.0,,,,,,,,1.0,,,,,,3.0,,,,,,302.3333333333333,,,,,,305.0,,,,,,100811.0,,,,,,91270.0,6,12,COL,18.0,91270.0,,
2024,21,20.271962616822428,19.8,20.8,93.35514018691589,92.0,95.0,927.6383177570094,927.3,928.0,True,23.379439252336446,22.1,24.3,152.28971962616822,0.5803738317757009,1.7,GAS,25410.882352941175,52225.77777777778,21694.5,22049.0,47486.0,18987.0,299648.25,4.0,,5.0,,,,3.0,,1.5,,,,6.6,,304.0,,,,299.7,,304.0,,,,305.0,,108707.0,,,,96366.5,,97356.0,,,,89420.0,6,12,GAS,15.0,89420.0,89614.0,
2024,21,20.271962616822428,19.8,20.8,93.35514018691589,92.0,95.0,927.6383177570094,927.3,928.0,True,23.379439252336446,22.1,24.3,152.28971962616822,0.5803738317757009,1.7,HAM,24526.333333333332,51542.2,22329.6,22915.0,48782.0,19234.0,477824.0,1.0,,,,,,2.0,,,,,,6.142857142857143,,,,,,299.42857142857144,,,,,,305.0,,,,,,94835.28571428571,,,,,,91150.0,6,12,HAM,16.0,91150.0,,
2024,21,20.271962616822428,19.8,20.8,93.35514018691589,92.0,95.0,927.6383177570094,927.3,928.0,True,23.379439252336446,22.1,24.3,152.28971962616822,0.5803738317757009,1.7,HUL,24558.8,50482.63636363636,21776.272727272728,23343.0,48551.0,19319.0,441884.0,1.0,,,,,,2.0,,,,,,6.75,,,,,,298.125,,,,,,304.0,,,,,,94394.125,,,,,,91623.0,6,12,HUL,19.0,91623.0,,
2024,21,20.271962616822428,19.8,20.8,93.35514018691589,92.0,95.0,927.6383177570094,927.3,928.0,True,23.379439252336446,22.1,24.3,152.28971962616822,0.5803738317757009,1.7,LAW,25543.904761904763,49288.807692307695,22924.12,21703.0,44684.0,18097.0,438642.4285714286,7.0,,8.0,,,,3.0,,2.0,,,,7.555555555555555,,303.1666666666667,,,,299.22222222222223,,306.0,,,,302.0,,91858.16666666667,,,,94910.66666666667,,84484.0,,,,89807.0,6,12,LAW,5.0,90758.0,85654.0,84484.0
2024,21,20.271962616822428,19.8,20.8,93.35514018691589,92.0,95.0,927.6383177570094,927.3,928.0,True,23.379439252336446,22.1,24.3,152.28971962616822,0.5803738317757009,1.7,LEC,24353.05,50675.48,21674.608695652172,21733.0,44546.0,18246.0,471243.71428571426,7.0,,8.0,,,,3.0,,2.0,,,,7.555555555555555,,304.4,,,,297.3333333333333,,307.0,,,,301.0,,93850.4,,,,95873.66666666667,,84525.0,,,,89332.0,6,12,LEC,6.0,89839.0,86097.0,84525.0
2024,21,20.271962616822428,19.8,20.8,93.35514018691589,92.0,95.0,927.6383177570094,927.3,928.0,True,23.379439252336446,22.1,24.3,152.28971962616822,0.5803738317757009,1.7,NOR,25286.958333333332,49084.107142857145,20866.571428571428,21414.0,43807.0,17959.0,432122.71428571426,7.0,,8.0,,,,3.0,,2.25,,,,4.2,,302.125,,,,296.9,,304.0,,,,301.0,,90766.375,,,,95780.6,,83405.0,,,,89583.0,6,12,NOR,1.0,90944.0,84844.0,83405.0
2024,21,20.271962616822428,19.8,20.8,93.35514018691589,92.0,95.0,927.6383177570094,927.3,928.0,True,23.379439252336446,22.1,24.3,152.28971962616822,0.5803738317757009,1.7,OCO,24295.083333333332,49285.555555555555,21184.6,21386.0,44371.0,18430.0,441685.71428571426,7.0,,8.0,,,,3.0,,2.1666666666666665,,,,6.6,,302.8333333333333,,,,298.7,,305.0,,,,303.0,,91655.66666666667,,,,94618.5,,84475.0,,,,89171.0,6,12,OCO,4.0,89171.0,86206.0,84475.0
2024,21,20.271962616822428,19.8,20.8,93.35514018691589,92.0,95.0,927.6383177570094,927.3,928.0,True,23.379439252336446,22.1,24.3,152.28971962616822,0.5803738317757009,1.7,PER,25417.714285714286,50243.8125,23669.533333333333,21885.0,45769.0,19061.0,346237.25,4.0,,5.0,,,,3.0,,1.5,,,,3.5714285714285716,,303.0,,,,299.42857142857144,,304.0,,,,304.0,,105700.5,,,,94437.57142857143,,93872.0,,,,88158.0,6,12,PER,13.0,90035.0,88158.0,
2024,21,20.271962616822428,19.8,20.8,93.35514018691589,92.0,95.0,927.6383177570094,927.3,928.0,True,23.379439252336446,22.1,24.3,152.28971962616822,0.5803738317757009,1.7,PIA,24036.21052631579,50777.84,20223.695652173912,21432.0,44939.0,18299.0,548359.5,6.0,,7.0,,,,2.0,,2.625,,,,3.0,,302.25,,,,298.1666666666667,,306.0,,,,303.0,,86814.625,,,,97025.16666666667,,84686.0,,,,90114.0,6,12,PIA,8.0,90114.0,84686.0,84686.0
2024,21,20.271962616822428,19.8,20.8,93.35514018691589,92.0,95.0,927.6383177570094,927.3,928.0,True,23.379439252336446,22.1,24.3,152.28971962616822,0.5803738317757009,1.7,RUS,24546.14285714286,50004.96,21929.875,21463.0,44025.0,18090.0,462400.85714285716,7.0,,8.0,,,,3.0,,1.8333333333333333,,,,7.0,,306.0,,,,300.875,,309.0,,,,305.0,,94373.5,,,,96462.0,,83578.0,,,,89121.0,6,12,RUS,2.0,89121.0,86307.0,83578.0
2024,21,20.271962616822428,19.8,20.8,93.35514018691589,92.0,95.0,927.6383177570094,927.3,928.0,True,23.379439252336446,22.1,24.3,152.28971962616822,0.5803738317757009,1.7,SAI,27689.071428571428,50876.75,21483.333333333332,22583.0,47503.0,19070.0,281148.0,3.0,,4.0,,,,3.0,,1.0,,,,5.333333333333333,,302.0,,,,298.6666666666667,,302.0,,,,301.0,,119825.0,,,,91455.88888888889,,119825.0,,,,89406.0,6,12,SAI,14.0,90303.0,89406.0,
2024,21,20.271962616822428,19.8,20.8,93.35514018691589,92.0,95.0,927.6383177570094,927.3,928.0,True,23.379439252336446,22.1,24.3,152.28971962616822,0.5803738317757009,1.7,STR,25712.076923076922,50593.1875,22771.8125,21771.0,45520.0,18590.0,329158.75,4.0,,5.0,,,,3.0,,1.6666666666666667,,,,3.5714285714285716,,302.6666666666667,,,,297.7142857142857,,304.0,,,,302.0,,97339.33333333333,,,,95248.14285714286,,86334.0,,,,89308.0,6,12,STR,10.0,90580.0,86334.0,
2024,21,20.271962616822428,19.8,20.8,93.35514018691589,92.0,95.0,927.6383177570094,927.3,928.0,True,23.379439252336446,22.1,24.3,152.28971962616822,0.5803738317757009,1.7,TSU,24497.909090909092,49506.730769230766,22037.96,21398.0,44415.0,18186.0,457956.85714285716,7.0,,8.0,,,,3.0,,2.0,,,,7.333333333333333,,302.6666666666667,,,,296.3333333333333,,304.0,,,,303.0,,93250.83333333333,,,,95753.66666666667,,84111.0,,,,89172.0,6,12,TSU,3.0,89172.0,86464.0,84111.0
2024,21,20.271962616822428,19.8,20.8,93.35514018691589,92.0,95.0,927.6383177570094,927.3,928.0,True,23.379439252336446,22.1,24.3,152.28971962616822,0.5803738317757009,1.7,VER,26163.2,51448.6875,23821.0,22473.0,46218.0,18966.0,311959.0,4.0,,5.0,,,,3.0,,1.5,,,,5.625,,302.5,,,,300.125,,303.0,,,,304.0,,112181.5,,,,95925.375,,94336.0,,,,87771.0,6,12,VER,12.0,88522.0,87771.0,
2024,21,20.271962616822428,19.8,20.8,93.35514018691589,92.0,95.0,927.6383177570094,927.3,928.0,True,23.379439252336446,22.1,24.3,152.28971962616822,0.5803738317757009,1.7,ZHO,24887.0,52688.0,22044.454545454544,23454.0,48959.0,19408.0,474644.0,1.0,,,,,,2.0,,,,,,3.625,,,,,,288.875,,,,,,293.0,,,,,,95822.375,,,,,,92263.0,6,12,ZHO,20.0,92263.0,,
2024,22,11.83469387755102,11.1,12.6,26.755102040816325,25.0,29.0,941.3316326530612,941.1,941.6,False,14.06530612244898,13.5,14.9,171.20408163265307,0.673469387755102,1.8,ALB,30291.375,36529.2,41045.2,26756.0,31579.0,35782.0,134185.0,1.0,,,,2.0,,,,,,3.1666666666666665,,,,,,320.0,,,,,,323.0,,,,,,104532.16666666667,,,,,,94425.0,,,0,3,ALB,18.0,94425.0,,
2024,22,11.83469387755102,11.1,12.6,26.755102040816325,25.0,29.0,941.3316326530612,941.1,941.6,False,14.06530612244898,13.5,14.9,171.20408163265307,0.673469387755102,1.8,ALO,29040.14285714286,37186.77777777778,42975.333333333336,26656.0,31599.0,35970.0,130001.0,1.0,,,,2.0,,,,,,3.2,,,,,,321.4,,,,,,323.0,,,,,,103529.4,,,,,,94258.0,,,0,3,ALO,17.0,94258.0,,
2024,22,11.83469387755102,11.1,12.6,26.755102040816325,25.0,29.0,941.3316326530612,941.1,941.6,False,14.06530612244898,13.5,14.9,171.20408163265307,0.673469387755102,1.8,BOT,31769.25,35631.9,41638.0,26587.0,31768.0,36075.0,141791.0,1.0,,,,2.0,,,,,,3.0,,,,,,318.8333333333333,,,,,,322.0,,,,,,104688.0,,,,,,94430.0,,,0,3,BOT,19.0,94430.0,,
2024,22,11.83469387755102,11.1,12.6,26.755102040816325,25.0,29.0,941.3316326530612,941.1,941.6,False,14.06530612244898,13.5,14.9,171.20408163265307,0.673469387755102,1.8,COL,29476.75,34937.6875,41919.6,26398.0,31298.0,35749.0,245848.33333333334,3.0,,,,4.0,,,,,,3.375,,,,,,321.875,,,,,,325.0,,,,,,104331.5,,,,,,93746.0,,,0,3,COL,14.0,93746.0,93749.0,
2024,22,11.83469387755102,11.1,12.6,26.755102040816325,25.0,29.0,941.3316326530612,941.1,941.6,False,14.06530612244898,13.5,14.9,171.20408163265307,0.673469387755102,1.8,GAS,30811.947368421053,35572.08,43001.64,26212.0,30928.0,35514.0,464605.0,5.0,,,,6.0,,,,,,3.6923076923076925,,,,,,321.53846153846155,,,,,,324.0,,,,,,101618.61538461539,,,,,,92664.0,,,0,3,GAS,3.0,93691.0,92879.0,92664.0
2024,22,11.83469387755102,11.1,12.6,26.755102040816325,25.0,29.0,941.3316326530612,941.1,941.6,False,14.06530612244898,13.5,14.9,171.20408163265307,0.673469387755102,1.8,HAM,33078.95,35909.25,42289.086956521736,26000.0,30927.0,35574.0,550515.0,4.0,,,,5.0,,,,,,4.333333333333333,,,,,,307.1333333333333,,,,,,324.0,,,,,,108051.13333333333,,,,,,92567.0,,,0,3,HAM,10.0,93225.0,92567.0,108106.0
2024,22,11.83469387755102,11.1,12.6,26.755102040816325,25.0,29.0,941.3316326530612,941.1,941.6,False,14.06530612244898,13.5,14.9,171.20408163265307,0.673469387755102,1.8,HUL,29502.5,35647.76470588235,43613.375,26353.0,30942.0,35723.0,644861.75,4.0,,,,5.0,,,,,,2.857142857142857,,,,,,322.57142857142856,,,,,,324.0,,,,,,101523.14285714286,,,,,,93062.0,,,0,3,HUL,9.0,93920.0,93114.0,93062.0
2024,22,11.83469387755102,11.1,12.6,26.755102040816325,25.0,29.0,941.3316326530612,941.1,941.6,False,14.06530612244898,13.5,14.9,171.20408163265307,0.673469387755102,1.8,LAW,29597.76923076923,35535.94117647059,43217.58823529412,26469.0,31296.0,36030.0,205046.33333333334,3.0,,,,4.0,,,,,,3.7777777777777777,,,,,,320.0,,,,,,321.0,,,,,,104492.55555555556,,,,,,94087.0,,,0,3,LAW,15.0,94087.0,94257.0,
2024,22,11.83469387755102,11.1,12.6,26.755102040816325,25.0,29.0,941.3316326530612,941.1,941.6,False,14.06530612244898,13.5,14.9,171.20408163265307,0.673469387755102,1.8,LEC,32300.736842105263,35526.34782608696,41379.63636363636,26230.0,30898.0,35548.0,568512.25,4.0,,,,5.0,,,,,,3.6923076923076925,,,,,,318.6923076923077,,,,,,328.0,,,,,,104426.0,,,,,,92783.0,,,0,3,LEC,4.0,93446.0,93016.0,92783.0
2024,22,11.83469387755102,11.1,12.6,26.755102040816325,25.0,29.0,941.3316326530612,941.1,941.6,False,14.06530612244898,13.5,14.9,171.20408163265307,0.673469387755102,1.8,MAG,31756.777777777777,37963.416666666664,44317.75,26341.0,31129.0,35789.0,313279.5,2.0,,,,3.0,,,,,,2.6666666666666665,,,,,,321.8333333333333,,,,,,323.0,,,,,,106713.83333333333,,,,,,93297.0,,,0,3,MAG,12.0,93991.0,93297.0,
2024,22,11.83469387755102,11.1,12.6,26.755102040816325,25.0,29.0,941.3316326530612,941.1,941.6,False,14.06530612244898,13.5,14.9,171.20408163265307,0.673469387755102,1.8,NOR,28778.214285714286,34831.0,41241.94736842105,26199.0,31012.0,35613.0,541416.2,5.0,,,,6.0,,,,,,3.125,,,,,,322.375,,,,,,324.0,,,,,,99024.625,,,,,,93008.0,,,0,3,NOR,6.0,93592.0,93099.0,93008.0
2024,22,11.83469387755102,11.1,12.6,26.755102040816325,25.0,29.0,941.3316326530612,941.1,941.6,False,14.06530612244898,13.5,14.9,171.20408163265307,0.673469387755102,1.8,OCO,30241.428571428572,34837.77777777778,43510.0,26434.0,31193.0,35594.0,212956.33333333334,3.0,,,,4.0,,,,,,3.7,,,,,,321.8,,,,,,325.0,,,,,,103167.4,,,,,,93221.0,,,0,3,OCO,11.0,93968.0,93221.0,
2024,22,11.83469387755102,11.1,12.6,26.755102040816325,25.0,29.0,941.3316326530612,941.1,941.6,False,14.06530612244898,13.5,14.9,171.20408163265307,0.673469387755102,1.8,PER,32376.11111111111,36069.3,41311.3,26635.0,31535.0,35964.0,,,,,,1.0,,,,,,5.5,,,,,,301.375,,,,,,323.0,,,,,,107007.0,,,,,,94155.0,,,0,3,PER,16.0,94155.0,,
2024,22,11.83469387755102,11.1,12.6,26.755102040816325,25.0,29.0,941.3316326530612,941.1,941.6,False,14.06530612244898,13.5,14.9,171.20408163265307,0.673469387755102,1.8,PIA,29667.333333333332,36089.57142857143,42388.05,26161.0,31119.0,35693.0,526884.0,5.0,,,,6.0,,,,,,3.3333333333333335,,,,,,321.55555555555554,,,,,,328.0,,,,,,99035.88888888889,,,,,,93024.0,,,0,3,PIA,8.0,93450.0,93024.0,93033.0
2024,22,11.83469387755102,11.1,12.6,26.755102040816325,25.0,29.0,941.3316326530612,941.1,941.6,False,14.06530612244898,13.5,14.9,171.20408163265307,0.673469387755102,1.8,RUS,34512.75,36066.28,41832.76,25736.0,30845.0,35660.0,471084.2,5.0,,,,6.0,,,,,,4.571428571428571,,,,,,307.92857142857144,,,,,,322.0,,,,,,104821.14285714286,,,,,,92312.0,,,0,3,RUS,1.0,93186.0,92779.0,92312.0
2024,22,11.83469387755102,11.1,12.6,26.755102040816325,25.0,29.0,941.3316326530612,941.1,941.6,False,14.06530612244898,13.5,14.9,171.20408163265307,0.673469387755102,1.8,SAI,33659.85,35541.875,43429.625,26051.0,30911.0,35448.0,420640.2,5.0,,,,6.0,,,,,,3.5714285714285716,,,,,,315.7142857142857,,,,,,326.0,,,,,,108472.35714285714,,,,,,92410.0,,,0,3,SAI,2.0,93484.0,92711.0,92410.0
2024,22,11.83469387755102,11.1,12.6,26.755102040816325,25.0,29.0,941.3316326530612,941.1,941.6,False,14.06530612244898,13.5,14.9,171.20408163265307,0.673469387755102,1.8,STR,29577.0,35113.666666666664,51660.666666666664,26834.0,31446.0,36204.0,,,,,,1.0,,,,,,2.0,,,,,,315.0,,,,,,315.0,,,,,,94484.0,,,,,,94484.0,,,0,3,STR,20.0,94484.0,,
2024,22,11.83469387755102,11.1,12.6,26.755102040816325,25.0,29.0,941.3316326530612,941.1,941.6,False,14.06530612244898,13.5,14.9,171.20408163265307,0.673469387755102,1.8,TSU,30048.57894736842,35373.64,43355.041666666664,26108.0,31133.0,35754.0,458290.4,5.0,,,,6.0,,,,,,3.8461538461538463,,,,,,318.46153846153845,,,,,,322.0,,,,,,102098.30769230769,,,,,,93029.0,,,0,3,TSU,7.0,93789.0,93089.0,93029.0
2024,22,11.83469387755102,11.1,12.6,26.755102040816325,25.0,29.0,941.3316326530612,941.1,941.6,False,14.06530612244898,13.5,14.9,171.20408163265307,0.673469387755102,1.8,VER,30039.823529411766,34425.380952380954,39312.3,26067.0,30929.0,35703.0,888296.3333333334,3.0,,,,4.0,,,,,,3.6923076923076925,,,,,,320.6923076923077,,,,,,323.0,,,,,,101051.0,,,,,,92797.0,,,0,3,VER,5.0,93299.0,93085.0,92797.0
2024,22,11.83469387755102,11.1,12.6,26.755102040816325,25.0,29.0,941.3316326530612,941.1,941.6,False,14.06530612244898,13.5,14.9,171.20408163265307,0.673469387755102,1.8,ZHO,29614.846153846152,35720.05882352941,44637.0,26355.0,31266.0,35945.0,231614.9999999999,3.0,,,,4.0,,,,,,3.3333333333333335,,,,,,319.0,,,,,,324.0,,,,,,104094.0,,,,,,93566.0,,,0,3,ZHO,13.0,94079.0,93566.0,
2024,23,18.807692307692307,18.5,19.0,59.52564102564103,59.0,61.0,1017.724358974359,1017.6,1017.9,False,21.72051282051282,21.4,22.1,224.24358974358975,2.1153846153846154,3.1,ALB,36529.71428571428,31503.555555555555,31514.555555555555,30259.0,27782.0,24243.0,227662.0,1.0,,,,2.0,,,,,,2.8,,,,,,278.2,,,,,,280.0,,,,,,90992.6,,,,,,82390.0,,,0,1,ALB,16.0,82390.0,,
2024,23,18.807692307692307,18.5,19.0,59.52564102564103,59.0,61.0,1017.724358974359,1017.6,1017.9,False,21.72051282051282,21.4,22.1,224.24358974358975,2.1153846153846154,3.1,ALO,35831.61538461538,31611.78947368421,31527.722222222223,29836.0,27635.0,23736.0,304458.8333333333,6.0,,,,7.0,,,,,,2.6666666666666665,,,,,,281.3333333333333,,,,,,283.0,,,,,,88823.83333333333,,,,,,81208.0,,,0,1,ALO,8.0,81608.0,81208.0,81251.0
2024,23,18.807692307692307,18.5,19.0,59.52564102564103,59.0,61.0,1017.724358974359,1017.6,1017.9,False,21.72051282051282,21.4,22.1,224.24358974358975,2.1153846153846154,3.1,BOT,36334.13333333333,31413.78947368421,30173.722222222223,29973.0,27604.0,24088.0,219228.0,3.0,,,,4.0,,,,,,3.0,,,,,,278.72727272727275,,,,,,280.0,,,,,,95010.90909090909,,,,,,81731.0,,,0,1,BOT,13.0,81927.0,81731.0,
2024,23,18.807692307692307,18.5,19.0,59.52564102564103,59.0,61.0,1017.724358974359,1017.6,1017.9,False,21.72051282051282,21.4,22.1,224.24358974358975,2.1153846153846154,3.1,COL,34604.71428571428,31555.11111111111,28430.444444444445,30474.0,27901.0,24219.0,251030.0,1.0,,,,2.0,,,,,,2.8,,,,,,278.2,,,,,,280.0,,,,,,91306.0,,,,,,82594.0,,,0,1,COL,19.0,82594.0,,
2024,23,18.807692307692307,18.5,19.0,59.52564102564103,59.0,61.0,1017.724358974359,1017.6,1017.9,False,21.72051282051282,21.4,22.1,224.24358974358975,2.1153846153846154,3.1,GAS,37169.0,31642.61111111111,32248.333333333332,30062.0,27562.0,23813.0,172123.0,4.0,,,,5.0,,,,,,2.3333333333333335,,,,,,280.1111111111111,,,,,,282.0,,,,,,97339.55555555556,,,,,,81437.0,,,0,1,GAS,11.0,81843.0,81437.0,
2024,23,18.807692307692307,18.5,19.0,59.52564102564103,59.0,61.0,1017.724358974359,1017.6,1017.9,False,21.72051282051282,21.4,22.1,224.24358974358975,2.1153846153846154,3.1,HAM,39169.42857142857,31020.037037037036,30830.30769230769,29747.0,27480.0,23649.0,170598.83333333334,6.0,,,,7.0,,,,,,4.071428571428571,,,,,,273.2857142857143,,,,,,284.0,,,,,,97341.42857142857,,,,,,81011.0,,,0,1,HAM,6.0,81637.0,81095.0,81011.0
2024,23,18.807692307692307,18.5,19.0,59.52564102564103,59.0,61.0,1017.724358974359,1017.6,1017.9,False,21.72051282051282,21.4,22.1,224.24358974358975,2.1153846153846154,3.1,HUL,35281.625,32228.3,32280.3,30419.0,27682.0,24218.0,179199.0,1.0,,,,2.0,,,,,,4.166666666666667,,,,,,270.0,,,,,,284.0,,,,,,93651.83333333333,,,,,,82442.0,,,0,1,HUL,18.0,82442.0,,
2024,23,18.807692307692307,18.5,19.0,59.52564102564103,59.0,61.0,1017.724358974359,1017.6,1017.9,False,21.72051282051282,21.4,22.1,224.24358974358975,2.1153846153846154,3.1,LAW,35287.5,31653.2,29935.555555555555,30291.0,27880.0,24079.0,204414.0,1.0,,,,2.0,,,,,,3.1666666666666665,,,,,,278.3333333333333,,,,,,280.0,,,,,,94861.83333333333,,,,,,82411.0,,,0,1,LAW,17.0,82411.0,,
2024,23,18.807692307692307,18.5,19.0,59.52564102564103,59.0,61.0,1017.724358974359,1017.6,1017.9,False,21.72051282051282,21.4,22.1,224.24358974358975,2.1153846153846154,3.1,LEC,36877.52380952381,31667.23076923077,28888.32,29782.0,27451.0,23611.0,222195.99999999994,5.0,,,,6.0,,,,,,4.333333333333333,,,,,,270.0,,,,,,282.0,,,,,,94775.26666666666,,,,,,80852.0,,,0,1,LEC,5.0,81278.0,81000.0,80852.0
2024,23,18.807692307692307,18.5,19.0,59.52564102564103,59.0,61.0,1017.724358974359,1017.6,1017.9,False,21.72051282051282,21.4,22.1,224.24358974358975,2.1153846153846154,3.1,MAG,35967.5,31919.115384615383,28788.6,30022.0,27381.0,23858.0,241663.19999999995,5.0,,,,6.0,,,,,,3.142857142857143,,,,,,279.07142857142856,,,,,,283.0,,,,,,93974.78571428571,,,,,,81387.0,,,0,1,MAG,10.0,81891.0,81387.0,81500.0
2024,23,18.807692307692307,18.5,19.0,59.52564102564103,59.0,61.0,1017.724358974359,1017.6,1017.9,False,21.72051282051282,21.4,22.1,224.24358974358975,2.1153846153846154,3.1,NOR,34683.0,30863.090909090908,29252.81818181818,29731.0,27412.0,23629.0,311272.2,5.0,,,,6.0,,,,,,4.3,,,,,,263.8,,,,,,282.0,,,,,,91666.5,,,,,,80772.0,,,0,1,NOR,3.0,81578.0,80983.0,80772.0
2024,23,18.807692307692307,18.5,19.0,59.52564102564103,59.0,61.0,1017.724358974359,1017.6,1017.9,False,21.72051282051282,21.4,22.1,224.24358974358975,2.1153846153846154,3.1,OCO,37083.625,30276.2,31828.8,30537.0,28012.0,24165.0,88123.0,2.0,,,,3.0,,,,,,2.2,,,,,,279.8,,,,,,281.0,,,,,,94701.8,,,,,,82714.0,,,0,1,OCO,20.0,82714.0,,
2024,23,18.807692307692307,18.5,19.0,59.52564102564103,59.0,61.0,1017.724358974359,1017.6,1017.9,False,21.72051282051282,21.4,22.1,224.24358974358975,2.1153846153846154,3.1,PER,35291.75,30820.272727272728,31848.0,30021.0,27534.0,23801.0,322543.0,5.0,,,,6.0,,,,,,3.1,,,,,,280.7,,,,,,283.0,,,,,,91230.3,,,,,,81425.0,,,0,1,PER,9.0,81675.0,81425.0,81425.0
2024,23,18.807692307692307,18.5,19.0,59.52564102564103,59.0,61.0,1017.724358974359,1017.6,1017.9,False,21.72051282051282,21.4,22.1,224.24358974358975,2.1153846153846154,3.1,PIA,36137.529411764706,31789.090909090908,32145.285714285714,29756.0,27423.0,23597.0,354155.9999999999,4.0,,,,5.0,,,,,,3.5,,,,,,271.6666666666667,,,,,,284.0,,,,,,97240.16666666667,,,,,,80829.0,,,0,1,PIA,4.0,81821.0,81121.0,80829.0
2024,23,18.807692307692307,18.5,19.0,59.52564102564103,59.0,61.0,1017.724358974359,1017.6,1017.9,False,21.72051282051282,21.4,22.1,224.24358974358975,2.1153846153846154,3.1,RUS,39935.86363636364,31154.39285714286,30586.464285714286,29649.0,27268.0,23565.0,154695.16666666674,6.0,,,,7.0,,,,,,4.133333333333334,,,,,,281.3333333333333,,,,,,286.0,,,,,,98471.8,,,,,,80575.0,,,0,1,RUS,2.0,81241.0,81069.0,80575.0
2024,23,18.807692307692307,18.5,19.0,59.52564102564103,59.0,61.0,1017.724358974359,1017.6,1017.9,False,21.72051282051282,21.4,22.1,224.24358974358975,2.1153846153846154,3.1,SAI,40442.09523809524,31762.615384615383,30405.16,29812.0,27402.0,23670.0,179825.0,6.0,,,,7.0,,,,,,3.857142857142857,,,,,,256.5,,,,,,283.0,,,,,,100326.71428571429,,,,,,81041.0,,,0,1,SAI,7.0,81447.0,81199.0,81041.0
2024,23,18.807692307692307,18.5,19.0,59.52564102564103,59.0,61.0,1017.724358974359,1017.6,1017.9,False,21.72051282051282,21.4,22.1,224.24358974358975,2.1153846153846154,3.1,STR,36595.0,31812.85714285714,34397.642857142855,30205.0,27616.0,23909.0,274761.75,4.0,,,,5.0,,,,,,2.4,,,,,,280.2,,,,,,282.0,,,,,,90542.8,,,,,,81911.0,,,0,1,STR,15.0,82011.0,81911.0,
2024,23,18.807692307692307,18.5,19.0,59.52564102564103,59.0,61.0,1017.724358974359,1017.6,1017.9,False,21.72051282051282,21.4,22.1,224.24358974358975,2.1153846153846154,3.1,TSU,36504.833333333336,31485.0625,31845.75,30179.0,27707.0,23885.0,294441.0,3.0,,,,4.0,,,,,,2.875,,,,,,278.625,,,,,,281.0,,,,,,91959.625,,,,,,81771.0,,,0,1,TSU,14.0,82364.0,81771.0,
2024,23,18.807692307692307,18.5,19.0,59.52564102564103,59.0,61.0,1017.724358974359,1017.6,1017.9,False,21.72051282051282,21.4,22.1,224.24358974358975,2.1153846153846154,3.1,VER,38481.35294117647,31629.227272727272,30925.863636363636,29598.0,27335.0,23569.0,365130.75,4.0,,,,5.0,,,,,,3.6666666666666665,,,,,,263.4166666666667,,,,,,283.0,,,,,,97071.0,,,,,,80520.0,,,0,1,VER,1.0,81579.0,80687.0,80520.0
2024,23,18.807692307692307,18.5,19.0,59.52564102564103,59.0,61.0,1017.724358974359,1017.6,1017.9,False,21.72051282051282,21.4,22.1,224.24358974358975,2.1153846153846154,3.1,ZHO,34716.73333333333,31726.78947368421,31906.052631578947,29872.0,27533.0,24096.0,226189.0,3.0,,,,4.0,,,,,,3.0,,,,,,276.27272727272725,,,,,,281.0,,,,,,92820.09090909091,,,,,,81501.0,,,0,1,ZHO,12.0,82103.0,81501.0,
2024,24,25.81111111111111,25.6,26.0,65.79012345679013,63.0,69.0,1017.3358024691357,1017.0,1017.8,False,29.67283950617284,28.8,30.6,268.30864197530866,1.474074074074074,2.7,ALB,19161.0,41814.5,37594.333333333336,17129.0,36079.0,30567.0,129876.0,1.0,,,,2.0,,,,,,2.0,,,,,,219.5,,,,,,221.0,,,,,,83987.0,,,,,,83821.0,,,0,4,ALB,16.0,83821.0,,
2024,24,25.81111111111111,25.6,26.0,65.79012345679013,63.0,69.0,1017.3358024691357,1017.0,1017.8,False,29.67283950617284,28.8,30.6,268.30864197530866,1.474074074074074,2.7,ALO,19038.916666666668,42766.89473684211,39167.84210526316,17010.0,36006.0,30180.0,270066.3333333333,6.0,,,,7.0,,,,,,3.0,,,,,,220.16666666666666,,,,,,221.0,,,,,,83608.83333333333,,,,,,83196.0,,,0,4,ALO,8.0,83794.0,83268.0,83196.0
2024,24,25.81111111111111,25.6,26.0,65.79012345679013,63.0,69.0,1017.3358024691357,1017.0,1017.8,False,29.67283950617284,28.8,30.6,268.30864197530866,1.474074074074074,2.7,BOT,19551.5,41729.066666666666,37774.5,17117.0,35897.0,30150.0,476588.75,4.0,,,,5.0,,,,,,2.6,,,,,,221.2,,,,,,223.0,,,,,,83657.4,,,,,,83204.0,,,0,4,BOT,9.0,83481.0,83341.0,83204.0
2024,24,25.81111111111111,25.6,26.0,65.79012345679013,63.0,69.0,1017.3358024691357,1017.0,1017.8,False,29.67283950617284,28.8,30.6,268.30864197530866,1.474074074074074,2.7,COL,17914.25,39396.5,38784.166666666664,17209.0,36140.0,30563.0,137101.0,1.0,,,,2.0,,,,,,2.0,,,,,,218.0,,,,,,219.0,,,,,,84161.5,,,,,,83912.0,,,0,4,COL,19.0,83912.0,,
2024,24,25.81111111111111,25.6,26.0,65.79012345679013,63.0,69.0,1017.3358024691357,1017.0,1017.8,False,29.67283950617284,28.8,30.6,268.30864197530866,1.474074074074074,2.7,DOO,20182.5,43704.166666666664,39148.0,17141.0,36258.0,30550.0,226589.0,1.0,,,,2.0,,,,,,2.0,,,,,,221.5,,,,,,222.0,,,,,,84118.5,,,,,,84105.0,,,0,4,DOO,20.0,84105.0,,
2024,24,25.81111111111111,25.6,26.0,65.79012345679013,63.0,69.0,1017.3358024691357,1017.0,1017.8,False,29.67283950617284,28.8,30.6,268.30864197530866,1.474074074074074,2.7,GAS,19505.916666666668,42471.38888888889,38030.64705882353,17062.0,35871.0,30032.0,300074.6,5.0,,,,6.0,,,,,,3.0,,,,,,220.0,,,,,,222.0,,,,,,83583.33333333333,,,,,,82984.0,,,0,4,GAS,6.0,83548.0,83086.0,82984.0
2024,24,25.81111111111111,25.6,26.0,65.79012345679013,63.0,69.0,1017.3358024691357,1017.0,1017.8,False,29.67283950617284,28.8,30.6,268.30864197530866,1.474074074074074,2.7,HAM,22851.25,43747.71428571428,40573.857142857145,17148.0,36023.0,30507.0,175730.5,2.0,,,,3.0,,,,,,2.0,,,,,,218.5,,,,,,220.0,,,,,,83914.0,,,,,,83887.0,,,0,4,HAM,18.0,83887.0,,
2024,24,25.81111111111111,25.6,26.0,65.79012345679013,63.0,69.0,1017.3358024691357,1017.0,1017.8,False,29.67283950617284,28.8,30.6,268.30864197530866,1.474074074074074,2.7,HUL,18614.0,41830.882352941175,37628.35294117647,17075.0,35718.0,30062.0,340157.20000000007,5.0,,,,6.0,,,,,,3.0,,,,,,220.2,,,,,,221.0,,,,,,83332.4,,,,,,82886.0,,,0,4,HUL,4.0,83722.0,83040.0,82886.0
2024,24,25.81111111111111,25.6,26.0,65.79012345679013,63.0,69.0,1017.3358024691357,1017.0,1017.8,False,29.67283950617284,28.8,30.6,268.30864197530866,1.474074074074074,2.7,LAW,20081.25,42711.5,38051.333333333336,17133.0,36011.0,30281.0,365981.6666666667,3.0,,,,4.0,,,,,,2.0,,,,,,219.75,,,,,,221.0,,,,,,83787.0,,,,,,83472.0,,,0,4,LAW,12.0,83733.0,83472.0,
2024,24,25.81111111111111,25.6,26.0,65.79012345679013,63.0,69.0,1017.3358024691357,1017.0,1017.8,False,29.67283950617284,28.8,30.6,268.30864197530866,1.474074074074074,2.7,LEC,19229.5,42234.666666666664,37381.416666666664,16974.0,35964.0,30042.0,366531.3333333333,3.0,,,,4.0,,,,,,2.75,,,,,,219.75,,,,,,220.0,,,,,,83456.0,,,,,,82980.0,,,0,4,LEC,14.0,83302.0,83833.0,
2024,24,25.81111111111111,25.6,26.0,65.79012345679013,63.0,69.0,1017.3358024691357,1017.0,1017.8,False,29.67283950617284,28.8,30.6,268.30864197530866,1.474074074074074,2.7,MAG,18742.0,44585.0,40120.0,17131.0,35967.0,30431.0,356089.3333333333,3.0,,,,4.0,,,,,,2.6666666666666665,,,,,,219.33333333333334,,,,,,221.0,,,,,,83897.0,,,,,,83632.0,,,0,4,MAG,15.0,83632.0,83877.0,
2024,24,25.81111111111111,25.6,26.0,65.79012345679013,63.0,69.0,1017.3358024691357,1017.0,1017.8,False,29.67283950617284,28.8,30.6,268.30864197530866,1.474074074074074,2.7,NOR,18545.9,42606.125,38930.4375,16958.0,35776.0,29861.0,357266.6,5.0,,,,6.0,,,,,,3.0,,,,,,220.5,,,,,,221.0,,,,,,83081.0,,,,,,82595.0,,,0,4,NOR,1.0,83682.0,83098.0,82595.0
2024,24,25.81111111111111,25.6,26.0,65.79012345679013,63.0,69.0,1017.3358024691357,1017.0,1017.8,False,29.67283950617284,28.8,30.6,268.30864197530866,1.474074074074074,2.7,PER,20452.5,42907.22222222222,37566.666666666664,17082.0,35806.0,30237.0,326512.8,5.0,,,,6.0,,,,,,3.0,,,,,,219.66666666666666,,,,,,221.0,,,,,,83566.66666666667,,,,,,83264.0,,,0,4,PER,10.0,83559.0,83379.0,83264.0
2024,24,25.81111111111111,25.6,26.0,65.79012345679013,63.0,69.0,1017.3358024691357,1017.0,1017.8,False,29.67283950617284,28.8,30.6,268.30864197530866,1.474074074074074,2.7,PIA,19259.0,42612.3125,39377.1875,16943.0,35853.0,29924.0,345182.4,5.0,,,,6.0,,,,,,3.0,,,,,,220.25,,,,,,222.0,,,,,,83157.0,,,,,,82804.0,,,0,4,PIA,2.0,83640.0,83199.0,82804.0
2024,24,25.81111111111111,25.6,26.0,65.79012345679013,63.0,69.0,1017.3358024691357,1017.0,1017.8,False,29.67283950617284,28.8,30.6,268.30864197530866,1.474074074074074,2.7,RUS,21209.0,42958.73684210526,38440.833333333336,17072.0,35956.0,30039.0,293256.6666666667,6.0,,,,7.0,,,,,,3.0,,,,,,220.83333333333334,,,,,,222.0,,,,,,83564.66666666667,,,,,,83132.0,,,0,4,RUS,7.0,83678.0,83283.0,83132.0
2024,24,25.81111111111111,25.6,26.0,65.79012345679013,63.0,69.0,1017.3358024691357,1017.0,1017.8,False,29.67283950617284,28.8,30.6,268.30864197530866,1.474074074074074,2.7,SAI,20192.1,43030.9375,39488.6875,16980.0,35769.0,30057.0,354483.4,5.0,,,,6.0,,,,,,2.8,,,,,,220.8,,,,,,222.0,,,,,,83230.2,,,,,,82824.0,,,0,4,SAI,3.0,83487.0,82985.0,82824.0
2024,24,25.81111111111111,25.6,26.0,65.79012345679013,63.0,69.0,1017.3358024691357,1017.0,1017.8,False,29.67283950617284,28.8,30.6,268.30864197530866,1.474074074074074,2.7,STR,26744.9,42805.142857142855,40001.92857142857,17094.0,35963.0,30672.0,262701.24999999994,4.0,,,,5.0,,,,,,3.25,,,,,,218.75,,,,,,220.0,,,,,,83984.5,,,,,,83729.0,,,0,4,STR,13.0,83729.0,83784.0,
2024,24,25.81111111111111,25.6,26.0,65.79012345679013,63.0,69.0,1017.3358024691357,1017.0,1017.8,False,29.67283950617284,28.8,30.6,268.30864197530866,1.474074074074074,2.7,TSU,20229.25,44278.333333333336,37460.416666666664,17112.0,35999.0,30264.0,369393.00000000006,3.0,,,,4.0,,,,,,2.0,,,,,,221.25,,,,,,222.0,,,,,,83646.25,,,,,,83419.0,,,0,4,TSU,11.0,83735.0,83419.0,
2024,24,25.81111111111111,25.6,26.0,65.79012345679013,63.0,69.0,1017.3358024691357,1017.0,1017.8,False,29.67283950617284,28.8,30.6,268.30864197530866,1.474074074074074,2.7,VER,19980.5,43025.0,35932.5,17022.0,35730.0,30132.0,517236.5,4.0,,,,5.0,,,,,,2.6,,,,,,215.8,,,,,,220.0,,,,,,83213.8,,,,,,82945.0,,,0,4,VER,5.0,83516.0,82998.0,82945.0
2024,24,25.81111111111111,25.6,26.0,65.79012345679013,63.0,69.0,1017.3358024691357,1017.0,1017.8,False,29.67283950617284,28.8,30.6,268.30864197530866,1.474074074074074,2.7,ZHO,19703.5,43665.0,38788.333333333336,17282.0,36214.0,30384.0,213957.0,1.0,,,,2.0,,,,,,2.0,,,,,,220.5,,,,,,221.0,,,,,,84000.5,,,,,,83880.0,,,0,4,ZHO,17.0,83880.0,,
2025,1,30.336,28.5,32.6,46.14666666666667,34.0,57.0,1009.376,1008.8,1009.9,False,40.501333333333335,38.1,41.9,159.6,0.772,2.4,ALB,40221.1,19333.7,37453.8,26186.0,16978.0,32512.999999999996,332849.6000000001,5.0,,,,6.0,,,,,,2.4,,,,,,307.3333333333333,,,,,,315.0,,,,,,98031.13333333333,,,,,,75737.0,,,0,4,ALB,6.0,76245.0,76017.0,75737.0
2025,1,30.336,28.5,32.6,46.14666666666667,34.0,57.0,1009.376,1008.8,1009.9,False,40.501333333333335,38.1,41.9,159.6,0.772,2.4,ALO,41518.46153846154,19653.923076923078,37731.75,26300.0,17107.0,32747.0,311965.5,4.0,,,,5.0,,,,,,1.625,,,,,,308.5,,,,,,311.0,,,,,,103468.875,,,,,,76288.0,,,0,4,ALO,12.0,76288.0,76453.0,
2025,1,30.336,28.5,32.6,46.14666666666667,34.0,57.0,1009.376,1008.8,1009.9,False,40.501333333333335,38.1,41.9,159.6,0.772,2.4,ANT,37631.88888888889,20711.555555555555,38636.28571428572,26443.0,17166.0,32753.999999999996,152556.0,1.0,,,1.0,2.0,,,,,1.5,3.0,,,,,308.0,280.2,,,,,309.0,309.0,,,,,101078.5,94615.6,,,,,77449.0,76525.0,,,0,4,ANT,16.0,76525.0,,
2025,1,30.336,28.5,32.6,46.14666666666667,34.0,57.0,1009.376,1008.8,1009.9,False,40.501333333333335,38.1,41.9,159.6,0.772,2.4,BEA,,33462.0,,,33462.0,,,,,,,,,,,,,,,,,,,,,,,,,,,,,,,,,,,,,,,,0,4,BEA,20.0,,,
2025,1,30.336,28.5,32.6,46.14666666666667,34.0,57.0,1009.376,1008.8,1009.9,False,40.501333333333335,38.1,41.9,159.6,0.772,2.4,BOR,41563.92307692308,20917.69230769231,41165.88888888889,26423.0,17220.0,32801.0,264228.75,4.0,,,,5.0,,,,,,2.125,,,,,,306.625,,,,,,310.0,,,,,,107018.125,,,,,,76516.0,,,0,4,BOR,15.0,76516.0,77520.0,
2025,1,30.336,28.5,32.6,46.14666666666667,34.0,57.0,1009.376,1008.8,1009.9,False,40.501333333333335,38.1,41.9,159.6,0.772,2.4,DOO,41586.86666666667,19894.0,39055.09090909091,26270.0,17150.0,32784.0,341522.3333333333,3.0,,,,4.0,,,,,,2.727272727272727,,,,,,296.0,,,,,,310.0,,,,,,101787.54545454546,,,,,,76315.0,,,0,4,DOO,14.0,76315.0,76863.0,
2025,1,30.336,28.5,32.6,46.14666666666667,34.0,57.0,1009.376,1008.8,1009.9,False,40.501333333333335,38.1,41.9,159.6,0.772,2.4,GAS,40880.3,19710.45,38077.26666666667,26293.0,17051.0,32560.000000000004,315866.5999999999,5.0,,,,6.0,,,,,,2.4,,,,,,295.26666666666665,,,,,,310.0,,,,,,99409.26666666666,,,,,,75980.0,,,0,4,GAS,9.0,76328.0,76112.0,75980.0
2025,1,30.336,28.5,32.6,46.14666666666667,34.0,57.0,1009.376,1008.8,1009.9,False,40.501333333333335,38.1,41.9,159.6,0.772,2.4,HAD,43230.0,19058.416666666668,37759.75,26345.0,17139.0,32682.000000000004,339033.6666666667,3.0,,,,4.0,,,,,,1.5714285714285714,,,,,,308.0,,,,,,309.0,,,,,,95982.14285714286,,,,,,76175.0,,,0,4,HAD,11.0,76354.0,76175.0,
2025,1,30.336,28.5,32.6,46.14666666666667,34.0,57.0,1009.376,1008.8,1009.9,False,40.501333333333335,38.1,41.9,159.6,0.772,2.4,HAM,40570.454545454544,20217.045454545456,39682.529411764706,26150.0,17060.0,32262.999999999996,222503.66666666674,6.0,,,,7.0,,,,,,3.25,,,,,,299.25,,,,,,312.0,,,,,,99801.25,,,,,,75919.0,,,0,4,HAM,8.0,76213.0,75919.0,75973.0
2025,1,30.336,28.5,32.6,46.14666666666667,34.0,57.0,1009.376,1008.8,1009.9,False,40.501333333333335,38.1,41.9,159.6,0.772,2.4,HUL,40654.77777777778,19625.88888888889,39115.5,26506.0,17201.0,32722.0,166257.0,2.0,,,,3.0,,,,,,2.5,,,,,,301.5,,,,,,310.0,,,,,,102200.66666666667,,,,,,76579.0,,,0,4,HUL,17.0,76579.0,,
2025,1,30.336,28.5,32.6,46.14666666666667,34.0,57.0,1009.376,1008.8,1009.9,False,40.501333333333335,38.1,41.9,159.6,0.772,2.4,LAW,40952.71428571428,21474.571428571428,39000.25,26548.0,17191.0,32913.0,120243.0,2.0,,,,3.0,,,,,,1.25,,,,,,310.0,,,,,,313.0,,,,,,108015.25,,,,,,77094.0,,,0,4,LAW,18.0,77094.0,,
2025,1,30.336,28.5,32.6,46.14666666666667,34.0,57.0,1009.376,1008.8,1009.9,False,40.501333333333335,38.1,41.9,159.6,0.772,2.4,LEC,38932.55,19641.55,39249.92307692308,26184.0,17025.0,32466.0,226212.57142857142,7.0,,,,8.0,,,,,,2.75,,,,,,307.6666666666667,,,,,,311.0,,,,,,96058.83333333333,,,,,,75755.0,,,0,4,LEC,7.0,76029.0,75827.0,75755.0
2025,1,30.336,28.5,32.6,46.14666666666667,34.0,57.0,1009.376,1008.8,1009.9,False,40.501333333333335,38.1,41.9,159.6,0.772,2.4,NOR,39252.65,20986.75,37834.642857142855,25961.0,16997.0,32137.999999999996,263849.16666666674,6.0,,,,7.0,,,,,,3.090909090909091,,,,,,310.45454545454544,,,,,,313.0,,,,,,100368.45454545454,,,,,,75096.0,,,0,4,NOR,1.0,75912.0,75415.0,75096.0
2025,1,30.336,28.5,32.6,46.14666666666667,34.0,57.0,1009.376,1008.8,1009.9,False,40.501333333333335,38.1,41.9,159.6,0.772,2.4,OCO,39535.875,19971.333333333332,37668.5,26678.0,17206.0,33114.0,157473.0,2.0,,,,3.0,,,,,,1.6,,,,,,305.0,,,,,,307.0,,,,,,98478.8,,,,,,77147.0,,,0,4,OCO,19.0,77147.0,,
2025,1,30.336,28.5,32.6,46.14666666666667,34.0,57.0,1009.376,1008.8,1009.9,False,40.501333333333335,38.1,41.9,159.6,0.772,2.4,PIA,37883.333333333336,20102.722222222223,39403.166666666664,26082.0,16952.0,32146.0,289288.49999999994,6.0,,,,7.0,,,,,,2.272727272727273,,,,,,308.1818181818182,,,,,,312.0,,,,,,94347.0,,,,,,75180.0,,,0,4,PIA,2.0,76062.0,75468.0,75180.0
2025,1,30.336,28.5,32.6,46.14666666666667,34.0,57.0,1009.376,1008.8,1009.9,False,40.501333333333335,38.1,41.9,159.6,0.772,2.4,RUS,37627.57894736842,19894.45,39031.92857142857,26104.0,16951.0,32296.999999999996,274143.0,6.0,,,2.0,7.0,,,,,3.6666666666666665,2.1,,,,,310.6666666666667,306.0,,,,,312.0,312.0,,,,,91200.66666666667,98804.3,,,,,76295.0,75546.0,,,0,4,RUS,4.0,75971.0,75798.0,75546.0
2025,1,30.336,28.5,32.6,46.14666666666667,34.0,57.0,1009.376,1008.8,1009.9,False,40.501333333333335,38.1,41.9,159.6,0.772,2.4,SAI,38729.4,20063.65,38597.333333333336,26269.0,17000.0,32584.000000000004,336139.8,5.0,,,,6.0,,,,,,2.4,,,,,,293.1333333333333,,,,,,311.0,,,,,,97916.13333333333,,,,,,75931.0,,,0,4,SAI,10.0,76360.0,75931.0,76062.0
2025,1,30.336,28.5,32.6,46.14666666666667,34.0,57.0,1009.376,1008.8,1009.9,False,40.501333333333335,38.1,41.9,159.6,0.772,2.4,STR,38534.46666666667,19763.533333333333,37512.5,26364.0,17151.0,32744.0,235713.25,4.0,,,,5.0,,,,,,2.1,,,,,,308.5,,,,,,313.0,,,,,,95654.8,,,,,,76369.0,,,0,4,STR,13.0,76369.0,76483.0,
2025,1,30.336,28.5,32.6,46.14666666666667,34.0,57.0,1009.376,1008.8,1009.9,False,40.501333333333335,38.1,41.9,159.6,0.772,2.4,TSU,40561.23529411765,20239.764705882353,37120.833333333336,26190.0,17005.0,32475.0,328242.0,5.0,,,,6.0,,,,,,2.090909090909091,,,,,,308.72727272727275,,,,,,311.0,,,,,,95267.0,,,,,,75670.0,,,0,4,TSU,5.0,76225.0,76009.0,75670.0
2025,1,30.336,28.5,32.6,46.14666666666667,34.0,57.0,1009.376,1008.8,1009.9,False,40.501333333333335,38.1,41.9,159.6,0.772,2.4,VER,38196.94117647059,20523.529411764706,36088.0,26055.0,16915.0,32421.0,367744.79999999993,5.0,,,,6.0,,,,,,2.272727272727273,,,,,,309.8181818181818,,,,,,314.0,,,,,,96813.27272727272,,,,,,75481.0,,,0,4,VER,3.0,76018.0,75565.0,75481.0
2025,2,26.132467532467533,25.9,26.5,13.818181818181818,12.0,15.0,1015.151948051948,1014.9,1015.5,False,38.67012987012987,36.1,41.1,242.06493506493507,2.3,4.3,ALB,30486.785714285714,31637.0,48454.15,24170.0,27477.0,39789.0,224773.49999999997,6.0,,,,7.0,,,,,,3.0,,,,,,273.3333333333333,,,,,,275.0,,,,,,91719.33333333333,,,,,,91503.0,,,0,3,ALB,10.0,91503.0,91595.0,91706.0
2025,2,26.132467532467533,25.9,26.5,13.818181818181818,12.0,15.0,1015.151948051948,1014.9,1015.5,False,38.67012987012987,36.1,41.1,242.06493506493507,2.3,4.3,ALO,29225.909090909092,32124.8,49817.8,24067.0,27539.0,39866.0,219714.75,4.0,,,,5.0,,,,,,2.3333333333333335,,,,,,269.1666666666667,,,,,,271.0,,,,,,101702.33333333333,,,,,,91688.0,,,0,3,ALO,13.0,91719.0,91688.0,
2025,2,26.132467532467533,25.9,26.5,13.818181818181818,12.0,15.0,1015.151948051948,1014.9,1015.5,False,38.67012987012987,36.1,41.1,242.06493506493507,2.3,4.3,ANT,32823.76470588235,33467.13636363636,48856.045454545456,24176.0,27301.0,39626.0,208500.6,5.0,,,,6.0,,,,,,3.2222222222222223,,,,,,248.11111111111111,,,,,,272.0,,,,,,98986.55555555556,,,,,,91103.0,,,0,3,ANT,8.0,91676.0,91590.0,91103.0
2025,2,26.132467532467533,25.9,26.5,13.818181818181818,12.0,15.0,1015.151948051948,1014.9,1015.5,False,38.67012987012987,36.1,41.1,242.06493506493507,2.3,4.3,BEA,28642.8,33051.5,49623.875,24427.0,27599.0,39992.0,138451.0,2.0,,,,2.0,,,,,,2.0,,,,,,269.5,,,,,,270.0,,,,,,92394.0,,,,,,92018.0,,,0,3,BEA,17.0,92018.0,,
2025,2,26.132467532467533,25.9,26.5,13.818181818181818,12.0,15.0,1015.151948051948,1014.9,1015.5,False,38.67012987012987,36.1,41.1,242.06493506493507,2.3,4.3,BOR,33824.28571428572,30998.555555555555,48682.555555555555,24318.0,27517.0,40071.0,109834.0,2.0,,,,3.0,,,,,,2.0,,,,,,265.6666666666667,,,,,,268.0,,,,,,92411.33333333333,,,,,,92141.0,,,0,3,BOR,19.0,92141.0,,
2025,2,26.132467532467533,25.9,26.5,13.818181818181818,12.0,15.0,1015.151948051948,1014.9,1015.5,False,38.67012987012987,36.1,41.1,242.06493506493507,2.3,4.3,DOO,26411.4,32323.5,50758.5,24407.0,27652.0,40030.0,156756.0,2.0,,,,3.0,,,,,,2.0,,,,,,270.5,,,,,,272.0,,,,,,92301.5,,,,,,92092.0,,,0,3,DOO,18.0,92092.0,,
2025,2,26.132467532467533,25.9,26.5,13.818181818181818,12.0,15.0,1015.151948051948,1014.9,1015.5,False,38.67012987012987,36.1,41.1,242.06493506493507,2.3,4.3,GAS,32355.285714285714,32040.11111111111,49486.666666666664,24128.0,27601.0,40029.0,114221.0,2.0,,,,3.0,,,,,,3.0,,,,,,268.3333333333333,,,,,,270.0,,,,,,92172.0,,,,,,91992.0,,,0,3,GAS,16.0,91992.0,,
2025,2,26.132467532467533,25.9,26.5,13.818181818181818,12.0,15.0,1015.151948051948,1014.9,1015.5,False,38.67012987012987,36.1,41.1,242.06493506493507,2.3,4.3,HAD,27437.076923076922,32135.8,48381.21052631579,24127.0,27213.0,39660.0,245330.83333333334,6.0,,,,7.0,,,,,,2.5,,,,,,270.0,,,,,,271.0,,,,,,91433.0,,,,,,91079.0,,,0,3,HAD,7.0,91162.0,91253.0,91079.0
2025,2,26.132467532467533,25.9,26.5,13.818181818181818,12.0,15.0,1015.151948051948,1014.9,1015.5,False,38.67012987012987,36.1,41.1,242.06493506493507,2.3,4.3,HAM,28498.6,32674.380952380954,47798.8,24070.0,27175.0,39604.0,259916.3999999999,5.0,,,,6.0,,,,,,3.6666666666666665,,,,,,240.77777777777777,,,,,,271.0,,,,,,100562.66666666667,,,,,,90927.0,,,0,3,HAM,5.0,91690.0,91501.0,90927.0
2025,2,26.132467532467533,25.9,26.5,13.818181818181818,12.0,15.0,1015.151948051948,1014.9,1015.5,False,38.67012987012987,36.1,41.1,242.06493506493507,2.3,4.3,HUL,26625.9,31439.866666666665,47067.13333333333,24080.0,27481.0,39895.0,208639.25,4.0,,,,5.0,,,,,,2.0,,,,,,268.8,,,,,,270.0,,,,,,91998.2,,,,,,91632.0,,,0,3,HUL,12.0,91921.0,91632.0,
2025,2,26.132467532467533,25.9,26.5,13.818181818181818,12.0,15.0,1015.151948051948,1014.9,1015.5,False,38.67012987012987,36.1,41.1,242.06493506493507,2.3,4.3,LAW,26710.4,31458.25,50509.375,24522.0,27622.0,40030.0,155985.0,2.0,,,,3.0,,,,,,2.0,,,,,,268.5,,,,,,270.0,,,,,,92333.0,,,,,,92174.0,,,0,3,LAW,20.0,92174.0,,
2025,2,26.132467532467533,25.9,26.5,13.818181818181818,12.0,15.0,1015.151948051948,1014.9,1015.5,False,38.67012987012987,36.1,41.1,242.06493506493507,2.3,4.3,LEC,28229.2,33079.95238095238,47525.15,24094.0,27320.0,39572.0,263411.6,5.0,,,,6.0,,,,,,3.6666666666666665,,,,,,253.88888888888889,,,,,,274.0,,,,,,100435.77777777778,,,,,,91021.0,,,0,3,LEC,6.0,91579.0,91450.0,91021.0
2025,2,26.132467532467533,25.9,26.5,13.818181818181818,12.0,15.0,1015.151948051948,1014.9,1015.5,False,38.67012987012987,36.1,41.1,242.06493506493507,2.3,4.3,NOR,27876.833333333332,31299.882352941175,50038.17647058824,23954.0,27257.0,39435.0,409987.25,4.0,,,,4.0,,,,,,3.4285714285714284,,,,,,246.85714285714286,,,,,,275.0,,,,,,103847.85714285714,,,,,,90787.0,,,0,3,NOR,3.0,90983.0,90787.0,90793.0
2025,2,26.132467532467533,25.9,26.5,13.818181818181818,12.0,15.0,1015.151948051948,1014.9,1015.5,False,38.67012987012987,36.1,41.1,242.06493506493507,2.3,4.3,OCO,26605.5,33583.066666666666,49442.13333333333,24244.0,27489.0,39890.0,191631.24999999994,4.0,,,,5.0,,,,,,2.0,,,,,,269.8,,,,,,272.0,,,,,,91975.6,,,,,,91625.0,,,0,3,OCO,11.0,91876.0,91625.0,
2025,2,26.132467532467533,25.9,26.5,13.818181818181818,12.0,15.0,1015.151948051948,1014.9,1015.5,False,38.67012987012987,36.1,41.1,242.06493506493507,2.3,4.3,PIA,27924.5,32030.25,48407.9,23984.0,27163.0,39418.0,285628.5999999999,5.0,,,,6.0,,,,,,3.375,,,,,,249.875,,,,,,274.0,,,,,,101290.0,,,,,,90641.0,,,0,3,PIA,1.0,91591.0,91200.0,90641.0
2025,2,26.132467532467533,25.9,26.5,13.818181818181818,12.0,15.0,1015.151948051948,1014.9,1015.5,False,38.67012987012987,36.1,41.1,242.06493506493507,2.3,4.3,RUS,31786.647058823528,32381.272727272728,48570.818181818184,24068.0,27221.0,39434.0,232759.6,5.0,,,,6.0,,,,,,3.3,,,,,,254.9,,,,,,274.0,,,,,,103749.5,,,,,,90723.0,,,0,3,RUS,2.0,91295.0,91307.0,90723.0
2025,2,26.132467532467533,25.9,26.5,13.818181818181818,12.0,15.0,1015.151948051948,1014.9,1015.5,False,38.67012987012987,36.1,41.1,242.06493506493507,2.3,4.3,SAI,31484.454545454544,31535.933333333334,49339.933333333334,24231.0,27480.0,39859.0,211908.5,4.0,,,,5.0,,,,,,2.6,,,,,,268.6,,,,,,272.0,,,,,,92137.4,,,,,,91628.0,,,0,3,SAI,15.0,91628.0,91840.0,
2025,2,26.132467532467533,25.9,26.5,13.818181818181818,12.0,15.0,1015.151948051948,1014.9,1015.5,False,38.67012987012987,36.1,41.1,242.06493506493507,2.3,4.3,STR,29702.0,33479.666666666664,47360.86666666667,24133.0,27391.0,40039.0,223129.75,4.0,,,,5.0,,,,,,3.0,,,,,,269.3333333333333,,,,,,272.0,,,,,,98322.16666666667,,,,,,91773.0,,,0,3,STR,14.0,91923.0,91773.0,
2025,2,26.132467532467533,25.9,26.5,13.818181818181818,12.0,15.0,1015.151948051948,1014.9,1015.5,False,38.67012987012987,36.1,41.1,242.06493506493507,2.3,4.3,TSU,26111.166666666668,32824.94736842105,49812.89473684211,24171.0,27203.0,39759.0,254673.5,6.0,,,,6.0,,,,,,3.2,,,,,,271.4,,,,,,273.0,,,,,,91451.8,,,,,,91238.0,,,0,3,TSU,9.0,91238.0,91260.0,91638.0
2025,2,26.132467532467533,25.9,26.5,13.818181818181818,12.0,15.0,1015.151948051948,1014.9,1015.5,False,38.67012987012987,36.1,41.1,242.06493506493507,2.3,4.3,VER,26500.3,32283.533333333333,47088.46666666667,23945.0,27238.0,39523.0,455704.7499999999,4.0,,,,5.0,,,,,,2.4,,,,,,270.2,,,,,,274.0,,,,,,91108.4,,,,,,90817.0,,,0,3,VER,4.0,91424.0,91142.0,90817.0
