RACEYEAR,RACENUMBER,FP1_AirTemp_mean,FP1_AirTemp_min,FP1_AirTemp_max,FP1_Humidity_mean,FP1_Humidity_min,FP1_Humidity_max,FP1_Pressure_mean,FP1_Pressure_min,FP1_Pressure_max,FP1_Rainfall_max,FP1_TrackTemp_mean,FP1_TrackTemp_min,FP1_TrackTemp_max,FP1_WindDirection_mean,FP1_WindSpeed_mean,FP1_WindSpeed_max,Driver,FP1_AvgSector1Time_ms,FP1_FastestSector1Time_ms,FP1_AvgSector2Time_ms,FP1_FastestSector2Time_ms,FP1_AvgSector3Time_ms,FP1_FastestSector3Time_ms,FP1_FastestFullLapTime_ms,FP1_AvgPitStopDuration_ms,FP1_TotalPitStops,FP1_MaxStint_HARD,FP1_MaxStint_INTERMEDIATE,FP1_MaxStint_MEDIUM,FP1_MaxStint_SOFT,FP1_MaxStint_TEST_UNKNOWN,FP1_MaxStint_UNKNOWN,FP1_MaxStint_WET,FP1_AvgTyreLife_HARD,FP1_AvgTyreLife_INTERMEDIATE,FP1_AvgTyreLife_MEDIUM,FP1_AvgTyreLife_SOFT,FP1_AvgTyreLife_TEST_UNKNOWN,FP1_AvgTyreLife_UNKNOWN,FP1_AvgTyreLife_WET,FP1_AvgSpeedOnTyre_HARD,FP1_AvgSpeedOnTyre_INTERMEDIATE,FP1_AvgSpeedOnTyre_MEDIUM,FP1_AvgSpeedOnTyre_SOFT,FP1_AvgSpeedOnTyre_TEST_UNKNOWN,FP1_AvgSpeedOnTyre_UNKNOWN,FP1_AvgSpeedOnTyre_WET,FP1_FastestSpeedOnTyre_HARD,FP1_FastestSpeedOnTyre_INTERMEDIATE,FP1_FastestSpeedOnTyre_MEDIUM,FP1_FastestSpeedOnTyre_SOFT,FP1_FastestSpeedOnTyre_TEST_UNKNOWN,FP1_FastestSpeedOnTyre_UNKNOWN,FP1_FastestSpeedOnTyre_WET,FP1_AvgLapTimeOnTyre_HARD,FP1_AvgLapTimeOnTyre_INTERMEDIATE,FP1_AvgLapTimeOnTyre_MEDIUM,FP1_AvgLapTimeOnTyre_SOFT,FP1_AvgLapTimeOnTyre_TEST_UNKNOWN,FP1_AvgLapTimeOnTyre_UNKNOWN,FP1_AvgLapTimeOnTyre_WET,FP1_FastestLapTimeOnTyre_HARD,FP1_FastestLapTimeOnTyre_INTERMEDIATE,FP1_FastestLapTimeOnTyre_MEDIUM,FP1_FastestLapTimeOnTyre_SOFT,FP1_FastestLapTimeOnTyre_TEST_UNKNOWN,FP1_FastestLapTimeOnTyre_UNKNOWN,FP1_FastestLapTimeOnTyre_WET,FP1_Red,FP1_SCDeployed,FP1_VSCDeployed,FP1_Yellow
2022,1,19.885365853658534,19.6,20.2,36.40243902439025,34.0,38.0,1016.0378048780489,1015.9,1016.2,True,34.74634146341463,32.0,37.0,108.1951219512195,0.8304878048780489,1.2,ALB,41158.230769230766,30219.0,50012.470588235294,41475.0,27683.352941176472,24015.0,95923.0,457204.0,4.0,2.0,,,5.0,,,,4.0,,,6.0,,,,279.3333333333333,,,233.8,,,,280.0,,,283.0,,,,104134.66666666667,,,109388.0,,,,98580.0,,,95923.0,,,,1,0,0,6
2022,1,19.885365853658534,19.6,20.2,36.40243902439025,34.0,38.0,1016.0378048780489,1015.9,1016.2,True,34.74634146341463,32.0,37.0,108.1951219512195,0.8304878048780489,1.2,ALO,36172.454545454544,30292.0,45608.57142857143,40826.0,27755.714285714286,23822.0,95000.0,606897.5,2.0,,,,3.0,,,,,,,3.75,,,,,,,252.75,,,,,,,280.0,,,,,,,103503.375,,,,,,,95000.0,,,,1,0,0,6
2022,1,19.885365853658534,19.6,20.2,36.40243902439025,34.0,38.0,1016.0378048780489,1015.9,1016.2,True,34.74634146341463,32.0,37.0,108.1951219512195,0.8304878048780489,1.2,BOT,,,74120.5,71785.0,48039.0,46651.0,,2855826.0,1.0,,,,,,,,,,,,,,,,,,,,,,,,,,,,,,,,,,,,,,,,,,,1,0,0,6
2022,1,19.885365853658534,19.6,20.2,36.40243902439025,34.0,38.0,1016.0378048780489,1015.9,1016.2,True,34.74634146341463,32.0,37.0,108.1951219512195,0.8304878048780489,1.2,GAS,35119.0,30076.0,45358.818181818184,40492.0,26758.909090909092,23625.0,94193.0,572431.0,2.0,2.0,,,3.0,,,,6.714285714285714,,,6.5,,,,270.7142857142857,,,255.6,,,,284.0,,,282.0,,,,105194.0,,,102212.5,,,,96621.0,,,94193.0,,,,1,0,0,6
2022,1,19.885365853658534,19.6,20.2,36.40243902439025,34.0,38.0,1016.0378048780489,1015.9,1016.2,True,34.74634146341463,32.0,37.0,108.1951219512195,0.8304878048780489,1.2,HAM,37770.333333333336,30512.0,49163.882352941175,40613.0,29925.875,23818.0,94943.0,477830.4999999999,4.0,,,2.0,5.0,,,,,,4.5,3.6666666666666665,,,,,,262.75,192.33333333333334,,,,,,267.0,276.0,,,,,,108769.5,119258.33333333333,,,,,,96367.0,94943.0,,,,1,0,0,6
2022,1,19.885365853658534,19.6,20.2,36.40243902439025,34.0,38.0,1016.0378048780489,1015.9,1016.2,True,34.74634146341463,32.0,37.0,108.1951219512195,0.8304878048780489,1.2,HUL,35660.95,30693.0,47757.913043478264,41171.0,27777.043478260868,23945.0,95815.0,685452.0,2.0,2.0,,,3.0,,,,5.833333333333333,,,7.0,,,,273.8333333333333,,,244.27272727272728,,,,277.0,,,276.0,,,,100064.16666666667,,,113939.45454545454,,,,98707.0,,,95815.0,,,,1,0,0,6
2022,1,19.885365853658534,19.6,20.2,36.40243902439025,34.0,38.0,1016.0378048780489,1015.9,1016.2,True,34.74634146341463,32.0,37.0,108.1951219512195,0.8304878048780489,1.2,LAT,40241.63636363636,30217.0,49108.53333333333,41716.0,29881.933333333334,23711.0,95644.0,528441.0,4.0,2.0,,,5.0,,,,4.0,,,5.0,,,,279.3333333333333,,,206.66666666666666,,,,280.0,,,284.0,,,,98080.33333333333,,,111795.0,,,,97783.0,,,95644.0,,,,1,0,0,6
2022,1,19.885365853658534,19.6,20.2,36.40243902439025,34.0,38.0,1016.0378048780489,1015.9,1016.2,True,34.74634146341463,32.0,37.0,108.1951219512195,0.8304878048780489,1.2,LEC,40770.78947368421,30077.0,46237.72727272727,40632.0,28029.545454545456,23667.0,94557.0,350142.0,4.0,2.0,,5.0,,,,,6.166666666666667,,5.833333333333333,,,,,274.5,,240.83333333333334,,,,,279.0,,283.0,,,,,103330.0,,113508.0,,,,,96157.0,,94557.0,,,,,1,0,0,6
2022,1,19.885365853658534,19.6,20.2,36.40243902439025,34.0,38.0,1016.0378048780489,1015.9,1016.2,True,34.74634146341463,32.0,37.0,108.1951219512195,0.8304878048780489,1.2,MAG,35624.88888888889,30735.0,45865.09523809524,41586.0,28487.238095238095,24016.0,96804.0,527515.6666666666,3.0,2.0,,4.0,,,,,4.0,,8.0,,,,,276.3333333333333,,260.61538461538464,,,,,277.0,,283.0,,,,,109524.66666666667,,106000.23076923077,,,,,98536.0,,96804.0,,,,,1,0,0,6
2022,1,19.885365853658534,19.6,20.2,36.40243902439025,34.0,38.0,1016.0378048780489,1015.9,1016.2,True,34.74634146341463,32.0,37.0,108.1951219512195,0.8304878048780489,1.2,MSC,33903.7,30723.0,44758.782608695656,41832.0,26017.08695652174,23820.0,96536.0,722299.0,2.0,2.0,,3.0,,,,,5.0,,8.0,,,,,276.8,,261.3076923076923,,,,,278.0,,280.0,,,,,99024.4,,101822.30769230769,,,,,98235.0,,96536.0,,,,,1,0,0,6
2022,1,19.885365853658534,19.6,20.2,36.40243902439025,34.0,38.0,1016.0378048780489,1015.9,1016.2,True,34.74634146341463,32.0,37.0,108.1951219512195,0.8304878048780489,1.2,NOR,36327.78947368421,30659.0,47306.72727272727,41188.0,28374.545454545456,24063.0,96304.0,655987.0,2.0,,,3.0,2.0,,,,,,6.5,6.166666666666667,,,,,,248.8,275.0,,,,,,276.0,276.0,,,,,,107006.1,109078.16666666667,,,,,,96388.0,96304.0,,,,1,0,0,6
2022,1,19.885365853658534,19.6,20.2,36.40243902439025,34.0,38.0,1016.0378048780489,1015.9,1016.2,True,34.74634146341463,32.0,37.0,108.1951219512195,0.8304878048780489,1.2,OCO,39526.0,30167.0,50021.0,41130.0,29076.0,23825.0,95151.0,639577.3333333334,3.0,,,,4.0,,,,,,,5.125,,,,,,,249.625,,,,,,,283.0,,,,,,,115857.875,,,,,,,95151.0,,,,1,0,0,6
2022,1,19.885365853658534,19.6,20.2,36.40243902439025,34.0,38.0,1016.0378048780489,1015.9,1016.2,True,34.74634146341463,32.0,37.0,108.1951219512195,0.8304878048780489,1.2,PER,37156.75,30366.0,46449.27272727273,41024.0,26823.863636363636,23660.0,95050.0,434677.0,3.0,1.0,,4.0,,,,,2.5,,10.571428571428571,,,,,272.0,,259.35714285714283,,,,,277.0,,281.0,,,,,109335.5,,106920.0,,,,,97459.0,,95050.0,,,,,1,0,0,6
2022,1,19.885365853658534,19.6,20.2,36.40243902439025,34.0,38.0,1016.0378048780489,1015.9,1016.2,True,34.74634146341463,32.0,37.0,108.1951219512195,0.8304878048780489,1.2,RIC,35956.17647058824,30592.0,47518.85,41603.0,29523.7,24152.0,96402.0,798150.0,2.0,,,3.0,2.0,,,,,,5.5,6.166666666666667,,,,,,247.75,275.0,,,,,,278.0,278.0,,,,,,107471.75,110058.5,,,,,,97356.0,96402.0,,,,1,0,0,6
2022,1,19.885365853658534,19.6,20.2,36.40243902439025,34.0,38.0,1016.0378048780489,1015.9,1016.2,True,34.74634146341463,32.0,37.0,108.1951219512195,0.8304878048780489,1.2,RUS,40684.15,30269.0,49174.72727272727,40672.0,30069.772727272728,23605.0,94629.0,298706.25,4.0,,,2.0,5.0,,,,,,5.833333333333333,8.142857142857142,,,,,,261.3333333333333,233.57142857142858,,,,,,278.0,278.0,,,,,,107248.66666666667,106326.42857142857,,,,,,96487.0,94629.0,,,,1,0,0,6
2022,1,19.885365853658534,19.6,20.2,36.40243902439025,34.0,38.0,1016.0378048780489,1015.9,1016.2,True,34.74634146341463,32.0,37.0,108.1951219512195,0.8304878048780489,1.2,SAI,38970.6,30071.0,46226.27272727273,40722.0,27489.863636363636,23683.0,94611.0,287196.0,4.0,2.0,,5.0,,,,,6.166666666666667,,6.75,,,,,276.0,,248.375,,,,,281.0,,283.0,,,,,101058.33333333333,,113775.375,,,,,96319.0,,94611.0,,,,,1,0,0,6
2022,1,19.885365853658534,19.6,20.2,36.40243902439025,34.0,38.0,1016.0378048780489,1015.9,1016.2,True,34.74634146341463,32.0,37.0,108.1951219512195,0.8304878048780489,1.2,STR,36888.68421052631,30324.0,47897.90909090909,40593.0,28686.954545454544,23805.0,94814.0,662708.0,2.0,2.0,,,3.0,,,,6.714285714285714,,,6.0,,,,266.0,,,230.66666666666666,,,,277.0,,,277.0,,,,101621.0,,,118037.44444444444,,,,97402.0,,,94814.0,,,,1,0,0,6
2022,1,19.885365853658534,19.6,20.2,36.40243902439025,34.0,38.0,1016.0378048780489,1015.9,1016.2,True,34.74634146341463,32.0,37.0,108.1951219512195,0.8304878048780489,1.2,TSU,36155.0,30217.0,48173.55,40850.0,28449.684210526317,23778.0,95028.0,521733.3333333333,3.0,2.0,,,4.0,,,,5.2,,,5.571428571428571,,,,276.6,,,250.71428571428572,,,,279.0,,,282.0,,,,107929.6,,,111385.85714285714,,,,96783.0,,,95028.0,,,,1,0,0,6
2022,1,19.885365853658534,19.6,20.2,36.40243902439025,34.0,38.0,1016.0378048780489,1015.9,1016.2,True,34.74634146341463,32.0,37.0,108.1951219512195,0.8304878048780489,1.2,VER,36968.26315789474,30119.0,44817.09523809524,40789.0,26626.238095238095,23703.0,94742.0,428185.3333333333,3.0,1.0,,4.0,,,,,2.0,,10.6,,,,,176.0,,255.06666666666666,,,,,176.0,,279.0,,,,,97766.0,,104789.13333333333,,,,,97766.0,,94742.0,,,,,1,0,0,6
2022,1,19.885365853658534,19.6,20.2,36.40243902439025,34.0,38.0,1016.0378048780489,1015.9,1016.2,True,34.74634146341463,32.0,37.0,108.1951219512195,0.8304878048780489,1.2,ZHO,37708.0,30140.0,49845.35,41057.0,28305.45,23805.0,95053.0,526783.3333333334,3.0,2.0,,,4.0,,,,7.25,,,4.0,,,,274.0,,,230.2,,,,277.0,,,282.0,,,,104948.125,,,114444.8,,,,97656.0,,,95053.0,,,,1,0,0,6
2022,2,22.8855421686747,22.6,23.2,51.44578313253012,47.0,55.0,1014.0746987951807,1013.5,1014.5,False,28.18192771084337,27.0,29.3,324.71084337349396,4.742168674698796,6.9,ALB,41500.318181818184,34233.0,35613.958333333336,29775.0,35353.375,29079.0,93087.0,531693.0,2.0,,,3.0,2.0,,,,,,8.333333333333334,4.4,,,,,,286.8333333333333,292.0,,,,,,294.0,294.0,,,,,,104496.08333333333,107380.0,,,,,,94104.0,93087.0,,,,1,0,0,2
2022,2,22.8855421686747,22.6,23.2,51.44578313253012,47.0,55.0,1014.0746987951807,1013.5,1014.5,False,28.18192771084337,27.0,29.3,324.71084337349396,4.742168674698796,6.9,ALO,41730.166666666664,33717.0,32012.045454545456,29606.0,33682.818181818184,29058.0,92381.0,349638.75,4.0,,,3.0,5.0,,,,,,5.0,8.833333333333334,,,,,,293.0,267.6666666666667,,,,,,293.0,296.0,,,,,,96944.66666666667,102780.75,,,,,,94164.0,92381.0,,,,1,0,0,2
2022,2,22.8855421686747,22.6,23.2,51.44578313253012,47.0,55.0,1014.0746987951807,1013.5,1014.5,False,28.18192771084337,27.0,29.3,324.71084337349396,4.742168674698796,6.9,BOT,42539.117647058825,33281.0,33817.23809523809,29192.0,35097.19047619047,28611.0,91084.0,380572.75,4.0,3.0,,,5.0,,,,7.0,,,6.0,,,,289.25,,,264.8888888888889,,,,290.0,,,300.0,,,,94295.25,,,109940.77777777778,,,,93850.0,,,91084.0,,,,1,0,0,2
2022,2,22.8855421686747,22.6,23.2,51.44578313253012,47.0,55.0,1014.0746987951807,1013.5,1014.5,False,28.18192771084337,27.0,29.3,324.71084337349396,4.742168674698796,6.9,GAS,41369.083333333336,33403.0,33786.148148148146,29263.0,34193.25925925926,28567.0,91317.0,429326.0,2.0,1.0,,,3.0,,,,5.5,,,9.076923076923077,,,,295.5,,,284.38461538461536,,,,300.0,,,298.0,,,,105515.75,,,103009.0,,,,91718.0,,,91317.0,,,,1,0,0,2
2022,2,22.8855421686747,22.6,23.2,51.44578313253012,47.0,55.0,1014.0746987951807,1013.5,1014.5,False,28.18192771084337,27.0,29.3,324.71084337349396,4.742168674698796,6.9,HAM,42057.17647058824,33884.0,33553.65,29484.0,34396.1,28996.0,92364.0,813231.5,2.0,,,,3.0,,,,,,,7.428571428571429,,,,,,,262.07142857142856,,,,,,,292.0,,,,,,,103708.5,,,,,,,92364.0,,,,1,0,0,2
2022,2,22.8855421686747,22.6,23.2,51.44578313253012,47.0,55.0,1014.0746987951807,1013.5,1014.5,False,28.18192771084337,27.0,29.3,324.71084337349396,4.742168674698796,6.9,HUL,43258.75,34253.0,35892.13043478261,29530.0,36645.913043478264,29242.0,93034.0,440649.3333333333,3.0,,,2.0,4.0,,,,,,6.666666666666667,5.857142857142857,,,,,,289.22222222222223,248.42857142857142,,,,,,296.0,296.0,,,,,,109699.77777777778,118506.14285714286,,,,,,94219.0,93034.0,,,,1,0,0,2
2022,2,22.8855421686747,22.6,23.2,51.44578313253012,47.0,55.0,1014.0746987951807,1013.5,1014.5,False,28.18192771084337,27.0,29.3,324.71084337349396,4.742168674698796,6.9,LAT,41126.47826086957,34219.0,34259.44,29893.0,33889.24,29155.0,93529.0,463195.0,2.0,3.0,,,2.0,,,,10.066666666666666,,,4.0,,,,271.0,,,291.6,,,,292.0,,,293.0,,,,104868.46666666666,,,112410.6,,,,94134.0,,,93529.0,,,,1,0,0,2
2022,2,22.8855421686747,22.6,23.2,51.44578313253012,47.0,55.0,1014.0746987951807,1013.5,1014.5,False,28.18192771084337,27.0,29.3,324.71084337349396,4.742168674698796,6.9,LEC,42019.26666666667,33256.0,33387.94117647059,29035.0,35792.470588235294,28430.0,90772.0,270531.0,2.0,1.0,,,3.0,,,,4.5,,,4.5,,,,289.0,,,248.16666666666666,,,,293.0,,,298.0,,,,101979.33333333333,,,109671.0,,,,91470.0,,,90772.0,,,,1,0,0,2
2022,2,22.8855421686747,22.6,23.2,51.44578313253012,47.0,55.0,1014.0746987951807,1013.5,1014.5,False,28.18192771084337,27.0,29.3,324.71084337349396,4.742168674698796,6.9,MAG,38923.0,38923.0,33754.0,31710.0,43720.5,33436.0,124638.0,,,,,,,,,,,,,,,,,,,,,,,,,,,,,,,,,,,,,,,,,,,,,1,0,0,2
2022,2,22.8855421686747,22.6,23.2,51.44578313253012,47.0,55.0,1014.0746987951807,1013.5,1014.5,False,28.18192771084337,27.0,29.3,324.71084337349396,4.742168674698796,6.9,MSC,39682.42105263158,34548.0,33415.19047619047,30275.0,32755.714285714286,29343.0,94429.0,753269.5,2.0,2.0,,3.0,,,,,4.0,,9.0,,,,,291.0,,276.8,,,,,291.0,,295.0,,,,,97109.0,,102107.66666666667,,,,,97109.0,,94429.0,,,,,1,0,0,2
2022,2,22.8855421686747,22.6,23.2,51.44578313253012,47.0,55.0,1014.0746987951807,1013.5,1014.5,False,28.18192771084337,27.0,29.3,324.71084337349396,4.742168674698796,6.9,NOR,40895.90476190476,33723.0,34159.217391304344,29661.0,34400.086956521736,29021.0,92594.0,411474.0,3.0,4.0,,,3.0,,,,6.8,,,5.857142857142857,,,,264.7,,,283.85714285714283,,,,294.0,,,291.0,,,,111752.8,,,105556.28571428571,,,,93524.0,,,92594.0,,,,1,0,0,2
2022,2,22.8855421686747,22.6,23.2,51.44578313253012,47.0,55.0,1014.0746987951807,1013.5,1014.5,False,28.18192771084337,27.0,29.3,324.71084337349396,4.742168674698796,6.9,OCO,39896.63636363636,33642.0,33719.72,29568.0,33283.44,28816.0,92026.0,532218.5,2.0,1.0,,,3.0,,,,5.5,,,8.090909090909092,,,,294.5,,,286.45454545454544,,,,297.0,,,297.0,,,,105633.875,,,101259.09090909091,,,,93684.0,,,92026.0,,,,1,0,0,2
2022,2,22.8855421686747,22.6,23.2,51.44578313253012,47.0,55.0,1014.0746987951807,1013.5,1014.5,False,28.18192771084337,27.0,29.3,324.71084337349396,4.742168674698796,6.9,PER,41085.36363636364,33772.0,32779.76,29062.0,32609.666666666668,28729.0,91563.0,421291.3333333333,3.0,1.0,,,4.0,,,,5.5,,,8.222222222222221,,,,295.5,,,293.3333333333333,,,,301.0,,,304.0,,,,99749.25,,,100336.44444444444,,,,92689.0,,,91563.0,,,,1,0,0,2
2022,2,22.8855421686747,22.6,23.2,51.44578313253012,47.0,55.0,1014.0746987951807,1013.5,1014.5,False,28.18192771084337,27.0,29.3,324.71084337349396,4.742168674698796,6.9,RIC,41001.380952380954,33896.0,34418.565217391304,29649.0,33404.434782608696,28961.0,92506.0,572310.0,2.0,,,3.0,2.0,,,,,,8.923076923076923,4.0,,,,,,265.0769230769231,290.4,,,,,,292.0,295.0,,,,,,105722.38461538461,110786.6,,,,,,93333.0,92506.0,,,,1,0,0,2
2022,2,22.8855421686747,22.6,23.2,51.44578313253012,47.0,55.0,1014.0746987951807,1013.5,1014.5,False,28.18192771084337,27.0,29.3,324.71084337349396,4.742168674698796,6.9,RUS,41303.75,34029.0,33645.26315789474,29732.0,34212.47368421053,29078.0,92839.0,840610.0,2.0,,,,3.0,,,,,,,9.23076923076923,,,,,,,258.15384615384613,,,,,,,295.0,,,,,,,104223.84615384616,,,,,,,92839.0,,,,1,0,0,2
2022,2,22.8855421686747,22.6,23.2,51.44578313253012,47.0,55.0,1014.0746987951807,1013.5,1014.5,False,28.18192771084337,27.0,29.3,324.71084337349396,4.742168674698796,6.9,SAI,40146.25,33279.0,33065.28571428572,29217.0,34548.71428571428,28638.0,91139.0,815937.0,1.0,1.0,,,2.0,,,,3.5,,,4.5,,,,288.5,,,250.5,,,,289.0,,,295.0,,,,94927.75,,,109609.83333333333,,,,92802.0,,,91139.0,,,,1,0,0,2
2022,2,22.8855421686747,22.6,23.2,51.44578313253012,47.0,55.0,1014.0746987951807,1013.5,1014.5,False,28.18192771084337,27.0,29.3,324.71084337349396,4.742168674698796,6.9,STR,43240.68421052631,34011.0,34259.04347826087,29487.0,36311.95652173913,28955.0,92582.0,451215.6666666667,3.0,2.0,,,4.0,,,,6.666666666666667,,,4.833333333333333,,,,290.8888888888889,,,243.0,,,,295.0,,,296.0,,,,104496.66666666667,,,122491.16666666667,,,,93484.0,,,92582.0,,,,1,0,0,2
2022,2,22.8855421686747,22.6,23.2,51.44578313253012,47.0,55.0,1014.0746987951807,1013.5,1014.5,False,28.18192771084337,27.0,29.3,324.71084337349396,4.742168674698796,6.9,TSU,44560.52173913043,33269.0,35835.36,29160.0,35311.2,28712.0,91505.0,298293.3333333332,3.0,1.0,,,4.0,,,,5.0,,,8.090909090909092,,,,293.7142857142857,,,277.27272727272725,,,,295.0,,,297.0,,,,110288.0,,,112343.54545454546,,,,91710.0,,,91505.0,,,,1,0,0,2
2022,2,22.8855421686747,22.6,23.2,51.44578313253012,47.0,55.0,1014.0746987951807,1013.5,1014.5,False,28.18192771084337,27.0,29.3,324.71084337349396,4.742168674698796,6.9,VER,41406.71428571428,33428.0,36659.260869565216,28980.0,34055.65217391304,28401.0,90888.0,571012.0,2.0,1.0,,,3.0,,,,5.0,,,8.1,,,,296.57142857142856,,,275.2,,,,298.0,,,297.0,,,,109073.14285714286,,,104069.0,,,,90888.0,,,95517.0,,,,1,0,0,2
2022,2,22.8855421686747,22.6,23.2,51.44578313253012,47.0,55.0,1014.0746987951807,1013.5,1014.5,False,28.18192771084337,27.0,29.3,324.71084337349396,4.742168674698796,6.9,ZHO,42922.28571428572,34354.0,35150.44,29368.0,35608.48,28886.0,92608.0,248966.25,4.0,3.0,,,5.0,,,,9.333333333333334,,,5.5,,,,288.1111111111111,,,260.0,,,,291.0,,,297.0,,,,103969.88888888889,,,112524.625,,,,94692.0,,,92608.0,,,,1,0,0,2
2022,3,21.23164556962025,20.7,21.8,56.620253164556964,53.0,61.0,1020.986075949367,1020.4,1021.7,False,37.89746835443038,36.9,38.6,150.35443037974684,0.718987341772152,1.6,ALB,35455.72,28547.0,21093.52,18509.0,41911.72727272727,35698.0,82754.0,428398.00000000006,3.0,,,4.0,3.0,,,,,,9.375,3.0,,,,,,287.8125,287.4,,,,,,295.0,296.0,,,,,,96978.6875,98354.4,,,,,,84340.0,82754.0,,,,2,1,0,3
2022,3,21.23164556962025,20.7,21.8,56.620253164556964,53.0,61.0,1020.986075949367,1020.4,1021.7,False,37.89746835443038,36.9,38.6,150.35443037974684,0.718987341772152,1.6,ALO,35439.857142857145,27911.0,19693.380952380954,18280.0,38425.882352941175,34855.0,81229.0,575656.0,3.0,3.0,,,4.0,,,,7.916666666666667,,,3.0,,,,291.25,,,296.6,,,,295.0,,,297.0,,,,91041.83333333333,,,89960.6,,,,82937.0,,,81229.0,,,,2,1,0,3
2022,3,21.23164556962025,20.7,21.8,56.620253164556964,53.0,61.0,1020.986075949367,1020.4,1021.7,False,37.89746835443038,36.9,38.6,150.35443037974684,0.718987341772152,1.6,BOT,35821.17391304348,28184.0,20874.608695652172,18348.0,42138.45,34715.0,81247.0,292408.6,5.0,,,1.0,5.0,,,,,,4.5,5.888888888888889,,,,,,286.75,292.3333333333333,,,,,,292.0,299.0,,,,,,89806.75,95999.66666666667,,,,,,84051.0,81247.0,,,,2,1,0,3
2022,3,21.23164556962025,20.7,21.8,56.620253164556964,53.0,61.0,1020.986075949367,1020.4,1021.7,False,37.89746835443038,36.9,38.6,150.35443037974684,0.718987341772152,1.6,GAS,36348.03846153846,28333.0,22433.19230769231,18426.0,42408.217391304344,34942.0,81701.0,361778.3333333333,3.0,,,4.0,3.0,,,,,,8.9375,4.0,,,,,,285.5625,294.1666666666667,,,,,,293.0,296.0,,,,,,98454.5,102261.5,,,,,,83167.0,81701.0,,,,2,1,0,3
2022,3,21.23164556962025,20.7,21.8,56.620253164556964,53.0,61.0,1020.986075949367,1020.4,1021.7,False,37.89746835443038,36.9,38.6,150.35443037974684,0.718987341772152,1.6,HAM,34299.96153846154,28114.0,20101.423076923078,18460.0,39563.04347826087,34453.0,81027.0,638300.0,2.0,3.0,,,2.0,,,,8.9375,,,4.0,,,,283.75,,,291.57142857142856,,,,295.0,,,296.0,,,,93597.875,,,94388.85714285714,,,,82961.0,,,81027.0,,,,2,1,0,3
2022,3,21.23164556962025,20.7,21.8,56.620253164556964,53.0,61.0,1020.986075949367,1020.4,1021.7,False,37.89746835443038,36.9,38.6,150.35443037974684,0.718987341772152,1.6,LAT,35779.28,28986.0,21084.44,18723.0,43310.86363636364,36112.0,83924.0,596207.5,2.0,,,3.0,2.0,,,,,,8.466666666666667,4.0,,,,,,286.53333333333336,291.2857142857143,,,,,,293.0,297.0,,,,,,95797.66666666667,108976.0,,,,,,86615.0,83924.0,,,,2,1,0,3
2022,3,21.23164556962025,20.7,21.8,56.620253164556964,53.0,61.0,1020.986075949367,1020.4,1021.7,False,37.89746835443038,36.9,38.6,150.35443037974684,0.718987341772152,1.6,LEC,36234.35,27883.0,22676.9,18185.0,43035.444444444445,34271.0,80377.0,519213.6666666667,3.0,4.0,,,3.0,,,,5.7,,,4.428571428571429,,,,285.3,,,292.2857142857143,,,,296.0,,,296.0,,,,95693.2,,,105193.57142857143,,,,81815.0,,,80377.0,,,,2,1,0,3
2022,3,21.23164556962025,20.7,21.8,56.620253164556964,53.0,61.0,1020.986075949367,1020.4,1021.7,False,37.89746835443038,36.9,38.6,150.35443037974684,0.718987341772152,1.6,MAG,37940.666666666664,28828.0,20812.0,18801.0,39463.8,35461.0,83186.0,901816.0,2.0,,,2.0,3.0,,,,,,5.888888888888889,3.5,,,,,,290.22222222222223,288.1666666666667,,,,,,291.0,291.0,,,,,,96043.88888888889,104300.5,,,,,,83755.0,83186.0,,,,2,1,0,3
2022,3,21.23164556962025,20.7,21.8,56.620253164556964,53.0,61.0,1020.986075949367,1020.4,1021.7,False,37.89746835443038,36.9,38.6,150.35443037974684,0.718987341772152,1.6,MSC,38819.92857142857,29013.0,20831.428571428572,18835.0,41603.545454545456,36232.0,84349.0,687814.3333333334,3.0,3.0,,,4.0,,,,4.4,,,3.5,,,,289.2,,,291.5,,,,294.0,,,293.0,,,,104916.6,,,102035.33333333333,,,,86650.0,,,84349.0,,,,2,1,0,3
2022,3,21.23164556962025,20.7,21.8,56.620253164556964,53.0,61.0,1020.986075949367,1020.4,1021.7,False,37.89746835443038,36.9,38.6,150.35443037974684,0.718987341772152,1.6,NOR,34803.818181818184,28206.0,20751.772727272728,18398.0,40618.63157894737,34274.0,80878.0,818632.0,2.0,,,1.0,3.0,,,,,,4.5,6.636363636363637,,,,,,287.875,282.72727272727275,,,,,,295.0,293.0,,,,,,97928.0,95368.54545454546,,,,,,81811.0,80878.0,,,,2,1,0,3
2022,3,21.23164556962025,20.7,21.8,56.620253164556964,53.0,61.0,1020.986075949367,1020.4,1021.7,False,37.89746835443038,36.9,38.6,150.35443037974684,0.718987341772152,1.6,OCO,37292.22222222222,28065.0,21970.48148148148,18258.0,41589.833333333336,34596.0,81004.0,320036.3333333333,3.0,,,2.0,4.0,,,,,,5.7,7.384615384615385,,,,,,293.6,289.61538461538464,,,,,,298.0,297.0,,,,,,99119.1,100363.46153846153,,,,,,82131.0,81004.0,,,,2,1,0,3
2022,3,21.23164556962025,20.7,21.8,56.620253164556964,53.0,61.0,1020.986075949367,1020.4,1021.7,False,37.89746835443038,36.9,38.6,150.35443037974684,0.718987341772152,1.6,PER,38108.73684210526,27898.0,23441.35,18042.0,43764.5,34459.0,80399.0,421784.75,4.0,,,,5.0,,,,,,,6.214285714285714,,,,,,,298.64285714285717,,,,,,,302.0,,,,,,,102504.57142857143,,,,,,,80399.0,,,,2,1,0,3
2022,3,21.23164556962025,20.7,21.8,56.620253164556964,53.0,61.0,1020.986075949367,1020.4,1021.7,False,37.89746835443038,36.9,38.6,150.35443037974684,0.718987341772152,1.6,RIC,35539.608695652176,28115.0,20910.956521739132,18507.0,40031.7,34533.0,81155.0,716144.5,2.0,,,1.0,3.0,,,,,,5.5,6.1,,,,,,291.5,283.5,,,,,,295.0,295.0,,,,,,95288.9,96999.8,,,,,,81850.0,81155.0,,,,2,1,0,3
2022,3,21.23164556962025,20.7,21.8,56.620253164556964,53.0,61.0,1020.986075949367,1020.4,1021.7,False,37.89746835443038,36.9,38.6,150.35443037974684,0.718987341772152,1.6,RUS,31842.46153846154,28169.0,19692.80769230769,18346.0,41673.95652173913,34942.0,81457.0,381217.0,3.0,4.0,,,3.0,,,,7.833333333333333,,,5.5,,,,288.4166666666667,,,292.0,,,,293.0,,,296.0,,,,89769.58333333333,,,93324.7,,,,84209.0,,,81457.0,,,,2,1,0,3
2022,3,21.23164556962025,20.7,21.8,56.620253164556964,53.0,61.0,1020.986075949367,1020.4,1021.7,False,37.89746835443038,36.9,38.6,150.35443037974684,0.718987341772152,1.6,SAI,35302.434782608696,27729.0,20157.608695652172,18165.0,41748.0,33858.0,79806.0,173066.8,5.0,6.0,,,5.0,,,,9.357142857142858,,,3.0,,,,284.0,,,295.5,,,,294.0,,,297.0,,,,91190.35714285714,,,102286.0,,,,81249.0,,,79806.0,,,,2,1,0,3
2022,3,21.23164556962025,20.7,21.8,56.620253164556964,53.0,61.0,1020.986075949367,1020.4,1021.7,False,37.89746835443038,36.9,38.6,150.35443037974684,0.718987341772152,1.6,STR,35974.958333333336,28464.0,23772.833333333332,18493.0,42484.65,34851.0,81869.0,420815.0,3.0,,,4.0,2.0,,,,,,8.692307692307692,3.5,,,,,,284.46153846153845,273.5,,,,,,296.0,295.0,,,,,,93526.07692307692,111424.5,,,,,,83079.0,81869.0,,,,2,1,0,3
2022,3,21.23164556962025,20.7,21.8,56.620253164556964,53.0,61.0,1020.986075949367,1020.4,1021.7,False,37.89746835443038,36.9,38.6,150.35443037974684,0.718987341772152,1.6,TSU,35797.192307692305,28184.0,21899.923076923078,18410.0,39962.30434782609,34594.0,81289.0,587337.0,2.0,,,3.0,2.0,,,,,,9.411764705882353,3.5,,,,,,287.3529411764706,295.3333333333333,,,,,,295.0,297.0,,,,,,96066.64705882352,99041.0,,,,,,82133.0,81289.0,,,,2,1,0,3
2022,3,21.23164556962025,20.7,21.8,56.620253164556964,53.0,61.0,1020.986075949367,1020.4,1021.7,False,37.89746835443038,36.9,38.6,150.35443037974684,0.718987341772152,1.6,VER,37589.181818181816,27903.0,22746.272727272728,18067.0,43500.63157894737,34652.0,80626.0,429400.3333333333,3.0,,,,4.0,,,,,,,5.611111111111111,,,,,,,293.6666666666667,,,,,,,304.0,,,,,,,101634.11111111111,,,,,,,80626.0,,,,2,1,0,3
2022,3,21.23164556962025,20.7,21.8,56.620253164556964,53.0,61.0,1020.986075949367,1020.4,1021.7,False,37.89746835443038,36.9,38.6,150.35443037974684,0.718987341772152,1.6,VET,35087.38888888889,28300.0,21697.166666666668,18549.0,40194.0,34812.0,81661.0,478174.5,2.0,,,3.0,2.0,,,,,,7.230769230769231,1.5,,,,,,286.2307692307692,288.0,,,,,,294.0,289.0,,,,,,96330.69230769231,99809.0,,,,,,82880.0,81661.0,,,,2,1,0,3
2022,3,21.23164556962025,20.7,21.8,56.620253164556964,53.0,61.0,1020.986075949367,1020.4,1021.7,False,37.89746835443038,36.9,38.6,150.35443037974684,0.718987341772152,1.6,ZHO,37742.80952380953,28438.0,21420.428571428572,18452.0,43482.77777777778,34931.0,81821.0,274217.0,5.0,,,1.0,5.0,,,,,,4.5,4.571428571428571,,,,,,286.625,291.2857142857143,,,,,,294.0,297.0,,,,,,92118.0,101845.28571428571,,,,,,84652.0,81821.0,,,,2,1,0,3
2022,4,11.540243902439023,11.4,11.7,91.29268292682927,90.0,92.0,995.5451219512195,995.0,996.0,True,14.729268292682926,14.5,15.0,261.3658536585366,2.8609756097560974,4.4,ALB,34354.846153846156,30181.0,36092.8125,33201.0,37636.875,32785.0,96461.0,543228.0,3.0,,4.0,,,,,2.0,,4.5,,,,,5.6,,212.25,,,,,260.2,,266.0,,,,,261.0,,105450.0,,,,,101010.0,,96461.0,,,,,98194.0,1,0,0,8
2022,4,11.540243902439023,11.4,11.7,91.29268292682927,90.0,92.0,995.5451219512195,995.0,996.0,True,14.729268292682926,14.5,15.0,261.3658536585366,2.8609756097560974,4.4,ALO,32105.636363636364,29488.0,35352.307692307695,31526.0,35877.25,32146.0,93160.0,1456165.0,1.0,,2.0,,,,,1.0,,3.0,,,,,4.5,,261.3333333333333,,,,,258.6666666666667,,263.0,,,,,261.0,,95560.0,,,,,103943.0,,93160.0,,,,,97284.0,1,0,0,8
2022,4,11.540243902439023,11.4,11.7,91.29268292682927,90.0,92.0,995.5451219512195,995.0,996.0,True,14.729268292682926,14.5,15.0,261.3658536585366,2.8609756097560974,4.4,BOT,36643.6,29598.0,34831.944444444445,32551.000000000004,35839.117647058825,31916.0,94615.0,321856.6,5.0,,5.0,,,,,3.0,,2.5,,,,,5.857142857142857,,260.5,,,,,255.42857142857142,,261.0,,,,,259.0,,94896.0,,,,,101241.71428571429,,94615.0,,,,,97250.0,1,0,0,8
2022,4,11.540243902439023,11.4,11.7,91.29268292682927,90.0,92.0,995.5451219512195,995.0,996.0,True,14.729268292682926,14.5,15.0,261.3658536585366,2.8609756097560974,4.4,GAS,32530.0,29918.0,35866.944444444445,32646.0,35167.555555555555,32246.000000000004,95104.0,667225.0,2.0,,2.0,,,,,1.0,,4.0,,,,,5.5,,257.4,,,,,256.5,,259.0,,,,,259.0,,101098.8,,,,,102837.625,,95104.0,,,,,96658.0,1,0,0,8
2022,4,11.540243902439023,11.4,11.7,91.29268292682927,90.0,92.0,995.5451219512195,995.0,996.0,True,14.729268292682926,14.5,15.0,261.3658536585366,2.8609756097560974,4.4,HAM,34990.46153846154,30293.0,35792.25,33466.0,36445.5,32705.0,96464.0,510340.3333333333,3.0,,4.0,,,,,2.0,,3.5,,,,,5.571428571428571,,168.5,,,,,256.14285714285717,,258.0,,,,,258.0,,108182.5,,,,,100034.14285714286,,102201.0,,,,,96464.0,1,0,0,8
2022,4,11.540243902439023,11.4,11.7,91.29268292682927,90.0,92.0,995.5451219512195,995.0,996.0,True,14.729268292682926,14.5,15.0,261.3658536585366,2.8609756097560974,4.4,LAT,36294.454545454544,31518.0,39632.57142857143,34492.0,38893.71428571428,33459.0,99698.0,576844.6666666666,3.0,,4.0,,,,,2.0,,4.5,,,,,4.5,,209.25,,,,,257.0,,261.0,,,,,258.0,,107085.25,,,,,105538.75,,99698.0,,,,,101517.0,1,0,0,8
2022,4,11.540243902439023,11.4,11.7,91.29268292682927,90.0,92.0,995.5451219512195,995.0,996.0,True,14.729268292682926,14.5,15.0,261.3658536585366,2.8609756097560974,4.4,LEC,34994.28571428572,28415.0,34839.86956521739,30585.0,36253.913043478264,30402.0,89402.0,320154.6666666667,3.0,,4.0,,,,,1.0,,6.7,,,,,5.0,,244.9,,,,,259.14285714285717,,268.0,,,,,262.0,,99344.3,,,,,100575.0,,89402.0,,,,,95629.0,1,0,0,8
2022,4,11.540243902439023,11.4,11.7,91.29268292682927,90.0,92.0,995.5451219512195,995.0,996.0,True,14.729268292682926,14.5,15.0,261.3658536585366,2.8609756097560974,4.4,MAG,33703.25,29182.0,34752.434782608696,31830.0,35417.913043478264,31219.0,92439.0,633146.5,2.0,,3.0,,,,,1.0,,6.0,,,,,6.0,,238.125,,,,,257.6666666666667,,262.0,,,,,260.0,,99773.125,,,,,100620.55555555556,,92439.0,,,,,96686.0,1,0,0,8
2022,4,11.540243902439023,11.4,11.7,91.29268292682927,90.0,92.0,995.5451219512195,995.0,996.0,True,14.729268292682926,14.5,15.0,261.3658536585366,2.8609756097560974,4.4,MSC,33587.2,29519.0,35417.434782608696,31704.0,37228.434782608696,31765.0,92988.0,637894.0,2.0,,3.0,,,,,1.0,,6.0,,,,,6.0,,240.0,,,,,256.55555555555554,,263.0,,,,,261.0,,102257.125,,,,,101833.22222222222,,92988.0,,,,,98351.0,1,0,0,8
2022,4,11.540243902439023,11.4,11.7,91.29268292682927,90.0,92.0,995.5451219512195,995.0,996.0,True,14.729268292682926,14.5,15.0,261.3658536585366,2.8609756097560974,4.4,NOR,31314.444444444445,29560.0,35353.454545454544,32767.000000000004,36728.63636363636,32319.000000000004,95502.0,754967.5000000001,2.0,,2.0,,,,,1.0,,2.5,,,,,3.5,,257.0,,,,,254.5,,258.0,,,,,256.0,,101233.5,,,,,99776.0,,95502.0,,,,,98128.0,1,0,0,8
2022,4,11.540243902439023,11.4,11.7,91.29268292682927,90.0,92.0,995.5451219512195,995.0,996.0,True,14.729268292682926,14.5,15.0,261.3658536585366,2.8609756097560974,4.4,OCO,31744.75,30284.0,35728.0,32735.999999999996,36515.357142857145,32400.0,95420.0,1119883.0,1.0,,2.0,,,,,1.0,,2.5,,,,,5.5,,262.0,,,,,258.0,,263.0,,,,,261.0,,96364.5,,,,,103607.625,,95420.0,,,,,98433.0,1,0,0,8
2022,4,11.540243902439023,11.4,11.7,91.29268292682927,90.0,92.0,995.5451219512195,995.0,996.0,True,14.729268292682926,14.5,15.0,261.3658536585366,2.8609756097560974,4.4,PER,34441.333333333336,29499.0,35222.4375,31915.0,35128.625,31167.0,93012.0,558607.0,2.0,,3.0,,,,,2.0,,4.0,,,,,5.428571428571429,,262.0,,,,,260.7142857142857,,266.0,,,,,263.0,,97751.4,,,,,108840.71428571429,,93012.0,,,,,95476.0,1,0,0,8
2022,4,11.540243902439023,11.4,11.7,91.29268292682927,90.0,92.0,995.5451219512195,995.0,996.0,True,14.729268292682926,14.5,15.0,261.3658536585366,2.8609756097560974,4.4,RIC,34290.166666666664,29970.0,35978.333333333336,32892.0,37584.46666666667,32683.0,95625.0,710436.0,2.0,,3.0,,,,,1.0,,4.8,,,,,3.5,,214.8,,,,,255.75,,257.0,,,,,259.0,,102375.4,,,,,100094.5,,95625.0,,,,,97927.0,1,0,0,8
2022,4,11.540243902439023,11.4,11.7,91.29268292682927,90.0,92.0,995.5451219512195,995.0,996.0,True,14.729268292682926,14.5,15.0,261.3658536585366,2.8609756097560974,4.4,RUS,34457.117647058825,29615.0,35301.71428571428,32168.999999999996,35471.05,32026.000000000004,94262.0,407242.3333333333,3.0,,4.0,,,,,2.0,,4.8,,,,,6.5,,219.0,,,,,256.125,,262.0,,,,,258.0,,102465.6,,,,,100726.625,,94262.0,,,,,98008.0,1,0,0,8
2022,4,11.540243902439023,11.4,11.7,91.29268292682927,90.0,92.0,995.5451219512195,995.0,996.0,True,14.729268292682926,14.5,15.0,261.3658536585366,2.8609756097560974,4.4,SAI,33327.47619047619,28857.0,33823.791666666664,30798.0,34712.333333333336,30482.0,90279.0,279275.6666666667,3.0,,4.0,,,,,1.0,,7.181818181818182,,,,,5.0,,265.0,,,,,259.57142857142856,,270.0,,,,,263.0,,96444.18181818182,,,,,101320.85714285714,,90279.0,,,,,95753.0,1,0,0,8
2022,4,11.540243902439023,11.4,11.7,91.29268292682927,90.0,92.0,995.5451219512195,995.0,996.0,True,14.729268292682926,14.5,15.0,261.3658536585366,2.8609756097560974,4.4,STR,33739.82352941176,29983.0,36691.818181818184,32854.0,37228.681818181816,32369.999999999996,96033.0,255644.75,4.0,,5.0,,,,,1.0,,7.9,,,,,3.0,,241.4,,,,,256.3333333333333,,261.0,,,,,258.0,,100894.0,,,,,109552.33333333333,,96033.0,,,,,100440.0,1,0,0,8
2022,4,11.540243902439023,11.4,11.7,91.29268292682927,90.0,92.0,995.5451219512195,995.0,996.0,True,14.729268292682926,14.5,15.0,261.3658536585366,2.8609756097560974,4.4,TSU,32532.714285714286,29594.0,35932.17647058824,32006.999999999996,36831.529411764706,31879.0,93611.0,731359.5,2.0,,2.0,,,,,1.0,,4.0,,,,,5.0,,258.2,,,,,258.0,,260.0,,,,,262.0,,97696.0,,,,,105816.42857142857,,93611.0,,,,,97207.0,1,0,0,8
2022,4,11.540243902439023,11.4,11.7,91.29268292682927,90.0,92.0,995.5451219512195,995.0,996.0,True,14.729268292682926,14.5,15.0,261.3658536585366,2.8609756097560974,4.4,VER,35183.88888888889,28524.0,35817.9,31092.0,37334.35,31194.0,90867.0,415023.6666666667,3.0,,4.0,,,,,2.0,,5.75,,,,,4.4,,238.25,,,,,258.4,,269.0,,,,,260.0,,98499.5,,,,,103070.4,,90867.0,,,,,96158.0,1,0,0,8
2022,4,11.540243902439023,11.4,11.7,91.29268292682927,90.0,92.0,995.5451219512195,995.0,996.0,True,14.729268292682926,14.5,15.0,261.3658536585366,2.8609756097560974,4.4,VET,33583.0,29483.0,34380.454545454544,32022.0,34786.09090909091,31860.0,93365.0,286673.0,3.0,,4.0,,,,,1.0,,9.333333333333334,,,,,2.5,,247.33333333333334,,,,,257.0,,266.0,,,,,257.0,,97866.41666666667,,,,,102835.0,,93365.0,,,,,101841.0,1,0,0,8
2022,4,11.540243902439023,11.4,11.7,91.29268292682927,90.0,92.0,995.5451219512195,995.0,996.0,True,14.729268292682926,14.5,15.0,261.3658536585366,2.8609756097560974,4.4,ZHO,37207.26315789474,31109.0,36798.142857142855,33560.0,36457.76190476191,32680.999999999996,97450.0,353256.0,3.0,,4.0,,,,,1.0,,4.5,,,,,7.0,,216.25,,,,,256.45454545454544,,260.0,,,,,261.0,,104889.25,,,,,102936.36363636363,,97450.0,,,,,98855.0,1,0,0,8
2022,5,33.73048780487805,33.1,34.3,41.75609756097561,38.0,47.0,1013.1048780487805,1012.5,1014.0,False,50.47073170731708,44.8,54.6,175.73170731707316,1.524390243902439,3.7,ALB,40428.8125,31067.0,41195.63157894737,35181.0,33261.36842105263,25606.0,91854.0,392646.25,4.0,,,5.0,4.0,,,,,,6.666666666666667,4.5,,,,,,253.11111111111111,281.0,,,,,,279.0,281.0,,,,,,108036.88888888889,107641.5,,,,,,94495.0,91854.0,,,,1,1,0,4
2022,5,33.73048780487805,33.1,34.3,41.75609756097561,38.0,47.0,1013.1048780487805,1012.5,1014.0,False,50.47073170731708,44.8,54.6,175.73170731707316,1.524390243902439,3.7,ALO,35671.206896551725,30831.0,39323.06451612903,35830.0,31201.033333333333,26223.0,92884.0,298855.0,2.0,,,1.0,3.0,,,,,,7.0,9.333333333333334,,,,,,273.8181818181818,258.26666666666665,,,,,,278.0,277.0,,,,,,103189.27272727272,104029.46666666666,,,,,,94762.0,92884.0,,,,1,1,0,4
2022,5,33.73048780487805,33.1,34.3,41.75609756097561,38.0,47.0,1013.1048780487805,1012.5,1014.0,False,50.47073170731708,44.8,54.6,175.73170731707316,1.524390243902439,3.7,BOT,34397.0,31479.0,39849.5,36107.0,31056.0,26187.0,93773.0,750236.0,1.0,,,1.0,,,,,,,6.0,,,,,,,275.1111111111111,,,,,,,278.0,,,,,,,101626.0,,,,,,,93773.0,,,,,1,1,0,4
2022,5,33.73048780487805,33.1,34.3,41.75609756097561,38.0,47.0,1013.1048780487805,1012.5,1014.0,False,50.47073170731708,44.8,54.6,175.73170731707316,1.524390243902439,3.7,GAS,38276.708333333336,30707.0,41412.555555555555,35252.0,30910.074074074073,25539.0,91498.0,461545.5,2.0,,,2.0,3.0,,,,,,8.333333333333334,6.0,,,,,,277.9166666666667,255.11111111111111,,,,,,282.0,282.0,,,,,,104864.0,112704.0,,,,,,93704.0,91498.0,,,,1,1,0,4
2022,5,33.73048780487805,33.1,34.3,41.75609756097561,38.0,47.0,1013.1048780487805,1012.5,1014.0,False,50.47073170731708,44.8,54.6,175.73170731707316,1.524390243902439,3.7,HAM,42955.10526315789,30528.0,44130.63636363636,35503.0,30925.090909090908,25673.0,91956.0,392792.6666666667,3.0,,,,4.0,,,,,,,6.384615384615385,,,,,,,256.9230769230769,,,,,,,279.0,,,,,,,103506.46153846153,,,,,,,91956.0,,,,1,1,0,4
2022,5,33.73048780487805,33.1,34.3,41.75609756097561,38.0,47.0,1013.1048780487805,1012.5,1014.0,False,50.47073170731708,44.8,54.6,175.73170731707316,1.524390243902439,3.7,LAT,38238.458333333336,32182.000000000004,40779.03703703704,36827.0,31223.923076923078,26219.0,95637.0,470766.0,2.0,,,3.0,2.0,,,,,,11.176470588235293,3.5,,,,,,261.47058823529414,276.5,,,,,,277.0,277.0,,,,,,106489.05882352941,112877.25,,,,,,97940.0,95637.0,,,,1,1,0,4
2022,5,33.73048780487805,33.1,34.3,41.75609756097561,38.0,47.0,1013.1048780487805,1012.5,1014.0,False,50.47073170731708,44.8,54.6,175.73170731707316,1.524390243902439,3.7,LEC,40713.166666666664,30189.0,45585.61538461538,35091.0,33884.307692307695,25687.0,91098.0,405731.0,2.0,,,2.0,3.0,,,,,,8.666666666666666,5.285714285714286,,,,,,272.8888888888889,226.14285714285714,,,,,,280.0,279.0,,,,,,99492.0,117482.28571428571,,,,,,92555.0,91098.0,,,,1,1,0,4
2022,5,33.73048780487805,33.1,34.3,41.75609756097561,38.0,47.0,1013.1048780487805,1012.5,1014.0,False,50.47073170731708,44.8,54.6,175.73170731707316,1.524390243902439,3.7,MAG,38697.82352941176,30741.0,39326.05,35806.0,30299.263157894737,25688.0,92559.0,561690.0,3.0,3.0,,,4.0,,,,8.0,,,4.0,,,,274.55555555555554,,,236.2,,,,277.0,,,281.0,,,,99284.88888888889,,,104767.8,,,,94508.0,,,92559.0,,,,1,1,0,4
2022,5,33.73048780487805,33.1,34.3,41.75609756097561,38.0,47.0,1013.1048780487805,1012.5,1014.0,False,50.47073170731708,44.8,54.6,175.73170731707316,1.524390243902439,3.7,MSC,41111.882352941175,31483.0,41698.5,36634.0,30560.157894736843,26517.0,94945.0,481845.3333333333,3.0,,,3.0,4.0,,,,,,7.5,4.5,,,,,,273.125,238.16666666666666,,,,,,276.0,274.0,,,,,,103809.125,107248.66666666667,,,,,,95526.0,94945.0,,,,1,1,0,4
2022,5,33.73048780487805,33.1,34.3,41.75609756097561,38.0,47.0,1013.1048780487805,1012.5,1014.0,False,50.47073170731708,44.8,54.6,175.73170731707316,1.524390243902439,3.7,NOR,38278.0,30631.0,41037.730769230766,35874.0,31081.923076923078,25964.0,92615.0,283588.0,4.0,,,1.0,5.0,,,,,,4.0,8.76923076923077,,,,,,274.2,252.6153846153846,,,,,,279.0,277.0,,,,,,111112.2,102661.53846153847,,,,,,94636.0,92615.0,,,,1,1,0,4
2022,5,33.73048780487805,33.1,34.3,41.75609756097561,38.0,47.0,1013.1048780487805,1012.5,1014.0,False,50.47073170731708,44.8,54.6,175.73170731707316,1.524390243902439,3.7,OCO,38895.6,31425.0,41391.74074074074,35883.0,30785.222222222223,26109.0,93417.0,455227.0,2.0,,,1.0,3.0,,,,,,6.0,8.666666666666666,,,,,,276.6666666666667,253.91666666666666,,,,,,278.0,279.0,,,,,,105668.11111111111,106400.83333333333,,,,,,94819.0,93417.0,,,,1,1,0,4
2022,5,33.73048780487805,33.1,34.3,41.75609756097561,38.0,47.0,1013.1048780487805,1012.5,1014.0,False,50.47073170731708,44.8,54.6,175.73170731707316,1.524390243902439,3.7,PER,38778.35,30454.0,41768.27272727273,35300.0,33101.27272727273,25547.0,91301.0,705151.0,2.0,,,,3.0,,,,,,,6.0588235294117645,,,,,,,264.52941176470586,,,,,,,282.0,,,,,,,110817.35294117648,,,,,,,91301.0,,,,1,1,0,4
2022,5,33.73048780487805,33.1,34.3,41.75609756097561,38.0,47.0,1013.1048780487805,1012.5,1014.0,False,50.47073170731708,44.8,54.6,175.73170731707316,1.524390243902439,3.7,RIC,36083.64705882353,30690.0,40716.45,35664.0,31334.6,26238.0,92592.0,494207.9999999998,3.0,,,4.0,3.0,,,,,,7.454545454545454,4.0,,,,,,254.9090909090909,276.3333333333333,,,,,,276.0,277.0,,,,,,102710.54545454546,104549.0,,,,,,94746.0,92592.0,,,,1,1,0,4
2022,5,33.73048780487805,33.1,34.3,41.75609756097561,38.0,47.0,1013.1048780487805,1012.5,1014.0,False,50.47073170731708,44.8,54.6,175.73170731707316,1.524390243902439,3.7,RUS,37011.45,30433.0,40178.82608695652,35133.0,32148.409090909092,25602.0,91169.0,680590.0,2.0,,,,3.0,,,,,,,6.0,,,,,,,265.05555555555554,,,,,,,282.0,,,,,,,105350.05555555556,,,,,,,91169.0,,,,1,1,0,4
2022,5,33.73048780487805,33.1,34.3,41.75609756097561,38.0,47.0,1013.1048780487805,1012.5,1014.0,False,50.47073170731708,44.8,54.6,175.73170731707316,1.524390243902439,3.7,SAI,38911.86956521739,30341.0,44353.32,35539.0,34297.64,25648.0,91528.0,321733.3333333333,3.0,,,4.0,,,,,,,11.666666666666666,,,,,,,264.0,,,,,,,280.0,,,,,,,109283.94444444444,,,,,,,91528.0,,,,,1,1,0,4
2022,5,33.73048780487805,33.1,34.3,41.75609756097561,38.0,47.0,1013.1048780487805,1012.5,1014.0,False,50.47073170731708,44.8,54.6,175.73170731707316,1.524390243902439,3.7,STR,44408.8,31330.0,47111.739130434784,35860.0,34179.59090909091,25969.0,93576.0,521373.5,2.0,,,,3.0,,,,,,,7.066666666666666,,,,,,,237.4,,,,,,,281.0,,,,,,,121394.33333333333,,,,,,,93576.0,,,,1,1,0,4
2022,5,33.73048780487805,33.1,34.3,41.75609756097561,38.0,47.0,1013.1048780487805,1012.5,1014.0,False,50.47073170731708,44.8,54.6,175.73170731707316,1.524390243902439,3.7,TSU,37304.86956521739,31596.0,39485.61538461538,35995.0,30577.0,26138.0,94043.0,477695.0,2.0,,,3.0,2.0,,,,,,11.176470588235293,3.5,,,,,,262.2352941176471,276.5,,,,,,280.0,280.0,,,,,,104615.88235294117,105541.75,,,,,,94673.0,94043.0,,,,1,1,0,4
2022,5,33.73048780487805,33.1,34.3,41.75609756097561,38.0,47.0,1013.1048780487805,1012.5,1014.0,False,50.47073170731708,44.8,54.6,175.73170731707316,1.524390243902439,3.7,VER,34276.0,30343.0,39399.5,35158.0,30356.35714285714,25528.0,91277.0,866244.0,2.0,,,,3.0,,,,,,,4.125,,,,,,,280.25,,,,,,,282.0,,,,,,,99390.5,,,,,,,91277.0,,,,1,1,0,4
2022,5,33.73048780487805,33.1,34.3,41.75609756097561,38.0,47.0,1013.1048780487805,1012.5,1014.0,False,50.47073170731708,44.8,54.6,175.73170731707316,1.524390243902439,3.7,VET,40761.04761904762,31379.0,44109.0,35638.0,33242.04347826087,25867.0,93024.0,555442.0,2.0,,,,3.0,,,,,,,6.2631578947368425,,,,,,,264.2105263157895,,,,,,,280.0,,,,,,,115477.21052631579,,,,,,,93024.0,,,,1,1,0,4
2022,5,33.73048780487805,33.1,34.3,41.75609756097561,38.0,47.0,1013.1048780487805,1012.5,1014.0,False,50.47073170731708,44.8,54.6,175.73170731707316,1.524390243902439,3.7,ZHO,39198.5,31037.0,41637.217391304344,35593.0,33759.90909090909,26240.0,93020.0,592948.0,2.0,,,1.0,3.0,,,,,,5.5,7.0,,,,,,274.0,245.0,,,,,,276.0,282.0,,,,,,106547.25,113089.77777777778,,,,,,95540.0,93020.0,,,,1,1,0,4
2022,6,29.285365853658536,28.4,29.8,42.01219512195122,35.0,44.0,1009.5853658536586,1009.2,1010.0,False,45.832926829268295,43.6,47.5,136.8658536585366,1.4304878048780487,2.7,ALO,25806.0,22532.0,34987.958333333336,30272.0,34102.166666666664,27964.0,80768.0,499123.6666666668,3.0,4.0,,,3.0,,,,9.071428571428571,,,3.0,,,,255.92857142857142,,,278.3333333333333,,,,278.0,,,279.0,,,,90598.0,,,92660.66666666667,,,,83242.0,,,80768.0,,,,0,0,0,1
2022,6,29.285365853658536,28.4,29.8,42.01219512195122,35.0,44.0,1009.5853658536586,1009.2,1010.0,False,45.832926829268295,43.6,47.5,136.8658536585366,1.4304878048780487,2.7,BOT,31126.636363636364,23009.0,36285.32,31174.0,33999.92,28197.0,82614.0,363745.25,4.0,3.0,,,5.0,,,,10.0,,,5.0,,,,276.77777777777777,,,244.85714285714286,,,,280.0,,,282.0,,,,87360.0,,,102248.71428571429,,,,84613.0,,,82614.0,,,,0,0,0,1
2022,6,29.285365853658536,28.4,29.8,42.01219512195122,35.0,44.0,1009.5853658536586,1009.2,1010.0,False,45.832926829268295,43.6,47.5,136.8658536585366,1.4304878048780487,2.7,DEV,27452.0,22966.0,35147.82142857143,31047.0,33118.607142857145,28714.0,82920.0,344116.3333333332,3.0,1.0,,,4.0,,,,6.0,,,9.0,,,,278.6666666666667,,,273.5833333333333,,,,281.0,,,283.0,,,,93551.44444444444,,,97051.91666666667,,,,85601.0,,,82920.0,,,,0,0,0,1
2022,6,29.285365853658536,28.4,29.8,42.01219512195122,35.0,44.0,1009.5853658536586,1009.2,1010.0,False,45.832926829268295,43.6,47.5,136.8658536585366,1.4304878048780487,2.7,GAS,27839.6,22628.0,36110.913043478264,30601.0,33230.0,28060.0,81422.0,781231.0,2.0,,,3.0,2.0,,,,,,8.76923076923077,3.5,,,,,,261.6923076923077,267.25,,,,,,283.0,280.0,,,,,,93599.15384615384,99648.25,,,,,,83146.0,81422.0,,,,0,0,0,1
2022,6,29.285365853658536,28.4,29.8,42.01219512195122,35.0,44.0,1009.5853658536586,1009.2,1010.0,False,45.832926829268295,43.6,47.5,136.8658536585366,1.4304878048780487,2.7,HAM,33382.833333333336,22526.0,36664.666666666664,30222.0,33040.851851851854,27875.0,80811.0,211959.40000000008,5.0,2.0,,,6.0,,,,6.75,,,9.285714285714286,,,,270.125,,,243.85714285714286,,,,277.0,,,271.0,,,,90081.75,,,86363.71428571429,,,,83365.0,,,80811.0,,,,0,0,0,1
2022,6,29.285365853658536,28.4,29.8,42.01219512195122,35.0,44.0,1009.5853658536586,1009.2,1010.0,False,45.832926829268295,43.6,47.5,136.8658536585366,1.4304878048780487,2.7,KUB,26045.352941176472,22864.0,35797.95,30849.0,31682.36842105263,28262.0,81975.0,805482.5,2.0,2.0,,,3.0,,,,8.0,,,4.0,,,,275.44444444444446,,,277.2,,,,277.0,,,279.0,,,,88157.66666666667,,,97384.0,,,,84685.0,,,81975.0,,,,0,0,0,1
2022,6,29.285365853658536,28.4,29.8,42.01219512195122,35.0,44.0,1009.5853658536586,1009.2,1010.0,False,45.832926829268295,43.6,47.5,136.8658536585366,1.4304878048780487,2.7,LAT,27519.208333333332,23032.0,36576.59259259259,31225.0,34166.22222222222,28754.0,83011.0,620012.0,2.0,,,3.0,2.0,,,,,,10.625,4.0,,,,,,259.875,279.4,,,,,,279.0,280.0,,,,,,95293.1875,96676.4,,,,,,84205.0,83011.0,,,,0,0,0,1
2022,6,29.285365853658536,28.4,29.8,42.01219512195122,35.0,44.0,1009.5853658536586,1009.2,1010.0,False,45.832926829268295,43.6,47.5,136.8658536585366,1.4304878048780487,2.7,LEC,30772.0,22391.0,36036.59259259259,29929.0,34160.77777777778,27508.0,79828.0,306994.75,4.0,2.0,,,5.0,,,,6.75,,,9.333333333333334,,,,275.625,,,247.33333333333334,,,,279.0,,,282.0,,,,88124.5,,,89029.44444444444,,,,82746.0,,,79828.0,,,,0,0,0,1
2022,6,29.285365853658536,28.4,29.8,42.01219512195122,35.0,44.0,1009.5853658536586,1009.2,1010.0,False,45.832926829268295,43.6,47.5,136.8658536585366,1.4304878048780487,2.7,MAG,28124.53846153846,22824.0,36705.375,31004.0,36412.25,28261.0,82089.0,1094864.0,2.0,,,2.0,3.0,,,,,,5.5,4.0,,,,,,276.8333333333333,234.6,,,,,,278.0,278.0,,,,,,89887.33333333333,104165.4,,,,,,83691.0,82089.0,,,,0,0,0,1
2022,6,29.285365853658536,28.4,29.8,42.01219512195122,35.0,44.0,1009.5853658536586,1009.2,1010.0,False,45.832926829268295,43.6,47.5,136.8658536585366,1.4304878048780487,2.7,MSC,27860.5,23021.0,37629.666666666664,30732.0,33542.04761904762,28385.0,82146.0,844144.0,2.0,2.0,,,3.0,,,,7.25,,,5.0,,,,277.0,,,227.71428571428572,,,,280.0,,,281.0,,,,90891.75,,,104392.28571428571,,,,84489.0,,,82146.0,,,,0,0,0,1
2022,6,29.285365853658536,28.4,29.8,42.01219512195122,35.0,44.0,1009.5853658536586,1009.2,1010.0,False,45.832926829268295,43.6,47.5,136.8658536585366,1.4304878048780487,2.7,NOR,27065.095238095237,22819.0,36618.916666666664,30523.0,33027.208333333336,27882.0,81279.0,696013.5,2.0,1.0,,,3.0,,,,5.0,,,8.454545454545455,,,,271.7142857142857,,,245.9090909090909,,,,274.0,,,274.0,,,,96437.28571428571,,,92467.90909090909,,,,83357.0,,,81279.0,,,,0,0,0,1
2022,6,29.285365853658536,28.4,29.8,42.01219512195122,35.0,44.0,1009.5853658536586,1009.2,1010.0,False,45.832926829268295,43.6,47.5,136.8658536585366,1.4304878048780487,2.7,OCO,29477.91304347826,22858.0,35504.0,30728.0,33103.192307692305,28305.0,81891.0,319991.75,4.0,3.0,,,5.0,,,,6.5,,,7.9,,,,276.625,,,238.7,,,,278.0,,,276.0,,,,96413.75,,,92657.1,,,,83860.0,,,81891.0,,,,0,0,0,1
2022,6,29.285365853658536,28.4,29.8,42.01219512195122,35.0,44.0,1009.5853658536586,1009.2,1010.0,False,45.832926829268295,43.6,47.5,136.8658536585366,1.4304878048780487,2.7,RIC,28665.2,22848.0,37074.260869565216,30612.0,34638.30434782609,28199.0,81737.0,502016.3333333333,3.0,,,4.0,3.0,,,,,,9.846153846153847,3.0,,,,,,254.3846153846154,275.6666666666667,,,,,,276.0,277.0,,,,,,95975.53846153847,93554.66666666667,,,,,,83011.0,81737.0,,,,0,0,0,1
2022,6,29.285365853658536,28.4,29.8,42.01219512195122,35.0,44.0,1009.5853658536586,1009.2,1010.0,False,45.832926829268295,43.6,47.5,136.8658536585366,1.4304878048780487,2.7,RUS,33595.0,22509.0,35036.607142857145,30273.0,33569.28571428572,27770.0,80590.0,222768.0,5.0,3.0,,,6.0,,,,6.428571428571429,,,9.181818181818182,,,,271.7142857142857,,,251.8181818181818,,,,280.0,,,280.0,,,,91880.14285714286,,,95882.72727272728,,,,82846.0,,,80590.0,,,,0,0,0,1
2022,6,29.285365853658536,28.4,29.8,42.01219512195122,35.0,44.0,1009.5853658536586,1009.2,1010.0,False,45.832926829268295,43.6,47.5,136.8658536585366,1.4304878048780487,2.7,SAI,28420.708333333332,22423.0,34739.148148148146,30043.0,32769.7037037037,27441.0,79907.0,432278.0,3.0,1.0,,,4.0,,,,6.0,,,9.7,,,,273.6666666666667,,,250.4,,,,278.0,,,283.0,,,,89064.88888888889,,,88750.9,,,,83177.0,,,79907.0,,,,0,0,0,1
2022,6,29.285365853658536,28.4,29.8,42.01219512195122,35.0,44.0,1009.5853658536586,1009.2,1010.0,False,45.832926829268295,43.6,47.5,136.8658536585366,1.4304878048780487,2.7,STR,30278.75,22996.0,36949.86956521739,30781.0,35417.69565217391,28122.0,81920.0,351173.75,4.0,,,5.0,4.0,,,,,,9.416666666666666,3.5,,,,,,253.75,279.0,,,,,,278.0,279.0,,,,,,97020.33333333333,82188.0,,,,,,83837.0,81920.0,,,,0,0,0,1
2022,6,29.285365853658536,28.4,29.8,42.01219512195122,35.0,44.0,1009.5853658536586,1009.2,1010.0,False,45.832926829268295,43.6,47.5,136.8658536585366,1.4304878048780487,2.7,TSU,28361.6,22676.0,36673.28571428572,30782.0,32806.392857142855,28317.0,81814.0,361255.66666666657,3.0,,,4.0,3.0,,,,,,10.733333333333333,4.5,,,,,,261.4,271.8333333333333,,,,,,281.0,280.0,,,,,,94790.66666666667,96936.33333333333,,,,,,83547.0,81814.0,,,,0,0,0,1
2022,6,29.285365853658536,28.4,29.8,42.01219512195122,35.0,44.0,1009.5853658536586,1009.2,1010.0,False,45.832926829268295,43.6,47.5,136.8658536585366,1.4304878048780487,2.7,VER,29350.24,22289.0,35700.67857142857,30034.0,32926.857142857145,27663.0,80164.0,286103.75,4.0,2.0,,,5.0,,,,6.25,,,9.363636363636363,,,,279.875,,,251.63636363636363,,,,282.0,,,282.0,,,,94777.375,,,92317.09090909091,,,,81876.0,,,80164.0,,,,0,0,0,1
2022,6,29.285365853658536,28.4,29.8,42.01219512195122,35.0,44.0,1009.5853658536586,1009.2,1010.0,False,45.832926829268295,43.6,47.5,136.8658536585366,1.4304878048780487,2.7,VET,30212.0,22916.0,36508.6,30660.0,35135.85,28588.0,82164.0,635756.6666666666,3.0,2.0,,,4.0,,,,8.0,,,4.333333333333333,,,,276.6666666666667,,,196.33333333333334,,,,278.0,,,278.0,,,,90767.33333333333,,,104785.33333333333,,,,84353.0,,,82164.0,,,,0,0,0,1
2022,6,29.285365853658536,28.4,29.8,42.01219512195122,35.0,44.0,1009.5853658536586,1009.2,1010.0,False,45.832926829268295,43.6,47.5,136.8658536585366,1.4304878048780487,2.7,VIP,27964.722222222223,22894.0,39569.30434782609,31140.0,35948.913043478264,29160.0,84138.0,380377.5,4.0,4.0,,,5.0,,,,6.5,,,6.0,,,,268.25,,,242.44444444444446,,,,270.0,,,284.0,,,,90712.5,,,106294.44444444444,,,,89768.0,,,84138.0,,,,0,0,0,1
2022,7,30.67283950617284,29.7,31.5,30.40740740740741,27.0,33.0,1014.9098765432099,1014.4,1015.4,False,54.32962962962963,52.9,55.1,197.12345679012347,0.7790123456790123,2.2,ALB,23268.615384615383,20039.0,40478.38461538462,35742.0,25023.45945945946,20150.0,76110.0,124355.0,3.0,3.0,,,4.0,,,,10.85,,,8.133333333333333,,,,260.2,,,249.93333333333334,,,,264.0,,,263.0,,,,83034.15,,,93052.8,,,,77511.0,,,76110.0,,,,1,0,0,6
2022,7,30.67283950617284,29.7,31.5,30.40740740740741,27.0,33.0,1014.9098765432099,1014.4,1015.4,False,54.32962962962963,52.9,55.1,197.12345679012347,0.7790123456790123,2.2,ALO,21805.714285714286,19953.0,38977.46428571428,35611.0,25004.846153846152,20055.0,75749.0,1389803.0,1.0,1.0,,2.0,,,,,6.5,,7.5,,,,,259.9166666666667,,240.85714285714286,,,,,262.0,,262.0,,,,,85008.91666666667,,86373.42857142857,,,,,77373.0,,75749.0,,,,,1,0,0,6
2022,7,30.67283950617284,29.7,31.5,30.40740740740741,27.0,33.0,1014.9098765432099,1014.4,1015.4,False,54.32962962962963,52.9,55.1,197.12345679012347,0.7790123456790123,2.2,BOT,26315.0,21692.0,48319.5,41559.0,31415.0,31415.0,103912.0,,,1.0,,,,,,,1.0,,,,,,,257.0,,,,,,,257.0,,,,,,,103912.0,,,,,,,103912.0,,,,,,,1,0,0,6
2022,7,30.67283950617284,29.7,31.5,30.40740740740741,27.0,33.0,1014.9098765432099,1014.4,1015.4,False,54.32962962962963,52.9,55.1,197.12345679012347,0.7790123456790123,2.2,GAS,22664.666666666668,19814.0,41367.09090909091,35259.0,24060.833333333332,19919.0,75083.0,205999.33333333334,3.0,1.0,,4.0,,,,,6.5,,9.294117647058824,,,,,261.1666666666667,,264.29411764705884,,,,,264.0,,266.0,,,,,86500.25,,86769.29411764706,,,,,76515.0,,75083.0,,,,,1,0,0,6
2022,7,30.67283950617284,29.7,31.5,30.40740740740741,27.0,33.0,1014.9098765432099,1014.4,1015.4,False,54.32962962962963,52.9,55.1,197.12345679012347,0.7790123456790123,2.2,HAM,22925.44827586207,19832.0,39504.137931034486,35427.0,25778.076923076922,20016.0,75499.0,302292.0,4.0,4.0,,5.0,,,,,9.125,,5.0,,,,,254.9375,,224.625,,,,,262.0,,264.0,,,,,82208.6875,,96559.125,,,,,76753.0,,75499.0,,,,,1,0,0,6
2022,7,30.67283950617284,29.7,31.5,30.40740740740741,27.0,33.0,1014.9098765432099,1014.4,1015.4,False,54.32962962962963,52.9,55.1,197.12345679012347,0.7790123456790123,2.2,LAT,24421.068965517243,20453.0,41648.68965517241,36566.0,26120.678571428572,20695.0,77714.0,100205.0,2.0,2.0,,,3.0,,,,7.333333333333333,,,8.0,,,,258.25,,,241.6,,,,262.0,,,264.0,,,,88705.25,,,92221.86666666667,,,,79186.0,,,77714.0,,,,1,0,0,6
2022,7,30.67283950617284,29.7,31.5,30.40740740740741,27.0,33.0,1014.9098765432099,1014.4,1015.4,False,54.32962962962963,52.9,55.1,197.12345679012347,0.7790123456790123,2.2,LEC,23054.689655172413,19632.0,41800.58620689655,35028.0,27207.0,19837.0,74531.0,383993.3333333333,3.0,,,4.0,,,,,,,7.2,,,,,,,249.4,,,,,,,265.0,,,,,,,89958.84,,,,,,,74531.0,,,,,1,0,0,6
2022,7,30.67283950617284,29.7,31.5,30.40740740740741,27.0,33.0,1014.9098765432099,1014.4,1015.4,False,54.32962962962963,52.9,55.1,197.12345679012347,0.7790123456790123,2.2,MAG,23759.466666666667,20166.0,39670.96551724138,35439.0,26907.74074074074,20099.0,75806.0,374333.6666666667,3.0,4.0,,2.0,,,,,8.266666666666667,,6.0,,,,,241.0,,256.72727272727275,,,,,263.0,,263.0,,,,,87718.4,,86571.63636363637,,,,,77302.0,,75806.0,,,,,1,0,0,6
2022,7,30.67283950617284,29.7,31.5,30.40740740740741,27.0,33.0,1014.9098765432099,1014.4,1015.4,False,54.32962962962963,52.9,55.1,197.12345679012347,0.7790123456790123,2.2,MSC,23025.5,20587.0,40121.916666666664,36652.0,23132.909090909092,20873.0,78636.0,,,1.0,,,,,,,6.0,,,,,,,250.1818181818182,,,,,,,264.0,,,,,,,86255.09090909091,,,,,,,78636.0,,,,,,,1,0,0,6
2022,7,30.67283950617284,29.7,31.5,30.40740740740741,27.0,33.0,1014.9098765432099,1014.4,1015.4,False,54.32962962962963,52.9,55.1,197.12345679012347,0.7790123456790123,2.2,NOR,23089.064516129034,19727.0,39632.77419354839,35245.0,24141.64285714286,19824.0,75056.0,395283.3333333333,3.0,4.0,,3.0,,,,,7.3076923076923075,,8.071428571428571,,,,,240.69230769230768,,260.7142857142857,,,,,263.0,,264.0,,,,,86435.0,,85004.14285714286,,,,,76578.0,,75056.0,,,,,1,0,0,6
2022,7,30.67283950617284,29.7,31.5,30.40740740740741,27.0,33.0,1014.9098765432099,1014.4,1015.4,False,54.32962962962963,52.9,55.1,197.12345679012347,0.7790123456790123,2.2,OCO,23348.458333333332,20277.0,39082.583333333336,35774.0,26078.714285714286,20264.0,76315.0,850836.5,2.0,2.0,,3.0,,,,,5.6,,6.0,,,,,258.4,,243.63636363636363,,,,,263.0,,261.0,,,,,87695.9,,89079.36363636363,,,,,78806.0,,76315.0,,,,,1,0,0,6
2022,7,30.67283950617284,29.7,31.5,30.40740740740741,27.0,33.0,1014.9098765432099,1014.4,1015.4,False,54.32962962962963,52.9,55.1,197.12345679012347,0.7790123456790123,2.2,PER,25070.033333333333,19746.0,43473.41379310345,35072.0,27273.777777777777,19752.0,74570.0,346698.3333333333,3.0,4.0,,3.0,,,,,7.461538461538462,,7.0,,,,,241.6153846153846,,262.9230769230769,,,,,264.0,,265.0,,,,,95062.61538461539,,94473.07692307692,,,,,76495.0,,74570.0,,,,,1,0,0,6
2022,7,30.67283950617284,29.7,31.5,30.40740740740741,27.0,33.0,1014.9098765432099,1014.4,1015.4,False,54.32962962962963,52.9,55.1,197.12345679012347,0.7790123456790123,2.2,RIC,22434.545454545456,19901.0,40234.36363636364,35290.0,25855.866666666665,19801.0,75157.0,321694.0,3.0,4.0,,3.0,,,,,7.714285714285714,,8.466666666666667,,,,,234.21428571428572,,261.93333333333334,,,,,264.0,,265.0,,,,,88093.0,,87704.86666666667,,,,,76307.0,,75157.0,,,,,1,0,0,6
2022,7,30.67283950617284,29.7,31.5,30.40740740740741,27.0,33.0,1014.9098765432099,1014.4,1015.4,False,54.32962962962963,52.9,55.1,197.12345679012347,0.7790123456790123,2.2,RUS,22316.5,19706.0,38782.382352941175,35405.0,24988.566666666666,20060.0,75211.0,252858.0,4.0,4.0,,5.0,,,,,9.066666666666666,,7.642857142857143,,,,,254.4,,240.28571428571428,,,,,264.0,,268.0,,,,,82294.93333333333,,89185.71428571429,,,,,77297.0,,75211.0,,,,,1,0,0,6
2022,7,30.67283950617284,29.7,31.5,30.40740740740741,27.0,33.0,1014.9098765432099,1014.4,1015.4,False,54.32962962962963,52.9,55.1,197.12345679012347,0.7790123456790123,2.2,SAI,23344.39285714286,19588.0,41764.96428571428,35011.0,29319.115384615383,19866.0,74601.0,392322.3333333333,3.0,,,4.0,,,,,,,6.875,,,,,,,245.91666666666666,,,,,,,265.0,,,,,,,91190.91666666667,,,,,,,74601.0,,,,,1,0,0,6
2022,7,30.67283950617284,29.7,31.5,30.40740740740741,27.0,33.0,1014.9098765432099,1014.4,1015.4,False,54.32962962962963,52.9,55.1,197.12345679012347,0.7790123456790123,2.2,STR,25304.153846153848,19890.0,39760.153846153844,35472.0,24657.363636363636,20097.0,75539.0,494102.6666666667,3.0,2.0,,,4.0,,,,5.9,,,6.916666666666667,,,,261.0,,,233.75,,,,264.0,,,264.0,,,,83825.6,,,92431.33333333333,,,,77530.0,,,75539.0,,,,1,0,0,6
2022,7,30.67283950617284,29.7,31.5,30.40740740740741,27.0,33.0,1014.9098765432099,1014.4,1015.4,False,54.32962962962963,52.9,55.1,197.12345679012347,0.7790123456790123,2.2,TSU,23242.777777777777,19846.0,40459.88888888889,35461.0,24896.515151515152,20133.0,75536.0,256727.0,2.0,1.0,,3.0,,,,,6.5,,11.19047619047619,,,,,259.8333333333333,,253.38095238095238,,,,,263.0,,264.0,,,,,86625.58333333333,,89627.52380952382,,,,,77632.0,,75536.0,,,,,1,0,0,6
2022,7,30.67283950617284,29.7,31.5,30.40740740740741,27.0,33.0,1014.9098765432099,1014.4,1015.4,False,54.32962962962963,52.9,55.1,197.12345679012347,0.7790123456790123,2.2,VER,23942.16,19789.0,40309.307692307695,35063.0,25798.772727272728,19860.0,74712.0,474365.0,3.0,2.0,,4.0,,,,,9.75,,3.4,,,,,260.75,,220.6,,,,,264.0,,264.0,,,,,85748.125,,95314.0,,,,,75327.0,,74712.0,,,,,1,0,0,6
2022,7,30.67283950617284,29.7,31.5,30.40740740740741,27.0,33.0,1014.9098765432099,1014.4,1015.4,False,54.32962962962963,52.9,55.1,197.12345679012347,0.7790123456790123,2.2,VET,22960.18181818182,19976.0,39025.242424242424,35284.0,24613.9,20127.0,75387.0,491000.0,2.0,1.0,,,3.0,,,,6.5,,,10.0,,,,260.3333333333333,,,248.44444444444446,,,,265.0,,,265.0,,,,85405.5,,,86205.0,,,,77146.0,,,75387.0,,,,1,0,0,6
2022,7,30.67283950617284,29.7,31.5,30.40740740740741,27.0,33.0,1014.9098765432099,1014.4,1015.4,False,54.32962962962963,52.9,55.1,197.12345679012347,0.7790123456790123,2.2,ZHO,23790.925925925927,20360.0,40113.555555555555,35719.0,23285.458333333332,20246.0,76417.0,570773.5,2.0,3.0,,2.0,,,,,7.3076923076923075,,6.0,,,,,256.53846153846155,,256.8181818181818,,,,,263.0,,263.0,,,,,86343.0,,88029.72727272728,,,,,77746.0,,76417.0,,,,,1,0,0,6
2022,8,25.887951807228912,25.4,26.6,43.12048192771084,40.0,46.0,1014.777108433735,1014.2,1015.2,False,42.69638554216868,40.9,45.2,150.53012048192772,1.6144578313253013,3.0,ALB,45195.88888888889,37832.0,52075.681818181816,44028.0,31024.545454545456,26542.0,108419.0,321103.3333333333,3.0,,,4.0,2.0,,,,,,8.090909090909092,3.0,,,,,,278.54545454545456,312.3333333333333,,,,,,317.0,313.0,,,,,,122262.45454545454,121043.66666666667,,,,,,110101.0,108419.0,,,,0,0,2,7
2022,8,25.887951807228912,25.4,26.6,43.12048192771084,40.0,46.0,1014.777108433735,1014.2,1015.2,False,42.69638554216868,40.9,45.2,150.53012048192772,1.6144578313253013,3.0,ALO,46207.68421052631,37312.0,52235.27272727273,43038.0,31035.045454545456,25834.0,106571.0,363286.6666666667,3.0,,,3.0,4.0,,,,,,8.444444444444445,3.5,,,,,,298.22222222222223,326.5,,,,,,333.0,328.0,,,,,,116140.33333333333,116967.75,,,,,,107488.0,106571.0,,,,0,0,2,7
2022,8,25.887951807228912,25.4,26.6,43.12048192771084,40.0,46.0,1014.777108433735,1014.2,1015.2,False,42.69638554216868,40.9,45.2,150.53012048192772,1.6144578313253013,3.0,BOT,46514.10526315789,37901.0,52029.454545454544,43423.0,31634.954545454544,26501.0,108078.0,360138.0,3.0,,,1.0,4.0,,,,,,4.5,7.333333333333333,,,,,,295.5,282.1111111111111,,,,,,323.0,317.0,,,,,,124284.66666666667,122909.44444444444,,,,,,110010.0,108078.0,,,,0,0,2,7
2022,8,25.887951807228912,25.4,26.6,43.12048192771084,40.0,46.0,1014.777108433735,1014.2,1015.2,False,42.69638554216868,40.9,45.2,150.53012048192772,1.6144578313253013,3.0,GAS,45686.30434782609,37383.0,54032.36,42955.0,31663.64,26492.0,106830.0,629805.0,1.0,,,1.0,2.0,,,,,,7.666666666666667,5.5,,,,,,323.77777777777777,296.5,,,,,,326.0,325.0,,,,,,119042.88888888889,130261.25,,,,,,107820.0,106830.0,,,,0,0,2,7
2022,8,25.887951807228912,25.4,26.6,43.12048192771084,40.0,46.0,1014.777108433735,1014.2,1015.2,False,42.69638554216868,40.9,45.2,150.53012048192772,1.6144578313253013,3.0,HAM,43868.705882352944,37248.0,52388.04761904762,42608.0,31615.95238095238,26552.0,106667.0,399506.6666666668,3.0,,,2.0,3.0,,,,,,5.833333333333333,4.0,,,,,,314.3333333333333,312.8,,,,,,325.0,316.0,,,,,,115734.5,118497.4,,,,,,108997.0,106667.0,,,,0,0,2,7
2022,8,25.887951807228912,25.4,26.6,43.12048192771084,40.0,46.0,1014.777108433735,1014.2,1015.2,False,42.69638554216868,40.9,45.2,150.53012048192772,1.6144578313253013,3.0,LAT,45734.5,38952.0,56115.5,45162.0,29070.166666666668,26807.0,110921.0,,,,,1.0,,,,,,,4.0,,,,,,,320.0,,,,,,,323.0,,,,,,,118856.5,,,,,,,110921.0,,,,,0,0,2,7
2022,8,25.887951807228912,25.4,26.6,43.12048192771084,40.0,46.0,1014.777108433735,1014.2,1015.2,False,42.69638554216868,40.9,45.2,150.53012048192772,1.6144578313253013,3.0,LEC,47093.88888888889,37287.0,51710.19047619047,42147.0,30805.095238095237,26105.0,105603.0,404140.0,3.0,4.0,,,3.0,,,,7.5,,,3.0,,,,297.5,,,315.0,,,,307.0,,,320.0,,,,111422.25,,,120416.66666666667,,,,106999.0,,,105603.0,,,,0,0,2,7
2022,8,25.887951807228912,25.4,26.6,43.12048192771084,40.0,46.0,1014.777108433735,1014.2,1015.2,False,42.69638554216868,40.9,45.2,150.53012048192772,1.6144578313253013,3.0,MAG,43711.90476190476,37950.0,50138.5,43231.0,30442.833333333332,26510.0,107946.0,420861.0,2.0,,,1.0,3.0,,,,,,4.0,8.461538461538462,,,,,,285.8,291.3076923076923,,,,,,309.0,323.0,,,,,,120540.8,121563.46153846153,,,,,,109360.0,107946.0,,,,0,0,2,7
2022,8,25.887951807228912,25.4,26.6,43.12048192771084,40.0,46.0,1014.777108433735,1014.2,1015.2,False,42.69638554216868,40.9,45.2,150.53012048192772,1.6144578313253013,3.0,MSC,52159.0,42829.0,52427.0,47803.0,30118.5,27700.0,118332.0,,,,,1.0,,,,,,,2.0,,,,,,,274.0,,,,,,,274.0,,,,,,,118332.0,,,,,,,118332.0,,,,,0,0,2,7
2022,8,25.887951807228912,25.4,26.6,43.12048192771084,40.0,46.0,1014.777108433735,1014.2,1015.2,False,42.69638554216868,40.9,45.2,150.53012048192772,1.6144578313253013,3.0,NOR,44156.6875,37372.0,51538.47368421053,43349.0,30048.42105263158,26516.0,107691.0,748649.5,2.0,,,3.0,2.0,,,,,,8.5,2.5,,,,,,275.4,307.5,,,,,,323.0,309.0,,,,,,119435.8,123806.5,,,,,,109872.0,107691.0,,,,0,0,2,7
2022,8,25.887951807228912,25.4,26.6,43.12048192771084,40.0,46.0,1014.777108433735,1014.2,1015.2,False,42.69638554216868,40.9,45.2,150.53012048192772,1.6144578313253013,3.0,OCO,45834.166666666664,37576.0,52965.666666666664,43286.0,31351.666666666668,26055.0,106917.0,627510.0,2.0,,,2.0,3.0,,,,,,6.25,3.5,,,,,,322.5,284.0,,,,,,330.0,328.0,,,,,,120421.375,124685.25,,,,,,108616.0,106917.0,,,,0,0,2,7
2022,8,25.887951807228912,25.4,26.6,43.12048192771084,40.0,46.0,1014.777108433735,1014.2,1015.2,False,42.69638554216868,40.9,45.2,150.53012048192772,1.6144578313253013,3.0,PER,45068.88888888889,36844.0,53366.76190476191,42634.0,30937.238095238095,25899.0,105476.0,364994.6666666667,3.0,,,2.0,4.0,,,,,,5.2,6.4,,,,,,331.4,315.0,,,,,,334.0,332.0,,,,,,122985.6,108829.0,,,,,,106545.0,105476.0,,,,0,0,2,7
2022,8,25.887951807228912,25.4,26.6,43.12048192771084,40.0,46.0,1014.777108433735,1014.2,1015.2,False,42.69638554216868,40.9,45.2,150.53012048192772,1.6144578313253013,3.0,RIC,44681.10526315789,37999.0,49661.13636363636,43815.0,31046.045454545456,26787.0,108810.0,599107.0,2.0,,,3.0,2.0,,,,,,8.3,3.5,,,,,,301.5,310.75,,,,,,317.0,312.0,,,,,,114680.8,121420.25,,,,,,109825.0,108810.0,,,,0,0,2,7
2022,8,25.887951807228912,25.4,26.6,43.12048192771084,40.0,46.0,1014.777108433735,1014.2,1015.2,False,42.69638554216868,40.9,45.2,150.53012048192772,1.6144578313253013,3.0,RUS,46610.95,37316.0,51436.125,42758.0,31324.833333333332,26544.0,106705.0,204290.5,4.0,,,3.0,4.0,,,,,,7.5,5.0,,,,,,289.8333333333333,315.7142857142857,,,,,,314.0,319.0,,,,,,115293.83333333333,120239.0,,,,,,109854.0,106705.0,,,,0,0,2,7
2022,8,25.887951807228912,25.4,26.6,43.12048192771084,40.0,46.0,1014.777108433735,1014.2,1015.2,False,42.69638554216868,40.9,45.2,150.53012048192772,1.6144578313253013,3.0,SAI,45952.10526315789,37218.0,52259.09090909091,42368.0,31944.68181818182,26262.0,106012.0,372174.3333333333,3.0,4.0,,,3.0,,,,7.5,,,4.0,,,,272.25,,,314.5,,,,316.0,,,320.0,,,,116079.375,,,106024.5,,,,108116.0,,,106012.0,,,,0,0,2,7
2022,8,25.887951807228912,25.4,26.6,43.12048192771084,40.0,46.0,1014.777108433735,1014.2,1015.2,False,42.69638554216868,40.9,45.2,150.53012048192772,1.6144578313253013,3.0,STR,45681.380952380954,37800.0,55509.458333333336,43689.0,31939.583333333332,26358.0,107847.0,227857.0,3.0,,,4.0,2.0,,,,,,6.7,5.2,,,,,,292.4,314.0,,,,,,322.0,322.0,,,,,,123754.1,124576.8,,,,,,107847.0,110862.0,,,,0,0,2,7
2022,8,25.887951807228912,25.4,26.6,43.12048192771084,40.0,46.0,1014.777108433735,1014.2,1015.2,False,42.69638554216868,40.9,45.2,150.53012048192772,1.6144578313253013,3.0,TSU,46909.27272727273,37428.0,54155.76,42971.0,29807.32,26291.0,106696.0,318716.99999999977,2.0,,,1.0,3.0,,,,,,5.833333333333333,6.375,,,,,,325.1666666666667,324.25,,,,,,327.0,328.0,,,,,,120963.33333333333,120376.875,,,,,,107908.0,106696.0,,,,0,0,2,7
2022,8,25.887951807228912,25.4,26.6,43.12048192771084,40.0,46.0,1014.777108433735,1014.2,1015.2,False,42.69638554216868,40.9,45.2,150.53012048192772,1.6144578313253013,3.0,VER,44404.13636363636,37090.0,51832.92,42625.0,29931.76,25901.0,105810.0,262653.3333333333,3.0,,,4.0,3.0,,,,,,10.6,3.5,,,,,,309.5,329.0,,,,,,334.0,330.0,,,,,,113100.4,120475.75,,,,,,106477.0,105810.0,,,,0,0,2,7
2022,8,25.887951807228912,25.4,26.6,43.12048192771084,40.0,46.0,1014.777108433735,1014.2,1015.2,False,42.69638554216868,40.9,45.2,150.53012048192772,1.6144578313253013,3.0,VET,44284.21052631579,37976.0,52631.954545454544,43663.0,31297.81818181818,26331.0,107970.0,513544.0,2.0,,,3.0,1.0,,,,,,7.25,4.6,,,,,,308.5,281.8,,,,,,322.0,321.0,,,,,,110549.0,128941.2,,,,,,107970.0,110002.0,,,,0,0,2,7
2022,8,25.887951807228912,25.4,26.6,43.12048192771084,40.0,46.0,1014.777108433735,1014.2,1015.2,False,42.69638554216868,40.9,45.2,150.53012048192772,1.6144578313253013,3.0,ZHO,47815.52380952381,37800.0,50479.833333333336,43286.0,31523.625,26712.0,108222.0,211357.75,4.0,,,5.0,4.0,,,,,,8.75,4.0,,,,,,286.75,304.0,,,,,,308.0,309.0,,,,,,113401.5,118307.2,,,,,,111044.0,108222.0,,,,0,0,2,7
2022,9,25.680246913580245,25.0,26.3,42.098765432098766,40.0,44.0,996.9962962962962,996.5,997.4,False,42.961728395061726,39.9,45.8,121.17283950617283,2.112345679012346,3.7,ALB,25618.793103448275,21336.0,28577.103448275862,24525.0,36347.346153846156,30442.0,76308.0,363594.0,3.0,,,4.0,3.0,,,,,,11.05,3.2,,,,,,273.1,277.6,,,,,,287.0,290.0,,,,,,88202.05,93018.0,,,,,,77144.0,76308.0,,,,0,0,0,2
2022,9,25.680246913580245,25.0,26.3,42.098765432098766,40.0,44.0,996.9962962962962,996.5,997.4,False,42.961728395061726,39.9,45.8,121.17283950617283,2.112345679012346,3.7,ALO,24554.548387096773,20965.0,28047.8064516129,24253.0,36200.24137931035,30195.0,75531.0,834722.0,1.0,,,2.0,1.0,,,,,,9.0,6.5,,,,,,272.5882352941176,276.9166666666667,,,,,,288.0,286.0,,,,,,89713.64705882352,87933.41666666667,,,,,,75531.0,76312.0,,,,0,0,0,2
2022,9,25.680246913580245,25.0,26.3,42.098765432098766,40.0,44.0,996.9962962962962,996.5,997.4,False,42.961728395061726,39.9,45.8,121.17283950617283,2.112345679012346,3.7,BOT,24930.25925925926,21157.0,27848.925925925927,24538.0,34571.083333333336,30622.0,76426.0,397399.3333333333,3.0,,,1.0,4.0,,,,,,5.0,8.0,,,,,,280.22222222222223,267.07142857142856,,,,,,283.0,282.0,,,,,,80508.44444444444,89020.78571428571,,,,,,77274.0,76426.0,,,,0,0,0,2
2022,9,25.680246913580245,25.0,26.3,42.098765432098766,40.0,44.0,996.9962962962962,996.5,997.4,False,42.961728395061726,39.9,45.8,121.17283950617283,2.112345679012346,3.7,GAS,26763.896551724138,21220.0,29657.51724137931,24462.0,37656.0,30336.0,76165.0,367570.3333333333,3.0,,,4.0,3.0,,,,,,11.0,3.6,,,,,,260.55,287.4,,,,,,287.0,289.0,,,,,,91148.85,98160.0,,,,,,77120.0,76165.0,,,,0,0,0,2
2022,9,25.680246913580245,25.0,26.3,42.098765432098766,40.0,44.0,996.9962962962962,996.5,997.4,False,42.961728395061726,39.9,45.8,121.17283950617283,2.112345679012346,3.7,HAM,26037.555555555555,21107.0,28054.296296296296,24252.0,35365.782608695656,30411.0,75877.0,479364.3333333333,3.0,,,4.0,3.0,,,,,,10.722222222222221,3.0,,,,,,266.3888888888889,287.4,,,,,,288.0,291.0,,,,,,89481.94444444444,87432.0,,,,,,76751.0,75877.0,,,,0,0,0,2
2022,9,25.680246913580245,25.0,26.3,42.098765432098766,40.0,44.0,996.9962962962962,996.5,997.4,False,42.961728395061726,39.9,45.8,121.17283950617283,2.112345679012346,3.7,LAT,25725.151515151516,21762.0,28149.636363636364,24754.0,35681.3,30725.0,77241.0,252814.66666666666,3.0,,,4.0,2.0,,,,,,12.090909090909092,4.0,,,,,,267.59090909090907,282.0,,,,,,289.0,290.0,,,,,,88028.45454545454,93396.14285714286,,,,,,78543.0,77241.0,,,,0,0,0,2
2022,9,25.680246913580245,25.0,26.3,42.098765432098766,40.0,44.0,996.9962962962962,996.5,997.4,False,42.961728395061726,39.9,45.8,121.17283950617283,2.112345679012346,3.7,LEC,24523.566666666666,20988.0,27309.666666666668,24432.0,36292.96296296296,30246.0,75666.0,603831.0,2.0,,,3.0,2.0,,,,,,8.5,5.8,,,,,,273.8125,279.4,,,,,,285.0,289.0,,,,,,83047.0625,88635.7,,,,,,78351.0,75666.0,,,,0,0,0,2
2022,9,25.680246913580245,25.0,26.3,42.098765432098766,40.0,44.0,996.9962962962962,996.5,997.4,False,42.961728395061726,39.9,45.8,121.17283950617283,2.112345679012346,3.7,MAG,25287.16129032258,21567.0,28583.225806451614,24688.0,37640.857142857145,30887.0,77555.0,527038.5,2.0,,,3.0,2.0,,,,,,8.9375,6.5,,,,,,257.5,266.6666666666667,,,,,,285.0,284.0,,,,,,91664.6875,91525.33333333333,,,,,,78227.0,77555.0,,,,0,0,0,2
2022,9,25.680246913580245,25.0,26.3,42.098765432098766,40.0,44.0,996.9962962962962,996.5,997.4,False,42.961728395061726,39.9,45.8,121.17283950617283,2.112345679012346,3.7,MSC,26429.92,21674.0,28107.68,24732.0,36183.36363636364,30817.0,77223.0,778216.0,2.0,,,3.0,2.0,,,,,,10.055555555555555,2.5,,,,,,263.6111111111111,283.5,,,,,,284.0,284.0,,,,,,89334.5,95390.75,,,,,,80061.0,77223.0,,,,0,0,0,2
2022,9,25.680246913580245,25.0,26.3,42.098765432098766,40.0,44.0,996.9962962962962,996.5,997.4,False,42.961728395061726,39.9,45.8,121.17283950617283,2.112345679012346,3.7,NOR,27095.352941176472,21235.0,30069.823529411766,24558.0,35052.86666666667,30380.0,76211.0,937343.0,1.0,,,1.0,2.0,,,,,,4.5,4.0,,,,,,278.125,278.85714285714283,,,,,,284.0,286.0,,,,,,93184.125,91115.28571428571,,,,,,77462.0,76211.0,,,,0,0,0,2
2022,9,25.680246913580245,25.0,26.3,42.098765432098766,40.0,44.0,996.9962962962962,996.5,997.4,False,42.961728395061726,39.9,45.8,121.17283950617283,2.112345679012346,3.7,OCO,26884.69230769231,21324.0,28390.346153846152,24445.0,37690.318181818184,30576.0,76421.0,368908.5,4.0,,,4.0,5.0,,,,,,6.857142857142857,7.0,,,,,,285.2857142857143,277.7692307692308,,,,,,287.0,286.0,,,,,,92085.0,84686.46153846153,,,,,,76930.0,76421.0,,,,0,0,0,2
2022,9,25.680246913580245,25.0,26.3,42.098765432098766,40.0,44.0,996.9962962962962,996.5,997.4,False,42.961728395061726,39.9,45.8,121.17283950617283,2.112345679012346,3.7,PER,24492.53125,20896.0,27802.4375,24301.0,36179.620689655174,30153.0,75619.0,335412.0,3.0,,,4.0,3.0,,,,,,12.652173913043478,3.4,,,,,,270.5217391304348,288.8,,,,,,289.0,290.0,,,,,,86271.69565217392,90843.4,,,,,,75660.0,75619.0,,,,0,0,0,2
2022,9,25.680246913580245,25.0,26.3,42.098765432098766,40.0,44.0,996.9962962962962,996.5,997.4,False,42.961728395061726,39.9,45.8,121.17283950617283,2.112345679012346,3.7,RIC,24986.928571428572,21297.0,28762.41379310345,24388.0,35326.11538461538,30398.0,76083.0,638550.0,2.0,,,3.0,2.0,,,,,,11.578947368421053,3.5,,,,,,266.42105263157896,282.5,,,,,,285.0,285.0,,,,,,88513.52631578948,90636.5,,,,,,77245.0,76083.0,,,,0,0,0,2
2022,9,25.680246913580245,25.0,26.3,42.098765432098766,40.0,44.0,996.9962962962962,996.5,997.4,False,42.961728395061726,39.9,45.8,121.17283950617283,2.112345679012346,3.7,RUS,26497.44827586207,21137.0,27944.0,24391.0,35829.0,30294.0,75822.0,435252.6666666667,3.0,,,4.0,3.0,,,,,,11.8,3.0,,,,,,266.35,287.0,,,,,,288.0,290.0,,,,,,89478.45,93320.4,,,,,,76880.0,75822.0,,,,0,0,0,2
2022,9,25.680246913580245,25.0,26.3,42.098765432098766,40.0,44.0,996.9962962962962,996.5,997.4,False,42.961728395061726,39.9,45.8,121.17283950617283,2.112345679012346,3.7,SAI,25378.117647058825,20780.0,27619.970588235294,24080.0,36582.67741935484,30192.0,75404.0,223882.75,4.0,,,5.0,4.0,,,,,,13.541666666666666,3.6,,,,,,270.7083333333333,286.4,,,,,,289.0,289.0,,,,,,86889.95833333333,94595.8,,,,,,76400.0,75404.0,,,,0,0,0,2
2022,9,25.680246913580245,25.0,26.3,42.098765432098766,40.0,44.0,996.9962962962962,996.5,997.4,False,42.961728395061726,39.9,45.8,121.17283950617283,2.112345679012346,3.7,STR,25433.78125,21133.0,29008.59375,24516.0,37017.793103448275,30228.0,75877.0,315567.0,3.0,,,4.0,3.0,,,,,,10.68421052631579,5.0,,,,,,270.5263157894737,275.0,,,,,,286.0,289.0,,,,,,87873.26315789473,96060.0,,,,,,77529.0,75877.0,,,,0,0,0,2
2022,9,25.680246913580245,25.0,26.3,42.098765432098766,40.0,44.0,996.9962962962962,996.5,997.4,False,42.961728395061726,39.9,45.8,121.17283950617283,2.112345679012346,3.7,TSU,26215.545454545456,21382.0,29100.454545454544,24559.0,36227.44827586207,30367.0,76322.0,209798.75,4.0,,,2.0,5.0,,,,,,7.0,10.2,,,,,,286.53846153846155,264.6,,,,,,288.0,289.0,,,,,,88384.30769230769,92579.46666666666,,,,,,76757.0,76322.0,,,,0,0,0,2
2022,9,25.680246913580245,25.0,26.3,42.098765432098766,40.0,44.0,996.9962962962962,996.5,997.4,False,42.961728395061726,39.9,45.8,121.17283950617283,2.112345679012346,3.7,VER,25290.222222222223,20881.0,27363.962962962964,24303.0,36522.65217391304,29974.0,75158.0,358219.0,4.0,,,5.0,3.0,,,,,,11.7,2.5,,,,,,265.65,290.5,,,,,,291.0,291.0,,,,,,88529.0,84027.5,,,,,,75703.0,75158.0,,,,0,0,0,2
2022,9,25.680246913580245,25.0,26.3,42.098765432098766,40.0,44.0,996.9962962962962,996.5,997.4,False,42.961728395061726,39.9,45.8,121.17283950617283,2.112345679012346,3.7,VET,25287.030303030304,21165.0,27653.121212121212,24155.0,36733.23333333333,30378.0,76041.0,305105.3333333333,3.0,,,4.0,3.0,,,,,,10.578947368421053,5.5,,,,,,259.7368421052632,269.7,,,,,,287.0,290.0,,,,,,87639.31578947368,91713.1,,,,,,76710.0,76041.0,,,,0,0,0,2
2022,9,25.680246913580245,25.0,26.3,42.098765432098766,40.0,44.0,996.9962962962962,996.5,997.4,False,42.961728395061726,39.9,45.8,121.17283950617283,2.112345679012346,3.7,ZHO,25634.766666666666,21493.0,28282.4,24812.0,36990.37037037037,30847.0,77152.0,388864.0,3.0,,,4.0,3.0,,,,,,10.842105263157896,5.0,,,,,,264.2631578947368,276.85714285714283,,,,,,281.0,283.0,,,,,,89876.05263157895,88598.42857142857,,,,,,78204.0,77152.0,,,,0,0,0,2
2022,10,16.290909090909093,15.3,17.5,70.8961038961039,62.0,81.0,998.461038961039,998.2,998.7,True,24.73896103896104,21.9,28.6,242.4935064935065,2.0142857142857142,3.7,ALB,,,51310.0,51310.0,33751.0,33751.0,,,,,,,,,,,,,,,,,,,,,,,,,,,,,,,,,,,,,,,,,,,,,,1,0,0,1
2022,10,16.290909090909093,15.3,17.5,70.8961038961039,62.0,81.0,998.461038961039,998.2,998.7,True,24.73896103896104,21.9,28.6,242.4935064935065,2.0142857142857142,3.7,ALO,,,57946.0,57946.0,35036.0,35036.0,,,,,,,,,,,,,,,,,,,,,,,,,,,,,,,,,,,,,,,,,,,,,,1,0,0,1
2022,10,16.290909090909093,15.3,17.5,70.8961038961039,62.0,81.0,998.461038961039,998.2,998.7,True,24.73896103896104,21.9,28.6,242.4935064935065,2.0142857142857142,3.7,BOT,39321.42857142857,31976.0,48756.625,42285.0,31370.875,27988.0,102249.0,690962.5,2.0,,2.0,,,,,,,4.0,,,,,,,227.75,,,,,,,231.0,,,,,,,110561.5,,,,,,,102249.0,,,,,,1,0,0,1
2022,10,16.290909090909093,15.3,17.5,70.8961038961039,62.0,81.0,998.461038961039,998.2,998.7,True,24.73896103896104,21.9,28.6,242.4935064935065,2.0142857142857142,3.7,GAS,30985.0,30985.0,49945.666666666664,48078.0,31668.5,29240.0,,2459460.0,1.0,,,,,,,,,,,,,,,,,,,,,,,,,,,,,,,,,,,,,,,,,,,1,0,0,1
2022,10,16.290909090909093,15.3,17.5,70.8961038961039,62.0,81.0,998.461038961039,998.2,998.7,True,24.73896103896104,21.9,28.6,242.4935064935065,2.0142857142857142,3.7,HAM,37432.666666666664,29370.0,48002.555555555555,44568.0,28622.555555555555,25572.0,102781.0,850193.6666666669,3.0,,3.0,,4.0,,,,,5.0,,2.0,,,,,196.0,,246.33333333333334,,,,,196.0,,248.0,,,,,109476.0,,117550.0,,,,,109476.0,,102781.0,,,,1,0,0,1
2022,10,16.290909090909093,15.3,17.5,70.8961038961039,62.0,81.0,998.461038961039,998.2,998.7,True,24.73896103896104,21.9,28.6,242.4935064935065,2.0142857142857142,3.7,LAT,,,55348.0,55348.0,31080.0,31080.0,,,,,,,,,,,,,,,,,,,,,,,,,,,,,,,,,,,,,,,,,,,,,,1,0,0,1
2022,10,16.290909090909093,15.3,17.5,70.8961038961039,62.0,81.0,998.461038961039,998.2,998.7,True,24.73896103896104,21.9,28.6,242.4935064935065,2.0142857142857142,3.7,LEC,46300.6,32729.999999999996,47735.666666666664,42793.0,30336.5,28002.0,103801.0,918502.3333333334,3.0,,1.0,,,,,,,2.5,,,,,,,221.0,,,,,,,223.0,,,,,,,104285.0,,,,,,,103801.0,,,,,,1,0,0,1
2022,10,16.290909090909093,15.3,17.5,70.8961038961039,62.0,81.0,998.461038961039,998.2,998.7,True,24.73896103896104,21.9,28.6,242.4935064935065,2.0142857142857142,3.7,MAG,34002.5,33661.0,47541.333333333336,45038.0,30249.0,28779.0,108161.0,,,,1.0,,,,,,,2.0,,,,,,,222.0,,,,,,,222.0,,,,,,,108161.0,,,,,,,108161.0,,,,,,1,0,0,1
2022,10,16.290909090909093,15.3,17.5,70.8961038961039,62.0,81.0,998.461038961039,998.2,998.7,True,24.73896103896104,21.9,28.6,242.4935064935065,2.0142857142857142,3.7,MSC,34955.5,32180.0,49026.0,43123.0,30714.0,28592.0,103895.0,,,,1.0,,,,,,,2.0,,,,,,,222.0,,,,,,,222.0,,,,,,,103895.0,,,,,,,103895.0,,,,,,1,0,0,1
2022,10,16.290909090909093,15.3,17.5,70.8961038961039,62.0,81.0,998.461038961039,998.2,998.7,True,24.73896103896104,21.9,28.6,242.4935064935065,2.0142857142857142,3.7,NOR,31306.5,29628.0,48094.75,43210.0,28156.0,27199.0,104337.0,2218341.0,1.0,,,,,,,,,,,,,,,,,,,,,,,,,,,,,,,,,,,,,,,,,,,1,0,0,1
2022,10,16.290909090909093,15.3,17.5,70.8961038961039,62.0,81.0,998.461038961039,998.2,998.7,True,24.73896103896104,21.9,28.6,242.4935064935065,2.0142857142857142,3.7,OCO,,,54742.0,54742.0,33120.0,33120.0,,,,,,,,,,,,,,,,,,,,,,,,,,,,,,,,,,,,,,,,,,,,,,1,0,0,1
2022,10,16.290909090909093,15.3,17.5,70.8961038961039,62.0,81.0,998.461038961039,998.2,998.7,True,24.73896103896104,21.9,28.6,242.4935064935065,2.0142857142857142,3.7,PER,30841.0,30841.0,51462.0,49907.0,32239.0,29673.0,,2916093.0,1.0,,,,,,,,,,,,,,,,,,,,,,,,,,,,,,,,,,,,,,,,,,,1,0,0,1
2022,10,16.290909090909093,15.3,17.5,70.8961038961039,62.0,81.0,998.461038961039,998.2,998.7,True,24.73896103896104,21.9,28.6,242.4935064935065,2.0142857142857142,3.7,RIC,35159.0,35159.0,50686.0,47828.0,32761.666666666668,32261.000000000004,115899.0,2457691.0,1.0,,,,,,,,,,,,,,,,,,,,,,,,,,,,,,,,,,,,,,,,,,,1,0,0,1
2022,10,16.290909090909093,15.3,17.5,70.8961038961039,62.0,81.0,998.461038961039,998.2,998.7,True,24.73896103896104,21.9,28.6,242.4935064935065,2.0142857142857142,3.7,RUS,,,55917.0,53956.0,34232.0,34232.0,,3305044.0,1.0,,,,,,,,,,,,,,,,,,,,,,,,,,,,,,,,,,,,,,,,,,,1,0,0,1
2022,10,16.290909090909093,15.3,17.5,70.8961038961039,62.0,81.0,998.461038961039,998.2,998.7,True,24.73896103896104,21.9,28.6,242.4935064935065,2.0142857142857142,3.7,SAI,47707.6,32628.999999999996,48076.71428571428,42346.0,30971.285714285714,27464.0,102967.0,664828.9999999999,4.0,,2.0,,,,,,,3.5,,,,,,,223.5,,,,,,,226.0,,,,,,,105983.5,,,,,,,102967.0,,,,,,1,0,0,1
2022,10,16.290909090909093,15.3,17.5,70.8961038961039,62.0,81.0,998.461038961039,998.2,998.7,True,24.73896103896104,21.9,28.6,242.4935064935065,2.0142857142857142,3.7,STR,32925.666666666664,30590.0,50363.0,45601.0,33073.75,30457.0,111243.0,2332057.0,1.0,,1.0,,,,,,,2.0,,,,,,,219.0,,,,,,,219.0,,,,,,,111243.0,,,,,,,111243.0,,,,,,1,0,0,1
2022,10,16.290909090909093,15.3,17.5,70.8961038961039,62.0,81.0,998.461038961039,998.2,998.7,True,24.73896103896104,21.9,28.6,242.4935064935065,2.0142857142857142,3.7,TSU,33244.666666666664,30826.0,50057.25,45513.0,31361.75,29822.0,109972.0,2478718.0,1.0,,1.0,,,,,,,2.0,,,,,,,220.0,,,,,,,220.0,,,,,,,111373.0,,,,,,,111373.0,,,,,,1,0,0,1
2022,10,16.290909090909093,15.3,17.5,70.8961038961039,62.0,81.0,998.461038961039,998.2,998.7,True,24.73896103896104,21.9,28.6,242.4935064935065,2.0142857142857142,3.7,VER,29576.0,29576.0,53239.5,51806.0,33597.5,29790.0,,2262187.0,1.0,,,,,,,,,,,,,,,,,,,,,,,,,,,,,,,,,,,,,,,,,,,1,0,0,1
2022,10,16.290909090909093,15.3,17.5,70.8961038961039,62.0,81.0,998.461038961039,998.2,998.7,True,24.73896103896104,21.9,28.6,242.4935064935065,2.0142857142857142,3.7,VET,33533.666666666664,30699.0,50081.6,48378.0,32412.0,28907.0,116216.0,2352413.0,1.0,,1.0,,,,,,,2.0,,,,,,,204.0,,,,,,,204.0,,,,,,,119168.0,,,,,,,119168.0,,,,,,1,0,0,1
2022,10,16.290909090909093,15.3,17.5,70.8961038961039,62.0,81.0,998.461038961039,998.2,998.7,True,24.73896103896104,21.9,28.6,242.4935064935065,2.0142857142857142,3.7,ZHO,33865.0,33757.0,49470.75,44300.0,30009.666666666668,28114.0,106171.0,1965631.0,1.0,,1.0,,,,,,,2.0,,,,,,,231.0,,,,,,,231.0,,,,,,,106171.0,,,,,,,106171.0,,,,,,1,0,0,1
2022,11,18.20246913580247,17.4,19.2,37.098765432098766,34.0,42.0,946.4283950617283,946.2,946.5,False,38.339506172839506,37.3,39.3,220.39506172839506,2.416049382716049,5.5,ALB,20678.0,16787.0,34995.2,29994.0,24164.766666666666,20598.0,67582.0,296602.0,4.0,,,3.0,5.0,,,,,,10.066666666666666,6.222222222222222,,,,,,265.8,272.77777777777777,,,,,,277.0,282.0,,,,,,75266.8,87306.55555555556,,,,,,69394.0,67582.0,,,,2,0,0,1
2022,11,18.20246913580247,17.4,19.2,37.098765432098766,34.0,42.0,946.4283950617283,946.2,946.5,False,38.339506172839506,37.3,39.3,220.39506172839506,2.416049382716049,5.5,ALO,20764.071428571428,16911.0,33761.77419354839,29769.0,24458.766666666666,20420.0,67100.0,330376.5,4.0,,,5.0,,,,,,,15.391304347826088,,,,,,,263.95652173913044,,,,,,,278.0,,,,,,,76691.30434782608,,,,,,,67100.0,,,,,2,0,0,1
2022,11,18.20246913580247,17.4,19.2,37.098765432098766,34.0,42.0,946.4283950617283,946.2,946.5,False,38.339506172839506,37.3,39.3,220.39506172839506,2.416049382716049,5.5,BOT,19867.478260869564,16913.0,34160.12,29864.0,25190.56,20535.0,67522.0,492907.6666666667,3.0,,,4.0,3.0,,,,,,8.307692307692308,5.833333333333333,,,,,,251.46153846153845,264.1666666666667,,,,,,273.0,277.0,,,,,,76245.61538461539,79201.66666666667,,,,,,68761.0,67522.0,,,,2,0,0,1
2022,11,18.20246913580247,17.4,19.2,37.098765432098766,34.0,42.0,946.4283950617283,946.2,946.5,False,38.339506172839506,37.3,39.3,220.39506172839506,2.416049382716049,5.5,GAS,21385.275862068964,16859.0,37497.45161290323,29952.0,24745.870967741936,20508.0,67592.0,348928.6666666667,3.0,,,2.0,4.0,,,,,,7.75,7.4,,,,,,272.375,245.8,,,,,,279.0,281.0,,,,,,78751.875,85883.6,,,,,,67997.0,67592.0,,,,2,0,0,1
2022,11,18.20246913580247,17.4,19.2,37.098765432098766,34.0,42.0,946.4283950617283,946.2,946.5,False,38.339506172839506,37.3,39.3,220.39506172839506,2.416049382716049,5.5,HAM,21487.75,16767.0,35730.32258064516,29844.0,25381.677419354837,20298.0,66909.0,440649.6666666667,3.0,,,2.0,4.0,,,,,,8.928571428571429,7.4,,,,,,269.5,246.1,,,,,,278.0,278.0,,,,,,72843.78571428571,92018.0,,,,,,68223.0,66909.0,,,,2,0,0,1
2022,11,18.20246913580247,17.4,19.2,37.098765432098766,34.0,42.0,946.4283950617283,946.2,946.5,False,38.339506172839506,37.3,39.3,220.39506172839506,2.416049382716049,5.5,LAT,21405.708333333332,16958.0,36025.07692307692,30195.0,25296.80769230769,20812.0,68149.0,330021.5,4.0,,,2.0,4.0,,,,,,8.083333333333334,4.0,,,,,,268.3333333333333,273.875,,,,,,273.0,281.0,,,,,,78926.91666666667,84306.625,,,,,,71256.0,68149.0,,,,2,0,0,1
2022,11,18.20246913580247,17.4,19.2,37.098765432098766,34.0,42.0,946.4283950617283,946.2,946.5,False,38.339506172839506,37.3,39.3,220.39506172839506,2.416049382716049,5.5,LEC,22120.60714285714,16866.0,35311.12903225807,29540.0,25032.166666666668,20070.0,66557.0,250028.8,5.0,,,2.0,6.0,,,,,,8.166666666666666,5.0,,,,,,271.9166666666667,255.0,,,,,,279.0,279.0,,,,,,77225.91666666667,84436.1,,,,,,68064.0,66557.0,,,,2,0,0,1
2022,11,18.20246913580247,17.4,19.2,37.098765432098766,34.0,42.0,946.4283950617283,946.2,946.5,False,38.339506172839506,37.3,39.3,220.39506172839506,2.416049382716049,5.5,MAG,21519.137931034482,16756.0,34027.06451612903,29666.0,25119.25806451613,20470.0,66965.0,311412.0,4.0,,,3.0,5.0,,,,,,6.142857142857143,6.5,,,,,,276.0,255.8,,,,,,280.0,281.0,,,,,,76856.14285714286,79828.3,,,,,,67267.0,66965.0,,,,2,0,0,1
2022,11,18.20246913580247,17.4,19.2,37.098765432098766,34.0,42.0,946.4283950617283,946.2,946.5,False,38.339506172839506,37.3,39.3,220.39506172839506,2.416049382716049,5.5,MSC,21583.03448275862,16864.0,34939.77419354839,29718.0,24434.387096774193,20545.0,67246.0,311199.5,4.0,,,4.0,5.0,,,,,,6.266666666666667,6.0,,,,,,273.2,244.22222222222223,,,,,,278.0,281.0,,,,,,77397.66666666667,81340.44444444444,,,,,,67875.0,67246.0,,,,2,0,0,1
2022,11,18.20246913580247,17.4,19.2,37.098765432098766,34.0,42.0,946.4283950617283,946.2,946.5,False,38.339506172839506,37.3,39.3,220.39506172839506,2.416049382716049,5.5,NOR,21439.923076923078,17345.0,37398.846153846156,30819.0,24656.285714285714,21279.0,69915.0,24052.0,1.0,,,2.0,,,,,,,7.833333333333333,,,,,,,266.5833333333333,,,,,,,272.0,,,,,,,84067.25,,,,,,,69915.0,,,,,2,0,0,1
2022,11,18.20246913580247,17.4,19.2,37.098765432098766,34.0,42.0,946.4283950617283,946.2,946.5,False,38.339506172839506,37.3,39.3,220.39506172839506,2.416049382716049,5.5,OCO,22611.652173913044,17012.0,37207.846153846156,29852.0,26989.19230769231,20440.0,67462.0,368761.0,4.0,,,5.0,,,,,,,10.105263157894736,,,,,,,262.2631578947368,,,,,,,282.0,,,,,,,85316.05263157895,,,,,,,67462.0,,,,,2,0,0,1
2022,11,18.20246913580247,17.4,19.2,37.098765432098766,34.0,42.0,946.4283950617283,946.2,946.5,False,38.339506172839506,37.3,39.3,220.39506172839506,2.416049382716049,5.5,PER,22202.2,16683.0,38338.333333333336,29845.0,27198.0,20276.0,66839.0,497604.6666666667,3.0,,,2.0,4.0,,,,,,7.3,7.636363636363637,,,,,,270.6,242.0909090909091,,,,,,278.0,282.0,,,,,,86822.5,86765.09090909091,,,,,,68274.0,66839.0,,,,2,0,0,1
2022,11,18.20246913580247,17.4,19.2,37.098765432098766,34.0,42.0,946.4283950617283,946.2,946.5,False,38.339506172839506,37.3,39.3,220.39506172839506,2.416049382716049,5.5,RIC,26014.0,16928.0,34198.8,30169.0,25138.8,20646.0,67743.0,306531.00000000006,6.0,,,7.0,,,,,,,6.75,,,,,,,258.5,,,,,,,280.0,,,,,,,80924.5,,,,,,,67743.0,,,,,2,0,0,1
2022,11,18.20246913580247,17.4,19.2,37.098765432098766,34.0,42.0,946.4283950617283,946.2,946.5,False,38.339506172839506,37.3,39.3,220.39506172839506,2.416049382716049,5.5,RUS,21659.96551724138,16774.0,34642.875,29737.0,25438.46875,20084.0,66702.0,318005.25,4.0,,,5.0,4.0,,,,,,11.38888888888889,5.333333333333333,,,,,,258.3888888888889,278.6666666666667,,,,,,280.0,282.0,,,,,,77586.11111111111,84120.83333333333,,,,,,67852.0,66702.0,,,,2,0,0,1
2022,11,18.20246913580247,17.4,19.2,37.098765432098766,34.0,42.0,946.4283950617283,946.2,946.5,False,38.339506172839506,37.3,39.3,220.39506172839506,2.416049382716049,5.5,SAI,23353.32,16881.0,35560.68965517241,29592.0,26594.89285714286,20432.0,67039.0,282630.80000000005,5.0,,,2.0,6.0,,,,,,7.363636363636363,5.125,,,,,,266.09090909090907,222.625,,,,,,279.0,278.0,,,,,,77723.72727272728,92785.75,,,,,,68430.0,67039.0,,,,2,0,0,1
2022,11,18.20246913580247,17.4,19.2,37.098765432098766,34.0,42.0,946.4283950617283,946.2,946.5,False,38.339506172839506,37.3,39.3,220.39506172839506,2.416049382716049,5.5,STR,22188.454545454544,16854.0,37724.03846153846,29924.0,26885.666666666668,20428.0,67431.0,500579.6666666667,3.0,,,3.0,4.0,,,,,,4.0,6.0,,,,,,273.8888888888889,240.66666666666666,,,,,,278.0,279.0,,,,,,80160.44444444444,95721.55555555556,,,,,,68097.0,67431.0,,,,2,0,0,1
2022,11,18.20246913580247,17.4,19.2,37.098765432098766,34.0,42.0,946.4283950617283,946.2,946.5,False,38.339506172839506,37.3,39.3,220.39506172839506,2.416049382716049,5.5,TSU,20296.0,16831.0,35675.34375,29873.0,24772.322580645163,20517.0,67296.0,557639.0,2.0,,,2.0,3.0,,,,,,6.888888888888889,6.0,,,,,,271.72222222222223,247.11111111111111,,,,,,278.0,281.0,,,,,,77179.44444444444,82487.11111111111,,,,,,67849.0,67296.0,,,,2,0,0,1
2022,11,18.20246913580247,17.4,19.2,37.098765432098766,34.0,42.0,946.4283950617283,946.2,946.5,False,38.339506172839506,37.3,39.3,220.39506172839506,2.416049382716049,5.5,VER,22530.1,16601.0,37587.27272727273,29418.0,25835.625,20170.0,66302.0,313891.3333333333,3.0,,,1.0,4.0,,,,,,7.5,11.0,,,,,,260.6666666666667,247.0,,,,,,280.0,283.0,,,,,,88505.91666666667,82774.1875,,,,,,67496.0,66302.0,,,,2,0,0,1
2022,11,18.20246913580247,17.4,19.2,37.098765432098766,34.0,42.0,946.4283950617283,946.2,946.5,False,38.339506172839506,37.3,39.3,220.39506172839506,2.416049382716049,5.5,VET,22709.791666666668,16969.0,35131.46428571428,29795.0,25737.85185185185,20590.0,67476.0,286984.5999999999,5.0,,,4.0,6.0,,,,,,4.6,6.666666666666667,,,,,,267.6,237.33333333333334,,,,,,279.0,279.0,,,,,,77724.8,87121.11111111111,,,,,,67964.0,67476.0,,,,2,0,0,1
2022,11,18.20246913580247,17.4,19.2,37.098765432098766,34.0,42.0,946.4283950617283,946.2,946.5,False,38.339506172839506,37.3,39.3,220.39506172839506,2.416049382716049,5.5,ZHO,20891.0,17054.0,35899.37037037037,30042.0,25860.19230769231,20585.0,67889.0,495791.3333333333,3.0,,,1.0,4.0,,,,,,8.0,6.714285714285714,,,,,,263.46153846153845,236.71428571428572,,,,,,269.0,278.0,,,,,,79624.07692307692,84027.28571428571,,,,,,69247.0,67889.0,,,,2,0,0,1
2022,12,29.492682926829268,28.9,30.3,48.24390243902439,44.0,52.0,968.6146341463416,968.4,968.9,False,57.08414634146341,54.4,59.3,111.09756097560975,1.8414634146341464,3.5,ALB,29604.625,24109.0,33934.291666666664,28981.0,51909.3,42228.0,95414.0,398466.0,3.0,4.0,,1.0,3.0,,,,8.0,,1.0,3.0,,,,275.92857142857144,,290.0,288.4,,,,293.0,,290.0,296.0,,,,113431.85714285714,,116208.0,121627.0,,,,97193.0,,116208.0,95414.0,,,,0,0,0,2
2022,12,29.492682926829268,28.9,30.3,48.24390243902439,44.0,52.0,968.6146341463416,968.4,968.9,False,57.08414634146341,54.4,59.3,111.09756097560975,1.8414634146341464,3.5,ALO,32200.136363636364,23904.0,35105.22727272727,29298.0,51550.58823529412,42567.0,95875.0,342075.2499999999,4.0,,,,5.0,,,,,,,5.8125,,,,,,,286.6875,,,,,,,292.0,,,,,,,114947.25,,,,,,,95875.0,,,,0,0,0,2
2022,12,29.492682926829268,28.9,30.3,48.24390243902439,44.0,52.0,968.6146341463416,968.4,968.9,False,57.08414634146341,54.4,59.3,111.09756097560975,1.8414634146341464,3.5,DEV,31612.043478260868,23982.0,32887.782608695656,29105.0,49657.15,42339.0,95426.0,653968.9999999998,2.0,,,3.0,2.0,,,,,,6.9,4.5,,,,,,293.4,286.875,,,,,,298.0,295.0,,,,,,106163.7,111252.875,,,,,,96322.0,95426.0,,,,0,0,0,2
2022,12,29.492682926829268,28.9,30.3,48.24390243902439,44.0,52.0,968.6146341463416,968.4,968.9,False,57.08414634146341,54.4,59.3,111.09756097560975,1.8414634146341464,3.5,GAS,33676.666666666664,23879.0,36041.857142857145,28961.0,57501.35294117647,41962.0,94979.0,338394.7500000001,4.0,,,2.0,5.0,,,,,,5.375,5.857142857142857,,,,,,293.5,256.85714285714283,,,,,,295.0,295.0,,,,,,124414.875,123898.42857142857,,,,,,96149.0,94979.0,,,,0,0,0,2
2022,12,29.492682926829268,28.9,30.3,48.24390243902439,44.0,52.0,968.6146341463416,968.4,968.9,False,57.08414634146341,54.4,59.3,111.09756097560975,1.8414634146341464,3.5,KUB,31274.0,24235.0,36364.21052631579,29548.0,51690.142857142855,42493.0,96332.0,391790.2500000001,4.0,,,5.0,4.0,,,,,,7.285714285714286,2.6666666666666665,,,,,,280.42857142857144,285.3333333333333,,,,,,288.0,287.0,,,,,,104647.71428571429,112199.66666666667,,,,,,97800.0,96332.0,,,,0,0,0,2
2022,12,29.492682926829268,28.9,30.3,48.24390243902439,44.0,52.0,968.6146341463416,968.4,968.9,False,57.08414634146341,54.4,59.3,111.09756097560975,1.8414634146341464,3.5,LAT,30862.0,24665.0,34284.0,29452.0,52785.2,42799.0,97043.0,473872.0,2.0,,,3.0,1.0,,,,,,7.0,4.0,,,,,,286.6666666666667,291.2857142857143,,,,,,294.0,295.0,,,,,,113017.33333333333,120552.85714285714,,,,,,97043.0,97071.0,,,,0,0,0,2
2022,12,29.492682926829268,28.9,30.3,48.24390243902439,44.0,52.0,968.6146341463416,968.4,968.9,False,57.08414634146341,54.4,59.3,111.09756097560975,1.8414634146341464,3.5,LEC,32885.086956521736,23516.0,35310.608695652176,28735.0,55925.4,41625.0,93930.0,228050.2,5.0,,,,6.0,,,,,,,5.866666666666666,,,,,,,286.06666666666666,,,,,,,296.0,,,,,,,111073.6,,,,,,,93930.0,,,,0,0,0,2
2022,12,29.492682926829268,28.9,30.3,48.24390243902439,44.0,52.0,968.6146341463416,968.4,968.9,False,57.08414634146341,54.4,59.3,111.09756097560975,1.8414634146341464,3.5,MAG,31620.68181818182,24149.0,34590.40909090909,29378.0,52411.944444444445,42475.0,96104.0,460922.3333333333,3.0,,,,4.0,,,,,,,5.764705882352941,,,,,,,280.52941176470586,,,,,,,292.0,,,,,,,115522.82352941176,,,,,,,96104.0,,,,0,0,0,2
2022,12,29.492682926829268,28.9,30.3,48.24390243902439,44.0,52.0,968.6146341463416,968.4,968.9,False,57.08414634146341,54.4,59.3,111.09756097560975,1.8414634146341464,3.5,MSC,31822.736842105263,24232.0,36082.10526315789,29193.0,52588.26666666667,42597.0,96022.0,549276.0,3.0,,,1.0,4.0,,,,,,3.5,5.25,,,,,,284.8333333333333,286.0,,,,,,290.0,290.0,,,,,,119729.16666666667,116902.0,,,,,,100434.0,96022.0,,,,0,0,0,2
2022,12,29.492682926829268,28.9,30.3,48.24390243902439,44.0,52.0,968.6146341463416,968.4,968.9,False,57.08414634146341,54.4,59.3,111.09756097560975,1.8414634146341464,3.5,NOR,32036.52380952381,23877.0,34370.142857142855,29174.0,53040.117647058825,42181.0,95232.0,469543.6666666668,3.0,,,4.0,3.0,,,,,,8.090909090909092,2.5,,,,,,288.0,272.0,,,,,,293.0,294.0,,,,,,109884.27272727272,129245.5,,,,,,96887.0,95232.0,,,,0,0,0,2
2022,12,29.492682926829268,28.9,30.3,48.24390243902439,44.0,52.0,968.6146341463416,968.4,968.9,False,57.08414634146341,54.4,59.3,111.09756097560975,1.8414634146341464,3.5,OCO,31719.095238095237,23978.0,35457.47619047619,29224.0,50680.64705882353,42626.0,95828.0,495972.0,3.0,,,,4.0,,,,,,,6.214285714285714,,,,,,,292.07142857142856,,,,,,,296.0,,,,,,,108897.42857142857,,,,,,,95828.0,,,,0,0,0,2
2022,12,29.492682926829268,28.9,30.3,48.24390243902439,44.0,52.0,968.6146341463416,968.4,968.9,False,57.08414634146341,54.4,59.3,111.09756097560975,1.8414634146341464,3.5,PER,31572.809523809523,24126.0,34271.76190476191,28731.0,55278.944444444445,42317.0,95174.0,313948.49999999994,4.0,,,,5.0,,,,,,,7.0625,,,,,,,280.3125,,,,,,,300.0,,,,,,,118210.5,,,,,,,95174.0,,,,0,0,0,2
2022,12,29.492682926829268,28.9,30.3,48.24390243902439,44.0,52.0,968.6146341463416,968.4,968.9,False,57.08414634146341,54.4,59.3,111.09756097560975,1.8414634146341464,3.5,RIC,33584.0,24149.0,35466.42857142857,29090.0,52958.294117647056,42421.0,95660.0,426644.0,3.0,,,4.0,3.0,,,,,,8.25,2.3333333333333335,,,,,,268.25,290.3333333333333,,,,,,296.0,291.0,,,,,,116104.16666666667,111682.66666666667,,,,,,96440.0,95660.0,,,,0,0,0,2
2022,12,29.492682926829268,28.9,30.3,48.24390243902439,44.0,52.0,968.6146341463416,968.4,968.9,False,57.08414634146341,54.4,59.3,111.09756097560975,1.8414634146341464,3.5,RUS,32323.72,23817.0,34337.2,28982.0,54564.681818181816,42078.0,94881.0,249576.24999999988,4.0,,,5.0,4.0,,,,,,8.384615384615385,4.714285714285714,,,,,,268.6923076923077,277.42857142857144,,,,,,294.0,294.0,,,,,,114212.53846153847,120853.57142857143,,,,,,95851.0,94881.0,,,,0,0,0,2
2022,12,29.492682926829268,28.9,30.3,48.24390243902439,44.0,52.0,968.6146341463416,968.4,968.9,False,57.08414634146341,54.4,59.3,111.09756097560975,1.8414634146341464,3.5,SAI,31445.6,23650.0,32816.95238095238,28749.0,52613.82352941176,41687.0,94268.0,391814.25,4.0,,,,5.0,,,,,,,6.714285714285714,,,,,,,272.7142857142857,,,,,,,295.0,,,,,,,109824.35714285714,,,,,,,94268.0,,,,0,0,0,2
2022,12,29.492682926829268,28.9,30.3,48.24390243902439,44.0,52.0,968.6146341463416,968.4,968.9,False,57.08414634146341,54.4,59.3,111.09756097560975,1.8414634146341464,3.5,STR,34857.10526315789,24068.0,37903.21052631579,29328.0,57641.0625,42325.0,95810.0,647072.0,2.0,,,3.0,2.0,,,,,,5.714285714285714,3.3333333333333335,,,,,,282.85714285714283,283.0,,,,,,291.0,287.0,,,,,,105123.0,112861.0,,,,,,96238.0,95810.0,,,,0,0,0,2
2022,12,29.492682926829268,28.9,30.3,48.24390243902439,44.0,52.0,968.6146341463416,968.4,968.9,False,57.08414634146341,54.4,59.3,111.09756097560975,1.8414634146341464,3.5,TSU,32017.03846153846,24361.0,34723.46153846154,28877.0,53729.52173913043,42593.0,96127.0,259271.33333333334,3.0,,,4.0,3.0,,,,,,8.933333333333334,4.5,,,,,,282.1333333333333,285.5,,,,,,296.0,294.0,,,,,,116378.8,119069.0,,,,,,97596.0,96127.0,,,,0,0,0,2
2022,12,29.492682926829268,28.9,30.3,48.24390243902439,44.0,52.0,968.6146341463416,968.4,968.9,False,57.08414634146341,54.4,59.3,111.09756097560975,1.8414634146341464,3.5,VER,34346.26315789474,23468.0,40127.21052631579,28558.0,53015.666666666664,41915.0,94021.0,509054.6666666667,3.0,,,,4.0,,,,,,,5.454545454545454,,,,,,,292.09090909090907,,,,,,,299.0,,,,,,,109379.0,,,,,,,94021.0,,,,0,0,0,2
2022,12,29.492682926829268,28.9,30.3,48.24390243902439,44.0,52.0,968.6146341463416,968.4,968.9,False,57.08414634146341,54.4,59.3,111.09756097560975,1.8414634146341464,3.5,VET,30313.333333333332,24175.0,34691.666666666664,29186.0,51947.95,42320.0,95851.0,282170.5,4.0,2.0,,,5.0,,,,4.285714285714286,,,7.8,,,,285.85714285714283,,,281.1,,,,293.0,,,289.0,,,,115024.85714285714,,,104686.4,,,,97867.0,,,95851.0,,,,0,0,0,2
2022,12,29.492682926829268,28.9,30.3,48.24390243902439,44.0,52.0,968.6146341463416,968.4,968.9,False,57.08414634146341,54.4,59.3,111.09756097560975,1.8414634146341464,3.5,ZHO,32006.904761904763,23994.0,34508.857142857145,29372.0,50905.625,42310.0,95676.0,380915.5,4.0,,,5.0,4.0,,,,,,7.181818181818182,2.6666666666666665,,,,,,282.3636363636364,286.3333333333333,,,,,,287.0,287.0,,,,,,111945.90909090909,112832.66666666667,,,,,,96830.0,95676.0,,,,0,0,0,2
2022,13,32.05833333333334,31.4,33.2,27.654761904761905,25.0,30.0,986.9011904761904,986.5,987.4,False,50.846428571428575,45.4,56.7,133.23809523809524,1.5142857142857142,4.1,ALB,36624.04,28946.0,35954.5,28928.0,28667.60714285714,22960.0,80834.0,222582.8,5.0,,,6.0,3.0,,,,,,9.933333333333334,4.25,,,,,,237.06666666666666,253.5,,,,,,253.0,255.0,,,,,,95924.26666666666,97757.0,,,,,,82406.0,80834.0,,,,0,0,0,2
2022,13,32.05833333333334,31.4,33.2,27.654761904761905,25.0,30.0,986.9011904761904,986.5,987.4,False,50.846428571428575,45.4,56.7,133.23809523809524,1.5142857142857142,4.1,ALO,32880.041666666664,28959.0,34524.59259259259,28544.0,29297.74074074074,22844.0,80377.0,402324.6666666667,3.0,2.0,,,4.0,,,,7.2,,,7.5,,,,249.5,,,226.1,,,,251.0,,,252.0,,,,94491.6,,,94393.4,,,,82760.0,,,80377.0,,,,0,0,0,2
2022,13,32.05833333333334,31.4,33.2,27.654761904761905,25.0,30.0,986.9011904761904,986.5,987.4,False,50.846428571428575,45.4,56.7,133.23809523809524,1.5142857142857142,4.1,GAS,35707.96,28882.0,37694.32142857143,28672.0,29338.5,22786.0,80456.0,317126.6666666667,3.0,1.0,,,4.0,,,,5.5,,,10.0,,,,247.875,,,222.53846153846155,,,,250.0,,,253.0,,,,102708.625,,,98381.92307692308,,,,82952.0,,,80456.0,,,,0,0,0,2
2022,13,32.05833333333334,31.4,33.2,27.654761904761905,25.0,30.0,986.9011904761904,986.5,987.4,False,50.846428571428575,45.4,56.7,133.23809523809524,1.5142857142857142,4.1,HAM,36588.681818181816,28867.0,35665.12,28359.0,28279.32,22457.0,79710.0,370784.0,3.0,4.0,,,3.0,,,,9.23076923076923,,,5.0,,,,229.15384615384616,,,235.25,,,,251.0,,,254.0,,,,93351.07692307692,,,94851.25,,,,82112.0,,,79710.0,,,,0,0,0,2
2022,13,32.05833333333334,31.4,33.2,27.654761904761905,25.0,30.0,986.9011904761904,986.5,987.4,False,50.846428571428575,45.4,56.7,133.23809523809524,1.5142857142857142,4.1,KUB,36176.875,29151.0,36048.4,29023.0,29385.1,22925.0,81179.0,470536.00000000006,4.0,2.0,,,5.0,,,,6.0,,,5.166666666666667,,,,246.4,,,219.66666666666666,,,,248.0,,,244.0,,,,90068.6,,,107549.5,,,,83724.0,,,81179.0,,,,0,0,0,2
2022,13,32.05833333333334,31.4,33.2,27.654761904761905,25.0,30.0,986.9011904761904,986.5,987.4,False,50.846428571428575,45.4,56.7,133.23809523809524,1.5142857142857142,4.1,LAT,33080.625,29012.0,35810.851851851854,29088.0,28617.037037037036,23149.0,81413.0,569705.0,2.0,3.0,,,2.0,,,,10.066666666666666,,,4.5,,,,230.2,,,246.0,,,,252.0,,,253.0,,,,94785.0,,,98973.66666666667,,,,83842.0,,,81413.0,,,,0,0,0,2
2022,13,32.05833333333334,31.4,33.2,27.654761904761905,25.0,30.0,986.9011904761904,986.5,987.4,False,50.846428571428575,45.4,56.7,133.23809523809524,1.5142857142857142,4.1,LEC,43293.65217391304,28549.0,39222.03846153846,28054.0,31245.5,22436.0,79039.0,158668.0,6.0,,,,7.0,,,,,,,6.5,,,,,,,233.25,,,,,,,255.0,,,,,,,94098.41666666667,,,,,,,79039.0,,,,0,0,0,2
2022,13,32.05833333333334,31.4,33.2,27.654761904761905,25.0,30.0,986.9011904761904,986.5,987.4,False,50.846428571428575,45.4,56.7,133.23809523809524,1.5142857142857142,4.1,MAG,33279.47619047619,28826.0,35209.291666666664,28911.0,28433.75,23052.0,80921.0,518114.0,3.0,4.0,,,3.0,,,,9.5,,,3.6666666666666665,,,,237.71428571428572,,,246.66666666666666,,,,249.0,,,249.0,,,,91676.28571428571,,,103745.66666666667,,,,83716.0,,,80921.0,,,,0,0,0,2
2022,13,32.05833333333334,31.4,33.2,27.654761904761905,25.0,30.0,986.9011904761904,986.5,987.4,False,50.846428571428575,45.4,56.7,133.23809523809524,1.5142857142857142,4.1,MSC,36155.818181818184,29136.0,36111.44,28971.0,28294.92,22920.0,81027.0,413974.0,3.0,4.0,,,3.0,,,,9.642857142857142,,,4.0,,,,228.64285714285714,,,228.75,,,,250.0,,,248.0,,,,93433.14285714286,,,112802.5,,,,83494.0,,,81027.0,,,,0,0,0,2
2022,13,32.05833333333334,31.4,33.2,27.654761904761905,25.0,30.0,986.9011904761904,986.5,987.4,False,50.846428571428575,45.4,56.7,133.23809523809524,1.5142857142857142,4.1,NOR,37713.82352941176,28665.0,34978.380952380954,28139.0,29130.85714285714,22495.0,79299.0,349507.8,5.0,,,5.0,6.0,,,,,,8.0,5.5,,,,,,251.6,217.25,,,,,,252.0,252.0,,,,,,97379.4,100937.0,,,,,,80251.0,79299.0,,,,0,0,0,2
2022,13,32.05833333333334,31.4,33.2,27.654761904761905,25.0,30.0,986.9011904761904,986.5,987.4,False,50.846428571428575,45.4,56.7,133.23809523809524,1.5142857142857142,4.1,OCO,36475.642857142855,28866.0,36408.8,28507.0,28517.4,22792.0,80348.0,381019.5,2.0,,,3.0,2.0,,,,,,9.625,6.0,,,,,,228.875,249.0,,,,,,251.0,251.0,,,,,,103474.25,95135.22222222222,,,,,,81529.0,80348.0,,,,0,0,0,2
2022,13,32.05833333333334,31.4,33.2,27.654761904761905,25.0,30.0,986.9011904761904,986.5,987.4,False,50.846428571428575,45.4,56.7,133.23809523809524,1.5142857142857142,4.1,PER,42658.71428571428,28495.0,38397.458333333336,28409.0,28956.458333333332,22452.0,79622.0,197862.85714285713,7.0,,,,8.0,,,,,,,7.090909090909091,,,,,,,224.54545454545453,,,,,,,253.0,,,,,,,103560.18181818182,,,,,,,79622.0,,,,0,0,0,2
2022,13,32.05833333333334,31.4,33.2,27.654761904761905,25.0,30.0,986.9011904761904,986.5,987.4,False,50.846428571428575,45.4,56.7,133.23809523809524,1.5142857142857142,4.1,RIC,34838.76,28779.0,33996.75,28347.0,26953.10714285714,22610.0,79841.0,391856.6666666667,3.0,,,4.0,3.0,,,,,,12.666666666666666,3.0,,,,,,237.0,252.0,,,,,,255.0,253.0,,,,,,91690.5,94833.33333333333,,,,,,80378.0,79841.0,,,,0,0,0,2
2022,13,32.05833333333334,31.4,33.2,27.654761904761905,25.0,30.0,986.9011904761904,986.5,987.4,False,50.846428571428575,45.4,56.7,133.23809523809524,1.5142857142857142,4.1,RUS,33445.32,28776.0,36273.57142857143,28276.0,29306.928571428572,22536.0,79606.0,447540.5,2.0,3.0,,,2.0,,,,10.066666666666666,,,5.0,,,,230.46666666666667,,,239.14285714285714,,,,251.0,,,255.0,,,,92547.93333333333,,,110075.14285714286,,,,81691.0,,,79606.0,,,,0,0,0,2
2022,13,32.05833333333334,31.4,33.2,27.654761904761905,25.0,30.0,986.9011904761904,986.5,987.4,False,50.846428571428575,45.4,56.7,133.23809523809524,1.5142857142857142,4.1,SAI,42784.86956521739,28652.0,39357.346153846156,27744.0,31326.80769230769,22337.0,78750.0,164209.16666666674,6.0,,,,7.0,,,,,,,8.909090909090908,,,,,,,248.54545454545453,,,,,,,256.0,,,,,,,87344.36363636363,,,,,,,78750.0,,,,0,0,0,2
2022,13,32.05833333333334,31.4,33.2,27.654761904761905,25.0,30.0,986.9011904761904,986.5,987.4,False,50.846428571428575,45.4,56.7,133.23809523809524,1.5142857142857142,4.1,STR,36566.76190476191,28763.0,36540.48,28622.0,31233.4,22859.0,80414.0,417754.6666666667,3.0,3.0,,,4.0,,,,8.222222222222221,,,5.5,,,,240.77777777777777,,,209.5,,,,248.0,,,253.0,,,,97397.88888888889,,,112314.5,,,,83421.0,,,80414.0,,,,0,0,0,2
2022,13,32.05833333333334,31.4,33.2,27.654761904761905,25.0,30.0,986.9011904761904,986.5,987.4,False,50.846428571428575,45.4,56.7,133.23809523809524,1.5142857142857142,4.1,TSU,36019.625,29075.0,36558.81481481482,28708.0,28808.555555555555,22912.0,80695.0,518128.5,2.0,3.0,,,2.0,,,,11.61111111111111,,,3.0,,,,233.55555555555554,,,210.33333333333334,,,,251.0,,,252.0,,,,94434.77777777778,,,117195.66666666667,,,,82889.0,,,80695.0,,,,0,0,0,2
2022,13,32.05833333333334,31.4,33.2,27.654761904761905,25.0,30.0,986.9011904761904,986.5,987.4,False,50.846428571428575,45.4,56.7,133.23809523809524,1.5142857142857142,4.1,VER,38254.71428571428,28505.0,39361.958333333336,28024.0,30041.875,22351.0,78880.0,331880.0,4.0,,,,5.0,,,,,,,6.416666666666667,,,,,,,245.41666666666666,,,,,,,252.0,,,,,,,86176.16666666667,,,,,,,78880.0,,,,0,0,0,2
2022,13,32.05833333333334,31.4,33.2,27.654761904761905,25.0,30.0,986.9011904761904,986.5,987.4,False,50.846428571428575,45.4,56.7,133.23809523809524,1.5142857142857142,4.1,VET,35352.27272727273,28894.0,37210.807692307695,28757.0,29549.384615384617,22687.0,80383.0,414506.0,3.0,3.0,,,4.0,,,,9.545454545454545,,,5.0,,,,243.72727272727272,,,214.42857142857142,,,,251.0,,,252.0,,,,98744.81818181818,,,114922.71428571429,,,,83101.0,,,80383.0,,,,0,0,0,2
2022,13,32.05833333333334,31.4,33.2,27.654761904761905,25.0,30.0,986.9011904761904,986.5,987.4,False,50.846428571428575,45.4,56.7,133.23809523809524,1.5142857142857142,4.1,ZHO,35763.0,29141.0,35048.565217391304,28577.0,28246.521739130436,22873.0,80810.0,328674.2,5.0,6.0,,,5.0,,,,10.0,,,3.6666666666666665,,,,231.4,,,245.66666666666666,,,,248.0,,,248.0,,,,94292.9,,,97618.66666666667,,,,82969.0,,,80810.0,,,,0,0,0,2
2022,14,17.890361445783135,17.5,18.3,89.4578313253012,88.0,92.0,968.2783132530121,968.2,968.5,True,21.58433734939759,20.7,22.2,311.5542168674699,1.8493975903614457,2.9,ALB,34132.8,31095.0,57668.0,46653.0,36405.142857142855,29712.0,107835.0,455894.6666666667,3.0,2.0,,,3.0,,,,3.5,,,3.0,,,,214.75,,,220.33333333333334,,,,221.0,,,225.0,,,,117179.25,,,121186.33333333333,,,,110073.0,,,107835.0,,,,1,0,0,1
2022,14,17.890361445783135,17.5,18.3,89.4578313253012,88.0,92.0,968.2783132530121,968.2,968.5,True,21.58433734939759,20.7,22.2,311.5542168674699,1.8493975903614457,2.9,ALO,38730.07692307692,31306.0,57787.82352941176,47938.0,37037.125,29927.0,109664.0,429944.75,4.0,,5.0,,3.0,,,,,3.0,,5.25,,,,,49.0,,216.0,,,,,49.0,,222.0,,,,,148394.0,,122194.25,,,,,148394.0,,109664.0,,,,1,0,0,1
2022,14,17.890361445783135,17.5,18.3,89.4578313253012,88.0,92.0,968.2783132530121,968.2,968.5,True,21.58433734939759,20.7,22.2,311.5542168674699,1.8493975903614457,2.9,BOT,32460.0,32460.0,53253.5,48572.0,38814.0,36584.0,122076.0,,,,,,,,,,,,,,,,,,,,,,,,,,,,,,,,,,,,,,,,,,,,,1,0,0,1
2022,14,17.890361445783135,17.5,18.3,89.4578313253012,88.0,92.0,968.2783132530121,968.2,968.5,True,21.58433734939759,20.7,22.2,311.5542168674699,1.8493975903614457,2.9,HAM,33959.666666666664,31197.0,53976.8,46741.0,37712.0,30017.0,108420.0,641782.3333333334,3.0,,,2.0,,,,,,,3.5,,,,,,,216.5,,,,,,,224.0,,,,,,,117176.5,,,,,,,108420.0,,,,,1,0,0,1
2022,14,17.890361445783135,17.5,18.3,89.4578313253012,88.0,92.0,968.2783132530121,968.2,968.5,True,21.58433734939759,20.7,22.2,311.5542168674699,1.8493975903614457,2.9,LAT,34126.88888888889,31344.0,58393.307692307695,47217.0,36304.75,29550.0,108485.0,516472.3333333333,3.0,,,2.0,3.0,,,,,,3.0,2.0,,,,,,212.0,218.0,,,,,,218.0,218.0,,,,,,117967.0,108485.0,,,,,,110768.0,108485.0,,,,1,0,0,1
2022,14,17.890361445783135,17.5,18.3,89.4578313253012,88.0,92.0,968.2783132530121,968.2,968.5,True,21.58433734939759,20.7,22.2,311.5542168674699,1.8493975903614457,2.9,LAW,32744.363636363636,31541.0,54461.28571428572,49651.0,34871.5,30279.0,112065.0,806740.0,2.0,2.0,,,,,,,6.0,,,,,,,212.0,,,,,,,216.0,,,,,,,115910.44444444444,,,,,,,112065.0,,,,,,,1,0,0,1
2022,14,17.890361445783135,17.5,18.3,89.4578313253012,88.0,92.0,968.2783132530121,968.2,968.5,True,21.58433734939759,20.7,22.2,311.5542168674699,1.8493975903614457,2.9,LEC,35709.166666666664,31190.0,57746.933333333334,45858.0,36113.46666666667,29559.0,106607.0,492420.3333333333,3.0,2.0,,4.0,3.0,,,,4.2,,2.5,2.0,,,,213.2,,210.5,216.0,,,,215.0,,212.0,216.0,,,,110415.4,,120355.0,106607.0,,,,109017.0,,116415.0,106607.0,,,,1,0,0,1
2022,14,17.890361445783135,17.5,18.3,89.4578313253012,88.0,92.0,968.2783132530121,968.2,968.5,True,21.58433734939759,20.7,22.2,311.5542168674699,1.8493975903614457,2.9,MAG,34120.2,32232.0,57285.125,47212.0,36703.25,30504.0,110982.0,534921.5,2.0,2.0,,,3.0,,,,3.0,,,2.0,,,,212.33333333333334,,,143.0,,,,213.0,,,143.0,,,,112228.33333333333,,,110982.0,,,,112095.0,,,110982.0,,,,1,0,0,1
2022,14,17.890361445783135,17.5,18.3,89.4578313253012,88.0,92.0,968.2783132530121,968.2,968.5,True,21.58433734939759,20.7,22.2,311.5542168674699,1.8493975903614457,2.9,MSC,42910.555555555555,32167.0,61811.78571428572,48707.0,38679.57142857143,30385.0,111259.0,352063.6,5.0,,6.0,,4.0,,,,,3.0,,2.75,,,,,58.0,,214.0,,,,,58.0,,216.0,,,,,146402.0,,128981.25,,,,,146402.0,,111259.0,,,,1,0,0,1
2022,14,17.890361445783135,17.5,18.3,89.4578313253012,88.0,92.0,968.2783132530121,968.2,968.5,True,21.58433734939759,20.7,22.2,311.5542168674699,1.8493975903614457,2.9,NOR,41774.916666666664,31742.0,63338.857142857145,47737.0,39700.92857142857,29817.0,109470.0,527754.0,3.0,,,,1.0,,,,,,,3.0,,,,,,,217.5,,,,,,,218.0,,,,,,,109591.0,,,,,,,109470.0,,,,1,0,0,1
2022,14,17.890361445783135,17.5,18.3,89.4578313253012,88.0,92.0,968.2783132530121,968.2,968.5,True,21.58433734939759,20.7,22.2,311.5542168674699,1.8493975903614457,2.9,OCO,40730.5,31487.0,65360.5,48905.0,44286.0,29918.0,110315.0,25891.0,1.0,,,,2.0,,,,,,,1.5,,,,,,,218.0,,,,,,,218.0,,,,,,,125069.5,,,,,,,110315.0,,,,1,0,0,1
2022,14,17.890361445783135,17.5,18.3,89.4578313253012,88.0,92.0,968.2783132530121,968.2,968.5,True,21.58433734939759,20.7,22.2,311.5542168674699,1.8493975903614457,2.9,PER,37613.11111111111,31276.0,58825.416666666664,47176.0,38278.0,29788.0,108474.0,454082.5,4.0,2.0,,,,,,,4.0,,,,,,,218.2,,,,,,,222.0,,,,,,,119550.4,,,,,,,108474.0,,,,,,,1,0,0,1
2022,14,17.890361445783135,17.5,18.3,89.4578313253012,88.0,92.0,968.2783132530121,968.2,968.5,True,21.58433734939759,20.7,22.2,311.5542168674699,1.8493975903614457,2.9,RIC,37187.6,31355.0,58099.53846153846,47023.0,37831.38461538462,29703.0,108081.0,466711.33333333343,3.0,,,1.0,2.0,,,,,,3.3333333333333335,2.5,,,,,,216.66666666666666,183.0,,,,,,217.0,218.0,,,,,,110131.0,127662.0,,,,,,109425.0,108081.0,,,,1,0,0,1
2022,14,17.890361445783135,17.5,18.3,89.4578313253012,88.0,92.0,968.2783132530121,968.2,968.5,True,21.58433734939759,20.7,22.2,311.5542168674699,1.8493975903614457,2.9,RUS,34313.555555555555,31358.0,55271.46153846154,46490.0,35838.153846153844,29548.0,107396.0,573648.3333333334,3.0,,,2.0,3.0,,,,,,3.75,2.0,,,,,,217.75,221.0,,,,,,220.0,221.0,,,,,,110286.75,107396.0,,,,,,109131.0,107396.0,,,,1,0,0,1
2022,14,17.890361445783135,17.5,18.3,89.4578313253012,88.0,92.0,968.2783132530121,968.2,968.5,True,21.58433734939759,20.7,22.2,311.5542168674699,1.8493975903614457,2.9,SAI,36530.38461538462,31452.0,57047.0,45716.0,36521.4,29370.0,106538.0,459369.0,3.0,2.0,,,4.0,,,,4.0,,,4.0,,,,212.42857142857142,,,213.5,,,,218.0,,,217.0,,,,119778.85714285714,,,113526.5,,,,109098.0,,,106538.0,,,,1,0,0,1
2022,14,17.890361445783135,17.5,18.3,89.4578313253012,88.0,92.0,968.2783132530121,968.2,968.5,True,21.58433734939759,20.7,22.2,311.5542168674699,1.8493975903614457,2.9,STR,35411.77777777778,31340.0,58727.692307692305,46509.0,37015.833333333336,29588.0,107437.0,496706.3333333333,3.0,2.0,,,3.0,,,,3.75,,,2.0,,,,212.0,,,217.0,,,,217.0,,,217.0,,,,110964.25,,,107437.0,,,,110277.0,,,107437.0,,,,1,0,0,1
2022,14,17.890361445783135,17.5,18.3,89.4578313253012,88.0,92.0,968.2783132530121,968.2,968.5,True,21.58433734939759,20.7,22.2,311.5542168674699,1.8493975903614457,2.9,TSU,38556.0,31339.0,59191.75,47180.0,38399.5625,29780.0,108310.0,367639.0,4.0,2.0,,,3.0,,,,5.2,,,2.0,,,,204.2,,,216.0,,,,220.0,,,216.0,,,,121341.2,,,108310.0,,,,110445.0,,,108310.0,,,,1,0,0,1
2022,14,17.890361445783135,17.5,18.3,89.4578313253012,88.0,92.0,968.2783132530121,968.2,968.5,True,21.58433734939759,20.7,22.2,311.5542168674699,1.8493975903614457,2.9,VER,41137.57142857143,31215.0,64251.5,46009.0,39952.2,29412.0,106755.0,961325.5,2.0,,,,2.0,,,,,,,4.0,,,,,,,217.33333333333334,,,,,,,218.0,,,,,,,107021.66666666667,,,,,,,106755.0,,,,1,0,0,1
2022,14,17.890361445783135,17.5,18.3,89.4578313253012,88.0,92.0,968.2783132530121,968.2,968.5,True,21.58433734939759,20.7,22.2,311.5542168674699,1.8493975903614457,2.9,VET,34176.857142857145,31257.0,58318.36363636364,48261.0,38933.27272727273,29975.0,109813.0,526305.0,3.0,,,2.0,,,,,,,3.5,,,,,,,213.5,,,,,,,222.0,,,,,,,127187.5,,,,,,,109813.0,,,,,1,0,0,1
2022,14,17.890361445783135,17.5,18.3,89.4578313253012,88.0,92.0,968.2783132530121,968.2,968.5,True,21.58433734939759,20.7,22.2,311.5542168674699,1.8493975903614457,2.9,ZHO,37668.5,31922.0,56240.933333333334,46574.0,36932.0,30141.0,108672.0,510261.3333333333,3.0,1.0,,,2.0,,,,4.5,,,2.0,,,,214.16666666666666,,,204.0,,,,216.0,,,204.0,,,,118675.0,,,108672.0,,,,111138.0,,,108672.0,,,,1,0,0,1
2022,15,22.703658536585365,21.5,23.8,44.670731707317074,42.0,48.0,1014.1621951219513,1013.7,1014.5,False,30.77560975609756,28.4,33.9,169.67073170731706,1.3634146341463413,3.2,ALB,32682.53846153846,25514.0,31394.821428571428,25895.0,27235.964285714286,22644.0,74063.0,246526.75,4.0,4.0,,,5.0,,,,8.454545454545455,,,7.1,,,,280.27272727272725,,,277.6,,,,306.0,,,313.0,,,,79968.27272727272,,,98087.1,,,,77050.0,,,74063.0,,,,1,0,1,2
2022,15,22.703658536585365,21.5,23.8,44.670731707317074,42.0,48.0,1014.1621951219513,1013.7,1014.5,False,30.77560975609756,28.4,33.9,169.67073170731706,1.3634146341463413,3.2,ALO,28849.25,25522.0,29129.451612903227,25407.0,27104.032258064515,22591.0,73633.0,409027.0,3.0,,,3.0,4.0,,,,,,8.666666666666666,8.083333333333334,,,,,,289.8333333333333,273.25,,,,,,307.0,309.0,,,,,,78912.25,88021.75,,,,,,75328.0,73633.0,,,,1,0,1,2
2022,15,22.703658536585365,21.5,23.8,44.670731707317074,42.0,48.0,1014.1621951219513,1013.7,1014.5,False,30.77560975609756,28.4,33.9,169.67073170731706,1.3634146341463413,3.2,BOT,30178.944444444445,25896.0,30062.136363636364,25968.0,27191.045454545456,22831.0,74695.0,623296.3333333334,3.0,2.0,,,4.0,,,,5.5,,,7.3,,,,299.0,,,272.2,,,,301.0,,,301.0,,,,77014.0,,,88142.6,,,,76252.0,,,74695.0,,,,1,0,1,2
2022,15,22.703658536585365,21.5,23.8,44.670731707317074,42.0,48.0,1014.1621951219513,1013.7,1014.5,False,30.77560975609756,28.4,33.9,169.67073170731706,1.3634146341463413,3.2,GAS,29932.291666666668,25807.0,31280.666666666668,25726.0,27557.40740740741,22938.0,74474.0,418705.0,3.0,1.0,,,4.0,,,,4.0,,,10.529411764705882,,,,282.8,,,285.1764705882353,,,,305.0,,,306.0,,,,83765.0,,,89225.82352941176,,,,76410.0,,,74474.0,,,,1,0,1,2
2022,15,22.703658536585365,21.5,23.8,44.670731707317074,42.0,48.0,1014.1621951219513,1013.7,1014.5,False,30.77560975609756,28.4,33.9,169.67073170731706,1.3634146341463413,3.2,HAM,31767.0,25177.0,31565.714285714286,25218.0,27953.40740740741,22300.0,72695.0,446268.0,3.0,3.0,,,4.0,,,,9.5,,,6.0,,,,278.0833333333333,,,269.22222222222223,,,,302.0,,,307.0,,,,80429.66666666667,,,97744.0,,,,75222.0,,,72695.0,,,,1,0,1,2
2022,15,22.703658536585365,21.5,23.8,44.670731707317074,42.0,48.0,1014.1621951219513,1013.7,1014.5,False,30.77560975609756,28.4,33.9,169.67073170731706,1.3634146341463413,3.2,LAT,30412.866666666665,25783.0,30126.46875,26348.0,27014.90625,22931.0,75122.0,319345.6666666667,3.0,4.0,,,3.0,,,,10.647058823529411,,,6.666666666666667,,,,282.0,,,298.3333333333333,,,,309.0,,,308.0,,,,86964.94117647059,,,86155.88888888889,,,,77483.0,,,75122.0,,,,1,0,1,2
2022,15,22.703658536585365,21.5,23.8,44.670731707317074,42.0,48.0,1014.1621951219513,1013.7,1014.5,False,30.77560975609756,28.4,33.9,169.67073170731706,1.3634146341463413,3.2,LEC,30475.76923076923,25582.0,29345.8,25140.0,27776.137931034482,22346.0,73127.0,311812.9999999999,4.0,2.0,,,5.0,,,,6.666666666666667,,,9.0,,,,294.1111111111111,,,278.9166666666667,,,,311.0,,,304.0,,,,78205.33333333333,,,89311.75,,,,75334.0,,,73127.0,,,,1,0,1,2
2022,15,22.703658536585365,21.5,23.8,44.670731707317074,42.0,48.0,1014.1621951219513,1013.7,1014.5,False,30.77560975609756,28.4,33.9,169.67073170731706,1.3634146341463413,3.2,MAG,30667.75,25780.0,29831.6,26010.0,26307.1,22600.0,74405.0,376434.3333333333,3.0,1.0,,,4.0,,,,4.5,,,12.5,,,,298.6666666666667,,,276.5,,,,309.0,,,308.0,,,,80210.66666666667,,,83670.44444444444,,,,76792.0,,,74405.0,,,,1,0,1,2
2022,15,22.703658536585365,21.5,23.8,44.670731707317074,42.0,48.0,1014.1621951219513,1013.7,1014.5,False,30.77560975609756,28.4,33.9,169.67073170731706,1.3634146341463413,3.2,MSC,28087.04,25740.0,29757.896551724138,25738.0,27348.793103448275,22675.0,74163.0,397986.6666666667,3.0,1.0,,,4.0,,,,4.0,,,12.625,,,,302.8,,,275.375,,,,306.0,,,307.0,,,,77739.0,,,83790.25,,,,76324.0,,,74163.0,,,,1,0,1,2
2022,15,22.703658536585365,21.5,23.8,44.670731707317074,42.0,48.0,1014.1621951219513,1013.7,1014.5,False,30.77560975609756,28.4,33.9,169.67073170731706,1.3634146341463413,3.2,NOR,29891.620689655174,25102.0,29706.8125,25264.0,26076.90625,22563.0,72929.0,358623.6666666667,3.0,3.0,,,4.0,,,,7.5,,,9.733333333333333,,,,295.0,,,282.2,,,,306.0,,,308.0,,,,82756.3,,,84122.6,,,,75293.0,,,72929.0,,,,1,0,1,2
2022,15,22.703658536585365,21.5,23.8,44.670731707317074,42.0,48.0,1014.1621951219513,1013.7,1014.5,False,30.77560975609756,28.4,33.9,169.67073170731706,1.3634146341463413,3.2,OCO,30555.7,25827.0,29111.545454545456,25509.0,26806.625,22581.0,73963.0,253040.0,4.0,1.0,,,5.0,,,,4.5,,,13.842105263157896,,,,302.8333333333333,,,282.1578947368421,,,,307.0,,,306.0,,,,80869.83333333333,,,85491.42105263157,,,,76723.0,,,73963.0,,,,1,0,1,2
2022,15,22.703658536585365,21.5,23.8,44.670731707317074,42.0,48.0,1014.1621951219513,1013.7,1014.5,False,30.77560975609756,28.4,33.9,169.67073170731706,1.3634146341463413,3.2,PER,30671.69230769231,25266.0,31933.758620689656,25424.0,28166.793103448275,22644.0,73416.0,360372.0,3.0,1.0,,,4.0,,,,4.5,,,11.375,,,,298.8333333333333,,,293.0,,,,312.0,,,314.0,,,,88348.66666666667,,,87669.6875,,,,75742.0,,,73416.0,,,,1,0,1,2
2022,15,22.703658536585365,21.5,23.8,44.670731707317074,42.0,48.0,1014.1621951219513,1013.7,1014.5,False,30.77560975609756,28.4,33.9,169.67073170731706,1.3634146341463413,3.2,RIC,28752.10714285714,25278.0,28934.09677419355,25320.0,27468.451612903227,22244.0,73077.0,412852.6666666667,3.0,4.0,,,3.0,,,,8.615384615384615,,,8.636363636363637,,,,273.46153846153845,,,289.54545454545456,,,,306.0,,,307.0,,,,86243.76923076923,,,79084.81818181818,,,,75263.0,,,73077.0,,,,1,0,1,2
2022,15,22.703658536585365,21.5,23.8,44.670731707317074,42.0,48.0,1014.1621951219513,1013.7,1014.5,False,30.77560975609756,28.4,33.9,169.67073170731706,1.3634146341463413,3.2,RUS,29025.6,24918.0,28423.96551724138,25348.0,26858.310344827587,22102.0,72455.0,347514.25,4.0,2.0,,,5.0,,,,8.666666666666666,,,7.0,,,,294.8333333333333,,,274.375,,,,316.0,,,310.0,,,,78128.33333333333,,,87790.375,,,,75457.0,,,72455.0,,,,1,0,1,2
2022,15,22.703658536585365,21.5,23.8,44.670731707317074,42.0,48.0,1014.1621951219513,1013.7,1014.5,False,30.77560975609756,28.4,33.9,169.67073170731706,1.3634146341463413,3.2,SAI,31005.576923076922,25330.0,29548.724137931036,25049.0,27866.379310344826,22421.0,72845.0,239117.8,5.0,6.0,,,5.0,,,,6.25,,,10.0,,,,264.5,,,287.46153846153845,,,,291.0,,,309.0,,,,88762.5,,,86641.53846153847,,,,76071.0,,,72845.0,,,,1,0,1,2
2022,15,22.703658536585365,21.5,23.8,44.670731707317074,42.0,48.0,1014.1621951219513,1013.7,1014.5,False,30.77560975609756,28.4,33.9,169.67073170731706,1.3634146341463413,3.2,STR,30444.115384615383,25793.0,28699.9,25647.0,25802.758620689656,22778.0,74257.0,330987.5,4.0,3.0,,5.0,,,,,6.625,,9.538461538461538,,,,,300.75,,271.3076923076923,,,,,305.0,,303.0,,,,,77556.75,,82313.76923076923,,,,,75469.0,,74257.0,,,,,1,0,1,2
2022,15,22.703658536585365,21.5,23.8,44.670731707317074,42.0,48.0,1014.1621951219513,1013.7,1014.5,False,30.77560975609756,28.4,33.9,169.67073170731706,1.3634146341463413,3.2,TSU,29436.88888888889,25942.0,30173.066666666666,25831.0,26112.933333333334,22827.0,74630.0,525989.0,2.0,1.0,,,3.0,,,,4.5,,,12.157894736842104,,,,295.6666666666667,,,283.7894736842105,,,,306.0,,,309.0,,,,84441.5,,,84061.94736842105,,,,76845.0,,,74630.0,,,,1,0,1,2
2022,15,22.703658536585365,21.5,23.8,44.670731707317074,42.0,48.0,1014.1621951219513,1013.7,1014.5,False,30.77560975609756,28.4,33.9,169.67073170731706,1.3634146341463413,3.2,VER,28039.2,26115.0,29479.0,25657.0,26792.0,22942.0,74714.0,,,1.0,,,,,,,4.0,,,,,,,310.6,,,,,,,312.0,,,,,,,83343.2,,,,,,,74714.0,,,,,,,1,0,1,2
2022,15,22.703658536585365,21.5,23.8,44.670731707317074,42.0,48.0,1014.1621951219513,1013.7,1014.5,False,30.77560975609756,28.4,33.9,169.67073170731706,1.3634146341463413,3.2,VET,29494.48,25593.0,29509.75,26046.0,27333.89285714286,22861.0,74500.0,484132.0,3.0,3.0,,4.0,,,,,9.818181818181818,,6.5,,,,,301.0,,258.4,,,,,307.0,,304.0,,,,,80341.54545454546,,91865.6,,,,,75750.0,,74500.0,,,,,1,0,1,2
2022,15,22.703658536585365,21.5,23.8,44.670731707317074,42.0,48.0,1014.1621951219513,1013.7,1014.5,False,30.77560975609756,28.4,33.9,169.67073170731706,1.3634146341463413,3.2,ZHO,29424.923076923078,25944.0,30508.0,25801.0,30544.555555555555,22781.0,74534.0,557218.5,4.0,5.0,,,4.0,,,,8.142857142857142,,,3.0,,,,255.57142857142858,,,297.0,,,,298.0,,,300.0,,,,87918.28571428571,,,83693.0,,,,76686.0,,,74534.0,,,,1,0,1,2
2022,16,26.023456790123458,25.2,26.7,47.20987654320987,43.0,52.0,990.2703703703703,990.0,990.5,False,36.522222222222226,33.6,39.2,190.44444444444446,0.980246913580247,2.4,ALB,32746.809523809523,27319.0,32928.625,28220.0,32617.625,27990.0,83529.0,682042.0,2.0,,,3.0,2.0,,,,,,9.642857142857142,3.5,,,,,,285.2857142857143,302.75,,,,,,306.0,307.0,,,,,,94993.64285714286,103112.5,,,,,,84323.0,83529.0,,,,0,0,0,0
2022,16,26.023456790123458,25.2,26.7,47.20987654320987,43.0,52.0,990.2703703703703,990.0,990.5,False,36.522222222222226,33.6,39.2,190.44444444444446,0.980246913580247,2.4,ALO,32299.652173913044,27528.0,32196.0,27900.0,32356.076923076922,27671.0,83099.0,642594.5,2.0,1.0,,,3.0,,,,5.5,,,9.0,,,,300.875,,,280.3333333333333,,,,304.0,,,304.0,,,,95297.25,,,92198.16666666667,,,,84026.0,,,83099.0,,,,0,0,0,0
2022,16,26.023456790123458,25.2,26.7,47.20987654320987,43.0,52.0,990.2703703703703,990.0,990.5,False,36.522222222222226,33.6,39.2,190.44444444444446,0.980246913580247,2.4,BOT,32354.291666666668,27546.0,31517.962962962964,27977.0,33161.555555555555,27834.0,83394.0,404173.3333333333,3.0,,,4.0,3.0,,,,,,10.8,4.0,,,,,,282.53333333333336,301.2,,,,,,300.0,304.0,,,,,,90440.4,99135.8,,,,,,85156.0,83394.0,,,,0,0,0,0
2022,16,26.023456790123458,25.2,26.7,47.20987654320987,43.0,52.0,990.2703703703703,990.0,990.5,False,36.522222222222226,33.6,39.2,190.44444444444446,0.980246913580247,2.4,DEV,37821.26315789474,27763.0,34852.0,28382.0,35424.77272727273,28313.0,84731.0,301415.0,5.0,4.0,,,6.0,,,,9.0,,,6.125,,,,297.6666666666667,,,295.375,,,,298.0,,,299.0,,,,92247.66666666667,,,98160.0,,,,86859.0,,,84731.0,,,,0,0,0,0
2022,16,26.023456790123458,25.2,26.7,47.20987654320987,43.0,52.0,990.2703703703703,990.0,990.5,False,36.522222222222226,33.6,39.2,190.44444444444446,0.980246913580247,2.4,GAS,33323.565217391304,27436.0,32997.148148148146,28129.0,32726.14814814815,27847.0,83640.0,264528.5000000001,4.0,2.0,,,5.0,,,,7.0,,,7.9,,,,302.0,,,286.0,,,,305.0,,,303.0,,,,93048.75,,,97881.1,,,,84317.0,,,83640.0,,,,0,0,0,0
2022,16,26.023456790123458,25.2,26.7,47.20987654320987,43.0,52.0,990.2703703703703,990.0,990.5,False,36.522222222222226,33.6,39.2,190.44444444444446,0.980246913580247,2.4,GIO,32198.863636363636,27862.0,32443.96,28292.0,32319.88,28141.0,84317.0,681792.5,2.0,,,,3.0,,,,,,,7.7368421052631575,,,,,,,283.10526315789474,,,,,,,301.0,,,,,,,93729.42105263157,,,,,,,84317.0,,,,0,0,0,0
2022,16,26.023456790123458,25.2,26.7,47.20987654320987,43.0,52.0,990.2703703703703,990.0,990.5,False,36.522222222222226,33.6,39.2,190.44444444444446,0.980246913580247,2.4,HAM,34356.9,27415.0,34218.708333333336,27860.0,33221.0,27556.0,82831.0,355699.75,4.0,1.0,,,5.0,,,,6.0,,,7.833333333333333,,,,299.3333333333333,,,260.3333333333333,,,,305.0,,,304.0,,,,90990.0,,,98289.33333333333,,,,85676.0,,,82831.0,,,,0,0,0,0
2022,16,26.023456790123458,25.2,26.7,47.20987654320987,43.0,52.0,990.2703703703703,990.0,990.5,False,36.522222222222226,33.6,39.2,190.44444444444446,0.980246913580247,2.4,LAT,33094.95238095238,27706.0,33230.541666666664,28708.0,32748.541666666668,28436.0,84941.0,599294.5,2.0,3.0,,,2.0,,,,9.23076923076923,,,4.0,,,,284.0769230769231,,,301.8,,,,303.0,,,304.0,,,,93257.23076923077,,,99267.0,,,,85734.0,,,84941.0,,,,0,0,0,0
2022,16,26.023456790123458,25.2,26.7,47.20987654320987,43.0,52.0,990.2703703703703,990.0,990.5,False,36.522222222222226,33.6,39.2,190.44444444444446,0.980246913580247,2.4,LEC,32967.80952380953,27540.0,34118.04,27413.0,34031.32,27326.0,82410.0,446681.6666666667,3.0,1.0,,,4.0,,,,5.0,,,9.0,,,,299.57142857142856,,,273.77777777777777,,,,306.0,,,305.0,,,,88185.28571428571,,,97224.66666666667,,,,85036.0,,,82410.0,,,,0,0,0,0
2022,16,26.023456790123458,25.2,26.7,47.20987654320987,43.0,52.0,990.2703703703703,990.0,990.5,False,36.522222222222226,33.6,39.2,190.44444444444446,0.980246913580247,2.4,MAG,34150.42857142857,27813.0,32781.333333333336,28244.0,33397.791666666664,27845.0,84006.0,491648.0,3.0,,,,4.0,,,,,,,7.411764705882353,,,,,,,281.29411764705884,,,,,,,300.0,,,,,,,94117.17647058824,,,,,,,84006.0,,,,0,0,0,0
2022,16,26.023456790123458,25.2,26.7,47.20987654320987,43.0,52.0,990.2703703703703,990.0,990.5,False,36.522222222222226,33.6,39.2,190.44444444444446,0.980246913580247,2.4,NOR,34199.8,27621.0,32547.14814814815,28362.0,32085.185185185186,27873.0,83856.0,413181.6666666667,3.0,3.0,,,4.0,,,,6.0,,,8.0,,,,295.6666666666667,,,288.93333333333334,,,,301.0,,,308.0,,,,94677.5,,,92451.4,,,,85907.0,,,83856.0,,,,0,0,0,0
2022,16,26.023456790123458,25.2,26.7,47.20987654320987,43.0,52.0,990.2703703703703,990.0,990.5,False,36.522222222222226,33.6,39.2,190.44444444444446,0.980246913580247,2.4,OCO,32517.96,27466.0,31996.5,27931.0,31746.571428571428,27676.0,83075.0,574424.0,2.0,,,1.0,3.0,,,,,,6.0,9.538461538461538,,,,,,301.22222222222223,278.6923076923077,,,,,,304.0,305.0,,,,,,95510.22222222222,91746.53846153847,,,,,,84196.0,83075.0,,,,0,0,0,0
2022,16,26.023456790123458,25.2,26.7,47.20987654320987,43.0,52.0,990.2703703703703,990.0,990.5,False,36.522222222222226,33.6,39.2,190.44444444444446,0.980246913580247,2.4,PER,35952.61111111111,27654.0,34802.666666666664,28158.0,34059.380952380954,27793.0,83661.0,575435.6666666666,3.0,4.0,,,3.0,,,,7.8,,,3.5,,,,280.1,,,295.5,,,,306.0,,,307.0,,,,101716.5,,,102668.25,,,,84694.0,,,83661.0,,,,0,0,0,0
2022,16,26.023456790123458,25.2,26.7,47.20987654320987,43.0,52.0,990.2703703703703,990.0,990.5,False,36.522222222222226,33.6,39.2,190.44444444444446,0.980246913580247,2.4,RIC,34668.47826086957,27419.0,32452.46153846154,28302.0,32328.69230769231,27750.0,83511.0,330683.75,4.0,,,4.0,5.0,,,,,,8.75,5.0,,,,,,295.25,262.3333333333333,,,,,,306.0,303.0,,,,,,96072.16666666667,100257.16666666667,,,,,,85356.0,83511.0,,,,0,0,0,0
2022,16,26.023456790123458,25.2,26.7,47.20987654320987,43.0,52.0,990.2703703703703,990.0,990.5,False,36.522222222222226,33.6,39.2,190.44444444444446,0.980246913580247,2.4,RUS,33202.708333333336,27493.0,31949.925925925927,27809.0,31270.444444444445,27387.0,82689.0,370810.6666666667,3.0,1.0,,,4.0,,,,6.5,,,8.8,,,,301.1,,,283.2,,,,302.0,,,306.0,,,,86157.8,,,93481.2,,,,84775.0,,,82689.0,,,,0,0,0,0
2022,16,26.023456790123458,25.2,26.7,47.20987654320987,43.0,52.0,990.2703703703703,990.0,990.5,False,36.522222222222226,33.6,39.2,190.44444444444446,0.980246913580247,2.4,SAI,31585.36842105263,27433.0,32648.91304347826,27697.0,32255.217391304348,27357.0,82487.0,534878.6666666666,3.0,2.0,,,4.0,,,,5.857142857142857,,,6.75,,,,299.14285714285717,,,271.625,,,,301.0,,,307.0,,,,86092.57142857143,,,100181.5,,,,84933.0,,,82487.0,,,,0,0,0,0
2022,16,26.023456790123458,25.2,26.7,47.20987654320987,43.0,52.0,990.2703703703703,990.0,990.5,False,36.522222222222226,33.6,39.2,190.44444444444446,0.980246913580247,2.4,STR,34189.52,27477.0,34857.0,28219.0,32848.392857142855,27953.0,83688.0,508658.5,2.0,3.0,,,2.0,,,,9.933333333333334,,,5.0,,,,285.93333333333334,,,299.2857142857143,,,,305.0,,,307.0,,,,95605.06666666667,,,111548.28571428571,,,,85198.0,,,83688.0,,,,0,0,0,0
2022,16,26.023456790123458,25.2,26.7,47.20987654320987,43.0,52.0,990.2703703703703,990.0,990.5,False,36.522222222222226,33.6,39.2,190.44444444444446,0.980246913580247,2.4,TSU,35120.454545454544,27576.0,33329.653846153844,27849.0,34202.269230769234,27759.0,83260.0,253271.2,5.0,,,,6.0,,,,,,,7.375,,,,,,,284.625,,,,,,,306.0,,,,,,,96570.125,,,,,,,83260.0,,,,0,0,0,0
2022,16,26.023456790123458,25.2,26.7,47.20987654320987,43.0,52.0,990.2703703703703,990.0,990.5,False,36.522222222222226,33.6,39.2,190.44444444444446,0.980246913580247,2.4,VER,32124.583333333332,27302.0,31986.0,27472.0,31161.74074074074,27430.0,82840.0,635499.5,2.0,1.0,,,3.0,,,,5.5,,,9.846153846153847,,,,302.125,,,279.53846153846155,,,,304.0,,,312.0,,,,98368.0,,,90073.15384615384,,,,82853.0,,,82840.0,,,,0,0,0,0
2022,16,26.023456790123458,25.2,26.7,47.20987654320987,43.0,52.0,990.2703703703703,990.0,990.5,False,36.522222222222226,33.6,39.2,190.44444444444446,0.980246913580247,2.4,ZHO,33357.16,27550.0,33335.53571428572,28024.0,32936.42857142857,27837.0,83570.0,371171.6666666667,3.0,1.0,,,4.0,,,,5.0,,,9.642857142857142,,,,300.14285714285717,,,281.64285714285717,,,,302.0,,,306.0,,,,93262.71428571429,,,96638.85714285714,,,,85980.0,,,83570.0,,,,0,0,0,0
2022,17,29.64096385542169,29.4,29.8,72.02409638554217,69.0,76.0,1006.2349397590361,1005.9,1006.7,False,36.60361445783133,34.9,38.0,186.0120481927711,0.7855421686746988,1.6,ALB,32923.4375,28525.0,47716.75,41168.0,45635.10526315789,36426.0,106119.0,364715.3333333333,3.0,,,1.0,4.0,,,,,,4.0,6.714285714285714,,,,,,241.2,211.28571428571428,,,,,,249.0,247.0,,,,,,125692.0,120356.28571428571,,,,,,108553.0,106119.0,,,,1,0,0,7
2022,17,29.64096385542169,29.4,29.8,72.02409638554217,69.0,76.0,1006.2349397590361,1005.9,1006.7,False,36.60361445783133,34.9,38.0,186.0120481927711,0.7855421686746988,1.6,ALO,31309.6,28573.0,45661.09090909091,40821.0,42915.27272727273,35932.0,105336.0,,,,,1.0,,,,,,,6.0,,,,,,,247.88888888888889,,,,,,,251.0,,,,,,,117383.11111111111,,,,,,,105336.0,,,,,1,0,0,7
2022,17,29.64096385542169,29.4,29.8,72.02409638554217,69.0,76.0,1006.2349397590361,1005.9,1006.7,False,36.60361445783133,34.9,38.0,186.0120481927711,0.7855421686746988,1.6,BOT,34941.28571428572,28599.0,45151.13043478261,40982.0,41499.739130434784,36019.0,105725.0,264914.5,4.0,4.0,,5.0,,,,,7.7,,5.2,,,,,240.3,,244.2,,,,,245.0,,247.0,,,,,111415.7,,122317.2,,,,,108212.0,,105725.0,,,,,1,0,0,7
2022,17,29.64096385542169,29.4,29.8,72.02409638554217,69.0,76.0,1006.2349397590361,1005.9,1006.7,False,36.60361445783133,34.9,38.0,186.0120481927711,0.7855421686746988,1.6,GAS,33545.47619047619,28571.0,48335.083333333336,40699.0,43169.25,35988.0,105258.0,472226.0,2.0,2.0,,,3.0,,,,7.4,,,5.333333333333333,,,,245.2,,,213.66666666666666,,,,248.0,,,251.0,,,,117371.6,,,119300.83333333333,,,,106823.0,,,105258.0,,,,1,0,0,7
2022,17,29.64096385542169,29.4,29.8,72.02409638554217,69.0,76.0,1006.2349397590361,1005.9,1006.7,False,36.60361445783133,34.9,38.0,186.0120481927711,0.7855421686746988,1.6,HAM,34684.58823529412,28012.0,48063.05263157895,39766.0,43484.63157894737,35255.0,103033.0,631431.5,2.0,1.0,,,3.0,,,,5.5,,,6.0,,,,245.0,,,204.4,,,,248.0,,,253.0,,,,113477.875,,,126324.4,,,,106631.0,,,103033.0,,,,1,0,0,7
2022,17,29.64096385542169,29.4,29.8,72.02409638554217,69.0,76.0,1006.2349397590361,1005.9,1006.7,False,36.60361445783133,34.9,38.0,186.0120481927711,0.7855421686746988,1.6,LAT,35553.57142857143,28728.0,49078.23529411765,41501.0,45247.64705882353,36601.0,107092.0,535765.6666666666,3.0,,,4.0,3.0,,,,,,5.5,4.0,,,,,,212.66666666666666,246.5,,,,,,249.0,248.0,,,,,,123187.33333333333,107165.0,,,,,,109300.0,107092.0,,,,1,0,0,7
2022,17,29.64096385542169,29.4,29.8,72.02409638554217,69.0,76.0,1006.2349397590361,1005.9,1006.7,False,36.60361445783133,34.9,38.0,186.0120481927711,0.7855421686746988,1.6,LEC,35247.42857142857,28212.0,49050.41176470588,39748.0,44066.117647058825,35248.0,103435.0,841861.0,2.0,2.0,,,3.0,,,,5.6,,,4.0,,,,246.2,,,242.33333333333334,,,,249.0,,,252.0,,,,110881.6,,,104237.0,,,,106328.0,,,103435.0,,,,1,0,0,7
2022,17,29.64096385542169,29.4,29.8,72.02409638554217,69.0,76.0,1006.2349397590361,1005.9,1006.7,False,36.60361445783133,34.9,38.0,186.0120481927711,0.7855421686746988,1.6,MAG,31766.473684210527,28623.0,46083.72727272727,41123.0,41600.619047619046,36282.0,106028.0,653609.5,2.0,1.0,,,3.0,,,,5.0,,,7.25,,,,241.42857142857142,,,219.375,,,,246.0,,,247.0,,,,112629.0,,,113775.25,,,,109537.0,,,106028.0,,,,1,0,0,7
2022,17,29.64096385542169,29.4,29.8,72.02409638554217,69.0,76.0,1006.2349397590361,1005.9,1006.7,False,36.60361445783133,34.9,38.0,186.0120481927711,0.7855421686746988,1.6,MSC,33766.36842105263,28731.0,47569.13636363636,41324.0,43229.77272727273,36112.0,106601.0,497018.0,2.0,,,3.0,2.0,,,,,,8.923076923076923,3.6666666666666665,,,,,,224.23076923076923,243.0,,,,,,246.0,245.0,,,,,,118183.61538461539,119031.66666666667,,,,,,108753.0,106601.0,,,,1,0,0,7
2022,17,29.64096385542169,29.4,29.8,72.02409638554217,69.0,76.0,1006.2349397590361,1005.9,1006.7,False,36.60361445783133,34.9,38.0,186.0120481927711,0.7855421686746988,1.6,NOR,35302.47368421053,28501.0,47193.36363636364,40575.0,42910.666666666664,36071.0,106680.0,383691.3333333333,3.0,,,4.0,2.0,,,,,,9.0,2.5,,,,,,224.54545454545453,219.0,,,,,,247.0,247.0,,,,,,115440.90909090909,119755.0,,,,,,106861.0,106680.0,,,,1,0,0,7
2022,17,29.64096385542169,29.4,29.8,72.02409638554217,69.0,76.0,1006.2349397590361,1005.9,1006.7,False,36.60361445783133,34.9,38.0,186.0120481927711,0.7855421686746988,1.6,OCO,34130.52380952381,28587.0,46250.608695652176,40490.0,42240.739130434784,35659.0,104736.0,486232.5,2.0,,,1.0,3.0,,,,,,6.5,6.375,,,,,,246.4,213.375,,,,,,250.0,251.0,,,,,,121881.2,116111.875,,,,,,106178.0,104736.0,,,,1,0,0,7
2022,17,29.64096385542169,29.4,29.8,72.02409638554217,69.0,76.0,1006.2349397590361,1005.9,1006.7,False,36.60361445783133,34.9,38.0,186.0120481927711,0.7855421686746988,1.6,PER,34093.333333333336,28129.0,48790.28571428572,40178.0,43932.78571428572,35532.0,103839.0,526968.5,2.0,,,1.0,2.0,,,,,,5.6,2.0,,,,,,246.6,251.0,,,,,,251.0,251.0,,,,,,114182.8,103839.0,,,,,,105349.0,103839.0,,,,1,0,0,7
2022,17,29.64096385542169,29.4,29.8,72.02409638554217,69.0,76.0,1006.2349397590361,1005.9,1006.7,False,36.60361445783133,34.9,38.0,186.0120481927711,0.7855421686746988,1.6,RIC,33504.055555555555,28766.0,47819.19047619047,40841.0,42437.15,36117.0,105724.0,607508.0,2.0,,,3.0,2.0,,,,,,9.416666666666666,2.5,,,,,,226.66666666666666,243.5,,,,,,250.0,245.0,,,,,,117974.33333333333,122984.5,,,,,,107634.0,105724.0,,,,1,0,0,7
2022,17,29.64096385542169,29.4,29.8,72.02409638554217,69.0,76.0,1006.2349397590361,1005.9,1006.7,False,36.60361445783133,34.9,38.0,186.0120481927711,0.7855421686746988,1.6,RUS,32382.166666666668,28180.0,46595.19047619047,40190.0,41529.142857142855,35696.0,104066.0,556411.5,2.0,2.0,,,3.0,,,,7.555555555555555,,,4.5,,,,245.66666666666666,,,218.66666666666666,,,,248.0,,,253.0,,,,114263.11111111111,,,117128.83333333333,,,,105970.0,,,104066.0,,,,1,0,0,7
2022,17,29.64096385542169,29.4,29.8,72.02409638554217,69.0,76.0,1006.2349397590361,1005.9,1006.7,False,36.60361445783133,34.9,38.0,186.0120481927711,0.7855421686746988,1.6,SAI,34986.19047619047,28130.0,48808.69565217391,40113.0,44449.434782608696,35383.0,104138.0,403897.0,2.0,1.0,,,3.0,,,,5.625,,,7.333333333333333,,,,246.875,,,241.0,,,,252.0,,,255.0,,,,117949.25,,,110363.0,,,,105626.0,,,104138.0,,,,1,0,0,7
2022,17,29.64096385542169,29.4,29.8,72.02409638554217,69.0,76.0,1006.2349397590361,1005.9,1006.7,False,36.60361445783133,34.9,38.0,186.0120481927711,0.7855421686746988,1.6,STR,38824.1,28549.0,48455.09090909091,40858.0,42558.454545454544,35814.0,105221.0,662201.0,1.0,1.0,,2.0,,,,,4.2,,2.0,,,,,247.0,,241.0,,,,,248.0,,241.0,,,,,115169.8,,105221.0,,,,,106754.0,,105221.0,,,,,1,0,0,7
2022,17,29.64096385542169,29.4,29.8,72.02409638554217,69.0,76.0,1006.2349397590361,1005.9,1006.7,False,36.60361445783133,34.9,38.0,186.0120481927711,0.7855421686746988,1.6,TSU,33458.391304347824,28687.0,47605.769230769234,41235.0,42145.68,36159.0,106081.0,369406.0,2.0,1.0,,,3.0,,,,6.0,,,7.818181818181818,,,,245.66666666666666,,,231.0909090909091,,,,250.0,,,250.0,,,,122243.55555555556,,,116546.81818181818,,,,107473.0,,,106081.0,,,,1,0,0,7
2022,17,29.64096385542169,29.4,29.8,72.02409638554217,69.0,76.0,1006.2349397590361,1005.9,1006.7,False,36.60361445783133,34.9,38.0,186.0120481927711,0.7855421686746988,1.6,VER,34006.125,27960.0,46333.15789473684,39874.0,41537.84210526316,35283.0,103117.0,637613.0,2.0,,,3.0,2.0,,,,,,10.1,2.0,,,,,,243.8,246.0,,,,,,253.0,246.0,,,,,,109141.9,103117.0,,,,,,104236.0,103117.0,,,,1,0,0,7
2022,17,29.64096385542169,29.4,29.8,72.02409638554217,69.0,76.0,1006.2349397590361,1005.9,1006.7,False,36.60361445783133,34.9,38.0,186.0120481927711,0.7855421686746988,1.6,VET,32087.736842105263,28521.0,45272.333333333336,40660.0,41216.19047619047,36027.0,105354.0,552411.5,2.0,1.0,,3.0,,,,,4.0,,7.545454545454546,,,,,245.4,,228.63636363636363,,,,,248.0,,247.0,,,,,112964.6,,116776.27272727272,,,,,107663.0,,105354.0,,,,,1,0,0,7
2022,17,29.64096385542169,29.4,29.8,72.02409638554217,69.0,76.0,1006.2349397590361,1005.9,1006.7,False,36.60361445783133,34.9,38.0,186.0120481927711,0.7855421686746988,1.6,ZHO,37022.63636363636,28798.0,47118.08,40942.0,43318.125,36098.0,106408.0,219020.0,4.0,,,5.0,,,,,,,6.466666666666667,,,,,,,241.53333333333333,,,,,,,246.0,,,,,,,118441.06666666667,,,,,,,106408.0,,,,,1,0,0,7
2022,18,15.79277108433735,15.6,16.1,93.75903614457832,93.0,95.0,1008.8084337349399,1008.4,1009.5,True,20.066265060240966,19.3,21.1,243.78313253012047,1.2204819277108434,2.5,ALB,43826.857142857145,37491.0,49829.555555555555,46692.0,24943.11111111111,20182.0,104791.0,467353.5,2.0,,3.0,,,,,,,3.0,,,,,,,249.8,,,,,,,251.0,,,,,,,118689.0,,,,,,,104791.0,,,,,,0,0,0,2
2022,18,15.79277108433735,15.6,16.1,93.75903614457832,93.0,95.0,1008.8084337349399,1008.4,1009.5,True,20.066265060240966,19.3,21.1,243.78313253012047,1.2204819277108434,2.5,ALO,49209.6,36165.0,50507.57142857143,45983.0,24485.428571428572,20100.0,102248.0,161245.0,2.0,,3.0,,,,,1.0,,2.0,,,,,2.0,,249.0,,,,,245.0,,249.0,,,,,245.0,,102248.0,,,,,108964.0,,102248.0,,,,,108964.0,0,0,0,2
2022,18,15.79277108433735,15.6,16.1,93.75903614457832,93.0,95.0,1008.8084337349399,1008.4,1009.5,True,20.066265060240966,19.3,21.1,243.78313253012047,1.2204819277108434,2.5,BOT,45203.3,37274.0,51035.153846153844,46225.0,24383.153846153848,20470.0,103969.0,661909.0,2.0,,2.0,,,,,3.0,,3.5,,,,,4.4,,202.25,,,,,185.4,,245.0,,,,,240.0,,113016.5,,,,,118465.6,,103969.0,,,,,109185.0,0,0,0,2
2022,18,15.79277108433735,15.6,16.1,93.75903614457832,93.0,95.0,1008.8084337349399,1008.4,1009.5,True,20.066265060240966,19.3,21.1,243.78313253012047,1.2204819277108434,2.5,GAS,44812.444444444445,37383.0,52689.416666666664,47063.0,24211.166666666668,20340.0,104878.0,533938.0,2.0,,2.0,,,,,3.0,,2.5,,,,,4.0,,249.5,,,,,213.75,,250.0,,,,,243.0,,107997.5,,,,,117356.0,,104878.0,,,,,109276.0,0,0,0,2
2022,18,15.79277108433735,15.6,16.1,93.75903614457832,93.0,95.0,1008.8084337349399,1008.4,1009.5,True,20.066265060240966,19.3,21.1,243.78313253012047,1.2204819277108434,2.5,HAM,50061.25,37249.0,50663.166666666664,47045.0,23918.0,20264.0,104558.0,613713.0,2.0,,3.0,,,,,,,2.5,,,,,,,244.5,,,,,,,245.0,,,,,,,106071.0,,,,,,,104558.0,,,,,,0,0,0,2
2022,18,15.79277108433735,15.6,16.1,93.75903614457832,93.0,95.0,1008.8084337349399,1008.4,1009.5,True,20.066265060240966,19.3,21.1,243.78313253012047,1.2204819277108434,2.5,LAT,46182.22222222222,37752.0,54666.545454545456,47089.0,24630.363636363636,20583.0,105424.0,411331.0,2.0,,3.0,,,,,2.0,,2.5,,,,,4.0,,245.75,,,,,241.33333333333334,,248.0,,,,,242.0,,122742.75,,,,,121072.33333333333,,105424.0,,,,,110414.0,0,0,0,2
2022,18,15.79277108433735,15.6,16.1,93.75903614457832,93.0,95.0,1008.8084337349399,1008.4,1009.5,True,20.066265060240966,19.3,21.1,243.78313253012047,1.2204819277108434,2.5,LEC,48061.61538461538,36454.0,51988.5,46320.0,24657.4375,19860.0,102634.0,297871.25,4.0,,3.0,,,,,5.0,,3.0,,,,,5.25,,245.0,,,,,194.5,,246.0,,,,,241.0,,109916.66666666667,,,,,115028.75,,102634.0,,,,,108104.0,0,0,0,2
2022,18,15.79277108433735,15.6,16.1,93.75903614457832,93.0,95.0,1008.8084337349399,1008.4,1009.5,True,20.066265060240966,19.3,21.1,243.78313253012047,1.2204819277108434,2.5,MAG,46104.818181818184,36724.0,52461.53333333333,46242.0,24555.866666666665,20288.0,103258.0,635519.0,3.0,,3.0,,,,,4.0,,2.0,,,,,6.8,,245.0,,,,,214.4,,245.0,,,,,243.0,,103258.0,,,,,114617.4,,103258.0,,,,,109098.0,0,0,0,2
2022,18,15.79277108433735,15.6,16.1,93.75903614457832,93.0,95.0,1008.8084337349399,1008.4,1009.5,True,20.066265060240966,19.3,21.1,243.78313253012047,1.2204819277108434,2.5,MSC,44943.0,36786.0,50434.916666666664,46217.0,23682.666666666668,19921.0,103761.0,561487.3333333334,3.0,,3.0,,,,,4.0,,2.5,,,,,4.25,,245.0,,,,,196.0,,246.0,,,,,235.0,,103942.5,,,,,114018.25,,103761.0,,,,,110343.0,0,0,0,2
2022,18,15.79277108433735,15.6,16.1,93.75903614457832,93.0,95.0,1008.8084337349399,1008.4,1009.5,True,20.066265060240966,19.3,21.1,243.78313253012047,1.2204819277108434,2.5,NOR,39139.8,36815.0,50157.0,46761.0,23829.0,20313.0,103889.0,630069.0,1.0,,2.0,,,,,1.0,,2.0,,,,,2.5,,246.0,,,,,239.5,,246.0,,,,,241.0,,103889.0,,,,,110316.0,,103889.0,,,,,109422.0,0,0,0,2
2022,18,15.79277108433735,15.6,16.1,93.75903614457832,93.0,95.0,1008.8084337349399,1008.4,1009.5,True,20.066265060240966,19.3,21.1,243.78313253012047,1.2204819277108434,2.5,OCO,50170.75,36698.0,49283.4,46227.0,23256.0,20097.0,103022.0,20964.0,1.0,,1.0,,,,,,,2.5,,,,,,,249.5,,,,,,,251.0,,,,,,,103644.5,,,,,,,103022.0,,,,,,0,0,0,2
2022,18,15.79277108433735,15.6,16.1,93.75903614457832,93.0,95.0,1008.8084337349399,1008.4,1009.5,True,20.066265060240966,19.3,21.1,243.78313253012047,1.2204819277108434,2.5,PER,39590.333333333336,37619.0,50136.25,46516.0,22584.75,20099.0,104234.0,,,,1.0,,,,,,,2.5,,,,,,,248.0,,,,,,,249.0,,,,,,,105241.0,,,,,,,104234.0,,,,,,0,0,0,2
2022,18,15.79277108433735,15.6,16.1,93.75903614457832,93.0,95.0,1008.8084337349399,1008.4,1009.5,True,20.066265060240966,19.3,21.1,243.78313253012047,1.2204819277108434,2.5,RIC,38950.5,36909.0,51090.125,46710.0,22633.125,20202.0,104486.0,596779.0,1.0,,2.0,,,,,1.0,,3.0,,,,,2.0,,245.66666666666666,,,,,246.0,,247.0,,,,,246.0,,110392.66666666667,,,,,108582.0,,104486.0,,,,,108582.0,0,0,0,2
2022,18,15.79277108433735,15.6,16.1,93.75903614457832,93.0,95.0,1008.8084337349399,1008.4,1009.5,True,20.066265060240966,19.3,21.1,243.78313253012047,1.2204819277108434,2.5,RUS,37652.0,37057.0,49262.25,47926.0,22589.25,20632.0,106103.0,,,,1.0,,,,,,,2.5,,,,,,,246.0,,,,,,,246.0,,,,,,,106625.5,,,,,,,106103.0,,,,,,0,0,0,2
2022,18,15.79277108433735,15.6,16.1,93.75903614457832,93.0,95.0,1008.8084337349399,1008.4,1009.5,True,20.066265060240966,19.3,21.1,243.78313253012047,1.2204819277108434,2.5,SAI,47673.666666666664,36366.0,50656.46666666667,46280.0,24346.933333333334,19831.0,102563.0,445764.0,3.0,,3.0,,,,,4.0,,2.5,,,,,5.0,,246.5,,,,,212.83333333333334,,247.0,,,,,243.0,,112378.0,,,,,115115.66666666667,,102563.0,,,,,107758.0,0,0,0,2
2022,18,15.79277108433735,15.6,16.1,93.75903614457832,93.0,95.0,1008.8084337349399,1008.4,1009.5,True,20.066265060240966,19.3,21.1,243.78313253012047,1.2204819277108434,2.5,STR,48265.42857142857,37309.0,52223.7,46696.0,27361.7,20503.0,104570.0,1002103.5,2.0,,2.0,,,,,3.0,,3.0,,,,,4.0,,245.0,,,,,99.0,,246.0,,,,,99.0,,108321.33333333333,,,,,144356.0,,104570.0,,,,,144356.0,0,0,0,2
2022,18,15.79277108433735,15.6,16.1,93.75903614457832,93.0,95.0,1008.8084337349399,1008.4,1009.5,True,20.066265060240966,19.3,21.1,243.78313253012047,1.2204819277108434,2.5,TSU,45344.5,37971.0,52168.4375,47860.0,24257.75,20335.0,106192.0,569228.0,3.0,,3.0,,,,,4.0,,2.5,,,,,6.285714285714286,,246.5,,,,,217.28571428571428,,247.0,,,,,245.0,,106388.0,,,,,118037.57142857143,,106192.0,,,,,109314.0,0,0,0,2
2022,18,15.79277108433735,15.6,16.1,93.75903614457832,93.0,95.0,1008.8084337349399,1008.4,1009.5,True,20.066265060240966,19.3,21.1,243.78313253012047,1.2204819277108434,2.5,VER,38667.0,37078.0,48464.75,46213.0,21454.0,20071.0,103362.0,,,,1.0,,,,,,,2.5,,,,,,,250.0,,,,,,,251.0,,,,,,,103710.5,,,,,,,103362.0,,,,,,0,0,0,2
2022,18,15.79277108433735,15.6,16.1,93.75903614457832,93.0,95.0,1008.8084337349399,1008.4,1009.5,True,20.066265060240966,19.3,21.1,243.78313253012047,1.2204819277108434,2.5,VET,49981.6,39050.0,51168.875,47912.0,25838.375,21128.0,108090.0,1049467.0,2.0,,2.0,,,,,3.0,,2.0,,,,,4.0,,245.0,,,,,151.0,,245.0,,,,,151.0,,108090.0,,,,,118270.0,,108090.0,,,,,118270.0,0,0,0,2
2022,18,15.79277108433735,15.6,16.1,93.75903614457832,93.0,95.0,1008.8084337349399,1008.4,1009.5,True,20.066265060240966,19.3,21.1,243.78313253012047,1.2204819277108434,2.5,ZHO,43502.416666666664,37046.0,51013.8,47129.0,23847.4,20145.0,104429.0,522489.0,2.0,,2.0,,,,,3.0,,3.5,,,,,4.8,,244.5,,,,,210.0,,246.0,,,,,241.0,,108005.5,,,,,115432.0,,104429.0,,,,,110680.0,0,0,0,2
2022,19,29.078048780487805,28.3,29.9,30.890243902439025,28.0,34.0,995.3853658536586,994.5,996.4,False,39.21829268292683,38.0,40.0,143.8658536585366,1.8939024390243904,5.4,ALB,36274.94117647059,26359.0,45744.35,39478.0,38453.8,32223.999999999996,98422.0,264193.0,5.0,6.0,,,5.0,,,,9.5,,,4.0,,,,183.375,,,207.66666666666666,,,,202.0,,,212.0,,,,111317.875,,,113253.33333333333,,,,101669.0,,,98422.0,,,,1,0,0,2
2022,19,29.078048780487805,28.3,29.9,30.890243902439025,28.0,34.0,995.3853658536586,994.5,996.4,False,39.21829268292683,38.0,40.0,143.8658536585366,1.8939024390243904,5.4,ALO,31525.4,26297.0,45650.791666666664,39406.0,38647.166666666664,31801.0,97713.0,324774.0,3.0,,,2.0,4.0,,,,,,5.833333333333333,8.454545454545455,,,,,,205.5,186.0909090909091,,,,,,210.0,205.0,,,,,,117499.83333333333,107950.54545454546,,,,,,99555.0,97713.0,,,,1,0,0,2
2022,19,29.078048780487805,28.3,29.9,30.890243902439025,28.0,34.0,995.3853658536586,994.5,996.4,False,39.21829268292683,38.0,40.0,143.8658536585366,1.8939024390243904,5.4,GAS,37431.28571428572,26482.0,49138.041666666664,39377.0,40436.25,31951.0,97810.0,305339.0000000002,3.0,,,2.0,4.0,,,,,,7.0,6.857142857142857,,,,,,201.33333333333334,193.42857142857142,,,,,,203.0,205.0,,,,,,112664.83333333333,114296.71428571429,,,,,,99234.0,97810.0,,,,1,0,0,2
2022,19,29.078048780487805,28.3,29.9,30.890243902439025,28.0,34.0,995.3853658536586,994.5,996.4,False,39.21829268292683,38.0,40.0,143.8658536585366,1.8939024390243904,5.4,GIO,35429.0,28552.0,50899.666666666664,41506.0,40067.666666666664,33005.0,103063.0,,,,,,1.0,,,,,,,2.5,,,,,,,202.5,,,,,,,204.0,,,,,,,122401.0,,,,,,,103063.0,,,,1,0,0,2
2022,19,29.078048780487805,28.3,29.9,30.890243902439025,28.0,34.0,995.3853658536586,994.5,996.4,False,39.21829268292683,38.0,40.0,143.8658536585366,1.8939024390243904,5.4,HAM,35453.4375,26547.0,49042.52631578947,39145.0,39340.52631578947,31571.0,97332.0,353889.4999999999,4.0,,,5.0,4.0,,,,,,8.0,3.5,,,,,,184.375,205.5,,,,,,203.0,206.0,,,,,,109735.625,97488.5,,,,,,101658.0,97332.0,,,,1,0,0,2
2022,19,29.078048780487805,28.3,29.9,30.890243902439025,28.0,34.0,995.3853658536586,994.5,996.4,False,39.21829268292683,38.0,40.0,143.8658536585366,1.8939024390243904,5.4,MSC,32555.875,27209.0,47727.8,39660.0,38949.0,32052.999999999996,98922.0,455350.33333333326,3.0,,,,4.0,,,,,,,8.5,,,,,,,188.75,,,,,,,204.0,,,,,,,111865.75,,,,,,,98922.0,,,,1,0,0,2
2022,19,29.078048780487805,28.3,29.9,30.890243902439025,28.0,34.0,995.3853658536586,994.5,996.4,False,39.21829268292683,38.0,40.0,143.8658536585366,1.8939024390243904,5.4,NOR,34490.7,26436.0,45029.36363636364,39508.0,38147.22727272727,31912.0,97856.0,322250.24999999994,4.0,,,5.0,4.0,,,,,,11.76923076923077,2.0,,,,,,190.53846153846155,202.0,,,,,,203.0,202.0,,,,,,110926.30769230769,97856.0,,,,,,99655.0,97856.0,,,,1,0,0,2
2022,19,29.078048780487805,28.3,29.9,30.890243902439025,28.0,34.0,995.3853658536586,994.5,996.4,False,39.21829268292683,38.0,40.0,143.8658536585366,1.8939024390243904,5.4,OCO,31841.5,26430.0,46761.913043478264,39392.0,38567.52173913043,32171.0,98102.0,339791.3333333333,3.0,,,4.0,3.0,,,,,,10.333333333333334,3.3333333333333335,,,,,,191.16666666666666,203.66666666666666,,,,,,204.0,204.0,,,,,,111401.33333333333,107493.33333333333,,,,,,98810.0,98102.0,,,,1,0,0,2
2022,19,29.078048780487805,28.3,29.9,30.890243902439025,28.0,34.0,995.3853658536586,994.5,996.4,False,39.21829268292683,38.0,40.0,143.8658536585366,1.8939024390243904,5.4,PAL,29411.88888888889,27119.0,44062.857142857145,40140.0,35917.04761904762,32637.0,99911.0,640108.5,2.0,,,3.0,,,,,,,11.8,,,,,,,200.13333333333333,,,,,,,208.0,,,,,,,107012.06666666667,,,,,,,99911.0,,,,,1,0,0,2
2022,19,29.078048780487805,28.3,29.9,30.890243902439025,28.0,34.0,995.3853658536586,994.5,996.4,False,39.21829268292683,38.0,40.0,143.8658536585366,1.8939024390243904,5.4,PER,34939.86666666667,26572.0,49419.73684210526,39328.0,40332.055555555555,31615.0,97515.0,493661.3333333333,3.0,,,,4.0,,,,,,,5.375,,,,,,,197.75,,,,,,,203.0,,,,,,,100806.625,,,,,,,97515.0,,,,1,0,0,2
2022,19,29.078048780487805,28.3,29.9,30.890243902439025,28.0,34.0,995.3853658536586,994.5,996.4,False,39.21829268292683,38.0,40.0,143.8658536585366,1.8939024390243904,5.4,POU,30369.666666666668,27497.0,46642.63157894737,40302.0,38713.10526315789,32375.999999999996,100175.0,470949.3333333333,3.0,,,4.0,,,,,,,10.76923076923077,,,,,,,200.23076923076923,,,,,,,205.0,,,,,,,107937.23076923077,,,,,,,100175.0,,,,,1,0,0,2
2022,19,29.078048780487805,28.3,29.9,30.890243902439025,28.0,34.0,995.3853658536586,994.5,996.4,False,39.21829268292683,38.0,40.0,143.8658536585366,1.8939024390243904,5.4,RUS,32416.263157894737,26578.0,44667.27272727273,39575.0,37183.22727272727,31649.0,97802.0,388859.6666666667,3.0,,,2.0,4.0,,,,,,5.2,7.7,,,,,,199.0,183.0,,,,,,201.0,207.0,,,,,,104174.8,112470.3,,,,,,102100.0,97802.0,,,,1,0,0,2
2022,19,29.078048780487805,28.3,29.9,30.890243902439025,28.0,34.0,995.3853658536586,994.5,996.4,False,39.21829268292683,38.0,40.0,143.8658536585366,1.8939024390243904,5.4,SAI,33297.86666666667,26176.0,46963.73684210526,39288.0,38628.166666666664,31393.0,96857.0,488757.3333333333,3.0,,,,4.0,,,,,,,6.1,,,,,,,188.8,,,,,,,203.0,,,,,,,105489.5,,,,,,,96857.0,,,,1,0,0,2
2022,19,29.078048780487805,28.3,29.9,30.890243902439025,28.0,34.0,995.3853658536586,994.5,996.4,False,39.21829268292683,38.0,40.0,143.8658536585366,1.8939024390243904,5.4,SAR,32709.63157894737,27116.0,45830.69565217391,40276.0,39099.72727272727,32858.0,100325.0,338731.0,3.0,4.0,,,3.0,,,,9.9,,,4.0,,,,188.2,,,207.4,,,,205.0,,,210.0,,,,112710.7,,,113336.6,,,,104827.0,,,100325.0,,,,1,0,0,2
2022,19,29.078048780487805,28.3,29.9,30.890243902439025,28.0,34.0,995.3853658536586,994.5,996.4,False,39.21829268292683,38.0,40.0,143.8658536585366,1.8939024390243904,5.4,SHW,34031.705882352944,26620.0,48660.15,39813.0,40501.95,32212.000000000004,98951.0,636200.0,2.0,,,,3.0,,,,,,,6.571428571428571,,,,,,,188.07142857142858,,,,,,,206.0,,,,,,,116739.5,,,,,,,98951.0,,,,1,0,0,2
2022,19,29.078048780487805,28.3,29.9,30.890243902439025,28.0,34.0,995.3853658536586,994.5,996.4,False,39.21829268292683,38.0,40.0,143.8658536585366,1.8939024390243904,5.4,STR,32974.94736842105,26625.0,44096.47826086957,39084.0,38190.09090909091,31751.0,97460.0,409178.0,3.0,4.0,,,3.0,,,,9.727272727272727,,,3.6666666666666665,,,,189.1818181818182,,,206.33333333333334,,,,205.0,,,210.0,,,,108219.36363636363,,,109699.66666666667,,,,99709.0,,,97460.0,,,,1,0,0,2
2022,19,29.078048780487805,28.3,29.9,30.890243902439025,28.0,34.0,995.3853658536586,994.5,996.4,False,39.21829268292683,38.0,40.0,143.8658536585366,1.8939024390243904,5.4,TSU,35198.3,26635.0,49657.565217391304,39769.0,40036.434782608696,32451.0,98898.0,525672.5,2.0,2.0,,,3.0,,,,7.0,,,7.0,,,,202.85714285714286,,,187.375,,,,207.0,,,205.0,,,,115925.57142857143,,,115917.375,,,,99891.0,,,98898.0,,,,1,0,0,2
2022,19,29.078048780487805,28.3,29.9,30.890243902439025,28.0,34.0,995.3853658536586,994.5,996.4,False,39.21829268292683,38.0,40.0,143.8658536585366,1.8939024390243904,5.4,VER,40420.416666666664,26185.0,54604.142857142855,39075.0,43110.21428571428,31821.0,97081.0,549029.6666666666,3.0,,,,4.0,,,,,,,4.8,,,,,,,166.2,,,,,,,203.0,,,,,,,107008.2,,,,,,,97081.0,,,,1,0,0,2
2022,19,29.078048780487805,28.3,29.9,30.890243902439025,28.0,34.0,995.3853658536586,994.5,996.4,False,39.21829268292683,38.0,40.0,143.8658536585366,1.8939024390243904,5.4,VET,31876.863636363636,26432.0,44533.36,39335.0,36422.541666666664,32106.0,98041.0,576589.5,2.0,1.0,,,3.0,,,,2.5,,,12.0625,,,,202.5,,,192.375,,,,203.0,,,210.0,,,,102075.0,,,107540.1875,,,,101526.0,,,98041.0,,,,1,0,0,2
2022,19,29.078048780487805,28.3,29.9,30.890243902439025,28.0,34.0,995.3853658536586,994.5,996.4,False,39.21829268292683,38.0,40.0,143.8658536585366,1.8939024390243904,5.4,ZHO,33663.294117647056,26449.0,46003.57142857143,39726.0,37340.25,32101.0,98276.0,292009.25,4.0,,,5.0,4.0,,,,,,9.11111111111111,3.5,,,,,,183.77777777777777,202.0,,,,,,203.0,203.0,,,,,,111273.11111111111,98537.5,,,,,,100005.0,98276.0,,,,1,0,0,2
2022,20,25.149315068493152,24.1,26.4,41.16438356164384,38.0,45.0,783.2712328767124,782.5,783.9,False,46.61643835616438,0.0,48.5,183.68493150684932,1.6356164383561644,2.9,ALO,30459.727272727272,28384.0,35602.583333333336,31310.0,24244.083333333332,21196.0,80899.0,473586.0,2.0,1.0,,,3.0,,,,6.0,,,8.090909090909092,,,,240.33333333333334,,,239.0909090909091,,,,242.0,,,246.0,,,,90786.77777777778,,,89197.18181818182,,,,83463.0,,,80899.0,,,,2,0,0,9
2022,20,25.149315068493152,24.1,26.4,41.16438356164384,38.0,45.0,783.2712328767124,782.5,783.9,False,46.61643835616438,0.0,48.5,183.68493150684932,1.6356164383561644,2.9,BOT,35711.94117647059,28377.0,35298.77272727273,31495.0,25243.14285714286,21061.0,81083.0,193913.16666666666,6.0,6.0,,,7.0,,,,5.0,,,5.833333333333333,,,,242.0,,,244.0,,,,244.0,,,247.0,,,,83933.75,,,91430.16666666667,,,,83139.0,,,81083.0,,,,2,0,0,9
2022,20,25.149315068493152,24.1,26.4,41.16438356164384,38.0,45.0,783.2712328767124,782.5,783.9,False,46.61643835616438,0.0,48.5,183.68493150684932,1.6356164383561644,2.9,DEV,35466.6875,29252.0,35659.31578947369,32926.0,24613.42105263158,22128.0,84582.0,402783.25,4.0,5.0,,,,,,,9.083333333333334,,,,,,,236.25,,,,,,,239.0,,,,,,,86326.58333333333,,,,,,,84582.0,,,,,,,2,0,0,9
2022,20,25.149315068493152,24.1,26.4,41.16438356164384,38.0,45.0,783.2712328767124,782.5,783.9,False,46.61643835616438,0.0,48.5,183.68493150684932,1.6356164383561644,2.9,DOO,33169.545454545456,29171.0,37523.166666666664,33176.0,27068.416666666668,22268.0,84615.0,909062.0,1.0,1.0,,,,,,,6.0,,,,,,,239.33333333333334,,,,,,,241.0,,,,,,,93515.44444444444,,,,,,,84615.0,,,,,,,2,0,0,9
2022,20,25.149315068493152,24.1,26.4,41.16438356164384,38.0,45.0,783.2712328767124,782.5,783.9,False,46.61643835616438,0.0,48.5,183.68493150684932,1.6356164383561644,2.9,FIT,31663.85714285714,30122.0,37184.75,34006.0,25731.0,22638.0,86766.0,1422511.0,1.0,1.0,,,,,,,4.5,,,,,,,238.0,,,,,,,242.0,,,,,,,92213.5,,,,,,,86766.0,,,,,,,2,0,0,9
2022,20,25.149315068493152,24.1,26.4,41.16438356164384,38.0,45.0,783.2712328767124,782.5,783.9,False,46.61643835616438,0.0,48.5,183.68493150684932,1.6356164383561644,2.9,GAS,31861.81818181818,28395.0,35907.69565217391,31592.0,23493.17391304348,21086.0,81310.0,514951.5,2.0,3.0,,,2.0,,,,9.9375,,,3.0,,,,241.6875,,,245.33333333333334,,,,244.0,,,246.0,,,,89580.0625,,,92801.33333333333,,,,83182.0,,,81310.0,,,,2,0,0,9
2022,20,25.149315068493152,24.1,26.4,41.16438356164384,38.0,45.0,783.2712328767124,782.5,783.9,False,46.61643835616438,0.0,48.5,183.68493150684932,1.6356164383561644,2.9,HAM,30769.46153846154,28574.0,34498.8125,31282.0,24165.1875,20960.0,80849.0,703493.5,2.0,1.0,,,3.0,,,,6.0,,,4.5,,,,239.33333333333334,,,242.5,,,,240.0,,,243.0,,,,85097.44444444444,,,99744.5,,,,84448.0,,,80849.0,,,,2,0,0,9
2022,20,25.149315068493152,24.1,26.4,41.16438356164384,38.0,45.0,783.2712328767124,782.5,783.9,False,46.61643835616438,0.0,48.5,183.68493150684932,1.6356164383561644,2.9,LAT,30759.29411764706,28588.0,35924.85,32334.000000000004,24320.055555555555,21825.0,82912.0,661611.0,2.0,1.0,,,3.0,,,,3.5,,,7.7,,,,242.5,,,237.2,,,,243.0,,,244.0,,,,89353.75,,,90163.4,,,,84507.0,,,82912.0,,,,2,0,0,9
2022,20,25.149315068493152,24.1,26.4,41.16438356164384,38.0,45.0,783.2712328767124,782.5,783.9,False,46.61643835616438,0.0,48.5,183.68493150684932,1.6356164383561644,2.9,LAW,31485.625,28859.0,37186.52631578947,32863.0,24375.11111111111,22053.0,83861.0,775810.0,2.0,3.0,,,,,,,9.923076923076923,,,,,,,242.46153846153845,,,,,,,245.0,,,,,,,91139.23076923077,,,,,,,83861.0,,,,,,,2,0,0,9
2022,20,25.149315068493152,24.1,26.4,41.16438356164384,38.0,45.0,783.2712328767124,782.5,783.9,False,46.61643835616438,0.0,48.5,183.68493150684932,1.6356164383561644,2.9,LEC,35541.9375,28465.0,37510.15789473684,31205.0,26959.0,20971.0,80753.0,472294.6666666667,3.0,,,,4.0,,,,,,,10.166666666666666,,,,,,,238.91666666666666,,,,,,,247.0,,,,,,,88703.25,,,,,,,80753.0,,,,2,0,0,9
2022,20,25.149315068493152,24.1,26.4,41.16438356164384,38.0,45.0,783.2712328767124,782.5,783.9,False,46.61643835616438,0.0,48.5,183.68493150684932,1.6356164383561644,2.9,MSC,31422.21052631579,28561.0,37170.857142857145,32026.000000000004,24286.285714285714,21365.0,81952.0,638079.5,2.0,1.0,,,3.0,,,,4.5,,,7.9,,,,237.16666666666666,,,236.5,,,,240.0,,,243.0,,,,91928.66666666667,,,89762.2,,,,85547.0,,,81952.0,,,,2,0,0,9
2022,20,25.149315068493152,24.1,26.4,41.16438356164384,38.0,45.0,783.2712328767124,782.5,783.9,False,46.61643835616438,0.0,48.5,183.68493150684932,1.6356164383561644,2.9,NOR,32102.764705882353,28412.0,35344.2,31548.0,23783.8,21160.0,81120.0,721610.5,2.0,1.0,,,3.0,,,,5.0,,,6.75,,,,240.28571428571428,,,240.375,,,,242.0,,,244.0,,,,89933.14285714286,,,89679.25,,,,83974.0,,,81120.0,,,,2,0,0,9
2022,20,25.149315068493152,24.1,26.4,41.16438356164384,38.0,45.0,783.2712328767124,782.5,783.9,False,46.61643835616438,0.0,48.5,183.68493150684932,1.6356164383561644,2.9,PER,32467.57894736842,28299.0,37507.666666666664,31477.0,24667.6,21051.0,80827.0,634398.0,2.0,1.0,,,3.0,,,,4.5,,,7.5,,,,243.5,,,235.1,,,,246.0,,,248.0,,,,94265.16666666667,,,92892.3,,,,82673.0,,,80827.0,,,,2,0,0,9
2022,20,25.149315068493152,24.1,26.4,41.16438356164384,38.0,45.0,783.2712328767124,782.5,783.9,False,46.61643835616438,0.0,48.5,183.68493150684932,1.6356164383561644,2.9,RIC,31849.076923076922,28646.0,34322.4,31914.0,23453.4,21202.0,81762.0,1000283.0,2.0,3.0,,,2.0,,,,5.777777777777778,,,2.5,,,,242.0,,,242.0,,,,244.0,,,242.0,,,,89666.22222222222,,,83338.0,,,,83822.0,,,81762.0,,,,2,0,0,9
2022,20,25.149315068493152,24.1,26.4,41.16438356164384,38.0,45.0,783.2712328767124,782.5,783.9,False,46.61643835616438,0.0,48.5,183.68493150684932,1.6356164383561644,2.9,SAI,33200.8,28298.0,35108.04347826087,31205.0,24959.521739130436,21204.0,80707.0,265946.75,4.0,5.0,,,3.0,,,,9.8,,,2.5,,,,241.33333333333334,,,244.5,,,,244.0,,,245.0,,,,90694.33333333333,,,109364.5,,,,82788.0,,,80707.0,,,,2,0,0,9
2022,20,25.149315068493152,24.1,26.4,41.16438356164384,38.0,45.0,783.2712328767124,782.5,783.9,False,46.61643835616438,0.0,48.5,183.68493150684932,1.6356164383561644,2.9,SAR,30249.57894736842,28906.0,35694.57142857143,33215.0,24010.9,22093.0,84246.0,530443.5,2.0,3.0,,,,,,,12.0,,,,,,,241.375,,,,,,,246.0,,,,,,,87286.625,,,,,,,84246.0,,,,,,,2,0,0,9
2022,20,25.149315068493152,24.1,26.4,41.16438356164384,38.0,45.0,783.2712328767124,782.5,783.9,False,46.61643835616438,0.0,48.5,183.68493150684932,1.6356164383561644,2.9,STR,31578.7,28391.0,36117.125,32026.000000000004,24235.68181818182,21380.0,81865.0,378257.3333333333,3.0,2.0,,,4.0,,,,4.5,,,7.9,,,,241.0,,,231.1,,,,243.0,,,245.0,,,,85305.83333333333,,,90471.3,,,,83925.0,,,81865.0,,,,2,0,0,9
2022,20,25.149315068493152,24.1,26.4,41.16438356164384,38.0,45.0,783.2712328767124,782.5,783.9,False,46.61643835616438,0.0,48.5,183.68493150684932,1.6356164383561644,2.9,VER,31617.052631578947,28154.0,36744.5,31671.0,25154.95,20908.0,80827.0,645170.0,2.0,3.0,,,2.0,,,,8.461538461538462,,,3.0,,,,243.0,,,229.33333333333334,,,,247.0,,,248.0,,,,87513.84615384616,,,108512.66666666667,,,,82291.0,,,80827.0,,,,2,0,0,9
2022,20,25.149315068493152,24.1,26.4,41.16438356164384,38.0,45.0,783.2712328767124,782.5,783.9,False,46.61643835616438,0.0,48.5,183.68493150684932,1.6356164383561644,2.9,VET,30402.0,28416.0,34741.086956521736,31798.0,24087.17391304348,21311.0,81525.0,326521.25,4.0,3.0,,,5.0,,,,10.0,,,9.5,,,,242.66666666666666,,,237.91666666666666,,,,244.0,,,248.0,,,,84131.66666666667,,,87817.16666666667,,,,83440.0,,,81525.0,,,,2,0,0,9
2022,20,25.149315068493152,24.1,26.4,41.16438356164384,38.0,45.0,783.2712328767124,782.5,783.9,False,46.61643835616438,0.0,48.5,183.68493150684932,1.6356164383561644,2.9,ZHO,33434.8125,28403.0,36434.57894736842,31859.0,24527.0,21558.0,81820.0,278894.0,2.0,1.0,,,5.0,,,,5.0,,,5.6,,,,241.28571428571428,,,243.2,,,,243.0,,,247.0,,,,89440.85714285714,,,89148.6,,,,84476.0,,,81820.0,,,,2,0,0,9
2022,21,23.622222222222224,22.2,24.4,70.27160493827161,67.0,77.0,925.4432098765433,924.9,925.9,False,48.309876543209874,44.4,51.6,155.53086419753086,1.7271604938271605,3.0,ALB,21866.23076923077,18388.0,44240.68965517241,37163.0,20223.758620689656,16895.0,72633.0,379642.33333333326,3.0,,,1.0,4.0,,,,,,5.5,5.071428571428571,,,,,,308.25,291.7857142857143,,,,,,318.0,325.0,,,,,,76708.0,89464.0,,,,,,75091.0,72633.0,,,,0,0,0,0
2022,21,23.622222222222224,22.2,24.4,70.27160493827161,67.0,77.0,925.4432098765433,924.9,925.9,False,48.309876543209874,44.4,51.6,155.53086419753086,1.7271604938271605,3.0,ALO,22392.5,18505.0,43729.52,37145.0,19638.04,16890.0,72554.0,806526.5,2.0,1.0,,3.0,,,,,6.5,,7.333333333333333,,,,,308.3,,281.77777777777777,,,,,320.0,,319.0,,,,,79059.6,,86839.55555555556,,,,,74859.0,,72554.0,,,,,0,0,0,0
2022,21,23.622222222222224,22.2,24.4,70.27160493827161,67.0,77.0,925.4432098765433,924.9,925.9,False,48.309876543209874,44.4,51.6,155.53086419753086,1.7271604938271605,3.0,BOT,24100.035714285714,18525.0,44966.12903225807,36922.0,20160.709677419356,16911.0,72466.0,280452.0,4.0,,,1.0,5.0,,,,,,8.0,8.6,,,,,,303.38461538461536,286.5,,,,,,312.0,325.0,,,,,,79953.0,94491.1,,,,,,73807.0,72466.0,,,,0,0,0,0
2022,21,23.622222222222224,22.2,24.4,70.27160493827161,67.0,77.0,925.4432098765433,924.9,925.9,False,48.309876543209874,44.4,51.6,155.53086419753086,1.7271604938271605,3.0,GAS,24816.137931034482,18481.0,44515.71875,37016.0,19471.09375,16727.0,72467.0,253397.75,4.0,5.0,,2.0,3.0,,,,8.785714285714286,,4.5,3.5,,,,291.7857142857143,,308.1666666666667,309.0,,,,319.0,,324.0,320.0,,,,85868.71428571429,,85549.33333333333,86087.0,,,,74954.0,,72971.0,72467.0,,,,0,0,0,0
2022,21,23.622222222222224,22.2,24.4,70.27160493827161,67.0,77.0,925.4432098765433,924.9,925.9,False,48.309876543209874,44.4,51.6,155.53086419753086,1.7271604938271605,3.0,HAM,23823.095238095237,18340.0,46541.64,37053.0,21619.08,16647.0,72040.0,395734.75,4.0,,,5.0,4.0,,,,,,8.76923076923077,3.0,,,,,,288.38461538461536,281.6666666666667,,,,,,317.0,317.0,,,,,,88084.92307692308,96870.0,,,,,,73774.0,72040.0,,,,0,0,0,0
2022,21,23.622222222222224,22.2,24.4,70.27160493827161,67.0,77.0,925.4432098765433,924.9,925.9,False,48.309876543209874,44.4,51.6,155.53086419753086,1.7271604938271605,3.0,LAT,25026.137931034482,18513.0,44709.5625,37466.0,19509.6875,16932.0,73019.0,253708.25,4.0,,,2.0,5.0,,,,,,8.25,4.5,,,,,,307.9166666666667,286.4166666666667,,,,,,318.0,323.0,,,,,,83139.75,92616.41666666667,,,,,,76077.0,73019.0,,,,0,0,0,0
2022,21,23.622222222222224,22.2,24.4,70.27160493827161,67.0,77.0,925.4432098765433,924.9,925.9,False,48.309876543209874,44.4,51.6,155.53086419753086,1.7271604938271605,3.0,LEC,25075.464285714286,18430.0,44381.58064516129,36455.0,19718.58064516129,16909.0,71857.0,282864.0,4.0,2.0,,4.0,5.0,,,,6.666666666666667,,6.888888888888889,4.0,,,,308.77777777777777,,304.77777777777777,247.4,,,,322.0,,315.0,313.0,,,,85242.44444444444,,83400.0,93556.2,,,,74089.0,,72349.0,71857.0,,,,0,0,0,0
2022,21,23.622222222222224,22.2,24.4,70.27160493827161,67.0,77.0,925.4432098765433,924.9,925.9,False,48.309876543209874,44.4,51.6,155.53086419753086,1.7271604938271605,3.0,MAG,24128.190476190477,18475.0,44680.72,37175.0,20103.8,16939.0,72997.0,420487.7500000001,4.0,1.0,,3.0,5.0,,,,5.0,,3.0,4.833333333333333,,,,313.7142857142857,,268.3333333333333,267.6666666666667,,,,318.0,,310.0,326.0,,,,76139.71428571429,,91680.0,89206.5,,,,75021.0,,73176.0,72997.0,,,,0,0,0,0
2022,21,23.622222222222224,22.2,24.4,70.27160493827161,67.0,77.0,925.4432098765433,924.9,925.9,False,48.309876543209874,44.4,51.6,155.53086419753086,1.7271604938271605,3.0,MSC,24069.869565217392,18413.0,46192.62962962963,37061.0,19810.48148148148,16840.0,72314.0,350942.0,4.0,1.0,,3.0,5.0,,,,5.0,,4.0,5.166666666666667,,,,310.7142857142857,,308.6,259.5,,,,318.0,,314.0,316.0,,,,82388.42857142857,,88597.2,93245.33333333333,,,,75469.0,,73380.0,72314.0,,,,0,0,0,0
2022,21,23.622222222222224,22.2,24.4,70.27160493827161,67.0,77.0,925.4432098765433,924.9,925.9,False,48.309876543209874,44.4,51.6,155.53086419753086,1.7271604938271605,3.0,NOR,22339.64,18562.0,43813.392857142855,37389.0,20794.75,16988.0,72955.0,694669.4999999998,2.0,2.0,,3.0,,,,,10.588235294117647,,4.0,,,,,301.2352941176471,,255.4,,,,,316.0,,316.0,,,,,83063.88235294117,,91053.8,,,,,75033.0,,72955.0,,,,,0,0,0,0
2022,21,23.622222222222224,22.2,24.4,70.27160493827161,67.0,77.0,925.4432098765433,924.9,925.9,False,48.309876543209874,44.4,51.6,155.53086419753086,1.7271604938271605,3.0,OCO,22622.59259259259,18533.0,44628.6,37342.0,18939.033333333333,16830.0,72705.0,607997.0,2.0,2.0,,3.0,,,,,11.055555555555555,,4.5,,,,,311.3888888888889,,274.8333333333333,,,,,325.0,,322.0,,,,,82276.33333333333,,93248.0,,,,,74161.0,,72705.0,,,,,0,0,0,0
2022,21,23.622222222222224,22.2,24.4,70.27160493827161,67.0,77.0,925.4432098765433,924.9,925.9,False,48.309876543209874,44.4,51.6,155.53086419753086,1.7271604938271605,3.0,PER,23295.56,18356.0,44044.06896551724,36773.0,19611.689655172413,16645.0,71853.0,336925.5,4.0,2.0,,,5.0,,,,4.6,,,12.6,,,,319.6,,,290.3333333333333,,,,323.0,,,326.0,,,,96149.2,,,79557.46666666666,,,,73972.0,,,71853.0,,,,0,0,0,0
2022,21,23.622222222222224,22.2,24.4,70.27160493827161,67.0,77.0,925.4432098765433,924.9,925.9,False,48.309876543209874,44.4,51.6,155.53086419753086,1.7271604938271605,3.0,RIC,21327.48,18630.0,42978.46428571428,37524.0,20703.39285714286,17110.0,73359.0,665844.0,2.0,2.0,,3.0,,,,,10.588235294117647,,4.0,,,,,306.0,,245.6,,,,,321.0,,310.0,,,,,80480.0,,94657.0,,,,,75058.0,,73359.0,,,,,0,0,0,0
2022,21,23.622222222222224,22.2,24.4,70.27160493827161,67.0,77.0,925.4432098765433,924.9,925.9,False,48.309876543209874,44.4,51.6,155.53086419753086,1.7271604938271605,3.0,RUS,23581.9,18360.0,44151.333333333336,36809.0,20275.333333333332,16857.0,72055.0,396549.25,4.0,,,5.0,4.0,,,,,,8.166666666666666,3.6666666666666665,,,,,,288.4166666666667,313.3333333333333,,,,,,322.0,316.0,,,,,,82243.08333333333,88686.66666666667,,,,,,73591.0,72055.0,,,,0,0,0,0
2022,21,23.622222222222224,22.2,24.4,70.27160493827161,67.0,77.0,925.4432098765433,924.9,925.9,False,48.309876543209874,44.4,51.6,155.53086419753086,1.7271604938271605,3.0,SAI,24570.40740740741,18359.0,44562.066666666666,36743.0,19612.833333333332,16870.0,72039.0,315567.25,4.0,3.0,,4.0,5.0,,,,6.888888888888889,,5.5,4.0,,,,305.1111111111111,,303.5,235.0,,,,317.0,,315.0,311.0,,,,87488.55555555556,,81951.75,98545.6,,,,74070.0,,72104.0,72039.0,,,,0,0,0,0
2022,21,23.622222222222224,22.2,24.4,70.27160493827161,67.0,77.0,925.4432098765433,924.9,925.9,False,48.309876543209874,44.4,51.6,155.53086419753086,1.7271604938271605,3.0,STR,23417.863636363636,18480.0,46491.0,37167.0,21618.69230769231,16964.0,72759.0,372120.75,4.0,2.0,,4.0,5.0,,,,4.5,,3.75,5.5,,,,313.3333333333333,,308.75,267.375,,,,320.0,,314.0,314.0,,,,83355.0,,90752.25,97793.5,,,,75300.0,,73563.0,72759.0,,,,0,0,0,0
2022,21,23.622222222222224,22.2,24.4,70.27160493827161,67.0,77.0,925.4432098765433,924.9,925.9,False,48.309876543209874,44.4,51.6,155.53086419753086,1.7271604938271605,3.0,TSU,24849.655172413793,18602.0,46895.34375,37660.0,20124.6875,16997.0,73347.0,197347.0,5.0,6.0,,4.0,5.0,,,,9.8,,4.0,3.5,,,,290.8,,318.5,299.75,,,,324.0,,320.0,319.0,,,,88221.73333333334,,89677.5,90568.75,,,,75191.0,,73347.0,73516.0,,,,0,0,0,0
2022,21,23.622222222222224,22.2,24.4,70.27160493827161,67.0,77.0,925.4432098765433,924.9,925.9,False,48.309876543209874,44.4,51.6,155.53086419753086,1.7271604938271605,3.0,VER,23084.083333333332,18294.0,44815.28571428572,36852.0,19857.75,16715.0,71861.0,332553.25,4.0,2.0,,,5.0,,,,5.714285714285714,,,11.0,,,,320.14285714285717,,,288.1666666666667,,,,329.0,,,322.0,,,,91208.42857142857,,,79083.33333333333,,,,73575.0,,,71861.0,,,,0,0,0,0
2022,21,23.622222222222224,22.2,24.4,70.27160493827161,67.0,77.0,925.4432098765433,924.9,925.9,False,48.309876543209874,44.4,51.6,155.53086419753086,1.7271604938271605,3.0,VET,22193.653846153848,18432.0,44987.03333333333,36858.0,20839.5,16798.0,72157.0,307334.75,4.0,2.0,,3.0,5.0,,,,5.5,,4.5,6.0,,,,312.375,,311.3333333333333,255.625,,,,317.0,,316.0,322.0,,,,81386.0,,84251.0,95218.625,,,,74953.0,,73255.0,72157.0,,,,0,0,0,0
2022,21,23.622222222222224,22.2,24.4,70.27160493827161,67.0,77.0,925.4432098765433,924.9,925.9,False,48.309876543209874,44.4,51.6,155.53086419753086,1.7271604938271605,3.0,ZHO,25556.48148148148,18808.0,44132.86666666667,37353.0,19659.766666666666,16910.0,73115.0,308298.5,4.0,,,1.0,5.0,,,,,,8.0,8.444444444444445,,,,,,301.84615384615387,281.8888888888889,,,,,,310.0,316.0,,,,,,81418.69230769231,94311.44444444444,,,,,,74667.0,73115.0,,,,0,0,0,0
2022,22,34.015853658536585,33.6,34.3,25.597560975609756,23.0,31.0,1013.0146341463415,1012.9,1013.2,False,45.892682926829266,44.5,47.7,286.8048780487805,1.7560975609756098,2.2,ALB,24212.0,17819.0,43032.5,37290.0,40418.92307692308,32674.999999999996,87840.0,266612.0,4.0,,,5.0,3.0,,,,,,10.615384615384615,3.5,,,,,,198.30769230769232,203.5,,,,,,220.0,222.0,,,,,,99404.46153846153,106529.0,,,,,,88625.0,87840.0,,,,0,0,0,3
2022,22,34.015853658536585,33.6,34.3,25.597560975609756,23.0,31.0,1013.0146341463415,1012.9,1013.2,False,45.892682926829266,44.5,47.7,286.8048780487805,1.7560975609756098,2.2,BOT,21782.05,17938.0,44496.608695652176,37500.0,39738.47826086957,32125.999999999996,87655.0,721635.5,2.0,,,3.0,2.0,,,,,,7.7272727272727275,4.4,,,,,,196.27272727272728,214.4,,,,,,213.0,217.0,,,,,,99563.54545454546,106819.6,,,,,,89024.0,87655.0,,,,0,0,0,3
2022,22,34.015853658536585,33.6,34.3,25.597560975609756,23.0,31.0,1013.0146341463415,1012.9,1013.2,False,45.892682926829266,44.5,47.7,286.8048780487805,1.7560975609756098,2.2,DOO,25224.863636363636,18052.0,44893.76,37600.0,41144.68,32832.0,88484.0,380346.3333333333,3.0,,,,4.0,,,,,,,6.823529411764706,,,,,,,199.58823529411765,,,,,,,215.0,,,,,,,102980.29411764706,,,,,,,88484.0,,,,0,0,0,3
2022,22,34.015853658536585,33.6,34.3,25.597560975609756,23.0,31.0,1013.0146341463415,1012.9,1013.2,False,45.892682926829266,44.5,47.7,286.8048780487805,1.7560975609756098,2.2,DRU,20801.63157894737,18052.0,43151.04347826087,37523.0,42202.69565217391,32960.0,88672.0,385113.0,3.0,3.0,,,4.0,,,,10.0,,,4.5,,,,212.22222222222223,,,201.33333333333334,,,,216.0,,,218.0,,,,99800.88888888889,,,111704.83333333333,,,,90045.0,,,88672.0,,,,0,0,0,3
2022,22,34.015853658536585,33.6,34.3,25.597560975609756,23.0,31.0,1013.0146341463415,1012.9,1013.2,False,45.892682926829266,44.5,47.7,286.8048780487805,1.7560975609756098,2.2,FIT,20944.521739130436,18056.0,43289.653846153844,37668.0,39303.269230769234,32330.0,88204.0,595881.0,2.0,1.0,,,3.0,,,,4.5,,,9.928571428571429,,,,210.5,,,191.78571428571428,,,,212.0,,,215.0,,,,99173.0,,,100577.35714285714,,,,90315.0,,,88204.0,,,,0,0,0,3
2022,22,34.015853658536585,33.6,34.3,25.597560975609756,23.0,31.0,1013.0146341463415,1012.9,1013.2,False,45.892682926829266,44.5,47.7,286.8048780487805,1.7560975609756098,2.2,GAS,22557.08,17913.0,45342.142857142855,37443.0,40344.5,32466.0,87845.0,267798.6666666667,3.0,2.0,,,4.0,,,,7.909090909090909,,,6.8,,,,209.8181818181818,,,178.5,,,,215.0,,,217.0,,,,104040.36363636363,,,112166.1,,,,89193.0,,,87845.0,,,,0,0,0,3
2022,22,34.015853658536585,33.6,34.3,25.597560975609756,23.0,31.0,1013.0146341463415,1012.9,1013.2,False,45.892682926829266,44.5,47.7,286.8048780487805,1.7560975609756098,2.2,HAM,24786.0,17724.0,45933.95238095238,36971.0,40206.71428571428,31938.0,86633.0,376461.0,4.0,2.0,,,5.0,,,,6.285714285714286,,,5.0,,,,210.71428571428572,,,166.0,,,,214.0,,,214.0,,,,89814.71428571429,,,102794.33333333333,,,,88392.0,,,86633.0,,,,0,0,0,3
2022,22,34.015853658536585,33.6,34.3,25.597560975609756,23.0,31.0,1013.0146341463415,1012.9,1013.2,False,45.892682926829266,44.5,47.7,286.8048780487805,1.7560975609756098,2.2,KUB,23852.0,18090.0,48626.045454545456,37531.0,42307.318181818184,32442.999999999996,88064.0,392540.6666666667,3.0,3.0,,,4.0,,,,6.0,,,6.875,,,,209.8,,,199.0,,,,212.0,,,214.0,,,,95934.4,,,107835.875,,,,89534.0,,,88064.0,,,,0,0,0,3
2022,22,34.015853658536585,33.6,34.3,25.597560975609756,23.0,31.0,1013.0146341463415,1012.9,1013.2,False,45.892682926829266,44.5,47.7,286.8048780487805,1.7560975609756098,2.2,LAW,28101.7,17920.0,44702.77272727273,37064.0,42032.36363636364,32217.0,87201.0,297552.0,4.0,2.0,,,5.0,,,,5.625,,,4.4,,,,211.0,,,202.6,,,,215.0,,,214.0,,,,109962.125,,,110200.4,,,,88478.0,,,87201.0,,,,0,0,0,3
2022,22,34.015853658536585,33.6,34.3,25.597560975609756,23.0,31.0,1013.0146341463415,1012.9,1013.2,False,45.892682926829266,44.5,47.7,286.8048780487805,1.7560975609756098,2.2,LEC,27302.947368421053,17815.0,49541.0,37259.0,42964.36363636364,31814.0,86888.0,320282.5,4.0,,,,5.0,,,,,,,5.818181818181818,,,,,,,195.45454545454547,,,,,,,219.0,,,,,,,107968.72727272728,,,,,,,86888.0,,,,0,0,0,3
2022,22,34.015853658536585,33.6,34.3,25.597560975609756,23.0,31.0,1013.0146341463415,1012.9,1013.2,False,45.892682926829266,44.5,47.7,286.8048780487805,1.7560975609756098,2.2,MAG,23281.764705882353,18033.0,48365.85,37481.0,45229.15,32628.0,88142.0,778184.5,2.0,,,3.0,2.0,,,,,,7.142857142857143,3.75,,,,,,180.57142857142858,176.5,,,,,,210.0,216.0,,,,,,100551.71428571429,112046.75,,,,,,90136.0,88142.0,,,,0,0,0,3
2022,22,34.015853658536585,33.6,34.3,25.597560975609756,23.0,31.0,1013.0146341463415,1012.9,1013.2,False,45.892682926829266,44.5,47.7,286.8048780487805,1.7560975609756098,2.2,OCO,23801.416666666668,17903.0,44029.92592592593,37627.0,38423.77777777778,32314.999999999996,87891.0,260903.0,4.0,,,,5.0,,,,,,,7.7894736842105265,,,,,,,202.52631578947367,,,,,,,216.0,,,,,,,102338.36842105263,,,,,,,87891.0,,,,0,0,0,3
2022,22,34.015853658536585,33.6,34.3,25.597560975609756,23.0,31.0,1013.0146341463415,1012.9,1013.2,False,45.892682926829266,44.5,47.7,286.8048780487805,1.7560975609756098,2.2,OWA,21934.052631578947,18004.0,43841.28571428572,37558.0,40063.04761904762,32765.0,88350.0,639266.4999999999,2.0,,,2.0,3.0,,,,,,7.0,5.5,,,,,,212.0,194.875,,,,,,218.0,218.0,,,,,,101652.88888888889,103655.625,,,,,,89200.0,88350.0,,,,0,0,0,3
2022,22,34.015853658536585,33.6,34.3,25.597560975609756,23.0,31.0,1013.0146341463415,1012.9,1013.2,False,45.892682926829266,44.5,47.7,286.8048780487805,1.7560975609756098,2.2,PER,23810.55,17860.0,46576.95652173913,36898.0,41407.52173913043,32209.000000000004,86967.0,435536.0,3.0,,,,4.0,,,,,,,6.75,,,,,,,188.9375,,,,,,,214.0,,,,,,,111358.9375,,,,,,,86967.0,,,,0,0,0,3
2022,22,34.015853658536585,33.6,34.3,25.597560975609756,23.0,31.0,1013.0146341463415,1012.9,1013.2,False,45.892682926829266,44.5,47.7,286.8048780487805,1.7560975609756098,2.2,RIC,20688.666666666668,17869.0,44088.76190476191,37602.0,38795.333333333336,32148.000000000004,87619.0,820410.0,2.0,2.0,,,3.0,,,,8.0,,,4.5,,,,211.66666666666666,,,186.5,,,,216.0,,,218.0,,,,99618.11111111111,,,102284.16666666667,,,,89035.0,,,87619.0,,,,0,0,0,3
2022,22,34.015853658536585,33.6,34.3,25.597560975609756,23.0,31.0,1013.0146341463415,1012.9,1013.2,False,45.892682926829266,44.5,47.7,286.8048780487805,1.7560975609756098,2.2,RUS,20578.222222222223,17678.0,41918.066666666666,37119.0,37447.96666666667,32055.999999999996,86853.0,454485.5,2.0,2.0,,,3.0,,,,9.384615384615385,,,7.0,,,,210.76923076923077,,,190.1818181818182,,,,214.0,,,218.0,,,,91385.61538461539,,,101657.09090909091,,,,88956.0,,,86853.0,,,,0,0,0,3
2022,22,34.015853658536585,33.6,34.3,25.597560975609756,23.0,31.0,1013.0146341463415,1012.9,1013.2,False,45.892682926829266,44.5,47.7,286.8048780487805,1.7560975609756098,2.2,SAR,22200.1,17975.0,43646.739130434784,37481.0,39377.913043478264,32642.000000000004,88098.0,370103.0,2.0,3.0,,,2.0,,,,10.066666666666666,,,2.5,,,,210.33333333333334,,,215.0,,,,218.0,,,218.0,,,,98649.26666666666,,,111094.0,,,,89300.0,,,88098.0,,,,0,0,0,3
2022,22,34.015853658536585,33.6,34.3,25.597560975609756,23.0,31.0,1013.0146341463415,1012.9,1013.2,False,45.892682926829266,44.5,47.7,286.8048780487805,1.7560975609756098,2.2,SHW,24960.809523809523,17818.0,45499.291666666664,37365.0,40606.541666666664,32183.999999999996,87429.0,323453.25,4.0,,,,5.0,,,,,,,6.4,,,,,,,199.46666666666667,,,,,,,217.0,,,,,,,103584.66666666667,,,,,,,87429.0,,,,0,0,0,3
2022,22,34.015853658536585,33.6,34.3,25.597560975609756,23.0,31.0,1013.0146341463415,1012.9,1013.2,False,45.892682926829266,44.5,47.7,286.8048780487805,1.7560975609756098,2.2,TSU,23012.76,17916.0,44185.78571428572,37195.0,39819.57142857143,32664.0,87991.0,283660.3333333333,3.0,,,4.0,3.0,,,,,,11.722222222222221,3.5,,,,,,198.0,211.5,,,,,,214.0,212.0,,,,,,99988.44444444444,88262.5,,,,,,88597.0,87991.0,,,,0,0,0,3
2022,22,34.015853658536585,33.6,34.3,25.597560975609756,23.0,31.0,1013.0146341463415,1012.9,1013.2,False,45.892682926829266,44.5,47.7,286.8048780487805,1.7560975609756098,2.2,VET,24471.352941176472,17742.0,49978.7,37215.0,42166.7,32311.0,87268.0,782025.0,2.0,2.0,,,3.0,,,,6.333333333333333,,,5.2,,,,198.33333333333334,,,178.4,,,,214.0,,,220.0,,,,103093.83333333333,,,103812.0,,,,89166.0,,,87268.0,,,,0,0,0,3
2023,1,26.989285714285714,26.3,27.6,12.261904761904763,11.0,14.0,1017.3142857142857,1017.2,1017.5,False,40.482142857142854,37.8,42.7,300.0952380952381,2.579761904761905,3.5,ALB,38095.63636363636,30341.0,51340.6,41571.0,30537.533333333333,23934.0,96018.0,703867.6666666666,3.0,,,4.0,,,,,,,4.428571428571429,,,,,,,250.14285714285714,,,,,,,287.0,,,,,,,108091.71428571429,,,,,,,96018.0,,,,,0,0,0,2
2023,1,26.989285714285714,26.3,27.6,12.261904761904763,11.0,14.0,1017.3142857142857,1017.2,1017.5,False,40.482142857142854,37.8,42.7,300.0952380952381,2.579761904761905,3.5,ALO,36471.5,29654.0,48999.59090909091,40156.0,28329.045454545456,23386.0,93196.0,444127.3333333333,3.0,,,2.0,4.0,,,,,,7.5,4.0,,,,,,279.5,191.5,,,,,,282.0,283.0,,,,,,109913.3,117595.0,,,,,,94867.0,93196.0,,,,0,0,0,2
2023,1,26.989285714285714,26.3,27.6,12.261904761904763,11.0,14.0,1017.3142857142857,1017.2,1017.5,False,40.482142857142854,37.8,42.7,300.0952380952381,2.579761904761905,3.5,BOT,39989.75,30140.0,49869.9,40780.0,28607.5,23769.0,94689.0,318813.2,5.0,,,2.0,6.0,,,,,,6.0,6.0,,,,,,269.2,222.75,,,,,,274.0,278.0,,,,,,102194.4,105067.75,,,,,,97149.0,94689.0,,,,0,0,0,2
2023,1,26.989285714285714,26.3,27.6,12.261904761904763,11.0,14.0,1017.3142857142857,1017.2,1017.5,False,40.482142857142854,37.8,42.7,300.0952380952381,2.579761904761905,3.5,DEV,39078.27272727273,30314.0,50428.48,41419.0,28502.84,23669.0,95402.0,234996.0,4.0,,,5.0,3.0,,,,,,9.5,3.5,,,,,,250.5,261.75,,,,,,279.0,278.0,,,,,,112525.75,113096.0,,,,,,97493.0,95402.0,,,,0,0,0,2
2023,1,26.989285714285714,26.3,27.6,12.261904761904763,11.0,14.0,1017.3142857142857,1017.2,1017.5,False,40.482142857142854,37.8,42.7,300.0952380952381,2.579761904761905,3.5,GAS,39484.36842105263,30404.0,51596.09090909091,41200.0,27380.545454545456,23833.0,95455.0,603693.0,2.0,,,3.0,,,,,,,6.466666666666667,,,,,,,264.8,,,,,,,282.0,,,,,,,113915.53333333334,,,,,,,95455.0,,,,,0,0,0,2
2023,1,26.989285714285714,26.3,27.6,12.261904761904763,11.0,14.0,1017.3142857142857,1017.2,1017.5,False,40.482142857142854,37.8,42.7,300.0952380952381,2.579761904761905,3.5,HAM,42902.63636363636,29999.0,52881.0,40996.0,28055.923076923078,23739.0,94917.0,400654.3333333333,3.0,,,4.0,,,1.0,,,,4.5,,,2.0,,,,281.25,,,275.0,,,,285.0,,,275.0,,,,99999.5,,,95462.0,,,,94917.0,,,95462.0,,0,0,0,2
2023,1,26.989285714285714,26.3,27.6,12.261904761904763,11.0,14.0,1017.3142857142857,1017.2,1017.5,False,40.482142857142854,37.8,42.7,300.0952380952381,2.579761904761905,3.5,HUL,33066.84210526316,30047.0,44917.77272727273,41203.0,26495.545454545456,23793.0,95043.0,744026.0,2.0,,,,3.0,,,,,,,6.235294117647059,,,,,,,260.5882352941176,,,,,,,279.0,,,,,,,99492.70588235294,,,,,,,95043.0,,,,0,0,0,2
2023,1,26.989285714285714,26.3,27.6,12.261904761904763,11.0,14.0,1017.3142857142857,1017.2,1017.5,False,40.482142857142854,37.8,42.7,300.0952380952381,2.579761904761905,3.5,LEC,45899.142857142855,30083.0,50986.41176470588,40519.0,28821.882352941175,23655.0,94257.0,442913.75,4.0,,,5.0,,,,,,,5.0,,,,,,,241.5,,,,,,,282.0,,,,,,,99683.83333333333,,,,,,,94257.0,,,,,0,0,0,2
2023,1,26.989285714285714,26.3,27.6,12.261904761904763,11.0,14.0,1017.3142857142857,1017.2,1017.5,False,40.482142857142854,37.8,42.7,300.0952380952381,2.579761904761905,3.5,MAG,34084.82352941176,30013.0,47082.3,40746.0,26247.8,23643.0,94402.0,806298.0,2.0,,,,3.0,,,,,,,5.8,,,,,,,258.6666666666667,,,,,,,280.0,,,,,,,100080.8,,,,,,,94402.0,,,,0,0,0,2
2023,1,26.989285714285714,26.3,27.6,12.261904761904763,11.0,14.0,1017.3142857142857,1017.2,1017.5,False,40.482142857142854,37.8,42.7,300.0952380952381,2.579761904761905,3.5,NOR,35770.94117647059,29958.0,47251.76190476191,40579.0,27532.333333333332,23628.0,94165.0,507605.6666666667,3.0,,,2.0,4.0,,,,,,4.0,7.555555555555555,,,,,,270.0,251.77777777777777,,,,,,278.0,283.0,,,,,,109563.5,105229.44444444444,,,,,,96488.0,94165.0,,,,0,0,0,2
2023,1,26.989285714285714,26.3,27.6,12.261904761904763,11.0,14.0,1017.3142857142857,1017.2,1017.5,False,40.482142857142854,37.8,42.7,300.0952380952381,2.579761904761905,3.5,OCO,38374.0,30214.0,51336.95,41179.0,29623.35,23712.0,95105.0,710377.5,2.0,,,3.0,,,,,,,5.714285714285714,,,,,,,257.07142857142856,,,,,,,281.0,,,,,,,114197.71428571429,,,,,,,95105.0,,,,,0,0,0,2
2023,1,26.989285714285714,26.3,27.6,12.261904761904763,11.0,14.0,1017.3142857142857,1017.2,1017.5,False,40.482142857142854,37.8,42.7,300.0952380952381,2.579761904761905,3.5,PER,38426.22222222222,29561.0,48114.619047619046,39913.0,27362.428571428572,23284.0,92758.0,505178.0,3.0,,,2.0,4.0,,,,,,3.5,8.3,,,,,,281.5,276.3,,,,,,285.0,282.0,,,,,,94706.0,98472.3,,,,,,94343.0,92758.0,,,,0,0,0,2
2023,1,26.989285714285714,26.3,27.6,12.261904761904763,11.0,14.0,1017.3142857142857,1017.2,1017.5,False,40.482142857142854,37.8,42.7,300.0952380952381,2.579761904761905,3.5,PIA,35982.95238095238,30078.0,48054.208333333336,41108.0,27834.0,23719.0,94997.0,399284.3333333333,3.0,,,4.0,3.0,,,,,,5.285714285714286,7.9,,,,,,249.71428571428572,273.9,,,,,,281.0,280.0,,,,,,116873.85714285714,106001.3,,,,,,96274.0,94997.0,,,,0,0,0,2
2023,1,26.989285714285714,26.3,27.6,12.261904761904763,11.0,14.0,1017.3142857142857,1017.2,1017.5,False,40.482142857142854,37.8,42.7,300.0952380952381,2.579761904761905,3.5,RUS,38493.666666666664,30084.0,48173.2,40957.0,26590.55,23661.0,94966.0,516256.5,2.0,,,3.0,,,,,,,5.857142857142857,,,,,,,262.7857142857143,,,,,,,288.0,,,,,,,105735.21428571429,,,,,,,94966.0,,,,,0,0,0,2
2023,1,26.989285714285714,26.3,27.6,12.261904761904763,11.0,14.0,1017.3142857142857,1017.2,1017.5,False,40.482142857142854,37.8,42.7,300.0952380952381,2.579761904761905,3.5,SAI,39731.333333333336,30283.0,49606.19047619047,41491.0,29070.0,23982.0,96072.0,471617.0,3.0,,,4.0,,,,,,,11.25,,,,,,,254.58333333333334,,,,,,,278.0,,,,,,,104727.5,,,,,,,96072.0,,,,,0,0,0,2
2023,1,26.989285714285714,26.3,27.6,12.261904761904763,11.0,14.0,1017.3142857142857,1017.2,1017.5,False,40.482142857142854,37.8,42.7,300.0952380952381,2.579761904761905,3.5,SAR,35417.45,30379.0,47966.958333333336,41477.0,27463.666666666668,23785.0,95749.0,414727.0,3.0,4.0,,3.0,,,,,10.785714285714286,,3.0,,,,,261.85714285714283,,279.6666666666667,,,,,283.0,,282.0,,,,,106363.14285714286,,110209.33333333333,,,,,96102.0,,95749.0,,,,,0,0,0,2
2023,1,26.989285714285714,26.3,27.6,12.261904761904763,11.0,14.0,1017.3142857142857,1017.2,1017.5,False,40.482142857142854,37.8,42.7,300.0952380952381,2.579761904761905,3.5,STR,39981.42857142857,29940.0,50455.0,40742.0,29177.470588235294,23553.0,94298.0,561016.0,3.0,,,2.0,4.0,,,,,,6.5,4.333333333333333,,,,,,279.8333333333333,199.66666666666666,,,,,,281.0,276.0,,,,,,112118.0,111091.0,,,,,,95589.0,94298.0,,,,0,0,0,2
2023,1,26.989285714285714,26.3,27.6,12.261904761904763,11.0,14.0,1017.3142857142857,1017.2,1017.5,False,40.482142857142854,37.8,42.7,300.0952380952381,2.579761904761905,3.5,TSU,39349.41176470588,30075.0,53632.55,41082.0,29286.95,23808.0,95015.0,724721.0,2.0,,,3.0,2.0,,,,,,6.7,3.6666666666666665,,,,,,238.2,278.6666666666667,,,,,,280.0,279.0,,,,,,121592.9,110000.0,,,,,,96763.0,95015.0,,,,0,0,0,2
2023,1,26.989285714285714,26.3,27.6,12.261904761904763,11.0,14.0,1017.3142857142857,1017.2,1017.5,False,40.482142857142854,37.8,42.7,300.0952380952381,2.579761904761905,3.5,VER,37139.38888888889,29507.0,50772.57142857143,40148.0,28219.904761904763,23720.0,93375.0,435273.3333333333,3.0,,,1.0,4.0,,,,,,2.0,8.818181818181818,,,,,,280.0,276.09090909090907,,,,,,280.0,284.0,,,,,,95429.0,98008.0,,,,,,95429.0,93375.0,,,,0,0,0,2
2023,1,26.989285714285714,26.3,27.6,12.261904761904763,11.0,14.0,1017.3142857142857,1017.2,1017.5,False,40.482142857142854,37.8,42.7,300.0952380952381,2.579761904761905,3.5,ZHO,41841.21428571428,30020.0,48676.166666666664,40798.0,28309.944444444445,23594.0,94575.0,356865.8,5.0,,,2.0,6.0,,,,,,6.0,5.0,,,,,,269.2,207.33333333333334,,,,,,273.0,278.0,,,,,,103767.8,106339.33333333333,,,,,,96889.0,94575.0,,,,0,0,0,2
2023,2,26.66219512195122,26.4,27.0,54.31707317073171,49.0,58.0,1008.9365853658537,1008.7,1009.0,False,42.81707317073171,39.5,45.5,333.0365853658537,3.2621951219512195,5.1,ALB,41670.36842105263,33129.0,34220.391304347824,28786.0,34919.04347826087,29036.0,91030.0,445648.3333333333,3.0,4.0,,,3.0,,,,8.909090909090908,,,4.0,,,,278.0,,,300.2,,,,304.0,,,304.0,,,,108870.90909090909,,,109280.2,,,,92027.0,,,91030.0,,,,0,0,1,7
2023,2,26.66219512195122,26.4,27.0,54.31707317073171,49.0,58.0,1008.9365853658537,1008.7,1009.0,False,42.81707317073171,39.5,45.5,333.0365853658537,3.2621951219512195,5.1,ALO,42956.52631578947,32924.0,35794.40909090909,28556.0,35474.27272727273,28835.0,90315.0,414836.3333333335,3.0,,,,4.0,,,,,,,6.285714285714286,,,,,,,275.64285714285717,,,,,,,299.0,,,,,,,107630.71428571429,,,,,,,90315.0,,,,0,0,1,7
2023,2,26.66219512195122,26.4,27.0,54.31707317073171,49.0,58.0,1008.9365853658537,1008.7,1009.0,False,42.81707317073171,39.5,45.5,333.0365853658537,3.2621951219512195,5.1,BOT,41007.63636363636,33390.0,32918.16,29130.0,34648.96,29450.0,91970.0,307830.5,4.0,,,5.0,3.0,,,,,,9.0,3.75,,,,,,262.8333333333333,291.0,,,,,,290.0,298.0,,,,,,100106.66666666667,101065.0,,,,,,93885.0,91970.0,,,,0,0,1,7
2023,2,26.66219512195122,26.4,27.0,54.31707317073171,49.0,58.0,1008.9365853658537,1008.7,1009.0,False,42.81707317073171,39.5,45.5,333.0365853658537,3.2621951219512195,5.1,DEV,42649.07407407407,33198.0,33912.93103448276,28946.0,35170.03448275862,29207.0,91450.0,243646.66666666666,3.0,,,1.0,4.0,,,,,,6.5,9.23076923076923,,,,,,295.4,269.61538461538464,,,,,,298.0,300.0,,,,,,109035.8,110093.30769230769,,,,,,92531.0,91450.0,,,,0,0,1,7
2023,2,26.66219512195122,26.4,27.0,54.31707317073171,49.0,58.0,1008.9365853658537,1008.7,1009.0,False,42.81707317073171,39.5,45.5,333.0365853658537,3.2621951219512195,5.1,GAS,40133.28571428572,32981.0,33322.708333333336,28835.0,33416.416666666664,29110.0,90949.0,641097.5,2.0,,,2.0,3.0,,,,,,7.0,6.5,,,,,,290.6666666666667,270.1,,,,,,296.0,304.0,,,,,,101678.66666666667,105715.8,,,,,,91896.0,90949.0,,,,0,0,1,7
2023,2,26.66219512195122,26.4,27.0,54.31707317073171,49.0,58.0,1008.9365853658537,1008.7,1009.0,False,42.81707317073171,39.5,45.5,333.0365853658537,3.2621951219512195,5.1,HAM,43014.391304347824,33167.0,34642.11538461538,28596.0,33962.53846153846,29024.0,90787.0,299411.33333333343,3.0,4.0,,,2.0,,,,9.857142857142858,,,3.3333333333333335,,,,291.85714285714283,,,266.0,,,,297.0,,,298.0,,,,105538.0,,,107447.33333333333,,,,92098.0,,,90787.0,,,,0,0,1,7
2023,2,26.66219512195122,26.4,27.0,54.31707317073171,49.0,58.0,1008.9365853658537,1008.7,1009.0,False,42.81707317073171,39.5,45.5,333.0365853658537,3.2621951219512195,5.1,HUL,41026.84210526316,33207.0,34482.36363636364,28864.0,35072.0,29221.0,91552.0,731096.0,2.0,3.0,,,2.0,,,,9.090909090909092,,,3.0,,,,266.09090909090907,,,297.3333333333333,,,,296.0,,,299.0,,,,100331.45454545454,,,109153.33333333333,,,,93888.0,,,91552.0,,,,0,0,1,7
2023,2,26.66219512195122,26.4,27.0,54.31707317073171,49.0,58.0,1008.9365853658537,1008.7,1009.0,False,42.81707317073171,39.5,45.5,333.0365853658537,3.2621951219512195,5.1,LEC,41879.82608695652,32936.0,34920.192307692305,28985.0,34265.88461538462,29197.0,91118.0,329348.0,3.0,1.0,,,4.0,,,,5.0,,,9.7,,,,293.5,,,287.1,,,,298.0,,,296.0,,,,98806.66666666667,,,99756.3,,,,92005.0,,,91118.0,,,,0,0,1,7
2023,2,26.66219512195122,26.4,27.0,54.31707317073171,49.0,58.0,1008.9365853658537,1008.7,1009.0,False,42.81707317073171,39.5,45.5,333.0365853658537,3.2621951219512195,5.1,MAG,41659.15,33304.0,35767.608695652176,28907.0,35608.04347826087,29355.0,91566.0,639239.0,2.0,,,3.0,2.0,,,,,,9.181818181818182,4.25,,,,,,264.6363636363636,294.0,,,,,,296.0,298.0,,,,,,105006.45454545454,105837.5,,,,,,93164.0,91566.0,,,,0,0,1,7
2023,2,26.66219512195122,26.4,27.0,54.31707317073171,49.0,58.0,1008.9365853658537,1008.7,1009.0,False,42.81707317073171,39.5,45.5,333.0365853658537,3.2621951219512195,5.1,NOR,41883.94117647059,33162.0,35559.76190476191,29075.0,35682.90476190476,29600.0,92149.0,483564.0,3.0,,,4.0,3.0,,,,,,9.88888888888889,3.0,,,,,,264.44444444444446,265.0,,,,,,296.0,290.0,,,,,,99631.0,92409.5,,,,,,92600.0,92149.0,,,,0,0,1,7
2023,2,26.66219512195122,26.4,27.0,54.31707317073171,49.0,58.0,1008.9365853658537,1008.7,1009.0,False,42.81707317073171,39.5,45.5,333.0365853658537,3.2621951219512195,5.1,OCO,42480.05263157895,33064.0,33240.181818181816,28951.0,34340.818181818184,29147.0,91181.0,510152.3333333333,3.0,,,3.0,4.0,,,,,,6.875,5.0,,,,,,294.125,293.2857142857143,,,,,,296.0,298.0,,,,,,106104.625,98666.71428571429,,,,,,91772.0,91181.0,,,,0,0,1,7
2023,2,26.66219512195122,26.4,27.0,54.31707317073171,49.0,58.0,1008.9365853658537,1008.7,1009.0,False,42.81707317073171,39.5,45.5,333.0365853658537,3.2621951219512195,5.1,PER,52248.333333333336,32770.0,42660.9,28568.0,39695.75,28623.0,90100.0,331279.25,4.0,,,,5.0,,,,,,,6.428571428571429,,,,,,,258.57142857142856,,,,,,,307.0,,,,,,,105629.14285714286,,,,,,,90100.0,,,,0,0,1,7
2023,2,26.66219512195122,26.4,27.0,54.31707317073171,49.0,58.0,1008.9365853658537,1008.7,1009.0,False,42.81707317073171,39.5,45.5,333.0365853658537,3.2621951219512195,5.1,PIA,41196.71428571428,33097.0,32928.375,28933.0,34618.041666666664,29332.0,91491.0,411852.3333333333,3.0,,,4.0,3.0,,,,,,9.545454545454545,4.5,,,,,,269.72727272727275,293.0,,,,,,300.0,295.0,,,,,,104801.27272727272,112314.66666666667,,,,,,92637.0,91491.0,,,,0,0,1,7
2023,2,26.66219512195122,26.4,27.0,54.31707317073171,49.0,58.0,1008.9365853658537,1008.7,1009.0,False,42.81707317073171,39.5,45.5,333.0365853658537,3.2621951219512195,5.1,RUS,40243.0,33102.0,32260.615384615383,28681.0,33595.46153846154,28988.0,90771.0,337582.3333333333,3.0,1.0,,,4.0,,,,5.0,,,10.3,,,,298.14285714285717,,,289.5,,,,300.0,,,301.0,,,,93588.28571428571,,,95029.1,,,,92567.0,,,90771.0,,,,0,0,1,7
2023,2,26.66219512195122,26.4,27.0,54.31707317073171,49.0,58.0,1008.9365853658537,1008.7,1009.0,False,42.81707317073171,39.5,45.5,333.0365853658537,3.2621951219512195,5.1,SAI,42461.3,33021.0,33239.34782608696,28980.0,34432.65217391304,28923.0,90924.0,341404.0,4.0,5.0,,,4.0,,,,9.545454545454545,,,3.5,,,,273.72727272727275,,,297.0,,,,299.0,,,298.0,,,,99632.09090909091,,,91272.5,,,,92158.0,,,90924.0,,,,0,0,1,7
2023,2,26.66219512195122,26.4,27.0,54.31707317073171,49.0,58.0,1008.9365853658537,1008.7,1009.0,False,42.81707317073171,39.5,45.5,333.0365853658537,3.2621951219512195,5.1,SAR,42746.34782608696,33601.0,34608.807692307695,29217.0,34133.07692307692,29104.0,91922.0,342853.3333333333,3.0,,,4.0,3.0,,,,,,10.0,4.0,,,,,,277.35714285714283,298.0,,,,,,302.0,299.0,,,,,,106155.0,111886.8,,,,,,93280.0,91922.0,,,,0,0,1,7
2023,2,26.66219512195122,26.4,27.0,54.31707317073171,49.0,58.0,1008.9365853658537,1008.7,1009.0,False,42.81707317073171,39.5,45.5,333.0365853658537,3.2621951219512195,5.1,STR,43511.05882352941,32818.0,35862.3,28712.0,36835.85,28994.0,90577.0,611864.0,2.0,,,,3.0,,,,,,,5.846153846153846,,,,,,,282.0769230769231,,,,,,,294.0,,,,,,,112415.38461538461,,,,,,,90577.0,,,,0,0,1,7
2023,2,26.66219512195122,26.4,27.0,54.31707317073171,49.0,58.0,1008.9365853658537,1008.7,1009.0,False,42.81707317073171,39.5,45.5,333.0365853658537,3.2621951219512195,5.1,TSU,46877.681818181816,33013.0,35084.84,28872.0,35653.16,29225.0,91110.0,266475.25,4.0,,,2.0,5.0,,,,,,6.375,6.625,,,,,,294.375,262.5,,,,,,300.0,297.0,,,,,,105383.5,120440.125,,,,,,93474.0,91110.0,,,,0,0,1,7
2023,2,26.66219512195122,26.4,27.0,54.31707317073171,49.0,58.0,1008.9365853658537,1008.7,1009.0,False,42.81707317073171,39.5,45.5,333.0365853658537,3.2621951219512195,5.1,VER,47147.8125,32558.999999999996,39502.555555555555,28345.0,37638.72222222222,28597.0,89617.0,317072.5,2.0,,,,3.0,,,,,,,4.857142857142857,,,,,,,302.85714285714283,,,,,,,305.0,,,,,,,90143.42857142857,,,,,,,89617.0,,,,0,0,1,7
2023,2,26.66219512195122,26.4,27.0,54.31707317073171,49.0,58.0,1008.9365853658537,1008.7,1009.0,False,42.81707317073171,39.5,45.5,333.0365853658537,3.2621951219512195,5.1,ZHO,41840.73684210526,33437.0,33728.72727272727,29126.0,35737.818181818184,29423.0,91986.0,483022.3333333333,3.0,4.0,,,3.0,,,,8.636363636363637,,,3.5,,,,262.54545454545456,,,288.0,,,,290.0,,,293.0,,,,104528.0,,,109954.25,,,,95111.0,,,91986.0,,,,0,0,1,7
2023,3,18.06935483870968,17.5,18.8,61.83870967741935,57.0,65.0,1012.4725806451613,1012.2,1012.7,False,32.34516129032258,29.3,36.7,180.59677419354838,1.1564516129032258,2.5,ALB,35508.5,27446.0,20785.315789473683,17748.0,43525.882352941175,34159.0,79766.0,346640.5,4.0,,,2.0,5.0,,,,,,5.0,5.0,,,,,,300.42857142857144,301.55555555555554,,,,,,302.0,305.0,,,,,,94085.42857142857,101094.33333333333,,,,,,79766.0,79855.0,,,,2,0,0,5
2023,3,18.06935483870968,17.5,18.8,61.83870967741935,57.0,65.0,1012.4725806451613,1012.2,1012.7,False,32.34516129032258,29.3,36.7,180.59677419354838,1.1564516129032258,2.5,ALO,34426.36363636364,27423.0,19482.666666666668,18005.0,38067.78947368421,33889.0,79317.0,391459.0,3.0,4.0,,,3.0,,,,9.133333333333333,,,2.5,,,,286.6666666666667,,,296.5,,,,297.0,,,298.0,,,,91836.46666666666,,,96646.0,,,,79780.0,,,79317.0,,,,2,0,0,5
2023,3,18.06935483870968,17.5,18.8,61.83870967741935,57.0,65.0,1012.4725806451613,1012.2,1012.7,False,32.34516129032258,29.3,36.7,180.59677419354838,1.1564516129032258,2.5,BOT,32967.84210526316,27758.0,19093.78947368421,18147.0,42790.58823529412,34453.0,80419.0,352086.0,4.0,3.0,,,5.0,,,,6.0,,,4.857142857142857,,,,293.44444444444446,,,287.7142857142857,,,,301.0,,,296.0,,,,91631.33333333333,,,94651.57142857143,,,,81862.0,,,80419.0,,,,2,0,0,5
2023,3,18.06935483870968,17.5,18.8,61.83870967741935,57.0,65.0,1012.4725806451613,1012.2,1012.7,False,32.34516129032258,29.3,36.7,180.59677419354838,1.1564516129032258,2.5,DEV,32985.84,27631.0,20218.32,18133.0,41549.59090909091,34169.0,79933.0,482213.5,2.0,,,3.0,2.0,,,,,,8.8125,3.5,,,,,,288.9375,292.8333333333333,,,,,,297.0,295.0,,,,,,94761.5,95040.83333333333,,,,,,79933.0,80908.0,,,,2,0,0,5
2023,3,18.06935483870968,17.5,18.8,61.83870967741935,57.0,65.0,1012.4725806451613,1012.2,1012.7,False,32.34516129032258,29.3,36.7,180.59677419354838,1.1564516129032258,2.5,GAS,32331.65,27376.0,19832.3,17806.0,40485.42105263158,34218.0,79646.0,658946.0,2.0,,,3.0,2.0,,,,,,7.857142857142857,3.0,,,,,,291.64285714285717,293.6,,,,,,299.0,303.0,,,,,,92121.0,93399.4,,,,,,80032.0,79646.0,,,,2,0,0,5
2023,3,18.06935483870968,17.5,18.8,61.83870967741935,57.0,65.0,1012.4725806451613,1012.2,1012.7,False,32.34516129032258,29.3,36.7,180.59677419354838,1.1564516129032258,2.5,HAM,34704.444444444445,27416.0,21113.444444444445,17886.0,39394.0,33859.0,79223.0,674812.0,2.0,,,1.0,3.0,,,,,,3.5,6.0,,,,,,297.8333333333333,291.0,,,,,,302.0,303.0,,,,,,96812.83333333333,94169.72727272728,,,,,,80090.0,79223.0,,,,2,0,0,5
2023,3,18.06935483870968,17.5,18.8,61.83870967741935,57.0,65.0,1012.4725806451613,1012.2,1012.7,False,32.34516129032258,29.3,36.7,180.59677419354838,1.1564516129032258,2.5,HUL,33339.833333333336,27568.0,20172.5,18079.0,39341.875,33997.0,79806.0,697578.0,2.0,,,3.0,2.0,,,,,,5.9,3.5,,,,,,290.2,288.1666666666667,,,,,,298.0,300.0,,,,,,92164.9,95309.83333333333,,,,,,81422.0,79806.0,,,,2,0,0,5
2023,3,18.06935483870968,17.5,18.8,61.83870967741935,57.0,65.0,1012.4725806451613,1012.2,1012.7,False,32.34516129032258,29.3,36.7,180.59677419354838,1.1564516129032258,2.5,LEC,35502.666666666664,27410.0,20971.733333333334,17949.0,40041.307692307695,34019.0,79378.0,909294.0,2.0,3.0,,,2.0,,,,5.6,,,2.0,,,,287.6,,,296.3333333333333,,,,300.0,,,298.0,,,,94030.7,,,110291.66666666667,,,,80114.0,,,79378.0,,,,2,0,0,5
2023,3,18.06935483870968,17.5,18.8,61.83870967741935,57.0,65.0,1012.4725806451613,1012.2,1012.7,False,32.34516129032258,29.3,36.7,180.59677419354838,1.1564516129032258,2.5,MAG,36032.6875,27776.0,19943.125,18002.0,39169.357142857145,35085.0,81147.0,790818.5,2.0,3.0,,,2.0,,,,5.444444444444445,,,3.0,,,,291.22222222222223,,,290.8,,,,300.0,,,303.0,,,,93868.22222222222,,,96457.8,,,,81761.0,,,81147.0,,,,2,0,0,5
2023,3,18.06935483870968,17.5,18.8,61.83870967741935,57.0,65.0,1012.4725806451613,1012.2,1012.7,False,32.34516129032258,29.3,36.7,180.59677419354838,1.1564516129032258,2.5,NOR,40021.066666666666,27642.0,22098.6,18065.0,40955.333333333336,33713.0,79536.0,557603.3333333334,3.0,,,3.0,4.0,,,,,,6.0,3.0,,,,,,296.85714285714283,292.2,,,,,,303.0,298.0,,,,,,99583.28571428571,95054.6,,,,,,79968.0,79536.0,,,,2,0,0,5
2023,3,18.06935483870968,17.5,18.8,61.83870967741935,57.0,65.0,1012.4725806451613,1012.2,1012.7,False,32.34516129032258,29.3,36.7,180.59677419354838,1.1564516129032258,2.5,OCO,35930.6,27880.0,20067.05,17938.0,38871.35294117647,34176.0,80175.0,674344.0,2.0,1.0,,,3.0,,,,6.0,,,4.166666666666667,,,,297.72727272727275,,,289.0,,,,302.0,,,304.0,,,,94492.45454545454,,,97316.33333333333,,,,80344.0,,,80175.0,,,,2,0,0,5
2023,3,18.06935483870968,17.5,18.8,61.83870967741935,57.0,65.0,1012.4725806451613,1012.2,1012.7,False,32.34516129032258,29.3,36.7,180.59677419354838,1.1564516129032258,2.5,PER,37947.05263157895,27521.0,21691.263157894737,17898.0,43694.375,33850.0,79293.0,348347.75,4.0,,,5.0,3.0,,,,,,7.2727272727272725,2.0,,,,,,295.54545454545456,301.0,,,,,,305.0,302.0,,,,,,96529.0,114864.33333333333,,,,,,79293.0,98589.0,,,,2,0,0,5
2023,3,18.06935483870968,17.5,18.8,61.83870967741935,57.0,65.0,1012.4725806451613,1012.2,1012.7,False,32.34516129032258,29.3,36.7,180.59677419354838,1.1564516129032258,2.5,PIA,35966.13636363636,27805.0,20815.363636363636,18074.0,40774.73684210526,33898.0,79777.0,406542.6666666667,3.0,4.0,,,2.0,,,,6.363636363636363,,,4.0,,,,289.3636363636364,,,295.85714285714283,,,,299.0,,,299.0,,,,94399.36363636363,,,97759.57142857143,,,,81659.0,,,79777.0,,,,2,0,0,5
2023,3,18.06935483870968,17.5,18.8,61.83870967741935,57.0,65.0,1012.4725806451613,1012.2,1012.7,False,32.34516129032258,29.3,36.7,180.59677419354838,1.1564516129032258,2.5,RUS,33686.13636363636,27504.0,20833.363636363636,17949.0,41993.7,34149.0,79699.0,347912.6666666667,3.0,,,4.0,2.0,,,,,,6.916666666666667,4.0,,,,,,291.3333333333333,297.0,,,,,,298.0,299.0,,,,,,92931.91666666667,95571.85714285714,,,,,,80188.0,79699.0,,,,2,0,0,5
2023,3,18.06935483870968,17.5,18.8,61.83870967741935,57.0,65.0,1012.4725806451613,1012.2,1012.7,False,32.34516129032258,29.3,36.7,180.59677419354838,1.1564516129032258,2.5,SAI,32682.5,27467.0,19954.7,17969.0,40596.705882352944,34032.0,79505.0,755202.5,2.0,3.0,,,2.0,,,,6.75,,,3.0,,,,288.3333333333333,,,298.2,,,,299.0,,,301.0,,,,89730.0,,,103159.2,,,,80093.0,,,79505.0,,,,2,0,0,5
2023,3,18.06935483870968,17.5,18.8,61.83870967741935,57.0,65.0,1012.4725806451613,1012.2,1012.7,False,32.34516129032258,29.3,36.7,180.59677419354838,1.1564516129032258,2.5,SAR,35457.84210526316,27761.0,21190.105263157893,17855.0,46731.055555555555,34421.0,80074.0,303153.0,4.0,1.0,,,5.0,,,,5.0,,,4.0,,,,300.22222222222223,,,294.85714285714283,,,,305.0,,,306.0,,,,96309.88888888889,,,100883.85714285714,,,,80758.0,,,80074.0,,,,2,0,0,5
2023,3,18.06935483870968,17.5,18.8,61.83870967741935,57.0,65.0,1012.4725806451613,1012.2,1012.7,False,32.34516129032258,29.3,36.7,180.59677419354838,1.1564516129032258,2.5,STR,34183.47368421053,27502.0,22508.764705882353,18076.0,44193.75,33922.0,79766.0,708906.0,2.0,,,3.0,2.0,,,,,,7.461538461538462,2.0,,,,,,287.61538461538464,287.0,,,,,,298.0,296.0,,,,,,98296.0,112442.66666666667,,,,,,79766.0,111213.0,,,,2,0,0,5
2023,3,18.06935483870968,17.5,18.8,61.83870967741935,57.0,65.0,1012.4725806451613,1012.2,1012.7,False,32.34516129032258,29.3,36.7,180.59677419354838,1.1564516129032258,2.5,TSU,37507.857142857145,27502.0,22636.928571428572,18053.0,42816.916666666664,34521.0,80399.0,565025.0,1.0,,,1.0,2.0,,,,,,5.0,2.0,,,,,,294.3333333333333,278.0,,,,,,298.0,294.0,,,,,,98379.77777777778,107972.66666666667,,,,,,80399.0,83818.0,,,,2,0,0,5
2023,3,18.06935483870968,17.5,18.8,61.83870967741935,57.0,65.0,1012.4725806451613,1012.2,1012.7,False,32.34516129032258,29.3,36.7,180.59677419354838,1.1564516129032258,2.5,VER,39767.17647058824,27216.0,22207.882352941175,17649.0,44042.57142857143,33910.0,78790.0,476479.0,3.0,,,,4.0,,,,,,,4.615384615384615,,,,,,,291.84615384615387,,,,,,,304.0,,,,,,,102081.15384615384,,,,,,,78790.0,,,,2,0,0,5
2023,3,18.06935483870968,17.5,18.8,61.83870967741935,57.0,65.0,1012.4725806451613,1012.2,1012.7,False,32.34516129032258,29.3,36.7,180.59677419354838,1.1564516129032258,2.5,ZHO,34743.13636363636,27735.0,20086.619047619046,18198.0,39921.78947368421,34340.0,80569.0,423099.3333333333,3.0,4.0,,,3.0,,,,6.916666666666667,,,4.5,,,,285.75,,,292.3333333333333,,,,295.0,,,297.0,,,,90234.83333333333,,,101846.66666666667,,,,81841.0,,,80569.0,,,,2,0,0,5
2023,4,20.61566265060241,19.6,21.3,76.33734939759036,74.0,78.0,1012.8144578313254,1012.5,1013.2,False,44.473493975903615,43.0,45.4,227.81927710843374,1.1518072289156627,2.0,ALB,41955.47619047619,36572.0,48217.791666666664,41956.0,26995.375,25026.0,103628.0,494705.0,2.0,,,2.0,3.0,,,,,,7.909090909090909,5.0,,,,,,331.8181818181818,329.0,,,,,,339.0,337.0,,,,,,110180.0,118161.57142857143,,,,,,105330.0,103628.0,,,,1,0,1,14
2023,4,20.61566265060241,19.6,21.3,76.33734939759036,74.0,78.0,1012.8144578313254,1012.5,1013.2,False,44.473493975903615,43.0,45.4,227.81927710843374,1.1518072289156627,2.0,ALO,42602.58823529412,36778.0,48443.78947368421,41835.0,29898.63157894737,24790.0,103560.0,741742.0,2.0,,,3.0,,,,,,,9.384615384615385,,,,,,,317.7692307692308,,,,,,,337.0,,,,,,,111740.92307692308,,,,,,,103560.0,,,,,1,0,1,14
2023,4,20.61566265060241,19.6,21.3,76.33734939759036,74.0,78.0,1012.8144578313254,1012.5,1013.2,False,44.473493975903615,43.0,45.4,227.81927710843374,1.1518072289156627,2.0,BOT,42254.8,36727.0,48296.954545454544,42072.0,29035.0,25211.0,104010.0,596180.0,2.0,,,2.0,3.0,,,,,,7.3,4.5,,,,,,318.8,324.5,,,,,,331.0,332.0,,,,,,112212.1,116236.83333333333,,,,,,106262.0,104010.0,,,,1,0,1,14
2023,4,20.61566265060241,19.6,21.3,76.33734939759036,74.0,78.0,1012.8144578313254,1012.5,1013.2,False,44.473493975903615,43.0,45.4,227.81927710843374,1.1518072289156627,2.0,DEV,44987.05,36441.0,49211.13043478261,41833.0,28079.652173913044,25026.0,103414.0,452753.0,2.0,,,2.0,3.0,,,,,,4.5,4.454545454545454,,,,,,331.1666666666667,303.72727272727275,,,,,,334.0,342.0,,,,,,116318.66666666667,119352.0,,,,,,104251.0,103414.0,,,,1,0,1,14
2023,4,20.61566265060241,19.6,21.3,76.33734939759036,74.0,78.0,1012.8144578313254,1012.5,1013.2,False,44.473493975903615,43.0,45.4,227.81927710843374,1.1518072289156627,2.0,GAS,44878.0,37877.0,47605.166666666664,43104.0,26747.166666666668,25340.0,106321.0,,,,,1.0,,,,,,,4.0,,,,,,,330.6,,,,,,,332.0,,,,,,,114042.2,,,,,,,106321.0,,,,,1,0,1,14
2023,4,20.61566265060241,19.6,21.3,76.33734939759036,74.0,78.0,1012.8144578313254,1012.5,1013.2,False,44.473493975903615,43.0,45.4,227.81927710843374,1.1518072289156627,2.0,HAM,44336.4375,36760.0,49019.4,41670.0,28386.25,25247.0,103798.0,411136.0,3.0,,,3.0,,,,,,,11.0,,,,,,,314.7,,,,,,,325.0,,,,,,,109456.2,,,,,,,103798.0,,,,,1,0,1,14
2023,4,20.61566265060241,19.6,21.3,76.33734939759036,74.0,78.0,1012.8144578313254,1012.5,1013.2,False,44.473493975903615,43.0,45.4,227.81927710843374,1.1518072289156627,2.0,HUL,43847.944444444445,36897.0,50400.3,42048.0,28139.95,25115.0,104323.0,679851.5,2.0,1.0,,2.0,3.0,,,,4.5,,3.5,3.5,,,,331.0,,334.5,325.25,,,,336.0,,336.0,334.0,,,,113897.66666666667,,121827.5,119079.5,,,,107445.0,,105931.0,104323.0,,,,1,0,1,14
2023,4,20.61566265060241,19.6,21.3,76.33734939759036,74.0,78.0,1012.8144578313254,1012.5,1013.2,False,44.473493975903615,43.0,45.4,227.81927710843374,1.1518072289156627,2.0,LEC,42116.833333333336,35955.0,51736.95238095238,41264.0,28287.85714285714,24960.0,102352.0,642837.0,2.0,2.0,,,3.0,,,,6.888888888888889,,,4.666666666666667,,,,326.0,,,326.6666666666667,,,,334.0,,,335.0,,,,109436.88888888889,,,108042.66666666667,,,,104420.0,,,102352.0,,,,1,0,1,14
2023,4,20.61566265060241,19.6,21.3,76.33734939759036,74.0,78.0,1012.8144578313254,1012.5,1013.2,False,44.473493975903615,43.0,45.4,227.81927710843374,1.1518072289156627,2.0,MAG,40714.5,38349.0,48403.142857142855,43724.0,26361.571428571428,25425.0,107498.0,,,1.0,,,,,,,4.5,,,,,,,331.3333333333333,,,,,,,335.0,,,,,,,114706.66666666667,,,,,,,107498.0,,,,,,,1,0,1,14
2023,4,20.61566265060241,19.6,21.3,76.33734939759036,74.0,78.0,1012.8144578313254,1012.5,1013.2,False,44.473493975903615,43.0,45.4,227.81927710843374,1.1518072289156627,2.0,NOR,41909.42105263158,36462.0,48050.76190476191,41603.0,27986.095238095237,25060.0,103125.0,615657.0,2.0,2.0,,,3.0,,,,7.909090909090909,,,4.25,,,,320.90909090909093,,,259.0,,,,329.0,,,330.0,,,,109371.36363636363,,,116821.25,,,,105344.0,,,103125.0,,,,1,0,1,14
2023,4,20.61566265060241,19.6,21.3,76.33734939759036,74.0,78.0,1012.8144578313254,1012.5,1013.2,False,44.473493975903615,43.0,45.4,227.81927710843374,1.1518072289156627,2.0,OCO,44743.833333333336,37603.0,49664.42857142857,43089.0,26973.14285714286,25263.0,105955.0,,,,,1.0,,,,,,,4.5,,,,,,,320.0,,,,,,,334.0,,,,,,,120915.33333333333,,,,,,,105955.0,,,,,1,0,1,14
2023,4,20.61566265060241,19.6,21.3,76.33734939759036,74.0,78.0,1012.8144578313254,1012.5,1013.2,False,44.473493975903615,43.0,45.4,227.81927710843374,1.1518072289156627,2.0,PER,44675.57894736842,36293.0,50376.181818181816,41234.0,29014.5,24862.0,102454.0,632351.5,2.0,,,2.0,3.0,,,,,,6.888888888888889,4.8,,,,,,330.0,337.6,,,,,,339.0,340.0,,,,,,114793.66666666667,117654.4,,,,,,104116.0,102454.0,,,,1,0,1,14
2023,4,20.61566265060241,19.6,21.3,76.33734939759036,74.0,78.0,1012.8144578313254,1012.5,1013.2,False,44.473493975903615,43.0,45.4,227.81927710843374,1.1518072289156627,2.0,PIA,43913.55,36442.0,47650.52173913043,42103.0,27454.090909090908,25215.0,103980.0,466096.5,2.0,2.0,,,3.0,,,,6.888888888888889,,,5.5,,,,324.77777777777777,,,294.125,,,,336.0,,,330.0,,,,113052.44444444444,,,120117.875,,,,107143.0,,,103980.0,,,,1,0,1,14
2023,4,20.61566265060241,19.6,21.3,76.33734939759036,74.0,78.0,1012.8144578313254,1012.5,1013.2,False,44.473493975903615,43.0,45.4,227.81927710843374,1.1518072289156627,2.0,RUS,41970.86666666667,37105.0,46971.26315789474,42372.0,29305.842105263157,25369.0,105082.0,491020.6666666667,3.0,,,4.0,3.0,,,,,,8.272727272727273,2.0,,,,,,290.90909090909093,326.0,,,,,,328.0,326.0,,,,,,112806.72727272728,115204.0,,,,,,105082.0,115204.0,,,,1,0,1,14
2023,4,20.61566265060241,19.6,21.3,76.33734939759036,74.0,78.0,1012.8144578313254,1012.5,1013.2,False,44.473493975903615,43.0,45.4,227.81927710843374,1.1518072289156627,2.0,SAI,42026.1,36382.0,52012.59090909091,41610.0,28530.863636363636,24738.0,102899.0,564181.0,2.0,2.0,,,3.0,,,,7.909090909090909,,,4.0,,,,325.1818181818182,,,332.0,,,,334.0,,,340.0,,,,113317.54545454546,,,113421.75,,,,104234.0,,,102899.0,,,,1,0,1,14
2023,4,20.61566265060241,19.6,21.3,76.33734939759036,74.0,78.0,1012.8144578313254,1012.5,1013.2,False,44.473493975903615,43.0,45.4,227.81927710843374,1.1518072289156627,2.0,SAR,40725.07692307692,37032.0,46729.375,42498.0,27385.0,25209.0,104900.0,507315.0,2.0,,,2.0,3.0,,,,,,6.888888888888889,2.0,,,,,,333.1111111111111,329.0,,,,,,342.0,329.0,,,,,,112204.11111111111,104900.0,,,,,,106515.0,104900.0,,,,1,0,1,14
2023,4,20.61566265060241,19.6,21.3,76.33734939759036,74.0,78.0,1012.8144578313254,1012.5,1013.2,False,44.473493975903615,43.0,45.4,227.81927710843374,1.1518072289156627,2.0,STR,43878.9,36466.0,48297.217391304344,41900.0,28429.090909090908,25089.0,103455.0,383396.6666666667,3.0,4.0,,2.0,3.0,,,,1.5,,8.5,2.5,,,,192.5,,321.6666666666667,329.0,,,,328.0,,332.0,330.0,,,,135539.5,,114053.75,114524.5,,,,132476.0,,104053.0,103455.0,,,,1,0,1,14
2023,4,20.61566265060241,19.6,21.3,76.33734939759036,74.0,78.0,1012.8144578313254,1012.5,1013.2,False,44.473493975903615,43.0,45.4,227.81927710843374,1.1518072289156627,2.0,TSU,49283.2,36628.0,53714.055555555555,42172.0,31412.777777777777,25151.0,104137.0,785608.5,2.0,,,2.0,3.0,,,,,,3.0,3.857142857142857,,,,,,332.0,298.2857142857143,,,,,,334.0,334.0,,,,,,111532.66666666667,120740.57142857143,,,,,,105473.0,104137.0,,,,1,0,1,14
2023,4,20.61566265060241,19.6,21.3,76.33734939759036,74.0,78.0,1012.8144578313254,1012.5,1013.2,False,44.473493975903615,43.0,45.4,227.81927710843374,1.1518072289156627,2.0,VER,43276.42105263158,36203.0,48162.681818181816,41243.0,28624.863636363636,24802.0,102315.0,630227.5,2.0,,,2.0,3.0,,,,,,6.888888888888889,5.0,,,,,,330.6666666666667,280.14285714285717,,,,,,337.0,338.0,,,,,,112747.33333333333,123405.28571428571,,,,,,103834.0,102315.0,,,,1,0,1,14
2023,4,20.61566265060241,19.6,21.3,76.33734939759036,74.0,78.0,1012.8144578313254,1012.5,1013.2,False,44.473493975903615,43.0,45.4,227.81927710843374,1.1518072289156627,2.0,ZHO,42902.31578947369,36493.0,49259.72727272727,42118.0,27988.409090909092,25137.0,103748.0,548923.0,2.0,,,2.0,3.0,,,,,,7.909090909090909,4.0,,,,,,318.54545454545456,330.2,,,,,,329.0,333.0,,,,,,115203.18181818182,114793.0,,,,,,106754.0,103748.0,,,,1,0,1,14
2023,5,29.459259259259255,29.1,29.9,46.48148148148148,44.0,50.0,1017.5604938271604,1017.2,1017.9,False,49.36296296296297,47.6,50.5,136.2469135802469,2.84320987654321,4.5,ALB,38516.681818181816,31190.0,39826.36,35121.0,31341.64,25592.0,91903.0,338266.6666666667,3.0,1.0,,,4.0,,,,5.0,,,9.636363636363637,,,,280.0,,,255.1818181818182,,,,283.0,,,282.0,,,,110489.85714285714,,,102632.72727272728,,,,93479.0,,,91903.0,,,,1,1,0,3
2023,5,29.459259259259255,29.1,29.9,46.48148148148148,44.0,50.0,1017.5604938271604,1017.2,1017.9,False,49.36296296296297,47.6,50.5,136.2469135802469,2.84320987654321,4.5,ALO,38069.35,30844.0,43169.916666666664,34807.0,31187.869565217392,25530.0,91231.0,387313.3333333333,3.0,,,2.0,4.0,,,,,,6.0,8.5,,,,,,276.8,256.1,,,,,,278.0,280.0,,,,,,114616.4,103428.0,,,,,,92542.0,91231.0,,,,1,1,0,3
2023,5,29.459259259259255,29.1,29.9,46.48148148148148,44.0,50.0,1017.5604938271604,1017.2,1017.9,False,49.36296296296297,47.6,50.5,136.2469135802469,2.84320987654321,4.5,BOT,39706.36842105263,31202.0,39142.608695652176,34744.0,31536.956521739132,25926.0,91902.0,329625.25,4.0,3.0,,,5.0,,,,6.5,,,8.5,,,,272.0,,,239.9,,,,274.0,,,275.0,,,,95390.66666666667,,,110261.8,,,,93973.0,,,91902.0,,,,1,1,0,3
2023,5,29.459259259259255,29.1,29.9,46.48148148148148,44.0,50.0,1017.5604938271604,1017.2,1017.9,False,49.36296296296297,47.6,50.5,136.2469135802469,2.84320987654321,4.5,DEV,37176.22222222222,32575.000000000004,44283.0,35925.0,29747.5,26034.0,94637.0,,,1.0,,,,,,,5.5,,,,,,,275.25,,,,,,,277.0,,,,,,,112333.75,,,,,,,94637.0,,,,,,,1,1,0,3
2023,5,29.459259259259255,29.1,29.9,46.48148148148148,44.0,50.0,1017.5604938271604,1017.2,1017.9,False,49.36296296296297,47.6,50.5,136.2469135802469,2.84320987654321,4.5,GAS,38744.58823529412,30644.0,40900.15,34681.0,32329.57894736842,25710.0,91104.0,778194.5,2.0,1.0,,,3.0,,,,5.0,,,7.0,,,,268.14285714285717,,,221.57142857142858,,,,275.0,,,279.0,,,,100362.28571428571,,,120609.0,,,,94277.0,,,91104.0,,,,1,1,0,3
2023,5,29.459259259259255,29.1,29.9,46.48148148148148,44.0,50.0,1017.5604938271604,1017.2,1017.9,False,49.36296296296297,47.6,50.5,136.2469135802469,2.84320987654321,4.5,HAM,37657.95,30511.0,38572.0,34362.0,29148.260869565216,25334.0,90337.0,446537.0,3.0,,,3.0,4.0,,,,,,10.666666666666666,2.5,,,,,,274.4166666666667,223.25,,,,,,279.0,282.0,,,,,,95705.08333333333,111833.25,,,,,,92967.0,90337.0,,,,1,1,0,3
2023,5,29.459259259259255,29.1,29.9,46.48148148148148,44.0,50.0,1017.5604938271604,1017.2,1017.9,False,49.36296296296297,47.6,50.5,136.2469135802469,2.84320987654321,4.5,HUL,36067.545454545456,30782.0,41360.92307692308,34731.0,31009.76923076923,25654.0,91392.0,552119.0,1.0,1.0,,,2.0,,,,4.5,,,3.5,,,,272.8333333333333,,,274.5,,,,278.0,,,279.0,,,,103687.5,,,114300.5,,,,94401.0,,,91392.0,,,,1,1,0,3
2023,5,29.459259259259255,29.1,29.9,46.48148148148148,44.0,50.0,1017.5604938271604,1017.2,1017.9,False,49.36296296296297,47.6,50.5,136.2469135802469,2.84320987654321,4.5,LEC,38687.71428571428,30518.0,42131.69565217391,34262.0,32854.17391304348,25594.0,90449.0,631321.0,2.0,1.0,,,3.0,,,,6.5,,,6.428571428571429,,,,273.0,,,236.14285714285714,,,,276.0,,,278.0,,,,106137.2,,,110546.28571428571,,,,92478.0,,,90449.0,,,,1,1,0,3
2023,5,29.459259259259255,29.1,29.9,46.48148148148148,44.0,50.0,1017.5604938271604,1017.2,1017.9,False,49.36296296296297,47.6,50.5,136.2469135802469,2.84320987654321,4.5,MAG,35163.0,31052.0,39259.958333333336,34954.0,31241.0,25827.0,91853.0,634579.0,2.0,,,3.0,2.0,,,,,,10.2,3.5,,,,,,257.06666666666666,269.0,,,,,,277.0,279.0,,,,,,100846.73333333334,110808.25,,,,,,94980.0,91853.0,,,,1,1,0,3
2023,5,29.459259259259255,29.1,29.9,46.48148148148148,44.0,50.0,1017.5604938271604,1017.2,1017.9,False,49.36296296296297,47.6,50.5,136.2469135802469,2.84320987654321,4.5,NOR,35741.77777777778,30921.0,38762.90909090909,35230.0,30059.0,25846.0,91997.0,471817.6666666667,3.0,,,2.0,4.0,,,,,,5.0,9.0,,,,,,276.0,252.54545454545453,,,,,,277.0,276.0,,,,,,105560.6,96583.54545454546,,,,,,93813.0,91997.0,,,,1,1,0,3
2023,5,29.459259259259255,29.1,29.9,46.48148148148148,44.0,50.0,1017.5604938271604,1017.2,1017.9,False,49.36296296296297,47.6,50.5,136.2469135802469,2.84320987654321,4.5,OCO,38435.52,30835.0,41061.77777777778,34860.0,30837.88888888889,25774.0,91542.0,942349.0,1.0,,,1.0,2.0,,,,,,8.0,6.5,,,,,,273.53846153846155,238.7,,,,,,278.0,279.0,,,,,,107435.69230769231,111039.0,,,,,,93107.0,91542.0,,,,1,1,0,3
2023,5,29.459259259259255,29.1,29.9,46.48148148148148,44.0,50.0,1017.5604938271604,1017.2,1017.9,False,49.36296296296297,47.6,50.5,136.2469135802469,2.84320987654321,4.5,PER,37113.333333333336,30910.0,39136.80952380953,34885.0,31007.380952380954,25626.0,91566.0,478828.0,3.0,1.0,,,4.0,,,,5.0,,,8.142857142857142,,,,281.14285714285717,,,245.0,,,,282.0,,,281.0,,,,111161.57142857143,,,96727.42857142857,,,,93080.0,,,91566.0,,,,1,1,0,3
2023,5,29.459259259259255,29.1,29.9,46.48148148148148,44.0,50.0,1017.5604938271604,1017.2,1017.9,False,49.36296296296297,47.6,50.5,136.2469135802469,2.84320987654321,4.5,PIA,36618.23809523809,31003.0,39508.416666666664,35052.0,30660.916666666668,25755.0,91810.0,447229.3333333333,3.0,,,4.0,3.0,,,,,,11.4,2.5,,,,,,260.6,278.5,,,,,,277.0,279.0,,,,,,101638.53333333334,103318.5,,,,,,93152.0,91810.0,,,,1,1,0,3
2023,5,29.459259259259255,29.1,29.9,46.48148148148148,44.0,50.0,1017.5604938271604,1017.2,1017.9,False,49.36296296296297,47.6,50.5,136.2469135802469,2.84320987654321,4.5,RUS,37552.2,30549.0,39340.76470588235,34137.0,31878.352941176472,25439.0,90125.0,656867.6666666669,3.0,,,3.0,4.0,,,,,,8.714285714285714,2.5,,,,,,273.57142857142856,218.5,,,,,,276.0,280.0,,,,,,93877.85714285714,124110.5,,,,,,92910.0,90125.0,,,,1,1,0,3
2023,5,29.459259259259255,29.1,29.9,46.48148148148148,44.0,50.0,1017.5604938271604,1017.2,1017.9,False,49.36296296296297,47.6,50.5,136.2469135802469,2.84320987654321,4.5,SAI,38817.95238095238,30762.0,42218.04347826087,34430.0,31450.91304347826,25479.0,90724.0,656360.0,2.0,1.0,,,3.0,,,,6.5,,,6.666666666666667,,,,274.4,,,233.83333333333334,,,,278.0,,,278.0,,,,102027.3,,,107625.16666666667,,,,93159.0,,,90724.0,,,,1,1,0,3
2023,5,29.459259259259255,29.1,29.9,46.48148148148148,44.0,50.0,1017.5604938271604,1017.2,1017.9,False,49.36296296296297,47.6,50.5,136.2469135802469,2.84320987654321,4.5,SAR,40349.708333333336,31564.0,39614.846153846156,35267.0,31343.615384615383,25636.0,92619.0,236095.25,4.0,,,1.0,5.0,,,,,,5.0,11.0,,,,,,278.0,257.1818181818182,,,,,,282.0,279.0,,,,,,110008.71428571429,101505.72727272728,,,,,,94516.0,92619.0,,,,1,1,0,3
2023,5,29.459259259259255,29.1,29.9,46.48148148148148,44.0,50.0,1017.5604938271604,1017.2,1017.9,False,49.36296296296297,47.6,50.5,136.2469135802469,2.84320987654321,4.5,STR,43667.35,30922.0,44121.739130434784,34669.0,32809.217391304344,25740.0,91337.0,523978.0,2.0,1.0,,,3.0,,,,5.5,,,7.555555555555555,,,,273.75,,,267.0,,,,279.0,,,279.0,,,,114516.625,,,124281.33333333333,,,,93529.0,,,91337.0,,,,1,1,0,3
2023,5,29.459259259259255,29.1,29.9,46.48148148148148,44.0,50.0,1017.5604938271604,1017.2,1017.9,False,49.36296296296297,47.6,50.5,136.2469135802469,2.84320987654321,4.5,TSU,41093.2,31373.0,41382.892857142855,34992.0,32163.535714285714,25804.0,92169.0,257627.33333333334,3.0,3.0,,,4.0,,,,8.363636363636363,,,6.5,,,,276.72727272727275,,,227.6,,,,279.0,,,282.0,,,,108614.72727272728,,,118884.6,,,,93564.0,,,92169.0,,,,1,1,0,3
2023,5,29.459259259259255,29.1,29.9,46.48148148148148,44.0,50.0,1017.5604938271604,1017.2,1017.9,False,49.36296296296297,47.6,50.5,136.2469135802469,2.84320987654321,4.5,VER,36872.22222222222,30560.0,38842.71428571428,34442.0,30815.571428571428,25461.0,90549.0,492864.0,3.0,4.0,,,3.0,,,,8.333333333333334,,,3.5,,,,255.91666666666666,,,280.0,,,,282.0,,,280.0,,,,106490.75,,,90801.5,,,,91826.0,,,90549.0,,,,1,1,0,3
2023,5,29.459259259259255,29.1,29.9,46.48148148148148,44.0,50.0,1017.5604938271604,1017.2,1017.9,False,49.36296296296297,47.6,50.5,136.2469135802469,2.84320987654321,4.5,ZHO,38600.38888888889,31019.0,41132.80952380953,34947.0,32520.47619047619,25995.0,92134.0,484786.3333333333,3.0,,,2.0,4.0,,,,,,6.0,7.0,,,,,,272.8,270.77777777777777,,,,,,274.0,277.0,,,,,,102825.0,111318.88888888889,,,,,,94393.0,92134.0,,,,1,1,0,3
2023,6,26.345205479452055,25.9,26.8,37.397260273972606,34.0,40.0,1018.5438356164383,1018.2,1018.9,False,46.54794520547945,45.0,48.1,127.27397260273973,0.7767123287671234,1.6,ALB,22711.9,19451.0,39855.1,35299.0,24896.333333333332,19809.0,74666.0,197831.0,3.0,4.0,,3.0,,,,,9.833333333333334,,5.8,,,,,261.8333333333333,,259.7,,,,,266.0,,268.0,,,,,84930.66666666667,,88465.0,,,,,76031.0,,74666.0,,,,,2,0,0,4
2023,6,26.345205479452055,25.9,26.8,37.397260273972606,34.0,40.0,1018.5438356164383,1018.2,1018.9,False,46.54794520547945,45.0,48.1,127.27397260273973,0.7767123287671234,1.6,ALO,22113.428571428572,19116.0,40473.5,34693.0,24090.84,19688.0,73710.0,417940.5,2.0,1.0,,3.0,,,,,6.5,,7.6923076923076925,,,,,262.5,,263.15384615384613,,,,,266.0,,267.0,,,,,87739.91666666667,,85519.92307692308,,,,,74658.0,,73710.0,,,,,2,0,0,4
2023,6,26.345205479452055,25.9,26.8,37.397260273972606,34.0,40.0,1018.5438356164383,1018.2,1018.9,False,46.54794520547945,45.0,48.1,127.27397260273973,0.7767123287671234,1.6,BOT,22522.137931034482,19490.0,40313.357142857145,35397.0,26949.5,19749.0,74718.0,173673.74999999994,4.0,1.0,,4.0,,,,,7.0,,7.0,,,,,256.9230769230769,,263.0,,,,,265.0,,265.0,,,,,86835.61538461539,,88197.18181818182,,,,,75919.0,,74718.0,,,,,2,0,0,4
2023,6,26.345205479452055,25.9,26.8,37.397260273972606,34.0,40.0,1018.5438356164383,1018.2,1018.9,False,46.54794520547945,45.0,48.1,127.27397260273973,0.7767123287671234,1.6,DEV,23481.75,19723.0,40426.0625,35405.0,24045.366666666665,19920.0,75083.0,233849.0,2.0,1.0,,3.0,,,,,8.0,,8.6,,,,,262.6666666666667,,259.53333333333336,,,,,267.0,,265.0,,,,,86902.73333333334,,89916.13333333333,,,,,76440.0,,75083.0,,,,,2,0,0,4
2023,6,26.345205479452055,25.9,26.8,37.397260273972606,34.0,40.0,1018.5438356164383,1018.2,1018.9,False,46.54794520547945,45.0,48.1,127.27397260273973,0.7767123287671234,1.6,GAS,22107.633333333335,19635.0,39009.620689655174,35187.0,23035.071428571428,19909.0,74866.0,830756.0,1.0,1.0,,2.0,,,,,9.0,,6.0,,,,,259.05882352941177,,261.09090909090907,,,,,261.0,,262.0,,,,,84800.0,,82583.72727272728,,,,,75914.0,,74866.0,,,,,2,0,0,4
2023,6,26.345205479452055,25.9,26.8,37.397260273972606,34.0,40.0,1018.5438356164383,1018.2,1018.9,False,46.54794520547945,45.0,48.1,127.27397260273973,0.7767123287671234,1.6,HAM,22929.19230769231,19330.0,41036.24,35112.0,23860.083333333332,19593.0,74035.0,522220.5,2.0,1.0,,3.0,,,,,5.0,,8.533333333333333,,,,,264.55555555555554,,249.06666666666666,,,,,267.0,,267.0,,,,,90053.66666666667,,86955.86666666667,,,,,75790.0,,74035.0,,,,,2,0,0,4
2023,6,26.345205479452055,25.9,26.8,37.397260273972606,34.0,40.0,1018.5438356164383,1018.2,1018.9,False,46.54794520547945,45.0,48.1,127.27397260273973,0.7767123287671234,1.6,HUL,22404.529411764706,19682.0,41197.529411764706,35780.0,23885.533333333333,20139.0,75785.0,647837.0,1.0,1.0,,2.0,,,,,6.5,,2.0,,,,,255.08333333333334,,262.6666666666667,,,,,266.0,,264.0,,,,,86071.75,,87593.66666666667,,,,,75785.0,,80730.0,,,,,2,0,0,4
2023,6,26.345205479452055,25.9,26.8,37.397260273972606,34.0,40.0,1018.5438356164383,1018.2,1018.9,False,46.54794520547945,45.0,48.1,127.27397260273973,0.7767123287671234,1.6,LEC,22225.75,19255.0,41034.291666666664,34783.0,27047.31818181818,19642.0,74093.0,419896.3333333333,3.0,,,4.0,,,,,,,6.5,,,,,,,263.25,,,,,,,266.0,,,,,,,87061.65,,,,,,,74093.0,,,,,2,0,0,4
2023,6,26.345205479452055,25.9,26.8,37.397260273972606,34.0,40.0,1018.5438356164383,1018.2,1018.9,False,46.54794520547945,45.0,48.1,127.27397260273973,0.7767123287671234,1.6,MAG,22699.896551724138,19651.0,40385.40740740741,35198.0,24558.19230769231,19876.0,74725.0,396589.5,2.0,1.0,,3.0,,,,,7.5,,7.25,,,,,263.7857142857143,,251.08333333333334,,,,,267.0,,266.0,,,,,84938.42857142857,,91204.25,,,,,75562.0,,74725.0,,,,,2,0,0,4
2023,6,26.345205479452055,25.9,26.8,37.397260273972606,34.0,40.0,1018.5438356164383,1018.2,1018.9,False,46.54794520547945,45.0,48.1,127.27397260273973,0.7767123287671234,1.6,NOR,22435.791666666668,19538.0,40977.708333333336,35143.0,24012.272727272728,19730.0,74467.0,418130.6666666667,3.0,,,4.0,,,,,,,6.333333333333333,,,,,,,260.9047619047619,,,,,,,265.0,,,,,,,86466.14285714286,,,,,,,74467.0,,,,,2,0,0,4
2023,6,26.345205479452055,25.9,26.8,37.397260273972606,34.0,40.0,1018.5438356164383,1018.2,1018.9,False,46.54794520547945,45.0,48.1,127.27397260273973,0.7767123287671234,1.6,OCO,23368.379310344826,19657.0,39649.17857142857,35171.0,23657.14814814815,19757.0,74585.0,863178.0,1.0,1.0,,2.0,,,,,9.0,,5.5,,,,,260.88235294117646,,239.0,,,,,264.0,,261.0,,,,,83836.76470588235,,91763.1,,,,,75651.0,,74585.0,,,,,2,0,0,4
2023,6,26.345205479452055,25.9,26.8,37.397260273972606,34.0,40.0,1018.5438356164383,1018.2,1018.9,False,46.54794520547945,45.0,48.1,127.27397260273973,0.7767123287671234,1.6,PER,22915.69230769231,19324.0,42029.807692307695,34925.0,25537.458333333332,19565.0,74038.0,344730.6666666667,3.0,2.0,,4.0,,,,,8.923076923076923,,5.666666666666667,,,,,262.84615384615387,,254.55555555555554,,,,,265.0,,266.0,,,,,88279.53846153847,,90555.44444444444,,,,,74809.0,,74038.0,,,,,2,0,0,4
2023,6,26.345205479452055,25.9,26.8,37.397260273972606,34.0,40.0,1018.5438356164383,1018.2,1018.9,False,46.54794520547945,45.0,48.1,127.27397260273973,0.7767123287671234,1.6,PIA,21979.8064516129,19738.0,39714.73333333333,35538.0,24034.58620689655,19819.0,75192.0,211257.66666666666,3.0,4.0,,3.0,,,,,8.75,,6.833333333333333,,,,,263.875,,263.5833333333333,,,,,267.0,,267.0,,,,,85575.5,,85786.33333333333,,,,,76300.0,,75192.0,,,,,2,0,0,4
2023,6,26.345205479452055,25.9,26.8,37.397260273972606,34.0,40.0,1018.5438356164383,1018.2,1018.9,False,46.54794520547945,45.0,48.1,127.27397260273973,0.7767123287671234,1.6,RUS,22395.958333333332,19579.0,38968.13636363636,35342.0,23330.55,19958.0,75066.0,454932.6666666667,3.0,1.0,,4.0,,,,,4.0,,7.615384615384615,,,,,262.42857142857144,,262.53846153846155,,,,,268.0,,269.0,,,,,84142.28571428571,,85277.15384615384,,,,,76763.0,,75066.0,,,,,2,0,0,4
2023,6,26.345205479452055,25.9,26.8,37.397260273972606,34.0,40.0,1018.5438356164383,1018.2,1018.9,False,46.54794520547945,45.0,48.1,127.27397260273973,0.7767123287671234,1.6,SAI,22936.19230769231,19309.0,40812.88,34605.0,25119.375,19458.0,73372.0,550251.5000000002,2.0,,,2.0,,,,,,,6.521739130434782,,,,,,,261.1304347826087,,,,,,,273.0,,,,,,,88141.78260869565,,,,,,,73372.0,,,,,2,0,0,4
2023,6,26.345205479452055,25.9,26.8,37.397260273972606,34.0,40.0,1018.5438356164383,1018.2,1018.9,False,46.54794520547945,45.0,48.1,127.27397260273973,0.7767123287671234,1.6,SAR,23539.068965517243,19760.0,41982.724137931036,35538.0,24149.814814814814,20152.0,75557.0,213570.66666666666,3.0,1.0,,4.0,,,,,7.5,,8.416666666666666,,,,,263.2142857142857,,258.9166666666667,,,,,266.0,,266.0,,,,,89990.21428571429,,84693.33333333333,,,,,77402.0,,75557.0,,,,,2,0,0,4
2023,6,26.345205479452055,25.9,26.8,37.397260273972606,34.0,40.0,1018.5438356164383,1018.2,1018.9,False,46.54794520547945,45.0,48.1,127.27397260273973,0.7767123287671234,1.6,STR,24399.555555555555,19485.0,41615.269230769234,35145.0,24802.6,20023.0,74653.0,430386.0,2.0,1.0,,3.0,,,,,6.5,,7.538461538461538,,,,,257.75,,250.0,,,,,264.0,,265.0,,,,,88676.41666666667,,92296.38461538461,,,,,75618.0,,74653.0,,,,,2,0,0,4
2023,6,26.345205479452055,25.9,26.8,37.397260273972606,34.0,40.0,1018.5438356164383,1018.2,1018.9,False,46.54794520547945,45.0,48.1,127.27397260273973,0.7767123287671234,1.6,TSU,22658.444444444445,19720.0,39734.59259259259,35128.0,24576.68,19862.0,74820.0,315293.0,2.0,1.0,,3.0,,,,,8.5,,5.666666666666667,,,,,261.125,,258.6666666666667,,,,,267.0,,264.0,,,,,85652.0625,,89206.11111111111,,,,,74964.0,,74820.0,,,,,2,0,0,4
2023,6,26.345205479452055,25.9,26.8,37.397260273972606,34.0,40.0,1018.5438356164383,1018.2,1018.9,False,46.54794520547945,45.0,48.1,127.27397260273973,0.7767123287671234,1.6,VER,23627.0,19347.0,42170.68,34928.0,25099.217391304348,19670.0,74244.0,480034.0,2.0,1.0,,3.0,,,,,5.5,,7.538461538461538,,,,,262.9,,237.92307692307693,,,,,267.0,,266.0,,,,,88644.9,,91416.69230769231,,,,,74946.0,,74244.0,,,,,2,0,0,4
2023,6,26.345205479452055,25.9,26.8,37.397260273972606,34.0,40.0,1018.5438356164383,1018.2,1018.9,False,46.54794520547945,45.0,48.1,127.27397260273973,0.7767123287671234,1.6,ZHO,23955.125,19760.0,41019.708333333336,35577.0,24181.18181818182,20071.0,75684.0,342428.3333333333,3.0,2.0,,4.0,,,,,6.181818181818182,,6.3,,,,,262.0,,259.1,,,,,266.0,,265.0,,,,,88389.09090909091,,87868.4,,,,,77000.0,,75684.0,,,,,2,0,0,4
2023,7,24.798780487804876,23.7,25.5,51.926829268292686,49.0,55.0,999.369512195122,999.0,999.7,False,42.09756097560975,36.7,44.0,202.85365853658536,1.221951219512195,2.5,ALB,30425.36,22656.0,37968.892857142855,30783.0,28649.428571428572,23191.0,76630.0,271569.5,4.0,,,5.0,4.0,2.0,,,,,7.909090909090909,3.6666666666666665,3.5,,,,,258.27272727272725,286.0,283.0,,,,,283.0,287.0,284.0,,,,,90232.36363636363,97296.33333333333,97655.66666666667,,,,,78614.0,76630.0,77676.0,,,0,0,0,0
2023,7,24.798780487804876,23.7,25.5,51.926829268292686,49.0,55.0,999.369512195122,999.0,999.7,False,42.09756097560975,36.7,44.0,202.85365853658536,1.221951219512195,2.5,ALO,30543.666666666668,22626.0,38358.666666666664,30102.0,27379.583333333332,22796.0,75547.0,509308.6666666667,3.0,,,3.0,4.0,2.0,,,,,6.5,4.0,3.5,,,,,271.0,234.0,270.0,,,,,286.0,288.0,271.0,,,,,90029.1,99503.2,115449.0,,,,,76679.0,75547.0,102368.0,,,0,0,0,0
2023,7,24.798780487804876,23.7,25.5,51.926829268292686,49.0,55.0,999.369512195122,999.0,999.7,False,42.09756097560975,36.7,44.0,202.85365853658536,1.221951219512195,2.5,BOT,28960.0,22671.0,36627.083333333336,30400.0,27298.625,22878.0,75978.0,536459.3333333334,3.0,,,4.0,3.0,,,,,,8.333333333333334,3.5,,,,,,254.5,269.25,,,,,,281.0,283.0,,,,,,88854.83333333333,94841.5,,,,,,77475.0,75978.0,,,,0,0,0,0
2023,7,24.798780487804876,23.7,25.5,51.926829268292686,49.0,55.0,999.369512195122,999.0,999.7,False,42.09756097560975,36.7,44.0,202.85365853658536,1.221951219512195,2.5,DEV,31471.478260869564,22476.0,36254.03703703704,30294.0,28922.11111111111,22734.0,75504.0,259176.8000000001,5.0,,,4.0,6.0,,,,,,5.857142857142857,7.0,,,,,,278.0,254.6,,,,,,289.0,288.0,,,,,,93944.57142857143,91085.6,,,,,,76692.0,75504.0,,,,0,0,0,0
2023,7,24.798780487804876,23.7,25.5,51.926829268292686,49.0,55.0,999.369512195122,999.0,999.7,False,42.09756097560975,36.7,44.0,202.85365853658536,1.221951219512195,2.5,GAS,28616.5,22331.0,36781.07407407407,30244.0,27748.74074074074,22970.0,75545.0,452444.9999999997,3.0,,,2.0,4.0,1.0,,,,,5.5,5.857142857142857,4.0,,,,,275.75,253.14285714285714,283.0,,,,,288.0,288.0,286.0,,,,,93899.25,90842.57142857143,82014.2,,,,,76363.0,75545.0,77810.0,,,0,0,0,0
2023,7,24.798780487804876,23.7,25.5,51.926829268292686,49.0,55.0,999.369512195122,999.0,999.7,False,42.09756097560975,36.7,44.0,202.85365853658536,1.221951219512195,2.5,HAM,26496.84,22621.0,34709.03448275862,30293.0,26724.068965517243,22931.0,75845.0,389868.33333333343,3.0,,,1.0,4.0,3.0,,,,,4.5,3.5,4.2727272727272725,,,,,271.5,211.5,272.09090909090907,,,,,278.0,283.0,281.0,,,,,84222.5,97594.75,79712.72727272728,,,,,78192.0,75845.0,78315.0,,,0,0,0,0
2023,7,24.798780487804876,23.7,25.5,51.926829268292686,49.0,55.0,999.369512195122,999.0,999.7,False,42.09756097560975,36.7,44.0,202.85365853658536,1.221951219512195,2.5,HUL,28657.2,22710.0,35526.53571428572,30673.0,27760.964285714286,23025.0,76461.0,405752.6666666667,3.0,,,,3.0,4.0,,,,,,4.916666666666667,6.0,,,,,,275.4166666666667,249.11111111111111,,,,,,289.0,282.0,,,,,,91871.66666666667,85900.66666666667,,,,,,76461.0,80315.0,,,0,0,0,0
2023,7,24.798780487804876,23.7,25.5,51.926829268292686,49.0,55.0,999.369512195122,999.0,999.7,False,42.09756097560975,36.7,44.0,202.85365853658536,1.221951219512195,2.5,LEC,30121.52,22549.0,37839.92857142857,30239.0,27828.785714285714,22906.0,75694.0,239392.0,5.0,,,6.0,5.0,2.0,,,,,6.9,2.5,5.714285714285714,,,,,259.1,287.5,279.14285714285717,,,,,287.0,291.0,285.0,,,,,97066.6,99272.5,85861.14285714286,,,,,77110.0,75694.0,78635.0,,,0,0,0,0
2023,7,24.798780487804876,23.7,25.5,51.926829268292686,49.0,55.0,999.369512195122,999.0,999.7,False,42.09756097560975,36.7,44.0,202.85365853658536,1.221951219512195,2.5,MAG,31050.0,22436.0,40138.818181818184,30310.0,29486.5,22943.0,75689.0,549209.0,3.0,,,,4.0,2.0,,,,,,3.5,5.571428571428571,,,,,,234.625,282.7142857142857,,,,,,290.0,284.0,,,,,,106416.5,87588.71428571429,,,,,,75689.0,78925.0,,,0,0,0,0
2023,7,24.798780487804876,23.7,25.5,51.926829268292686,49.0,55.0,999.369512195122,999.0,999.7,False,42.09756097560975,36.7,44.0,202.85365853658536,1.221951219512195,2.5,NOR,28996.761904761905,22431.0,36736.92,30212.0,28042.08,23140.0,75783.0,381133.5,4.0,,,3.0,4.0,5.0,,,,,6.0,3.0,5.5,,,,,281.2,284.6666666666667,252.9,,,,,282.0,285.0,285.0,,,,,95213.4,98622.33333333333,86231.3,,,,,77407.0,75783.0,78885.0,,,0,0,0,0
2023,7,24.798780487804876,23.7,25.5,51.926829268292686,49.0,55.0,999.369512195122,999.0,999.7,False,42.09756097560975,36.7,44.0,202.85365853658536,1.221951219512195,2.5,OCO,28944.24,22431.0,39916.142857142855,30118.0,29106.5,22869.0,75418.0,535998.5,2.0,,,2.0,3.0,1.0,,,,,5.0,5.5,5.0,,,,,285.57142857142856,243.875,283.7142857142857,,,,,287.0,288.0,287.0,,,,,98257.14285714286,96215.625,94853.71428571429,,,,,76519.0,75418.0,77517.0,,,0,0,0,0
2023,7,24.798780487804876,23.7,25.5,51.926829268292686,49.0,55.0,999.369512195122,999.0,999.7,False,42.09756097560975,36.7,44.0,202.85365853658536,1.221951219512195,2.5,PER,28717.206896551725,22397.0,36845.0,30234.0,27841.96875,22743.0,75374.0,226866.75,4.0,,,4.0,5.0,1.0,,,,,9.2,4.833333333333333,3.0,,,,,272.8666666666667,228.83333333333334,286.0,,,,,289.0,290.0,289.0,,,,,89985.86666666667,101621.83333333333,89644.66666666667,,,,,76420.0,75374.0,77465.0,,,0,0,0,0
2023,7,24.798780487804876,23.7,25.5,51.926829268292686,49.0,55.0,999.369512195122,999.0,999.7,False,42.09756097560975,36.7,44.0,202.85365853658536,1.221951219512195,2.5,PIA,28485.863636363636,22623.0,35475.230769230766,30659.0,27108.23076923077,23071.0,76353.0,358782.5,4.0,,,3.0,4.0,5.0,,,,,6.0,3.0,6.0,,,,,283.0,284.6666666666667,257.09090909090907,,,,,283.0,287.0,279.0,,,,,90237.2,86538.0,83611.63636363637,,,,,77676.0,76353.0,78695.0,,,0,0,0,0
2023,7,24.798780487804876,23.7,25.5,51.926829268292686,49.0,55.0,999.369512195122,999.0,999.7,False,42.09756097560975,36.7,44.0,202.85365853658536,1.221951219512195,2.5,RUS,28622.25,22586.0,34428.5,30356.0,27394.75,22811.0,75753.0,209396.0000000001,5.0,,,1.0,6.0,3.0,,,,,4.5,5.2,4.2727272727272725,,,,,273.3333333333333,222.6,274.6363636363636,,,,,276.0,289.0,282.0,,,,,79541.83333333333,113278.4,79389.90909090909,,,,,78926.0,75753.0,78468.0,,,0,0,0,0
2023,7,24.798780487804876,23.7,25.5,51.926829268292686,49.0,55.0,999.369512195122,999.0,999.7,False,42.09756097560975,36.7,44.0,202.85365853658536,1.221951219512195,2.5,SAI,29041.333333333332,22479.0,36104.851851851854,30281.0,26477.11111111111,22966.0,75726.0,459033.0000000002,3.0,,,2.0,4.0,1.0,,,,,2.5,6.428571428571429,6.0,,,,,283.25,252.57142857142858,279.22222222222223,,,,,285.0,288.0,285.0,,,,,99300.75,87769.57142857143,85220.55555555556,,,,,77035.0,75726.0,78423.0,,,0,0,0,0
2023,7,24.798780487804876,23.7,25.5,51.926829268292686,49.0,55.0,999.369512195122,999.0,999.7,False,42.09756097560975,36.7,44.0,202.85365853658536,1.221951219512195,2.5,SAR,27977.46153846154,22646.0,36557.3,30793.0,28175.7,23067.0,76506.0,278842.75,4.0,,,3.0,5.0,2.0,,,,,3.5,8.272727272727273,5.0,,,,,285.1666666666667,252.0,282.2,,,,,287.0,288.0,284.0,,,,,92093.83333333333,89731.36363636363,85906.4,,,,,77086.0,76506.0,77987.0,,,0,0,0,0
2023,7,24.798780487804876,23.7,25.5,51.926829268292686,49.0,55.0,999.369512195122,999.0,999.7,False,42.09756097560975,36.7,44.0,202.85365853658536,1.221951219512195,2.5,STR,37216.09523809524,22578.0,38938.68,30401.0,29681.44,22950.0,75939.0,200527.85714285713,7.0,,,7.0,8.0,3.0,,,,,5.4,4.0,2.0,,,,,273.4,233.0,269.5,,,,,282.0,286.0,272.0,,,,,101241.0,103214.14285714286,82944.0,,,,,77578.0,75939.0,82274.0,,,0,0,0,0
2023,7,24.798780487804876,23.7,25.5,51.926829268292686,49.0,55.0,999.369512195122,999.0,999.7,False,42.09756097560975,36.7,44.0,202.85365853658536,1.221951219512195,2.5,TSU,29148.391304347828,22418.0,38023.0,30434.0,28954.25925925926,23063.0,75915.0,406373.3333333333,3.0,,,3.0,4.0,1.0,,,,,6.142857142857143,5.0,4.0,,,,,273.2857142857143,236.28571428571428,282.4,,,,,285.0,287.0,286.0,,,,,94528.42857142857,98594.14285714286,89561.6,,,,,77148.0,75915.0,77493.0,,,0,0,0,0
2023,7,24.798780487804876,23.7,25.5,51.926829268292686,49.0,55.0,999.369512195122,999.0,999.7,False,42.09756097560975,36.7,44.0,202.85365853658536,1.221951219512195,2.5,VER,28879.275862068964,22088.0,36118.71875,29880.0,27077.4375,22638.0,74606.0,239738.0,4.0,,,5.0,4.0,1.0,,,,,4.875,9.846153846153847,3.0,,,,,238.125,274.38461538461536,284.3333333333333,,,,,290.0,291.0,286.0,,,,,107110.0,80587.61538461539,92987.0,,,,,75945.0,74606.0,76583.0,,,0,0,0,0
2023,7,24.798780487804876,23.7,25.5,51.926829268292686,49.0,55.0,999.369512195122,999.0,999.7,False,42.09756097560975,36.7,44.0,202.85365853658536,1.221951219512195,2.5,ZHO,30529.15,22714.0,37183.291666666664,30483.0,28304.333333333332,22709.0,75906.0,371763.0,4.0,,,2.0,4.0,5.0,,,,,6.0,3.6666666666666665,5.0,,,,,278.77777777777777,283.6666666666667,208.0,,,,,285.0,286.0,270.0,,,,,89136.88888888889,96561.0,87097.0,,,,,77526.0,75906.0,81050.0,,,0,0,0,0
2023,8,21.12,20.0,21.7,65.16923076923077,62.0,68.0,1004.3461538461538,1004.0,1004.9,False,34.62615384615384,30.2,37.3,238.35384615384615,1.1753846153846155,2.0,ALB,30269.0,30269.0,29127.0,29127.0,,,,,,,,,,,,,,,,,,,,,,,,,,,,,,,,,,,,,,,,,,,,,,,,1,0,0,1
2023,8,21.12,20.0,21.7,65.16923076923077,62.0,68.0,1004.3461538461538,1004.0,1004.9,False,34.62615384615384,30.2,37.3,238.35384615384615,1.1753846153846155,2.0,ALO,27114.333333333332,21732.0,26942.5,25680.0,32842.0,31849.0,79807.0,,,,,,1.0,,,,,,,1.5,,,,,,,277.0,,,,,,,278.0,,,,,,,89590.0,,,,,,,79807.0,,,,1,0,0,1
2023,8,21.12,20.0,21.7,65.16923076923077,62.0,68.0,1004.3461538461538,1004.0,1004.9,False,34.62615384615384,30.2,37.3,238.35384615384615,1.1753846153846155,2.0,BOT,27899.333333333332,21603.0,26255.0,24959.0,32786.5,31580.0,78728.0,,,,,1.0,,,,,,,1.5,,,,,,,282.5,,,,,,,284.0,,,,,,,90089.0,,,,,,,78728.0,,,,,1,0,0,1
2023,8,21.12,20.0,21.7,65.16923076923077,62.0,68.0,1004.3461538461538,1004.0,1004.9,False,34.62615384615384,30.2,37.3,238.35384615384615,1.1753846153846155,2.0,DEV,25807.5,22918.0,31578.0,29936.0,37380.5,33641.0,92274.0,,,,,1.0,,,,,,,2.0,,,,,,,285.0,,,,,,,285.0,,,,,,,92274.0,,,,,,,92274.0,,,,,1,0,0,1
2023,8,21.12,20.0,21.7,65.16923076923077,62.0,68.0,1004.3461538461538,1004.0,1004.9,False,34.62615384615384,30.2,37.3,238.35384615384615,1.1753846153846155,2.0,HUL,27202.5,23352.0,28700.0,27559.0,37279.0,33425.0,84336.0,,,,,1.0,,,,,,,1.5,,,,,,,275.5,,,,,,,280.0,,,,,,,93181.5,,,,,,,84336.0,,,,,1,0,0,1
2023,8,21.12,20.0,21.7,65.16923076923077,62.0,68.0,1004.3461538461538,1004.0,1004.9,False,34.62615384615384,30.2,37.3,238.35384615384615,1.1753846153846155,2.0,LEC,26246.0,22364.0,27940.0,26055.0,38639.5,38390.0,86809.0,,,,,1.0,,,,,,,1.5,,,,,,,283.0,,,,,,,284.0,,,,,,,92825.5,,,,,,,86809.0,,,,,1,0,0,1
2023,8,21.12,20.0,21.7,65.16923076923077,62.0,68.0,1004.3461538461538,1004.0,1004.9,False,34.62615384615384,30.2,37.3,238.35384615384615,1.1753846153846155,2.0,MAG,26817.0,23130.0,28623.5,27510.0,37335.5,33405.0,84045.0,,,,,1.0,,,,,,,1.5,,,,,,,278.0,,,,,,,283.0,,,,,,,92776.0,,,,,,,84045.0,,,,,1,0,0,1
2023,8,21.12,20.0,21.7,65.16923076923077,62.0,68.0,1004.3461538461538,1004.0,1004.9,False,34.62615384615384,30.2,37.3,238.35384615384615,1.1753846153846155,2.0,NOR,37606.5,22042.0,32160.0,28112.0,45066.0,45066.0,126349.0,,,,,1.0,,,,,,,1.0,,,,,,,284.0,,,,,,,284.0,,,,,,,126349.0,,,,,,,126349.0,,,,,1,0,0,1
2023,8,21.12,20.0,21.7,65.16923076923077,62.0,68.0,1004.3461538461538,1004.0,1004.9,False,34.62615384615384,30.2,37.3,238.35384615384615,1.1753846153846155,2.0,PER,22763.5,22471.0,30823.333333333332,25434.0,33515.5,32249.000000000004,80154.0,,,,,,1.0,,,,,,,2.0,,,,,,,276.0,,,,,,,276.0,,,,,,,80154.0,,,,,,,80154.0,,,,1,0,0,1
2023,8,21.12,20.0,21.7,65.16923076923077,62.0,68.0,1004.3461538461538,1004.0,1004.9,False,34.62615384615384,30.2,37.3,238.35384615384615,1.1753846153846155,2.0,PIA,28409.0,22001.0,27895.0,26606.0,33195.0,32058.0,81496.0,,,,,1.0,,,,,,,1.5,,,,,,,282.0,,,,,,,284.0,,,,,,,92703.0,,,,,,,81496.0,,,,,1,0,0,1
2023,8,21.12,20.0,21.7,65.16923076923077,62.0,68.0,1004.3461538461538,1004.0,1004.9,False,34.62615384615384,30.2,37.3,238.35384615384615,1.1753846153846155,2.0,SAI,32002.5,22194.0,28390.0,26185.0,38202.5,37612.0,85991.0,,,,,1.0,,,,,,,1.5,,,,,,,285.0,,,,,,,285.0,,,,,,,98595.0,,,,,,,85991.0,,,,,1,0,0,1
2023,8,21.12,20.0,21.7,65.16923076923077,62.0,68.0,1004.3461538461538,1004.0,1004.9,False,34.62615384615384,30.2,37.3,238.35384615384615,1.1753846153846155,2.0,SAR,31407.0,23775.0,38194.0,32147.0,38382.0,38382.0,109568.0,,,,,1.0,,,,,,,1.0,,,,,,,287.0,,,,,,,287.0,,,,,,,109568.0,,,,,,,109568.0,,,,,1,0,0,1
2023,8,21.12,20.0,21.7,65.16923076923077,62.0,68.0,1004.3461538461538,1004.0,1004.9,False,34.62615384615384,30.2,37.3,238.35384615384615,1.1753846153846155,2.0,STR,21834.5,21613.0,30578.0,25309.0,35673.0,31810.0,79175.0,,,,,,1.0,,,,,,,2.0,,,,,,,277.0,,,,,,,277.0,,,,,,,79175.0,,,,,,,79175.0,,,,1,0,0,1
2023,8,21.12,20.0,21.7,65.16923076923077,62.0,68.0,1004.3461538461538,1004.0,1004.9,False,34.62615384615384,30.2,37.3,238.35384615384615,1.1753846153846155,2.0,TSU,36139.5,29236.0,33904.5,33432.0,37668.0,37668.0,114143.0,,,,,1.0,,,,,,,1.0,,,,,,,247.0,,,,,,,247.0,,,,,,,114143.0,,,,,,,114143.0,,,,,1,0,0,1
2023,8,21.12,20.0,21.7,65.16923076923077,62.0,68.0,1004.3461538461538,1004.0,1004.9,False,34.62615384615384,30.2,37.3,238.35384615384615,1.1753846153846155,2.0,VER,25136.0,22425.0,29428.666666666668,25704.0,32928.5,32101.999999999996,80231.0,,,,,,1.0,,,,,,,2.0,,,,,,,275.0,,,,,,,275.0,,,,,,,80231.0,,,,,,,80231.0,,,,1,0,0,1
2023,8,21.12,20.0,21.7,65.16923076923077,62.0,68.0,1004.3461538461538,1004.0,1004.9,False,34.62615384615384,30.2,37.3,238.35384615384615,1.1753846153846155,2.0,ZHO,28737.333333333332,22745.0,29468.5,27602.0,37459.0,33077.0,84961.0,,,,,1.0,,,,,,,1.5,,,,,,,280.5,,,,,,,281.0,,,,,,,98661.0,,,,,,,84961.0,,,,,1,0,0,1
2023,9,27.88095238095238,26.6,28.5,35.05952380952381,31.0,39.0,932.4702380952381,932.0,933.0,False,47.195238095238096,44.1,49.5,125.6547619047619,1.1726190476190477,2.5,ALB,21925.05,16520.0,35568.04347826087,29887.0,25030.739130434784,20234.0,66794.0,414930.0,4.0,,,,5.0,,,,,,,9.266666666666667,,,,,,,261.93333333333334,,,,,,,286.0,,,,,,,81216.0,,,,,,,66794.0,,,,0,0,1,1
2023,9,27.88095238095238,26.6,28.5,35.05952380952381,31.0,39.0,932.4702380952381,932.0,933.0,False,47.195238095238096,44.1,49.5,125.6547619047619,1.1726190476190477,2.5,ALO,20949.821428571428,16679.0,35940.32258064516,29802.0,24720.3,20143.0,66656.0,428190.0,3.0,,,4.0,,,,,,,16.708333333333332,,,,,,,266.0416666666667,,,,,,,284.0,,,,,,,80316.83333333333,,,,,,,66656.0,,,,,0,0,1,1
2023,9,27.88095238095238,26.6,28.5,35.05952380952381,31.0,39.0,932.4702380952381,932.0,933.0,False,47.195238095238096,44.1,49.5,125.6547619047619,1.1726190476190477,2.5,BOT,20867.533333333333,16722.0,36290.78787878788,29927.0,26106.60606060606,20198.0,66847.0,295334.7499999999,4.0,,,2.0,5.0,,,,,,11.058823529411764,6.125,,,,,,274.4117647058824,239.75,,,,,,281.0,284.0,,,,,,76365.41176470589,92214.625,,,,,,67270.0,66847.0,,,,0,0,1,1
2023,9,27.88095238095238,26.6,28.5,35.05952380952381,31.0,39.0,932.4702380952381,932.0,933.0,False,47.195238095238096,44.1,49.5,125.6547619047619,1.1726190476190477,2.5,DEV,20784.060606060608,16872.0,35486.694444444445,29931.0,25096.222222222223,20146.0,67017.0,309770.6666666667,3.0,,,3.0,4.0,,,,,,14.227272727272727,5.0,,,,,,270.5,238.71428571428572,,,,,,282.0,282.0,,,,,,76997.45454545454,89921.14285714286,,,,,,67502.0,67017.0,,,,0,0,1,1
2023,9,27.88095238095238,26.6,28.5,35.05952380952381,31.0,39.0,932.4702380952381,932.0,933.0,False,47.195238095238096,44.1,49.5,125.6547619047619,1.1726190476190477,2.5,GAS,23565.416666666668,16675.0,37741.857142857145,29953.0,25701.25,20336.0,67287.0,283929.4,5.0,,,6.0,4.0,,,,,,12.444444444444445,2.0,,,,,,265.27777777777777,282.0,,,,,,283.0,282.0,,,,,,85672.83333333333,67287.0,,,,,,67426.0,67287.0,,,,0,0,1,1
2023,9,27.88095238095238,26.6,28.5,35.05952380952381,31.0,39.0,932.4702380952381,932.0,933.0,False,47.195238095238096,44.1,49.5,125.6547619047619,1.1726190476190477,2.5,HAM,21454.8,16567.0,38941.64705882353,29628.0,25801.735294117647,19967.0,66251.0,209608.8,5.0,6.0,,,5.0,,,,14.363636363636363,,,1.5,,,,267.09090909090907,,,283.5,,,,284.0,,,284.0,,,,82016.54545454546,,,93348.0,,,,66416.0,,,66251.0,,,,0,0,1,1
2023,9,27.88095238095238,26.6,28.5,35.05952380952381,31.0,39.0,932.4702380952381,932.0,933.0,False,47.195238095238096,44.1,49.5,125.6547619047619,1.1726190476190477,2.5,HUL,21364.0,16615.0,34643.9,29905.0,25972.6,20211.0,66846.0,462033.3333333333,3.0,,,2.0,4.0,,,,,,11.176470588235293,4.5,,,,,,272.94117647058823,223.0,,,,,,280.0,282.0,,,,,,75933.94117647059,87109.66666666667,,,,,,68001.0,66846.0,,,,0,0,1,1
2023,9,27.88095238095238,26.6,28.5,35.05952380952381,31.0,39.0,932.4702380952381,932.0,933.0,False,47.195238095238096,44.1,49.5,125.6547619047619,1.1726190476190477,2.5,LEC,20119.466666666667,16655.0,37442.878787878784,29408.0,25568.424242424244,19949.0,66012.0,352545.6666666667,3.0,3.0,,,4.0,,,,12.0,,,5.0,,,,275.05263157894734,,,237.42857142857142,,,,284.0,,,286.0,,,,76056.0,,,97427.42857142857,,,,67584.0,,,66012.0,,,,0,0,1,1
2023,9,27.88095238095238,26.6,28.5,35.05952380952381,31.0,39.0,932.4702380952381,932.0,933.0,False,47.195238095238096,44.1,49.5,125.6547619047619,1.1726190476190477,2.5,MAG,22187.333333333332,16644.0,37693.7037037037,29628.0,26291.51851851852,20174.0,66497.0,482080.3333333333,3.0,,,3.0,4.0,,,,,,10.357142857142858,4.5,,,,,,274.85714285714283,224.83333333333334,,,,,,281.0,286.0,,,,,,77995.92857142857,98011.5,,,,,,67502.0,66497.0,,,,0,0,1,1
2023,9,27.88095238095238,26.6,28.5,35.05952380952381,31.0,39.0,932.4702380952381,932.0,933.0,False,47.195238095238096,44.1,49.5,125.6547619047619,1.1726190476190477,2.5,NOR,22871.470588235294,16927.0,36044.9,30183.0,26207.25,20258.0,67368.0,724221.3333333334,3.0,,,4.0,,,,,,,8.923076923076923,,,,,,,243.46153846153845,,,,,,,283.0,,,,,,,84371.38461538461,,,,,,,67368.0,,,,,0,0,1,1
2023,9,27.88095238095238,26.6,28.5,35.05952380952381,31.0,39.0,932.4702380952381,932.0,933.0,False,47.195238095238096,44.1,49.5,125.6547619047619,1.1726190476190477,2.5,OCO,21528.074074074073,16754.0,37271.566666666666,30047.0,26004.566666666666,20230.0,67202.0,438752.6666666667,3.0,,,4.0,,,,,,,15.0,,,,,,,260.2173913043478,,,,,,,283.0,,,,,,,82298.08695652174,,,,,,,67202.0,,,,,0,0,1,1
2023,9,27.88095238095238,26.6,28.5,35.05952380952381,31.0,39.0,932.4702380952381,932.0,933.0,False,47.195238095238096,44.1,49.5,125.6547619047619,1.1726190476190477,2.5,PER,21493.41379310345,16555.0,36685.34375,29616.0,26793.8125,20028.0,66262.0,297678.0,4.0,3.0,,5.0,,,,,12.444444444444445,,5.333333333333333,,,,,274.77777777777777,,213.66666666666666,,,,,283.0,,287.0,,,,,77340.77777777778,,104156.5,,,,,66771.0,,66262.0,,,,,0,0,1,1
2023,9,27.88095238095238,26.6,28.5,35.05952380952381,31.0,39.0,932.4702380952381,932.0,933.0,False,47.195238095238096,44.1,49.5,125.6547619047619,1.1726190476190477,2.5,PIA,21743.575757575756,16751.0,36577.11111111111,29875.0,24791.777777777777,20095.0,66809.0,181915.8,5.0,,,6.0,5.0,,,,,,11.944444444444445,6.888888888888889,,,,,,263.6666666666667,280.22222222222223,,,,,,282.0,282.0,,,,,,78598.38888888889,85946.77777777778,,,,,,67979.0,66809.0,,,,0,0,1,1
2023,9,27.88095238095238,26.6,28.5,35.05952380952381,31.0,39.0,932.4702380952381,932.0,933.0,False,47.195238095238096,44.1,49.5,125.6547619047619,1.1726190476190477,2.5,RUS,19548.625,16639.0,34652.92857142857,29788.0,24873.39285714286,20269.0,66696.0,558047.0,3.0,4.0,,,3.0,,,,12.263157894736842,,,2.0,,,,261.89473684210526,,,283.0,,,,284.0,,,283.0,,,,76053.42105263157,,,66696.0,,,,67531.0,,,66696.0,,,,0,0,1,1
2023,9,27.88095238095238,26.6,28.5,35.05952380952381,31.0,39.0,932.4702380952381,932.0,933.0,False,47.195238095238096,44.1,49.5,125.6547619047619,1.1726190476190477,2.5,SAI,21904.689655172413,16515.0,35025.9375,29427.0,24625.75,20041.0,65983.0,306369.5,4.0,3.0,,,5.0,,,,11.68421052631579,,,4.8,,,,277.5263157894737,,,239.4,,,,284.0,,,285.0,,,,76350.1052631579,,,89558.2,,,,67665.0,,,65983.0,,,,0,0,1,1
2023,9,27.88095238095238,26.6,28.5,35.05952380952381,31.0,39.0,932.4702380952381,932.0,933.0,False,47.195238095238096,44.1,49.5,125.6547619047619,1.1726190476190477,2.5,SAR,20531.136363636364,16605.0,35637.16,30075.0,26958.72,20306.0,67018.0,209207.25,4.0,,,,5.0,,,,,,,7.176470588235294,,,,,,,257.88235294117646,,,,,,,285.0,,,,,,,81585.0,,,,,,,67018.0,,,,0,0,1,1
2023,9,27.88095238095238,26.6,28.5,35.05952380952381,31.0,39.0,932.4702380952381,932.0,933.0,False,47.195238095238096,44.1,49.5,125.6547619047619,1.1726190476190477,2.5,STR,24335.48,16631.0,39031.65517241379,29732.0,25709.035714285714,19891.0,66340.0,265148.4000000001,5.0,,,6.0,5.0,,,,,,11.533333333333333,3.5,,,,,,265.0,250.75,,,,,,283.0,282.0,,,,,,86545.4,92413.0,,,,,,66938.0,66340.0,,,,0,0,1,1
2023,9,27.88095238095238,26.6,28.5,35.05952380952381,31.0,39.0,932.4702380952381,932.0,933.0,False,47.195238095238096,44.1,49.5,125.6547619047619,1.1726190476190477,2.5,TSU,21348.483870967742,16677.0,36915.0,29985.0,25439.882352941175,20323.0,66985.0,327228.6666666667,3.0,,,3.0,4.0,,,,,,13.25,5.0,,,,,,274.2,227.0,,,,,,284.0,285.0,,,,,,77057.75,93333.28571428571,,,,,,67161.0,66985.0,,,,0,0,1,1
2023,9,27.88095238095238,26.6,28.5,35.05952380952381,31.0,39.0,932.4702380952381,932.0,933.0,False,47.195238095238096,44.1,49.5,125.6547619047619,1.1726190476190477,2.5,VER,22770.37037037037,16536.0,38611.7,29317.0,26710.566666666666,19830.0,65742.0,417685.3333333333,3.0,3.0,,4.0,,,,,11.882352941176471,,4.5,,,,,273.05882352941177,,194.0,,,,,283.0,,287.0,,,,,78209.58823529411,,112447.5,,,,,66598.0,,65742.0,,,,,0,0,1,1
2023,9,27.88095238095238,26.6,28.5,35.05952380952381,31.0,39.0,932.4702380952381,932.0,933.0,False,47.195238095238096,44.1,49.5,125.6547619047619,1.1726190476190477,2.5,ZHO,21856.266666666666,16749.0,35676.757575757576,29896.0,26020.60606060606,20023.0,66780.0,298448.0,4.0,,,3.0,5.0,,,,,,11.588235294117647,6.0,,,,,,274.4117647058824,238.75,,,,,,281.0,285.0,,,,,,76451.76470588235,87985.125,,,,,,67455.0,66780.0,,,,0,0,1,1
2023,10,23.80493827160494,23.0,24.8,41.839506172839506,39.0,45.0,998.7308641975309,998.5,999.0,False,40.40864197530864,38.7,42.0,232.79012345679013,2.454320987654321,4.0,ALB,49113.52631578947,28165.0,47047.681818181816,36118.0,31217.590909090908,24806.0,89089.0,175232.5,8.0,,,4.0,9.0,,,,,,7.5,4.5,,,,,,247.5,208.5,,,,,,249.0,250.0,,,,,,108838.16666666667,110545.75,,,,,,90543.0,89089.0,,,,0,0,0,3
2023,10,23.80493827160494,23.0,24.8,41.839506172839506,39.0,45.0,998.7308641975309,998.5,999.0,False,40.40864197530864,38.7,42.0,232.79012345679013,2.454320987654321,4.0,ALO,34654.27777777778,28199.0,47611.19047619047,36282.0,31967.04761904762,24787.0,89268.0,783522.5,2.0,2.0,,,3.0,,,,7.5,,,5.0,,,,244.25,,,209.42857142857142,,,,249.0,,,249.0,,,,108799.5,,,116395.57142857143,,,,90693.0,,,89268.0,,,,0,0,0,3
2023,10,23.80493827160494,23.0,24.8,41.839506172839506,39.0,45.0,998.7308641975309,998.5,999.0,False,40.40864197530864,38.7,42.0,232.79012345679013,2.454320987654321,4.0,BOT,36574.73684210526,28455.0,44526.318181818184,36697.0,29430.5,24799.0,90090.0,373433.3333333333,3.0,,,1.0,4.0,,,,,,5.0,6.75,,,,,,244.71428571428572,219.75,,,,,,246.0,247.0,,,,,,106616.71428571429,109560.0,,,,,,91089.0,90090.0,,,,0,0,0,3
2023,10,23.80493827160494,23.0,24.8,41.839506172839506,39.0,45.0,998.7308641975309,998.5,999.0,False,40.40864197530864,38.7,42.0,232.79012345679013,2.454320987654321,4.0,DEV,35431.608695652176,28239.0,42379.192307692305,36518.0,29144.96153846154,24934.0,89691.0,294223.2499999999,4.0,,,5.0,4.0,,,,,,10.928571428571429,2.5,,,,,,230.5,235.5,,,,,,247.0,249.0,,,,,,104833.35714285714,111376.0,,,,,,91484.0,89691.0,,,,0,0,0,3
2023,10,23.80493827160494,23.0,24.8,41.839506172839506,39.0,45.0,998.7308641975309,998.5,999.0,False,40.40864197530864,38.7,42.0,232.79012345679013,2.454320987654321,4.0,GAS,37495.666666666664,28380.0,45448.25,36317.0,30159.208333333332,25031.0,89828.0,409203.6666666667,3.0,,,1.0,4.0,,,,,,5.5,7.875,,,,,,246.0,217.25,,,,,,248.0,247.0,,,,,,112675.375,99485.75,,,,,,91152.0,89828.0,,,,0,0,0,3
2023,10,23.80493827160494,23.0,24.8,41.839506172839506,39.0,45.0,998.7308641975309,998.5,999.0,False,40.40864197530864,38.7,42.0,232.79012345679013,2.454320987654321,4.0,HAM,36056.78947368421,28424.0,41265.95652173913,36268.0,28305.869565217392,24756.0,89768.0,373984.25000000006,4.0,2.0,,5.0,,,,,5.857142857142857,,6.5,,,,,246.42857142857142,,220.16666666666666,,,,,248.0,,250.0,,,,,91872.14285714286,,103239.66666666667,,,,,91034.0,,89768.0,,,,,0,0,0,3
2023,10,23.80493827160494,23.0,24.8,41.839506172839506,39.0,45.0,998.7308641975309,998.5,999.0,False,40.40864197530864,38.7,42.0,232.79012345679013,2.454320987654321,4.0,HUL,33964.15789473684,28479.0,43051.77272727273,36949.0,29357.909090909092,25081.0,90591.0,513520.3333333333,3.0,,,4.0,3.0,,,,,,9.5,3.0,,,,,,227.41666666666666,247.0,,,,,,246.0,248.0,,,,,,103441.16666666667,108498.33333333333,,,,,,92155.0,90591.0,,,,0,0,0,3
2023,10,23.80493827160494,23.0,24.8,41.839506172839506,39.0,45.0,998.7308641975309,998.5,999.0,False,40.40864197530864,38.7,42.0,232.79012345679013,2.454320987654321,4.0,LEC,36926.454545454544,28255.0,44276.08,36240.0,31613.2,24669.0,89280.0,271083.0,4.0,,,2.0,5.0,,,,,,5.833333333333333,9.333333333333334,,,,,,246.0,223.22222222222223,,,,,,248.0,249.0,,,,,,106634.16666666667,98382.66666666667,,,,,,90637.0,89280.0,,,,0,0,0,3
2023,10,23.80493827160494,23.0,24.8,41.839506172839506,39.0,45.0,998.7308641975309,998.5,999.0,False,40.40864197530864,38.7,42.0,232.79012345679013,2.454320987654321,4.0,MAG,39083.72222222222,28525.0,47469.666666666664,36752.0,31569.095238095237,25023.0,90385.0,374644.0,4.0,1.0,,,5.0,,,,3.0,,,8.75,,,,243.0,,,211.75,,,,246.0,,,247.0,,,,91639.0,,,99175.875,,,,91397.0,,,90385.0,,,,0,0,0,3
2023,10,23.80493827160494,23.0,24.8,41.839506172839506,39.0,45.0,998.7308641975309,998.5,999.0,False,40.40864197530864,38.7,42.0,232.79012345679013,2.454320987654321,4.0,NOR,38310.045454545456,28381.0,42671.4,36455.0,27962.64,24605.0,89441.0,250900.2,5.0,,,5.0,6.0,,,,,,7.857142857142857,6.0,,,,,,245.57142857142858,223.55555555555554,,,,,,248.0,246.0,,,,,,97145.28571428571,101958.11111111111,,,,,,91210.0,89441.0,,,,0,0,0,3
2023,10,23.80493827160494,23.0,24.8,41.839506172839506,39.0,45.0,998.7308641975309,998.5,999.0,False,40.40864197530864,38.7,42.0,232.79012345679013,2.454320987654321,4.0,OCO,37089.1,28086.0,44250.608695652176,36376.0,28939.521739130436,24810.0,89319.0,457922.0,3.0,2.0,,,4.0,,,,5.5,,,7.333333333333333,,,,245.0,,,223.44444444444446,,,,247.0,,,249.0,,,,112990.125,,,103208.22222222222,,,,91192.0,,,89319.0,,,,0,0,0,3
2023,10,23.80493827160494,23.0,24.8,41.839506172839506,39.0,45.0,998.7308641975309,998.5,999.0,False,40.40864197530864,38.7,42.0,232.79012345679013,2.454320987654321,4.0,PER,38046.68421052631,28150.0,49806.0,36257.0,33430.63636363636,24641.0,89048.0,421464.3333333333,3.0,2.0,,,4.0,,,,7.25,,,6.0,,,,231.125,,,194.4,,,,250.0,,,249.0,,,,117019.5,,,111851.0,,,,90030.0,,,89048.0,,,,0,0,0,3
2023,10,23.80493827160494,23.0,24.8,41.839506172839506,39.0,45.0,998.7308641975309,998.5,999.0,False,40.40864197530864,38.7,42.0,232.79012345679013,2.454320987654321,4.0,PIA,33914.5,28545.0,46978.1875,36432.0,31162.875,24681.0,89658.0,456203.0,3.0,,,3.0,4.0,,,,,,5.0,2.0,,,,,,245.16666666666666,247.0,,,,,,247.0,247.0,,,,,,107876.66666666667,89658.0,,,,,,90374.0,89658.0,,,,0,0,0,3
2023,10,23.80493827160494,23.0,24.8,41.839506172839506,39.0,45.0,998.7308641975309,998.5,999.0,False,40.40864197530864,38.7,42.0,232.79012345679013,2.454320987654321,4.0,RUS,35194.24,28384.0,42477.21428571428,36417.0,28967.214285714286,24892.0,89874.0,262790.0,4.0,3.0,,5.0,,,,,8.181818181818182,,5.5,,,,,247.1818181818182,,248.75,,,,,249.0,,252.0,,,,,96141.54545454546,,109337.375,,,,,91399.0,,89874.0,,,,,0,0,0,3
2023,10,23.80493827160494,23.0,24.8,41.839506172839506,39.0,45.0,998.7308641975309,998.5,999.0,False,40.40864197530864,38.7,42.0,232.79012345679013,2.454320987654321,4.0,SAI,36072.72727272727,28324.0,44053.44,36311.0,29355.6,24722.0,89357.0,410078.6666666667,3.0,,,4.0,2.0,,,,,,10.625,2.0,,,,,,232.875,249.0,,,,,,249.0,249.0,,,,,,103432.625,89357.0,,,,,,90814.0,89357.0,,,,0,0,0,3
2023,10,23.80493827160494,23.0,24.8,41.839506172839506,39.0,45.0,998.7308641975309,998.5,999.0,False,40.40864197530864,38.7,42.0,232.79012345679013,2.454320987654321,4.0,SAR,35699.90476190476,28225.0,42675.625,36738.0,29773.5,25049.0,90124.0,346644.75,4.0,5.0,,,4.0,,,,11.0,,,4.0,,,,225.36363636363637,,,248.5,,,,245.0,,,250.0,,,,98348.0,,,115146.5,,,,93793.0,,,90124.0,,,,0,0,0,3
2023,10,23.80493827160494,23.0,24.8,41.839506172839506,39.0,45.0,998.7308641975309,998.5,999.0,False,40.40864197530864,38.7,42.0,232.79012345679013,2.454320987654321,4.0,STR,35680.260869565216,28183.0,46695.846153846156,36240.0,31160.884615384617,25016.0,89471.0,323486.0,3.0,,,2.0,4.0,,,,,,10.307692307692308,4.333333333333333,,,,,,244.0,179.0,,,,,,248.0,246.0,,,,,,97614.38461538461,105672.66666666667,,,,,,90764.0,89471.0,,,,0,0,0,3
2023,10,23.80493827160494,23.0,24.8,41.839506172839506,39.0,45.0,998.7308641975309,998.5,999.0,False,40.40864197530864,38.7,42.0,232.79012345679013,2.454320987654321,4.0,TSU,34487.4,28432.0,43744.892857142855,36609.0,29795.714285714286,25001.0,90092.0,444565.5,2.0,,,1.0,3.0,,,,,,5.5,10.461538461538462,,,,,,242.625,227.3846153846154,,,,,,248.0,249.0,,,,,,111841.0,98804.0,,,,,,90937.0,90092.0,,,,0,0,0,3
2023,10,23.80493827160494,23.0,24.8,41.839506172839506,39.0,45.0,998.7308641975309,998.5,999.0,False,40.40864197530864,38.7,42.0,232.79012345679013,2.454320987654321,4.0,VER,34891.95652173913,28057.0,46347.692307692305,35994.0,30245.384615384617,24459.0,88600.0,310903.0,3.0,2.0,,,4.0,,,,9.583333333333334,,,5.333333333333333,,,,244.41666666666666,,,200.5,,,,250.0,,,251.0,,,,98295.08333333333,,,121606.16666666667,,,,89863.0,,,88600.0,,,,0,0,0,3
2023,10,23.80493827160494,23.0,24.8,41.839506172839506,39.0,45.0,998.7308641975309,998.5,999.0,False,40.40864197530864,38.7,42.0,232.79012345679013,2.454320987654321,4.0,ZHO,35176.375,28643.0,45123.6,36707.0,31406.1,24783.0,90321.0,537384.6666666666,3.0,,,2.0,4.0,,,,,,6.5,5.5,,,,,,246.16666666666666,211.16666666666666,,,,,,248.0,248.0,,,,,,112785.33333333333,107152.33333333333,,,,,,90886.0,90321.0,,,,0,0,0,3
2023,11,23.04797297297297,21.6,24.8,63.648648648648646,49.0,76.0,984.970945945946,984.7,985.2,True,29.54054054054054,25.6,37.5,160.78378378378378,1.5155405405405407,3.0,ARO,28926.0,28926.0,40616.666666666664,40549.0,29735.5,28049.0,,1133253.5,2.0,,,,,,,,,,,,,,,,,,,,,,,,,,,,,,,,,,,,,,,,,,,3,0,0,8
2023,11,23.04797297297297,21.6,24.8,63.648648648648646,49.0,76.0,984.970945945946,984.7,985.2,True,29.54054054054054,25.6,37.5,160.78378378378378,1.5155405405405407,3.0,BEG,40206.22222222222,34031.0,41287.07692307692,37752.0,33234.38461538462,29374.0,101416.0,526416.25,4.0,,5.0,,,,,,,6.714285714285714,,,,,,,206.85714285714286,,,,,,,237.0,,,,,,,107208.0,,,,,,,101416.0,,,,,,3,0,0,8
2023,11,23.04797297297297,21.6,24.8,63.648648648648646,49.0,76.0,984.970945945946,984.7,985.2,True,29.54054054054054,25.6,37.5,160.78378378378378,1.5155405405405407,3.0,BOT,37359.9,31611.0,40173.769230769234,35893.0,33617.75,28512.0,101032.0,757038.6666666666,3.0,,4.0,,,,,,,6.714285714285714,,,,,,,204.57142857142858,,,,,,,233.0,,,,,,,107457.42857142857,,,,,,,101032.0,,,,,,3,0,0,8
2023,11,23.04797297297297,21.6,24.8,63.648648648648646,49.0,76.0,984.970945945946,984.7,985.2,True,29.54054054054054,25.6,37.5,160.78378378378378,1.5155405405405407,3.0,BOY,29084.0,29084.0,37288.0,37288.0,27704.0,27704.0,,,,,,,,,,,,,,,,,,,,,,,,,,,,,,,,,,,,,,,,,,,,,,3,0,0,8
2023,11,23.04797297297297,21.6,24.8,63.648648648648646,49.0,76.0,984.970945945946,984.7,985.2,True,29.54054054054054,25.6,37.5,160.78378378378378,1.5155405405405407,3.0,BRO,39200.42857142857,33781.0,39081.72727272727,35895.0,34508.90909090909,28534.0,101142.0,829485.6666666666,3.0,,4.0,,,,,,,5.5,,,,,,,195.16666666666666,,,,,,,233.0,,,,,,,106612.16666666667,,,,,,,101142.0,,,,,,3,0,0,8
2023,11,23.04797297297297,21.6,24.8,63.648648648648646,49.0,76.0,984.970945945946,984.7,985.2,True,29.54054054054054,25.6,37.5,160.78378378378378,1.5155405405405407,3.0,COH,33642.5,29818.0,42068.142857142855,29133.0,34732.5,30011.0,105575.0,351184.0,1.0,,,,,,2.0,,,,,,,4.0,,,,,,,226.0,,,,,,,226.0,,,,,,,105575.0,,,,,,,105575.0,,3,0,0,8
2023,11,23.04797297297297,21.6,24.8,63.648648648648646,49.0,76.0,984.970945945946,984.7,985.2,True,29.54054054054054,25.6,37.5,160.78378378378378,1.5155405405405407,3.0,FCO,,,45611.333333333336,42313.0,38629.666666666664,37203.0,,845857.5,2.0,,,,,,,,,,,,,,,,,,,,,,,,,,,,,,,,,,,,,,,,,,,3,0,0,8
2023,11,23.04797297297297,21.6,24.8,63.648648648648646,49.0,76.0,984.970945945946,984.7,985.2,True,29.54054054054054,25.6,37.5,160.78378378378378,1.5155405405405407,3.0,FOR,36947.444444444445,28806.0,38839.5,34107.0,32713.916666666668,26028.0,100277.0,814548.6666666666,3.0,,4.0,,,,,,,5.5,,,,,,,201.16666666666666,,,,,,,233.0,,,,,,,105869.83333333333,,,,,,,100277.0,,,,,,3,0,0,8
2023,11,23.04797297297297,21.6,24.8,63.648648648648646,49.0,76.0,984.970945945946,984.7,985.2,True,29.54054054054054,25.6,37.5,160.78378378378378,1.5155405405405407,3.0,GRA,35838.11111111111,29171.0,38713.07692307692,28827.0,35713.333333333336,26870.0,102906.0,716887.6666666666,3.0,,4.0,,,,,,,6.5,,,,,,,186.33333333333334,,,,,,,230.0,,,,,,,113023.0,,,,,,,102906.0,,,,,,3,0,0,8
2023,11,23.04797297297297,21.6,24.8,63.648648648648646,49.0,76.0,984.970945945946,984.7,985.2,True,29.54054054054054,25.6,37.5,160.78378378378378,1.5155405405405407,3.0,HAM,,,37881.666666666664,33701.0,32181.5,32101.0,,407198.5,2.0,,,,,,,,,,,,,,,,,,,,,,,,,,,,,,,,,,,,,,,,,,,3,0,0,8
2023,11,23.04797297297297,21.6,24.8,63.648648648648646,49.0,76.0,984.970945945946,984.7,985.2,True,29.54054054054054,25.6,37.5,160.78378378378378,1.5155405405405407,3.0,MAN,38423.142857142855,34152.0,40268.666666666664,38209.0,32762.11111111111,28912.0,101363.0,,,,,,,,1.0,,,,,,,5.5,,,,,,,197.0,,,,,,,231.0,,,,,,,107843.83333333333,,,,,,,101363.0,,3,0,0,8
2023,11,23.04797297297297,21.6,24.8,63.648648648648646,49.0,76.0,984.970945945946,984.7,985.2,True,29.54054054054054,25.6,37.5,160.78378378378378,1.5155405405405407,3.0,MAR,34446.75,30691.0,40974.88888888889,31729.0,34237.88888888889,30092.0,104854.0,679685.6666666666,3.0,,4.0,,,,,,,4.5,,,,,,,227.5,,,,,,,228.0,,,,,,,107405.0,,,,,,,107403.0,,,,,,3,0,0,8
2023,11,23.04797297297297,21.6,24.8,63.648648648648646,49.0,76.0,984.970945945946,984.7,985.2,True,29.54054054054054,25.6,37.5,160.78378378378378,1.5155405405405407,3.0,MON,33542.0,31019.0,39540.71428571428,33312.0,32505.285714285714,27488.0,100687.0,1230447.0,2.0,,,,,,3.0,,,,,,,2.5,,,,,,,234.0,,,,,,,237.0,,,,,,,101982.0,,,,,,,100687.0,,3,0,0,8
2023,11,23.04797297297297,21.6,24.8,63.648648648648646,49.0,76.0,984.970945945946,984.7,985.2,True,29.54054054054054,25.6,37.5,160.78378378378378,1.5155405405405407,3.0,OSU,30647.5,29731.0,39273.333333333336,29349.0,34325.6,28708.0,117546.0,1012942.0,2.0,,,,,,,,,,,,,,,,,,,,,,,,,,,,,,,,,,,,,,,,,,,3,0,0,8
2023,11,23.04797297297297,21.6,24.8,63.648648648648646,49.0,76.0,984.970945945946,984.7,985.2,True,29.54054054054054,25.6,37.5,160.78378378378378,1.5155405405405407,3.0,PIA,35119.5,32563.000000000004,39477.75,31585.0,35989.833333333336,28250.0,99154.0,684278.6666666666,3.0,,4.0,,,,,,,6.5,,,,,,,195.0,,,,,,,235.0,,,,,,,108529.16666666667,,,,,,,99154.0,,,,,,3,0,0,8
2023,11,23.04797297297297,21.6,24.8,63.648648648648646,49.0,76.0,984.970945945946,984.7,985.2,True,29.54054054054054,25.6,37.5,160.78378378378378,1.5155405405405407,3.0,RUS,37742.7,31923.0,38886.53846153846,34624.0,32256.166666666668,26428.0,98795.0,1200588.0,2.0,,3.0,,,,,,,5.0,,,,,,,207.28571428571428,,,,,,,237.0,,,,,,,104569.85714285714,,,,,,,98795.0,,,,,,3,0,0,8
2023,11,23.04797297297297,21.6,24.8,63.648648648648646,49.0,76.0,984.970945945946,984.7,985.2,True,29.54054054054054,25.6,37.5,160.78378378378378,1.5155405405405407,3.0,SAI,30352.5,29316.0,34792.2,28699.0,35992.5,33446.0,108101.0,547048.5,2.0,,,,,,,,,,,,,,,,,,,,,,,,,,,,,,,,,,,,,,,,,,,3,0,0,8
2023,11,23.04797297297297,21.6,24.8,63.648648648648646,49.0,76.0,984.970945945946,984.7,985.2,True,29.54054054054054,25.6,37.5,160.78378378378378,1.5155405405405407,3.0,SHI,32773.0,32773.0,46147.0,39492.0,39150.0,34120.0,118640.0,507526.0,2.0,,,,,,,,,,,,,,,,,,,,,,,,,,,,,,,,,,,,,,,,,,,3,0,0,8
2023,11,23.04797297297297,21.6,24.8,63.648648648648646,49.0,76.0,984.970945945946,984.7,985.2,True,29.54054054054054,25.6,37.5,160.78378378378378,1.5155405405405407,3.0,TBA,36654.11111111111,28979.0,39994.818181818184,34870.0,32205.454545454544,29293.0,102706.0,1291478.0,2.0,,,,,,3.0,,,,,,,5.0,,,,,,,196.85714285714286,,,,,,,230.0,,,,,,,106914.42857142857,,,,,,,102706.0,,3,0,0,8
2023,11,23.04797297297297,21.6,24.8,63.648648648648646,49.0,76.0,984.970945945946,984.7,985.2,True,29.54054054054054,25.6,37.5,160.78378378378378,1.5155405405405407,3.0,VIL,34738.857142857145,33472.0,40012.11111111111,37837.0,32529.11111111111,28532.0,100013.0,1298345.5,2.0,,,,,,3.0,,,,,,,4.0,,,,,,,231.2,,,,,,,235.0,,,,,,,102377.4,,,,,,,100013.0,,3,0,0,8
2023,12,17.986363636363635,17.7,18.5,93.88636363636364,93.0,95.0,961.5613636363636,961.5,961.7,True,22.075,20.8,23.8,142.5340909090909,1.1670454545454545,2.7,ALB,35340.666666666664,34728.0,60608.0,58425.0,40617.25,33173.0,128394.0,1162060.0,1.0,,1.0,,,,,,,2.0,,,,,,,207.0,,,,,,,207.0,,,,,,,128394.0,,,,,,,128394.0,,,,,,1,0,0,8
2023,12,17.986363636363635,17.7,18.5,93.88636363636364,93.0,95.0,961.5613636363636,961.5,961.7,True,22.075,20.8,23.8,142.5340909090909,1.1670454545454545,2.7,ALO,35808.5,35565.0,64456.75,60067.0,40685.75,34651.0,130282.99999999999,1375148.0,1.0,,,,,,,1.0,,,,,,,2.0,,,,,,,195.0,,,,,,,195.0,,,,,,,130282.99999999999,,,,,,,130282.99999999999,1,0,0,8
2023,12,17.986363636363635,17.7,18.5,93.88636363636364,93.0,95.0,961.5613636363636,961.5,961.7,True,22.075,20.8,23.8,142.5340909090909,1.1670454545454545,2.7,BOT,48904.0,34990.0,65414.125,60645.0,42449.375,34821.0,132085.0,833689.0,3.0,,3.0,,,,,,,2.0,,,,,,,205.0,,,,,,,205.0,,,,,,,132085.0,,,,,,,132085.0,,,,,,1,0,0,8
2023,12,17.986363636363635,17.7,18.5,93.88636363636364,93.0,95.0,961.5613636363636,961.5,961.7,True,22.075,20.8,23.8,142.5340909090909,1.1670454545454545,2.7,GAS,35070.0,35070.0,57938.5,56674.0,54809.0,33349.0,,,,,,,,,,,,,,,,,,,,,,,,,,,,,,,,,,,,,,,,,,,,,,1,0,0,8
2023,12,17.986363636363635,17.7,18.5,93.88636363636364,93.0,95.0,961.5613636363636,961.5,961.7,True,22.075,20.8,23.8,142.5340909090909,1.1670454545454545,2.7,HAM,50456.5,35618.0,65257.5,60488.0,38681.166666666664,34193.0,130299.0,1425882.0,2.0,,,,,,,1.0,,,,,,,2.0,,,,,,,196.0,,,,,,,196.0,,,,,,,130299.0,,,,,,,130299.0,1,0,0,8
2023,12,17.986363636363635,17.7,18.5,93.88636363636364,93.0,95.0,961.5613636363636,961.5,961.7,True,22.075,20.8,23.8,142.5340909090909,1.1670454545454545,2.7,HUL,44473.8,35274.0,65177.25,59979.0,39712.25,34109.0,130042.0,1340337.0,2.0,,,,,,,3.0,,,,,,,3.6666666666666665,,,,,,,163.33333333333334,,,,,,,204.0,,,,,,,140501.0,,,,,,,130042.0,1,0,0,8
2023,12,17.986363636363635,17.7,18.5,93.88636363636364,93.0,95.0,961.5613636363636,961.5,961.7,True,22.075,20.8,23.8,142.5340909090909,1.1670454545454545,2.7,LEC,45977.166666666664,35240.0,65030.71428571428,58596.0,41232.57142857143,33863.0,128148.0,823110.5,2.0,,,,,,,1.0,,,,,,,2.0,,,,,,,196.0,,,,,,,196.0,,,,,,,128148.0,,,,,,,128148.0,1,0,0,8
2023,12,17.986363636363635,17.7,18.5,93.88636363636364,93.0,95.0,961.5613636363636,961.5,961.7,True,22.075,20.8,23.8,142.5340909090909,1.1670454545454545,2.7,MAG,48353.75,35116.0,67521.57142857143,60287.0,42760.42857142857,33553.0,129229.00000000001,1401413.5,2.0,,,,,,,2.0,,,,,,,2.0,,,,,,,202.0,,,,,,,202.0,,,,,,,129229.00000000001,,,,,,,129229.00000000001,1,0,0,8
2023,12,17.986363636363635,17.7,18.5,93.88636363636364,93.0,95.0,961.5613636363636,961.5,961.7,True,22.075,20.8,23.8,142.5340909090909,1.1670454545454545,2.7,NOR,41901.666666666664,35261.0,59252.5,55523.0,42057.0,32555.999999999996,124484.0,24734.0,1.0,,2.0,,,,,,,2.0,,,,,,,201.0,,,,,,,201.0,,,,,,,124484.0,,,,,,,124484.0,,,,,,1,0,0,8
2023,12,17.986363636363635,17.7,18.5,93.88636363636364,93.0,95.0,961.5613636363636,961.5,961.7,True,22.075,20.8,23.8,142.5340909090909,1.1670454545454545,2.7,OCO,35852.0,35852.0,58574.0,56917.0,42496.5,41744.0,136018.0,,,,,,,,,,,,,,,,,,,,,,,,,,,,,,,,,,,,,,,,,,,,,1,0,0,8
2023,12,17.986363636363635,17.7,18.5,93.88636363636364,93.0,95.0,961.5613636363636,961.5,961.7,True,22.075,20.8,23.8,142.5340909090909,1.1670454545454545,2.7,PER,36914.0,35581.0,61072.2,59181.0,40208.4,33478.0,128240.00000000001,1225135.0,1.0,,,,,,,1.0,,,,,,,2.5,,,,,,,201.5,,,,,,,202.0,,,,,,,135726.5,,,,,,,128240.00000000001,1,0,0,8
2023,12,17.986363636363635,17.7,18.5,93.88636363636364,93.0,95.0,961.5613636363636,961.5,961.7,True,22.075,20.8,23.8,142.5340909090909,1.1670454545454545,2.7,PIA,41802.0,34512.0,58266.25,55608.0,37783.75,32631.0,123792.0,26093.0,1.0,,2.0,,,,,,,1.5,,,,,,,203.0,,,,,,,205.0,,,,,,,136182.0,,,,,,,123792.0,,,,,,1,0,0,8
2023,12,17.986363636363635,17.7,18.5,93.88636363636364,93.0,95.0,961.5613636363636,961.5,961.7,True,22.075,20.8,23.8,142.5340909090909,1.1670454545454545,2.7,RIC,40671.4,35548.0,64774.142857142855,59906.0,41648.42857142857,33865.0,129318.99999999999,316487.5000000001,2.0,,,,,,,2.0,,,,,,,3.5,,,,,,,197.0,,,,,,,198.0,,,,,,,133776.5,,,,,,,129318.99999999999,1,0,0,8
2023,12,17.986363636363635,17.7,18.5,93.88636363636364,93.0,95.0,961.5613636363636,961.5,961.7,True,22.075,20.8,23.8,142.5340909090909,1.1670454545454545,2.7,RUS,36182.0,35439.0,65379.0,60382.0,38427.333333333336,34654.0,130475.0,790004.0,1.0,,,,,,,2.0,,,,,,,3.5,,,,,,,198.0,,,,,,,199.0,,,,,,,132033.0,,,,,,,130475.0,1,0,0,8
2023,12,17.986363636363635,17.7,18.5,93.88636363636364,93.0,95.0,961.5613636363636,961.5,961.7,True,22.075,20.8,23.8,142.5340909090909,1.1670454545454545,2.7,SAI,45194.71428571428,34045.0,62128.444444444445,56684.0,40001.555555555555,32308.999999999996,123207.0,922538.5,2.0,,2.0,,,,,3.0,,1.5,,,,,3.5,,212.5,,,,,128.5,,213.0,,,,,198.0,,135952.5,,,,,139134.5,,123207.0,,,,,129080.99999999999,1,0,0,8
2023,12,17.986363636363635,17.7,18.5,93.88636363636364,93.0,95.0,961.5613636363636,961.5,961.7,True,22.075,20.8,23.8,142.5340909090909,1.1670454545454545,2.7,SAR,35536.0,35033.0,63933.0,59621.0,37707.333333333336,35704.0,136417.0,1279120.0,1.0,,,,,,,,,,,,,,,,,,,,,,,,,,,,,,,,,,,,,,,,,,,1,0,0,8
2023,12,17.986363636363635,17.7,18.5,93.88636363636364,93.0,95.0,961.5613636363636,961.5,961.7,True,22.075,20.8,23.8,142.5340909090909,1.1670454545454545,2.7,STR,35972.5,35148.0,65358.6,60401.0,42754.0,37777.0,141946.0,1066052.5,2.0,,,,,,,,,,,,,,,,,,,,,,,,,,,,,,,,,,,,,,,,,,,1,0,0,8
2023,12,17.986363636363635,17.7,18.5,93.88636363636364,93.0,95.0,961.5613636363636,961.5,961.7,True,22.075,20.8,23.8,142.5340909090909,1.1670454545454545,2.7,TSU,41368.833333333336,35229.0,63556.857142857145,60138.0,37167.42857142857,33700.0,129067.0,313143.5,2.0,,,,,,,2.0,,,,,,,3.5,,,,,,,196.0,,,,,,,197.0,,,,,,,129587.5,,,,,,,129067.0,1,0,0,8
2023,12,17.986363636363635,17.7,18.5,93.88636363636364,93.0,95.0,961.5613636363636,961.5,961.7,True,22.075,20.8,23.8,142.5340909090909,1.1670454545454545,2.7,VER,,,59641.5,59344.0,40006.0,39998.0,,1500099.0,1.0,,,,,,,,,,,,,,,,,,,,,,,,,,,,,,,,,,,,,,,,,,,1,0,0,8
2023,12,17.986363636363635,17.7,18.5,93.88636363636364,93.0,95.0,961.5613636363636,961.5,961.7,True,22.075,20.8,23.8,142.5340909090909,1.1670454545454545,2.7,ZHO,43603.6,35039.0,68964.25,62324.0,39454.142857142855,34984.0,134002.0,1309900.0,2.0,,,,,,,1.0,,,,,,,2.0,,,,,,,196.0,,,,,,,196.0,,,,,,,134002.0,,,,,,,134002.0,1,0,0,8
2023,13,20.858024691358025,20.2,21.3,77.08641975308642,74.0,81.0,1007.3925925925927,1007.2,1007.5,False,33.68888888888889,30.1,36.5,38.75308641975309,1.8222222222222222,3.2,ALB,29900.045454545456,24996.0,30121.48,25163.0,27575.24,22061.0,72447.0,711557.5,2.0,1.0,,,3.0,,,,4.5,,,9.142857142857142,,,,306.6666666666667,,,256.14285714285717,,,,310.0,,,314.0,,,,84582.16666666667,,,88775.14285714286,,,,74480.0,,,72447.0,,,,1,1,1,1
2023,13,20.858024691358025,20.2,21.3,77.08641975308642,74.0,81.0,1007.3925925925927,1007.2,1007.5,False,33.68888888888889,30.1,36.5,38.75308641975309,1.8222222222222222,3.2,ALO,31016.722222222223,25079.0,29766.14285714286,24983.0,28238.0,22054.0,72130.0,502413.0,3.0,,,3.0,4.0,,,,,,8.142857142857142,5.0,,,,,,299.85714285714283,247.85714285714286,,,,,,308.0,307.0,,,,,,82528.0,90623.28571428571,,,,,,73841.0,72130.0,,,,1,1,1,1
2023,13,20.858024691358025,20.2,21.3,77.08641975308642,74.0,81.0,1007.3925925925927,1007.2,1007.5,False,33.68888888888889,30.1,36.5,38.75308641975309,1.8222222222222222,3.2,BOT,30867.19230769231,25717.0,30009.833333333332,25313.0,27722.666666666668,22418.0,73448.0,312186.0,4.0,,,5.0,,,,,,,8.857142857142858,,,,,,,282.1904761904762,,,,,,,304.0,,,,,,,85991.23809523809,,,,,,,73448.0,,,,,1,1,1,1
2023,13,20.858024691358025,20.2,21.3,77.08641975308642,74.0,81.0,1007.3925925925927,1007.2,1007.5,False,33.68888888888889,30.1,36.5,38.75308641975309,1.8222222222222222,3.2,GAS,30068.037037037036,25372.0,30193.966666666667,25048.0,28225.433333333334,22180.0,72895.0,579786.5,2.0,1.0,,,3.0,,,,6.5,,,9.076923076923077,,,,306.6,,,297.61538461538464,,,,312.0,,,312.0,,,,85016.1,,,83278.61538461539,,,,74356.0,,,72895.0,,,,1,1,1,1
2023,13,20.858024691358025,20.2,21.3,77.08641975308642,74.0,81.0,1007.3925925925927,1007.2,1007.5,False,33.68888888888889,30.1,36.5,38.75308641975309,1.8222222222222222,3.2,HAM,33097.35,24956.0,32755.916666666668,24819.0,28049.82608695652,22351.0,72225.0,525449.0,3.0,2.0,,,4.0,,,,7.1,,,6.5,,,,289.7,,,235.0,,,,303.0,,,305.0,,,,82179.9,,,111529.83333333333,,,,73623.0,,,72225.0,,,,1,1,1,1
2023,13,20.858024691358025,20.2,21.3,77.08641975308642,74.0,81.0,1007.3925925925927,1007.2,1007.5,False,33.68888888888889,30.1,36.5,38.75308641975309,1.8222222222222222,3.2,HUL,34613.63636363636,25778.0,30720.76923076923,25418.0,27034.583333333332,22390.0,74023.0,643332.5,2.0,,,1.0,3.0,,,,,,4.5,3.0,,,,,,288.1666666666667,300.0,,,,,,309.0,302.0,,,,,,86115.66666666667,104489.5,,,,,,75810.0,74023.0,,,,1,1,1,1
2023,13,20.858024691358025,20.2,21.3,77.08641975308642,74.0,81.0,1007.3925925925927,1007.2,1007.5,False,33.68888888888889,30.1,36.5,38.75308641975309,1.8222222222222222,3.2,LEC,29069.956521739132,25562.0,30232.423076923078,25503.0,28244.846153846152,22454.0,73519.0,764213.0,2.0,1.0,,3.0,,,,,5.0,,9.23076923076923,,,,,300.85714285714283,,273.9230769230769,,,,,314.0,,312.0,,,,,81603.14285714286,,86860.84615384616,,,,,75287.0,,73519.0,,,,,1,1,1,1
2023,13,20.858024691358025,20.2,21.3,77.08641975308642,74.0,81.0,1007.3925925925927,1007.2,1007.5,False,33.68888888888889,30.1,36.5,38.75308641975309,1.8222222222222222,3.2,MAG,32361.85185185185,25573.0,28769.724137931036,25275.0,27466.206896551725,22474.0,73322.0,261976.8,5.0,4.0,,,6.0,,,,8.272727272727273,,,7.555555555555555,,,,305.1818181818182,,,273.55555555555554,,,,312.0,,,303.0,,,,87292.45454545454,,,82623.66666666667,,,,74824.0,,,73322.0,,,,1,1,1,1
2023,13,20.858024691358025,20.2,21.3,77.08641975308642,74.0,81.0,1007.3925925925927,1007.2,1007.5,False,33.68888888888889,30.1,36.5,38.75308641975309,1.8222222222222222,3.2,NOR,41151.61111111111,25206.0,30302.809523809523,25099.0,27705.714285714286,22138.0,72460.0,226625.0,8.0,,,8.0,9.0,,,,,,10.5,5.0,,,,,,301.75,260.42857142857144,,,,,,302.0,310.0,,,,,,92653.5,86807.57142857143,,,,,,73923.0,72460.0,,,,1,1,1,1
2023,13,20.858024691358025,20.2,21.3,77.08641975308642,74.0,81.0,1007.3925925925927,1007.2,1007.5,False,33.68888888888889,30.1,36.5,38.75308641975309,1.8222222222222222,3.2,OCO,30145.26923076923,25226.0,30799.827586206895,25298.0,28536.931034482757,22278.0,72802.0,626426.0,2.0,,,1.0,3.0,,,,,,6.5,8.833333333333334,,,,,,300.3,294.5833333333333,,,,,,306.0,309.0,,,,,,88177.7,82940.08333333333,,,,,,74503.0,72802.0,,,,1,1,1,1
2023,13,20.858024691358025,20.2,21.3,77.08641975308642,74.0,81.0,1007.3925925925927,1007.2,1007.5,False,33.68888888888889,30.1,36.5,38.75308641975309,1.8222222222222222,3.2,PER,31350.125,25306.0,31646.666666666668,24730.0,27110.962962962964,22211.0,72323.0,685276.5,2.0,1.0,,,3.0,,,,6.5,,,8.615384615384615,,,,283.3,,,251.46153846153845,,,,312.0,,,314.0,,,,88992.3,,,88757.30769230769,,,,73950.0,,,72323.0,,,,1,1,1,1
2023,13,20.858024691358025,20.2,21.3,77.08641975308642,74.0,81.0,1007.3925925925927,1007.2,1007.5,False,33.68888888888889,30.1,36.5,38.75308641975309,1.8222222222222222,3.2,PIA,31243.058823529413,25218.0,31174.0,25108.0,29350.47619047619,22238.0,72658.0,645170.6666666666,3.0,,,3.0,4.0,,,,,,7.0,5.0,,,,,,304.0,299.42857142857144,,,,,,308.0,310.0,,,,,,86427.57142857143,87612.28571428571,,,,,,74222.0,72658.0,,,,1,1,1,1
2023,13,20.858024691358025,20.2,21.3,77.08641975308642,74.0,81.0,1007.3925925925927,1007.2,1007.5,False,33.68888888888889,30.1,36.5,38.75308641975309,1.8222222222222222,3.2,RIC,31348.095238095237,25283.0,32813.08,25254.0,29029.12,22370.0,72990.0,464877.3333333333,3.0,,,2.0,4.0,,,,,,7.5,7.9,,,,,,301.375,263.8,,,,,,303.0,312.0,,,,,,87610.0,96192.0,,,,,,74335.0,72990.0,,,,1,1,1,1
2023,13,20.858024691358025,20.2,21.3,77.08641975308642,74.0,81.0,1007.3925925925927,1007.2,1007.5,False,33.68888888888889,30.1,36.5,38.75308641975309,1.8222222222222222,3.2,RUS,32311.684210526317,25307.0,30601.0,24911.0,27460.863636363636,22382.0,72813.0,567953.0000000001,3.0,2.0,,,4.0,,,,7.5,,,5.5,,,,295.6,,,244.83333333333334,,,,307.0,,,304.0,,,,81433.9,,,102529.16666666667,,,,73635.0,,,72813.0,,,,1,1,1,1
2023,13,20.858024691358025,20.2,21.3,77.08641975308642,74.0,81.0,1007.3925925925927,1007.2,1007.5,False,33.68888888888889,30.1,36.5,38.75308641975309,1.8222222222222222,3.2,SAR,30406.74074074074,25224.0,30187.166666666668,25106.0,27080.466666666667,22202.0,72617.0,413232.3333333333,3.0,,,4.0,3.0,,,,,,11.058823529411764,4.833333333333333,,,,,,283.6470588235294,298.8333333333333,,,,,,313.0,312.0,,,,,,84414.0,89826.5,,,,,,74292.0,72617.0,,,,1,1,1,1
2023,13,20.858024691358025,20.2,21.3,77.08641975308642,74.0,81.0,1007.3925925925927,1007.2,1007.5,False,33.68888888888889,30.1,36.5,38.75308641975309,1.8222222222222222,3.2,SHW,30089.68181818182,26068.0,29687.6,26118.0,27462.12,22617.0,74803.0,830626.0,2.0,2.0,,3.0,,,,,8.5,,5.0,,,,,298.4166666666667,,269.7142857142857,,,,,315.0,,309.0,,,,,77181.0,,94516.42857142857,,,,,75795.0,,74803.0,,,,,1,1,1,1
2023,13,20.858024691358025,20.2,21.3,77.08641975308642,74.0,81.0,1007.3925925925927,1007.2,1007.5,False,33.68888888888889,30.1,36.5,38.75308641975309,1.8222222222222222,3.2,STR,29822.0,29822.0,31510.0,30847.0,32908.5,29410.0,98402.0,,,,,,,,,,,,,,,,,,,,,,,,,,,,,,,,,,,,,,,,,,,,,1,1,1,1
2023,13,20.858024691358025,20.2,21.3,77.08641975308642,74.0,81.0,1007.3925925925927,1007.2,1007.5,False,33.68888888888889,30.1,36.5,38.75308641975309,1.8222222222222222,3.2,TSU,34684.117647058825,25471.0,31477.619047619046,25044.0,28263.571428571428,22234.0,72749.0,483819.25,4.0,,,3.0,5.0,,,,,,8.5,5.0,,,,,,300.1666666666667,261.0,,,,,,307.0,304.0,,,,,,82998.5,98082.33333333333,,,,,,74423.0,72749.0,,,,1,1,1,1
2023,13,20.858024691358025,20.2,21.3,77.08641975308642,74.0,81.0,1007.3925925925927,1007.2,1007.5,False,33.68888888888889,30.1,36.5,38.75308641975309,1.8222222222222222,3.2,VER,30081.821428571428,25007.0,30772.83870967742,24759.0,27801.516129032258,21992.0,71852.0,562583.5,2.0,2.0,,,3.0,,,,11.722222222222221,,,4.5,,,,294.8333333333333,,,291.0,,,,312.0,,,315.0,,,,80797.44444444444,,,104208.83333333333,,,,73191.0,,,71852.0,,,,1,1,1,1
2023,13,20.858024691358025,20.2,21.3,77.08641975308642,74.0,81.0,1007.3925925925927,1007.2,1007.5,False,33.68888888888889,30.1,36.5,38.75308641975309,1.8222222222222222,3.2,ZHO,30915.125,25992.0,31869.15,25255.0,29491.21052631579,22556.0,73826.0,654102.6666666666,3.0,2.0,,4.0,,,,,6.0,,7.0,,,,,300.6,,256.7142857142857,,,,,311.0,,303.0,,,,,80821.0,,101093.42857142857,,,,,74415.0,,73826.0,,,,,1,1,1,1
2023,14,25.201204819277105,24.8,25.6,50.44578313253012,48.0,53.0,997.5192771084338,997.4,997.7,False,37.08313253012048,34.3,41.2,169.6024096385542,1.1506024096385543,2.5,ALB,35179.6875,27481.0,34216.11111111111,27965.0,35237.27777777778,27701.0,83444.0,361338.0,2.0,,,,3.0,,,,,,,10.166666666666666,,,,,,,275.8333333333333,,,,,,,310.0,,,,,,,96131.75,,,,,,,83444.0,,,,0,1,1,0
2023,14,25.201204819277105,24.8,25.6,50.44578313253012,48.0,53.0,997.5192771084338,997.4,997.7,False,37.08313253012048,34.3,41.2,169.6024096385542,1.1506024096385543,2.5,ALO,34124.5,27381.0,35926.166666666664,28123.0,36024.041666666664,27650.0,83214.0,463236.6666666667,3.0,,,4.0,,,,,,,13.75,,,,,,,292.4375,,,,,,,307.0,,,,,,,102531.0,,,,,,,83214.0,,,,,0,1,1,0
2023,14,25.201204819277105,24.8,25.6,50.44578313253012,48.0,53.0,997.5192771084338,997.4,997.7,False,37.08313253012048,34.3,41.2,169.6024096385542,1.1506024096385543,2.5,BOT,40441.066666666666,27624.0,36082.23529411765,28399.0,36471.470588235294,27855.0,83952.0,184585.33333333334,3.0,,,,4.0,,,,,,,5.4,,,,,,,282.3,,,,,,,310.0,,,,,,,106069.5,,,,,,,83952.0,,,,0,1,1,0
2023,14,25.201204819277105,24.8,25.6,50.44578313253012,48.0,53.0,997.5192771084338,997.4,997.7,False,37.08313253012048,34.3,41.2,169.6024096385542,1.1506024096385543,2.5,DRU,32672.3,27719.0,34302.625,28465.0,34606.0,27842.0,84140.0,491282.9999999998,3.0,,,4.0,,,,,,,13.375,,,,,,,287.0625,,,,,,,305.0,,,,,,,98567.0,,,,,,,84140.0,,,,,0,1,1,0
2023,14,25.201204819277105,24.8,25.6,50.44578313253012,48.0,53.0,997.5192771084338,997.4,997.7,False,37.08313253012048,34.3,41.2,169.6024096385542,1.1506024096385543,2.5,GAS,34967.565217391304,27762.0,33687.88461538462,28236.0,33777.92307692308,27933.0,83931.0,429304.6666666667,3.0,,,,4.0,,,,,,,13.8,,,,,,,279.85,,,,,,,304.0,,,,,,,97994.0,,,,,,,83931.0,,,,0,1,1,0
2023,14,25.201204819277105,24.8,25.6,50.44578313253012,48.0,53.0,997.5192771084338,997.4,997.7,False,37.08313253012048,34.3,41.2,169.6024096385542,1.1506024096385543,2.5,HAM,34474.565217391304,27651.0,37226.07692307692,28029.0,35303.61538461538,27589.0,83269.0,531685.5,2.0,3.0,,,,,,,14.055555555555555,,,,,,,288.1666666666667,,,,,,,306.0,,,,,,,98446.88888888889,,,,,,,83269.0,,,,,,,0,1,1,0
2023,14,25.201204819277105,24.8,25.6,50.44578313253012,48.0,53.0,997.5192771084338,997.4,997.7,False,37.08313253012048,34.3,41.2,169.6024096385542,1.1506024096385543,2.5,HUL,36092.35,28028.0,34100.04347826087,28215.0,34884.13043478261,27712.0,84067.0,484215.6666666667,3.0,,,4.0,,,,,,,13.214285714285714,,,,,,,279.5,,,,,,,301.0,,,,,,,92986.0,,,,,,,84067.0,,,,,0,1,1,0
2023,14,25.201204819277105,24.8,25.6,50.44578313253012,48.0,53.0,997.5192771084338,997.4,997.7,False,37.08313253012048,34.3,41.2,169.6024096385542,1.1506024096385543,2.5,LAW,34338.92307692308,27584.0,36713.51724137931,28271.0,35201.620689655174,27889.0,83833.0,377165.0,2.0,,,,3.0,,,,,,,9.608695652173912,,,,,,,274.4347826086956,,,,,,,307.0,,,,,,,105327.0,,,,,,,83833.0,,,,0,1,1,0
2023,14,25.201204819277105,24.8,25.6,50.44578313253012,48.0,53.0,997.5192771084338,997.4,997.7,False,37.08313253012048,34.3,41.2,169.6024096385542,1.1506024096385543,2.5,LEC,33667.0,27380.0,35192.045454545456,27834.0,33691.0,27536.0,82966.0,784846.0,2.0,3.0,,,,,,,11.533333333333333,,,,,,,290.6,,,,,,,311.0,,,,,,,96664.53333333334,,,,,,,82966.0,,,,,,,0,1,1,0
2023,14,25.201204819277105,24.8,25.6,50.44578313253012,48.0,53.0,997.5192771084338,997.4,997.7,False,37.08313253012048,34.3,41.2,169.6024096385542,1.1506024096385543,2.5,MAG,34785.52380952381,27898.0,36318.541666666664,28338.0,34370.541666666664,27860.0,84217.0,423258.3333333333,3.0,,,4.0,,,,,,,13.857142857142858,,,,,,,286.35714285714283,,,,,,,301.0,,,,,,,87473.28571428571,,,,,,,84217.0,,,,,0,1,1,0
2023,14,25.201204819277105,24.8,25.6,50.44578313253012,48.0,53.0,997.5192771084338,997.4,997.7,False,37.08313253012048,34.3,41.2,169.6024096385542,1.1506024096385543,2.5,NOR,34515.833333333336,27803.0,32934.59090909091,27866.0,33425.454545454544,27572.0,83241.0,423148.5,4.0,,,,5.0,,,,,,,10.214285714285714,,,,,,,282.42857142857144,,,,,,,305.0,,,,,,,93497.57142857143,,,,,,,83241.0,,,,0,1,1,0
2023,14,25.201204819277105,24.8,25.6,50.44578313253012,48.0,53.0,997.5192771084338,997.4,997.7,False,37.08313253012048,34.3,41.2,169.6024096385542,1.1506024096385543,2.5,OCO,34140.69565217391,27778.0,36367.269230769234,28306.0,34795.153846153844,27934.0,84090.0,561872.5,2.0,,,,3.0,,,,,,,13.947368421052632,,,,,,,283.94736842105266,,,,,,,305.0,,,,,,,100296.94736842105,,,,,,,84090.0,,,,0,1,1,0
2023,14,25.201204819277105,24.8,25.6,50.44578313253012,48.0,53.0,997.5192771084338,997.4,997.7,False,37.08313253012048,34.3,41.2,169.6024096385542,1.1506024096385543,2.5,PER,32780.22222222222,27496.0,34899.73333333333,27915.0,32743.933333333334,27315.0,82834.0,404837.0,2.0,3.0,,,,,,,16.391304347826086,,,,,,,296.0,,,,,,,309.0,,,,,,,95847.43478260869,,,,,,,82834.0,,,,,,,0,1,1,0
2023,14,25.201204819277105,24.8,25.6,50.44578313253012,48.0,53.0,997.5192771084338,997.4,997.7,False,37.08313253012048,34.3,41.2,169.6024096385542,1.1506024096385543,2.5,PIA,33841.1,27554.0,33589.791666666664,28011.0,33905.583333333336,27664.0,83446.0,359169.75,4.0,,,,5.0,,,,,,,11.6,,,,,,,284.8666666666667,,,,,,,305.0,,,,,,,99370.73333333334,,,,,,,83446.0,,,,0,1,1,0
2023,14,25.201204819277105,24.8,25.6,50.44578313253012,48.0,53.0,997.5192771084338,997.4,997.7,False,37.08313253012048,34.3,41.2,169.6024096385542,1.1506024096385543,2.5,RUS,35596.68,27733.0,37660.96428571428,28063.0,34587.17857142857,27372.0,83189.0,447523.0000000001,2.0,3.0,,,,,,,14.38888888888889,,,,,,,298.6111111111111,,,,,,,306.0,,,,,,,94542.61111111111,,,,,,,83189.0,,,,,,,0,1,1,0
2023,14,25.201204819277105,24.8,25.6,50.44578313253012,48.0,53.0,997.5192771084338,997.4,997.7,False,37.08313253012048,34.3,41.2,169.6024096385542,1.1506024096385543,2.5,SAI,35797.64,27358.0,34057.46428571428,27808.0,32673.0,27506.0,82703.0,332525.9999999998,3.0,4.0,,,,,,,14.75,,,,,,,291.2,,,,,,,311.0,,,,,,,94329.45,,,,,,,82703.0,,,,,,,0,1,1,0
2023,14,25.201204819277105,24.8,25.6,50.44578313253012,48.0,53.0,997.5192771084338,997.4,997.7,False,37.08313253012048,34.3,41.2,169.6024096385542,1.1506024096385543,2.5,SAR,33513.21052631579,27419.0,33945.09523809524,28204.0,33888.57142857143,27965.0,83661.0,235433.5,2.0,,,,3.0,,,,,,,11.3125,,,,,,,287.6875,,,,,,,310.0,,,,,,,99385.625,,,,,,,83661.0,,,,0,1,1,0
2023,14,25.201204819277105,24.8,25.6,50.44578313253012,48.0,53.0,997.5192771084338,997.4,997.7,False,37.08313253012048,34.3,41.2,169.6024096385542,1.1506024096385543,2.5,TSU,36465.84210526316,27347.0,35603.13043478261,28188.0,35016.739130434784,27736.0,83271.0,372927.25,4.0,,,,5.0,,,,,,,7.133333333333334,,,,,,,280.3333333333333,,,,,,,308.0,,,,,,,100923.53333333334,,,,,,,83271.0,,,,0,1,1,0
2023,14,25.201204819277105,24.8,25.6,50.44578313253012,48.0,53.0,997.5192771084338,997.4,997.7,False,37.08313253012048,34.3,41.2,169.6024096385542,1.1506024096385543,2.5,VER,32136.071428571428,27568.0,33521.45161290323,27603.0,31333.74193548387,27400.0,82657.0,397931.0,2.0,3.0,,,,,,,16.64,,,,,,,292.28,,,,,,,303.0,,,,,,,95110.96,,,,,,,82657.0,,,,,,,0,1,1,0
2023,14,25.201204819277105,24.8,25.6,50.44578313253012,48.0,53.0,997.5192771084338,997.4,997.7,False,37.08313253012048,34.3,41.2,169.6024096385542,1.1506024096385543,2.5,ZHO,38395.8,27673.0,35464.76470588235,28460.0,35409.882352941175,27976.0,84232.0,358618.50000000023,2.0,,,,3.0,,,,,,,4.916666666666667,,,,,,,282.9166666666667,,,,,,,310.0,,,,,,,105352.75,,,,,,,84232.0,,,,0,1,1,0
2023,15,31.447560975609754,31.0,32.1,63.609756097560975,60.0,66.0,1007.9512195121952,1007.7,1008.4,False,42.99878048780488,41.3,45.7,174.73170731707316,2.2902439024390246,3.2,ALB,38495.35294117647,27577.0,49633.0,40287.0,34204.94736842105,26793.0,94657.0,470038.6666666667,3.0,,,4.0,3.0,,,,,,6.666666666666667,3.5,,,,,,229.88888888888889,253.5,,,,,,251.0,254.0,,,,,,114897.0,95021.0,,,,,,96413.0,94657.0,,,,0,0,0,3
2023,15,31.447560975609754,31.0,32.1,63.609756097560975,60.0,66.0,1007.9512195121952,1007.7,1008.4,False,42.99878048780488,41.3,45.7,174.73170731707316,2.2902439024390246,3.2,ALO,34785.84,27495.0,46875.21428571428,39841.0,33115.96428571428,26638.0,93974.0,252428.0,3.0,3.0,,,4.0,,,,8.555555555555555,,,6.5,,,,248.44444444444446,,,229.4,,,,252.0,,,253.0,,,,105109.11111111111,,,106496.3,,,,95804.0,,,93974.0,,,,0,0,0,3
2023,15,31.447560975609754,31.0,32.1,63.609756097560975,60.0,66.0,1007.9512195121952,1007.7,1008.4,False,42.99878048780488,41.3,45.7,174.73170731707316,2.2902439024390246,3.2,BOT,33419.181818181816,27767.0,49427.36,40079.0,33608.04,26956.0,94802.0,495327.5,2.0,,,3.0,,,,,,,7.315789473684211,,,,,,,235.0,,,,,,,251.0,,,,,,,114401.36842105263,,,,,,,94802.0,,,,,0,0,0,3
2023,15,31.447560975609754,31.0,32.1,63.609756097560975,60.0,66.0,1007.9512195121952,1007.7,1008.4,False,42.99878048780488,41.3,45.7,174.73170731707316,2.2902439024390246,3.2,GAS,37195.55,27685.0,49934.95652173913,39812.0,35459.565217391304,26949.0,94639.0,337071.9999999998,3.0,,,1.0,4.0,,,,,,4.4,8.444444444444445,,,,,,248.8,216.88888888888889,,,,,,250.0,252.0,,,,,,113357.2,115303.88888888889,,,,,,96198.0,94639.0,,,,0,0,0,3
2023,15,31.447560975609754,31.0,32.1,63.609756097560975,60.0,66.0,1007.9512195121952,1007.7,1008.4,False,42.99878048780488,41.3,45.7,174.73170731707316,2.2902439024390246,3.2,HAM,41460.666666666664,27474.0,54349.47619047619,39575.0,37144.04761904762,26491.0,93540.0,285400.7499999999,4.0,5.0,,,4.0,,,,9.0,,,3.5,,,,215.71428571428572,,,252.0,,,,250.0,,,253.0,,,,103531.28571428571,,,93847.5,,,,95571.0,,,93540.0,,,,0,0,0,3
2023,15,31.447560975609754,31.0,32.1,63.609756097560975,60.0,66.0,1007.9512195121952,1007.7,1008.4,False,42.99878048780488,41.3,45.7,174.73170731707316,2.2902439024390246,3.2,HUL,33598.31578947369,27795.0,47448.86363636364,40125.0,33446.22727272727,26947.0,94985.0,609114.5,2.0,3.0,,,2.0,,,,8.090909090909092,,,4.0,,,,229.0,,,233.8,,,,248.0,,,253.0,,,,108528.63636363637,,,118948.4,,,,96642.0,,,94985.0,,,,0,0,0,3
2023,15,31.447560975609754,31.0,32.1,63.609756097560975,60.0,66.0,1007.9512195121952,1007.7,1008.4,False,42.99878048780488,41.3,45.7,174.73170731707316,2.2902439024390246,3.2,LAW,35293.375,27910.0,50589.22222222222,40098.0,35256.851851851854,26886.0,94894.0,357790.5,2.0,1.0,,,3.0,,,,6.714285714285714,,,8.25,,,,242.57142857142858,,,244.375,,,,249.0,,,250.0,,,,107727.28571428571,,,103142.875,,,,96336.0,,,94894.0,,,,0,0,0,3
2023,15,31.447560975609754,31.0,32.1,63.609756097560975,60.0,66.0,1007.9512195121952,1007.7,1008.4,False,42.99878048780488,41.3,45.7,174.73170731707316,2.2902439024390246,3.2,LEC,37865.59090909091,27070.0,53531.76,39457.0,36688.56,26414.0,93350.0,224793.0,3.0,4.0,,,3.0,,,,8.4,,,4.333333333333333,,,,232.7,,,255.66666666666666,,,,254.0,,,257.0,,,,110833.3,,,109571.66666666667,,,,95133.0,,,93350.0,,,,0,0,0,3
2023,15,31.447560975609754,31.0,32.1,63.609756097560975,60.0,66.0,1007.9512195121952,1007.7,1008.4,False,42.99878048780488,41.3,45.7,174.73170731707316,2.2902439024390246,3.2,MAG,34012.75,27714.0,49775.217391304344,39938.0,34091.69565217391,27075.0,94887.0,526295.5,2.0,3.0,,,2.0,,,,10.181818181818182,,,3.6666666666666665,,,,227.27272727272728,,,248.66666666666666,,,,250.0,,,251.0,,,,100514.54545454546,,,112462.33333333333,,,,97089.0,,,94887.0,,,,0,0,0,3
2023,15,31.447560975609754,31.0,32.1,63.609756097560975,60.0,66.0,1007.9512195121952,1007.7,1008.4,False,42.99878048780488,41.3,45.7,174.73170731707316,2.2902439024390246,3.2,NOR,35471.52380952381,27373.0,47520.5,39527.0,32895.083333333336,26622.0,93522.0,386300.6666666667,3.0,,,2.0,4.0,,,,,,5.5,7.9,,,,,,251.33333333333334,227.4,,,,,,253.0,253.0,,,,,,110832.66666666667,107995.1,,,,,,94776.0,93522.0,,,,0,0,0,3
2023,15,31.447560975609754,31.0,32.1,63.609756097560975,60.0,66.0,1007.9512195121952,1007.7,1008.4,False,42.99878048780488,41.3,45.7,174.73170731707316,2.2902439024390246,3.2,OCO,36582.80952380953,27543.0,50341.041666666664,39766.0,35484.291666666664,26757.0,94066.0,505749.0,2.0,,,1.0,3.0,,,,,,6.833333333333333,7.5,,,,,,249.5,215.33333333333334,,,,,,252.0,253.0,,,,,,102447.0,104762.66666666667,,,,,,95291.0,94066.0,,,,0,0,0,3
2023,15,31.447560975609754,31.0,32.1,63.609756097560975,60.0,66.0,1007.9512195121952,1007.7,1008.4,False,42.99878048780488,41.3,45.7,174.73170731707316,2.2902439024390246,3.2,PER,35635.73684210526,27493.0,53727.59090909091,39560.0,37249.77272727273,26649.0,93725.0,519436.0,2.0,1.0,,,3.0,,,,5.571428571428571,,,6.8,,,,250.14285714285714,,,204.0,,,,254.0,,,254.0,,,,115022.14285714286,,,110122.0,,,,95336.0,,,93725.0,,,,0,0,0,3
2023,15,31.447560975609754,31.0,32.1,63.609756097560975,60.0,66.0,1007.9512195121952,1007.7,1008.4,False,42.99878048780488,41.3,45.7,174.73170731707316,2.2902439024390246,3.2,PIA,36429.94736842105,27665.0,50358.545454545456,40771.0,34390.36363636364,27038.0,95474.0,424076.0,3.0,,,4.0,3.0,,,,,,8.454545454545455,3.5,,,,,,230.54545454545453,248.5,,,,,,250.0,252.0,,,,,,110566.81818181818,95584.5,,,,,,96356.0,95474.0,,,,0,0,0,3
2023,15,31.447560975609754,31.0,32.1,63.609756097560975,60.0,66.0,1007.9512195121952,1007.7,1008.4,False,42.99878048780488,41.3,45.7,174.73170731707316,2.2902439024390246,3.2,RUS,38643.72727272727,27518.0,52715.68,39513.0,36134.88,26621.0,93695.0,205297.0,4.0,5.0,,,4.0,,,,10.909090909090908,,,3.5,,,,228.63636363636363,,,252.5,,,,253.0,,,253.0,,,,106220.81818181818,,,93880.0,,,,95005.0,,,93695.0,,,,0,0,0,3
2023,15,31.447560975609754,31.0,32.1,63.609756097560975,60.0,66.0,1007.9512195121952,1007.7,1008.4,False,42.99878048780488,41.3,45.7,174.73170731707316,2.2902439024390246,3.2,SAI,36868.09523809524,27391.0,51475.791666666664,39516.0,35569.625,26521.0,93428.0,310520.66666666657,3.0,4.0,,,3.0,,,,8.8,,,5.333333333333333,,,,227.6,,,255.0,,,,255.0,,,258.0,,,,105945.1,,,108550.0,,,,95593.0,,,93428.0,,,,0,0,0,3
2023,15,31.447560975609754,31.0,32.1,63.609756097560975,60.0,66.0,1007.9512195121952,1007.7,1008.4,False,42.99878048780488,41.3,45.7,174.73170731707316,2.2902439024390246,3.2,SAR,34382.23809523809,27847.0,49606.375,40913.0,35371.208333333336,27018.0,95778.0,323390.3333333333,3.0,4.0,,,3.0,,,,10.071428571428571,,,4.0,,,,233.0,,,253.0,,,,249.0,,,253.0,,,,109723.28571428571,,,95778.0,,,,96984.0,,,95778.0,,,,0,0,0,3
2023,15,31.447560975609754,31.0,32.1,63.609756097560975,60.0,66.0,1007.9512195121952,1007.7,1008.4,False,42.99878048780488,41.3,45.7,174.73170731707316,2.2902439024390246,3.2,STR,36592.454545454544,27475.0,49278.48,40211.0,34000.04,26767.0,94568.0,360952.0,3.0,3.0,,,4.0,,,,7.857142857142857,,,6.375,,,,249.28571428571428,,,248.25,,,,250.0,,,253.0,,,,116032.42857142857,,,102859.125,,,,96166.0,,,94568.0,,,,0,0,0,3
2023,15,31.447560975609754,31.0,32.1,63.609756097560975,60.0,66.0,1007.9512195121952,1007.7,1008.4,False,42.99878048780488,41.3,45.7,174.73170731707316,2.2902439024390246,3.2,TSU,33864.77272727273,27466.0,49954.84,39743.0,33765.64,26833.0,94042.0,451453.0,2.0,1.0,,,3.0,,,,5.875,,,7.7,,,,245.5,,,215.0,,,,250.0,,,249.0,,,,113292.375,,,113335.3,,,,95782.0,,,94042.0,,,,0,0,0,3
2023,15,31.447560975609754,31.0,32.1,63.609756097560975,60.0,66.0,1007.9512195121952,1007.7,1008.4,False,42.99878048780488,41.3,45.7,174.73170731707316,2.2902439024390246,3.2,VER,35459.89473684211,27508.0,50464.77272727273,39544.0,34777.13636363636,26424.0,93476.0,592201.0,2.0,3.0,,,2.0,,,,10.3,,,3.0,,,,222.6,,,192.0,,,,246.0,,,255.0,,,,102853.0,,,120365.5,,,,95781.0,,,93476.0,,,,0,0,0,3
2023,15,31.447560975609754,31.0,32.1,63.609756097560975,60.0,66.0,1007.9512195121952,1007.7,1008.4,False,42.99878048780488,41.3,45.7,174.73170731707316,2.2902439024390246,3.2,ZHO,32726.090909090908,27855.0,47214.56,40437.0,33115.56,27072.0,95456.0,529217.0,2.0,3.0,,2.0,,,,,8.923076923076923,,4.5,,,,,229.46153846153845,,247.83333333333334,,,,,251.0,,251.0,,,,,108968.69230769231,,112598.33333333333,,,,,97448.0,,95456.0,,,,,0,0,0,3
2023,16,28.1144578313253,27.6,28.7,69.1566265060241,65.0,75.0,1007.1951807228916,1006.9,1007.7,True,37.66265060240964,36.8,39.0,202.4578313253012,1.336144578313253,3.0,ALB,44579.8,32735.0,50613.625,42040.0,22727.75,18216.0,92991.0,277786.0,4.0,5.0,,,4.0,3.0,,,4.5,,,3.3333333333333335,6.25,,,234.25,,,236.33333333333334,244.5,,,262.0,,,262.0,263.0,,,107645.75,,,109179.66666666667,116618.0,,,95916.0,,,92991.0,95166.0,,,0,0,0,0
2023,16,28.1144578313253,27.6,28.7,69.1566265060241,65.0,75.0,1007.1951807228916,1006.9,1007.7,True,37.66265060240964,36.8,39.0,202.4578313253012,1.336144578313253,3.0,ALO,42326.10526315789,32402.0,49004.47826086957,41913.0,23189.782608695652,18185.0,92650.0,298770.25,4.0,,,5.0,4.0,1.0,,,,,9.333333333333334,2.0,3.0,,,,,231.11111111111111,260.0,259.6666666666667,,,,,260.0,260.0,262.0,,,,,100730.11111111111,92650.0,108737.33333333333,,,,,93166.0,92650.0,94424.0,,,0,0,0,0
2023,16,28.1144578313253,27.6,28.7,69.1566265060241,65.0,75.0,1007.1951807228916,1006.9,1007.7,True,37.66265060240964,36.8,39.0,202.4578313253012,1.336144578313253,3.0,BOT,41107.71428571428,33090.0,50546.5,42336.0,22241.125,18434.0,93860.0,583149.5,2.0,,,2.0,,3.0,,,,,4.375,,5.5,,,,,258.0,,228.0,,,,,260.0,,250.0,,,,,108386.5,,102678.25,,,,,93860.0,,97956.0,,,0,0,0,0
2023,16,28.1144578313253,27.6,28.7,69.1566265060241,65.0,75.0,1007.1951807228916,1006.9,1007.7,True,37.66265060240964,36.8,39.0,202.4578313253012,1.336144578313253,3.0,GAS,45885.9,32978.0,55755.86956521739,42028.0,21303.347826086956,18123.0,93129.0,501806.5,2.0,,,2.0,3.0,1.0,,,,,5.2,4.0,4.0,,,,,260.8,228.0,259.3333333333333,,,,,262.0,263.0,261.0,,,,,112063.2,111279.2,96003.66666666667,,,,,93931.0,93129.0,95870.0,,,0,0,0,0
2023,16,28.1144578313253,27.6,28.7,69.1566265060241,65.0,75.0,1007.1951807228916,1006.9,1007.7,True,37.66265060240964,36.8,39.0,202.4578313253012,1.336144578313253,3.0,HAM,44948.10526315789,33054.0,53991.27272727273,42357.0,23104.954545454544,18288.0,93699.0,407537.0,3.0,,,4.0,,2.0,,,,,4.636363636363637,,4.0,,,,,231.36363636363637,,258.0,,,,,262.0,,258.0,,,,,108806.81818181818,,94910.0,,,,,93699.0,,94910.0,,,0,0,0,0
2023,16,28.1144578313253,27.6,28.7,69.1566265060241,65.0,75.0,1007.1951807228916,1006.9,1007.7,True,37.66265060240964,36.8,39.0,202.4578313253012,1.336144578313253,3.0,HUL,40815.80952380953,32865.0,48896.958333333336,42287.0,22289.541666666668,18296.0,93448.0,396636.0,3.0,4.0,,,3.0,,,,7.75,,,7.0,,,,231.875,,,252.83333333333334,,,,260.0,,,260.0,,,,101743.25,,,98675.5,,,,95137.0,,,93448.0,,,,0,0,0,0
2023,16,28.1144578313253,27.6,28.7,69.1566265060241,65.0,75.0,1007.1951807228916,1006.9,1007.7,True,37.66265060240964,36.8,39.0,202.4578313253012,1.336144578313253,3.0,LAW,43315.44,32665.999999999996,52056.71428571428,42018.0,22324.964285714286,18263.0,93005.0,198326.0,3.0,,,2.0,4.0,1.0,,,,,4.5,5.875,5.0,,,,,238.33333333333334,222.5,251.85714285714286,,,,,261.0,262.0,259.0,,,,,117840.16666666667,119138.625,115243.71428571429,,,,,93931.0,93005.0,95466.0,,,0,0,0,0
2023,16,28.1144578313253,27.6,28.7,69.1566265060241,65.0,75.0,1007.1951807228916,1006.9,1007.7,True,37.66265060240964,36.8,39.0,202.4578313253012,1.336144578313253,3.0,LEC,40096.63636363636,32702.0,51221.4,41652.0,22570.88,18184.0,92574.0,482612.0,2.0,3.0,,,2.0,1.0,,,5.0,,,3.6666666666666665,5.857142857142857,,,229.14285714285714,,,262.3333333333333,257.2857142857143,,,260.0,,,263.0,259.0,,,101227.14285714286,,,107150.66666666667,110711.28571428571,,,96533.0,,,92574.0,94548.0,,,0,0,0,0
2023,16,28.1144578313253,27.6,28.7,69.1566265060241,65.0,75.0,1007.1951807228916,1006.9,1007.7,True,37.66265060240964,36.8,39.0,202.4578313253012,1.336144578313253,3.0,MAG,44236.55,33199.0,52876.13636363636,42259.0,22596.347826086956,18323.0,93975.0,529306.5,2.0,,,3.0,2.0,1.0,,,,,5.5,3.0,4.0,,,,,229.875,257.5,254.33333333333334,,,,,252.0,258.0,258.0,,,,,102336.75,93990.0,96597.33333333333,,,,,98678.0,93975.0,95732.0,,,0,0,0,0
2023,16,28.1144578313253,27.6,28.7,69.1566265060241,65.0,75.0,1007.1951807228916,1006.9,1007.7,True,37.66265060240964,36.8,39.0,202.4578313253012,1.336144578313253,3.0,NOR,42274.95238095238,32219.0,47703.916666666664,42021.0,22176.416666666668,18152.0,92392.0,286614.25,4.0,,,2.0,5.0,4.0,,,,,4.0,2.5,4.0,,,,,260.0,159.5,254.7,,,,,260.0,260.0,260.0,,,,,94251.0,109124.5,97602.5,,,,,94251.0,92392.0,92880.0,,,0,0,0,0
2023,16,28.1144578313253,27.6,28.7,69.1566265060241,65.0,75.0,1007.1951807228916,1006.9,1007.7,True,37.66265060240964,36.8,39.0,202.4578313253012,1.336144578313253,3.0,OCO,44732.94736842105,32885.0,53866.40909090909,42257.0,23802.727272727272,18374.0,93516.0,598282.5,2.0,,,2.0,3.0,1.0,,,,,4.5,3.5,4.0,,,,,262.0,262.0,257.8,,,,,263.0,263.0,260.0,,,,,118335.5,93808.5,96922.0,,,,,94138.0,93516.0,95694.0,,,0,0,0,0
2023,16,28.1144578313253,27.6,28.7,69.1566265060241,65.0,75.0,1007.1951807228916,1006.9,1007.7,True,37.66265060240964,36.8,39.0,202.4578313253012,1.336144578313253,3.0,PER,41986.63636363636,32625.0,51222.08,42086.0,22660.76,18267.0,93043.0,354063.6666666667,3.0,1.0,,,4.0,2.0,,,3.0,,,10.454545454545455,2.0,,,258.5,,,233.0909090909091,260.0,,,259.0,,,260.0,260.0,,,95095.5,,,102707.36363636363,93888.0,,,94560.0,,,93043.0,93888.0,,,0,0,0,0
2023,16,28.1144578313253,27.6,28.7,69.1566265060241,65.0,75.0,1007.1951807228916,1006.9,1007.7,True,37.66265060240964,36.8,39.0,202.4578313253012,1.336144578313253,3.0,PIA,39735.681818181816,32509.0,50804.269230769234,41949.0,23775.80769230769,18255.0,92713.0,306782.6666666667,3.0,,,1.0,4.0,3.0,,,,,4.0,3.0,4.0,,,,,259.3333333333333,195.0,258.7,,,,,260.0,260.0,262.0,,,,,94711.0,112380.66666666667,105938.1,,,,,94199.0,92713.0,93761.0,,,0,0,0,0
2023,16,28.1144578313253,27.6,28.7,69.1566265060241,65.0,75.0,1007.1951807228916,1006.9,1007.7,True,37.66265060240964,36.8,39.0,202.4578313253012,1.336144578313253,3.0,RUS,41662.52380952381,32839.0,50163.083333333336,42150.0,21982.375,18313.0,93310.0,596219.5,2.0,,,3.0,,1.0,,,,,4.4,,5.0,,,,,238.1,,259.75,,,,,260.0,,260.0,,,,,100680.6,,95154.5,,,,,93310.0,,94236.0,,,0,0,0,0
2023,16,28.1144578313253,27.6,28.7,69.1566265060241,65.0,75.0,1007.1951807228916,1006.9,1007.7,True,37.66265060240964,36.8,39.0,202.4578313253012,1.336144578313253,3.0,SAI,41952.619047619046,32344.0,50828.30434782609,41791.0,21512.083333333332,18138.0,92273.0,487604.0,2.0,3.0,,,2.0,1.0,,,6.0,,,2.0,5.2,,,231.44444444444446,,,262.0,258.0,,,256.0,,,262.0,260.0,,,100441.55555555556,,,92273.0,99757.6,,,96919.0,,,92273.0,94556.0,,,0,0,0,0
2023,16,28.1144578313253,27.6,28.7,69.1566265060241,65.0,75.0,1007.1951807228916,1006.9,1007.7,True,37.66265060240964,36.8,39.0,202.4578313253012,1.336144578313253,3.0,SAR,43085.041666666664,33663.0,49153.851851851854,42298.0,23607.777777777777,18219.0,94212.0,254496.66666666666,3.0,,,4.0,3.0,2.0,,,,,6.0,3.5,5.285714285714286,,,,,234.88888888888889,250.25,255.57142857142858,,,,,260.0,267.0,264.0,,,,,103545.44444444444,115508.0,115903.85714285714,,,,,97906.0,94212.0,96409.0,,,0,0,0,0
2023,16,28.1144578313253,27.6,28.7,69.1566265060241,65.0,75.0,1007.1951807228916,1006.9,1007.7,True,37.66265060240964,36.8,39.0,202.4578313253012,1.336144578313253,3.0,STR,46273.5,32529.000000000004,50821.35294117647,42145.0,23498.58823529412,18366.0,93040.0,372605.2,5.0,,,3.0,6.0,,,,,,2.0,5.0,,,,,,258.0,200.33333333333334,,,,,,258.0,259.0,,,,,,93710.0,103377.0,,,,,,93710.0,93040.0,,,,0,0,0,0
2023,16,28.1144578313253,27.6,28.7,69.1566265060241,65.0,75.0,1007.1951807228916,1006.9,1007.7,True,37.66265060240964,36.8,39.0,202.4578313253012,1.336144578313253,3.0,TSU,46093.17647058824,32732.999999999996,52782.47619047619,41732.0,23651.47619047619,18132.0,92597.0,327636.9999999999,4.0,,,3.0,5.0,,,,,,5.833333333333333,5.6,,,,,,258.6666666666667,220.2,,,,,,260.0,263.0,,,,,,112587.33333333333,100695.0,,,,,,94259.0,92597.0,,,,0,0,0,0
2023,16,28.1144578313253,27.6,28.7,69.1566265060241,65.0,75.0,1007.1951807228916,1006.9,1007.7,True,37.66265060240964,36.8,39.0,202.4578313253012,1.336144578313253,3.0,VER,44126.545454545456,32030.0,51035.32,41569.0,22177.12,18048.0,91647.0,262294.2500000001,4.0,5.0,,,4.0,2.0,,,6.571428571428571,,,5.6,3.0,,,228.71428571428572,,,253.4,260.0,,,260.0,,,260.0,262.0,,,106179.14285714286,,,96766.6,92519.5,,,93354.0,,,91647.0,92442.0,,,0,0,0,0
2023,16,28.1144578313253,27.6,28.7,69.1566265060241,65.0,75.0,1007.1951807228916,1006.9,1007.7,True,37.66265060240964,36.8,39.0,202.4578313253012,1.336144578313253,3.0,ZHO,42155.0,33404.0,52779.739130434784,42735.0,23088.565217391304,18415.0,94831.0,604845.0,2.0,,,2.0,,3.0,,,,,4.7,,4.0,,,,,245.3,,213.0,,,,,258.0,,248.0,,,,,114348.6,,106153.8,,,,,94831.0,,99480.0,,,0,0,0,0
2023,17,34.59634146341463,33.5,35.6,34.31707317073171,31.0,38.0,1005.5073170731708,1005.4,1005.7,False,39.8780487804878,38.0,42.2,322.7926829268293,4.691463414634146,6.5,ALB,39406.208333333336,32650.0,34624.346153846156,30166.0,30092.5,25443.0,88590.0,247433.5,2.0,,,2.0,3.0,,,,,,8.0,6.0,,,,,,273.5833333333333,249.88888888888889,,,,,,280.0,282.0,,,,,,99073.16666666667,106193.88888888889,,,,,,92019.0,88590.0,,,,0,1,0,0
2023,17,34.59634146341463,33.5,35.6,34.31707317073171,31.0,38.0,1005.5073170731708,1005.4,1005.7,False,39.8780487804878,38.0,42.2,322.7926829268293,4.691463414634146,6.5,ALO,38231.8,32378.0,34029.78571428572,29943.0,30809.071428571428,25349.0,87919.0,284193.0,3.0,3.0,,4.0,,,,,10.533333333333333,,4.5,,,,,276.93333333333334,,244.66666666666666,,,,,284.0,,289.0,,,,,99605.26666666666,,104266.33333333333,,,,,88624.0,,87919.0,,,,,0,1,0,0
2023,17,34.59634146341463,33.5,35.6,34.31707317073171,31.0,38.0,1005.5073170731708,1005.4,1005.7,False,39.8780487804878,38.0,42.2,322.7926829268293,4.691463414634146,6.5,BOT,39197.333333333336,32841.0,34172.92592592593,29883.0,32248.59259259259,26166.0,89041.0,559177.5,2.0,,,2.0,3.0,,,,,,9.933333333333334,4.5,,,,,,268.6666666666667,221.83333333333334,,,,,,274.0,278.0,,,,,,99649.33333333333,111920.66666666667,,,,,,91861.0,89041.0,,,,0,1,0,0
2023,17,34.59634146341463,33.5,35.6,34.31707317073171,31.0,38.0,1005.5073170731708,1005.4,1005.7,False,39.8780487804878,38.0,42.2,322.7926829268293,4.691463414634146,6.5,GAS,40060.15,32827.0,33364.82608695652,30035.0,30326.130434782608,25783.0,88821.0,460533.6666666667,3.0,2.0,,4.0,,,,,8.454545454545455,,4.4,,,,,276.54545454545456,,237.0,,,,,283.0,,282.0,,,,,95000.18181818182,,110115.8,,,,,89331.0,,88821.0,,,,,0,1,0,0
2023,17,34.59634146341463,33.5,35.6,34.31707317073171,31.0,38.0,1005.5073170731708,1005.4,1005.7,False,39.8780487804878,38.0,42.2,322.7926829268293,4.691463414634146,6.5,HAM,38965.260869565216,32500.0,32880.42307692308,29830.0,30408.03846153846,25859.0,88679.0,416071.0,3.0,2.0,,4.0,,,,,9.357142857142858,,4.6,,,,,273.7142857142857,,216.2,,,,,282.0,,281.0,,,,,96177.0,,110011.8,,,,,89784.0,,88679.0,,,,,0,1,0,0
2023,17,34.59634146341463,33.5,35.6,34.31707317073171,31.0,38.0,1005.5073170731708,1005.4,1005.7,False,39.8780487804878,38.0,42.2,322.7926829268293,4.691463414634146,6.5,HUL,40950.72222222222,32787.0,34746.5,29699.0,32444.727272727272,25685.0,88171.0,405524.25,4.0,,,3.0,5.0,,,,,,8.75,5.0,,,,,,268.875,221.0,,,,,,273.0,282.0,,,,,,98971.75,101442.25,,,,,,91035.0,88171.0,,,,0,1,0,0
2023,17,34.59634146341463,33.5,35.6,34.31707317073171,31.0,38.0,1005.5073170731708,1005.4,1005.7,False,39.8780487804878,38.0,42.2,322.7926829268293,4.691463414634146,6.5,LAW,43090.730769230766,33045.0,35688.51724137931,30241.0,32090.275862068964,25917.0,89238.0,176203.75,4.0,,,3.0,5.0,,,,,,11.875,4.333333333333333,,,,,,270.9375,209.33333333333334,,,,,,274.0,277.0,,,,,,104518.8125,100016.66666666667,,,,,,92116.0,89238.0,,,,0,1,0,0
2023,17,34.59634146341463,33.5,35.6,34.31707317073171,31.0,38.0,1005.5073170731708,1005.4,1005.7,False,39.8780487804878,38.0,42.2,322.7926829268293,4.691463414634146,6.5,LEC,38548.416666666664,32575.000000000004,36353.74074074074,29748.0,32919.88888888889,25467.0,87909.0,325655.6666666667,3.0,2.0,,3.0,4.0,,,,6.888888888888889,,5.5,3.0,,,,274.44444444444446,,279.0,205.33333333333334,,,,282.0,,282.0,283.0,,,,105279.88888888889,,108023.375,105569.66666666667,,,,89082.0,,88104.0,87909.0,,,,0,1,0,0
2023,17,34.59634146341463,33.5,35.6,34.31707317073171,31.0,38.0,1005.5073170731708,1005.4,1005.7,False,39.8780487804878,38.0,42.2,322.7926829268293,4.691463414634146,6.5,MAG,42474.13043478261,33096.0,36366.807692307695,30228.0,32871.96153846154,26178.0,89502.0,373696.3333333333,3.0,,,3.0,4.0,,,,,,9.615384615384615,4.8,,,,,,269.7692307692308,233.0,,,,,,276.0,285.0,,,,,,102193.15384615384,112965.2,,,,,,93129.0,89502.0,,,,0,1,0,0
2023,17,34.59634146341463,33.5,35.6,34.31707317073171,31.0,38.0,1005.5073170731708,1005.4,1005.7,False,39.8780487804878,38.0,42.2,322.7926829268293,4.691463414634146,6.5,NOR,40466.5,32366.0,34473.291666666664,30113.0,31472.625,25695.0,88441.0,343896.75,4.0,3.0,,5.0,,,,,8.916666666666666,,3.6666666666666665,,,,,274.0833333333333,,208.66666666666666,,,,,283.0,,287.0,,,,,102132.41666666667,,111799.33333333333,,,,,88441.0,,101040.0,,,,,0,1,0,0
2023,17,34.59634146341463,33.5,35.6,34.31707317073171,31.0,38.0,1005.5073170731708,1005.4,1005.7,False,39.8780487804878,38.0,42.2,322.7926829268293,4.691463414634146,6.5,OCO,40006.36363636364,32818.0,35034.24,30269.0,32134.0,25645.0,88732.0,392285.0,3.0,3.0,,4.0,,,,,7.0,,6.0,,,,,277.3,,252.22222222222223,,,,,279.0,,282.0,,,,,99123.8,,107696.11111111111,,,,,90184.0,,88732.0,,,,,0,1,0,0
2023,17,34.59634146341463,33.5,35.6,34.31707317073171,31.0,38.0,1005.5073170731708,1005.4,1005.7,False,39.8780487804878,38.0,42.2,322.7926829268293,4.691463414634146,6.5,PER,41515.95238095238,32585.0,34219.25,29827.0,31028.458333333332,25604.0,88016.0,330220.5,4.0,5.0,,,4.0,,,,11.0,,,2.0,,,,261.4,,,281.0,,,,286.0,,,281.0,,,,104582.06666666667,,,88016.0,,,,90827.0,,,88016.0,,,,0,1,0,0
2023,17,34.59634146341463,33.5,35.6,34.31707317073171,31.0,38.0,1005.5073170731708,1005.4,1005.7,False,39.8780487804878,38.0,42.2,322.7926829268293,4.691463414634146,6.5,PIA,38643.6875,32631.999999999996,34640.25,29736.0,31827.3,25622.0,88380.0,519115.66666666674,3.0,4.0,,,,,,,8.333333333333334,,,,,,,258.5,,,,,,,280.0,,,,,,,99674.75,,,,,,,88380.0,,,,,,,0,1,0,0
2023,17,34.59634146341463,33.5,35.6,34.31707317073171,31.0,38.0,1005.5073170731708,1005.4,1005.7,False,39.8780487804878,38.0,42.2,322.7926829268293,4.691463414634146,6.5,RUS,38657.64,32485.999999999996,33988.82142857143,29972.0,31648.25,25744.0,88336.0,321338.6666666667,3.0,2.0,,4.0,,,,,9.933333333333334,,5.0,,,,,274.4,,239.16666666666666,,,,,281.0,,282.0,,,,,95873.13333333333,,116087.0,,,,,89698.0,,88336.0,,,,,0,1,0,0
2023,17,34.59634146341463,33.5,35.6,34.31707317073171,31.0,38.0,1005.5073170731708,1005.4,1005.7,False,39.8780487804878,38.0,42.2,322.7926829268293,4.691463414634146,6.5,SAI,38637.416666666664,32323.999999999996,34508.88888888889,29806.0,30689.11111111111,25632.0,87762.0,355056.3333333333,3.0,1.0,,3.0,4.0,,,,7.0,,5.857142857142857,2.5,,,,273.0,,280.14285714285717,173.0,,,,279.0,,283.0,282.0,,,,96761.90909090909,,110497.57142857143,105315.0,,,,90711.0,,88817.0,87762.0,,,,0,1,0,0
2023,17,34.59634146341463,33.5,35.6,34.31707317073171,31.0,38.0,1005.5073170731708,1005.4,1005.7,False,39.8780487804878,38.0,42.2,322.7926829268293,4.691463414634146,6.5,SAR,39309.69565217391,32799.0,34511.56,29891.0,31320.64,25760.0,88550.0,266175.0,2.0,,,2.0,3.0,,,,,,8.538461538461538,5.0,,,,,,273.38461538461536,247.57142857142858,,,,,,279.0,284.0,,,,,,100046.61538461539,109010.57142857143,,,,,,92030.0,88550.0,,,,0,1,0,0
2023,17,34.59634146341463,33.5,35.6,34.31707317073171,31.0,38.0,1005.5073170731708,1005.4,1005.7,False,39.8780487804878,38.0,42.2,322.7926829268293,4.691463414634146,6.5,STR,40370.68,32572.000000000004,34263.71428571428,30284.0,32929.0,25500.0,88690.0,224851.25,4.0,4.0,,5.0,,,,,10.083333333333334,,5.0,,,,,275.4166666666667,,254.28571428571428,,,,,278.0,,283.0,,,,,102496.41666666667,,105531.71428571429,,,,,90656.0,,88690.0,,,,,0,1,0,0
2023,17,34.59634146341463,33.5,35.6,34.31707317073171,31.0,38.0,1005.5073170731708,1005.4,1005.7,False,39.8780487804878,38.0,42.2,322.7926829268293,4.691463414634146,6.5,TSU,45804.76,32476.0,35816.392857142855,29907.0,32417.821428571428,25644.0,88027.0,202832.5,4.0,,,3.0,5.0,,,,,,10.357142857142858,4.8,,,,,,270.2857142857143,225.6,,,,,,277.0,281.0,,,,,,103034.07142857143,113362.6,,,,,,91141.0,88027.0,,,,0,1,0,0
2023,17,34.59634146341463,33.5,35.6,34.31707317073171,31.0,38.0,1005.5073170731708,1005.4,1005.7,False,39.8780487804878,38.0,42.2,322.7926829268293,4.691463414634146,6.5,VER,40896.65217391304,32170.0,33728.03846153846,29822.0,31245.423076923078,25436.0,87428.0,374701.6666666667,3.0,4.0,,,3.0,,,,11.5,,,2.0,,,,259.22222222222223,,,281.0,,,,283.0,,,281.0,,,,103583.16666666667,,,87428.0,,,,89316.0,,,87428.0,,,,0,1,0,0
2023,17,34.59634146341463,33.5,35.6,34.31707317073171,31.0,38.0,1005.5073170731708,1005.4,1005.7,False,39.8780487804878,38.0,42.2,322.7926829268293,4.691463414634146,6.5,ZHO,39584.192307692305,32803.0,35226.137931034486,30214.0,31647.96551724138,25933.0,89106.0,390446.0,2.0,,,2.0,3.0,,,,,,11.5,4.0,,,,,,268.22222222222223,234.4,,,,,,273.0,278.0,,,,,,101571.27777777778,111638.6,,,,,,92195.0,89106.0,,,,0,1,0,0
2023,18,32.94024390243902,31.3,34.1,15.731707317073171,13.0,21.0,996.2439024390244,995.5,997.0,True,39.40731707317073,36.6,41.7,270.6341463414634,1.553658536585366,3.0,ALB,33787.05882352941,25977.0,46319.0,38696.0,39857.42857142857,31728.0,96492.0,394461.3333333333,3.0,,,2.0,4.0,,,,,,7.285714285714286,4.4,,,,,,200.85714285714286,172.0,,,,,,204.0,209.0,,,,,,101623.85714285714,123695.0,,,,,,98472.0,96492.0,,,,0,0,0,0
2023,18,32.94024390243902,31.3,34.1,15.731707317073171,13.0,21.0,996.2439024390244,995.5,997.0,True,39.40731707317073,36.6,41.7,270.6341463414634,1.553658536585366,3.0,ALO,34374.875,26351.0,45012.47368421053,39343.0,39771.10526315789,32146.0,97840.0,790728.5,2.0,3.0,,,,,,,10.307692307692308,,,,,,,199.07692307692307,,,,,,,211.0,,,,,,,112547.46153846153,,,,,,,97840.0,,,,,,,0,0,0,0
2023,18,32.94024390243902,31.3,34.1,15.731707317073171,13.0,21.0,996.2439024390244,995.5,997.0,True,39.40731707317073,36.6,41.7,270.6341463414634,1.553658536585366,3.0,BOT,31260.190476190477,26182.0,45454.708333333336,39090.0,39476.75,32052.999999999996,97517.0,520030.0,2.0,,,2.0,3.0,,,,,,9.6,4.5,,,,,,199.9,174.0,,,,,,206.0,210.0,,,,,,102655.8,120720.0,,,,,,98709.0,97517.0,,,,0,0,0,0
2023,18,32.94024390243902,31.3,34.1,15.731707317073171,13.0,21.0,996.2439024390244,995.5,997.0,True,39.40731707317073,36.6,41.7,270.6341463414634,1.553658536585366,3.0,GAS,35096.68421052631,26146.0,45425.09090909091,38907.0,39353.36363636364,31652.0,96705.0,451945.3333333333,3.0,4.0,,,3.0,,,,9.727272727272727,,,2.0,,,,187.36363636363637,,,206.0,,,,204.0,,,206.0,,,,107256.81818181818,,,96705.0,,,,98589.0,,,96705.0,,,,0,0,0,0
2023,18,32.94024390243902,31.3,34.1,15.731707317073171,13.0,21.0,996.2439024390244,995.5,997.0,True,39.40731707317073,36.6,41.7,270.6341463414634,1.553658536585366,3.0,HAM,34393.6,25830.0,46205.0,38652.0,38714.782608695656,31711.0,96193.0,394560.33333333326,3.0,4.0,,,3.0,,,,11.5,,,2.0,,,,188.91666666666666,,,206.0,,,,207.0,,,206.0,,,,105680.16666666667,,,96193.0,,,,97394.0,,,96193.0,,,,0,0,0,0
2023,18,32.94024390243902,31.3,34.1,15.731707317073171,13.0,21.0,996.2439024390244,995.5,997.0,True,39.40731707317073,36.6,41.7,270.6341463414634,1.553658536585366,3.0,HUL,34022.77777777778,26207.0,46439.666666666664,38687.0,38005.57142857143,31742.0,96702.0,485262.0,3.0,,,2.0,4.0,,,,,,8.375,4.333333333333333,,,,,,198.875,165.66666666666666,,,,,,206.0,206.0,,,,,,101933.5,108269.33333333333,,,,,,98829.0,96702.0,,,,0,0,0,0
2023,18,32.94024390243902,31.3,34.1,15.731707317073171,13.0,21.0,996.2439024390244,995.5,997.0,True,39.40731707317073,36.6,41.7,270.6341463414634,1.553658536585366,3.0,LEC,33388.818181818184,25822.0,47480.56,38722.0,40846.52,31454.0,96068.0,437398.5,2.0,2.0,,,3.0,,,,10.272727272727273,,,4.0,,,,199.0909090909091,,,177.4,,,,207.0,,,209.0,,,,106102.36363636363,,,119869.4,,,,98224.0,,,96068.0,,,,0,0,0,0
2023,18,32.94024390243902,31.3,34.1,15.731707317073171,13.0,21.0,996.2439024390244,995.5,997.0,True,39.40731707317073,36.6,41.7,270.6341463414634,1.553658536585366,3.0,MAG,36820.444444444445,26106.0,49386.619047619046,38830.0,42509.28571428572,31536.0,96472.0,396091.6666666667,3.0,,,3.0,4.0,,,,,,9.0,3.5,,,,,,203.125,140.0,,,,,,208.0,207.0,,,,,,102914.25,102796.0,,,,,,98100.0,96472.0,,,,0,0,0,0
2023,18,32.94024390243902,31.3,34.1,15.731707317073171,13.0,21.0,996.2439024390244,995.5,997.0,True,39.40731707317073,36.6,41.7,270.6341463414634,1.553658536585366,3.0,NOR,31909.722222222223,26170.0,45849.57142857143,39121.0,38169.333333333336,31942.0,97256.0,609395.5,2.0,,,3.0,,,,,,,12.076923076923077,,,,,,,191.46153846153845,,,,,,,206.0,,,,,,,105394.15384615384,,,,,,,97256.0,,,,,0,0,0,0
2023,18,32.94024390243902,31.3,34.1,15.731707317073171,13.0,21.0,996.2439024390244,995.5,997.0,True,39.40731707317073,36.6,41.7,270.6341463414634,1.553658536585366,3.0,OCO,34326.68421052631,26163.0,47292.72727272727,39152.0,40192.72727272727,31751.0,97066.0,411529.0,3.0,4.0,,,3.0,,,,10.363636363636363,,,2.0,,,,189.0,,,208.0,,,,206.0,,,208.0,,,,107482.36363636363,,,97066.0,,,,98916.0,,,97066.0,,,,0,0,0,0
2023,18,32.94024390243902,31.3,34.1,15.731707317073171,13.0,21.0,996.2439024390244,995.5,997.0,True,39.40731707317073,36.6,41.7,270.6341463414634,1.553658536585366,3.0,PER,34611.5,26005.0,46497.391304347824,38725.0,39172.0,31482.0,96212.0,383680.0,3.0,4.0,,,3.0,,,,10.916666666666666,,,2.0,,,,191.16666666666666,,,208.0,,,,206.0,,,208.0,,,,104107.58333333333,,,96212.0,,,,98320.0,,,96212.0,,,,0,0,0,0
2023,18,32.94024390243902,31.3,34.1,15.731707317073171,13.0,21.0,996.2439024390244,995.5,997.0,True,39.40731707317073,36.6,41.7,270.6341463414634,1.553658536585366,3.0,PIA,31822.842105263157,26264.0,45888.0,39534.0,38552.59090909091,32396.0,98420.0,605270.5000000002,2.0,,,3.0,,,,,,,11.533333333333333,,,,,,,188.26666666666668,,,,,,,206.0,,,,,,,112023.33333333333,,,,,,,98420.0,,,,,0,0,0,0
2023,18,32.94024390243902,31.3,34.1,15.731707317073171,13.0,21.0,996.2439024390244,995.5,997.0,True,39.40731707317073,36.6,41.7,270.6341463414634,1.553658536585366,3.0,RIC,33452.95238095238,26195.0,48400.291666666664,38960.0,41093.708333333336,31893.0,97152.0,468295.9999999999,2.0,,,2.0,3.0,,,,,,10.1,4.333333333333333,,,,,,200.5,147.33333333333334,,,,,,204.0,204.0,,,,,,101130.5,112485.66666666667,,,,,,98325.0,97152.0,,,,0,0,0,0
2023,18,32.94024390243902,31.3,34.1,15.731707317073171,13.0,21.0,996.2439024390244,995.5,997.0,True,39.40731707317073,36.6,41.7,270.6341463414634,1.553658536585366,3.0,RUS,34621.181818181816,26086.0,46942.8,38813.0,37796.76,31535.0,96474.0,343384.6666666667,3.0,2.0,,,4.0,,,,10.083333333333334,,,4.333333333333333,,,,203.08333333333334,,,153.33333333333334,,,,207.0,,,207.0,,,,104464.83333333333,,,111243.0,,,,98909.0,,,96474.0,,,,0,0,0,0
2023,18,32.94024390243902,31.3,34.1,15.731707317073171,13.0,21.0,996.2439024390244,995.5,997.0,True,39.40731707317073,36.6,41.7,270.6341463414634,1.553658536585366,3.0,SAI,34034.04761904762,25936.0,47805.833333333336,38725.0,40728.166666666664,31813.0,96533.0,512514.0,2.0,2.0,,,3.0,,,,9.090909090909092,,,4.25,,,,204.1818181818182,,,171.5,,,,208.0,,,207.0,,,,113472.54545454546,,,114257.0,,,,97942.0,,,96533.0,,,,0,0,0,0
2023,18,32.94024390243902,31.3,34.1,15.731707317073171,13.0,21.0,996.2439024390244,995.5,997.0,True,39.40731707317073,36.6,41.7,270.6341463414634,1.553658536585366,3.0,SAR,33808.434782608696,26145.0,44955.192307692305,38833.0,38035.96153846154,31852.0,96987.0,240808.0,3.0,,,4.0,3.0,,,,,,9.666666666666666,3.5,,,,,,194.0,197.5,,,,,,208.0,210.0,,,,,,113673.66666666667,118868.25,,,,,,98432.0,96987.0,,,,0,0,0,0
2023,18,32.94024390243902,31.3,34.1,15.731707317073171,13.0,21.0,996.2439024390244,995.5,997.0,True,39.40731707317073,36.6,41.7,270.6341463414634,1.553658536585366,3.0,STR,34117.75,26968.0,47829.2,39941.0,48918.2,33031.0,99940.0,,,1.0,,,,,,,3.0,,,,,,,205.0,,,,,,,206.0,,,,,,,101402.5,,,,,,,99940.0,,,,,,,0,0,0,0
2023,18,32.94024390243902,31.3,34.1,15.731707317073171,13.0,21.0,996.2439024390244,995.5,997.0,True,39.40731707317073,36.6,41.7,270.6341463414634,1.553658536585366,3.0,TSU,33439.22727272727,25975.0,46947.52,38818.0,40601.64,31642.0,97104.0,407782.0,2.0,,,2.0,3.0,,,,,,10.727272727272727,4.333333333333333,,,,,,199.1818181818182,153.0,,,,,,202.0,204.0,,,,,,100968.54545454546,111849.0,,,,,,98000.0,97104.0,,,,0,0,0,0
2023,18,32.94024390243902,31.3,34.1,15.731707317073171,13.0,21.0,996.2439024390244,995.5,997.0,True,39.40731707317073,36.6,41.7,270.6341463414634,1.553658536585366,3.0,VER,32047.0,25860.0,45779.260869565216,38675.0,37834.86956521739,31377.0,95912.0,429997.6666666667,3.0,4.0,,,3.0,,,,10.916666666666666,,,2.0,,,,184.41666666666666,,,205.0,,,,203.0,,,205.0,,,,104158.75,,,95912.0,,,,97498.0,,,95912.0,,,,0,0,0,0
2023,18,32.94024390243902,31.3,34.1,15.731707317073171,13.0,21.0,996.2439024390244,995.5,997.0,True,39.40731707317073,36.6,41.7,270.6341463414634,1.553658536585366,3.0,ZHO,32700.909090909092,26168.0,45644.04,39298.0,39012.92,31844.0,97418.0,333868.9999999998,3.0,,,2.0,4.0,,,,,,10.181818181818182,5.0,,,,,,199.1818181818182,171.5,,,,,,205.0,207.0,,,,,,102263.27272727272,111340.25,,,,,,98368.0,97418.0,,,,0,0,0,0
2023,19,23.595061728395063,22.1,24.9,46.851851851851855,40.0,52.0,782.4567901234568,781.7,783.2,False,43.89382716049383,36.2,48.6,217.60493827160494,1.2234567901234568,3.5,ALB,36934.03448275862,28058.0,35945.290322580644,30913.0,24534.0,20842.0,79813.0,188841.8,5.0,,,6.0,5.0,1.0,,,,,9.076923076923077,2.0,5.5,,,,,239.07692307692307,247.0,244.125,,,,,248.0,247.0,245.0,,,,,93486.76923076923,79813.0,89430.625,,,,,80249.0,79813.0,82419.0,,,0,0,0,1
2023,19,23.595061728395063,22.1,24.9,46.851851851851855,40.0,52.0,782.4567901234568,781.7,783.2,False,43.89382716049383,36.2,48.6,217.60493827160494,1.2234567901234568,3.5,ALO,33604.0,28314.0,34764.117647058825,30893.0,24410.941176470587,21282.0,81347.0,743215.9999999999,3.0,4.0,,,3.0,2.0,,,2.5,,,3.0,5.0,,,246.0,,,247.0,244.66666666666666,,,248.0,,,247.0,246.0,,,94893.75,,,91007.33333333333,83072.33333333333,,,81667.0,,,81347.0,82900.0,,,0,0,0,1
2023,19,23.595061728395063,22.1,24.9,46.851851851851855,40.0,52.0,782.4567901234568,781.7,783.2,False,43.89382716049383,36.2,48.6,217.60493827160494,1.2234567901234568,3.5,BEA,33109.17857142857,28242.0,37707.77419354839,31767.0,25300.645161290322,21085.0,81313.0,415714.0,2.0,2.0,,,3.0,1.0,,,8.0,,,4.5,4.5,,,244.15384615384616,,,210.5,243.0,,,246.0,,,248.0,244.0,,,90842.76923076923,,,105296.66666666667,86309.5,,,82427.0,,,81313.0,85324.0,,,0,0,0,1
2023,19,23.595061728395063,22.1,24.9,46.851851851851855,40.0,52.0,782.4567901234568,781.7,783.2,False,43.89382716049383,36.2,48.6,217.60493827160494,1.2234567901234568,3.5,DOO,34720.954545454544,28750.0,36156.84,31544.0,25662.16,21499.0,82109.0,717671.5,2.0,,,2.0,3.0,,,,,,5.0,8.0,,,,,,243.28571428571428,226.84615384615384,,,,,,245.0,245.0,,,,,,91309.57142857143,91978.38461538461,,,,,,83176.0,82109.0,,,,0,0,0,1
2023,19,23.595061728395063,22.1,24.9,46.851851851851855,40.0,52.0,782.4567901234568,781.7,783.2,False,43.89382716049383,36.2,48.6,217.60493827160494,1.2234567901234568,3.5,HAD,33280.19047619047,28683.0,40163.12,31822.0,27150.88,20990.0,81941.0,381126.0,3.0,,,,4.0,2.0,,,,,,4.2727272727272725,6.5,,,,,,233.8181818181818,245.0,,,,,,247.0,246.0,,,,,,91950.09090909091,96374.16666666667,,,,,,81941.0,83046.0,,,0,0,0,1
2023,19,23.595061728395063,22.1,24.9,46.851851851851855,40.0,52.0,782.4567901234568,781.7,783.2,False,43.89382716049383,36.2,48.6,217.60493827160494,1.2234567901234568,3.5,HAM,32600.85714285714,28428.0,35454.68,30865.0,24101.44,21431.0,80724.0,512796.3333333333,3.0,4.0,,,3.0,2.0,,,6.5,,,2.0,5.5,,,223.8,,,238.0,242.16666666666666,,,241.0,,,238.0,244.0,,,87653.6,,,80724.0,84732.66666666667,,,84075.0,,,80724.0,82277.0,,,0,0,0,1
2023,19,23.595061728395063,22.1,24.9,46.851851851851855,40.0,52.0,782.4567901234568,781.7,783.2,False,43.89382716049383,36.2,48.6,217.60493827160494,1.2234567901234568,3.5,HUL,31771.26923076923,28129.0,35102.620689655174,31411.0,23728.379310344826,20908.0,80968.0,560571.5,2.0,2.0,,,3.0,1.0,,,8.0,,,3.5,4.5,,,245.3846153846154,,,191.25,243.5,,,248.0,,,248.0,245.0,,,87449.23076923077,,,94087.25,85062.5,,,82220.0,,,80968.0,84362.0,,,0,0,0,1
2023,19,23.595061728395063,22.1,24.9,46.851851851851855,40.0,52.0,782.4567901234568,781.7,783.2,False,43.89382716049383,36.2,48.6,217.60493827160494,1.2234567901234568,3.5,LEC,35714.96296296296,28262.0,37197.26666666667,30914.0,25137.033333333333,20900.0,80297.0,313908.0,3.0,4.0,,,3.0,1.0,,,8.0,,,3.6666666666666665,5.0,,,229.3846153846154,,,246.66666666666666,244.42857142857142,,,244.0,,,248.0,246.0,,,87086.38461538461,,,100657.66666666667,99681.57142857143,,,83144.0,,,80297.0,82187.0,,,0,0,0,1
2023,19,23.595061728395063,22.1,24.9,46.851851851851855,40.0,52.0,782.4567901234568,781.7,783.2,False,43.89382716049383,36.2,48.6,217.60493827160494,1.2234567901234568,3.5,NOR,33694.74074074074,28371.0,34714.833333333336,30837.0,24147.1,21029.0,80237.0,268598.5,4.0,5.0,,,4.0,,,,8.692307692307692,,,6.888888888888889,,,,227.84615384615384,,,243.44444444444446,,,,247.0,,,246.0,,,,91427.30769230769,,,85399.22222222222,,,,82075.0,,,80237.0,,,,0,0,0,1
2023,19,23.595061728395063,22.1,24.9,46.851851851851855,40.0,52.0,782.4567901234568,781.7,783.2,False,43.89382716049383,36.2,48.6,217.60493827160494,1.2234567901234568,3.5,OCO,37733.086956521736,28499.0,37532.230769230766,31206.0,24714.76923076923,20917.0,80677.0,315832.25,4.0,2.0,,,5.0,3.0,,,5.0,,,7.090909090909091,2.0,,,242.28571428571428,,,223.63636363636363,246.0,,,243.0,,,246.0,246.0,,,101660.0,,,97150.90909090909,81384.0,,,82991.0,,,80677.0,81384.0,,,0,0,0,1
2023,19,23.595061728395063,22.1,24.9,46.851851851851855,40.0,52.0,782.4567901234568,781.7,783.2,False,43.89382716049383,36.2,48.6,217.60493827160494,1.2234567901234568,3.5,PER,35837.24,28104.0,37273.857142857145,30929.0,24990.89285714286,20696.0,80015.0,294687.75,4.0,,,5.0,4.0,1.0,,,,,8.642857142857142,3.6666666666666665,3.0,,,,,227.78571428571428,247.33333333333334,243.33333333333334,,,,,248.0,248.0,245.0,,,,,93870.92857142857,102170.0,94178.33333333333,,,,,80667.0,80015.0,82847.0,,,0,0,0,1
2023,19,23.595061728395063,22.1,24.9,46.851851851851855,40.0,52.0,782.4567901234568,781.7,783.2,False,43.89382716049383,36.2,48.6,217.60493827160494,1.2234567901234568,3.5,PIA,33389.24137931035,28424.0,35031.0,31018.0,24694.28125,21016.0,80463.0,316783.0,3.0,,,1.0,2.0,4.0,,,,,4.0,3.0,5.764705882352941,,,,,243.2,246.33333333333334,234.23529411764707,,,,,244.0,247.0,247.0,,,,,89096.0,92887.66666666667,88849.94117647059,,,,,83692.0,80844.0,80463.0,,,0,0,0,1
2023,19,23.595061728395063,22.1,24.9,46.851851851851855,40.0,52.0,782.4567901234568,781.7,783.2,False,43.89382716049383,36.2,48.6,217.60493827160494,1.2234567901234568,3.5,POU,,,46973.0,44986.0,33902.0,32118.000000000004,,543754.0,3.0,,,,,,,,,,,,,,,,,,,,,,,,,,,,,,,,,,,,,,,,,,,0,0,0,1
2023,19,23.595061728395063,22.1,24.9,46.851851851851855,40.0,52.0,782.4567901234568,781.7,783.2,False,43.89382716049383,36.2,48.6,217.60493827160494,1.2234567901234568,3.5,RIC,35584.444444444445,28369.0,35795.666666666664,31057.0,24458.366666666665,20901.0,80568.0,232118.5,4.0,,,5.0,4.0,1.0,,,,,9.166666666666666,3.5,4.5,,,,,229.25,227.5,244.0,,,,,247.0,245.0,246.0,,,,,90748.66666666667,97891.25,92829.16666666667,,,,,80694.0,80568.0,82376.0,,,0,0,0,1
2023,19,23.595061728395063,22.1,24.9,46.851851851851855,40.0,52.0,782.4567901234568,781.7,783.2,False,43.89382716049383,36.2,48.6,217.60493827160494,1.2234567901234568,3.5,SAI,36081.55,28372.0,36754.608695652176,31024.0,25395.217391304348,21083.0,80479.0,532301.3333333334,3.0,4.0,,,3.0,1.0,,,5.5,,,3.5,4.0,,,226.625,,,246.5,243.2,,,244.0,,,248.0,245.0,,,85693.375,,,92800.0,96669.6,,,83706.0,,,80479.0,82947.0,,,0,0,0,1
2023,19,23.595061728395063,22.1,24.9,46.851851851851855,40.0,52.0,782.4567901234568,781.7,783.2,False,43.89382716049383,36.2,48.6,217.60493827160494,1.2234567901234568,3.5,SAR,30937.037037037036,28204.0,35805.333333333336,31527.0,23723.833333333332,21250.0,81157.0,393394.0000000001,2.0,3.0,,,2.0,1.0,,,5.5,,,5.0,6.0,,,235.375,,,226.85714285714286,242.55555555555554,,,242.0,,,249.0,245.0,,,85883.875,,,94230.28571428571,87749.11111111111,,,84250.0,,,81157.0,83972.0,,,0,0,0,1
2023,19,23.595061728395063,22.1,24.9,46.851851851851855,40.0,52.0,782.4567901234568,781.7,783.2,False,43.89382716049383,36.2,48.6,217.60493827160494,1.2234567901234568,3.5,STR,32277.18181818182,28280.0,35582.730769230766,31300.0,23894.96153846154,21000.0,80687.0,467604.0,3.0,2.0,,,4.0,1.0,,,4.5,,,7.9,2.5,,,244.0,,,227.9,241.0,,,245.0,,,246.0,241.0,,,92901.0,,,88823.1,86203.5,,,82557.0,,,80687.0,85814.0,,,0,0,0,1
2023,19,23.595061728395063,22.1,24.9,46.851851851851855,40.0,52.0,782.4567901234568,781.7,783.2,False,43.89382716049383,36.2,48.6,217.60493827160494,1.2234567901234568,3.5,VER,33322.96153846154,28108.0,34983.620689655174,30842.0,24755.896551724138,20768.0,79718.0,369782.3333333333,3.0,,,4.0,3.0,1.0,,,,,10.0,2.0,4.0,,,,,232.5625,248.0,246.2,,,,,249.0,248.0,247.0,,,,,89022.8125,79718.0,95261.0,,,,,80245.0,79718.0,81858.0,,,0,0,0,1
2023,19,23.595061728395063,22.1,24.9,46.851851851851855,40.0,52.0,782.4567901234568,781.7,783.2,False,43.89382716049383,36.2,48.6,217.60493827160494,1.2234567901234568,3.5,VES,33916.86363636364,29087.0,37688.846153846156,32537.999999999996,25690.346153846152,21312.0,82937.0,440552.3333333333,3.0,4.0,,,3.0,2.0,,,5.5,,,3.5,5.5,,,217.25,,,242.5,239.5,,,242.0,,,244.0,242.0,,,91493.25,,,90041.25,87717.33333333333,,,86080.0,,,82937.0,85232.0,,,0,0,0,1
2023,19,23.595061728395063,22.1,24.9,46.851851851851855,40.0,52.0,782.4567901234568,781.7,783.2,False,43.89382716049383,36.2,48.6,217.60493827160494,1.2234567901234568,3.5,ZHO,36615.458333333336,28480.0,38876.148148148146,31383.0,25502.444444444445,21203.0,81129.0,404526.6666666667,3.0,,,4.0,3.0,2.0,,,,,5.0,5.0,5.0,,,,,216.71428571428572,233.42857142857142,243.5,,,,,246.0,247.0,246.0,,,,,89291.85714285714,102501.57142857143,99387.83333333333,,,,,83551.0,81129.0,83282.0,,,0,0,0,1
2023,20,30.30375,29.1,31.1,51.325,48.0,56.0,919.7299999999999,919.2,920.2,True,43.4375,40.2,45.7,34.45,3.2962499999999997,5.3,ALB,23530.08,18797.0,45759.67857142857,36629.0,20133.0,16618.0,72044.0,291131.6666666667,3.0,4.0,,,3.0,,,,10.705882352941176,,,3.5,,,,301.70588235294116,,,291.0,,,,329.0,,,325.0,,,,87114.41176470589,,,92789.0,,,,73975.0,,,72044.0,,,,0,0,0,0
2023,20,30.30375,29.1,31.1,51.325,48.0,56.0,919.7299999999999,919.2,920.2,True,43.4375,40.2,45.7,34.45,3.2962499999999997,5.3,ALO,23105.666666666668,18971.0,43693.53571428572,36887.0,20052.321428571428,16757.0,72615.0,476916.66666666657,3.0,4.0,,,,,,,8.45,,,,,,,300.9,,,,,,,326.0,,,,,,,83684.5,,,,,,,72615.0,,,,,,,0,0,0,0
2023,20,30.30375,29.1,31.1,51.325,48.0,56.0,919.7299999999999,919.2,920.2,True,43.4375,40.2,45.7,34.45,3.2962499999999997,5.3,BOT,22925.64285714286,19008.0,44809.25806451613,37276.0,19350.032258064515,16715.0,73012.0,539236.5,2.0,2.0,,3.0,,,,,10.333333333333334,,6.5,,,,,311.6,,277.1,,,,,324.0,,326.0,,,,,80926.33333333333,,96193.9,,,,,74063.0,,73012.0,,,,,0,0,0,0
2023,20,30.30375,29.1,31.1,51.325,48.0,56.0,919.7299999999999,919.2,920.2,True,43.4375,40.2,45.7,34.45,3.2962499999999997,5.3,GAS,22580.25,18855.0,46172.25806451613,36782.0,20407.387096774193,16547.0,72184.0,521197.5,2.0,2.0,,3.0,,,,,5.882352941176471,,5.5,,,,,324.05882352941177,,268.75,,,,,338.0,,335.0,,,,,85919.94117647059,,97951.625,,,,,73223.0,,72184.0,,,,,0,0,0,0
2023,20,30.30375,29.1,31.1,51.325,48.0,56.0,919.7299999999999,919.2,920.2,True,43.4375,40.2,45.7,34.45,3.2962499999999997,5.3,HAM,22432.03846153846,19060.0,42867.1,36667.0,19340.333333333332,16719.0,72638.0,413964.0,3.0,4.0,,3.0,,,,,13.619047619047619,,2.0,,,,,294.85714285714283,,318.0,,,,,321.0,,318.0,,,,,81006.47619047618,,72638.0,,,,,73456.0,,72638.0,,,,,0,0,0,0
2023,20,30.30375,29.1,31.1,51.325,48.0,56.0,919.7299999999999,919.2,920.2,True,43.4375,40.2,45.7,34.45,3.2962499999999997,5.3,HUL,30374.5625,18767.0,48113.94736842105,36555.0,21960.052631578947,16595.0,71928.0,271281.4,5.0,2.0,,,4.0,,,,5.285714285714286,,,3.5,,,,300.0,,,282.25,,,,325.0,,,323.0,,,,95461.57142857143,,,106717.5,,,,73699.0,,,71928.0,,,,0,0,0,0
2023,20,30.30375,29.1,31.1,51.325,48.0,56.0,919.7299999999999,919.2,920.2,True,43.4375,40.2,45.7,34.45,3.2962499999999997,5.3,LEC,23711.310344827587,18699.0,46217.8125,36657.0,19663.09375,16410.0,71840.0,330797.9999999998,3.0,3.0,,,4.0,,,,13.25,,,4.0,,,,317.85,,,273.4,,,,332.0,,,330.0,,,,83347.75,,,98106.0,,,,73682.0,,,71840.0,,,,0,0,0,0
2023,20,30.30375,29.1,31.1,51.325,48.0,56.0,919.7299999999999,919.2,920.2,True,43.4375,40.2,45.7,34.45,3.2962499999999997,5.3,MAG,25356.809523809523,18767.0,50107.583333333336,36954.0,21991.166666666668,16629.0,72592.0,512692.0,3.0,1.0,,,4.0,,,,5.0,,,6.9,,,,306.14285714285717,,,269.9,,,,328.0,,,327.0,,,,91724.71428571429,,,102216.9,,,,74995.0,,,72592.0,,,,0,0,0,0
2023,20,30.30375,29.1,31.1,51.325,48.0,56.0,919.7299999999999,919.2,920.2,True,43.4375,40.2,45.7,34.45,3.2962499999999997,5.3,NOR,23816.85714285714,18740.0,44294.16,36533.0,20241.88,16812.0,73629.0,405467.75,4.0,5.0,,,,,,,10.9375,,,,,,,301.1875,,,,,,,328.0,,,,,,,87501.875,,,,,,,73629.0,,,,,,,0,0,0,0
2023,20,30.30375,29.1,31.1,51.325,48.0,56.0,919.7299999999999,919.2,920.2,True,43.4375,40.2,45.7,34.45,3.2962499999999997,5.3,OCO,23153.0,18860.0,47879.76666666667,37158.0,20346.133333333335,16747.0,72779.0,539548.9999999999,2.0,2.0,,3.0,,,,,6.117647058823529,,5.0,,,,,316.29411764705884,,260.42857142857144,,,,,329.0,,329.0,,,,,86989.35294117648,,103610.14285714286,,,,,73410.0,,72779.0,,,,,0,0,0,0
2023,20,30.30375,29.1,31.1,51.325,48.0,56.0,919.7299999999999,919.2,920.2,True,43.4375,40.2,45.7,34.45,3.2962499999999997,5.3,PER,21087.35714285714,19010.0,43925.8064516129,37246.0,19817.225806451614,16742.0,73056.0,605227.5,2.0,3.0,,,,,,,16.88,,,,,,,303.76,,,,,,,327.0,,,,,,,84056.12,,,,,,,73056.0,,,,,,,0,0,0,0
2023,20,30.30375,29.1,31.1,51.325,48.0,56.0,919.7299999999999,919.2,920.2,True,43.4375,40.2,45.7,34.45,3.2962499999999997,5.3,PIA,22851.833333333332,18638.0,44716.392857142855,36514.0,20463.35714285714,16801.0,73838.0,330050.75,4.0,5.0,,,,,,,12.9,,,,,,,302.4,,,,,,,331.0,,,,,,,87314.35,,,,,,,73838.0,,,,,,,0,0,0,0
2023,20,30.30375,29.1,31.1,51.325,48.0,56.0,919.7299999999999,919.2,920.2,True,43.4375,40.2,45.7,34.45,3.2962499999999997,5.3,RIC,24149.625,18899.0,43580.59259259259,37072.0,20075.40740740741,16807.0,72778.0,415334.0,3.0,4.0,,3.0,,,,,12.473684210526315,,2.0,,,,,297.89473684210526,,323.0,,,,,325.0,,323.0,,,,,86304.8947368421,,72778.0,,,,,74137.0,,72778.0,,,,,0,0,0,0
2023,20,30.30375,29.1,31.1,51.325,48.0,56.0,919.7299999999999,919.2,920.2,True,43.4375,40.2,45.7,34.45,3.2962499999999997,5.3,RUS,22793.535714285714,18639.0,45729.48387096774,36609.0,19876.870967741936,16617.0,71865.0,327335.0,3.0,1.0,,4.0,,,,,5.5,,11.533333333333333,,,,,314.125,,308.6,,,,,323.0,,324.0,,,,,88246.375,,81208.8,,,,,73204.0,,71865.0,,,,,0,0,0,0
2023,20,30.30375,29.1,31.1,51.325,48.0,56.0,919.7299999999999,919.2,920.2,True,43.4375,40.2,45.7,34.45,3.2962499999999997,5.3,SAI,24517.48148148148,18648.0,45465.6,36524.0,19551.833333333332,16560.0,71732.0,378781.6666666667,3.0,2.0,,,4.0,,,,12.5,,,3.5,,,,318.25,,,200.5,,,,328.0,,,330.0,,,,83038.1,,,94358.0,,,,73770.0,,,71732.0,,,,0,0,0,0
2023,20,30.30375,29.1,31.1,51.325,48.0,56.0,919.7299999999999,919.2,920.2,True,43.4375,40.2,45.7,34.45,3.2962499999999997,5.3,SAR,23366.59259259259,18770.0,45172.566666666666,37093.0,19404.6,16652.0,72579.0,281168.6666666667,3.0,2.0,,,4.0,,,,10.0625,,,6.428571428571429,,,,317.5,,,282.7142857142857,,,,330.0,,,335.0,,,,81643.0,,,93194.57142857143,,,,74192.0,,,72579.0,,,,0,0,0,0
2023,20,30.30375,29.1,31.1,51.325,48.0,56.0,919.7299999999999,919.2,920.2,True,43.4375,40.2,45.7,34.45,3.2962499999999997,5.3,STR,22828.47619047619,18705.0,45499.192307692305,36733.0,19978.23076923077,16698.0,72136.0,389866.5,4.0,5.0,,4.0,,,,,11.666666666666666,,2.0,,,,,300.93333333333334,,322.0,,,,,326.0,,322.0,,,,,85716.66666666667,,72136.0,,,,,73848.0,,72136.0,,,,,0,0,0,0
2023,20,30.30375,29.1,31.1,51.325,48.0,56.0,919.7299999999999,919.2,920.2,True,43.4375,40.2,45.7,34.45,3.2962499999999997,5.3,TSU,23814.72,18848.0,45935.275862068964,37160.0,20132.896551724138,16669.0,72714.0,390162.3333333333,3.0,3.0,,4.0,,,,,8.5,,7.111111111111111,,,,,311.0,,276.3333333333333,,,,,332.0,,326.0,,,,,85206.16666666667,,96339.0,,,,,74444.0,,72714.0,,,,,0,0,0,0
2023,20,30.30375,29.1,31.1,51.325,48.0,56.0,919.7299999999999,919.2,920.2,True,43.4375,40.2,45.7,34.45,3.2962499999999997,5.3,VER,22309.37037037037,18880.0,46054.2,37247.0,19925.1,16666.0,72793.0,598977.5,2.0,3.0,,,,,,,15.869565217391305,,,,,,,305.4347826086956,,,,,,,329.0,,,,,,,84782.65217391304,,,,,,,72793.0,,,,,,,0,0,0,0
2023,20,30.30375,29.1,31.1,51.325,48.0,56.0,919.7299999999999,919.2,920.2,True,43.4375,40.2,45.7,34.45,3.2962499999999997,5.3,ZHO,23665.260869565216,18924.0,47234.40740740741,36945.0,19327.962962962964,16590.0,72481.0,453187.33333333343,3.0,2.0,,3.0,4.0,,,,6.888888888888889,,3.5,4.5,,,,313.3333333333333,,313.5,267.6666666666667,,,,322.0,,323.0,326.0,,,,82578.55555555556,,92494.75,94101.83333333333,,,,74643.0,,73511.0,72481.0,,,,0,0,0,0
2023,21,16.700000000000003,16.6,16.9,65.44444444444444,65.0,66.0,943.6666666666666,943.5,943.9,False,18.71388888888889,18.5,18.9,130.88888888888889,0.6527777777777778,1.5,ALB,32951.0,32951.0,41817.0,38796.0,45376.0,42443.0,120056.0,,,,,,,,,,,,,,,,,,,,,,,,,,,,,,,,,,,,,,,,,,,,,1,1,0,1
2023,21,16.700000000000003,16.6,16.9,65.44444444444444,65.0,66.0,943.6666666666666,943.5,943.9,False,18.71388888888889,18.5,18.9,130.88888888888889,0.6527777777777778,1.5,ALO,,,36960.0,36960.0,41802.0,41802.0,,,,,,,,,,,,,,,,,,,,,,,,,,,,,,,,,,,,,,,,,,,,,,1,1,0,1
2023,21,16.700000000000003,16.6,16.9,65.44444444444444,65.0,66.0,943.6666666666666,943.5,943.9,False,18.71388888888889,18.5,18.9,130.88888888888889,0.6527777777777778,1.5,BOT,33141.75,30717.0,37922.5,36026.0,40925.75,38964.0,107147.0,,,1.0,,,,,,,3.0,,,,,,,260.6666666666667,,,,,,,269.0,,,,,,,110873.33333333333,,,,,,,107147.0,,,,,,,1,1,0,1
2023,21,16.700000000000003,16.6,16.9,65.44444444444444,65.0,66.0,943.6666666666666,943.5,943.9,False,18.71388888888889,18.5,18.9,130.88888888888889,0.6527777777777778,1.5,GAS,32739.5,31222.0,39637.5,36290.0,40969.0,39885.0,108253.0,,,,,1.0,,,,,,,3.0,,,,,,,261.6666666666667,,,,,,,280.0,,,,,,,112503.33333333333,,,,,,,108253.0,,,,,1,1,0,1
2023,21,16.700000000000003,16.6,16.9,65.44444444444444,65.0,66.0,943.6666666666666,943.5,943.9,False,18.71388888888889,18.5,18.9,130.88888888888889,0.6527777777777778,1.5,HAM,31607.0,29933.0,36785.5,34244.0,41280.666666666664,38884.0,108513.0,,,,,,1.0,,,,,,,2.5,,,,,,,285.0,,,,,,,292.0,,,,,,,109535.5,,,,,,,108513.0,,,,1,1,0,1
2023,21,16.700000000000003,16.6,16.9,65.44444444444444,65.0,66.0,943.6666666666666,943.5,943.9,False,18.71388888888889,18.5,18.9,130.88888888888889,0.6527777777777778,1.5,HUL,30935.333333333332,30210.0,37966.25,34373.0,40657.666666666664,38863.0,103446.0,,,,,,1.0,,,,,,,2.5,,,,,,,284.0,,,,,,,294.0,,,,,,,105732.5,,,,,,,103446.0,,,,1,1,0,1
2023,21,16.700000000000003,16.6,16.9,65.44444444444444,65.0,66.0,943.6666666666666,943.5,943.9,False,18.71388888888889,18.5,18.9,130.88888888888889,0.6527777777777778,1.5,LEC,33101.333333333336,29274.0,36541.333333333336,33623.0,41506.666666666664,38012.0,100909.0,,,,,,1.0,,,,,,,2.5,,,,,,,290.5,,,,,,,301.0,,,,,,,102464.0,,,,,,,100909.0,,,,1,1,0,1
2023,21,16.700000000000003,16.6,16.9,65.44444444444444,65.0,66.0,943.6666666666666,943.5,943.9,False,18.71388888888889,18.5,18.9,130.88888888888889,0.6527777777777778,1.5,MAG,34164.0,30160.0,40255.75,34983.0,40878.0,39118.0,104261.0,,,,,,1.0,,,,,,,2.5,,,,,,,301.0,,,,,,,307.0,,,,,,,107025.0,,,,,,,104261.0,,,,1,1,0,1
2023,21,16.700000000000003,16.6,16.9,65.44444444444444,65.0,66.0,943.6666666666666,943.5,943.9,False,18.71388888888889,18.5,18.9,130.88888888888889,0.6527777777777778,1.5,NOR,31813.5,30984.0,37051.333333333336,35166.0,43332.666666666664,39679.0,108947.0,,,,,1.0,,,,,,,2.0,,,,,,,272.0,,,,,,,272.0,,,,,,,108947.0,,,,,,,108947.0,,,,,1,1,0,1
2023,21,16.700000000000003,16.6,16.9,65.44444444444444,65.0,66.0,943.6666666666666,943.5,943.9,False,18.71388888888889,18.5,18.9,130.88888888888889,0.6527777777777778,1.5,OCO,31413.75,30493.0,37963.5,35270.0,40952.75,39233.0,105365.0,,,,,1.0,,,,,,,3.0,,,,,,,272.3333333333333,,,,,,,280.0,,,,,,,107748.33333333333,,,,,,,105365.0,,,,,1,1,0,1
2023,21,16.700000000000003,16.6,16.9,65.44444444444444,65.0,66.0,943.6666666666666,943.5,943.9,False,18.71388888888889,18.5,18.9,130.88888888888889,0.6527777777777778,1.5,PER,31527.333333333332,30293.0,37839.75,34424.0,40129.333333333336,39167.0,106793.0,,,,,1.0,,,,,,,2.5,,,,,,,264.5,,,,,,,283.0,,,,,,,109370.5,,,,,,,106793.0,,,,,1,1,0,1
2023,21,16.700000000000003,16.6,16.9,65.44444444444444,65.0,66.0,943.6666666666666,943.5,943.9,False,18.71388888888889,18.5,18.9,130.88888888888889,0.6527777777777778,1.5,PIA,33993.0,33993.0,41483.0,40041.0,46041.0,42509.0,123607.0,,,,,,,,,,,,,,,,,,,,,,,,,,,,,,,,,,,,,,,,,,,,,1,1,0,1
2023,21,16.700000000000003,16.6,16.9,65.44444444444444,65.0,66.0,943.6666666666666,943.5,943.9,False,18.71388888888889,18.5,18.9,130.88888888888889,0.6527777777777778,1.5,RIC,31791.333333333332,30620.0,39394.25,35473.0,40898.333333333336,39960.0,108650.0,,,,,1.0,,,,,,,2.5,,,,,,,270.5,,,,,,,277.0,,,,,,,111594.5,,,,,,,108650.0,,,,,1,1,0,1
2023,21,16.700000000000003,16.6,16.9,65.44444444444444,65.0,66.0,943.6666666666666,943.5,943.9,False,18.71388888888889,18.5,18.9,130.88888888888889,0.6527777777777778,1.5,RUS,31719.0,30404.0,36960.25,34717.0,41303.0,38937.0,105497.0,,,,,,1.0,,,,,,,2.5,,,,,,,256.5,,,,,,,270.0,,,,,,,107842.0,,,,,,,105497.0,,,,1,1,0,1
2023,21,16.700000000000003,16.6,16.9,65.44444444444444,65.0,66.0,943.6666666666666,943.5,943.9,False,18.71388888888889,18.5,18.9,130.88888888888889,0.6527777777777778,1.5,SAI,32065.0,30863.0,38204.666666666664,36242.0,39868.333333333336,38719.0,105824.0,,,,,,1.0,,,,,,,2.5,,,,,,,301.0,,,,,,,305.0,,,,,,,107619.0,,,,,,,105824.0,,,,1,1,0,1
2023,21,16.700000000000003,16.6,16.9,65.44444444444444,65.0,66.0,943.6666666666666,943.5,943.9,False,18.71388888888889,18.5,18.9,130.88888888888889,0.6527777777777778,1.5,STR,66410.0,66410.0,47819.5,46848.0,60171.5,59553.0,,30359.0,1.0,,,,,,,,,,,,,,,,,,,,,,,,,,,,,,,,,,,,,,,,,,,1,1,0,1
2023,21,16.700000000000003,16.6,16.9,65.44444444444444,65.0,66.0,943.6666666666666,943.5,943.9,False,18.71388888888889,18.5,18.9,130.88888888888889,0.6527777777777778,1.5,TSU,31749.666666666668,30355.0,37312.0,34309.0,42809.0,39095.0,105908.0,,,,,1.0,,,,,,,3.0,,,,,,,289.0,,,,,,,295.0,,,,,,,110500.66666666667,,,,,,,105908.0,,,,,1,1,0,1
2023,21,16.700000000000003,16.6,16.9,65.44444444444444,65.0,66.0,943.6666666666666,943.5,943.9,False,18.71388888888889,18.5,18.9,130.88888888888889,0.6527777777777778,1.5,VER,30237.666666666668,29292.0,35463.25,33621.0,40882.666666666664,39087.0,104397.0,,,,,1.0,,,,,,,2.5,,,,,,,311.5,,,,,,,312.0,,,,,,,104798.5,,,,,,,104397.0,,,,,1,1,0,1
2023,21,16.700000000000003,16.6,16.9,65.44444444444444,65.0,66.0,943.6666666666666,943.5,943.9,False,18.71388888888889,18.5,18.9,130.88888888888889,0.6527777777777778,1.5,ZHO,34709.666666666664,32078.000000000004,41077.75,36626.0,46969.5,40118.0,108822.0,,,1.0,,,,,,,3.0,,,,,,,281.6666666666667,,,,,,,282.0,,,,,,,119012.0,,,,,,,108822.0,,,,,,,1,1,0,1
2023,22,28.585185185185185,28.2,28.9,57.382716049382715,54.0,60.0,1011.0098765432099,1010.7,1011.5,False,41.41234567901235,39.2,42.8,245.01234567901236,2.4518518518518517,3.5,BEA,26903.190476190477,17966.0,45619.791666666664,37434.0,41160.791666666664,32049.0,87569.0,296006.5,4.0,,,5.0,3.0,,,,,,8.636363636363637,4.0,,,,,,197.45454545454547,212.5,,,,,,212.0,214.0,,,,,,102049.81818181818,109106.0,,,,,,88870.0,87569.0,,,,0,0,1,2
2023,22,28.585185185185185,28.2,28.9,57.382716049382715,54.0,60.0,1011.0098765432099,1010.7,1011.5,False,41.41234567901235,39.2,42.8,245.01234567901236,2.4518518518518517,3.5,BOT,27252.352941176472,17851.0,46904.333333333336,36929.0,40885.80952380953,31505.0,86453.0,365021.25,4.0,,,3.0,5.0,,,,,,7.0,5.166666666666667,,,,,,213.71428571428572,181.33333333333334,,,,,,217.0,219.0,,,,,,107903.28571428571,109640.0,,,,,,87456.0,86453.0,,,,0,0,1,2
2023,22,28.585185185185185,28.2,28.9,57.382716049382715,54.0,60.0,1011.0098765432099,1010.7,1011.5,False,41.41234567901235,39.2,42.8,245.01234567901236,2.4518518518518517,3.5,DEN,22022.7,17918.0,45932.791666666664,36929.0,41977.25,32243.000000000004,87208.0,293349.3333333333,3.0,,,3.0,4.0,,,,,,8.88888888888889,5.0,,,,,,206.22222222222223,194.71428571428572,,,,,,217.0,218.0,,,,,,106087.11111111111,116111.0,,,,,,87964.0,87208.0,,,,0,0,1,2
2023,22,28.585185185185185,28.2,28.9,57.382716049382715,54.0,60.0,1011.0098765432099,1010.7,1011.5,False,41.41234567901235,39.2,42.8,245.01234567901236,2.4518518518518517,3.5,DOO,29353.75,17758.0,46313.739130434784,37243.0,41220.47826086957,31804.0,86865.0,262189.0,5.0,,,4.0,6.0,,,,,,7.0,5.5,,,,,,192.33333333333334,178.0,,,,,,218.0,220.0,,,,,,96182.16666666667,118265.5,,,,,,88851.0,86865.0,,,,0,0,1,2
2023,22,28.585185185185185,28.2,28.9,57.382716049382715,54.0,60.0,1011.0098765432099,1010.7,1011.5,False,41.41234567901235,39.2,42.8,245.01234567901236,2.4518518518518517,3.5,DRU,27468.91304347826,17679.0,46651.61538461538,36976.0,40469.07692307692,31691.0,86360.0,267694.75,4.0,,,3.0,5.0,,,,,,10.5,6.166666666666667,,,,,,211.2,180.33333333333334,,,,,,222.0,220.0,,,,,,105414.7,105958.5,,,,,,87382.0,86360.0,,,,0,0,1,2
2023,22,28.585185185185185,28.2,28.9,57.382716049382715,54.0,60.0,1011.0098765432099,1010.7,1011.5,False,41.41234567901235,39.2,42.8,245.01234567901236,2.4518518518518517,3.5,GAS,26466.08695652174,17669.0,45538.88461538462,36886.0,39760.88461538462,32051.000000000004,86720.0,201011.8,5.0,,,6.0,5.0,,,,,,12.166666666666666,3.6666666666666665,,,,,,200.25,216.33333333333334,,,,,,217.0,218.0,,,,,,100272.0,103399.33333333333,,,,,,87727.0,86720.0,,,,0,0,1,2
2023,22,28.585185185185185,28.2,28.9,57.382716049382715,54.0,60.0,1011.0098765432099,1010.7,1011.5,False,41.41234567901235,39.2,42.8,245.01234567901236,2.4518518518518517,3.5,HAD,26658.470588235294,18089.0,51525.6,36966.0,47263.55,32077.0,87244.0,309768.0,4.0,,,2.0,5.0,,,,,,6.0,3.5,,,,,,210.33333333333334,212.0,,,,,,212.0,215.0,,,,,,91762.0,87308.5,,,,,,88862.0,87244.0,,,,0,0,1,2
2023,22,28.585185185185185,28.2,28.9,57.382716049382715,54.0,60.0,1011.0098765432099,1010.7,1011.5,False,41.41234567901235,39.2,42.8,245.01234567901236,2.4518518518518517,3.5,MAG,26096.347826086956,17909.0,49282.0,37251.0,41468.96153846154,32156.999999999996,87462.0,219230.5,4.0,,,5.0,4.0,,,,,,10.3,5.0,,,,,,192.5,212.0,,,,,,215.0,213.0,,,,,,95960.3,87493.66666666667,,,,,,88734.0,87462.0,,,,0,0,1,2
2023,22,28.585185185185185,28.2,28.9,57.382716049382715,54.0,60.0,1011.0098765432099,1010.7,1011.5,False,41.41234567901235,39.2,42.8,245.01234567901236,2.4518518518518517,3.5,OSU,24062.96,17830.0,41976.28571428572,37491.0,38736.96428571428,32139.000000000004,87460.0,245460.25,4.0,,,5.0,3.0,,,,,,10.066666666666666,4.833333333333333,,,,,,201.06666666666666,204.66666666666666,,,,,,219.0,222.0,,,,,,99819.66666666667,106216.16666666667,,,,,,88492.0,87460.0,,,,0,0,1,2
2023,22,28.585185185185185,28.2,28.9,57.382716049382715,54.0,60.0,1011.0098765432099,1010.7,1011.5,False,41.41234567901235,39.2,42.8,245.01234567901236,2.4518518518518517,3.5,OWA,22945.42105263158,17852.0,44116.52173913043,37259.0,40147.391304347824,31918.0,87114.0,468294.3333333333,3.0,,,4.0,3.0,,,,,,9.666666666666666,3.5,,,,,,201.66666666666666,200.25,,,,,,218.0,220.0,,,,,,99306.83333333333,109153.25,,,,,,87841.0,87114.0,,,,0,0,1,2
2023,22,28.585185185185185,28.2,28.9,57.382716049382715,54.0,60.0,1011.0098765432099,1010.7,1011.5,False,41.41234567901235,39.2,42.8,245.01234567901236,2.4518518518518517,3.5,PIA,24166.95,17684.0,42829.2,37303.0,38175.48,31629.0,86665.0,217066.33333333334,6.0,,,7.0,6.0,,,,,,11.538461538461538,3.5,,,,,,201.46153846153845,215.5,,,,,,217.0,217.0,,,,,,101918.84615384616,86717.5,,,,,,87074.0,86665.0,,,,0,0,1,2
2023,22,28.585185185185185,28.2,28.9,57.382716049382715,54.0,60.0,1011.0098765432099,1010.7,1011.5,False,41.41234567901235,39.2,42.8,245.01234567901236,2.4518518518518517,3.5,POU,20984.1875,17988.0,44255.7,37130.0,40703.85,31975.0,87093.0,515251.3333333333,3.0,2.0,,,4.0,,,,5.5,,,5.857142857142857,,,,213.83333333333334,,,209.71428571428572,,,,216.0,,,218.0,,,,98376.83333333333,,,101539.28571428571,,,,88812.0,,,87093.0,,,,0,0,1,2
2023,22,28.585185185185185,28.2,28.9,57.382716049382715,54.0,60.0,1011.0098765432099,1010.7,1011.5,False,41.41234567901235,39.2,42.8,245.01234567901236,2.4518518518518517,3.5,RIC,26693.91304347826,17857.0,52134.346153846156,36819.0,41872.96153846154,31642.0,86433.0,222308.66666666666,3.0,,,2.0,4.0,,,,,,8.7,5.2,,,,,,206.5,182.2,,,,,,218.0,216.0,,,,,,107432.5,116890.2,,,,,,87268.0,86433.0,,,,0,0,1,2
2023,22,28.585185185185185,28.2,28.9,57.382716049382715,54.0,60.0,1011.0098765432099,1010.7,1011.5,False,41.41234567901235,39.2,42.8,245.01234567901236,2.4518518518518517,3.5,RUS,27004.782608695652,17663.0,45199.38461538462,36990.0,39997.692307692305,31384.0,86072.0,204305.6,5.0,,,6.0,5.0,,,,,,12.5,3.5,,,,,,195.83333333333334,216.0,,,,,,216.0,216.0,,,,,,94118.5,86076.5,,,,,,86313.0,86072.0,,,,0,0,1,2
2023,22,28.585185185185185,28.2,28.9,57.382716049382715,54.0,60.0,1011.0098765432099,1010.7,1011.5,False,41.41234567901235,39.2,42.8,245.01234567901236,2.4518518518518517,3.5,SAI,24756.333333333332,17763.0,49320.333333333336,36941.0,41081.708333333336,31956.0,86676.0,376728.0,3.0,,,,4.0,,,,,,,8.0,,,,,,,201.35714285714286,,,,,,,216.0,,,,,,,98983.92857142857,,,,,,,86676.0,,,,0,0,1,2
2023,22,28.585185185185185,28.2,28.9,57.382716049382715,54.0,60.0,1011.0098765432099,1010.7,1011.5,False,41.41234567901235,39.2,42.8,245.01234567901236,2.4518518518518517,3.5,SAR,24839.416666666668,17604.0,42923.88888888889,36820.0,41377.0,32205.0,86742.0,207738.5,4.0,,,5.0,4.0,,,,,,10.0,5.333333333333333,,,,,,201.76923076923077,208.0,,,,,,220.0,221.0,,,,,,101004.61538461539,113870.16666666667,,,,,,87798.0,86742.0,,,,0,0,1,2
2023,22,28.585185185185185,28.2,28.9,57.382716049382715,54.0,60.0,1011.0098765432099,1010.7,1011.5,False,41.41234567901235,39.2,42.8,245.01234567901236,2.4518518518518517,3.5,SHW,22096.272727272728,17833.0,45680.64,36793.0,39637.84,32077.0,86703.0,591427.0,2.0,,,,3.0,,,,,,,7.315789473684211,,,,,,,201.89473684210526,,,,,,,218.0,,,,,,,104379.84210526316,,,,,,,86703.0,,,,0,0,1,2
2023,22,28.585185185185185,28.2,28.9,57.382716049382715,54.0,60.0,1011.0098765432099,1010.7,1011.5,False,41.41234567901235,39.2,42.8,245.01234567901236,2.4518518518518517,3.5,STR,24644.470588235294,17672.0,46070.80952380953,36829.0,41331.666666666664,32130.000000000004,86631.0,533417.6666666666,3.0,,,3.0,4.0,,,,,,7.0,5.0,,,,,,209.28571428571428,150.25,,,,,,220.0,213.0,,,,,,103147.14285714286,110136.75,,,,,,87253.0,86631.0,,,,0,0,1,2
2023,22,28.585185185185185,28.2,28.9,57.382716049382715,54.0,60.0,1011.0098765432099,1010.7,1011.5,False,41.41234567901235,39.2,42.8,245.01234567901236,2.4518518518518517,3.5,TSU,25615.166666666668,17798.0,46703.62962962963,36940.0,39952.92592592593,31927.0,86725.0,205898.75,4.0,,,2.0,5.0,,,,,,5.333333333333333,9.9,,,,,,214.83333333333334,197.6,,,,,,218.0,217.0,,,,,,102913.66666666667,93638.1,,,,,,87261.0,86725.0,,,,0,0,1,2
2023,22,28.585185185185185,28.2,28.9,57.382716049382715,54.0,60.0,1011.0098765432099,1010.7,1011.5,False,41.41234567901235,39.2,42.8,245.01234567901236,2.4518518518518517,3.5,VES,23496.5,17746.0,44613.25925925926,37175.0,39719.11111111111,31795.0,86815.0,328603.6666666667,3.0,,,4.0,2.0,,,,,,10.6875,3.5,,,,,,203.625,207.0,,,,,,220.0,221.0,,,,,,102891.5,110087.0,,,,,,88026.0,86815.0,,,,0,0,1,2
2024,1,19.373170731707315,19.0,19.8,38.74390243902439,36.0,41.0,1016.1012195121951,1015.9,1016.3,False,34.21585365853658,31.9,36.0,66.45121951219512,3.3780487804878048,4.7,ALB,37308.857142857145,29957.0,49361.94117647059,40222.0,26496.529411764706,23235.0,93583.0,651929.5,2.0,,,3.0,,,,,,,5.0,,,,,,,275.75,,,,,,,288.0,,,,,,,113400.58333333333,,,,,,,93583.0,,,,,0,0,0,1
2024,1,19.373170731707315,19.0,19.8,38.74390243902439,36.0,41.0,1016.1012195121951,1015.9,1016.3,False,34.21585365853658,31.9,36.0,66.45121951219512,3.3780487804878048,4.7,ALO,38636.4375,29835.0,50538.0,39920.0,28175.3,23381.0,93193.0,469366.33333333326,3.0,,,4.0,,,,,,,5.818181818181818,,,,,,,260.45454545454544,,,,,,,282.0,,,,,,,109136.54545454546,,,,,,,93193.0,,,,,0,0,0,1
2024,1,19.373170731707315,19.0,19.8,38.74390243902439,36.0,41.0,1016.1012195121951,1015.9,1016.3,False,34.21585365853658,31.9,36.0,66.45121951219512,3.3780487804878048,4.7,BOT,39965.23529411765,30026.0,50426.42857142857,39965.0,28090.809523809523,23261.0,93354.0,376337.7500000001,4.0,,,2.0,5.0,,,,,,5.0,6.5,,,,,,276.0,236.375,,,,,,277.0,279.0,,,,,,108990.6,110141.875,,,,,,94907.0,93354.0,,,,0,0,0,1
2024,1,19.373170731707315,19.0,19.8,38.74390243902439,36.0,41.0,1016.1012195121951,1015.9,1016.3,False,34.21585365853658,31.9,36.0,66.45121951219512,3.3780487804878048,4.7,GAS,39008.19047619047,30503.0,48369.291666666664,40748.0,26983.0,23752.0,95144.0,393866.0,3.0,,,4.0,,,,,,,7.4375,,,,,,,259.375,,,,,,,278.0,,,,,,,107117.8125,,,,,,,95144.0,,,,,0,0,0,1
2024,1,19.373170731707315,19.0,19.8,38.74390243902439,36.0,41.0,1016.1012195121951,1015.9,1016.3,False,34.21585365853658,31.9,36.0,66.45121951219512,3.3780487804878048,4.7,HAM,38993.47368421053,29930.0,46599.545454545456,40088.0,26247.31818181818,23202.0,93302.0,346763.0,4.0,,,5.0,,,,,,,6.615384615384615,,,,,,,258.2307692307692,,,,,,,281.0,,,,,,,102455.69230769231,,,,,,,93302.0,,,,,0,0,0,1
2024,1,19.373170731707315,19.0,19.8,38.74390243902439,36.0,41.0,1016.1012195121951,1015.9,1016.3,False,34.21585365853658,31.9,36.0,66.45121951219512,3.3780487804878048,4.7,HUL,34984.333333333336,31266.0,43933.88888888889,42231.0,25489.814814814814,24088.0,97938.0,370154.3333333333,3.0,,,4.0,,,,,,,7.315789473684211,,,,,,,262.6842105263158,,,,,,,276.0,,,,,,,99608.73684210527,,,,,,,97938.0,,,,,0,0,0,1
2024,1,19.373170731707315,19.0,19.8,38.74390243902439,36.0,41.0,1016.1012195121951,1015.9,1016.3,False,34.21585365853658,31.9,36.0,66.45121951219512,3.3780487804878048,4.7,LEC,37347.23809523809,30014.0,48642.958333333336,39844.0,28742.666666666668,23400.0,93268.0,370294.99999999994,3.0,,,4.0,,,,,,,7.333333333333333,,,,,,,264.6,,,,,,,284.0,,,,,,,106221.26666666666,,,,,,,93268.0,,,,,0,0,0,1
2024,1,19.373170731707315,19.0,19.8,38.74390243902439,36.0,41.0,1016.1012195121951,1015.9,1016.3,False,34.21585365853658,31.9,36.0,66.45121951219512,3.3780487804878048,4.7,MAG,35011.0,31183.0,44596.36,42025.0,25865.6,24262.0,97477.0,642605.0,2.0,,,3.0,,,,,,,7.75,,,,,,,262.6,,,,,,,282.0,,,,,,,100180.45,,,,,,,97477.0,,,,,0,0,0,1
2024,1,19.373170731707315,19.0,19.8,38.74390243902439,36.0,41.0,1016.1012195121951,1015.9,1016.3,False,34.21585365853658,31.9,36.0,66.45121951219512,3.3780487804878048,4.7,NOR,37853.13636363636,30005.0,48110.4,39663.0,27343.56,23233.0,92901.0,353901.6666666667,3.0,,,1.0,4.0,,,,,,4.25,9.0,,,,,,279.25,250.66666666666666,,,,,,281.0,282.0,,,,,,107757.0,106790.0,,,,,,94506.0,92901.0,,,,0,0,0,1
2024,1,19.373170731707315,19.0,19.8,38.74390243902439,36.0,41.0,1016.1012195121951,1015.9,1016.3,False,34.21585365853658,31.9,36.0,66.45121951219512,3.3780487804878048,4.7,OCO,41281.61111111111,30366.0,50228.90476190476,40467.0,28621.761904761905,23543.0,94807.0,456152.0,3.0,,,4.0,,,,,,,6.333333333333333,,,,,,,256.25,,,,,,,278.0,,,,,,,108187.33333333333,,,,,,,94807.0,,,,,0,0,0,1
2024,1,19.373170731707315,19.0,19.8,38.74390243902439,36.0,41.0,1016.1012195121951,1015.9,1016.3,False,34.21585365853658,31.9,36.0,66.45121951219512,3.3780487804878048,4.7,PER,40764.333333333336,29946.0,50913.0,40111.0,27702.291666666668,23214.0,93413.0,279660.50000000006,4.0,,,5.0,,,,,,,7.538461538461538,,,,,,,267.7692307692308,,,,,,,281.0,,,,,,,104174.38461538461,,,,,,,93413.0,,,,,0,0,0,1
2024,1,19.373170731707315,19.0,19.8,38.74390243902439,36.0,41.0,1016.1012195121951,1015.9,1016.3,False,34.21585365853658,31.9,36.0,66.45121951219512,3.3780487804878048,4.7,PIA,36206.318181818184,29925.0,47016.4,39852.0,27164.84,23336.0,93113.0,564892.0,2.0,,,3.0,2.0,,,,,,11.0,3.0,,,,,,260.4375,277.0,,,,,,280.0,277.0,,,,,,106012.0625,114012.0,,,,,,94991.0,93113.0,,,,0,0,0,1
2024,1,19.373170731707315,19.0,19.8,38.74390243902439,36.0,41.0,1016.1012195121951,1015.9,1016.3,False,34.21585365853658,31.9,36.0,66.45121951219512,3.3780487804878048,4.7,RIC,39039.8,29787.0,48641.260869565216,39866.0,26852.608695652172,23216.0,92869.0,405235.3333333333,3.0,,,1.0,4.0,,,,,,5.142857142857143,8.125,,,,,,263.42857142857144,245.625,,,,,,280.0,280.0,,,,,,113136.0,101055.125,,,,,,94670.0,92869.0,,,,0,0,0,1
2024,1,19.373170731707315,19.0,19.8,38.74390243902439,36.0,41.0,1016.1012195121951,1015.9,1016.3,False,34.21585365853658,31.9,36.0,66.45121951219512,3.3780487804878048,4.7,RUS,36850.681818181816,30091.0,50121.64,39914.0,27374.32,23175.0,93251.0,453708.5,2.0,,,3.0,,,,,,,7.666666666666667,,,,,,,263.6111111111111,,,,,,,286.0,,,,,,,111202.83333333333,,,,,,,93251.0,,,,,0,0,0,1
2024,1,19.373170731707315,19.0,19.8,38.74390243902439,36.0,41.0,1016.1012195121951,1015.9,1016.3,False,34.21585365853658,31.9,36.0,66.45121951219512,3.3780487804878048,4.7,SAI,39904.086956521736,30197.0,49088.153846153844,40041.0,27769.19230769231,23147.0,93385.0,212265.00000000006,4.0,,,5.0,,,,,,,7.866666666666666,,,,,,,262.8,,,,,,,283.0,,,,,,,107677.26666666666,,,,,,,93385.0,,,,,0,0,0,1
2024,1,19.373170731707315,19.0,19.8,38.74390243902439,36.0,41.0,1016.1012195121951,1015.9,1016.3,False,34.21585365853658,31.9,36.0,66.45121951219512,3.3780487804878048,4.7,SAR,37205.882352941175,30283.0,45755.89473684211,40311.0,28010.842105263157,23492.0,94213.0,615576.5,2.0,,,3.0,,,,,,,5.214285714285714,,,,,,,260.07142857142856,,,,,,,285.0,,,,,,,106047.21428571429,,,,,,,94213.0,,,,,0,0,0,1
2024,1,19.373170731707315,19.0,19.8,38.74390243902439,36.0,41.0,1016.1012195121951,1015.9,1016.3,False,34.21585365853658,31.9,36.0,66.45121951219512,3.3780487804878048,4.7,STR,39136.58823529412,30112.0,50017.2,40121.0,27616.15,23442.0,93868.0,640936.0,2.0,,,3.0,,,,,,,5.7272727272727275,,,,,,,255.0909090909091,,,,,,,281.0,,,,,,,104482.18181818182,,,,,,,93868.0,,,,,0,0,0,1
2024,1,19.373170731707315,19.0,19.8,38.74390243902439,36.0,41.0,1016.1012195121951,1015.9,1016.3,False,34.21585365853658,31.9,36.0,66.45121951219512,3.3780487804878048,4.7,TSU,36887.23809523809,29715.0,50065.958333333336,40048.0,27238.458333333332,23420.0,93183.0,504478.4999999999,2.0,,,1.0,3.0,,,,,,5.0,8.8,,,,,,278.85714285714283,252.2,,,,,,282.0,279.0,,,,,,118245.57142857143,103977.6,,,,,,94773.0,93183.0,,,,0,0,0,1
2024,1,19.373170731707315,19.0,19.8,38.74390243902439,36.0,41.0,1016.1012195121951,1015.9,1016.3,False,34.21585365853658,31.9,36.0,66.45121951219512,3.3780487804878048,4.7,VER,39609.055555555555,29939.0,47391.857142857145,39953.0,28490.619047619046,23262.0,93238.0,380642.6666666667,3.0,,,4.0,,,,,,,7.916666666666667,,,,,,,246.83333333333334,,,,,,,282.0,,,,,,,104624.66666666667,,,,,,,93238.0,,,,,0,0,0,1
2024,1,19.373170731707315,19.0,19.8,38.74390243902439,36.0,41.0,1016.1012195121951,1015.9,1016.3,False,34.21585365853658,31.9,36.0,66.45121951219512,3.3780487804878048,4.7,ZHO,40407.916666666664,30223.0,50957.125,40186.0,29177.5625,23514.0,93923.0,501229.9999999999,4.0,,,2.0,5.0,,,,,,4.5,5.0,,,,,,273.25,209.0,,,,,,276.0,281.0,,,,,,116346.25,103560.66666666667,,,,,,95721.0,93923.0,,,,0,0,0,1
2024,2,26.755000000000003,26.4,27.1,57.575,53.0,61.0,1012.2375,1012.0,1012.5,False,39.70125,38.2,41.9,24.6125,4.80625,6.8,ALB,41496.13043478261,33056.0,35569.07692307692,28753.0,33256.96153846154,28913.0,90747.0,473335.0,2.0,,,3.0,2.0,,,,,,9.5,4.2,,,,,,275.85714285714283,297.6,,,,,,300.0,300.0,,,,,,104656.64285714286,115750.4,,,,,,91585.0,90747.0,,,,0,0,0,0
2024,2,26.755000000000003,26.4,27.1,57.575,53.0,61.0,1012.2375,1012.0,1012.5,False,39.70125,38.2,41.9,24.6125,4.80625,6.8,ALO,38247.619047619046,32656.0,32622.833333333332,28497.0,32316.375,28692.0,89845.0,510148.0,2.0,2.0,,,3.0,,,,8.5,,,4.5,,,,289.0,,,288.5,,,,296.0,,,298.0,,,,100914.25,,,101838.5,,,,90961.0,,,89845.0,,,,0,0,0,0
2024,2,26.755000000000003,26.4,27.1,57.575,53.0,61.0,1012.2375,1012.0,1012.5,False,39.70125,38.2,41.9,24.6125,4.80625,6.8,BOT,41886.608695652176,33190.0,34327.92307692308,28668.0,34154.88461538462,28925.0,90783.0,341829.3333333333,3.0,,,1.0,4.0,,,,,,4.0,10.666666666666666,,,,,,294.0,267.0833333333333,,,,,,295.0,295.0,,,,,,97402.0,101832.58333333333,,,,,,92290.0,90783.0,,,,0,0,0,0
2024,2,26.755000000000003,26.4,27.1,57.575,53.0,61.0,1012.2375,1012.0,1012.5,False,39.70125,38.2,41.9,24.6125,4.80625,6.8,GAS,42697.5,33057.0,34911.92,28776.0,33528.12,29126.0,91046.0,578678.5,2.0,,,3.0,2.0,,,,,,9.076923076923077,4.4,,,,,,271.0769230769231,296.6,,,,,,298.0,297.0,,,,,,105305.61538461539,106360.0,,,,,,91362.0,91046.0,,,,0,0,0,0
2024,2,26.755000000000003,26.4,27.1,57.575,53.0,61.0,1012.2375,1012.0,1012.5,False,39.70125,38.2,41.9,24.6125,4.80625,6.8,HAM,46902.88888888889,32859.0,35635.90476190476,28411.0,35690.09523809524,28893.0,90236.0,359908.0,4.0,5.0,,,4.0,,,,9.0,,,3.5,,,,263.5,,,298.5,,,,302.0,,,299.0,,,,101968.75,,,90246.5,,,,91009.0,,,90236.0,,,,0,0,0,0
2024,2,26.755000000000003,26.4,27.1,57.575,53.0,61.0,1012.2375,1012.0,1012.5,False,39.70125,38.2,41.9,24.6125,4.80625,6.8,HUL,42096.75,33415.0,33730.47368421053,28786.0,34370.84210526316,29210.0,91411.0,590571.6666666666,3.0,,,4.0,,,,,,,6.916666666666667,,,,,,,275.5,,,,,,,297.0,,,,,,,107013.66666666667,,,,,,,91411.0,,,,,0,0,0,0
2024,2,26.755000000000003,26.4,27.1,57.575,53.0,61.0,1012.2375,1012.0,1012.5,False,39.70125,38.2,41.9,24.6125,4.80625,6.8,LEC,44527.57142857143,32862.0,36606.0,28444.0,35396.583333333336,28724.0,90030.0,370506.0,3.0,4.0,,,3.0,,,,9.666666666666666,,,4.0,,,,262.3333333333333,,,296.6666666666667,,,,296.0,,,297.0,,,,97199.88888888889,,,90463.33333333333,,,,90935.0,,,90030.0,,,,0,0,0,0
2024,2,26.755000000000003,26.4,27.1,57.575,53.0,61.0,1012.2375,1012.0,1012.5,False,39.70125,38.2,41.9,24.6125,4.80625,6.8,MAG,42833.53333333333,33416.0,34568.0,28880.0,35457.055555555555,29083.0,91577.0,813293.0,2.0,1.0,,3.0,,,,,3.3333333333333335,,7.285714285714286,,,,,297.0,,260.14285714285717,,,,,303.0,,297.0,,,,,93438.0,,99040.28571428571,,,,,92692.0,,91577.0,,,,,0,0,0,0
2024,2,26.755000000000003,26.4,27.1,57.575,53.0,61.0,1012.2375,1012.0,1012.5,False,39.70125,38.2,41.9,24.6125,4.80625,6.8,NOR,41716.565217391304,32637.999999999996,34131.03846153846,28646.0,33773.269230769234,28843.0,90231.0,334039.6666666668,3.0,,,4.0,3.0,,,,,,5.875,8.6,,,,,,260.75,287.1,,,,,,295.0,301.0,,,,,,112789.25,98662.6,,,,,,91617.0,90231.0,,,,0,0,0,0
2024,2,26.755000000000003,26.4,27.1,57.575,53.0,61.0,1012.2375,1012.0,1012.5,False,39.70125,38.2,41.9,24.6125,4.80625,6.8,OCO,43300.416666666664,32981.0,34041.81481481482,28847.0,33668.11111111111,29056.0,90945.0,317670.3333333333,3.0,,,4.0,3.0,,,,,,10.428571428571429,4.5,,,,,,272.07142857142856,284.8333333333333,,,,,,296.0,301.0,,,,,,107705.21428571429,111594.5,,,,,,91513.0,90945.0,,,,0,0,0,0
2024,2,26.755000000000003,26.4,27.1,57.575,53.0,61.0,1012.2375,1012.0,1012.5,False,39.70125,38.2,41.9,24.6125,4.80625,6.8,PER,45972.95,32880.0,33804.086956521736,28464.0,33913.086956521736,28524.0,89868.0,328409.75,4.0,2.0,,,5.0,,,,5.0,,,7.0,,,,301.625,,,258.2857142857143,,,,306.0,,,301.0,,,,112769.25,,,105781.71428571429,,,,90804.0,,,89868.0,,,,0,0,0,0
2024,2,26.755000000000003,26.4,27.1,57.575,53.0,61.0,1012.2375,1012.0,1012.5,False,39.70125,38.2,41.9,24.6125,4.80625,6.8,PIA,40476.47368421053,32806.0,31465.363636363636,28753.0,34040.454545454544,29135.0,90977.0,501938.9999999998,3.0,4.0,,,3.0,,,,5.285714285714286,,,6.5,,,,259.57142857142856,,,289.5,,,,300.0,,,297.0,,,,108215.14285714286,,,102101.0,,,,91922.0,,,90977.0,,,,0,0,0,0
2024,2,26.755000000000003,26.4,27.1,57.575,53.0,61.0,1012.2375,1012.0,1012.5,False,39.70125,38.2,41.9,24.6125,4.80625,6.8,RIC,41636.90909090909,33045.0,34669.68,28872.0,34532.8,28924.0,90917.0,328468.0,3.0,1.0,,4.0,,,,,6.5,,7.125,,,,,287.8,,262.625,,,,,304.0,,298.0,,,,,106353.4,,115346.875,,,,,91240.0,,90917.0,,,,,0,0,0,0
2024,2,26.755000000000003,26.4,27.1,57.575,53.0,61.0,1012.2375,1012.0,1012.5,False,39.70125,38.2,41.9,24.6125,4.80625,6.8,RUS,42616.52631578947,32686.999999999996,34265.13043478261,28387.0,34366.391304347824,28696.0,89939.0,419043.3333333333,3.0,4.0,,,3.0,,,,8.166666666666666,,,3.5,,,,293.6666666666667,,,296.5,,,,307.0,,,297.0,,,,103871.33333333333,,,89975.0,,,,90554.0,,,89939.0,,,,0,0,0,0
2024,2,26.755000000000003,26.4,27.1,57.575,53.0,61.0,1012.2375,1012.0,1012.5,False,39.70125,38.2,41.9,24.6125,4.80625,6.8,SAI,47599.47619047619,32813.0,35275.041666666664,28640.0,34688.375,28711.0,90164.0,295255.0,4.0,5.0,,,4.0,,,,8.75,,,4.333333333333333,,,,269.1666666666667,,,295.0,,,,299.0,,,297.0,,,,107760.0,,,103981.0,,,,91526.0,,,90164.0,,,,0,0,0,0
2024,2,26.755000000000003,26.4,27.1,57.575,53.0,61.0,1012.2375,1012.0,1012.5,False,39.70125,38.2,41.9,24.6125,4.80625,6.8,SAR,41668.083333333336,33169.0,34066.22222222222,28809.0,34164.2962962963,28895.0,90966.0,341332.5,2.0,3.0,,,2.0,,,,9.5,,,4.4,,,,292.2142857142857,,,296.6,,,,299.0,,,300.0,,,,100987.07142857143,,,108442.0,,,,92115.0,,,90966.0,,,,0,0,0,0
2024,2,26.755000000000003,26.4,27.1,57.575,53.0,61.0,1012.2375,1012.0,1012.5,False,39.70125,38.2,41.9,24.6125,4.80625,6.8,STR,40660.46666666667,32717.0,32455.722222222223,28789.0,36396.055555555555,28900.0,90580.0,946564.0,2.0,1.0,,,3.0,,,,3.0,,,6.888888888888889,,,,291.6666666666667,,,274.0,,,,300.0,,,299.0,,,,99375.33333333333,,,106244.22222222222,,,,93938.0,,,90580.0,,,,0,0,0,0
2024,2,26.755000000000003,26.4,27.1,57.575,53.0,61.0,1012.2375,1012.0,1012.5,False,39.70125,38.2,41.9,24.6125,4.80625,6.8,TSU,45549.782608695656,33250.0,38407.48,28862.0,34574.68,28924.0,91036.0,850630.0,1.0,1.0,,2.0,,,,,6.5,,7.333333333333333,,,,,297.1,,271.0,,,,,300.0,,298.0,,,,,114571.8,,113314.11111111111,,,,,91526.0,,91036.0,,,,,0,0,0,0
2024,2,26.755000000000003,26.4,27.1,57.575,53.0,61.0,1012.2375,1012.0,1012.5,False,39.70125,38.2,41.9,24.6125,4.80625,6.8,VER,43287.09523809524,32615.000000000004,35003.833333333336,28428.0,33797.333333333336,28616.0,89659.0,536352.0,2.0,3.0,,,2.0,,,,9.642857142857142,,,3.6666666666666665,,,,274.7142857142857,,,300.0,,,,300.0,,,301.0,,,,108538.42857142857,,,100975.0,,,,90913.0,,,89659.0,,,,0,0,0,0
2024,2,26.755000000000003,26.4,27.1,57.575,53.0,61.0,1012.2375,1012.0,1012.5,False,39.70125,38.2,41.9,24.6125,4.80625,6.8,ZHO,43870.09523809524,33291.0,35770.958333333336,28651.0,35323.041666666664,29189.0,91131.0,390727.3333333333,3.0,1.0,,,4.0,,,,5.142857142857143,,,7.75,,,,292.2857142857143,,,259.0,,,,297.0,,,293.0,,,,105376.28571428571,,,105868.625,,,,92079.0,,,91131.0,,,,0,0,0,0
2024,3,18.469135802469136,18.0,19.0,61.01234567901235,55.0,64.0,1023.5641975308641,1023.2,1023.9,False,33.70987654320987,29.9,36.8,142.54320987654322,1.2629629629629628,2.7,ALB,33720.27272727273,27320.0,21973.4,18099.0,40616.0,33849.0,79443.0,493827.0,1.0,,,1.0,2.0,,,,,,4.5,1.0,,,,,,298.125,301.0,,,,,,299.0,301.0,,,,,,96561.875,102031.0,,,,,,79443.0,102031.0,,,,1,0,0,2
2024,3,18.469135802469136,18.0,19.0,61.01234567901235,55.0,64.0,1023.5641975308641,1023.2,1023.9,False,33.70987654320987,29.9,36.8,142.54320987654322,1.2629629629629628,2.7,ALO,32450.0,27670.0,19458.0625,17868.0,43704.38461538462,34123.0,79716.0,729396.0,3.0,,,3.0,4.0,,,,,,6.333333333333333,3.0,,,,,,294.0,303.2,,,,,,302.0,306.0,,,,,,95572.66666666667,91102.8,,,,,,81178.0,79716.0,,,,1,0,0,2
2024,3,18.469135802469136,18.0,19.0,61.01234567901235,55.0,64.0,1023.5641975308641,1023.2,1023.9,False,33.70987654320987,29.9,36.8,142.54320987654322,1.2629629629629628,2.7,BOT,35904.4,27315.0,20475.52380952381,18123.0,43285.705882352944,34105.0,80014.0,456211.25,4.0,,,5.0,4.0,,,,,,10.466666666666667,1.0,,,,,,274.46666666666664,297.0,,,,,,300.0,297.0,,,,,,97655.86666666667,97644.0,,,,,,80014.0,97644.0,,,,1,0,0,2
2024,3,18.469135802469136,18.0,19.0,61.01234567901235,55.0,64.0,1023.5641975308641,1023.2,1023.9,False,33.70987654320987,29.9,36.8,142.54320987654322,1.2629629629629628,2.7,GAS,35467.6,27659.0,21242.72,17852.0,40394.545454545456,34098.0,79622.0,731511.0,2.0,,,2.0,3.0,,,,,,8.666666666666666,4.0,,,,,,298.73333333333335,280.42857142857144,,,,,,302.0,303.0,,,,,,92207.93333333333,108155.0,,,,,,80191.0,79622.0,,,,1,0,0,2
2024,3,18.469135802469136,18.0,19.0,61.01234567901235,55.0,64.0,1023.5641975308641,1023.2,1023.9,False,33.70987654320987,29.9,36.8,142.54320987654322,1.2629629629629628,2.7,HAM,36370.9,27340.0,22093.55,17913.0,42791.0625,33430.0,78771.0,620467.5,2.0,,,2.0,4.0,,,,,,5.888888888888889,5.0,,,,,,292.6666666666667,275.85714285714283,,,,,,300.0,301.0,,,,,,89149.55555555556,117102.14285714286,,,,,,79735.0,78771.0,,,,1,0,0,2
2024,3,18.469135802469136,18.0,19.0,61.01234567901235,55.0,64.0,1023.5641975308641,1023.2,1023.9,False,33.70987654320987,29.9,36.8,142.54320987654322,1.2629629629629628,2.7,HUL,36202.76190476191,27455.0,20652.714285714286,18000.0,42361.944444444445,33936.0,79604.0,504214.0,3.0,,,4.0,3.0,,,,,,7.5,3.0,,,,,,272.1666666666667,297.0,,,,,,302.0,299.0,,,,,,94087.66666666667,96392.75,,,,,,80510.0,79604.0,,,,1,0,0,2
2024,3,18.469135802469136,18.0,19.0,61.01234567901235,55.0,64.0,1023.5641975308641,1023.2,1023.9,False,33.70987654320987,29.9,36.8,142.54320987654322,1.2629629629629628,2.7,LEC,36117.76190476191,27163.0,21949.095238095237,17863.0,44958.0,33384.0,78599.0,523648.3333333333,3.0,,,,4.0,,,,,,,6.0588235294117645,,,,,,,285.05882352941177,,,,,,,299.0,,,,,,,98093.23529411765,,,,,,,78599.0,,,,1,0,0,2
2024,3,18.469135802469136,18.0,19.0,61.01234567901235,55.0,64.0,1023.5641975308641,1023.2,1023.9,False,33.70987654320987,29.9,36.8,142.54320987654322,1.2629629629629628,2.7,MAG,37062.04761904762,27278.0,20988.47619047619,17975.0,42650.61111111111,34026.0,79489.0,716556.5,2.0,,,3.0,2.0,,,,,,7.538461538461538,3.0,,,,,,279.3076923076923,272.2,,,,,,303.0,298.0,,,,,,98878.76923076923,104961.6,,,,,,80025.0,79489.0,,,,1,0,0,2
2024,3,18.469135802469136,18.0,19.0,61.01234567901235,55.0,64.0,1023.5641975308641,1023.2,1023.9,False,33.70987654320987,29.9,36.8,142.54320987654322,1.2629629629629628,2.7,NOR,35637.045454545456,27116.0,20047.954545454544,17930.0,42896.94736842105,33518.0,78564.0,411664.5,4.0,,,2.0,5.0,,,,,,4.75,7.1,,,,,,298.625,276.6,,,,,,303.0,300.0,,,,,,98662.0,96057.7,,,,,,79660.0,78564.0,,,,1,0,0,2
2024,3,18.469135802469136,18.0,19.0,61.01234567901235,55.0,64.0,1023.5641975308641,1023.2,1023.9,False,33.70987654320987,29.9,36.8,142.54320987654322,1.2629629629629628,2.7,OCO,38999.88,27667.0,20833.44,17982.0,42595.954545454544,33912.0,79561.0,346319.5,4.0,,,2.0,5.0,,,,,,7.0,6.666666666666667,,,,,,296.45454545454544,268.22222222222223,,,,,,299.0,299.0,,,,,,93852.90909090909,103908.88888888889,,,,,,79561.0,80135.0,,,,1,0,0,2
2024,3,18.469135802469136,18.0,19.0,61.01234567901235,55.0,64.0,1023.5641975308641,1023.2,1023.9,False,33.70987654320987,29.9,36.8,142.54320987654322,1.2629629629629628,2.7,PER,37222.391304347824,27259.0,22653.82608695652,17800.0,45585.95,33393.0,78642.0,471955.3333333333,3.0,,,,4.0,,,,,,,6.526315789473684,,,,,,,280.7368421052632,,,,,,,303.0,,,,,,,104184.1052631579,,,,,,,78642.0,,,,1,0,0,2
2024,3,18.469135802469136,18.0,19.0,61.01234567901235,55.0,64.0,1023.5641975308641,1023.2,1023.9,False,33.70987654320987,29.9,36.8,142.54320987654322,1.2629629629629628,2.7,PIA,34445.458333333336,27246.0,20499.666666666668,17751.0,42055.90909090909,33808.0,78918.0,467435.3333333333,3.0,,,4.0,3.0,,,,,,9.066666666666666,3.5,,,,,,275.4,300.5,,,,,,307.0,302.0,,,,,,96614.6,96070.33333333333,,,,,,79378.0,78918.0,,,,1,0,0,2
2024,3,18.469135802469136,18.0,19.0,61.01234567901235,55.0,64.0,1023.5641975308641,1023.2,1023.9,False,33.70987654320987,29.9,36.8,142.54320987654322,1.2629629629629628,2.7,RIC,37329.68,27326.0,24015.76,17885.0,43903.454545454544,33961.0,79274.0,389340.6666666667,3.0,,,1.0,4.0,,,,,,6.0,7.1,,,,,,297.09090909090907,270.4,,,,,,300.0,301.0,,,,,,101238.90909090909,107077.5,,,,,,79274.0,79325.0,,,,1,0,0,2
2024,3,18.469135802469136,18.0,19.0,61.01234567901235,55.0,64.0,1023.5641975308641,1023.2,1023.9,False,33.70987654320987,29.9,36.8,142.54320987654322,1.2629629629629628,2.7,RUS,34771.142857142855,27167.0,21023.85714285714,17773.0,43630.294117647056,33571.0,78597.0,600175.0,3.0,,,2.0,4.0,,,,,,5.444444444444445,4.714285714285714,,,,,,294.6666666666667,292.14285714285717,,,,,,300.0,305.0,,,,,,87199.33333333333,103418.28571428571,,,,,,79955.0,78597.0,,,,1,0,0,2
2024,3,18.469135802469136,18.0,19.0,61.01234567901235,55.0,64.0,1023.5641975308641,1023.2,1023.9,False,33.70987654320987,29.9,36.8,142.54320987654322,1.2629629629629628,2.7,SAI,41240.619047619046,27308.0,23034.4,17946.0,46824.58823529412,33320.0,78686.0,446357.6666666667,3.0,,,,4.0,,,,,,,6.9,,,,,,,284.1,,,,,,,302.0,,,,,,,102137.7,,,,,,,78686.0,,,,1,0,0,2
2024,3,18.469135802469136,18.0,19.0,61.01234567901235,55.0,64.0,1023.5641975308641,1023.2,1023.9,False,33.70987654320987,29.9,36.8,142.54320987654322,1.2629629629629628,2.7,SAR,34891.90476190476,27349.0,21666.285714285714,17940.0,41526.10526315789,34051.0,79519.0,561002.0,2.0,,,3.0,2.0,,,,,,7.928571428571429,2.5,,,,,,292.35714285714283,300.75,,,,,,301.0,302.0,,,,,,94203.92857142857,97317.0,,,,,,79991.0,79519.0,,,,1,0,0,2
2024,3,18.469135802469136,18.0,19.0,61.01234567901235,55.0,64.0,1023.5641975308641,1023.2,1023.9,False,33.70987654320987,29.9,36.8,142.54320987654322,1.2629629629629628,2.7,STR,33520.72,27203.0,21281.615384615383,17701.0,42111.5,33617.0,78667.0,409954.3333333333,3.0,,,4.0,3.0,,,,,,8.857142857142858,3.5,,,,,,296.0,301.8333333333333,,,,,,304.0,304.0,,,,,,91418.71428571429,101239.5,,,,,,79264.0,78667.0,,,,1,0,0,2
2024,3,18.469135802469136,18.0,19.0,61.01234567901235,55.0,64.0,1023.5641975308641,1023.2,1023.9,False,33.70987654320987,29.9,36.8,142.54320987654322,1.2629629629629628,2.7,TSU,36979.53846153846,27124.0,22721.0,17910.0,41267.913043478264,33587.0,78621.0,570262.0,2.0,,,3.0,2.0,,,,,,10.368421052631579,2.5,,,,,,271.42105263157896,267.5,,,,,,302.0,300.0,,,,,,99684.78947368421,106150.75,,,,,,79060.0,78621.0,,,,1,0,0,2
2024,3,18.469135802469136,18.0,19.0,61.01234567901235,55.0,64.0,1023.5641975308641,1023.2,1023.9,False,33.70987654320987,29.9,36.8,142.54320987654322,1.2629629629629628,2.7,VER,35522.15789473684,27166.0,20904.526315789473,17757.0,46312.5625,33551.0,78582.0,359222.6,5.0,,,,6.0,,,,,,,5.461538461538462,,,,,,,287.3076923076923,,,,,,,303.0,,,,,,,98317.15384615384,,,,,,,78582.0,,,,1,0,0,2
2024,3,18.469135802469136,18.0,19.0,61.01234567901235,55.0,64.0,1023.5641975308641,1023.2,1023.9,False,33.70987654320987,29.9,36.8,142.54320987654322,1.2629629629629628,2.7,ZHO,38091.52173913043,27549.0,20601.090909090908,18120.0,44605.15,34006.0,79989.0,308874.8000000001,5.0,,,6.0,4.0,,,,,,7.769230769230769,3.0,,,,,,274.0769230769231,297.0,,,,,,299.0,300.0,,,,,,97009.23076923077,96624.25,,,,,,80271.0,79989.0,,,,1,0,0,2
2024,4,16.56625,15.4,17.2,42.6875,35.0,53.0,1013.31125,1012.9,1013.6,False,24.29625,22.9,25.8,178.175,1.3625,3.0,ALB,51253.07142857143,32588.0,49873.23529411765,41251.0,23983.70588235294,18098.0,91943.0,218891.83333333334,6.0,,,7.0,6.0,,,,,,7.0,4.0,,,,,,208.5,261.5,,,,,,260.0,263.0,,,,,,125014.0,104055.25,,,,,,93841.0,91943.0,,,,1,0,0,1
2024,4,16.56625,15.4,17.2,42.6875,35.0,53.0,1013.31125,1012.9,1013.6,False,24.29625,22.9,25.8,178.175,1.3625,3.0,ALO,39888.76470588235,31695.0,46751.35,40847.0,23258.7,18057.0,90599.0,841236.5,2.0,,,1.0,3.0,,,,,,5.0,6.714285714285714,,,,,,261.14285714285717,224.0,,,,,,264.0,261.0,,,,,,110672.14285714286,100128.85714285714,,,,,,91781.0,90599.0,,,,1,0,0,1
2024,4,16.56625,15.4,17.2,42.6875,35.0,53.0,1013.31125,1012.9,1013.6,False,24.29625,22.9,25.8,178.175,1.3625,3.0,BOT,41764.53846153846,32517.000000000004,47694.76470588235,41420.0,21889.882352941175,18115.0,92054.0,486906.5,4.0,,,5.0,,,,,,,5.3,,,,,,,246.7,,,,,,,260.0,,,,,,,108258.0,,,,,,,92054.0,,,,,1,0,0,1
2024,4,16.56625,15.4,17.2,42.6875,35.0,53.0,1013.31125,1012.9,1013.6,False,24.29625,22.9,25.8,178.175,1.3625,3.0,GAS,50024.95238095238,32430.0,50960.52173913043,41525.0,23729.739130434784,18310.0,92277.0,232506.00000000006,5.0,,,2.0,6.0,,,,,,5.5,5.166666666666667,,,,,,257.8333333333333,243.16666666666666,,,,,,260.0,260.0,,,,,,107706.66666666667,110929.66666666667,,,,,,93126.0,92277.0,,,,1,0,0,1
2024,4,16.56625,15.4,17.2,42.6875,35.0,53.0,1013.31125,1012.9,1013.6,False,24.29625,22.9,25.8,178.175,1.3625,3.0,HAM,41455.84210526316,31819.0,47072.04761904762,40800.0,21418.136363636364,17924.0,90543.0,418619.3333333332,3.0,,,4.0,3.0,,,,,,5.8,7.25,,,,,,257.0,252.25,,,,,,261.0,261.0,,,,,,97660.2,95879.375,,,,,,92048.0,90543.0,,,,1,0,0,1
2024,4,16.56625,15.4,17.2,42.6875,35.0,53.0,1013.31125,1012.9,1013.6,False,24.29625,22.9,25.8,178.175,1.3625,3.0,HUL,41294.78571428572,32588.0,47451.166666666664,41326.0,22865.166666666668,18044.0,91958.0,497207.0,3.0,,,1.0,4.0,,,,,,3.75,8.166666666666666,,,,,,261.0,229.16666666666666,,,,,,263.0,262.0,,,,,,103903.75,102127.0,,,,,,93301.0,91958.0,,,,1,0,0,1
2024,4,16.56625,15.4,17.2,42.6875,35.0,53.0,1013.31125,1012.9,1013.6,False,24.29625,22.9,25.8,178.175,1.3625,3.0,IWA,39551.944444444445,32494.999999999996,49065.19047619047,41482.0,22757.714285714286,18126.0,92103.0,609949.5,2.0,,,2.0,3.0,,,,,,7.0,6.0,,,,,,255.71428571428572,244.66666666666666,,,,,,257.0,259.0,,,,,,107661.42857142857,108971.22222222222,,,,,,93808.0,92103.0,,,,1,0,0,1
2024,4,16.56625,15.4,17.2,42.6875,35.0,53.0,1013.31125,1012.9,1013.6,False,24.29625,22.9,25.8,178.175,1.3625,3.0,LEC,39380.46666666667,31863.0,47266.72222222222,40694.0,23158.666666666668,18001.0,90558.0,921152.5,2.0,3.0,,,2.0,,,,7.3,,,2.5,,,,235.6,,,260.0,,,,260.0,,,261.0,,,,103282.7,,,120015.5,,,,91913.0,,,90558.0,,,,1,0,0,1
2024,4,16.56625,15.4,17.2,42.6875,35.0,53.0,1013.31125,1012.9,1013.6,False,24.29625,22.9,25.8,178.175,1.3625,3.0,MAG,44474.27777777778,32938.0,49019.76190476191,41640.0,24231.6,18205.0,92803.0,483878.0,3.0,1.0,,,4.0,,,,4.5,,,8.0,,,,258.0,,,225.57142857142858,,,,260.0,,,260.0,,,,109023.5,,,105471.85714285714,,,,93713.0,,,92803.0,,,,1,0,0,1
2024,4,16.56625,15.4,17.2,42.6875,35.0,53.0,1013.31125,1012.9,1013.6,False,24.29625,22.9,25.8,178.175,1.3625,3.0,NOR,40204.42105263158,31799.0,47429.857142857145,41111.0,21771.47619047619,18206.0,91240.0,485661.6666666667,3.0,,,4.0,3.0,,,,,,9.461538461538462,4.0,,,,,,240.76923076923077,257.0,,,,,,262.0,257.0,,,,,,102349.23076923077,91240.0,,,,,,91781.0,91240.0,,,,1,0,0,1
2024,4,16.56625,15.4,17.2,42.6875,35.0,53.0,1013.31125,1012.9,1013.6,False,24.29625,22.9,25.8,178.175,1.3625,3.0,OCO,44922.470588235294,32344.0,52163.89473684211,41272.0,23931.78947368421,18319.0,91935.0,1532116.0,1.0,,,1.0,2.0,,,,,,5.0,5.5,,,,,,258.8333333333333,222.25,,,,,,259.0,259.0,,,,,,109698.5,122157.375,,,,,,93191.0,91935.0,,,,1,0,0,1
2024,4,16.56625,15.4,17.2,42.6875,35.0,53.0,1013.31125,1012.9,1013.6,False,24.29625,22.9,25.8,178.175,1.3625,3.0,PER,44434.4,31742.0,49541.5,40602.0,24773.38888888889,17893.0,90237.0,429240.5,4.0,5.0,,,4.0,,,,5.833333333333333,,,3.5,,,,229.16666666666666,,,260.5,,,,262.0,,,261.0,,,,108524.0,,,90482.5,,,,91813.0,,,90237.0,,,,1,0,0,1
2024,4,16.56625,15.4,17.2,42.6875,35.0,53.0,1013.31125,1012.9,1013.6,False,24.29625,22.9,25.8,178.175,1.3625,3.0,PIA,42501.15789473684,31910.0,46061.22727272727,41129.0,23531.227272727272,18126.0,91165.0,329629.0,4.0,,,5.0,4.0,,,,,,9.928571428571429,4.0,,,,,,240.07142857142858,261.0,,,,,,262.0,261.0,,,,,,105645.5,91165.0,,,,,,92857.0,91165.0,,,,1,0,0,1
2024,4,16.56625,15.4,17.2,42.6875,35.0,53.0,1013.31125,1012.9,1013.6,False,24.29625,22.9,25.8,178.175,1.3625,3.0,RUS,43500.2,31906.0,50747.666666666664,40666.0,23441.666666666668,17958.0,90530.0,862952.5,2.0,,,1.0,3.0,,,,,,4.25,5.6,,,,,,262.25,254.0,,,,,,263.0,262.0,,,,,,100132.25,95275.0,,,,,,91825.0,90530.0,,,,1,0,0,1
2024,4,16.56625,15.4,17.2,42.6875,35.0,53.0,1013.31125,1012.9,1013.6,False,24.29625,22.9,25.8,178.175,1.3625,3.0,SAI,39334.23529411765,31629.0,47099.5,40618.0,22163.6,18022.0,90269.0,799378.0,2.0,1.0,,,3.0,,,,5.0,,,6.714285714285714,,,,259.57142857142856,,,231.0,,,,262.0,,,261.0,,,,109645.42857142857,,,99101.57142857143,,,,91913.0,,,90269.0,,,,1,0,0,1
2024,4,16.56625,15.4,17.2,42.6875,35.0,53.0,1013.31125,1012.9,1013.6,False,24.29625,22.9,25.8,178.175,1.3625,3.0,SAR,40695.42857142857,33056.0,49612.555555555555,41692.0,23726.777777777777,18456.0,93204.0,481913.0,1.0,,,1.0,,,,,,,4.5,,,,,,,261.5,,,,,,,264.0,,,,,,,114361.83333333333,,,,,,,93204.0,,,,,1,0,0,1
2024,4,16.56625,15.4,17.2,42.6875,35.0,53.0,1013.31125,1012.9,1013.6,False,24.29625,22.9,25.8,178.175,1.3625,3.0,STR,37283.769230769234,32084.000000000004,48407.5,41356.0,24975.5,18237.0,92055.0,675937.3333333334,3.0,,,3.0,4.0,,,,,,7.2,3.5,,,,,,260.2,229.5,,,,,,261.0,263.0,,,,,,103716.8,106617.25,,,,,,92492.0,92055.0,,,,1,0,0,1
2024,4,16.56625,15.4,17.2,42.6875,35.0,53.0,1013.31125,1012.9,1013.6,False,24.29625,22.9,25.8,178.175,1.3625,3.0,TSU,45193.882352941175,32116.0,49127.05,41055.0,23420.0,18051.0,91230.0,484526.0,3.0,,,4.0,3.0,,,,,,6.555555555555555,3.6666666666666665,,,,,,226.44444444444446,258.6666666666667,,,,,,261.0,260.0,,,,,,115229.44444444444,104653.0,,,,,,92312.0,91230.0,,,,1,0,0,1
2024,4,16.56625,15.4,17.2,42.6875,35.0,53.0,1013.31125,1012.9,1013.6,False,24.29625,22.9,25.8,178.175,1.3625,3.0,VER,41106.28571428572,31603.0,48080.27777777778,40617.0,21200.61111111111,17836.0,90056.0,628979.0,3.0,4.0,,,3.0,,,,8.777777777777779,,,2.0,,,,231.77777777777777,,,259.0,,,,261.0,,,259.0,,,,104365.88888888889,,,90056.0,,,,91463.0,,,90056.0,,,,1,0,0,1
2024,4,16.56625,15.4,17.2,42.6875,35.0,53.0,1013.31125,1012.9,1013.6,False,24.29625,22.9,25.8,178.175,1.3625,3.0,ZHO,41746.153846153844,32658.0,49452.882352941175,41642.0,24087.117647058825,18337.0,92638.0,593329.6666666666,3.0,,,4.0,,,,,,,5.2,,,,,,,239.4,,,,,,,261.0,,,,,,,111127.9,,,,,,,92638.0,,,,,1,0,0,1
2024,5,23.14268292682927,22.3,23.8,22.865853658536587,21.0,25.0,1009.3329268292683,1008.5,1010.1,False,39.46829268292683,38.2,42.1,146.96341463414635,1.353658536585366,3.2,ALB,30669.0625,25367.0,35464.31578947369,29060.0,51247.944444444445,42802.0,97229.0,289656.6666666667,3.0,,,2.0,4.0,,,,,,7.333333333333333,3.0,,,,,,256.6666666666667,267.0,,,,,,260.0,267.0,,,,,,106966.66666666667,122682.0,,,,,,100216.0,97229.0,,,,1,0,0,1
2024,5,23.14268292682927,22.3,23.8,22.865853658536587,21.0,25.0,1009.3329268292683,1008.5,1010.1,False,39.46829268292683,38.2,42.1,146.96341463414635,1.353658536585366,3.2,ALO,29709.263157894737,25619.0,33097.27272727273,29403.0,52224.0,43636.0,98936.0,549554.0,2.0,3.0,,,,,,,12.266666666666667,,,,,,,247.13333333333333,,,,,,,266.0,,,,,,,109126.53333333334,,,,,,,98936.0,,,,,,,1,0,0,1
2024,5,23.14268292682927,22.3,23.8,22.865853658536587,21.0,25.0,1009.3329268292683,1008.5,1010.1,False,39.46829268292683,38.2,42.1,146.96341463414635,1.353658536585366,3.2,BOT,29659.04761904762,25382.0,34319.041666666664,29037.0,52120.217391304344,42910.0,97530.0,529575.0,2.0,,,2.0,3.0,,,,,,9.181818181818182,4.8,,,,,,253.72727272727272,230.8,,,,,,258.0,265.0,,,,,,106490.72727272728,113953.6,,,,,,100042.0,97530.0,,,,1,0,0,1
2024,5,23.14268292682927,22.3,23.8,22.865853658536587,21.0,25.0,1009.3329268292683,1008.5,1010.1,False,39.46829268292683,38.2,42.1,146.96341463414635,1.353658536585366,3.2,GAS,28847.41176470588,25978.0,34448.6,29485.0,50504.85,43813.0,99276.0,633032.5,2.0,,,,3.0,,,,,,,11.846153846153847,,,,,,,251.30769230769232,,,,,,,260.0,,,,,,,105761.07692307692,,,,,,,99276.0,,,,1,0,0,1
2024,5,23.14268292682927,22.3,23.8,22.865853658536587,21.0,25.0,1009.3329268292683,1008.5,1010.1,False,39.46829268292683,38.2,42.1,146.96341463414635,1.353658536585366,3.2,HAM,33716.25,25766.0,36979.52173913043,29290.0,54233.217391304344,43711.0,98839.0,159821.0,5.0,6.0,,,,,,,13.923076923076923,,,,,,,243.69230769230768,,,,,,,263.0,,,,,,,109216.76923076923,,,,,,,98839.0,,,,,,,1,0,0,1
2024,5,23.14268292682927,22.3,23.8,22.865853658536587,21.0,25.0,1009.3329268292683,1008.5,1010.1,False,39.46829268292683,38.2,42.1,146.96341463414635,1.353658536585366,3.2,HUL,29777.947368421053,25295.0,33744.63636363636,28897.0,50527.09090909091,42887.0,97101.0,603251.0,2.0,,,2.0,3.0,,,,,,9.333333333333334,3.5,,,,,,254.91666666666666,213.0,,,,,,264.0,266.0,,,,,,106739.58333333333,118607.0,,,,,,98880.0,97101.0,,,,1,0,0,1
2024,5,23.14268292682927,22.3,23.8,22.865853658536587,21.0,25.0,1009.3329268292683,1008.5,1010.1,False,39.46829268292683,38.2,42.1,146.96341463414635,1.353658536585366,3.2,LEC,29995.823529411766,25768.0,34868.68421052631,29132.0,52481.15789473684,43079.0,98090.0,453672.5,2.0,,,,3.0,,,,,,,11.615384615384615,,,,,,,247.53846153846155,,,,,,,265.0,,,,,,,112450.0,,,,,,,98090.0,,,,1,0,0,1
2024,5,23.14268292682927,22.3,23.8,22.865853658536587,21.0,25.0,1009.3329268292683,1008.5,1010.1,False,39.46829268292683,38.2,42.1,146.96341463414635,1.353658536585366,3.2,MAG,31033.55,25383.0,35644.0,28931.0,49500.318181818184,42804.0,97118.0,608195.0,2.0,,,2.0,3.0,,,,,,9.0,4.25,,,,,,252.9090909090909,234.5,,,,,,262.0,266.0,,,,,,107460.81818181818,109845.0,,,,,,100018.0,97118.0,,,,1,0,0,1
2024,5,23.14268292682927,22.3,23.8,22.865853658536587,21.0,25.0,1009.3329268292683,1008.5,1010.1,False,39.46829268292683,38.2,42.1,146.96341463414635,1.353658536585366,3.2,NOR,29798.352941176472,24759.0,33598.0,28779.0,52646.35,43437.0,98630.0,434594.0,3.0,4.0,,,,,,,9.583333333333334,,,,,,,243.33333333333334,,,,,,,264.0,,,,,,,108179.33333333333,,,,,,,98630.0,,,,,,,1,0,0,1
2024,5,23.14268292682927,22.3,23.8,22.865853658536587,21.0,25.0,1009.3329268292683,1008.5,1010.1,False,39.46829268292683,38.2,42.1,146.96341463414635,1.353658536585366,3.2,OCO,32100.9,25270.0,36369.086956521736,28745.0,53986.818181818184,42824.0,97213.0,540674.5,2.0,,,,3.0,,,,,,,8.071428571428571,,,,,,,240.57142857142858,,,,,,,265.0,,,,,,,114858.42857142857,,,,,,,97213.0,,,,1,0,0,1
2024,5,23.14268292682927,22.3,23.8,22.865853658536587,21.0,25.0,1009.3329268292683,1008.5,1010.1,False,39.46829268292683,38.2,42.1,146.96341463414635,1.353658536585366,3.2,PER,32224.7,25286.0,33881.47826086957,28699.0,50851.913043478264,42536.0,96690.0,329803.666666667,3.0,,,2.0,4.0,,,,,,9.6,5.0,,,,,,254.9,213.75,,,,,,261.0,266.0,,,,,,101987.4,112128.0,,,,,,98566.0,96690.0,,,,1,0,0,1
2024,5,23.14268292682927,22.3,23.8,22.865853658536587,21.0,25.0,1009.3329268292683,1008.5,1010.1,False,39.46829268292683,38.2,42.1,146.96341463414635,1.353658536585366,3.2,PIA,30586.15,24970.0,34402.958333333336,29018.0,52688.434782608696,42641.0,96629.0,223082.25,4.0,5.0,,,4.0,,,,9.733333333333333,,,2.0,,,,244.8,,,267.0,,,,262.0,,,267.0,,,,115598.0,,,96629.0,,,,99256.0,,,96629.0,,,,1,0,0,1
2024,5,23.14268292682927,22.3,23.8,22.865853658536587,21.0,25.0,1009.3329268292683,1008.5,1010.1,False,39.46829268292683,38.2,42.1,146.96341463414635,1.353658536585366,3.2,RIC,31009.68181818182,25328.0,34918.791666666664,29068.0,50823.583333333336,42758.0,97238.0,373564.5,2.0,2.0,,,3.0,,,,9.25,,,4.8,,,,255.08333333333334,,,216.0,,,,259.0,,,264.0,,,,109497.0,,,113819.0,,,,100049.0,,,97238.0,,,,1,0,0,1
2024,5,23.14268292682927,22.3,23.8,22.865853658536587,21.0,25.0,1009.3329268292683,1008.5,1010.1,False,39.46829268292683,38.2,42.1,146.96341463414635,1.353658536585366,3.2,RUS,31045.722222222223,25885.0,34891.333333333336,29491.0,50353.333333333336,43430.0,98806.0,676863.5,2.0,3.0,,,,,,,11.076923076923077,,,,,,,256.6923076923077,,,,,,,264.0,,,,,,,106699.0,,,,,,,98806.0,,,,,,,1,0,0,1
2024,5,23.14268292682927,22.3,23.8,22.865853658536587,21.0,25.0,1009.3329268292683,1008.5,1010.1,False,39.46829268292683,38.2,42.1,146.96341463414635,1.353658536585366,3.2,SAI,31647.1875,25780.0,35387.666666666664,29188.0,57513.055555555555,43133.0,98284.0,509667.4999999999,2.0,,,,3.0,,,,,,,11.9,,,,,,,237.9,,,,,,,262.0,,,,,,,110941.7,,,,,,,98284.0,,,,1,0,0,1
2024,5,23.14268292682927,22.3,23.8,22.865853658536587,21.0,25.0,1009.3329268292683,1008.5,1010.1,False,39.46829268292683,38.2,42.1,146.96341463414635,1.353658536585366,3.2,SAR,30920.0,25715.0,34088.52173913043,29361.0,52065.818181818184,43097.0,98286.0,248864.75,4.0,,,2.0,5.0,,,,,,7.333333333333333,4.4,,,,,,255.22222222222223,209.0,,,,,,261.0,266.0,,,,,,106480.44444444444,123755.8,,,,,,100862.0,98286.0,,,,1,0,0,1
2024,5,23.14268292682927,22.3,23.8,22.865853658536587,21.0,25.0,1009.3329268292683,1008.5,1010.1,False,39.46829268292683,38.2,42.1,146.96341463414635,1.353658536585366,3.2,STR,29086.166666666668,25091.0,34033.857142857145,28534.0,51406.0,42677.0,96302.0,748141.0,2.0,2.0,,,3.0,,,,8.666666666666666,,,3.0,,,,260.8333333333333,,,194.0,,,,266.0,,,265.0,,,,108647.41666666667,,,124168.66666666667,,,,99182.0,,,96302.0,,,,1,0,0,1
2024,5,23.14268292682927,22.3,23.8,22.865853658536587,21.0,25.0,1009.3329268292683,1008.5,1010.1,False,39.46829268292683,38.2,42.1,146.96341463414635,1.353658536585366,3.2,TSU,32021.75,25453.0,36059.74074074074,29290.0,51116.692307692305,43263.0,98006.0,284466.0,2.0,2.0,,,3.0,,,,10.428571428571429,,,4.8,,,,255.42857142857142,,,223.8,,,,260.0,,,263.0,,,,111706.57142857143,,,115654.4,,,,100696.0,,,98006.0,,,,1,0,0,1
2024,5,23.14268292682927,22.3,23.8,22.865853658536587,21.0,25.0,1009.3329268292683,1008.5,1010.1,False,39.46829268292683,38.2,42.1,146.96341463414635,1.353658536585366,3.2,VER,32255.81818181818,25180.0,34127.75,28652.0,51008.416666666664,42576.0,96660.0,296524.9999999998,3.0,,,2.0,4.0,,,,,,9.583333333333334,5.0,,,,,,254.83333333333334,210.25,,,,,,259.0,267.0,,,,,,104875.08333333333,112781.25,,,,,,98498.0,96660.0,,,,1,0,0,1
2024,5,23.14268292682927,22.3,23.8,22.865853658536587,21.0,25.0,1009.3329268292683,1008.5,1010.1,False,39.46829268292683,38.2,42.1,146.96341463414635,1.353658536585366,3.2,ZHO,30445.52380952381,25430.0,34622.875,28826.0,51689.782608695656,43206.0,97626.0,566748.5,2.0,,,2.0,3.0,,,,,,8.090909090909092,5.0,,,,,,254.72727272727272,228.0,,,,,,260.0,266.0,,,,,,110471.81818181818,116420.85714285714,,,,,,99547.0,97626.0,,,,1,0,0,1
2024,6,28.78051948051948,28.3,29.3,56.27272727272727,53.0,59.0,1015.3103896103895,1015.0,1015.6,False,49.958441558441564,43.4,54.9,160.14285714285714,3.009090909090909,4.7,ALB,39077.318181818184,30258.0,39866.708333333336,33969.0,30068.916666666668,24992.0,89393.0,123929.99999999984,3.0,4.0,,,3.0,,,,8.416666666666666,,,4.5,,,,257.9166666666667,,,271.0,,,,284.0,,,285.0,,,,103715.41666666667,,,113285.5,,,,91124.0,,,89393.0,,,,1,0,0,2
2024,6,28.78051948051948,28.3,29.3,56.27272727272727,53.0,59.0,1015.3103896103895,1015.0,1015.6,False,49.958441558441564,43.4,54.9,160.14285714285714,3.009090909090909,4.7,ALO,38155.89473684211,30301.0,41018.681818181816,34369.0,31808.904761904763,25353.0,90023.0,465057.0,3.0,4.0,,,,,,,10.875,,,,,,,265.4375,,,,,,,285.0,,,,,,,105419.9375,,,,,,,90023.0,,,,,,,1,0,0,2
2024,6,28.78051948051948,28.3,29.3,56.27272727272727,53.0,59.0,1015.3103896103895,1015.0,1015.6,False,49.958441558441564,43.4,54.9,160.14285714285714,3.009090909090909,4.7,BOT,37792.666666666664,29870.0,41763.40909090909,34209.0,32418.31818181818,25323.0,89636.0,424194.6666666667,3.0,3.0,,,4.0,,,,7.0,,,5.428571428571429,,,,274.42857142857144,,,216.14285714285714,,,,275.0,,,279.0,,,,103768.71428571429,,,114105.71428571429,,,,90887.0,,,89636.0,,,,1,0,0,2
2024,6,28.78051948051948,28.3,29.3,56.27272727272727,53.0,59.0,1015.3103896103895,1015.0,1015.6,False,49.958441558441564,43.4,54.9,160.14285714285714,3.009090909090909,4.7,GAS,38007.217391304344,29748.0,40744.92307692308,34133.0,31157.653846153848,25294.0,89175.0,417020.5,2.0,2.0,,,3.0,,,,10.071428571428571,,,5.0,,,,278.42857142857144,,,223.57142857142858,,,,284.0,,,282.0,,,,106753.92857142857,,,111542.57142857143,,,,90604.0,,,89175.0,,,,1,0,0,2
2024,6,28.78051948051948,28.3,29.3,56.27272727272727,53.0,59.0,1015.3103896103895,1015.0,1015.6,False,49.958441558441564,43.4,54.9,160.14285714285714,3.009090909090909,4.7,HAM,39241.15789473684,29575.0,43008.391304347824,34210.0,31185.0,25227.0,89012.0,234430.59999999995,5.0,,,6.0,5.0,,,,,,12.4,2.0,,,,,,253.8,280.0,,,,,,280.0,280.0,,,,,,95160.0,89012.0,,,,,,89759.0,89012.0,,,,1,0,0,2
2024,6,28.78051948051948,28.3,29.3,56.27272727272727,53.0,59.0,1015.3103896103895,1015.0,1015.6,False,49.958441558441564,43.4,54.9,160.14285714285714,3.009090909090909,4.7,HUL,35838.42857142857,30222.0,39014.375,33802.0,30237.708333333332,24939.0,89314.0,388437.0,3.0,3.0,,,4.0,,,,10.5,,,4.0,,,,274.4166666666667,,,220.0,,,,280.0,,,284.0,,,,100512.25,,,113370.4,,,,90982.0,,,89314.0,,,,1,0,0,2
2024,6,28.78051948051948,28.3,29.3,56.27272727272727,53.0,59.0,1015.3103896103895,1015.0,1015.6,False,49.958441558441564,43.4,54.9,160.14285714285714,3.009090909090909,4.7,LEC,30631.5,30459.0,37745.0,35199.0,33067.0,26096.0,92099.0,,,1.0,,,,,,,2.0,,,,,,,270.0,,,,,,,270.0,,,,,,,92099.0,,,,,,,92099.0,,,,,,,1,0,0,2
2024,6,28.78051948051948,28.3,29.3,56.27272727272727,53.0,59.0,1015.3103896103895,1015.0,1015.6,False,49.958441558441564,43.4,54.9,160.14285714285714,3.009090909090909,4.7,MAG,35651.34782608696,29993.0,38850.88461538462,34033.0,29629.04,25134.0,89189.0,582640.0,2.0,2.0,,,3.0,,,,10.6,,,4.333333333333333,,,,273.93333333333334,,,201.0,,,,280.0,,,285.0,,,,95798.0,,,99526.0,,,,91379.0,,,89189.0,,,,1,0,0,2
2024,6,28.78051948051948,28.3,29.3,56.27272727272727,53.0,59.0,1015.3103896103895,1015.0,1015.6,False,49.958441558441564,43.4,54.9,160.14285714285714,3.009090909090909,4.7,NOR,36380.05882352941,29729.0,39869.23809523809,33706.0,31262.238095238095,25302.0,89495.0,430346.5,4.0,5.0,,,,,,,10.692307692307692,,,,,,,258.0,,,,,,,282.0,,,,,,,102373.69230769231,,,,,,,89495.0,,,,,,,1,0,0,2
2024,6,28.78051948051948,28.3,29.3,56.27272727272727,53.0,59.0,1015.3103896103895,1015.0,1015.6,False,49.958441558441564,43.4,54.9,160.14285714285714,3.009090909090909,4.7,OCO,37181.42105263158,29791.0,41895.818181818184,34127.0,31077.454545454544,25222.0,89163.0,656149.5,2.0,2.0,,,3.0,,,,9.0,,,4.0,,,,273.0,,,216.6,,,,282.0,,,284.0,,,,106052.25,,,116516.2,,,,90379.0,,,89163.0,,,,1,0,0,2
2024,6,28.78051948051948,28.3,29.3,56.27272727272727,53.0,59.0,1015.3103896103895,1015.0,1015.6,False,49.958441558441564,43.4,54.9,160.14285714285714,3.009090909090909,4.7,PER,37559.15789473684,29929.0,39578.954545454544,33900.0,30757.136363636364,25039.0,88868.0,339051.7499999999,4.0,,,5.0,4.0,,,,,,12.083333333333334,2.0,,,,,,253.75,282.0,,,,,,282.0,282.0,,,,,,99619.58333333333,88868.0,,,,,,89632.0,88868.0,,,,1,0,0,2
2024,6,28.78051948051948,28.3,29.3,56.27272727272727,53.0,59.0,1015.3103896103895,1015.0,1015.6,False,49.958441558441564,43.4,54.9,160.14285714285714,3.009090909090909,4.7,PIA,36519.21052631579,29746.0,39774.04347826087,33858.0,32084.82608695652,25096.0,88700.0,340380.75,4.0,4.0,,,5.0,,,,10.75,,,3.0,,,,277.0833333333333,,,175.0,,,,280.0,,,282.0,,,,103517.41666666667,,,114709.0,,,,89692.0,,,88700.0,,,,1,0,0,2
2024,6,28.78051948051948,28.3,29.3,56.27272727272727,53.0,59.0,1015.3103896103895,1015.0,1015.6,False,49.958441558441564,43.4,54.9,160.14285714285714,3.009090909090909,4.7,RIC,38024.833333333336,29907.0,41552.62962962963,34008.0,31186.653846153848,25263.0,89178.0,288083.3333333333,3.0,2.0,,4.0,,,,,10.214285714285714,,4.5,,,,,275.7142857142857,,225.83333333333334,,,,,278.0,,281.0,,,,,105222.57142857143,,110602.83333333333,,,,,90736.0,,89178.0,,,,,1,0,0,2
2024,6,28.78051948051948,28.3,29.3,56.27272727272727,53.0,59.0,1015.3103896103895,1015.0,1015.6,False,49.958441558441564,43.4,54.9,160.14285714285714,3.009090909090909,4.7,RUS,38948.09090909091,29473.0,40437.32,33965.0,30659.08,25277.0,88784.0,245814.75,4.0,,,3.0,5.0,,,,,,11.0,4.8,,,,,,274.1818181818182,215.6,,,,,,279.0,284.0,,,,,,97853.90909090909,117712.8,,,,,,89768.0,88784.0,,,,1,0,0,2
2024,6,28.78051948051948,28.3,29.3,56.27272727272727,53.0,59.0,1015.3103896103895,1015.0,1015.6,False,49.958441558441564,43.4,54.9,160.14285714285714,3.009090909090909,4.7,SAI,40532.0,29612.0,42109.208333333336,33904.0,30073.217391304348,25195.0,88711.0,403623.0,3.0,2.0,,,4.0,,,,9.166666666666666,,,5.0,,,,276.5,,,195.75,,,,282.0,,,283.0,,,,104134.25,,,108643.5,,,,89331.0,,,88711.0,,,,1,0,0,2
2024,6,28.78051948051948,28.3,29.3,56.27272727272727,53.0,59.0,1015.3103896103895,1015.0,1015.6,False,49.958441558441564,43.4,54.9,160.14285714285714,3.009090909090909,4.7,SAR,40652.85,30525.0,40075.13043478261,34179.0,30182.545454545456,25145.0,89891.0,252530.25000000012,4.0,3.0,,5.0,,,,,8.777777777777779,,4.4,,,,,277.44444444444446,,220.2,,,,,280.0,,285.0,,,,,96175.44444444444,,112272.6,,,,,91502.0,,89891.0,,,,,1,0,0,2
2024,6,28.78051948051948,28.3,29.3,56.27272727272727,53.0,59.0,1015.3103896103895,1015.0,1015.6,False,49.958441558441564,43.4,54.9,160.14285714285714,3.009090909090909,4.7,STR,38691.22727272727,29814.0,39631.88,33916.0,32381.666666666668,25087.0,88817.0,389829.0,3.0,3.0,,,4.0,,,,8.0,,,4.5,,,,275.9230769230769,,,227.16666666666666,,,,281.0,,,281.0,,,,101428.23076923077,,,114058.5,,,,90682.0,,,88817.0,,,,1,0,0,2
2024,6,28.78051948051948,28.3,29.3,56.27272727272727,53.0,59.0,1015.3103896103895,1015.0,1015.6,False,49.958441558441564,43.4,54.9,160.14285714285714,3.009090909090909,4.7,TSU,39916.47619047619,29861.0,41186.44,33803.0,31506.333333333332,25243.0,89056.0,226894.0,5.0,3.0,,6.0,,,,,8.222222222222221,,4.8,,,,,276.22222222222223,,233.2,,,,,280.0,,281.0,,,,,106983.0,,112164.2,,,,,90492.0,,89056.0,,,,,1,0,0,2
2024,6,28.78051948051948,28.3,29.3,56.27272727272727,53.0,59.0,1015.3103896103895,1015.0,1015.6,False,49.958441558441564,43.4,54.9,160.14285714285714,3.009090909090909,4.7,VER,35901.318181818184,29606.0,41250.041666666664,33604.0,31326.041666666668,25385.0,88595.0,367923.3333333333,3.0,,,2.0,4.0,,,,,,10.25,5.0,,,,,,272.1666666666667,204.25,,,,,,278.0,282.0,,,,,,93269.33333333333,117512.0,,,,,,91071.0,88595.0,,,,1,0,0,2
2024,6,28.78051948051948,28.3,29.3,56.27272727272727,53.0,59.0,1015.3103896103895,1015.0,1015.6,False,49.958441558441564,43.4,54.9,160.14285714285714,3.009090909090909,4.7,ZHO,39922.3,30045.0,43247.65217391304,34181.0,34903.0,25219.0,89445.0,546026.0,2.0,,,2.0,3.0,,,,,,7.333333333333333,6.375,,,,,,263.77777777777777,244.0,,,,,,282.0,282.0,,,,,,114881.0,116699.125,,,,,,90267.0,89445.0,,,,1,0,0,2
2024,7,23.972151898734175,23.3,24.6,32.53164556962025,30.0,35.0,1006.8518987341772,1006.6,1007.1,False,43.45443037974684,42.6,44.5,301.0506329113924,3.951898734177215,5.3,ALB,29358.166666666668,25058.0,35365.42857142857,27813.0,32230.285714285714,26857.0,80050.0,355344.0,1.0,2.0,,,,,,,5.5,,,,,,,273.0,,,,,,,275.0,,,,,,,99043.0,,,,,,,80050.0,,,,,,,1,0,0,1
2024,7,23.972151898734175,23.3,24.6,32.53164556962025,30.0,35.0,1006.8518987341772,1006.6,1007.1,False,43.45443037974684,42.6,44.5,301.0506329113924,3.951898734177215,5.3,ALO,30236.615384615383,24474.0,30726.941176470587,26757.0,31914.70588235294,26387.0,77867.0,487559.75,4.0,,,,4.0,,,,,,,3.0,,,,,,,227.66666666666666,,,,,,,274.0,,,,,,,89757.0,,,,,,,77867.0,,,,1,0,0,1
2024,7,23.972151898734175,23.3,24.6,32.53164556962025,30.0,35.0,1006.8518987341772,1006.6,1007.1,False,43.45443037974684,42.6,44.5,301.0506329113924,3.951898734177215,5.3,BEA,30417.678571428572,24832.0,32649.09677419355,27180.0,31732.516129032258,26471.0,78667.0,471554.5,2.0,,,3.0,2.0,,,,,,13.238095238095237,3.5,,,,,,263.5238095238095,252.75,,,,,,275.0,275.0,,,,,,90216.19047619047,102718.25,,,,,,79541.0,78667.0,,,,1,0,0,1
2024,7,23.972151898734175,23.3,24.6,32.53164556962025,30.0,35.0,1006.8518987341772,1006.6,1007.1,False,43.45443037974684,42.6,44.5,301.0506329113924,3.951898734177215,5.3,BOT,29705.58823529412,24872.0,31983.81818181818,27361.0,33039.59090909091,26556.0,78827.0,396008.0,4.0,,,5.0,3.0,,,,,,9.11111111111111,4.0,,,,,,248.44444444444446,254.2,,,,,,269.0,272.0,,,,,,90834.33333333333,93528.2,,,,,,80912.0,78827.0,,,,1,0,0,1
2024,7,23.972151898734175,23.3,24.6,32.53164556962025,30.0,35.0,1006.8518987341772,1006.6,1007.1,False,43.45443037974684,42.6,44.5,301.0506329113924,3.951898734177215,5.3,GAS,34376.35294117647,24704.0,35180.25,26922.0,32978.35,26167.0,77905.0,544784.6666666666,3.0,,,,4.0,,,,,,,5.5,,,,,,,232.125,,,,,,,273.0,,,,,,,103485.75,,,,,,,77905.0,,,,1,0,0,1
2024,7,23.972151898734175,23.3,24.6,32.53164556962025,30.0,35.0,1006.8518987341772,1006.6,1007.1,False,43.45443037974684,42.6,44.5,301.0506329113924,3.951898734177215,5.3,HAM,35963.739130434784,24468.0,36987.692307692305,26818.0,33892.307692307695,26117.0,77408.0,226768.75,4.0,,,5.0,3.0,,,,,,10.461538461538462,4.25,,,,,,255.30769230769232,248.5,,,,,,274.0,275.0,,,,,,95575.69230769231,116978.0,,,,,,78008.0,77408.0,,,,1,0,0,1
2024,7,23.972151898734175,23.3,24.6,32.53164556962025,30.0,35.0,1006.8518987341772,1006.6,1007.1,False,43.45443037974684,42.6,44.5,301.0506329113924,3.951898734177215,5.3,HUL,29067.625,25559.0,29995.473684210527,27730.0,31562.526315789473,27226.0,81059.0,690391.6666666666,3.0,4.0,,,3.0,,,,8.454545454545455,,,2.5,,,,253.1818181818182,,,273.0,,,,274.0,,,274.0,,,,86097.63636363637,,,96258.5,,,,81360.0,,,81059.0,,,,1,0,0,1
2024,7,23.972151898734175,23.3,24.6,32.53164556962025,30.0,35.0,1006.8518987341772,1006.6,1007.1,False,43.45443037974684,42.6,44.5,301.0506329113924,3.951898734177215,5.3,LEC,31018.51851851852,24451.0,32410.933333333334,26553.0,31166.833333333332,25960.0,76990.0,345078.6666666667,3.0,4.0,,,3.0,,,,15.61111111111111,,,5.5,,,,258.5,,,272.5,,,,274.0,,,273.0,,,,86953.0,,,108292.0,,,,78472.0,,,76990.0,,,,1,0,0,1
2024,7,23.972151898734175,23.3,24.6,32.53164556962025,30.0,35.0,1006.8518987341772,1006.6,1007.1,False,43.45443037974684,42.6,44.5,301.0506329113924,3.951898734177215,5.3,NOR,43707.92857142857,24552.0,34288.23529411765,26875.0,33539.35294117647,26175.0,77602.0,334738.3333333333,6.0,,,,7.0,,,,,,,11.333333333333334,,,,,,,250.88888888888889,,,,,,,276.0,,,,,,,98144.11111111111,,,,,,,77602.0,,,,1,0,0,1
2024,7,23.972151898734175,23.3,24.6,32.53164556962025,30.0,35.0,1006.8518987341772,1006.6,1007.1,False,43.45443037974684,42.6,44.5,301.0506329113924,3.951898734177215,5.3,OCO,33025.769230769234,25037.0,33184.93103448276,27176.0,33349.0,26317.0,78612.0,339534.6666666667,3.0,,,4.0,3.0,,,,,,10.6,5.0,,,,,,250.6,243.28571428571428,,,,,,274.0,273.0,,,,,,90932.26666666666,104143.71428571429,,,,,,79856.0,78612.0,,,,1,0,0,1
2024,7,23.972151898734175,23.3,24.6,32.53164556962025,30.0,35.0,1006.8518987341772,1006.6,1007.1,False,43.45443037974684,42.6,44.5,301.0506329113924,3.951898734177215,5.3,PER,35892.85,24418.0,36478.47826086957,26738.0,35561.434782608696,26077.0,77233.0,468393.6666666667,3.0,,,,4.0,,,,,,,8.857142857142858,,,,,,,236.28571428571428,,,,,,,275.0,,,,,,,98084.28571428571,,,,,,,77233.0,,,,1,0,0,1
2024,7,23.972151898734175,23.3,24.6,32.53164556962025,30.0,35.0,1006.8518987341772,1006.6,1007.1,False,43.45443037974684,42.6,44.5,301.0506329113924,3.951898734177215,5.3,PIA,34866.818181818184,24355.0,32090.24,26683.0,32365.708333333332,26263.0,77807.0,358017.75,4.0,,,5.0,4.0,,,,,,12.0,3.0,,,,,,256.3076923076923,275.0,,,,,,276.0,276.0,,,,,,90168.84615384616,92992.66666666667,,,,,,77951.0,77807.0,,,,1,0,0,1
2024,7,23.972151898734175,23.3,24.6,32.53164556962025,30.0,35.0,1006.8518987341772,1006.6,1007.1,False,43.45443037974684,42.6,44.5,301.0506329113924,3.951898734177215,5.3,RIC,32423.565217391304,24663.0,33195.846153846156,26886.0,33091.88,26450.0,78142.0,427840.0,3.0,4.0,,,3.0,,,,14.5,,,9.0,,,,244.0,,,272.0,,,,274.0,,,274.0,,,,100379.41666666667,,,80849.66666666667,,,,79268.0,,,79241.0,,,,1,0,0,1
2024,7,23.972151898734175,23.3,24.6,32.53164556962025,30.0,35.0,1006.8518987341772,1006.6,1007.1,False,43.45443037974684,42.6,44.5,301.0506329113924,3.951898734177215,5.3,RUS,31970.28,24479.0,34736.857142857145,26649.0,31617.39285714286,25966.0,77094.0,510086.0,2.0,,,3.0,2.0,,,,,,11.176470588235293,4.0,,,,,,257.47058823529414,273.6,,,,,,274.0,276.0,,,,,,93574.4705882353,114086.0,,,,,,77909.0,77094.0,,,,1,0,0,1
2024,7,23.972151898734175,23.3,24.6,32.53164556962025,30.0,35.0,1006.8518987341772,1006.6,1007.1,False,43.45443037974684,42.6,44.5,301.0506329113924,3.951898734177215,5.3,SAI,31764.090909090908,24408.0,31967.52,26651.0,32730.4,26061.0,77120.0,471682.3333333333,3.0,4.0,,,3.0,,,,10.375,,,3.0,,,,258.3125,,,274.5,,,,276.0,,,275.0,,,,89016.25,,,111648.0,,,,78269.0,,,77120.0,,,,1,0,0,1
2024,7,23.972151898734175,23.3,24.6,32.53164556962025,30.0,35.0,1006.8518987341772,1006.6,1007.1,False,43.45443037974684,42.6,44.5,301.0506329113924,3.951898734177215,5.3,SAR,31862.529411764706,24905.0,33068.09523809524,27245.0,32704.333333333332,26780.0,79901.0,571828.6666666666,3.0,,,4.0,3.0,,,,,,13.0,3.0,,,,,,241.71428571428572,240.66666666666666,,,,,,276.0,274.0,,,,,,89353.42857142857,110614.66666666667,,,,,,81579.0,80215.0,,,,1,0,0,1
2024,7,23.972151898734175,23.3,24.6,32.53164556962025,30.0,35.0,1006.8518987341772,1006.6,1007.1,False,43.45443037974684,42.6,44.5,301.0506329113924,3.951898734177215,5.3,STR,31603.61111111111,24690.0,33380.40909090909,26949.0,33559.59090909091,26372.0,78072.0,555609.6666666666,3.0,,,1.0,4.0,,,,,,4.0,7.555555555555555,,,,,,271.8,250.44444444444446,,,,,,273.0,275.0,,,,,,89569.8,98069.22222222222,,,,,,79138.0,78072.0,,,,1,0,0,1
2024,7,23.972151898734175,23.3,24.6,32.53164556962025,30.0,35.0,1006.8518987341772,1006.6,1007.1,False,43.45443037974684,42.6,44.5,301.0506329113924,3.951898734177215,5.3,TSU,33690.56,24421.0,34408.5,26686.0,32231.571428571428,26120.0,77388.0,288848.3333333333,3.0,4.0,,,,,,,16.5,,,,,,,251.77777777777777,,,,,,,276.0,,,,,,,95156.27777777778,,,,,,,78130.0,,,,,,,1,0,0,1
2024,7,23.972151898734175,23.3,24.6,32.53164556962025,30.0,35.0,1006.8518987341772,1006.6,1007.1,False,43.45443037974684,42.6,44.5,301.0506329113924,3.951898734177215,5.3,VER,39559.88888888889,24063.0,36770.0,26830.0,36651.04761904762,25942.0,77240.0,267473.6,5.0,,,,6.0,,,,,,,9.6,,,,,,,250.6,,,,,,,274.0,,,,,,,100111.4,,,,,,,77240.0,,,,1,0,0,1
2024,7,23.972151898734175,23.3,24.6,32.53164556962025,30.0,35.0,1006.8518987341772,1006.6,1007.1,False,43.45443037974684,42.6,44.5,301.0506329113924,3.951898734177215,5.3,ZHO,33970.4,24955.0,34146.72222222222,27441.0,32828.82352941176,26405.0,79129.0,1021303.5,2.0,,,,3.0,,,,,,,7.0,,,,,,,236.63636363636363,,,,,,,274.0,,,,,,,98222.27272727272,,,,,,,79129.0,,,,1,0,0,1
2024,8,20.716883116883118,19.9,21.5,66.72727272727273,61.0,72.0,1018.2766233766234,1017.7,1018.7,True,35.56103896103896,32.5,38.6,156.16883116883116,0.7467532467532467,1.5,ALB,22323.470588235294,19313.0,38367.617647058825,34674.0,24664.4375,19438.0,73425.0,409087.5,2.0,3.0,,2.0,,,,,11.909090909090908,,5.0,,,,,253.45454545454547,,263.1111111111111,,,,,264.0,,265.0,,,,,83661.81818181818,,84057.66666666667,,,,,74559.0,,73425.0,,,,,1,0,0,3
2024,8,20.716883116883118,19.9,21.5,66.72727272727273,61.0,72.0,1018.2766233766234,1017.7,1018.7,True,35.56103896103896,32.5,38.6,156.16883116883116,0.7467532467532467,1.5,ALO,21547.5,19073.0,38557.88461538462,34250.0,23798.260869565216,19452.0,72775.0,612363.5,2.0,1.0,,,3.0,,,,6.5,,,6.0,,,,263.0833333333333,,,263.0,,,,269.0,,,267.0,,,,81529.16666666667,,,85128.45454545454,,,,74543.0,,,72775.0,,,,1,0,0,3
2024,8,20.716883116883118,19.9,21.5,66.72727272727273,61.0,72.0,1018.2766233766234,1017.7,1018.7,True,35.56103896103896,32.5,38.6,156.16883116883116,0.7467532467532467,1.5,BOT,23790.464285714286,19243.0,42739.148148148146,34351.0,25090.88,19600.0,73248.0,616021.0,2.0,1.0,,,3.0,,,,6.5,,,7.0,,,,260.1666666666667,,,248.15384615384616,,,,264.0,,,267.0,,,,90195.0,,,92612.0,,,,74933.0,,,73248.0,,,,1,0,0,3
2024,8,20.716883116883118,19.9,21.5,66.72727272727273,61.0,72.0,1018.2766233766234,1017.7,1018.7,True,35.56103896103896,32.5,38.6,156.16883116883116,0.7467532467532467,1.5,GAS,23332.9,20028.0,39736.8,35509.0,28924.85714285714,20037.0,75574.0,1472691.0,2.0,1.0,,3.0,,,,,2.5,,2.0,,,,,251.5,,222.66666666666666,,,,,255.0,,261.0,,,,,84455.75,,101774.33333333333,,,,,77356.0,,75574.0,,,,,1,0,0,3
2024,8,20.716883116883118,19.9,21.5,66.72727272727273,61.0,72.0,1018.2766233766234,1017.7,1018.7,True,35.56103896103896,32.5,38.6,156.16883116883116,0.7467532467532467,1.5,HAM,23629.571428571428,18861.0,40599.32352941176,34080.0,24351.03125,19228.0,72169.0,259771.0,3.0,4.0,,2.0,3.0,,,,9.470588235294118,,4.5,3.5,,,,231.05882352941177,,262.0,266.5,,,,264.0,,266.0,269.0,,,,84274.05882352941,,88165.0,90701.33333333333,,,,75031.0,,73297.0,72169.0,,,,1,0,0,3
2024,8,20.716883116883118,19.9,21.5,66.72727272727273,61.0,72.0,1018.2766233766234,1017.7,1018.7,True,35.56103896103896,32.5,38.6,156.16883116883116,0.7467532467532467,1.5,HUL,23585.735294117647,19390.0,41186.393939393936,34600.0,25969.354838709678,19519.0,73576.0,276231.3333333333,3.0,2.0,,4.0,,,,,6.545454545454546,,10.0,,,,,263.27272727272725,,249.68421052631578,,,,,267.0,,267.0,,,,,88939.09090909091,,88695.1052631579,,,,,74527.0,,73576.0,,,,,1,0,0,3
2024,8,20.716883116883118,19.9,21.5,66.72727272727273,61.0,72.0,1018.2766233766234,1017.7,1018.7,True,35.56103896103896,32.5,38.6,156.16883116883116,0.7467532467532467,1.5,LEC,22836.333333333332,18791.0,40032.21212121212,34250.0,27458.533333333333,19235.0,72397.0,175629.0000000001,5.0,6.0,,2.0,,,,,11.095238095238095,,3.5,,,,,243.38095238095238,,263.8333333333333,,,,,266.0,,266.0,,,,,87860.61904761905,,86411.5,,,,,73132.0,,72397.0,,,,,1,0,0,3
2024,8,20.716883116883118,19.9,21.5,66.72727272727273,61.0,72.0,1018.2766233766234,1017.7,1018.7,True,35.56103896103896,32.5,38.6,156.16883116883116,0.7467532467532467,1.5,MAG,21963.78787878788,19251.0,38311.36363636364,34537.0,24166.466666666667,19533.0,73390.0,364820.6666666667,3.0,4.0,,3.0,,,,,10.176470588235293,,6.5,,,,,244.35294117647058,,264.9166666666667,,,,,266.0,,267.0,,,,,83006.82352941176,,83172.0,,,,,75072.0,,73390.0,,,,,1,0,0,3
2024,8,20.716883116883118,19.9,21.5,66.72727272727273,61.0,72.0,1018.2766233766234,1017.7,1018.7,True,35.56103896103896,32.5,38.6,156.16883116883116,0.7467532467532467,1.5,NOR,22198.121212121212,18887.0,38668.59375,34150.0,23966.0,19359.0,72396.0,335041.0,3.0,1.0,,4.0,3.0,,,,6.5,,8.071428571428571,2.0,,,,263.0,,244.35714285714286,263.3333333333333,,,,266.0,,263.0,267.0,,,,84337.08333333333,,84006.28571428571,82361.66666666667,,,,73934.0,,73226.0,72396.0,,,,1,0,0,3
2024,8,20.716883116883118,19.9,21.5,66.72727272727273,61.0,72.0,1018.2766233766234,1017.7,1018.7,True,35.56103896103896,32.5,38.6,156.16883116883116,0.7467532467532467,1.5,OCO,21808.60606060606,19520.0,38107.78125,34852.0,23792.766666666666,19729.0,74159.0,530436.5,2.0,1.0,,3.0,,,,,9.5,,6.5,,,,,257.22222222222223,,249.75,,,,,260.0,,260.0,,,,,81722.72222222222,,86421.58333333333,,,,,75080.0,,74159.0,,,,,1,0,0,3
2024,8,20.716883116883118,19.9,21.5,66.72727272727273,61.0,72.0,1018.2766233766234,1017.7,1018.7,True,35.56103896103896,32.5,38.6,156.16883116883116,0.7467532467532467,1.5,PER,23455.620689655174,19123.0,40874.48275862069,34457.0,27603.8,19649.0,73229.0,242635.4,5.0,6.0,,5.0,,,,,10.842105263157896,,2.5,,,,,246.94736842105263,,263.5,,,,,267.0,,264.0,,,,,88320.84210526316,,85858.75,,,,,73910.0,,73229.0,,,,,1,0,0,3
2024,8,20.716883116883118,19.9,21.5,66.72727272727273,61.0,72.0,1018.2766233766234,1017.7,1018.7,True,35.56103896103896,32.5,38.6,156.16883116883116,0.7467532467532467,1.5,PIA,21852.41935483871,18964.0,38830.93548387097,33942.0,24610.464285714286,19292.0,72198.0,597477.0,2.0,,,3.0,2.0,,,,,,11.428571428571429,4.0,,,,,,249.9047619047619,263.85714285714283,,,,,,266.0,266.0,,,,,,84574.04761904762,88476.14285714286,,,,,,74208.0,72198.0,,,,1,0,0,3
2024,8,20.716883116883118,19.9,21.5,66.72727272727273,61.0,72.0,1018.2766233766234,1017.7,1018.7,True,35.56103896103896,32.5,38.6,156.16883116883116,0.7467532467532467,1.5,RIC,23974.38888888889,19156.0,41335.77142857143,34335.0,24775.090909090908,19410.0,72901.0,289364.5,2.0,,,1.0,3.0,,,,,,8.5,9.0,,,,,,258.75,241.1764705882353,,,,,,262.0,263.0,,,,,,86244.0625,93061.70588235294,,,,,,74275.0,72901.0,,,,1,0,0,3
2024,8,20.716883116883118,19.9,21.5,66.72727272727273,61.0,72.0,1018.2766233766234,1017.7,1018.7,True,35.56103896103896,32.5,38.6,156.16883116883116,0.7467532467532467,1.5,RUS,22442.4,18842.0,39199.42857142857,34089.0,24189.09375,19275.0,72295.0,301201.0,3.0,1.0,,4.0,3.0,,,,5.0,,9.529411764705882,3.0,,,,264.1111111111111,,252.0,248.2,,,,267.0,,269.0,270.0,,,,82492.33333333333,,84650.76470588235,92912.6,,,,75081.0,,73681.0,72295.0,,,,1,0,0,3
2024,8,20.716883116883118,19.9,21.5,66.72727272727273,61.0,72.0,1018.2766233766234,1017.7,1018.7,True,35.56103896103896,32.5,38.6,156.16883116883116,0.7467532467532467,1.5,SAI,22644.342857142856,19003.0,40023.14705882353,34347.0,25216.25,19477.0,72954.0,348213.5,2.0,1.0,,3.0,,,,,10.5,,6.5,,,,,263.0,,250.33333333333334,,,,,266.0,,265.0,,,,,84958.6,,92656.66666666667,,,,,73494.0,,72954.0,,,,,1,0,0,3
2024,8,20.716883116883118,19.9,21.5,66.72727272727273,61.0,72.0,1018.2766233766234,1017.7,1018.7,True,35.56103896103896,32.5,38.6,156.16883116883116,0.7467532467532467,1.5,SAR,23221.194444444445,19530.0,39681.37142857143,34917.0,24688.125,19651.0,74150.0,245708.0,3.0,4.0,,3.0,,,,,11.428571428571429,,6.454545454545454,,,,,251.38095238095238,,262.09090909090907,,,,,269.0,,265.0,,,,,87466.90476190476,,84527.0,,,,,75769.0,,74150.0,,,,,1,0,0,3
2024,8,20.716883116883118,19.9,21.5,66.72727272727273,61.0,72.0,1018.2766233766234,1017.7,1018.7,True,35.56103896103896,32.5,38.6,156.16883116883116,0.7467532467532467,1.5,STR,23146.36,19100.0,40145.28,34186.0,25123.82608695652,19451.0,72789.0,737763.0000000002,2.0,1.0,,,3.0,,,,7.0,,,5.5,,,,262.0,,,258.0,,,,268.0,,,268.0,,,,82641.46153846153,,,95971.2,,,,74917.0,,,72789.0,,,,1,0,0,3
2024,8,20.716883116883118,19.9,21.5,66.72727272727273,61.0,72.0,1018.2766233766234,1017.7,1018.7,True,35.56103896103896,32.5,38.6,156.16883116883116,0.7467532467532467,1.5,TSU,24332.121212121212,19031.0,41448.90909090909,34390.0,24181.709677419356,19421.0,72875.0,351154.5,2.0,,,1.0,3.0,,,,,,8.5,8.0,,,,,,260.125,235.26666666666668,,,,,,265.0,265.0,,,,,,86493.5,92767.2,,,,,,73612.0,72875.0,,,,1,0,0,3
2024,8,20.716883116883118,19.9,21.5,66.72727272727273,61.0,72.0,1018.2766233766234,1017.7,1018.7,True,35.56103896103896,32.5,38.6,156.16883116883116,0.7467532467532467,1.5,VER,23094.896551724138,19063.0,41573.78571428572,34342.0,25116.84,19401.0,72984.0,315244.25,4.0,,,5.0,,,,,,,7.583333333333333,,,,,,,247.33333333333334,,,,,,,268.0,,,,,,,88226.04166666667,,,,,,,72984.0,,,,,1,0,0,3
2024,8,20.716883116883118,19.9,21.5,66.72727272727273,61.0,72.0,1018.2766233766234,1017.7,1018.7,True,35.56103896103896,32.5,38.6,156.16883116883116,0.7467532467532467,1.5,ZHO,24260.8,19592.0,41220.0,34875.0,26348.703703703704,20009.0,74570.0,343045.3333333333,3.0,2.0,,,4.0,,,,7.785714285714286,,,6.5,,,,261.35714285714283,,,245.66666666666666,,,,265.0,,,260.0,,,,88515.14285714286,,,92729.66666666667,,,,76251.0,,,74570.0,,,,1,0,0,3
2024,9,18.237179487179485,17.2,19.3,83.57692307692308,77.0,89.0,998.6589743589743,998.2,999.5,True,28.68205128205128,25.5,32.2,226.64102564102564,1.2474358974358974,2.8,ALB,30430.5,28291.0,33343.75,30321.0,42455.5,38304.0,107907.0,1573049.0,1.0,,,,2.0,,,1.0,,,,1.0,,,1.0,,,,282.0,,,261.0,,,,282.0,,,261.0,,,,112781.0,,,107907.0,,,,112781.0,,,107907.0,1,0,0,8
2024,9,18.237179487179485,17.2,19.3,83.57692307692308,77.0,89.0,998.6589743589743,998.2,999.5,True,28.68205128205128,25.5,32.2,226.64102564102564,1.2474358974358974,2.8,ALO,31653.333333333332,29178.0,31187.0,28947.0,37441.0,35286.0,93411.0,715738.0,1.0,,,,2.0,,,,,,,1.5,,,,,,,268.5,,,,,,,269.0,,,,,,,98557.0,,,,,,,93411.0,,,,1,0,0,8
2024,9,18.237179487179485,17.2,19.3,83.57692307692308,77.0,89.0,998.6589743589743,998.2,999.5,True,28.68205128205128,25.5,32.2,226.64102564102564,1.2474358974358974,2.8,BOT,29802.6,25520.0,32215.5,27791.0,43290.125,34359.0,87670.0,402385.9999999998,3.0,,3.0,,4.0,,,1.0,,3.0,,1.5,,,1.0,,262.75,,260.5,,,255.0,,266.0,,277.0,,,255.0,,97398.5,,112529.0,,,103569.0,,87670.0,,107615.0,,,103569.0,1,0,0,8
2024,9,18.237179487179485,17.2,19.3,83.57692307692308,77.0,89.0,998.6589743589743,998.2,999.5,True,28.68205128205128,25.5,32.2,226.64102564102564,1.2474358974358974,2.8,DOO,40898.5,36928.0,39416.5,38408.0,42990.0,42990.0,126267.0,1730614.0,1.0,,,,2.0,,,,,,,1.0,,,,,,,208.0,,,,,,,208.0,,,,,,,126267.0,,,,,,,126267.0,,,,1,0,0,8
2024,9,18.237179487179485,17.2,19.3,83.57692307692308,77.0,89.0,998.6589743589743,998.2,999.5,True,28.68205128205128,25.5,32.2,226.64102564102564,1.2474358974358974,2.8,GAS,29907.14285714286,26732.0,30617.285714285714,27043.0,35726.166666666664,33519.0,87584.0,748809.0,1.0,,1.0,,2.0,,,,,2.0,,2.0,,,,,265.0,,270.3333333333333,,,,,267.0,,273.0,,,,,95677.0,,92886.66666666667,,,,,90606.0,,87584.0,,,,1,0,0,8
2024,9,18.237179487179485,17.2,19.3,83.57692307692308,77.0,89.0,998.6589743589743,998.2,999.5,True,28.68205128205128,25.5,32.2,226.64102564102564,1.2474358974358974,2.8,HAM,31713.9,25837.0,30775.3,28221.0,37699.625,31713.0,85970.0,643013.0,2.0,,2.0,,3.0,,,,,3.4,,2.0,,,,,263.4,,281.3333333333333,,,,,269.0,,287.0,,,,,103924.6,,94775.66666666667,,,,,89207.0,,85970.0,,,,1,0,0,8
2024,9,18.237179487179485,17.2,19.3,83.57692307692308,77.0,89.0,998.6589743589743,998.2,999.5,True,28.68205128205128,25.5,32.2,226.64102564102564,1.2474358974358974,2.8,HUL,34112.0,28530.0,30723.5,29200.0,40086.666666666664,35096.0,92826.0,846411.0,2.0,,,,3.0,,,,,,,1.5,,,,,,,265.5,,,,,,,270.0,,,,,,,95842.5,,,,,,,92826.0,,,,1,0,0,8
2024,9,18.237179487179485,17.2,19.3,83.57692307692308,77.0,89.0,998.6589743589743,998.2,999.5,True,28.68205128205128,25.5,32.2,226.64102564102564,1.2474358974358974,2.8,LEC,29924.1,25392.0,30121.666666666668,25920.0,36264.25,32845.0,85306.0,414152.5,2.0,,2.0,,3.0,,,,,3.0,,3.0,,,,,269.0,,261.2,,,,,271.0,,290.0,,,,,98724.33333333333,,91492.4,,,,,87560.0,,85306.0,,,,1,0,0,8
2024,9,18.237179487179485,17.2,19.3,83.57692307692308,77.0,89.0,998.6589743589743,998.2,999.5,True,28.68205128205128,25.5,32.2,226.64102564102564,1.2474358974358974,2.8,MAG,36268.0,26064.0,31119.0,28047.0,40386.0,34941.0,89052.0,446477.3333333333,3.0,,3.0,,4.0,,,,,2.0,,1.0,,,,,268.0,,273.0,,,,,269.0,,273.0,,,,,100059.66666666667,,104353.0,,,,,89052.0,,104353.0,,,,1,0,0,8
2024,9,18.237179487179485,17.2,19.3,83.57692307692308,77.0,89.0,998.6589743589743,998.2,999.5,True,28.68205128205128,25.5,32.2,226.64102564102564,1.2474358974358974,2.8,NOR,30782.428571428572,25770.0,30025.0,26798.0,35023.2,31867.0,84435.0,731359.5,2.0,,,,3.0,,,1.0,,,,2.5,,,1.0,,,,276.0,,,262.0,,,,286.0,,,262.0,,,,93909.75,,,106734.0,,,,84435.0,,,106734.0,1,0,0,8
2024,9,18.237179487179485,17.2,19.3,83.57692307692308,77.0,89.0,998.6589743589743,998.2,999.5,True,28.68205128205128,25.5,32.2,226.64102564102564,1.2474358974358974,2.8,PER,29221.222222222223,25431.0,29741.0,28202.0,36201.5,34379.0,88058.0,472036.0,1.0,,1.0,,2.0,,,,,3.0,,2.0,,,,,267.8,,281.6666666666667,,,,,270.0,,283.0,,,,,94374.8,,94586.33333333333,,,,,88058.0,,91542.0,,,,1,0,0,8
2024,9,18.237179487179485,17.2,19.3,83.57692307692308,77.0,89.0,998.6589743589743,998.2,999.5,True,28.68205128205128,25.5,32.2,226.64102564102564,1.2474358974358974,2.8,PIA,29467.0,26746.0,29286.666666666668,27448.0,35858.0,32560.000000000004,86754.0,706987.4999999998,2.0,,,,3.0,,,1.0,,,,2.0,,,1.0,,,,280.6666666666667,,,263.0,,,,284.0,,,263.0,,,,91781.33333333333,,,103126.0,,,,86754.0,,,103126.0,1,0,0,8
2024,9,18.237179487179485,17.2,19.3,83.57692307692308,77.0,89.0,998.6589743589743,998.2,999.5,True,28.68205128205128,25.5,32.2,226.64102564102564,1.2474358974358974,2.8,RIC,30593.875,25642.0,31923.5,28166.0,36787.71428571428,34774.0,88582.0,567685.0,1.0,,1.0,,2.0,,,,,2.5,,2.0,,,,,267.5,,276.6666666666667,,,,,270.0,,280.0,,,,,93455.75,,101747.0,,,,,88582.0,,93634.0,,,,1,0,0,8
2024,9,18.237179487179485,17.2,19.3,83.57692307692308,77.0,89.0,998.6589743589743,998.2,999.5,True,28.68205128205128,25.5,32.2,226.64102564102564,1.2474358974358974,2.8,RUS,31273.0,26527.0,31029.714285714286,28457.0,37444.333333333336,33243.0,88541.0,497349.5,2.0,,2.0,,3.0,,,,,2.6666666666666665,,2.0,,,,,266.6666666666667,,281.0,,,,,271.0,,284.0,,,,,99732.0,,95269.33333333333,,,,,90504.0,,88541.0,,,,1,0,0,8
2024,9,18.237179487179485,17.2,19.3,83.57692307692308,77.0,89.0,998.6589743589743,998.2,999.5,True,28.68205128205128,25.5,32.2,226.64102564102564,1.2474358974358974,2.8,SAI,28735.666666666668,24845.0,29394.88888888889,27117.0,37487.25,32801.0,84763.0,383255.0,2.0,,2.0,,3.0,,,,,3.5,,2.5,,,,,267.75,,277.0,,,,,270.0,,283.0,,,,,95798.5,,94968.25,,,,,87485.0,,84763.0,,,,1,0,0,8
2024,9,18.237179487179485,17.2,19.3,83.57692307692308,77.0,89.0,998.6589743589743,998.2,999.5,True,28.68205128205128,25.5,32.2,226.64102564102564,1.2474358974358974,2.8,SAR,31903.75,27719.0,32387.25,29699.0,39358.333333333336,34061.0,96586.0,1578046.0,1.0,,,,2.0,,,1.0,,,,1.5,,,1.0,,,,278.5,,,259.0,,,,279.0,,,259.0,,,,106890.5,,,104040.0,,,,96586.0,,,104040.0,1,0,0,8
2024,9,18.237179487179485,17.2,19.3,83.57692307692308,77.0,89.0,998.6589743589743,998.2,999.5,True,28.68205128205128,25.5,32.2,226.64102564102564,1.2474358974358974,2.8,STR,31981.0,27795.0,33756.0,32024.0,40758.5,36773.0,100530.0,679290.0,1.0,,,,2.0,,,,,,,1.5,,,,,,,268.5,,,,,,,269.0,,,,,,,105345.5,,,,,,,100530.0,,,,1,0,0,8
2024,9,18.237179487179485,17.2,19.3,83.57692307692308,77.0,89.0,998.6589743589743,998.2,999.5,True,28.68205128205128,25.5,32.2,226.64102564102564,1.2474358974358974,2.8,TSU,29970.875,25864.0,30134.125,27255.0,35818.857142857145,34628.0,88723.0,664203.0000000005,1.0,,1.0,,2.0,,,,,2.5,,2.0,,,,,266.25,,269.6666666666667,,,,,269.0,,281.0,,,,,93500.0,,95192.0,,,,,88723.0,,89035.0,,,,1,0,0,8
2024,9,18.237179487179485,17.2,19.3,83.57692307692308,77.0,89.0,998.6589743589743,998.2,999.5,True,28.68205128205128,25.5,32.2,226.64102564102564,1.2474358974358974,2.8,VER,29203.555555555555,25253.0,30374.5,27646.0,39231.0,32575.000000000004,86502.0,550772.5,2.0,,2.0,,3.0,,,,,2.3333333333333335,,2.5,,,,,264.3333333333333,,280.25,,,,,267.0,,284.0,,,,,103401.66666666667,,96859.25,,,,,102169.0,,86502.0,,,,1,0,0,8
2024,9,18.237179487179485,17.2,19.3,83.57692307692308,77.0,89.0,998.6589743589743,998.2,999.5,True,28.68205128205128,25.5,32.2,226.64102564102564,1.2474358974358974,2.8,ZHO,32470.0,28522.0,32421.333333333332,30394.0,46087.0,39201.0,107363.0,27915.0,1.0,,2.0,,,,,1.0,,1.0,,,,,1.0,,259.0,,,,,257.0,,259.0,,,,,257.0,,107363.0,,,,,111467.0,,107363.0,,,,,111467.0,1,0,0,8
2024,10,28.165432098765432,27.5,28.5,33.666666666666664,29.0,38.0,1004.3987654320988,1004.1,1004.6,False,47.092592592592595,45.3,48.0,214.14814814814815,2.0950617283950614,3.5,ALB,31834.81818181818,22349.0,36943.76,30187.0,28426.083333333332,22881.0,75417.0,270050.5,4.0,,,4.0,5.0,,,,,,9.076923076923077,5.0,,,,,,272.9230769230769,198.0,,,,,,278.0,279.0,,,,,,88828.07692307692,102467.33333333333,,,,,,76976.0,75417.0,,,,1,0,0,0
2024,10,28.165432098765432,27.5,28.5,33.666666666666664,29.0,38.0,1004.3987654320988,1004.1,1004.6,False,47.092592592592595,45.3,48.0,214.14814814814815,2.0950617283950614,3.5,ALO,30646.18181818182,22297.0,37578.846153846156,30169.0,29652.346153846152,22756.0,75222.0,449178.6666666667,3.0,3.0,,,4.0,,,,8.5,,,7.5,,,,279.1666666666667,,,256.6666666666667,,,,283.0,,,282.0,,,,104106.5,,,93030.83333333333,,,,76684.0,,,75222.0,,,,1,0,0,0
2024,10,28.165432098765432,27.5,28.5,33.666666666666664,29.0,38.0,1004.3987654320988,1004.1,1004.6,False,47.092592592592595,45.3,48.0,214.14814814814815,2.0950617283950614,3.5,BEA,29702.84,22523.0,37550.44827586207,30336.0,29294.64285714286,22972.0,75865.0,256882.0,4.0,,,5.0,4.0,,,,,,11.647058823529411,3.6666666666666665,,,,,,258.11764705882354,248.66666666666666,,,,,,277.0,280.0,,,,,,90461.58823529411,103303.66666666667,,,,,,77725.0,75865.0,,,,1,0,0,0
2024,10,28.165432098765432,27.5,28.5,33.666666666666664,29.0,38.0,1004.3987654320988,1004.1,1004.6,False,47.092592592592595,45.3,48.0,214.14814814814815,2.0950617283950614,3.5,BOT,33418.4,22621.0,39028.083333333336,30233.0,31351.166666666668,22618.0,75472.0,251045.0,6.0,3.0,,,7.0,,,,7.0,,,7.375,,,,277.42857142857144,,,244.625,,,,279.0,,,280.0,,,,92583.71428571429,,,101145.625,,,,76933.0,,,75472.0,,,,1,0,0,0
2024,10,28.165432098765432,27.5,28.5,33.666666666666664,29.0,38.0,1004.3987654320988,1004.1,1004.6,False,47.092592592592595,45.3,48.0,214.14814814814815,2.0950617283950614,3.5,GAS,33258.82352941176,22438.0,40470.09523809524,30338.0,29232.52380952381,22708.0,75484.0,425789.0,4.0,3.0,,5.0,,,,,7.166666666666667,,4.833333333333333,,,,,274.6666666666667,,223.0,,,,,278.0,,283.0,,,,,98856.0,,109804.83333333333,,,,,77052.0,,75484.0,,,,,1,0,0,0
2024,10,28.165432098765432,27.5,28.5,33.666666666666664,29.0,38.0,1004.3987654320988,1004.1,1004.6,False,47.092592592592595,45.3,48.0,214.14814814814815,2.0950617283950614,3.5,HAM,31216.6,22049.0,39752.42857142857,30005.0,28566.88888888889,22857.0,74911.0,285845.5,4.0,2.0,,5.0,,,,,5.857142857142857,,11.166666666666666,,,,,280.85714285714283,,254.41666666666666,,,,,282.0,,284.0,,,,,103319.71428571429,,85549.0,,,,,76079.0,,74911.0,,,,,1,0,0,0
2024,10,28.165432098765432,27.5,28.5,33.666666666666664,29.0,38.0,1004.3987654320988,1004.1,1004.6,False,47.092592592592595,45.3,48.0,214.14814814814815,2.0950617283950614,3.5,LEC,31828.636363636364,22057.0,37208.12,30491.0,28311.6,22757.0,75434.0,213157.5,6.0,7.0,,6.0,,,,,7.777777777777778,,7.6,,,,,251.88888888888889,,279.0,,,,,287.0,,288.0,,,,,96517.22222222222,,79233.6,,,,,76094.0,,75434.0,,,,,1,0,0,0
2024,10,28.165432098765432,27.5,28.5,33.666666666666664,29.0,38.0,1004.3987654320988,1004.1,1004.6,False,47.092592592592595,45.3,48.0,214.14814814814815,2.0950617283950614,3.5,MAG,31546.884615384617,22360.0,36977.724137931036,30454.0,27993.55172413793,22830.0,75644.0,206854.4,5.0,,,6.0,5.0,,,,,,13.25,3.5,,,,,,257.875,287.0,,,,,,283.0,289.0,,,,,,87961.9375,75745.5,,,,,,77691.0,75644.0,,,,1,0,0,0
2024,10,28.165432098765432,27.5,28.5,33.666666666666664,29.0,38.0,1004.3987654320988,1004.1,1004.6,False,47.092592592592595,45.3,48.0,214.14814814814815,2.0950617283950614,3.5,NOR,27570.739130434784,21970.0,35127.81481481482,29818.0,26635.333333333332,22440.0,74228.0,351722.0,4.0,4.0,,,5.0,,,,11.333333333333334,,,4.25,,,,281.53333333333336,,,234.5,,,,286.0,,,288.0,,,,83757.66666666667,,,89841.25,,,,75967.0,,,74228.0,,,,1,0,0,0
2024,10,28.165432098765432,27.5,28.5,33.666666666666664,29.0,38.0,1004.3987654320988,1004.1,1004.6,False,47.092592592592595,45.3,48.0,214.14814814814815,2.0950617283950614,3.5,OCO,29549.555555555555,22258.0,38965.96666666667,30165.0,28819.724137931036,22663.0,75086.0,295729.6666666667,3.0,2.0,,4.0,,,,,6.444444444444445,,10.357142857142858,,,,,277.55555555555554,,254.35714285714286,,,,,281.0,,283.0,,,,,98759.11111111111,,89616.71428571429,,,,,76788.0,,75086.0,,,,,1,0,0,0
2024,10,28.165432098765432,27.5,28.5,33.666666666666664,29.0,38.0,1004.3987654320988,1004.1,1004.6,False,47.092592592592595,45.3,48.0,214.14814814814815,2.0950617283950614,3.5,PER,27067.48,22167.0,36362.28571428572,30017.0,29233.071428571428,22508.0,74692.0,415392.0,3.0,2.0,,,4.0,,,,5.333333333333333,,,10.214285714285714,,,,270.3333333333333,,,268.7142857142857,,,,283.0,,,287.0,,,,96735.0,,,82880.85714285714,,,,76455.0,,,74692.0,,,,1,0,0,0
2024,10,28.165432098765432,27.5,28.5,33.666666666666664,29.0,38.0,1004.3987654320988,1004.1,1004.6,False,47.092592592592595,45.3,48.0,214.14814814814815,2.0950617283950614,3.5,PIA,28060.041666666668,22003.0,34999.642857142855,30163.0,27424.035714285714,22685.0,74867.0,207692.33333333334,6.0,,,6.0,7.0,,,,,,11.533333333333333,6.25,,,,,,282.46666666666664,222.5,,,,,,288.0,286.0,,,,,,86142.33333333333,91971.5,,,,,,76234.0,74867.0,,,,1,0,0,0
2024,10,28.165432098765432,27.5,28.5,33.666666666666664,29.0,38.0,1004.3987654320988,1004.1,1004.6,False,47.092592592592595,45.3,48.0,214.14814814814815,2.0950617283950614,3.5,RIC,31082.59259259259,22758.0,37303.1,30025.0,28106.44827586207,22797.0,75580.0,165474.6,5.0,4.0,,,6.0,,,,10.133333333333333,,,5.5,,,,270.8666666666667,,,220.0,,,,280.0,,,279.0,,,,90016.46666666666,,,104629.66666666667,,,,77069.0,,,75580.0,,,,1,0,0,0
2024,10,28.165432098765432,27.5,28.5,33.666666666666664,29.0,38.0,1004.3987654320988,1004.1,1004.6,False,47.092592592592595,45.3,48.0,214.14814814814815,2.0950617283950614,3.5,RUS,31501.5,22212.0,38862.54838709677,29889.0,28828.0,22499.0,74614.0,221980.0,4.0,5.0,,3.0,,,,,13.368421052631579,,3.5,,,,,261.42105263157896,,249.0,,,,,285.0,,283.0,,,,,94972.8947368421,,107758.5,,,,,75563.0,,74614.0,,,,,1,0,0,0
2024,10,28.165432098765432,27.5,28.5,33.666666666666664,29.0,38.0,1004.3987654320988,1004.1,1004.6,False,47.092592592592595,45.3,48.0,214.14814814814815,2.0950617283950614,3.5,SAI,30140.928571428572,22119.0,36630.16129032258,29977.0,27651.451612903227,22476.0,74572.0,244685.25,4.0,1.0,,5.0,,,,,6.0,,11.285714285714286,,,,,281.77777777777777,,262.64285714285717,,,,,286.0,,286.0,,,,,93669.66666666667,,87209.64285714286,,,,,75899.0,,74572.0,,,,,1,0,0,0
2024,10,28.165432098765432,27.5,28.5,33.666666666666664,29.0,38.0,1004.3987654320988,1004.1,1004.6,False,47.092592592592595,45.3,48.0,214.14814814814815,2.0950617283950614,3.5,SAR,29968.2,22635.0,38172.64,30300.0,28917.458333333332,22817.0,75752.0,285985.6,5.0,,,3.0,6.0,,,,,,6.714285714285714,9.0,,,,,,263.85714285714283,242.75,,,,,,276.0,279.0,,,,,,99511.0,86785.25,,,,,,77612.0,75752.0,,,,1,0,0,0
2024,10,28.165432098765432,27.5,28.5,33.666666666666664,29.0,38.0,1004.3987654320988,1004.1,1004.6,False,47.092592592592595,45.3,48.0,214.14814814814815,2.0950617283950614,3.5,STR,31156.96,22328.0,42034.0,30397.0,29368.89285714286,22787.0,75512.0,304654.3333333333,3.0,3.0,,,4.0,,,,8.2,,,7.0,,,,275.3,,,248.72727272727272,,,,278.0,,,281.0,,,,99188.2,,,95494.63636363637,,,,77106.0,,,75512.0,,,,1,0,0,0
2024,10,28.165432098765432,27.5,28.5,33.666666666666664,29.0,38.0,1004.3987654320988,1004.1,1004.6,False,47.092592592592595,45.3,48.0,214.14814814814815,2.0950617283950614,3.5,TSU,27729.4375,22457.0,36735.85,30390.0,29968.55,22892.0,75916.0,457832.0,4.0,2.0,,,5.0,,,,4.0,,,8.166666666666666,,,,267.0,,,272.3333333333333,,,,280.0,,,279.0,,,,89873.0,,,80762.0,,,,76917.0,,,75916.0,,,,1,0,0,0
2024,10,28.165432098765432,27.5,28.5,33.666666666666664,29.0,38.0,1004.3987654320988,1004.1,1004.6,False,47.092592592592595,45.3,48.0,214.14814814814815,2.0950617283950614,3.5,VER,29949.333333333332,22082.0,36238.03703703704,29765.0,29129.40740740741,22405.0,74252.0,244841.6,5.0,6.0,,,5.0,,,,7.571428571428571,,,7.777777777777778,,,,279.7142857142857,,,275.6666666666667,,,,286.0,,,287.0,,,,90970.0,,,79859.88888888889,,,,75424.0,,,74252.0,,,,1,0,0,0
2024,10,28.165432098765432,27.5,28.5,33.666666666666664,29.0,38.0,1004.3987654320988,1004.1,1004.6,False,47.092592592592595,45.3,48.0,214.14814814814815,2.0950617283950614,3.5,ZHO,32004.65,22451.0,39365.52173913043,30353.0,31705.565217391304,22812.0,75616.0,282684.2,5.0,,,1.0,6.0,,,,,,5.5,8.333333333333334,,,,,,268.5,241.33333333333334,,,,,,277.0,281.0,,,,,,97499.125,88935.5,,,,,,77435.0,75616.0,,,,1,0,0,0
2024,11,23.244303797468355,21.9,24.5,59.54430379746835,56.0,64.0,940.7518987341772,940.5,940.9,False,36.88354430379747,30.7,42.5,104.36708860759494,2.6,4.0,ALB,24232.833333333332,16708.0,39660.81481481482,29961.0,26482.25925925926,20264.0,66995.0,158838.16666666666,6.0,,,6.0,7.0,,,,,,3.5,9.846153846153847,,,,,,244.25,241.76923076923077,,,,,,287.0,283.0,,,,,,87092.25,88112.46153846153,,,,,,66995.0,67344.0,,,,1,0,0,0
2024,11,23.244303797468355,21.9,24.5,59.54430379746835,56.0,64.0,940.7518987341772,940.5,940.9,False,36.88354430379747,30.7,42.5,104.36708860759494,2.6,4.0,ALO,22316.96,16685.0,36770.63333333333,29772.0,25970.35714285714,20146.0,66603.0,222961.0,6.0,7.0,,,6.0,,,,11.38888888888889,,,2.0,,,,266.72222222222223,,,284.0,,,,284.0,,,284.0,,,,81150.05555555556,,,66603.0,,,,67647.0,,,66603.0,,,,1,0,0,0
2024,11,23.244303797468355,21.9,24.5,59.54430379746835,56.0,64.0,940.7518987341772,940.5,940.9,False,36.88354430379747,30.7,42.5,104.36708860759494,2.6,4.0,BOT,24018.916666666668,16743.0,36079.96428571428,29702.0,25776.214285714286,20396.0,66925.0,266309.6,5.0,,,3.0,6.0,,,,,,9.23076923076923,5.833333333333333,,,,,,274.53846153846155,243.66666666666666,,,,,,281.0,286.0,,,,,,77333.53846153847,92322.16666666667,,,,,,67613.0,66925.0,,,,1,0,0,0
2024,11,23.244303797468355,21.9,24.5,59.54430379746835,56.0,64.0,940.7518987341772,940.5,940.9,False,36.88354430379747,30.7,42.5,104.36708860759494,2.6,4.0,GAS,22683.48,16869.0,37345.07142857143,29673.0,26029.5,20192.0,66734.0,473229.0,3.0,4.0,,,3.0,,,,12.65,,,2.0,,,,267.05,,,283.0,,,,283.0,,,283.0,,,,84942.5,,,66734.0,,,,67468.0,,,66734.0,,,,1,0,0,0
2024,11,23.244303797468355,21.9,24.5,59.54430379746835,56.0,64.0,940.7518987341772,940.5,940.9,False,36.88354430379747,30.7,42.5,104.36708860759494,2.6,4.0,HAM,21042.86111111111,16661.0,35231.256410256414,29530.0,24002.657894736843,20037.0,66254.0,160462.25,4.0,5.0,,,,,,,21.29032258064516,,,,,,,271.06451612903226,,,,,,,287.0,,,,,,,77276.09677419355,,,,,,,66254.0,,,,,,,1,0,0,0
2024,11,23.244303797468355,21.9,24.5,59.54430379746835,56.0,64.0,940.7518987341772,940.5,940.9,False,36.88354430379747,30.7,42.5,104.36708860759494,2.6,4.0,HUL,26082.73076923077,16748.0,36909.63333333333,29852.0,25887.233333333334,20305.0,66966.0,206546.5000000001,6.0,,,5.0,7.0,,,,,,13.125,2.3333333333333335,,,,,,270.5,211.0,,,,,,283.0,284.0,,,,,,83891.8125,81039.33333333333,,,,,,67772.0,66966.0,,,,1,0,0,0
2024,11,23.244303797468355,21.9,24.5,59.54430379746835,56.0,64.0,940.7518987341772,940.5,940.9,False,36.88354430379747,30.7,42.5,104.36708860759494,2.6,4.0,LEC,21059.074074074073,16651.0,36780.58064516129,29452.0,27028.1,19952.0,66055.0,223925.8,5.0,4.0,,,6.0,,,,11.6875,,,4.8,,,,278.25,,,233.8,,,,285.0,,,286.0,,,,79165.875,,,94346.2,,,,66901.0,,,66055.0,,,,1,0,0,0
2024,11,23.244303797468355,21.9,24.5,59.54430379746835,56.0,64.0,940.7518987341772,940.5,940.9,False,36.88354430379747,30.7,42.5,104.36708860759494,2.6,4.0,MAG,22250.0,16752.0,36831.566666666666,29800.0,25188.666666666668,20300.0,67145.0,295399.75,4.0,,,4.0,5.0,,,,,,12.0625,4.5,,,,,,268.5,218.5,,,,,,286.0,284.0,,,,,,79729.875,90127.83333333333,,,,,,67179.0,67145.0,,,,1,0,0,0
2024,11,23.244303797468355,21.9,24.5,59.54430379746835,56.0,64.0,940.7518987341772,940.5,940.9,False,36.88354430379747,30.7,42.5,104.36708860759494,2.6,4.0,NOR,22752.19230769231,16513.0,36393.24137931035,29601.0,24870.172413793105,20175.0,66880.0,268859.4,5.0,5.0,,,6.0,,,,13.058823529411764,,,3.0,,,,279.7647058823529,,,200.66666666666666,,,,285.0,,,285.0,,,,80188.17647058824,,,88904.0,,,,66880.0,,,70552.0,,,,1,0,0,0
2024,11,23.244303797468355,21.9,24.5,59.54430379746835,56.0,64.0,940.7518987341772,940.5,940.9,False,36.88354430379747,30.7,42.5,104.36708860759494,2.6,4.0,OCO,22504.166666666668,16721.0,37574.68965517241,29619.0,26111.0,19957.0,66297.0,202465.0,6.0,7.0,,,6.0,,,,12.529411764705882,,,2.0,,,,261.5882352941176,,,286.0,,,,283.0,,,286.0,,,,82923.70588235294,,,66297.0,,,,67341.0,,,66297.0,,,,1,0,0,0
2024,11,23.244303797468355,21.9,24.5,59.54430379746835,56.0,64.0,940.7518987341772,940.5,940.9,False,36.88354430379747,30.7,42.5,104.36708860759494,2.6,4.0,PER,23971.238095238095,16804.0,36422.125,29753.0,26141.791666666668,20136.0,66783.0,443281.25,4.0,,,5.0,4.0,,,,,,11.0,2.0,,,,,,253.66666666666666,279.0,,,,,,285.0,279.0,,,,,,84647.6,67377.0,,,,,,66783.0,67377.0,,,,1,0,0,0
2024,11,23.244303797468355,21.9,24.5,59.54430379746835,56.0,64.0,940.7518987341772,940.5,940.9,False,36.88354430379747,30.7,42.5,104.36708860759494,2.6,4.0,PIA,21354.60714285714,16640.0,35064.290322580644,29273.0,24932.322580645163,20048.0,65961.0,238357.6,5.0,6.0,,,5.0,,,,15.095238095238095,,,2.0,,,,264.3809523809524,,,285.0,,,,284.0,,,285.0,,,,79280.95238095238,,,65961.0,,,,67271.0,,,65961.0,,,,1,0,0,0
2024,11,23.244303797468355,21.9,24.5,59.54430379746835,56.0,64.0,940.7518987341772,940.5,940.9,False,36.88354430379747,30.7,42.5,104.36708860759494,2.6,4.0,RIC,23360.346153846152,16840.0,36920.13333333333,29885.0,25357.4,20062.0,66962.0,275295.75,4.0,,,5.0,4.0,,,,,,12.631578947368421,3.0,,,,,,252.1578947368421,255.33333333333334,,,,,,280.0,283.0,,,,,,84362.15789473684,96133.66666666667,,,,,,67905.0,66962.0,,,,1,0,0,0
2024,11,23.244303797468355,21.9,24.5,59.54430379746835,56.0,64.0,940.7518987341772,940.5,940.9,False,36.88354430379747,30.7,42.5,104.36708860759494,2.6,4.0,RUS,19745.074074074073,16649.0,36013.5,29650.0,26996.25806451613,20045.0,66386.0,229916.4,5.0,6.0,,,,,,,14.80952380952381,,,,,,,267.04761904761904,,,,,,,285.0,,,,,,,80928.76190476191,,,,,,,66386.0,,,,,,,1,0,0,0
2024,11,23.244303797468355,21.9,24.5,59.54430379746835,56.0,64.0,940.7518987341772,940.5,940.9,False,36.88354430379747,30.7,42.5,104.36708860759494,2.6,4.0,SAI,23905.444444444445,16698.0,36629.2,29486.0,26046.0,19944.0,66128.0,245954.8,5.0,4.0,,,6.0,,,,12.470588235294118,,,4.25,,,,278.2352941176471,,,219.25,,,,285.0,,,284.0,,,,80347.35294117648,,,102132.25,,,,66987.0,,,66128.0,,,,1,0,0,0
2024,11,23.244303797468355,21.9,24.5,59.54430379746835,56.0,64.0,940.7518987341772,940.5,940.9,False,36.88354430379747,30.7,42.5,104.36708860759494,2.6,4.0,SAR,21412.782608695652,16766.0,36102.17857142857,30034.0,25514.214285714286,20340.0,67259.0,209588.6,5.0,,,5.0,6.0,,,,,,4.0,9.461538461538462,,,,,,267.6,258.6923076923077,,,,,,286.0,282.0,,,,,,82315.8,80253.61538461539,,,,,,67259.0,67645.0,,,,1,0,0,0
2024,11,23.244303797468355,21.9,24.5,59.54430379746835,56.0,64.0,940.7518987341772,940.5,940.9,False,36.88354430379747,30.7,42.5,104.36708860759494,2.6,4.0,STR,22452.0,16603.0,38911.346153846156,29708.0,28390.08,20073.0,66384.0,245201.3333333334,6.0,7.0,,,6.0,,,,10.0,,,2.0,,,,261.06666666666666,,,287.0,,,,284.0,,,287.0,,,,85696.66666666667,,,66384.0,,,,67809.0,,,66384.0,,,,1,0,0,0
2024,11,23.244303797468355,21.9,24.5,59.54430379746835,56.0,64.0,940.7518987341772,940.5,940.9,False,36.88354430379747,30.7,42.5,104.36708860759494,2.6,4.0,TSU,23460.36,16755.0,37974.5,29672.0,26284.758620689656,20152.0,66579.0,239504.3999999999,5.0,,,6.0,4.0,,,,,,11.777777777777779,2.0,,,,,,246.27777777777777,283.0,,,,,,280.0,283.0,,,,,,85475.88888888889,66579.0,,,,,,67510.0,66579.0,,,,1,0,0,0
2024,11,23.244303797468355,21.9,24.5,59.54430379746835,56.0,64.0,940.7518987341772,940.5,940.9,False,36.88354430379747,30.7,42.5,104.36708860759494,2.6,4.0,VER,23455.954545454544,16609.0,36558.851851851854,29332.0,27674.0,19744.0,65685.0,282897.8,5.0,,,6.0,5.0,,,,,,12.2,2.0,,,,,,238.2,285.0,,,,,,285.0,285.0,,,,,,81438.8,65685.0,,,,,,66645.0,65685.0,,,,1,0,0,0
2024,11,23.244303797468355,21.9,24.5,59.54430379746835,56.0,64.0,940.7518987341772,940.5,940.9,False,36.88354430379747,30.7,42.5,104.36708860759494,2.6,4.0,ZHO,22893.333333333332,16943.0,36718.666666666664,29775.0,26740.555555555555,20201.0,66919.0,288809.6,5.0,,,2.0,6.0,,,,,,8.76923076923077,5.833333333333333,,,,,,266.6923076923077,238.83333333333334,,,,,,280.0,283.0,,,,,,80181.46153846153,90672.66666666667,,,,,,67964.0,66919.0,,,,1,0,0,0
2024,12,16.386419753086418,15.6,17.2,75.61728395061728,72.0,81.0,989.4222222222222,989.2,989.6,False,24.55432098765432,21.2,28.1,213.44444444444446,1.3691358024691358,3.2,ALB,34233.22727272727,28210.0,43838.68,36007.0,28738.12,24261.0,88649.0,415126.0,3.0,2.0,,,4.0,,,,5.5,,,9.333333333333334,,,,248.0,,,231.83333333333334,,,,249.0,,,248.0,,,,100833.83333333333,,,100628.83333333333,,,,89245.0,,,88649.0,,,,1,0,0,3
2024,12,16.386419753086418,15.6,17.2,75.61728395061728,72.0,81.0,989.4222222222222,989.2,989.6,False,24.55432098765432,21.2,28.1,213.44444444444446,1.3691358024691358,3.2,ALO,34965.17391304348,27995.0,42504.846153846156,35517.0,30057.153846153848,24282.0,87794.0,249361.0,4.0,3.0,,,5.0,,,,7.75,,,6.5,,,,248.25,,,228.7,,,,252.0,,,252.0,,,,102509.375,,,106150.7,,,,88558.0,,,87794.0,,,,1,0,0,3
2024,12,16.386419753086418,15.6,17.2,75.61728395061728,72.0,81.0,989.4222222222222,989.2,989.6,False,24.55432098765432,21.2,28.1,213.44444444444446,1.3691358024691358,3.2,BEA,33081.22727272727,28360.0,41592.541666666664,35954.0,27901.0,24196.0,88536.0,657459.5,2.0,3.0,,,2.0,,,,9.384615384615385,,,4.5,,,,231.23076923076923,,,232.83333333333334,,,,249.0,,,248.0,,,,96621.30769230769,,,109379.66666666667,,,,91044.0,,,88536.0,,,,1,0,0,3
2024,12,16.386419753086418,15.6,17.2,75.61728395061728,72.0,81.0,989.4222222222222,989.2,989.6,False,24.55432098765432,21.2,28.1,213.44444444444446,1.3691358024691358,3.2,BOT,32954.90909090909,28286.0,42214.692307692305,35790.0,27282.04,24157.0,88254.0,348929.0,3.0,,,2.0,4.0,,,,,,4.0,9.785714285714286,,,,,,246.75,230.35714285714286,,,,,,248.0,250.0,,,,,,98225.25,100807.57142857143,,,,,,89889.0,88254.0,,,,1,0,0,3
2024,12,16.386419753086418,15.6,17.2,75.61728395061728,72.0,81.0,989.4222222222222,989.2,989.6,False,24.55432098765432,21.2,28.1,213.44444444444446,1.3691358024691358,3.2,COL,37045.09523809524,28338.0,42829.583333333336,36322.0,29095.541666666668,24418.0,89078.0,317115.5,4.0,2.0,,,5.0,,,,5.5,,,9.1,,,,248.83333333333334,,,231.0,,,,250.0,,,249.0,,,,102438.0,,,99336.7,,,,89987.0,,,89078.0,,,,1,0,0,3
2024,12,16.386419753086418,15.6,17.2,75.61728395061728,72.0,81.0,989.4222222222222,989.2,989.6,False,24.55432098765432,21.2,28.1,213.44444444444446,1.3691358024691358,3.2,DOO,35300.82352941176,28522.0,43874.04761904762,35843.0,31443.95238095238,24272.0,88735.0,459692.3333333333,3.0,2.0,,,4.0,,,,5.5,,,6.0,,,,244.5,,,205.25,,,,246.0,,,247.0,,,,103590.66666666667,,,111659.625,,,,90110.0,,,88735.0,,,,1,0,0,3
2024,12,16.386419753086418,15.6,17.2,75.61728395061728,72.0,81.0,989.4222222222222,989.2,989.6,False,24.55432098765432,21.2,28.1,213.44444444444446,1.3691358024691358,3.2,HAD,33101.545454545456,28675.0,44441.42857142857,36267.0,32970.57142857143,24328.0,89270.0,594992.6666666666,3.0,3.0,,4.0,,,,,6.0,,3.0,,,,,237.0,,248.33333333333334,,,,,247.0,,249.0,,,,,106724.25,,106072.66666666667,,,,,92601.0,,89270.0,,,,,1,0,0,3
2024,12,16.386419753086418,15.6,17.2,75.61728395061728,72.0,81.0,989.4222222222222,989.2,989.6,False,24.55432098765432,21.2,28.1,213.44444444444446,1.3691358024691358,3.2,HAM,33807.86363636364,28254.0,41794.192307692305,35609.0,28566.84,23958.0,87858.0,282601.49999999994,4.0,3.0,,5.0,,,,,5.833333333333333,,8.5,,,,,248.33333333333334,,225.9,,,,,251.0,,251.0,,,,,98900.0,,97669.1,,,,,88043.0,,87858.0,,,,,1,0,0,3
2024,12,16.386419753086418,15.6,17.2,75.61728395061728,72.0,81.0,989.4222222222222,989.2,989.6,False,24.55432098765432,21.2,28.1,213.44444444444446,1.3691358024691358,3.2,HUL,34947.72222222222,28297.0,42625.681818181816,35680.0,28629.190476190477,24105.0,88082.0,348810.75,4.0,,,5.0,4.0,,,,,,9.5,3.6666666666666665,,,,,,226.8,248.0,,,,,,248.0,248.0,,,,,,100577.1,105577.33333333333,,,,,,89633.0,88082.0,,,,1,0,0,3
2024,12,16.386419753086418,15.6,17.2,75.61728395061728,72.0,81.0,989.4222222222222,989.2,989.6,False,24.55432098765432,21.2,28.1,213.44444444444446,1.3691358024691358,3.2,LEC,31809.52380952381,28177.0,41617.36,35603.0,28759.32,23932.0,87903.0,417494.0,3.0,4.0,,3.0,,,,,11.071428571428571,,3.6666666666666665,,,,,232.5,,247.66666666666666,,,,,254.0,,251.0,,,,,96995.14285714286,,94033.33333333333,,,,,88616.0,,87903.0,,,,,1,0,0,3
2024,12,16.386419753086418,15.6,17.2,75.61728395061728,72.0,81.0,989.4222222222222,989.2,989.6,False,24.55432098765432,21.2,28.1,213.44444444444446,1.3691358024691358,3.2,NOR,37201.13636363636,27933.0,44220.8,35531.0,28772.12,23956.0,87420.0,233665.2,5.0,5.0,,,6.0,,,,8.0,,,8.0,,,,249.6,,,229.3846153846154,,,,251.0,,,252.0,,,,104002.6,,,101443.61538461539,,,,88770.0,,,87420.0,,,,1,0,0,3
2024,12,16.386419753086418,15.6,17.2,75.61728395061728,72.0,81.0,989.4222222222222,989.2,989.6,False,24.55432098765432,21.2,28.1,213.44444444444446,1.3691358024691358,3.2,OCO,36053.2,28152.0,43149.041666666664,35668.0,28854.304347826088,24100.0,87974.0,323330.0,4.0,2.0,,,5.0,,,,5.5,,,7.75,,,,248.33333333333334,,,224.125,,,,250.0,,,250.0,,,,101579.33333333333,,,102219.75,,,,88982.0,,,87974.0,,,,1,0,0,3
2024,12,16.386419753086418,15.6,17.2,75.61728395061728,72.0,81.0,989.4222222222222,989.2,989.6,False,24.55432098765432,21.2,28.1,213.44444444444446,1.3691358024691358,3.2,PIA,36539.5,28085.0,41815.17647058824,35472.0,28852.625,24029.0,87631.0,228931.8,5.0,2.0,,,5.0,,,,5.5,,,3.0,,,,248.5,,,249.66666666666666,,,,251.0,,,252.0,,,,97614.0,,,102644.66666666667,,,,88469.0,,,87631.0,,,,1,0,0,3
2024,12,16.386419753086418,15.6,17.2,75.61728395061728,72.0,81.0,989.4222222222222,989.2,989.6,False,24.55432098765432,21.2,28.1,213.44444444444446,1.3691358024691358,3.2,RIC,32802.42857142857,28252.0,42794.782608695656,35920.0,27967.652173913044,24134.0,88477.0,354665.6666666667,3.0,2.0,,,3.0,,,,6.75,,,6.0,,,,246.75,,,240.66666666666666,,,,248.0,,,252.0,,,,101439.125,,,104728.22222222222,,,,89160.0,,,88477.0,,,,1,0,0,3
2024,12,16.386419753086418,15.6,17.2,75.61728395061728,72.0,81.0,989.4222222222222,989.2,989.6,False,24.55432098765432,21.2,28.1,213.44444444444446,1.3691358024691358,3.2,RUS,38744.0,28313.0,43180.92,35478.0,28713.72,23919.0,87738.0,241370.4,5.0,4.0,,6.0,,,,,6.2,,9.545454545454545,,,,,248.6,,228.27272727272728,,,,,251.0,,249.0,,,,,110463.0,,96885.54545454546,,,,,88046.0,,87738.0,,,,,1,0,0,3
2024,12,16.386419753086418,15.6,17.2,75.61728395061728,72.0,81.0,989.4222222222222,989.2,989.6,False,24.55432098765432,21.2,28.1,213.44444444444446,1.3691358024691358,3.2,SAI,33935.47826086957,28219.0,42242.230769230766,35685.0,27786.46153846154,23874.0,87925.0,320758.3333333333,3.0,2.0,,4.0,,,,,6.75,,9.222222222222221,,,,,249.5,,225.11111111111111,,,,,254.0,,250.0,,,,,99416.875,,95492.44444444444,,,,,87925.0,,88067.0,,,,,1,0,0,3
2024,12,16.386419753086418,15.6,17.2,75.61728395061728,72.0,81.0,989.4222222222222,989.2,989.6,False,24.55432098765432,21.2,28.1,213.44444444444446,1.3691358024691358,3.2,STR,34675.72222222222,27829.0,44815.52380952381,35589.0,31472.619047619046,24136.0,87554.0,483921.0,3.0,,,3.0,4.0,,,,,,7.0,6.125,,,,,,250.14285714285714,225.75,,,,,,251.0,250.0,,,,,,107901.14285714286,102102.75,,,,,,88426.0,87554.0,,,,1,0,0,3
2024,12,16.386419753086418,15.6,17.2,75.61728395061728,72.0,81.0,989.4222222222222,989.2,989.6,False,24.55432098765432,21.2,28.1,213.44444444444446,1.3691358024691358,3.2,TSU,31182.5,28524.0,41249.5,36599.0,29599.5,24599.0,89864.0,,,1.0,,,,,,,3.0,,,,,,,248.33333333333334,,,,,,,249.0,,,,,,,100493.66666666667,,,,,,,89864.0,,,,,,,1,0,0,3
2024,12,16.386419753086418,15.6,17.2,75.61728395061728,72.0,81.0,989.4222222222222,989.2,989.6,False,24.55432098765432,21.2,28.1,213.44444444444446,1.3691358024691358,3.2,VER,33017.7,28262.0,40478.041666666664,35433.0,28528.5,23920.0,87729.0,439233.6666666667,3.0,4.0,,3.0,,,,,11.5,,3.0,,,,,233.21428571428572,,249.0,,,,,249.0,,251.0,,,,,99191.5,,104308.33333333333,,,,,88370.0,,87729.0,,,,,1,0,0,3
2024,12,16.386419753086418,15.6,17.2,75.61728395061728,72.0,81.0,989.4222222222222,989.2,989.6,False,24.55432098765432,21.2,28.1,213.44444444444446,1.3691358024691358,3.2,ZHO,34396.55,28354.0,43254.69565217391,35851.0,29489.0,24251.0,88590.0,386240.0,3.0,2.0,,,4.0,,,,6.428571428571429,,,6.888888888888889,,,,244.85714285714286,,,224.66666666666666,,,,248.0,,,248.0,,,,102017.0,,,107462.33333333333,,,,90459.0,,,88590.0,,,,1,0,0,3
2024,13,31.00487804878049,30.4,31.8,38.0,34.0,40.0,990.5731707317074,990.1,991.0,False,58.49878048780487,56.9,60.6,207.78048780487805,1.2621951219512195,3.8,ALB,34881.72222222222,28624.0,35843.045454545456,28362.0,28933.272727272728,22808.0,79794.0,357047.75,4.0,,,2.0,5.0,,,,,,4.0,9.333333333333334,,,,,,249.0,222.88888888888889,,,,,,250.0,252.0,,,,,,102971.0,90185.11111111111,,,,,,80631.0,79794.0,,,,0,0,1,0
2024,13,31.00487804878049,30.4,31.8,38.0,34.0,40.0,990.5731707317074,990.1,991.0,False,58.49878048780487,56.9,60.6,207.78048780487805,1.2621951219512195,3.8,ALO,35071.36842105263,28445.0,35354.833333333336,28426.0,27411.5,22801.0,79686.0,285741.8,5.0,3.0,,,6.0,,,,6.8,,,8.75,,,,248.4,,,244.125,,,,254.0,,,253.0,,,,105095.8,,,84486.75,,,,80986.0,,,79686.0,,,,0,0,1,0
2024,13,31.00487804878049,30.4,31.8,38.0,34.0,40.0,990.5731707317074,990.1,991.0,False,58.49878048780487,56.9,60.6,207.78048780487805,1.2621951219512195,3.8,BEA,40743.916666666664,28866.0,37776.11111111111,28699.0,30683.14814814815,22779.0,80371.0,155659.16666666666,6.0,,,7.0,6.0,,,,,,11.3,5.0,,,,,,228.6,251.66666666666666,,,,,,252.0,253.0,,,,,,88044.3,80517.33333333333,,,,,,81976.0,80371.0,,,,0,0,1,0
2024,13,31.00487804878049,30.4,31.8,38.0,34.0,40.0,990.5731707317074,990.1,991.0,False,58.49878048780487,56.9,60.6,207.78048780487805,1.2621951219512195,3.8,BOT,36250.76,28555.0,37071.46428571428,28452.0,29655.464285714286,22547.0,79804.0,506877.5,2.0,,,1.0,3.0,,,,,,5.5,9.5,,,,,,226.125,219.92857142857142,,,,,,252.0,253.0,,,,,,107688.0,99173.28571428571,,,,,,80495.0,79804.0,,,,0,0,1,0
2024,13,31.00487804878049,30.4,31.8,38.0,34.0,40.0,990.5731707317074,990.1,991.0,False,58.49878048780487,56.9,60.6,207.78048780487805,1.2621951219512195,3.8,GAS,37735.34782608696,28576.0,37671.0,28501.0,28434.0,22844.0,79976.0,551111.5,2.0,,,3.0,2.0,,,,,,10.5,3.5,,,,,,223.9375,250.5,,,,,,253.0,251.0,,,,,,100893.4375,80095.5,,,,,,80859.0,79976.0,,,,0,0,1,0
2024,13,31.00487804878049,30.4,31.8,38.0,34.0,40.0,990.5731707317074,990.1,991.0,False,58.49878048780487,56.9,60.6,207.78048780487805,1.2621951219512195,3.8,HAM,36717.88461538462,28576.0,36514.06896551724,28154.0,28843.48275862069,22557.0,79287.0,235563.5,4.0,,,5.0,4.0,,,,,,15.411764705882353,2.0,,,,,,241.7058823529412,253.0,,,,,,251.0,253.0,,,,,,85237.35294117648,79287.0,,,,,,80536.0,79287.0,,,,0,0,1,0
2024,13,31.00487804878049,30.4,31.8,38.0,34.0,40.0,990.5731707317074,990.1,991.0,False,58.49878048780487,56.9,60.6,207.78048780487805,1.2621951219512195,3.8,LEC,39026.53846153846,28431.0,36217.24137931035,27906.0,29956.896551724138,22674.0,79011.0,157525.2,5.0,6.0,,,4.0,,,,13.375,,,2.0,,,,233.375,,,255.0,,,,251.0,,,255.0,,,,93066.125,,,79011.0,,,,80710.0,,,79011.0,,,,0,0,1,0
2024,13,31.00487804878049,30.4,31.8,38.0,34.0,40.0,990.5731707317074,990.1,991.0,False,58.49878048780487,56.9,60.6,207.78048780487805,1.2621951219512195,3.8,MAG,40949.5,28847.0,40934.0,28556.0,30851.074074074073,22892.0,80295.0,214739.25,4.0,,,5.0,4.0,,,,,,10.0,5.0,,,,,,215.83333333333334,247.33333333333334,,,,,,250.0,249.0,,,,,,98646.33333333333,80399.66666666667,,,,,,81903.0,80295.0,,,,0,0,1,0
2024,13,31.00487804878049,30.4,31.8,38.0,34.0,40.0,990.5731707317074,990.1,991.0,False,58.49878048780487,56.9,60.6,207.78048780487805,1.2621951219512195,3.8,NOR,37487.86956521739,28633.0,34131.96153846154,27881.0,29322.115384615383,22520.0,79211.0,253982.0,5.0,,,6.0,5.0,,,,,,10.785714285714286,3.5,,,,,,223.92857142857142,188.5,,,,,,252.0,253.0,,,,,,96139.14285714286,80817.0,,,,,,80288.0,79211.0,,,,0,0,1,0
2024,13,31.00487804878049,30.4,31.8,38.0,34.0,40.0,990.5731707317074,990.1,991.0,False,58.49878048780487,56.9,60.6,207.78048780487805,1.2621951219512195,3.8,OCO,37225.17391304348,28887.0,38200.92307692308,28408.0,28959.80769230769,22728.0,80023.0,491984.0,2.0,,,2.0,3.0,,,,,,7.363636363636363,6.0,,,,,,231.8181818181818,239.44444444444446,,,,,,251.0,252.0,,,,,,110475.90909090909,93047.0,,,,,,80980.0,80023.0,,,,0,0,1,0
2024,13,31.00487804878049,30.4,31.8,38.0,34.0,40.0,990.5731707317074,990.1,991.0,False,58.49878048780487,56.9,60.6,207.78048780487805,1.2621951219512195,3.8,PER,41313.055555555555,28394.0,40442.59090909091,28251.0,30779.18181818182,22672.0,79440.0,287368.6,5.0,,,,6.0,,,,,,,6.9,,,,,,,207.6,,,,,,,253.0,,,,,,,107076.0,,,,,,,79440.0,,,,0,0,1,0
2024,13,31.00487804878049,30.4,31.8,38.0,34.0,40.0,990.5731707317074,990.1,991.0,False,58.49878048780487,56.9,60.6,207.78048780487805,1.2621951219512195,3.8,PIA,34049.82608695652,28673.0,33077.46153846154,28022.0,26508.653846153848,22506.0,79249.0,327232.0,2.0,,,3.0,2.0,,,,,,12.263157894736842,2.0,,,,,,229.21052631578948,254.0,,,,,,254.0,254.0,,,,,,90867.31578947368,79249.0,,,,,,79838.0,79249.0,,,,0,0,1,0
2024,13,31.00487804878049,30.4,31.8,38.0,34.0,40.0,990.5731707317074,990.1,991.0,False,58.49878048780487,56.9,60.6,207.78048780487805,1.2621951219512195,3.8,RIC,35963.5,28645.0,36903.92592592593,28389.0,29772.85185185185,22544.0,79578.0,255602.0,4.0,,,5.0,4.0,,,,,,11.4,3.5,,,,,,212.73333333333332,250.0,,,,,,250.0,251.0,,,,,,101198.66666666667,79728.5,,,,,,80498.0,79578.0,,,,0,0,1,0
2024,13,31.00487804878049,30.4,31.8,38.0,34.0,40.0,990.5731707317074,990.1,991.0,False,58.49878048780487,56.9,60.6,207.78048780487805,1.2621951219512195,3.8,RUS,38724.4,28511.0,36213.78571428572,28124.0,29256.10714285714,22502.0,79137.0,201952.8,5.0,,,6.0,4.0,,,,,,15.294117647058824,2.0,,,,,,234.64705882352942,254.0,,,,,,255.0,254.0,,,,,,91874.0,79137.0,,,,,,80083.0,79137.0,,,,0,0,1,0
2024,13,31.00487804878049,30.4,31.8,38.0,34.0,40.0,990.5731707317074,990.1,991.0,False,58.49878048780487,56.9,60.6,207.78048780487805,1.2621951219512195,3.8,SAI,34644.82608695652,28356.0,33439.851851851854,27865.0,28126.40740740741,22492.0,78713.0,329462.5,4.0,3.0,,,5.0,,,,6.5,,,9.333333333333334,,,,249.0,,,235.16666666666666,,,,252.0,,,253.0,,,,101507.83333333333,,,90080.16666666667,,,,80094.0,,,78713.0,,,,0,0,1,0
2024,13,31.00487804878049,30.4,31.8,38.0,34.0,40.0,990.5731707317074,990.1,991.0,False,58.49878048780487,56.9,60.6,207.78048780487805,1.2621951219512195,3.8,SAR,35927.619047619046,28613.0,37112.57692307692,28490.0,29332.96153846154,22703.0,79885.0,246951.6,5.0,,,3.0,6.0,,,,,,5.5,10.23076923076923,,,,,,233.75,227.07692307692307,,,,,,252.0,256.0,,,,,,101050.25,97528.15384615384,,,,,,81169.0,79885.0,,,,0,0,1,0
2024,13,31.00487804878049,30.4,31.8,38.0,34.0,40.0,990.5731707317074,990.1,991.0,False,58.49878048780487,56.9,60.6,207.78048780487805,1.2621951219512195,3.8,STR,37404.23809523809,28221.0,36864.8,28220.0,30234.24,22824.0,79265.0,306446.0,4.0,3.0,,,5.0,,,,7.625,,,7.25,,,,245.125,,,218.5,,,,253.0,,,252.0,,,,101601.0,,,89868.5,,,,80887.0,,,79265.0,,,,0,0,1,0
2024,13,31.00487804878049,30.4,31.8,38.0,34.0,40.0,990.5731707317074,990.1,991.0,False,58.49878048780487,56.9,60.6,207.78048780487805,1.2621951219512195,3.8,TSU,41294.34782608696,28526.0,37475.11538461538,28175.0,30738.846153846152,22540.0,79260.0,217225.4,5.0,,,5.0,6.0,,,,,,8.818181818181818,5.5,,,,,,228.54545454545453,211.5,,,,,,251.0,251.0,,,,,,100642.45454545454,106561.5,,,,,,80520.0,79260.0,,,,0,0,1,0
2024,13,31.00487804878049,30.4,31.8,38.0,34.0,40.0,990.5731707317074,990.1,991.0,False,58.49878048780487,56.9,60.6,207.78048780487805,1.2621951219512195,3.8,VER,45111.3125,28232.0,42207.45,27865.0,30846.85,22734.0,78989.0,258791.33333333334,6.0,,,,7.0,,,,,,,6.166666666666667,,,,,,,222.0,,,,,,,252.0,,,,,,,83418.16666666667,,,,,,,78989.0,,,,0,0,1,0
2024,13,31.00487804878049,30.4,31.8,38.0,34.0,40.0,990.5731707317074,990.1,991.0,False,58.49878048780487,56.9,60.6,207.78048780487805,1.2621951219512195,3.8,ZHO,37624.7,28496.0,38368.958333333336,28160.0,29366.583333333332,22524.0,79180.0,272563.2,5.0,,,3.0,6.0,,,,,,5.0,8.222222222222221,,,,,,248.66666666666666,242.55555555555554,,,,,,250.0,252.0,,,,,,81313.66666666667,91429.0,,,,,,81115.0,79180.0,,,,0,0,1,0
2024,14,22.012048192771083,21.4,22.5,60.855421686746986,58.0,65.0,964.7867469879518,964.5,965.0,True,38.3867469879518,35.2,40.9,156.0120481927711,1.5518072289156628,4.0,ALB,36425.944444444445,30348.0,55541.09523809524,45407.0,36047.95238095238,28344.0,104099.0,573824.0,2.0,1.0,,,3.0,,,,4.0,,,7.777777777777778,,,,221.0,,,198.44444444444446,,,,222.0,,,223.0,,,,106226.0,,,112639.44444444444,,,,105807.0,,,104099.0,,,,0,0,0,3
2024,14,22.012048192771083,21.4,22.5,60.855421686746986,58.0,65.0,964.7867469879518,964.5,965.0,True,38.3867469879518,35.2,40.9,156.0120481927711,1.5518072289156628,4.0,ALO,37782.125,30721.0,54311.055555555555,45098.0,37568.10526315789,28616.0,104921.0,613042.5,2.0,1.0,,,3.0,,,,4.0,,,6.666666666666667,,,,221.33333333333334,,,217.5,,,,223.0,,,223.0,,,,106835.0,,,108729.16666666667,,,,106311.0,,,104921.0,,,,0,0,0,3
2024,14,22.012048192771083,21.4,22.5,60.855421686746986,58.0,65.0,964.7867469879518,964.5,965.0,True,38.3867469879518,35.2,40.9,156.0120481927711,1.5518072289156628,4.0,BOT,37096.72222222222,30964.0,57842.45,45400.0,36864.42857142857,28767.0,105155.0,570581.5,2.0,3.0,,,2.0,,,,8.375,,,3.0,,,,215.25,,,221.5,,,,222.0,,,222.0,,,,111059.625,,,105300.5,,,,106227.0,,,105155.0,,,,0,0,0,3
2024,14,22.012048192771083,21.4,22.5,60.855421686746986,58.0,65.0,964.7867469879518,964.5,965.0,True,38.3867469879518,35.2,40.9,156.0120481927711,1.5518072289156628,4.0,GAS,38632.21052631579,30860.0,58779.40909090909,45167.0,34677.13636363636,28749.0,104833.0,511920.0,2.0,,,3.0,2.0,,,,,,9.8,3.0,,,,,,200.7,221.0,,,,,,227.0,221.0,,,,,,115690.4,105091.5,,,,,,105553.0,104833.0,,,,0,0,0,3
2024,14,22.012048192771083,21.4,22.5,60.855421686746986,58.0,65.0,964.7867469879518,964.5,965.0,True,38.3867469879518,35.2,40.9,156.0120481927711,1.5518072289156628,4.0,HAM,38896.61111111111,30588.0,52855.89473684211,45136.0,36499.380952380954,28555.0,104279.0,390774.6666666667,3.0,,,4.0,2.0,,,,,,9.2,2.0,,,,,,216.5,220.0,,,,,,226.0,220.0,,,,,,114523.7,104279.0,,,,,,105207.0,104279.0,,,,0,0,0,3
2024,14,22.012048192771083,21.4,22.5,60.855421686746986,58.0,65.0,964.7867469879518,964.5,965.0,True,38.3867469879518,35.2,40.9,156.0120481927711,1.5518072289156628,4.0,HUL,36928.5,30724.0,56911.78947368421,46109.0,35482.42105263158,28812.0,105645.0,679693.5,2.0,,,3.0,2.0,,,,,,9.222222222222221,2.0,,,,,,197.11111111111111,222.0,,,,,,220.0,222.0,,,,,,112892.88888888889,105645.0,,,,,,106764.0,105645.0,,,,0,0,0,3
2024,14,22.012048192771083,21.4,22.5,60.855421686746986,58.0,65.0,964.7867469879518,964.5,965.0,True,38.3867469879518,35.2,40.9,156.0120481927711,1.5518072289156628,4.0,LEC,36546.09090909091,30731.0,56403.52,44783.0,35918.2,28792.0,104306.0,366289.0,2.0,,,3.0,2.0,,,,,,11.285714285714286,2.0,,,,,,216.28571428571428,222.0,,,,,,225.0,222.0,,,,,,114990.21428571429,104306.0,,,,,,105324.0,104306.0,,,,0,0,0,3
2024,14,22.012048192771083,21.4,22.5,60.855421686746986,58.0,65.0,964.7867469879518,964.5,965.0,True,38.3867469879518,35.2,40.9,156.0120481927711,1.5518072289156628,4.0,MAG,41370.125,30814.0,54962.5625,46148.0,36558.26315789474,28606.0,105812.0,499911.5,2.0,1.0,,,3.0,,,,4.0,,,6.666666666666667,,,,219.0,,,215.16666666666666,,,,220.0,,,221.0,,,,107576.66666666667,,,109162.66666666667,,,,107373.0,,,105812.0,,,,0,0,0,3
2024,14,22.012048192771083,21.4,22.5,60.855421686746986,58.0,65.0,964.7867469879518,964.5,965.0,True,38.3867469879518,35.2,40.9,156.0120481927711,1.5518072289156628,4.0,NOR,35248.47619047619,30659.0,56233.625,45367.0,35892.583333333336,28389.0,104415.0,292300.0000000002,3.0,,,4.0,3.0,,,,,,7.75,6.5,,,,,,198.75,216.5,,,,,,222.0,227.0,,,,,,113859.5,113448.66666666667,,,,,,105544.0,104415.0,,,,0,0,0,3
2024,14,22.012048192771083,21.4,22.5,60.855421686746986,58.0,65.0,964.7867469879518,964.5,965.0,True,38.3867469879518,35.2,40.9,156.0120481927711,1.5518072289156628,4.0,OCO,,,86032.0,86032.0,57738.0,57738.0,,,,,,,,,,,,,,,,,,,,,,,,,,,,,,,,,,,,,,,,,,,,,,0,0,0,3
2024,14,22.012048192771083,21.4,22.5,60.855421686746986,58.0,65.0,964.7867469879518,964.5,965.0,True,38.3867469879518,35.2,40.9,156.0120481927711,1.5518072289156628,4.0,PER,36188.0,30799.0,58065.09090909091,44895.0,37529.09090909091,28635.0,104329.0,525833.0,2.0,1.0,,,3.0,,,,4.0,,,9.0,,,,220.66666666666666,,,213.375,,,,222.0,,,221.0,,,,106368.66666666667,,,110282.125,,,,105907.0,,,104329.0,,,,0,0,0,3
2024,14,22.012048192771083,21.4,22.5,60.855421686746986,58.0,65.0,964.7867469879518,964.5,965.0,True,38.3867469879518,35.2,40.9,156.0120481927711,1.5518072289156628,4.0,PIA,36199.71428571428,30618.0,54260.083333333336,44675.0,34232.25,28348.0,103903.0,467242.0,2.0,,,3.0,2.0,,,,,,11.307692307692308,3.0,,,,,,204.46153846153845,222.66666666666666,,,,,,223.0,225.0,,,,,,112017.84615384616,119217.33333333333,,,,,,105288.0,103903.0,,,,0,0,0,3
2024,14,22.012048192771083,21.4,22.5,60.855421686746986,58.0,65.0,964.7867469879518,964.5,965.0,True,38.3867469879518,35.2,40.9,156.0120481927711,1.5518072289156628,4.0,RIC,40562.0,30364.0,56559.13043478261,46215.0,35807.47826086957,28371.0,104950.0,228783.75,4.0,1.0,,,5.0,,,,4.25,,,8.444444444444445,,,,222.25,,,195.66666666666666,,,,227.0,,,226.0,,,,117302.5,,,119963.11111111111,,,,106680.0,,,104950.0,,,,0,0,0,3
2024,14,22.012048192771083,21.4,22.5,60.855421686746986,58.0,65.0,964.7867469879518,964.5,965.0,True,38.3867469879518,35.2,40.9,156.0120481927711,1.5518072289156628,4.0,RUS,40691.25,30545.0,58101.65217391304,44935.0,35549.260869565216,28601.0,104225.0,230959.0,4.0,,,5.0,4.0,,,,,,10.444444444444445,3.5,,,,,,214.88888888888889,219.5,,,,,,223.0,221.0,,,,,,109254.0,104316.0,,,,,,104998.0,104225.0,,,,0,0,0,3
2024,14,22.012048192771083,21.4,22.5,60.855421686746986,58.0,65.0,964.7867469879518,964.5,965.0,True,38.3867469879518,35.2,40.9,156.0120481927711,1.5518072289156628,4.0,SAI,37481.52380952381,30971.0,56537.083333333336,44819.0,34632.708333333336,28784.0,104574.0,441782.5,2.0,,,1.0,3.0,,,,,,5.0,8.9,,,,,,221.0,197.8,,,,,,228.0,228.0,,,,,,113079.2,116326.5,,,,,,105549.0,104574.0,,,,0,0,0,3
2024,14,22.012048192771083,21.4,22.5,60.855421686746986,58.0,65.0,964.7867469879518,964.5,965.0,True,38.3867469879518,35.2,40.9,156.0120481927711,1.5518072289156628,4.0,SAR,36918.470588235294,30416.0,55089.85,46271.0,35232.3,28624.0,105311.0,591662.0,2.0,1.0,,,3.0,,,,3.3333333333333335,,,8.125,,,,221.0,,,215.375,,,,222.0,,,223.0,,,,107856.0,,,110172.875,,,,107245.0,,,105311.0,,,,0,0,0,3
2024,14,22.012048192771083,21.4,22.5,60.855421686746986,58.0,65.0,964.7867469879518,964.5,965.0,True,38.3867469879518,35.2,40.9,156.0120481927711,1.5518072289156628,4.0,STR,36938.117647058825,30772.0,56750.3,45265.0,36855.6,28633.0,104699.0,553208.5000000001,2.0,3.0,,,2.0,,,,9.0,,,3.0,,,,217.625,,,221.5,,,,223.0,,,222.0,,,,109324.875,,,104756.5,,,,105957.0,,,104699.0,,,,0,0,0,3
2024,14,22.012048192771083,21.4,22.5,60.855421686746986,58.0,65.0,964.7867469879518,964.5,965.0,True,38.3867469879518,35.2,40.9,156.0120481927711,1.5518072289156628,4.0,TSU,38956.75,30383.0,58275.260869565216,46531.0,34455.30434782609,28489.0,105564.0,343363.6666666666,3.0,4.0,,,3.0,,,,9.818181818181818,,,3.0,,,,199.72727272727272,,,221.5,,,,223.0,,,222.0,,,,117624.72727272728,,,105594.0,,,,106949.0,,,105564.0,,,,0,0,0,3
2024,14,22.012048192771083,21.4,22.5,60.855421686746986,58.0,65.0,964.7867469879518,964.5,965.0,True,38.3867469879518,35.2,40.9,156.0120481927711,1.5518072289156628,4.0,VER,37201.75,30777.0,55434.04347826087,44046.0,33238.434782608696,28477.0,103372.0,303002.0000000002,3.0,4.0,,,3.0,,,,7.142857142857143,,,6.714285714285714,,,,218.71428571428572,,,212.85714285714286,,,,222.0,,,221.0,,,,109865.28571428571,,,108914.85714285714,,,,104524.0,,,103372.0,,,,0,0,0,3
2024,14,22.012048192771083,21.4,22.5,60.855421686746986,58.0,65.0,964.7867469879518,964.5,965.0,True,38.3867469879518,35.2,40.9,156.0120481927711,1.5518072289156628,4.0,ZHO,37596.3,30782.0,59329.391304347824,46264.0,37597.52173913043,28840.0,105995.0,438555.0,2.0,,,3.0,2.0,,,,,,4.444444444444445,3.0,,,,,,215.44444444444446,222.5,,,,,,222.0,223.0,,,,,,110617.44444444444,105997.0,,,,,,106993.0,105995.0,,,,0,0,0,3
2024,15,20.233333333333334,19.4,21.3,83.87654320987654,75.0,92.0,1003.3358024691357,1002.6,1004.1,True,21.725925925925925,20.3,23.8,223.8395061728395,7.109876543209876,9.6,ALB,33549.0,25187.0,33371.5,25968.0,31105.571428571428,22004.0,73159.0,599242.6666666666,3.0,,3.0,,4.0,,,,,1.5,,5.0,,,,,303.5,,283.85714285714283,,,,,306.0,,316.0,,,,,97515.0,,94837.0,,,,,82822.0,,73159.0,,,,0,0,0,4
2024,15,20.233333333333334,19.4,21.3,83.87654320987654,75.0,92.0,1003.3358024691357,1002.6,1004.1,True,21.725925925925925,20.3,23.8,223.8395061728395,7.109876543209876,9.6,ALO,32530.833333333332,25243.0,32747.133333333335,26192.0,30313.8,22606.0,74467.0,426033.0,2.0,,2.0,,3.0,,,,,2.0,,5.5,,,,,310.0,,283.25,,,,,310.0,,320.0,,,,,82173.0,,92566.875,,,,,82173.0,,74467.0,,,,0,0,0,4
2024,15,20.233333333333334,19.4,21.3,83.87654320987654,75.0,92.0,1003.3358024691357,1002.6,1004.1,True,21.725925925925925,20.3,23.8,223.8395061728395,7.109876543209876,9.6,GAS,31956.4,25975.0,34045.125,28846.0,33149.375,24994.0,82036.0,1355099.5,2.0,,2.0,,3.0,,,,,2.0,,2.0,,,,,310.0,,316.0,,,,,310.0,,316.0,,,,,82036.0,,96535.0,,,,,82036.0,,96535.0,,,,0,0,0,4
2024,15,20.233333333333334,19.4,21.3,83.87654320987654,75.0,92.0,1003.3358024691357,1002.6,1004.1,True,21.725925925925925,20.3,23.8,223.8395061728395,7.109876543209876,9.6,HAM,32535.909090909092,24821.0,32398.0,25915.0,32100.846153846152,22124.0,73006.0,862761.0,1.0,,1.0,,2.0,,,,,2.5,,4.5,,,,,309.0,,317.3333333333333,,,,,309.0,,321.0,,,,,88171.0,,87462.83333333333,,,,,84638.0,,73006.0,,,,0,0,0,4
2024,15,20.233333333333334,19.4,21.3,83.87654320987654,75.0,92.0,1003.3358024691357,1002.6,1004.1,True,21.725925925925925,20.3,23.8,223.8395061728395,7.109876543209876,9.6,HUL,34020.92857142857,25214.0,34485.5,26134.0,32740.722222222223,22011.0,73563.0,488931.75,4.0,,3.0,,5.0,,,2.0,,2.0,,4.5,,,4.0,,306.0,,291.6666666666667,,,292.0,,306.0,,319.0,,,294.0,,82164.0,,98756.33333333333,,,93486.33333333333,,82164.0,,73563.0,,,86242.0,0,0,0,4
2024,15,20.233333333333334,19.4,21.3,83.87654320987654,75.0,92.0,1003.3358024691357,1002.6,1004.1,True,21.725925925925925,20.3,23.8,223.8395061728395,7.109876543209876,9.6,LEC,34228.416666666664,25552.0,31906.666666666668,26525.0,32409.333333333332,22229.0,74306.0,445729.2500000001,4.0,,,5.0,,,,2.0,,,5.333333333333333,,,,3.0,,,297.0,,,,291.3333333333333,,,327.0,,,,293.0,,,96946.83333333333,,,,95715.0,,,74306.0,,,,86111.0,0,0,0,4
2024,15,20.233333333333334,19.4,21.3,83.87654320987654,75.0,92.0,1003.3358024691357,1002.6,1004.1,True,21.725925925925925,20.3,23.8,223.8395061728395,7.109876543209876,9.6,MAG,35573.181818181816,25241.0,35134.13333333333,26236.0,33392.73333333333,22120.0,73597.0,570561.75,4.0,,4.0,,5.0,,,,,2.5,,4.0,,,,,309.5,,306.0,,,,,310.0,,324.0,,,,,89652.0,,96953.2,,,,,82920.0,,73597.0,,,,0,0,0,4
2024,15,20.233333333333334,19.4,21.3,83.87654320987654,75.0,92.0,1003.3358024691357,1002.6,1004.1,True,21.725925925925925,20.3,23.8,223.8395061728395,7.109876543209876,9.6,NOR,34140.0,24630.0,32937.23529411765,25931.0,30649.058823529413,21761.0,72322.0,349805.0,3.0,,3.0,,4.0,,,2.0,,2.0,,5.5,,,2.0,,309.0,,308.375,,,294.0,,309.0,,319.0,,,294.0,,80392.0,,90607.125,,,125865.0,,80392.0,,72322.0,,,125865.0,0,0,0,4
2024,15,20.233333333333334,19.4,21.3,83.87654320987654,75.0,92.0,1003.3358024691357,1002.6,1004.1,True,21.725925925925925,20.3,23.8,223.8395061728395,7.109876543209876,9.6,OCO,31772.76923076923,25790.0,32803.933333333334,26811.0,30759.2,22978.0,75796.0,657898.0,1.0,,1.0,,2.0,,,,,4.5,,3.5,,,,,308.0,,318.75,,,,,309.0,,327.0,,,,,89858.66666666667,,85342.25,,,,,81344.0,,75796.0,,,,0,0,0,4
2024,15,20.233333333333334,19.4,21.3,83.87654320987654,75.0,92.0,1003.3358024691357,1002.6,1004.1,True,21.725925925925925,20.3,23.8,223.8395061728395,7.109876543209876,9.6,PER,31270.0,25559.0,32034.75,26380.0,33455.916666666664,22340.0,74279.0,645354.5,2.0,,,,3.0,,,,,,,4.0,,,,,,,320.4,,,,,,,322.0,,,,,,,84099.6,,,,,,,74279.0,,,,0,0,0,4
2024,15,20.233333333333334,19.4,21.3,83.87654320987654,75.0,92.0,1003.3358024691357,1002.6,1004.1,True,21.725925925925925,20.3,23.8,223.8395061728395,7.109876543209876,9.6,PIA,29535.545454545456,24927.0,31741.571428571428,26236.0,30017.285714285714,21919.0,73230.0,611895.5,2.0,,,,3.0,,,,,,,5.5,,,,,,,316.125,,,,,,,318.0,,,,,,,83631.75,,,,,,,73230.0,,,,0,0,0,4
2024,15,20.233333333333334,19.4,21.3,83.87654320987654,75.0,92.0,1003.3358024691357,1002.6,1004.1,True,21.725925925925925,20.3,23.8,223.8395061728395,7.109876543209876,9.6,RIC,33573.583333333336,26057.0,33138.53333333333,27098.0,30401.866666666665,23076.0,76231.0,280507.5,2.0,,2.0,,3.0,,,,,3.0,,4.5,,,,,306.3333333333333,,258.1666666666667,,,,,307.0,,315.0,,,,,89795.0,,93532.16666666667,,,,,81665.0,,76231.0,,,,0,0,0,4
2024,15,20.233333333333334,19.4,21.3,83.87654320987654,75.0,92.0,1003.3358024691357,1002.6,1004.1,True,21.725925925925925,20.3,23.8,223.8395061728395,7.109876543209876,9.6,RUS,32997.0,25002.0,32469.882352941175,26069.0,28027.823529411766,21919.0,73142.0,546799.0,2.0,,2.0,,3.0,,,1.0,,2.0,,5.5,,,2.5,,312.0,,284.25,,,294.0,,312.0,,322.0,,,295.0,,80444.0,,92727.5,,,86562.0,,80444.0,,73142.0,,,86296.0,0,0,0,4
2024,15,20.233333333333334,19.4,21.3,83.87654320987654,75.0,92.0,1003.3358024691357,1002.6,1004.1,True,21.725925925925925,20.3,23.8,223.8395061728395,7.109876543209876,9.6,SAI,34068.916666666664,24978.0,33382.46666666667,26080.0,32386.066666666666,22016.0,73074.0,729641.0,3.0,,3.0,4.0,,,,,,2.5,4.5,,,,,,308.5,317.1666666666667,,,,,,311.0,320.0,,,,,,93283.5,84638.5,,,,,,81320.0,73074.0,,,,,0,0,0,4
2024,15,20.233333333333334,19.4,21.3,83.87654320987654,75.0,92.0,1003.3358024691357,1002.6,1004.1,True,21.725925925925925,20.3,23.8,223.8395061728395,7.109876543209876,9.6,SAR,36513.11111111111,25484.0,32637.333333333332,26894.0,32671.166666666668,22868.0,75605.0,658716.6666666666,3.0,,3.0,,4.0,,,,,1.5,,4.0,,,,,302.5,,230.4,,,,,305.0,,316.0,,,,,103345.0,,96494.0,,,,,85505.0,,75605.0,,,,0,0,0,4
2024,15,20.233333333333334,19.4,21.3,83.87654320987654,75.0,92.0,1003.3358024691357,1002.6,1004.1,True,21.725925925925925,20.3,23.8,223.8395061728395,7.109876543209876,9.6,SHW,30223.545454545456,25569.0,32907.666666666664,26627.0,32168.933333333334,22462.0,74658.0,704626.3333333334,3.0,,3.0,,4.0,,,2.0,,2.5,,3.5,,,3.5,,304.0,,303.75,,,297.5,,305.0,,318.0,,,299.0,,81899.5,,85994.75,,,88457.0,,80857.0,,74658.0,,,87168.0,0,0,0,4
2024,15,20.233333333333334,19.4,21.3,83.87654320987654,75.0,92.0,1003.3358024691357,1002.6,1004.1,True,21.725925925925925,20.3,23.8,223.8395061728395,7.109876543209876,9.6,STR,31131.272727272728,25227.0,33504.42857142857,26363.0,32592.714285714286,22561.0,74151.0,501961.5,2.0,,2.0,,3.0,,,,,2.0,,4.5,,,,,308.0,,316.5,,,,,308.0,,318.0,,,,,84638.0,,87971.33333333333,,,,,84638.0,,74151.0,,,,0,0,0,4
2024,15,20.233333333333334,19.4,21.3,83.87654320987654,75.0,92.0,1003.3358024691357,1002.6,1004.1,True,21.725925925925925,20.3,23.8,223.8395061728395,7.109876543209876,9.6,TSU,33351.8,25737.0,33941.61538461538,26220.0,34064.0,22461.0,74418.0,319614.5,2.0,,2.0,,3.0,,,,,3.0,,3.5,,,,,275.6666666666667,,304.5,,,,,306.0,,317.0,,,,,96579.0,,91855.5,,,,,81970.0,,74418.0,,,,0,0,0,4
2024,15,20.233333333333334,19.4,21.3,83.87654320987654,75.0,92.0,1003.3358024691357,1002.6,1004.1,True,21.725925925925925,20.3,23.8,223.8395061728395,7.109876543209876,9.6,VER,32209.727272727272,24778.0,32018.615384615383,25967.0,31723.615384615383,21778.0,72523.0,939517.0,1.0,,1.0,,2.0,,,,,2.5,,5.0,,,,,310.5,,289.7142857142857,,,,,311.0,,322.0,,,,,86487.0,,99294.85714285714,,,,,81300.0,,72523.0,,,,0,0,0,4
2024,15,20.233333333333334,19.4,21.3,83.87654320987654,75.0,92.0,1003.3358024691357,1002.6,1004.1,True,21.725925925925925,20.3,23.8,223.8395061728395,7.109876543209876,9.6,ZHO,30944.18181818182,25280.0,33569.6,26050.0,33064.933333333334,22635.0,73965.0,724206.6666666666,3.0,,3.0,,4.0,,,2.0,,2.0,,4.0,,,3.5,,296.0,,277.4,,,290.0,,296.0,,320.0,,,290.0,,82939.0,,100611.8,,,88013.0,,82939.0,,73965.0,,,87689.0,0,0,0,4
2024,16,32.7641975308642,32.2,33.4,38.135802469135804,36.0,40.0,996.3456790123457,995.9,996.7,False,50.813580246913574,48.7,52.1,192.23456790123456,1.0333333333333334,2.1,ALB,34666.90476190476,26854.0,34265.75,27796.0,32894.13043478261,27398.0,82220.0,287301.5,4.0,,,5.0,4.0,,,,,,10.454545454545455,3.4,,,,,,284.27272727272725,310.0,,,,,,310.0,314.0,,,,,,89379.36363636363,110584.8,,,,,,82664.0,82220.0,,,,1,0,0,2
2024,16,32.7641975308642,32.2,33.4,38.135802469135804,36.0,40.0,996.3456790123457,995.9,996.7,False,50.813580246913574,48.7,52.1,192.23456790123456,1.0333333333333334,2.1,ALO,41958.2,26953.0,37736.61111111111,27693.0,35916.72222222222,27486.0,82315.0,420430.2500000001,4.0,,,3.0,5.0,,,,,,8.4,3.5,,,,,,305.4,307.0,,,,,,307.0,308.0,,,,,,98352.4,82344.5,,,,,,83349.0,82315.0,,,,1,0,0,2
2024,16,32.7641975308642,32.2,33.4,38.135802469135804,36.0,40.0,996.3456790123457,995.9,996.7,False,50.813580246913574,48.7,52.1,192.23456790123456,1.0333333333333334,2.1,ANT,40748.75,27123.0,35847.6,27976.0,38835.75,27899.0,83955.0,37936.0,1.0,,,,1.0,,,,,,,2.0,,,,,,,312.0,,,,,,,312.0,,,,,,,83955.0,,,,,,,83955.0,,,,1,0,0,2
2024,16,32.7641975308642,32.2,33.4,38.135802469135804,36.0,40.0,996.3456790123457,995.9,996.7,False,50.813580246913574,48.7,52.1,192.23456790123456,1.0333333333333334,2.1,BOT,33116.35294117647,26939.0,35372.9,27804.0,36142.7,27282.0,82127.0,442599.0,3.0,,,1.0,4.0,,,,,,3.5,7.9,,,,,,305.75,299.8,,,,,,309.0,312.0,,,,,,97456.0,97497.9,,,,,,83803.0,82127.0,,,,1,0,0,2
2024,16,32.7641975308642,32.2,33.4,38.135802469135804,36.0,40.0,996.3456790123457,995.9,996.7,False,50.813580246913574,48.7,52.1,192.23456790123456,1.0333333333333334,2.1,COL,33660.5,26989.0,34805.608695652176,28111.0,34147.181818181816,27780.0,82880.0,301021.0,4.0,,,5.0,4.0,,,,,,9.727272727272727,3.0,,,,,,306.0,308.0,,,,,,308.0,311.0,,,,,,90586.54545454546,112092.25,,,,,,84577.0,82880.0,,,,1,0,0,2
2024,16,32.7641975308642,32.2,33.4,38.135802469135804,36.0,40.0,996.3456790123457,995.9,996.7,False,50.813580246913574,48.7,52.1,192.23456790123456,1.0333333333333334,2.1,GAS,36834.05263157895,27053.0,36762.80952380953,27919.0,36222.28571428572,27588.0,82763.0,526398.3333333335,3.0,,,4.0,3.0,,,,,,8.7,3.0,,,,,,284.7,279.4,,,,,,308.0,310.0,,,,,,97967.8,114650.8,,,,,,83476.0,82763.0,,,,1,0,0,2
2024,16,32.7641975308642,32.2,33.4,38.135802469135804,36.0,40.0,996.3456790123457,995.9,996.7,False,50.813580246913574,48.7,52.1,192.23456790123456,1.0333333333333334,2.1,HAM,37204.52380952381,26910.0,37124.34782608696,27702.0,34918.913043478264,27176.0,82214.0,413470.3333333333,3.0,,,,4.0,,,,,,,7.285714285714286,,,,,,,277.2857142857143,,,,,,,312.0,,,,,,,98685.28571428571,,,,,,,82214.0,,,,1,0,0,2
2024,16,32.7641975308642,32.2,33.4,38.135802469135804,36.0,40.0,996.3456790123457,995.9,996.7,False,50.813580246913574,48.7,52.1,192.23456790123456,1.0333333333333334,2.1,HUL,31829.61111111111,27011.0,33262.913043478264,27715.0,35056.681818181816,27713.0,83157.0,383320.25,4.0,,,3.0,5.0,,,,,,6.5,6.75,,,,,,304.1666666666667,270.875,,,,,,307.0,307.0,,,,,,97863.66666666667,95497.5,,,,,,83157.0,83210.0,,,,1,0,0,2
2024,16,32.7641975308642,32.2,33.4,38.135802469135804,36.0,40.0,996.3456790123457,995.9,996.7,False,50.813580246913574,48.7,52.1,192.23456790123456,1.0333333333333334,2.1,LEC,36013.42105263158,27009.0,37200.782608695656,27595.0,35607.5,27297.0,81904.0,340491.25,4.0,,,5.0,4.0,,,,,,9.181818181818182,3.5,,,,,,288.54545454545456,311.0,,,,,,311.0,311.0,,,,,,101344.09090909091,82021.5,,,,,,83023.0,81904.0,,,,1,0,0,2
2024,16,32.7641975308642,32.2,33.4,38.135802469135804,36.0,40.0,996.3456790123457,995.9,996.7,False,50.813580246913574,48.7,52.1,192.23456790123456,1.0333333333333334,2.1,MAG,34158.555555555555,27108.0,37335.72727272727,27634.0,35741.09523809524,27773.0,82572.0,483443.6666666665,3.0,,,4.0,3.0,,,,,,8.777777777777779,3.6666666666666665,,,,,,279.0,304.3333333333333,,,,,,306.0,306.0,,,,,,95111.88888888889,96456.0,,,,,,83340.0,82572.0,,,,1,0,0,2
2024,16,32.7641975308642,32.2,33.4,38.135802469135804,36.0,40.0,996.3456790123457,995.9,996.7,False,50.813580246913574,48.7,52.1,192.23456790123456,1.0333333333333334,2.1,NOR,34508.0,26910.0,33879.28,27601.0,34502.96,27397.0,81917.0,302315.5,4.0,,,3.0,5.0,,,,,,7.333333333333333,6.888888888888889,,,,,,310.1111111111111,286.0,,,,,,312.0,313.0,,,,,,103601.88888888889,95115.77777777778,,,,,,82443.0,81917.0,,,,1,0,0,2
2024,16,32.7641975308642,32.2,33.4,38.135802469135804,36.0,40.0,996.3456790123457,995.9,996.7,False,50.813580246913574,48.7,52.1,192.23456790123456,1.0333333333333334,2.1,OCO,37499.11111111111,27103.0,37308.04761904762,27986.0,36518.76190476191,27758.0,82880.0,526365.6666666666,3.0,,,2.0,4.0,,,,,,7.0,6.166666666666667,,,,,,307.85714285714283,251.83333333333334,,,,,,309.0,314.0,,,,,,99048.28571428571,108369.5,,,,,,83281.0,82880.0,,,,1,0,0,2
2024,16,32.7641975308642,32.2,33.4,38.135802469135804,36.0,40.0,996.3456790123457,995.9,996.7,False,50.813580246913574,48.7,52.1,192.23456790123456,1.0333333333333334,2.1,PER,38896.0,27000.0,39140.85,27711.0,38248.6,27589.0,82311.0,694338.0,2.0,,,,3.0,,,,,,,5.769230769230769,,,,,,,266.38461538461536,,,,,,,309.0,,,,,,,108023.0,,,,,,,82311.0,,,,1,0,0,2
2024,16,32.7641975308642,32.2,33.4,38.135802469135804,36.0,40.0,996.3456790123457,995.9,996.7,False,50.813580246913574,48.7,52.1,192.23456790123456,1.0333333333333334,2.1,PIA,37983.8,26939.0,34284.69565217391,27605.0,34202.434782608696,27572.0,82199.0,290753.0,5.0,,,6.0,5.0,,,,,,10.583333333333334,3.0,,,,,,290.5,289.0,,,,,,311.0,309.0,,,,,,103203.58333333333,105542.66666666667,,,,,,82996.0,82199.0,,,,1,0,0,2
2024,16,32.7641975308642,32.2,33.4,38.135802469135804,36.0,40.0,996.3456790123457,995.9,996.7,False,50.813580246913574,48.7,52.1,192.23456790123456,1.0333333333333334,2.1,RIC,36717.294117647056,27080.0,33414.2,28089.0,34007.0,27436.0,82605.0,362286.5,4.0,,,5.0,,,,,,,6.25,,,,,,,288.1666666666667,,,,,,,312.0,,,,,,,94821.5,,,,,,,82605.0,,,,,1,0,0,2
2024,16,32.7641975308642,32.2,33.4,38.135802469135804,36.0,40.0,996.3456790123457,995.9,996.7,False,50.813580246913574,48.7,52.1,192.23456790123456,1.0333333333333334,2.1,SAI,36278.35,26980.0,35287.30434782609,27535.0,36118.86956521739,27500.0,82126.0,330825.25,4.0,,,5.0,4.0,,,,,,8.818181818181818,4.25,,,,,,290.0,266.75,,,,,,316.0,312.0,,,,,,101843.27272727272,107253.75,,,,,,82511.0,82126.0,,,,1,0,0,2
2024,16,32.7641975308642,32.2,33.4,38.135802469135804,36.0,40.0,996.3456790123457,995.9,996.7,False,50.813580246913574,48.7,52.1,192.23456790123456,1.0333333333333334,2.1,STR,38423.055555555555,27082.0,37993.142857142855,27837.0,37605.857142857145,27881.0,82864.0,752837.0,2.0,,,2.0,3.0,,,,,,6.666666666666667,5.857142857142857,,,,,,305.6666666666667,264.0,,,,,,308.0,306.0,,,,,,102469.33333333333,110159.57142857143,,,,,,83431.0,82864.0,,,,1,0,0,2
2024,16,32.7641975308642,32.2,33.4,38.135802469135804,36.0,40.0,996.3456790123457,995.9,996.7,False,50.813580246913574,48.7,52.1,192.23456790123456,1.0333333333333334,2.1,TSU,35505.63157894737,26914.0,35873.72727272727,28046.0,35348.27272727273,27754.0,82714.0,445689.6666666665,3.0,4.0,,,3.0,,,,9.0,,,3.6666666666666665,,,,287.45454545454544,,,310.3333333333333,,,,311.0,,,311.0,,,,98781.27272727272,,,102004.66666666667,,,,84113.0,,,82714.0,,,,1,0,0,2
2024,16,32.7641975308642,32.2,33.4,38.135802469135804,36.0,40.0,996.3456790123457,995.9,996.7,False,50.813580246913574,48.7,52.1,192.23456790123456,1.0333333333333334,2.1,VER,41177.625,27005.0,39173.555555555555,27481.0,36930.0,27190.0,81676.0,428723.5,4.0,,,,5.0,,,,,,,5.111111111111111,,,,,,,280.3333333333333,,,,,,,311.0,,,,,,,99300.22222222222,,,,,,,81676.0,,,,1,0,0,2
2024,16,32.7641975308642,32.2,33.4,38.135802469135804,36.0,40.0,996.3456790123457,995.9,996.7,False,50.813580246913574,48.7,52.1,192.23456790123456,1.0333333333333334,2.1,ZHO,36678.88888888889,27129.0,36458.57142857143,27856.0,37122.666666666664,27869.0,82854.0,351366.5,4.0,,,5.0,4.0,,,,,,9.777777777777779,3.5,,,,,,277.55555555555554,308.0,,,,,,307.0,308.0,,,,,,92530.22222222222,83144.5,,,,,,83962.0,82854.0,,,,1,0,0,2
2024,17,29.195652173913043,28.0,30.6,39.09782608695652,26.0,50.0,1015.1771739130435,1014.9,1015.6,False,43.68478260869565,39.8,46.2,119.3695652173913,1.6956521739130435,3.5,ALB,46974.7,38353.0,57436.230769230766,43779.0,27122.30769230769,25611.0,107955.0,340326.5,4.0,,,3.0,5.0,,,,,,6.0,5.0,,,,,,336.3333333333333,330.6666666666667,,,,,,339.0,335.0,,,,,,118032.66666666667,120640.66666666667,,,,,,108931.0,107955.0,,,,3,0,0,14
2024,17,29.195652173913043,28.0,30.6,39.09782608695652,26.0,50.0,1015.1771739130435,1014.9,1015.6,False,43.68478260869565,39.8,46.2,119.3695652173913,1.6956521739130435,3.5,ALO,44668.5,37874.0,53056.23529411765,43570.0,29011.882352941175,25008.0,106452.0,483618.3333333333,3.0,,,3.0,4.0,,,,,,4.8,4.0,,,,,,338.0,338.25,,,,,,342.0,344.0,,,,,,121695.0,119828.0,,,,,,107928.0,106452.0,,,,3,0,0,14
2024,17,29.195652173913043,28.0,30.6,39.09782608695652,26.0,50.0,1015.1771739130435,1014.9,1015.6,False,43.68478260869565,39.8,46.2,119.3695652173913,1.6956521739130435,3.5,BEA,45611.8125,37864.0,52143.05,43279.0,28518.45,25830.0,106973.0,302128.6666666667,3.0,,,4.0,3.0,,,,,,10.3,2.0,,,,,,324.6,333.0,,,,,,334.0,333.0,,,,,,112358.7,106973.0,,,,,,108511.0,106973.0,,,,3,0,0,14
2024,17,29.195652173913043,28.0,30.6,39.09782608695652,26.0,50.0,1015.1771739130435,1014.9,1015.6,False,43.68478260869565,39.8,46.2,119.3695652173913,1.6956521739130435,3.5,BOT,45872.307692307695,38232.0,52686.75,43527.0,29239.75,25349.0,107640.0,500029.3333333333,3.0,,,2.0,4.0,,,,,,4.4,6.0,,,,,,331.8,265.75,,,,,,335.0,340.0,,,,,,119215.4,124017.0,,,,,,109378.0,107640.0,,,,3,0,0,14
2024,17,29.195652173913043,28.0,30.6,39.09782608695652,26.0,50.0,1015.1771739130435,1014.9,1015.6,False,43.68478260869565,39.8,46.2,119.3695652173913,1.6956521739130435,3.5,COL,42772.0,38773.0,52623.7,43385.0,26082.88888888889,25315.0,107901.0,338307.5000000001,2.0,,,2.0,3.0,,,,,,4.5,2.0,,,,,,336.0,343.0,,,,,,338.0,343.0,,,,,,112368.5,107901.0,,,,,,108602.0,107901.0,,,,3,0,0,14
2024,17,29.195652173913043,28.0,30.6,39.09782608695652,26.0,50.0,1015.1771739130435,1014.9,1015.6,False,43.68478260869565,39.8,46.2,119.3695652173913,1.6956521739130435,3.5,GAS,44570.82352941176,38825.0,49676.65,44416.0,28980.736842105263,25235.0,108712.0,440110.6666666667,3.0,2.0,,4.0,,,,,5.166666666666667,,6.714285714285714,,,,,336.6666666666667,,294.7142857142857,,,,,340.0,,337.0,,,,,117032.0,,118955.57142857143,,,,,109897.0,,108712.0,,,,,3,0,0,14
2024,17,29.195652173913043,28.0,30.6,39.09782608695652,26.0,50.0,1015.1771739130435,1014.9,1015.6,False,43.68478260869565,39.8,46.2,119.3695652173913,1.6956521739130435,3.5,HAM,48090.78571428572,37625.0,51873.117647058825,43078.0,29136.2,25109.0,105859.0,347341.0,3.0,,,2.0,4.0,,,,,,5.0,5.6,,,,,,307.25,339.8,,,,,,344.0,346.0,,,,,,114405.5,128174.0,,,,,,107618.0,105859.0,,,,3,0,0,14
2024,17,29.195652173913043,28.0,30.6,39.09782608695652,26.0,50.0,1015.1771739130435,1014.9,1015.6,False,43.68478260869565,39.8,46.2,119.3695652173913,1.6956521739130435,3.5,HUL,45280.13333333333,38150.0,50976.61111111111,43369.0,30646.222222222223,25616.0,107135.0,414033.3333333333,3.0,,,4.0,3.0,,,,,,8.444444444444445,2.0,,,,,,313.55555555555554,322.0,,,,,,334.0,322.0,,,,,,118539.22222222222,107135.0,,,,,,108319.0,107135.0,,,,3,0,0,14
2024,17,29.195652173913043,28.0,30.6,39.09782608695652,26.0,50.0,1015.1771739130435,1014.9,1015.6,False,43.68478260869565,39.8,46.2,119.3695652173913,1.6956521739130435,3.5,LEC,44547.333333333336,37505.0,52234.555555555555,43058.0,27151.222222222223,25408.0,106608.0,211759.0,1.0,,,2.0,,,,,,,6.166666666666667,,,,,,,330.0,,,,,,,341.0,,,,,,,116487.33333333333,,,,,,,106608.0,,,,,3,0,0,14
2024,17,29.195652173913043,28.0,30.6,39.09782608695652,26.0,50.0,1015.1771739130435,1014.9,1015.6,False,43.68478260869565,39.8,46.2,119.3695652173913,1.6956521739130435,3.5,NOR,45034.083333333336,37541.0,49999.13333333333,43191.0,28904.0,25295.0,106027.0,383000.0,4.0,,,5.0,4.0,,,,,,9.75,2.0,,,,,,291.0,337.0,,,,,,336.0,337.0,,,,,,114736.25,106027.0,,,,,,107246.0,106027.0,,,,3,0,0,14
2024,17,29.195652173913043,28.0,30.6,39.09782608695652,26.0,50.0,1015.1771739130435,1014.9,1015.6,False,43.68478260869565,39.8,46.2,119.3695652173913,1.6956521739130435,3.5,OCO,40351.0,40351.0,54580.333333333336,48138.0,46215.333333333336,27326.0,,842349.0,1.0,,,,,,,,,,,,,,,,,,,,,,,,,,,,,,,,,,,,,,,,,,,3,0,0,14
2024,17,29.195652173913043,28.0,30.6,39.09782608695652,26.0,50.0,1015.1771739130435,1014.9,1015.6,False,43.68478260869565,39.8,46.2,119.3695652173913,1.6956521739130435,3.5,PER,49275.90909090909,37461.0,56099.07692307692,42921.0,28685.30769230769,25411.0,105922.0,511863.3333333333,3.0,,,1.0,4.0,,,,,,3.0,6.666666666666667,,,,,,336.3333333333333,336.6666666666667,,,,,,339.0,337.0,,,,,,119601.66666666667,106260.0,,,,,,109077.0,105922.0,,,,3,0,0,14
2024,17,29.195652173913043,28.0,30.6,39.09782608695652,26.0,50.0,1015.1771739130435,1014.9,1015.6,False,43.68478260869565,39.8,46.2,119.3695652173913,1.6956521739130435,3.5,PIA,45976.28571428572,37722.0,52625.6875,42949.0,28824.8,25422.0,106282.0,409940.0,4.0,,,5.0,3.0,,,,,,6.0,3.0,,,,,,331.125,336.0,,,,,,338.0,336.0,,,,,,118397.875,106282.0,,,,,,108230.0,106282.0,,,,3,0,0,14
2024,17,29.195652173913043,28.0,30.6,39.09782608695652,26.0,50.0,1015.1771739130435,1014.9,1015.6,False,43.68478260869565,39.8,46.2,119.3695652173913,1.6956521739130435,3.5,RIC,47286.0,37792.0,51959.8,43321.0,29012.45,25574.0,106687.0,305447.0,3.0,,,4.0,3.0,,,,,,9.727272727272727,2.5,,,,,,319.8181818181818,333.5,,,,,,337.0,336.0,,,,,,116760.36363636363,125232.5,,,,,,107739.0,106687.0,,,,3,0,0,14
2024,17,29.195652173913043,28.0,30.6,39.09782608695652,26.0,50.0,1015.1771739130435,1014.9,1015.6,False,43.68478260869565,39.8,46.2,119.3695652173913,1.6956521739130435,3.5,RUS,48894.333333333336,37972.0,54541.75,43316.0,27978.9375,25228.0,106516.0,733369.5,2.0,,,2.0,3.0,,,,,,6.166666666666667,4.333333333333333,,,,,,336.5,241.0,,,,,,340.0,337.0,,,,,,116188.83333333333,117432.66666666667,,,,,,107480.0,106516.0,,,,3,0,0,14
2024,17,29.195652173913043,28.0,30.6,39.09782608695652,26.0,50.0,1015.1771739130435,1014.9,1015.6,False,43.68478260869565,39.8,46.2,119.3695652173913,1.6956521739130435,3.5,SAI,48042.82352941176,37438.0,56497.26315789474,43102.0,28167.38888888889,25419.0,106173.0,342827.3333333333,3.0,,,3.0,4.0,,,,,,6.428571428571429,3.6666666666666665,,,,,,332.7142857142857,333.3333333333333,,,,,,337.0,335.0,,,,,,116985.42857142857,116150.66666666667,,,,,,107204.0,106173.0,,,,3,0,0,14
2024,17,29.195652173913043,28.0,30.6,39.09782608695652,26.0,50.0,1015.1771739130435,1014.9,1015.6,False,43.68478260869565,39.8,46.2,119.3695652173913,1.6956521739130435,3.5,STR,46857.583333333336,38268.0,55012.857142857145,43537.0,28019.153846153848,25225.0,107184.0,839755.0,2.0,,,2.0,3.0,,,,,,5.166666666666667,2.0,,,,,,337.5,341.0,,,,,,343.0,341.0,,,,,,118030.0,107184.0,,,,,,109339.0,107184.0,,,,3,0,0,14
2024,17,29.195652173913043,28.0,30.6,39.09782608695652,26.0,50.0,1015.1771739130435,1014.9,1015.6,False,43.68478260869565,39.8,46.2,119.3695652173913,1.6956521739130435,3.5,TSU,47780.882352941175,37954.0,54168.78947368421,43715.0,29335.055555555555,25723.0,107708.0,384541.33333333343,3.0,,,2.0,4.0,,,,,,5.4,6.166666666666667,,,,,,335.6,325.0,,,,,,338.0,336.0,,,,,,115397.4,116336.83333333333,,,,,,107716.0,107708.0,,,,3,0,0,14
2024,17,29.195652173913043,28.0,30.6,39.09782608695652,26.0,50.0,1015.1771739130435,1014.9,1015.6,False,43.68478260869565,39.8,46.2,119.3695652173913,1.6956521739130435,3.5,VER,47885.07142857143,37434.0,52004.88888888889,42577.0,29431.722222222223,25535.0,105546.0,298980.5,4.0,,,4.0,5.0,,,,,,5.833333333333333,4.5,,,,,,335.8333333333333,339.0,,,,,,337.0,339.0,,,,,,112877.5,105720.5,,,,,,106638.0,105546.0,,,,3,0,0,14
2024,17,29.195652173913043,28.0,30.6,39.09782608695652,26.0,50.0,1015.1771739130435,1014.9,1015.6,False,43.68478260869565,39.8,46.2,119.3695652173913,1.6956521739130435,3.5,ZHO,48196.846153846156,38933.0,55400.64705882353,44580.0,29007.25,25370.0,109052.0,432992.3333333333,3.0,,,2.0,4.0,,,,,,4.75,6.2,,,,,,332.75,273.8,,,,,,334.0,339.0,,,,,,121430.5,125158.8,,,,,,110496.0,109052.0,,,,3,0,0,14
2024,18,31.35,31.2,31.5,64.4375,63.0,67.0,1005.6075000000001,1005.3,1005.9,False,37.114999999999995,35.6,38.8,187.9,2.44875,3.4,ALB,35070.72727272727,27327.0,49489.72,38844.0,31923.24,26280.0,92451.0,397903.9999999999,2.0,3.0,,,2.0,,,,10.692307692307692,,,3.6666666666666665,,,,232.84615384615384,,,253.0,,,,253.0,,,254.0,,,,103528.61538461539,,,108738.33333333333,,,,93543.0,,,92451.0,,,,0,0,0,3
2024,18,31.35,31.2,31.5,64.4375,63.0,67.0,1005.6075000000001,1005.3,1005.9,False,37.114999999999995,35.6,38.8,187.9,2.44875,3.4,ALO,34226.217391304344,27213.0,48094.269230769234,39034.0,33980.192307692305,26363.0,92610.0,436191.0,2.0,3.0,,,2.0,,,,10.384615384615385,,,4.333333333333333,,,,231.53846153846155,,,251.66666666666666,,,,253.0,,,254.0,,,,103282.76923076923,,,105456.33333333333,,,,94092.0,,,92610.0,,,,0,0,0,3
2024,18,31.35,31.2,31.5,64.4375,63.0,67.0,1005.6075000000001,1005.3,1005.9,False,37.114999999999995,35.6,38.8,187.9,2.44875,3.4,BOT,33920.045454545456,27572.0,48320.28,39203.0,34308.16,26535.0,93485.0,479932.5,2.0,,,3.0,2.0,,,,,,9.933333333333334,3.0,,,,,,228.46666666666667,215.33333333333334,,,,,,246.0,249.0,,,,,,111114.53333333334,122173.0,,,,,,95463.0,93485.0,,,,0,0,0,3
2024,18,31.35,31.2,31.5,64.4375,63.0,67.0,1005.6075000000001,1005.3,1005.9,False,37.114999999999995,35.6,38.8,187.9,2.44875,3.4,COL,33901.40909090909,27485.0,48425.12,38760.0,34406.0,26373.0,92618.0,399706.5,2.0,,,3.0,2.0,,,,,,9.5,3.6666666666666665,,,,,,248.5,253.33333333333334,,,,,,254.0,254.0,,,,,,107329.35714285714,109362.33333333333,,,,,,93856.0,92618.0,,,,0,0,0,3
2024,18,31.35,31.2,31.5,64.4375,63.0,67.0,1005.6075000000001,1005.3,1005.9,False,37.114999999999995,35.6,38.8,187.9,2.44875,3.4,GAS,36191.4,27213.0,49688.333333333336,39101.0,33911.22222222222,26272.0,92694.0,603193.0,1.0,1.0,,,2.0,,,,6.0,,,9.545454545454545,,,,244.4,,,230.54545454545453,,,,251.0,,,256.0,,,,95603.6,,,102940.36363636363,,,,94486.0,,,92694.0,,,,0,0,0,3
2024,18,31.35,31.2,31.5,64.4375,63.0,67.0,1005.6075000000001,1005.3,1005.9,False,37.114999999999995,35.6,38.8,187.9,2.44875,3.4,HAM,35479.42857142857,27431.0,48717.375,38991.0,33081.875,26135.0,92679.0,529565.0,2.0,3.0,,,2.0,,,,11.307692307692308,,,3.0,,,,227.0,,,252.5,,,,251.0,,,253.0,,,,101572.30769230769,,,92712.5,,,,94655.0,,,92679.0,,,,0,0,0,3
2024,18,31.35,31.2,31.5,64.4375,63.0,67.0,1005.6075000000001,1005.3,1005.9,False,37.114999999999995,35.6,38.8,187.9,2.44875,3.4,HUL,37095.76190476191,27481.0,46758.833333333336,39289.0,32973.5,26950.0,93797.0,274553.25,4.0,5.0,,,4.0,,,,10.333333333333334,,,3.5,,,,228.5,,,249.0,,,,249.0,,,250.0,,,,104039.58333333333,,,94139.0,,,,95187.0,,,93797.0,,,,0,0,0,3
2024,18,31.35,31.2,31.5,64.4375,63.0,67.0,1005.6075000000001,1005.3,1005.9,False,37.114999999999995,35.6,38.8,187.9,2.44875,3.4,LEC,38570.86956521739,27232.0,49876.5,38468.0,35362.96153846154,25977.0,91763.0,232154.33333333334,3.0,4.0,,,3.0,,,,9.777777777777779,,,4.666666666666667,,,,246.88888888888889,,,250.66666666666666,,,,252.0,,,255.0,,,,96589.22222222222,,,92040.0,,,,92702.0,,,91763.0,,,,0,0,0,3
2024,18,31.35,31.2,31.5,64.4375,63.0,67.0,1005.6075000000001,1005.3,1005.9,False,37.114999999999995,35.6,38.8,187.9,2.44875,3.4,MAG,35984.22222222222,27438.0,52212.0,39264.0,33778.71428571428,26495.0,93377.0,639811.5,2.0,3.0,,,2.0,,,,9.0,,,3.6666666666666665,,,,225.66666666666666,,,252.0,,,,251.0,,,254.0,,,,101644.0,,,108524.0,,,,95358.0,,,93377.0,,,,0,0,0,3
2024,18,31.35,31.2,31.5,64.4375,63.0,67.0,1005.6075000000001,1005.3,1005.9,False,37.114999999999995,35.6,38.8,187.9,2.44875,3.4,NOR,34392.22727272727,27196.0,46931.08,38627.0,33354.84,26011.0,91839.0,319732.3333333333,3.0,,,4.0,3.0,,,,,,11.307692307692308,3.5,,,,,,232.3846153846154,253.0,,,,,,253.0,254.0,,,,,,100201.46153846153,92002.0,,,,,,93199.0,91839.0,,,,0,0,0,3
2024,18,31.35,31.2,31.5,64.4375,63.0,67.0,1005.6075000000001,1005.3,1005.9,False,37.114999999999995,35.6,38.8,187.9,2.44875,3.4,OCO,36274.04,27480.0,49251.2962962963,38905.0,34549.74074074074,26126.0,92615.0,625664.0,1.0,,,1.0,2.0,,,,,,6.833333333333333,8.636363636363637,,,,,,250.16666666666666,231.9090909090909,,,,,,255.0,255.0,,,,,,101792.0,103985.90909090909,,,,,,93871.0,92615.0,,,,0,0,0,3
2024,18,31.35,31.2,31.5,64.4375,63.0,67.0,1005.6075000000001,1005.3,1005.9,False,37.114999999999995,35.6,38.8,187.9,2.44875,3.4,PER,35107.63157894737,27316.0,50309.90909090909,39111.0,37019.681818181816,26293.0,92767.0,596591.5,2.0,,,1.0,3.0,,,,,,4.8,8.11111111111111,,,,,,231.0,220.11111111111111,,,,,,251.0,253.0,,,,,,119436.2,111978.66666666667,,,,,,95590.0,92767.0,,,,0,0,0,3
2024,18,31.35,31.2,31.5,64.4375,63.0,67.0,1005.6075000000001,1005.3,1005.9,False,37.114999999999995,35.6,38.8,187.9,2.44875,3.4,PIA,36163.47826086957,27313.0,45890.92,38807.0,32212.36,26148.0,92369.0,142944.0,3.0,1.0,,,4.0,,,,4.0,,,9.642857142857142,,,,243.2,,,231.28571428571428,,,,254.0,,,255.0,,,,112315.6,,,109928.92857142857,,,,94094.0,,,92369.0,,,,0,0,0,3
2024,18,31.35,31.2,31.5,64.4375,63.0,67.0,1005.6075000000001,1005.3,1005.9,False,37.114999999999995,35.6,38.8,187.9,2.44875,3.4,RIC,35783.529411764706,27249.0,48014.47619047619,38740.0,32653.8,26386.0,92375.0,520211.0,3.0,2.0,,,4.0,,,,5.333333333333333,,,7.285714285714286,,,,250.66666666666666,,,221.71428571428572,,,,252.0,,,254.0,,,,94718.66666666667,,,108501.14285714286,,,,93576.0,,,92375.0,,,,0,0,0,3
2024,18,31.35,31.2,31.5,64.4375,63.0,67.0,1005.6075000000001,1005.3,1005.9,False,37.114999999999995,35.6,38.8,187.9,2.44875,3.4,RUS,33218.27272727273,27237.0,46891.68,38999.0,33317.708333333336,26528.0,93334.0,512270.0,2.0,3.0,,,2.0,,,,13.066666666666666,,,2.0,,,,230.66666666666666,,,253.0,,,,252.0,,,253.0,,,,101322.4,,,93334.0,,,,93793.0,,,93334.0,,,,0,0,0,3
2024,18,31.35,31.2,31.5,64.4375,63.0,67.0,1005.6075000000001,1005.3,1005.9,False,37.114999999999995,35.6,38.8,187.9,2.44875,3.4,SAI,37782.541666666664,27227.0,49318.18518518518,38508.0,34265.11111111111,26153.0,91952.0,185798.5,4.0,5.0,,,4.0,,,,10.727272727272727,,,5.0,,,,227.0909090909091,,,252.0,,,,251.0,,,254.0,,,,105489.36363636363,,,112485.5,,,,93476.0,,,91952.0,,,,0,0,0,3
2024,18,31.35,31.2,31.5,64.4375,63.0,67.0,1005.6075000000001,1005.3,1005.9,False,37.114999999999995,35.6,38.8,187.9,2.44875,3.4,STR,37238.89473684211,27302.0,53312.28571428572,39019.0,36495.76190476191,26320.0,92778.0,1180823.0,1.0,1.0,,,2.0,,,,4.666666666666667,,,7.0,,,,248.0,,,219.85714285714286,,,,250.0,,,252.0,,,,109828.5,,,108102.71428571429,,,,94110.0,,,92778.0,,,,0,0,0,3
2024,18,31.35,31.2,31.5,64.4375,63.0,67.0,1005.6075000000001,1005.3,1005.9,False,37.114999999999995,35.6,38.8,187.9,2.44875,3.4,TSU,36546.47826086957,27362.0,49667.53846153846,38655.0,34007.61538461538,26246.0,92263.0,390532.0,2.0,,,3.0,2.0,,,,,,12.0,3.0,,,,,,229.57142857142858,251.5,,,,,,248.0,252.0,,,,,,104453.14285714286,120620.5,,,,,,94015.0,92263.0,,,,0,0,0,3
2024,18,31.35,31.2,31.5,64.4375,63.0,67.0,1005.6075000000001,1005.3,1005.9,False,37.114999999999995,35.6,38.8,187.9,2.44875,3.4,VER,35131.72222222222,27308.0,49224.77272727273,38783.0,35021.77272727273,26004.0,92097.0,425157.0,3.0,,,4.0,3.0,,,,,,9.6,3.5,,,,,,224.6,249.0,,,,,,252.0,250.0,,,,,,107695.0,92239.0,,,,,,94417.0,92097.0,,,,0,0,0,3
2024,18,31.35,31.2,31.5,64.4375,63.0,67.0,1005.6075000000001,1005.3,1005.9,False,37.114999999999995,35.6,38.8,187.9,2.44875,3.4,ZHO,34723.28571428572,27617.0,48474.708333333336,39254.0,33879.86956521739,26656.0,93585.0,536152.0,2.0,3.0,,,2.0,,,,9.5,,,3.6666666666666665,,,,227.78571428571428,,,247.0,,,,249.0,,,248.0,,,,111773.42857142857,,,110499.33333333333,,,,95906.0,,,93585.0,,,,0,0,0,3
2024,19,25.27777777777778,23.5,26.4,52.24691358024691,47.0,56.0,1004.1839506172839,1003.5,1005.0,False,36.7037037037037,33.9,38.7,158.8641975308642,3.340740740740741,5.4,ALB,37224.47826086957,25534.0,44238.57692307692,37855.0,39690.0,31229.0,94618.0,219803.25000000006,4.0,5.0,,,3.0,,,,9.571428571428571,,,3.0,,,,193.85714285714286,,,185.33333333333334,,,,211.0,,,212.0,,,,113380.0,,,119710.0,,,,96868.0,,,94618.0,,,,0,0,1,6
2024,19,25.27777777777778,23.5,26.4,52.24691358024691,47.0,56.0,1004.1839506172839,1003.5,1005.0,False,36.7037037037037,33.9,38.7,158.8641975308642,3.340740740740741,5.4,ALO,37006.2,25577.0,45736.708333333336,37556.0,39100.0,30979.0,94112.0,223447.7999999999,5.0,6.0,,,5.0,,,,9.461538461538462,,,2.0,,,,198.15384615384616,,,209.0,,,,212.0,,,209.0,,,,114847.69230769231,,,94112.0,,,,95829.0,,,94112.0,,,,0,0,1,6
2024,19,25.27777777777778,23.5,26.4,52.24691358024691,47.0,56.0,1004.1839506172839,1003.5,1005.0,False,36.7037037037037,33.9,38.7,158.8641975308642,3.340740740740741,5.4,BOT,33128.434782608696,25701.0,44543.653846153844,37927.0,38390.307692307695,31413.0,95041.0,313568.3333333333,3.0,,,3.0,4.0,,,,,,11.071428571428571,3.6666666666666665,,,,,,206.35714285714286,139.66666666666666,,,,,,209.0,210.0,,,,,,105530.07142857143,108769.66666666667,,,,,,96011.0,95041.0,,,,0,0,1,6
2024,19,25.27777777777778,23.5,26.4,52.24691358024691,47.0,56.0,1004.1839506172839,1003.5,1005.0,False,36.7037037037037,33.9,38.7,158.8641975308642,3.340740740740741,5.4,COL,35684.791666666664,25763.0,44220.2962962963,37803.0,38305.77777777778,31356.0,95248.0,208437.75,4.0,5.0,,,3.0,,,,10.266666666666667,,,3.0,,,,194.26666666666668,,,185.66666666666666,,,,208.0,,,210.0,,,,108243.93333333333,,,128187.0,,,,97730.0,,,95248.0,,,,0,0,1,6
2024,19,25.27777777777778,23.5,26.4,52.24691358024691,47.0,56.0,1004.1839506172839,1003.5,1005.0,False,36.7037037037037,33.9,38.7,158.8641975308642,3.340740740740741,5.4,GAS,33858.142857142855,25568.0,46189.916666666664,37709.0,38978.208333333336,31098.0,94375.0,560431.5,2.0,2.0,,,3.0,,,,9.0,,,4.8,,,,205.9090909090909,,,169.6,,,,210.0,,,212.0,,,,109415.45454545454,,,118684.4,,,,96915.0,,,94375.0,,,,0,0,1,6
2024,19,25.27777777777778,23.5,26.4,52.24691358024691,47.0,56.0,1004.1839506172839,1003.5,1005.0,False,36.7037037037037,33.9,38.7,158.8641975308642,3.340740740740741,5.4,HAM,35265.38888888889,25455.0,48129.09090909091,37576.0,39128.954545454544,30932.0,93963.0,408470.3333333333,3.0,3.0,,,4.0,,,,7.857142857142857,,,4.25,,,,206.71428571428572,,,199.75,,,,211.0,,,213.0,,,,105997.28571428571,,,108790.0,,,,97111.0,,,93963.0,,,,0,0,1,6
2024,19,25.27777777777778,23.5,26.4,52.24691358024691,47.0,56.0,1004.1839506172839,1003.5,1005.0,False,36.7037037037037,33.9,38.7,158.8641975308642,3.340740740740741,5.4,HUL,32053.380952380954,25774.0,46127.375,37729.0,38771.791666666664,30861.0,94364.0,537580.5,2.0,2.0,,,3.0,,,,9.76923076923077,,,4.0,,,,203.84615384615384,,,161.0,,,,208.0,,,212.0,,,,107252.0,,,120274.66666666667,,,,96502.0,,,94364.0,,,,0,0,1,6
2024,19,25.27777777777778,23.5,26.4,52.24691358024691,47.0,56.0,1004.1839506172839,1003.5,1005.0,False,36.7037037037037,33.9,38.7,158.8641975308642,3.340740740740741,5.4,LAW,33740.4,25577.0,46006.32142857143,37557.0,38033.5,31147.0,94443.0,200848.99999999985,3.0,2.0,,,4.0,,,,10.125,,,4.8,,,,197.3125,,,175.4,,,,210.0,,,214.0,,,,113096.25,,,122429.6,,,,96079.0,,,94443.0,,,,0,0,1,6
2024,19,25.27777777777778,23.5,26.4,52.24691358024691,47.0,56.0,1004.1839506172839,1003.5,1005.0,False,36.7037037037037,33.9,38.7,158.8641975308642,3.340740740740741,5.4,LEC,32459.541666666668,25267.0,46573.0,37482.0,39911.37037037037,30728.0,93623.0,361972.0,2.0,2.0,,,3.0,,,,10.538461538461538,,,4.5,,,,207.6153846153846,,,170.33333333333334,,,,214.0,,,214.0,,,,104966.92307692308,,,125345.5,,,,94966.0,,,93623.0,,,,0,0,1,6
2024,19,25.27777777777778,23.5,26.4,52.24691358024691,47.0,56.0,1004.1839506172839,1003.5,1005.0,False,36.7037037037037,33.9,38.7,158.8641975308642,3.340740740740741,5.4,MAG,34780.666666666664,25340.0,50204.166666666664,37792.0,39399.958333333336,30964.0,94096.0,435775.0,2.0,2.0,,,3.0,,,,10.7,,,3.5,,,,204.2,,,175.75,,,,206.0,,,213.0,,,,98301.9,,,123140.75,,,,96811.0,,,94096.0,,,,0,0,1,6
2024,19,25.27777777777778,23.5,26.4,52.24691358024691,47.0,56.0,1004.1839506172839,1003.5,1005.0,False,36.7037037037037,33.9,38.7,158.8641975308642,3.340740740740741,5.4,NOR,32248.090909090908,25579.0,44146.44,37508.0,37784.6,30781.0,93868.0,394711.0,3.0,3.0,,,4.0,,,,10.928571428571429,,,3.0,,,,206.85714285714286,,,146.0,,,,211.0,,,209.0,,,,107647.5,,,119217.66666666667,,,,95765.0,,,93868.0,,,,0,0,1,6
2024,19,25.27777777777778,23.5,26.4,52.24691358024691,47.0,56.0,1004.1839506172839,1003.5,1005.0,False,36.7037037037037,33.9,38.7,158.8641975308642,3.340740740740741,5.4,OCO,33218.142857142855,25745.0,46719.416666666664,37873.0,37551.916666666664,30991.0,94806.0,563123.5,2.0,2.0,,,3.0,,,,8.333333333333334,,,4.8,,,,206.08333333333334,,,174.6,,,,209.0,,,213.0,,,,109542.41666666667,,,115567.8,,,,96470.0,,,94806.0,,,,0,0,1,6
2024,19,25.27777777777778,23.5,26.4,52.24691358024691,47.0,56.0,1004.1839506172839,1003.5,1005.0,False,36.7037037037037,33.9,38.7,158.8641975308642,3.340740740740741,5.4,PER,33936.42857142857,25472.0,46097.083333333336,37897.0,39722.5,31183.0,94638.0,349476.3333333333,3.0,1.0,,,4.0,,,,5.0,,,9.333333333333334,,,,201.0,,,187.77777777777777,,,,211.0,,,207.0,,,,113404.5,,,105654.88888888889,,,,96096.0,,,94638.0,,,,0,0,1,6
2024,19,25.27777777777778,23.5,26.4,52.24691358024691,47.0,56.0,1004.1839506172839,1003.5,1005.0,False,36.7037037037037,33.9,38.7,158.8641975308642,3.340740740740741,5.4,PIA,33181.086956521736,25579.0,45243.769230769234,37466.0,37491.230769230766,30863.0,93908.0,296538.3333333333,3.0,3.0,,,4.0,,,,12.428571428571429,,,3.0,,,,201.28571428571428,,,160.0,,,,208.0,,,210.0,,,,101341.28571428571,,,118420.66666666667,,,,96294.0,,,93908.0,,,,0,0,1,6
2024,19,25.27777777777778,23.5,26.4,52.24691358024691,47.0,56.0,1004.1839506172839,1003.5,1005.0,False,36.7037037037037,33.9,38.7,158.8641975308642,3.340740740740741,5.4,RUS,35335.12,25399.0,46315.74074074074,37617.0,38901.192307692305,30980.0,94093.0,338097.5,2.0,2.0,,,3.0,,,,11.76923076923077,,,3.0,,,,199.30769230769232,,,210.33333333333334,,,,209.0,,,214.0,,,,101783.38461538461,,,111109.66666666667,,,,95452.0,,,94093.0,,,,0,0,1,6
2024,19,25.27777777777778,23.5,26.4,52.24691358024691,47.0,56.0,1004.1839506172839,1003.5,1005.0,False,36.7037037037037,33.9,38.7,158.8641975308642,3.340740740740741,5.4,SAI,34351.318181818184,25340.0,46194.72,37479.0,37453.0,30783.0,93602.0,343734.0,3.0,2.0,,,4.0,,,,9.083333333333334,,,5.0,,,,205.58333333333334,,,170.5,,,,208.0,,,209.0,,,,106605.41666666667,,,112748.25,,,,94717.0,,,93602.0,,,,0,0,1,6
2024,19,25.27777777777778,23.5,26.4,52.24691358024691,47.0,56.0,1004.1839506172839,1003.5,1005.0,False,36.7037037037037,33.9,38.7,158.8641975308642,3.340740740740741,5.4,STR,35989.666666666664,25567.0,48080.666666666664,37922.0,41273.916666666664,31034.0,94619.0,305509.0,3.0,3.0,,,4.0,,,,8.9,,,4.333333333333333,,,,206.9,,,164.33333333333334,,,,209.0,,,212.0,,,,102610.9,,,116951.66666666667,,,,96248.0,,,94619.0,,,,0,0,1,6
2024,19,25.27777777777778,23.5,26.4,52.24691358024691,47.0,56.0,1004.1839506172839,1003.5,1005.0,False,36.7037037037037,33.9,38.7,158.8641975308642,3.340740740740741,5.4,TSU,30689.75,25520.0,44710.4,37671.0,36489.4,31122.0,94313.0,381585.3333333333,3.0,2.0,,,4.0,,,,8.5,,,2.0,,,,196.0,,,206.0,,,,207.0,,,206.0,,,,109847.58333333333,,,94313.0,,,,96234.0,,,94313.0,,,,0,0,1,6
2024,19,25.27777777777778,23.5,26.4,52.24691358024691,47.0,56.0,1004.1839506172839,1003.5,1005.0,False,36.7037037037037,33.9,38.7,158.8641975308642,3.340740740740741,5.4,VER,33840.9,25258.0,47534.30434782609,37561.0,40009.13043478261,30833.0,93855.0,564539.0,2.0,1.0,,,3.0,,,,4.0,,,9.9,,,,203.0,,,187.0,,,,205.0,,,207.0,,,,96280.0,,,104396.3,,,,95538.0,,,93855.0,,,,0,0,1,6
2024,19,25.27777777777778,23.5,26.4,52.24691358024691,47.0,56.0,1004.1839506172839,1003.5,1005.0,False,36.7037037037037,33.9,38.7,158.8641975308642,3.340740740740741,5.4,ZHO,33522.769230769234,26516.0,47618.53333333333,38902.0,40352.26666666667,31801.0,97219.0,273812.5,2.0,,,,3.0,,,,,,,9.285714285714286,,,,,,,203.57142857142858,,,,,,,207.0,,,,,,,100188.28571428571,,,,,,,97219.0,,,,0,0,1,6
2024,20,19.534177215189874,17.6,21.1,45.139240506329116,34.0,57.0,784.5962025316455,784.0,785.2,False,45.617721518987345,42.1,48.6,208.873417721519,1.6050632911392404,3.9,ALB,30789.833333333332,28330.0,40253.333333333336,30849.0,30784.166666666668,20633.0,79812.0,,,1.0,,,,,,,4.0,,,,,,,242.6,,,,,,,246.0,,,,,,,101188.8,,,,,,,79812.0,,,,,,,2,0,0,3
2024,20,19.534177215189874,17.6,21.1,45.139240506329116,34.0,57.0,784.5962025316455,784.0,785.2,False,45.617721518987345,42.1,48.6,208.873417721519,1.6050632911392404,3.9,ANT,33984.42857142857,28011.0,37031.31578947369,30742.0,27760.777777777777,20426.0,79200.0,461233.7499999999,4.0,3.0,,,5.0,,,,6.8,,,4.0,,,,245.4,,,202.25,,,,246.0,,,249.0,,,,82169.0,,,99045.25,,,,80731.0,,,79200.0,,,,2,0,0,3
2024,20,19.534177215189874,17.6,21.1,45.139240506329116,34.0,57.0,784.5962025316455,784.0,785.2,False,45.617721518987345,42.1,48.6,208.873417721519,1.6050632911392404,3.9,BEA,31610.2,28532.0,36276.6,31672.0,25031.0,21052.0,81256.0,668643.0,1.0,2.0,,,,,,,4.333333333333333,,,,,,,245.33333333333334,,,,,,,248.0,,,,,,,88012.0,,,,,,,81256.0,,,,,,,2,0,0,3
2024,20,19.534177215189874,17.6,21.1,45.139240506329116,34.0,57.0,784.5962025316455,784.0,785.2,False,45.617721518987345,42.1,48.6,208.873417721519,1.6050632911392404,3.9,BOT,35353.31578947369,27924.0,34850.13636363636,30457.0,26258.863636363636,20563.0,79048.0,387914.75,4.0,5.0,,,4.0,,,,10.727272727272727,,,3.5,,,,228.0909090909091,,,232.5,,,,248.0,,,251.0,,,,91525.63636363637,,,91946.5,,,,80353.0,,,79048.0,,,,2,0,0,3
2024,20,19.534177215189874,17.6,21.1,45.139240506329116,34.0,57.0,784.5962025316455,784.0,785.2,False,45.617721518987345,42.1,48.6,208.873417721519,1.6050632911392404,3.9,COL,33782.11111111111,28068.0,36329.5,30453.0,26178.7,20422.0,79109.0,578792.0,2.0,3.0,,,2.0,,,,8.090909090909092,,,3.5,,,,225.27272727272728,,,231.0,,,,245.0,,,247.0,,,,91178.0,,,101274.0,,,,80843.0,,,79109.0,,,,2,0,0,3
2024,20,19.534177215189874,17.6,21.1,45.139240506329116,34.0,57.0,784.5962025316455,784.0,785.2,False,45.617721518987345,42.1,48.6,208.873417721519,1.6050632911392404,3.9,DRU,33971.846153846156,28131.0,39716.76470588235,30838.0,29150.470588235294,20468.0,79819.0,670562.6666666666,3.0,3.0,,,4.0,,,,8.0,,,3.5,,,,244.8,,,219.25,,,,246.0,,,249.0,,,,93162.6,,,108298.0,,,,81416.0,,,79819.0,,,,2,0,0,3
2024,20,19.534177215189874,17.6,21.1,45.139240506329116,34.0,57.0,784.5962025316455,784.0,785.2,False,45.617721518987345,42.1,48.6,208.873417721519,1.6050632911392404,3.9,GAS,40689.5,28059.0,36008.88888888889,30771.0,25027.333333333332,20486.0,79340.0,372255.2,5.0,6.0,,,5.0,,,,8.25,,,3.6666666666666665,,,,211.875,,,249.33333333333334,,,,248.0,,,250.0,,,,91987.25,,,95784.33333333333,,,,81195.0,,,79340.0,,,,2,0,0,3
2024,20,19.534177215189874,17.6,21.1,45.139240506329116,34.0,57.0,784.5962025316455,784.0,785.2,False,45.617721518987345,42.1,48.6,208.873417721519,1.6050632911392404,3.9,HUL,35125.42857142857,27815.0,36260.23529411765,30456.0,27648.647058823528,20633.0,78904.0,474731.25,4.0,5.0,,,4.0,,,,6.571428571428571,,,3.6666666666666665,,,,223.71428571428572,,,250.66666666666666,,,,249.0,,,251.0,,,,92815.71428571429,,,106044.66666666667,,,,80657.0,,,78904.0,,,,2,0,0,3
2024,20,19.534177215189874,17.6,21.1,45.139240506329116,34.0,57.0,784.5962025316455,784.0,785.2,False,45.617721518987345,42.1,48.6,208.873417721519,1.6050632911392404,3.9,LAW,35895.818181818184,28100.0,36378.48,30552.0,26024.875,20441.0,79093.0,325889.0,4.0,3.0,,,5.0,,,,8.666666666666666,,,6.0,,,,245.44444444444446,,,212.375,,,,247.0,,,249.0,,,,94406.55555555556,,,100305.25,,,,80749.0,,,79093.0,,,,2,0,0,3
2024,20,19.534177215189874,17.6,21.1,45.139240506329116,34.0,57.0,784.5962025316455,784.0,785.2,False,45.617721518987345,42.1,48.6,208.873417721519,1.6050632911392404,3.9,MAG,36431.68421052631,27885.0,36387.217391304344,30586.0,25658.727272727272,20812.0,79335.0,405696.74999999994,4.0,5.0,,,4.0,,,,10.6,,,3.5,,,,226.2,,,223.75,,,,250.0,,,252.0,,,,89524.7,,,100250.0,,,,80354.0,,,79335.0,,,,2,0,0,3
2024,20,19.534177215189874,17.6,21.1,45.139240506329116,34.0,57.0,784.5962025316455,784.0,785.2,False,45.617721518987345,42.1,48.6,208.873417721519,1.6050632911392404,3.9,OCO,34482.333333333336,28002.0,36060.09523809524,30581.0,25856.0,20413.0,78996.0,555169.6666666666,3.0,4.0,,,3.0,,,,9.1,,,3.5,,,,230.9,,,229.0,,,,248.0,,,249.0,,,,88463.2,,,103171.0,,,,81023.0,,,78996.0,,,,2,0,0,3
2024,20,19.534177215189874,17.6,21.1,45.139240506329116,34.0,57.0,784.5962025316455,784.0,785.2,False,45.617721518987345,42.1,48.6,208.873417721519,1.6050632911392404,3.9,OWA,32274.41176470588,27967.0,36251.15789473684,30771.0,24811.263157894737,20557.0,79295.0,876727.0,2.0,2.0,,,3.0,,,,6.166666666666667,,,6.0,,,,246.83333333333334,,,221.66666666666666,,,,249.0,,,249.0,,,,92220.0,,,90057.55555555556,,,,82122.0,,,79295.0,,,,2,0,0,3
2024,20,19.534177215189874,17.6,21.1,45.139240506329116,34.0,57.0,784.5962025316455,784.0,785.2,False,45.617721518987345,42.1,48.6,208.873417721519,1.6050632911392404,3.9,PER,34605.26315789474,28052.0,37045.434782608696,30304.0,26255.090909090908,20540.0,79094.0,526984.6666666666,3.0,4.0,,,3.0,,,,10.090909090909092,,,3.5,,,,225.27272727272728,,,233.75,,,,247.0,,,246.0,,,,92804.90909090909,,,97250.5,,,,80144.0,,,79094.0,,,,2,0,0,3
2024,20,19.534177215189874,17.6,21.1,45.139240506329116,34.0,57.0,784.5962025316455,784.0,785.2,False,45.617721518987345,42.1,48.6,208.873417721519,1.6050632911392404,3.9,PIA,32164.65,27943.0,35794.13043478261,30408.0,26136.545454545456,20607.0,78958.0,506845.0,3.0,4.0,,,3.0,,,,12.066666666666666,,,2.0,,,,234.66666666666666,,,247.0,,,,248.0,,,247.0,,,,90868.13333333333,,,78958.0,,,,80515.0,,,78958.0,,,,2,0,0,3
2024,20,19.534177215189874,17.6,21.1,45.139240506329116,34.0,57.0,784.5962025316455,784.0,785.2,False,45.617721518987345,42.1,48.6,208.873417721519,1.6050632911392404,3.9,RUS,33623.95,27713.0,36845.782608695656,29930.0,24695.772727272728,20355.0,77998.0,496968.3333333333,3.0,4.0,,,3.0,,,,12.333333333333334,,,2.0,,,,231.93333333333334,,,251.0,,,,250.0,,,251.0,,,,89944.33333333333,,,77998.0,,,,79519.0,,,77998.0,,,,2,0,0,3
2024,20,19.534177215189874,17.6,21.1,45.139240506329116,34.0,57.0,784.5962025316455,784.0,785.2,False,45.617721518987345,42.1,48.6,208.873417721519,1.6050632911392404,3.9,SAI,37557.55,27724.0,35634.391304347824,30243.0,25068.304347826088,20229.0,78315.0,277798.8,5.0,6.0,,,5.0,,,,11.0,,,3.5,,,,233.66666666666666,,,250.0,,,,251.0,,,250.0,,,,89529.0,,,78444.0,,,,79407.0,,,78315.0,,,,2,0,0,3
2024,20,19.534177215189874,17.6,21.1,45.139240506329116,34.0,57.0,784.5962025316455,784.0,785.2,False,45.617721518987345,42.1,48.6,208.873417721519,1.6050632911392404,3.9,SHW,34916.92307692308,28228.0,36627.705882352944,30997.0,26233.875,20763.0,79988.0,372630.0,5.0,5.0,,,6.0,,,,9.5,,,3.0,,,,244.0,,,249.33333333333334,,,,247.0,,,250.0,,,,86693.66666666667,,,96572.66666666667,,,,80888.0,,,79988.0,,,,2,0,0,3
2024,20,19.534177215189874,17.6,21.1,45.139240506329116,34.0,57.0,784.5962025316455,784.0,785.2,False,45.617721518987345,42.1,48.6,208.873417721519,1.6050632911392404,3.9,STR,35790.642857142855,28105.0,39902.61111111111,30958.0,27610.235294117647,20537.0,79600.0,644003.0,3.0,3.0,,,4.0,,,,8.0,,,4.0,,,,243.6,,,195.4,,,,244.0,,,249.0,,,,93943.0,,,108181.0,,,,80544.0,,,79600.0,,,,2,0,0,3
2024,20,19.534177215189874,17.6,21.1,45.139240506329116,34.0,57.0,784.5962025316455,784.0,785.2,False,45.617721518987345,42.1,48.6,208.873417721519,1.6050632911392404,3.9,TSU,36334.35,28035.0,36259.434782608696,30421.0,25071.590909090908,20243.0,78699.0,369295.5,4.0,5.0,,,4.0,,,,10.333333333333334,,,3.6666666666666665,,,,225.08333333333334,,,248.66666666666666,,,,248.0,,,250.0,,,,92279.41666666667,,,101017.0,,,,80469.0,,,78699.0,,,,2,0,0,3
2024,20,19.534177215189874,17.6,21.1,45.139240506329116,34.0,57.0,784.5962025316455,784.0,785.2,False,45.617721518987345,42.1,48.6,208.873417721519,1.6050632911392404,3.9,VER,31905.11111111111,28054.0,33791.230769230766,30279.0,24929.25,20506.0,78839.0,624820.3333333334,3.0,4.0,,,3.0,,,,6.8,,,2.0,,,,240.8,,,242.0,,,,247.0,,,242.0,,,,82020.6,,,78839.0,,,,80085.0,,,78839.0,,,,2,0,0,3
2024,21,26.103658536585368,25.7,26.4,54.9390243902439,48.0,59.0,928.0024390243902,927.6,928.4,False,54.140243902439025,49.7,57.5,180.59756097560975,1.0865853658536584,2.1,ALB,28485.48,18145.0,46774.892857142855,36572.0,20742.89285714286,16238.0,70955.0,152401.14285714278,7.0,,,8.0,6.0,,,,,,11.5625,2.0,,,,,,287.5,319.0,,,,,,325.0,319.0,,,,,,91955.8125,70955.0,,,,,,72373.0,70955.0,,,,0,0,0,0
2024,21,26.103658536585368,25.7,26.4,54.9390243902439,48.0,59.0,928.0024390243902,927.6,928.4,False,54.140243902439025,49.7,57.5,180.59756097560975,1.0865853658536584,2.1,ALO,25152.272727272728,18255.0,47083.846153846156,36714.0,21832.5,16245.999999999998,71215.0,289255.6,5.0,,,6.0,5.0,,,,,,10.875,2.0,,,,,,293.625,332.0,,,,,,332.0,332.0,,,,,,92563.1875,71215.0,,,,,,71984.0,71215.0,,,,0,0,0,0
2024,21,26.103658536585368,25.7,26.4,54.9390243902439,48.0,59.0,928.0024390243902,927.6,928.4,False,54.140243902439025,49.7,57.5,180.59756097560975,1.0865853658536584,2.1,BEA,26219.36,18486.0,47837.73333333333,36143.0,20060.233333333334,16175.999999999998,70805.0,215779.4,5.0,,,4.0,6.0,,,,,,12.785714285714286,5.0,,,,,,314.64285714285717,230.5,,,,,,334.0,326.0,,,,,,80048.5,89839.25,,,,,,72891.0,70805.0,,,,0,0,0,0
2024,21,26.103658536585368,25.7,26.4,54.9390243902439,48.0,59.0,928.0024390243902,927.6,928.4,False,54.140243902439025,49.7,57.5,180.59756097560975,1.0865853658536584,2.1,BOT,23973.26923076923,18585.0,44805.24137931035,36624.0,20212.724137931036,16442.0,71651.0,336734.75,4.0,,,3.0,5.0,,,,,,11.625,4.8,,,,,,308.125,249.0,,,,,,320.0,318.0,,,,,,84189.0,96415.4,,,,,,73282.0,71651.0,,,,0,0,0,0
2024,21,26.103658536585368,25.7,26.4,54.9390243902439,48.0,59.0,928.0024390243902,927.6,928.4,False,54.140243902439025,49.7,57.5,180.59756097560975,1.0865853658536584,2.1,COL,28753.464285714286,18358.0,47538.83870967742,36621.0,21385.870967741936,16569.0,71619.0,110371.85714285714,7.0,,,8.0,6.0,,,,,,13.5,3.0,,,,,,299.22222222222223,323.5,,,,,,325.0,324.0,,,,,,91585.0,98534.5,,,,,,72614.0,71619.0,,,,0,0,0,0
2024,21,26.103658536585368,25.7,26.4,54.9390243902439,48.0,59.0,928.0024390243902,927.6,928.4,False,54.140243902439025,49.7,57.5,180.59756097560975,1.0865853658536584,2.1,GAS,25658.833333333332,18330.0,47587.51851851852,36425.0,20448.85185185185,16367.0,71216.0,452114.0,3.0,,,2.0,4.0,,,,,,10.875,4.25,,,,,,304.25,260.75,,,,,,332.0,329.0,,,,,,89615.5,99449.5,,,,,,72050.0,71216.0,,,,0,0,0,0
2024,21,26.103658536585368,25.7,26.4,54.9390243902439,48.0,59.0,928.0024390243902,927.6,928.4,False,54.140243902439025,49.7,57.5,180.59756097560975,1.0865853658536584,2.1,HAM,23690.222222222223,18356.0,48256.53333333333,36780.0,22102.666666666668,16618.0,71754.0,484156.0,2.0,,,3.0,,,,,,,15.434782608695652,,,,,,,291.30434782608694,,,,,,,323.0,,,,,,,92229.60869565218,,,,,,,71754.0,,,,,0,0,0,0
2024,21,26.103658536585368,25.7,26.4,54.9390243902439,48.0,59.0,928.0024390243902,927.6,928.4,False,54.140243902439025,49.7,57.5,180.59756097560975,1.0865853658536584,2.1,HUL,25541.81818181818,18164.0,47133.88461538462,36447.0,21509.115384615383,16461.0,71124.0,329080.0,4.0,,,3.0,5.0,,,,,,10.461538461538462,4.333333333333333,,,,,,305.7692307692308,241.33333333333334,,,,,,329.0,326.0,,,,,,84456.92307692308,91356.33333333333,,,,,,72483.0,71124.0,,,,0,0,0,0
2024,21,26.103658536585368,25.7,26.4,54.9390243902439,48.0,59.0,928.0024390243902,927.6,928.4,False,54.140243902439025,49.7,57.5,180.59756097560975,1.0865853658536584,2.1,LAW,29047.217391304348,18412.0,47411.46153846154,36493.0,20025.884615384617,16396.0,71301.0,240515.4,5.0,,,5.0,6.0,,,,,,2.0,11.133333333333333,,,,,,325.0,293.8,,,,,,325.0,324.0,,,,,,71301.0,92012.46666666666,,,,,,71301.0,72304.0,,,,0,0,0,0
2024,21,26.103658536585368,25.7,26.4,54.9390243902439,48.0,59.0,928.0024390243902,927.6,928.4,False,54.140243902439025,49.7,57.5,180.59756097560975,1.0865853658536584,2.1,LEC,24792.071428571428,18210.0,49256.032258064515,36459.0,20036.25806451613,16238.0,71038.0,310795.3333333333,3.0,,,3.0,4.0,,,,,,11.0625,5.5,,,,,,313.4375,262.625,,,,,,328.0,323.0,,,,,,90260.625,97682.25,,,,,,72037.0,71038.0,,,,0,0,0,0
2024,21,26.103658536585368,25.7,26.4,54.9390243902439,48.0,59.0,928.0024390243902,927.6,928.4,False,54.140243902439025,49.7,57.5,180.59756097560975,1.0865853658536584,2.1,NOR,24460.423076923078,18046.0,47360.8275862069,36194.0,20161.51724137931,16305.0,70610.0,279391.25,4.0,,,3.0,5.0,,,,,,11.470588235294118,4.25,,,,,,301.52941176470586,256.0,,,,,,334.0,324.0,,,,,,88736.4705882353,98320.75,,,,,,72641.0,70610.0,,,,0,0,0,0
2024,21,26.103658536585368,25.7,26.4,54.9390243902439,48.0,59.0,928.0024390243902,927.6,928.4,False,54.140243902439025,49.7,57.5,180.59756097560975,1.0865853658536584,2.1,OCO,24786.478260869564,18648.0,48176.230769230766,36622.0,21305.30769230769,16540.0,71827.0,455841.3333333333,3.0,,,2.0,4.0,,,,,,9.933333333333334,4.25,,,,,,302.3333333333333,259.75,,,,,,335.0,324.0,,,,,,89341.26666666666,98464.75,,,,,,72509.0,71827.0,,,,0,0,0,0
2024,21,26.103658536585368,25.7,26.4,54.9390243902439,48.0,59.0,928.0024390243902,927.6,928.4,False,54.140243902439025,49.7,57.5,180.59756097560975,1.0865853658536584,2.1,PER,26229.36,18397.0,45545.57142857143,36694.0,21093.10714285714,16559.0,71845.0,263936.59999999986,5.0,,,6.0,5.0,,,,,,13.61111111111111,2.0,,,,,,292.3888888888889,324.0,,,,,,326.0,324.0,,,,,,92787.44444444444,71845.0,,,,,,72099.0,71845.0,,,,0,0,0,0
2024,21,26.103658536585368,25.7,26.4,54.9390243902439,48.0,59.0,928.0024390243902,927.6,928.4,False,54.140243902439025,49.7,57.5,180.59756097560975,1.0865853658536584,2.1,PIA,24202.40740740741,18289.0,45290.2,36242.0,19653.866666666665,16338.999999999998,70950.0,282961.5,4.0,,,3.0,5.0,,,,,,12.058823529411764,4.8,,,,,,308.70588235294116,252.8,,,,,,325.0,325.0,,,,,,84008.29411764706,97685.0,,,,,,72388.0,70950.0,,,,0,0,0,0
2024,21,26.103658536585368,25.7,26.4,54.9390243902439,48.0,59.0,928.0024390243902,927.6,928.4,False,54.140243902439025,49.7,57.5,180.59756097560975,1.0865853658536584,2.1,RUS,22078.238095238095,18328.0,44672.208333333336,36023.0,20265.708333333332,16440.0,70791.0,820789.5,2.0,,,1.0,3.0,,,,,,4.5,9.333333333333334,,,,,,300.6666666666667,283.0833333333333,,,,,,323.0,321.0,,,,,,100278.16666666667,78642.25,,,,,,71806.0,70791.0,,,,0,0,0,0
2024,21,26.103658536585368,25.7,26.4,54.9390243902439,48.0,59.0,928.0024390243902,927.6,928.4,False,54.140243902439025,49.7,57.5,180.59756097560975,1.0865853658536584,2.1,SAI,27210.703703703704,18276.0,48823.333333333336,36314.0,20375.033333333333,16402.0,71100.0,240392.75,4.0,,,3.0,5.0,,,,,,11.75,5.0,,,,,,314.5,253.0,,,,,,325.0,323.0,,,,,,87572.3125,90401.0,,,,,,72101.0,71100.0,,,,0,0,0,0
2024,21,26.103658536585368,25.7,26.4,54.9390243902439,48.0,59.0,928.0024390243902,927.6,928.4,False,54.140243902439025,49.7,57.5,180.59756097560975,1.0865853658536584,2.1,STR,24424.434782608696,18321.0,52651.153846153844,36883.0,20448.46153846154,16579.0,71783.0,271898.75,4.0,,,4.0,5.0,,,,,,10.625,3.0,,,,,,303.125,301.0,,,,,,328.0,323.0,,,,,,93342.5,103581.0,,,,,,72278.0,71783.0,,,,0,0,0,0
2024,21,26.103658536585368,25.7,26.4,54.9390243902439,48.0,59.0,928.0024390243902,927.6,928.4,False,54.140243902439025,49.7,57.5,180.59756097560975,1.0865853658536584,2.1,TSU,25835.045454545456,18315.0,46617.32,36618.0,21924.92,16550.0,71483.0,348352.2500000001,4.0,,,4.0,5.0,,,,,,2.0,11.375,,,,,,320.0,290.25,,,,,,320.0,324.0,,,,,,71483.0,94011.75,,,,,,71483.0,73007.0,,,,0,0,0,0
2024,21,26.103658536585368,25.7,26.4,54.9390243902439,48.0,59.0,928.0024390243902,927.6,928.4,False,54.140243902439025,49.7,57.5,180.59756097560975,1.0865853658536584,2.1,VER,24327.555555555555,18154.0,43757.26666666667,36235.0,19184.933333333334,16565.0,71712.0,275198.0,4.0,,,5.0,,,,,,,14.909090909090908,,,,,,,299.40909090909093,,,,,,,326.0,,,,,,,84222.54545454546,,,,,,,71712.0,,,,,0,0,0,0
2024,21,26.103658536585368,25.7,26.4,54.9390243902439,48.0,59.0,928.0024390243902,927.6,928.4,False,54.140243902439025,49.7,57.5,180.59756097560975,1.0865853658536584,2.1,ZHO,25452.791666666668,18857.0,49040.07407407407,37230.0,21716.423076923078,16498.0,72883.0,445164.3333333332,3.0,,,2.0,4.0,,,,,,9.357142857142858,4.8,,,,,,295.57142857142856,317.8,,,,,,324.0,320.0,,,,,,91286.0,94672.8,,,,,,73749.0,72883.0,,,,0,0,0,0
2024,22,14.065060240963856,13.3,14.6,19.626506024096386,17.0,22.0,947.4734939759037,947.2,947.7,False,15.683132530120483,14.9,16.5,212.16867469879517,0.9951807228915663,1.7,ALB,32291.333333333332,27244.0,37473.0,32551.000000000004,41563.653846153844,37111.0,96948.0,430024.5,2.0,,,2.0,3.0,,,,,,7.1,6.0,,,,,,294.2,286.09090909090907,,,,,,309.0,314.0,,,,,,106453.5,113337.45454545454,,,,,,99084.0,96948.0,,,,0,0,0,7
2024,22,14.065060240963856,13.3,14.6,19.626506024096386,17.0,22.0,947.4734939759037,947.2,947.7,False,15.683132530120483,14.9,16.5,212.16867469879517,0.9951807228915663,1.7,ALO,31378.727272727272,27101.0,36206.76,32279.000000000004,42923.68,36882.0,96262.0,474294.0,2.0,,,2.0,3.0,,,,,,8.833333333333334,5.0,,,,,,305.0833333333333,261.57142857142856,,,,,,315.0,318.0,,,,,,104638.08333333333,114150.0,,,,,,98645.0,96262.0,,,,0,0,0,7
2024,22,14.065060240963856,13.3,14.6,19.626506024096386,17.0,22.0,947.4734939759037,947.2,947.7,False,15.683132530120483,14.9,16.5,212.16867469879517,0.9951807228915663,1.7,BOT,31551.772727272728,27562.0,36752.84,32864.0,42834.08,37339.0,97765.0,557605.4999999998,2.0,,,3.0,2.0,,,,,,8.166666666666666,5.0,,,,,,276.9166666666667,314.0,,,,,,312.0,318.0,,,,,,109430.41666666667,108308.57142857143,,,,,,100313.0,97765.0,,,,0,0,0,7
2024,22,14.065060240963856,13.3,14.6,19.626506024096386,17.0,22.0,947.4734939759037,947.2,947.7,False,15.683132530120483,14.9,16.5,212.16867469879517,0.9951807228915663,1.7,COL,33903.846153846156,27897.0,37315.92857142857,32555.0,42054.75,37486.0,98025.0,239983.0,3.0,,,4.0,3.0,,,,,,10.066666666666666,5.0,,,,,,285.1333333333333,312.7142857142857,,,,,,317.0,315.0,,,,,,108597.53333333334,111035.14285714286,,,,,,98025.0,98624.0,,,,0,0,0,7
2024,22,14.065060240963856,13.3,14.6,19.626506024096386,17.0,22.0,947.4734939759037,947.2,947.7,False,15.683132530120483,14.9,16.5,212.16867469879517,0.9951807228915663,1.7,GAS,32396.85714285714,27407.0,37076.708333333336,32209.000000000004,42325.666666666664,36861.0,96478.0,639309.5,2.0,,,2.0,3.0,,,,,,6.5,7.0,,,,,,309.125,286.1818181818182,,,,,,318.0,319.0,,,,,,107222.75,109765.18181818182,,,,,,97458.0,96478.0,,,,0,0,0,7
2024,22,14.065060240963856,13.3,14.6,19.626506024096386,17.0,22.0,947.4734939759037,947.2,947.7,False,15.683132530120483,14.9,16.5,212.16867469879517,0.9951807228915663,1.7,HAM,31697.521739130436,26784.0,35832.38461538462,31811.0,42347.307692307695,36406.0,95001.0,490411.5,2.0,,,2.0,3.0,,,,,,10.125,3.5,,,,,,309.8125,249.75,,,,,,319.0,320.0,,,,,,105758.8125,115417.75,,,,,,96927.0,95001.0,,,,0,0,0,7
2024,22,14.065060240963856,13.3,14.6,19.626506024096386,17.0,22.0,947.4734939759037,947.2,947.7,False,15.683132530120483,14.9,16.5,212.16867469879517,0.9951807228915663,1.7,HUL,34430.619047619046,27385.0,36774.791666666664,32595.0,42739.333333333336,37220.0,97200.0,261249.5,4.0,,,5.0,3.0,,,,,,8.363636363636363,4.0,,,,,,284.72727272727275,313.6,,,,,,313.0,316.0,,,,,,106445.18181818182,110865.0,,,,,,99353.0,97200.0,,,,0,0,0,7
2024,22,14.065060240963856,13.3,14.6,19.626506024096386,17.0,22.0,947.4734939759037,947.2,947.7,False,15.683132530120483,14.9,16.5,212.16867469879517,0.9951807228915663,1.7,LAW,32926.68,27796.0,38711.857142857145,32750.0,43045.17857142857,37807.0,98730.0,332928.5,2.0,,,3.0,2.0,,,,,,10.470588235294118,4.0,,,,,,290.11764705882354,313.8,,,,,,316.0,315.0,,,,,,112220.11764705883,112311.8,,,,,,99412.0,98730.0,,,,0,0,0,7
2024,22,14.065060240963856,13.3,14.6,19.626506024096386,17.0,22.0,947.4734939759037,947.2,947.7,False,15.683132530120483,14.9,16.5,212.16867469879517,0.9951807228915663,1.7,LEC,32021.125,26998.0,37331.444444444445,31884.0,43424.59259259259,37125.0,96007.0,442882.99999999977,2.0,,,3.0,2.0,,,,,,9.071428571428571,5.0,,,,,,281.07142857142856,309.7142857142857,,,,,,311.0,316.0,,,,,,107927.14285714286,112374.85714285714,,,,,,97642.0,96007.0,,,,0,0,0,7
2024,22,14.065060240963856,13.3,14.6,19.626506024096386,17.0,22.0,947.4734939759037,947.2,947.7,False,15.683132530120483,14.9,16.5,212.16867469879517,0.9951807228915663,1.7,MAG,36503.95238095238,27224.0,37753.5,32327.0,43153.333333333336,37199.0,96811.0,363166.0,3.0,,,4.0,3.0,,,,,,8.545454545454545,4.8,,,,,,287.45454545454544,310.6,,,,,,315.0,316.0,,,,,,108739.36363636363,112989.2,,,,,,98443.0,96811.0,,,,0,0,0,7
2024,22,14.065060240963856,13.3,14.6,19.626506024096386,17.0,22.0,947.4734939759037,947.2,947.7,False,15.683132530120483,14.9,16.5,212.16867469879517,0.9951807228915663,1.7,NOR,31246.291666666668,27102.0,35957.77777777778,32104.0,41946.81481481482,36709.0,95954.0,329952.3333333333,3.0,,,4.0,3.0,,,,,,9.785714285714286,4.5,,,,,,279.7857142857143,309.3333333333333,,,,,,320.0,319.0,,,,,,107809.92857142857,103665.0,,,,,,97396.0,95954.0,,,,0,0,0,7
2024,22,14.065060240963856,13.3,14.6,19.626506024096386,17.0,22.0,947.4734939759037,947.2,947.7,False,15.683132530120483,14.9,16.5,212.16867469879517,0.9951807228915663,1.7,OCO,31951.68181818182,27409.0,35984.6,32570.999999999996,42387.08,37099.0,97152.0,390851.3333333335,3.0,,,4.0,3.0,,,,,,9.384615384615385,4.5,,,,,,289.46153846153845,315.5,,,,,,317.0,319.0,,,,,,108273.76923076923,104168.83333333333,,,,,,98058.0,97152.0,,,,0,0,0,7
2024,22,14.065060240963856,13.3,14.6,19.626506024096386,17.0,22.0,947.4734939759037,947.2,947.7,False,15.683132530120483,14.9,16.5,212.16867469879517,0.9951807228915663,1.7,PER,32743.869565217392,27063.0,38192.72,32281.0,42263.0,37124.0,96536.0,995512.0,1.0,,,,2.0,,,,,,,6.857142857142857,,,,,,,296.14285714285717,,,,,,,315.0,,,,,,,111986.57142857143,,,,,,,96536.0,,,,0,0,0,7
2024,22,14.065060240963856,13.3,14.6,19.626506024096386,17.0,22.0,947.4734939759037,947.2,947.7,False,15.683132530120483,14.9,16.5,212.16867469879517,0.9951807228915663,1.7,PIA,33217.34782608696,27048.0,37766.92307692308,32344.0,42142.269230769234,37059.0,96451.0,271669.25,4.0,,,5.0,4.0,,,,,,12.266666666666667,4.0,,,,,,297.53333333333336,316.0,,,,,,321.0,318.0,,,,,,108706.46666666666,109645.2,,,,,,98360.0,96451.0,,,,0,0,0,7
2024,22,14.065060240963856,13.3,14.6,19.626506024096386,17.0,22.0,947.4734939759037,947.2,947.7,False,15.683132530120483,14.9,16.5,212.16867469879517,0.9951807228915663,1.7,RUS,33085.18518518518,26911.0,37217.34482758621,31926.0,41287.41379310345,36395.0,95397.0,292616.0,2.0,,,2.0,3.0,,,,,,10.705882352941176,4.0,,,,,,315.29411764705884,280.2857142857143,,,,,,320.0,324.0,,,,,,105898.64705882352,119395.57142857143,,,,,,97059.0,95397.0,,,,0,0,0,7
2024,22,14.065060240963856,13.3,14.6,19.626506024096386,17.0,22.0,947.4734939759037,947.2,947.7,False,15.683132530120483,14.9,16.5,212.16867469879517,0.9951807228915663,1.7,SAI,32216.608695652172,26917.0,37965.92307692308,32012.0,42419.11538461538,37277.0,96218.0,439257.49999999977,2.0,,,1.0,2.0,,3.0,,,,7.5,4.0,,3.0,,,,303.1666666666667,306.0,,228.66666666666666,,,,309.0,309.0,,305.0,,,,111004.25,120030.8,,103844.66666666667,,,,97821.0,96218.0,,98897.0,,0,0,0,7
2024,22,14.065060240963856,13.3,14.6,19.626506024096386,17.0,22.0,947.4734939759037,947.2,947.7,False,15.683132530120483,14.9,16.5,212.16867469879517,0.9951807228915663,1.7,STR,31992.636363636364,27348.0,36493.72,32213.0,42570.84,37130.0,96817.0,504505.5,2.0,,,2.0,3.0,,,,,,8.833333333333334,5.0,,,,,,296.5833333333333,273.57142857142856,,,,,,317.0,314.0,,,,,,103021.33333333333,114720.42857142857,,,,,,98362.0,96817.0,,,,0,0,0,7
2024,22,14.065060240963856,13.3,14.6,19.626506024096386,17.0,22.0,947.4734939759037,947.2,947.7,False,15.683132530120483,14.9,16.5,212.16867469879517,0.9951807228915663,1.7,TSU,33085.8,27794.0,39969.82608695652,32842.0,45543.086956521736,37635.0,98574.0,616967.0,2.0,,,1.0,3.0,,,,,,7.0,3.2,,,,,,290.6363636363636,309.4,,,,,,315.0,315.0,,,,,,115388.0,113622.8,,,,,,99112.0,98574.0,,,,0,0,0,7
2024,22,14.065060240963856,13.3,14.6,19.626506024096386,17.0,22.0,947.4734939759037,947.2,947.7,False,15.683132530120483,14.9,16.5,212.16867469879517,0.9951807228915663,1.7,VER,34684.65217391304,26964.0,39759.36,31992.0,44551.56,37082.0,96038.0,862332.0,1.0,,,,2.0,,,,,,,6.9,,,,,,,286.4,,,,,,,314.0,,,,,,,116939.25,,,,,,,96038.0,,,,0,0,0,7
2024,22,14.065060240963856,13.3,14.6,19.626506024096386,17.0,22.0,947.4734939759037,947.2,947.7,False,15.683132530120483,14.9,16.5,212.16867469879517,0.9951807228915663,1.7,ZHO,34311.3,27630.0,39896.17391304348,33068.0,44222.086956521736,37652.0,98350.0,587655.0,2.0,,,1.0,3.0,,,,,,4.5,7.7272727272727275,,,,,,270.5,284.54545454545456,,,,,,291.0,317.0,,,,,,112223.16666666667,114659.36363636363,,,,,,105008.0,98350.0,,,,0,0,0,7
2024,23,20.334567901234568,19.8,21.3,57.864197530864196,51.0,61.0,1018.130864197531,1017.7,1018.5,False,25.320987654320987,24.3,26.7,141.85185185185185,3.35679012345679,5.1,ALB,42023.46153846154,30730.0,32632.896551724138,27791.0,29221.344827586207,24551.0,83161.0,172202.2000000001,5.0,6.0,,,5.0,,,,10.6875,,,3.6666666666666665,,,,260.6875,,,274.3333333333333,,,,274.0,,,276.0,,,,96638.3125,,,104696.33333333333,,,,84532.0,,,83161.0,,,,0,0,0,0
2024,23,20.334567901234568,19.8,21.3,57.864197530864196,51.0,61.0,1018.130864197531,1017.7,1018.5,False,25.320987654320987,24.3,26.7,141.85185185185185,3.35679012345679,5.1,ALO,38894.5,30869.0,33879.583333333336,28049.0,32759.391304347828,24309.0,83227.0,376683.6666666667,3.0,,,4.0,3.0,,,,,,10.2,2.0,,,,,,258.8,278.0,,,,,,282.0,278.0,,,,,,103184.06666666667,83227.0,,,,,,84159.0,83227.0,,,,0,0,0,0
2024,23,20.334567901234568,19.8,21.3,57.864197530864196,51.0,61.0,1018.130864197531,1017.7,1018.5,False,25.320987654320987,24.3,26.7,141.85185185185185,3.35679012345679,5.1,BOT,37975.46153846154,30771.0,31947.344827586207,27650.0,30125.758620689656,24629.0,83064.0,339200.6666666667,3.0,,,3.0,4.0,,,,,,10.8,5.0,,,,,,263.3333333333333,243.42857142857142,,,,,,272.0,275.0,,,,,,96870.2,101464.85714285714,,,,,,85058.0,83064.0,,,,0,0,0,0
2024,23,20.334567901234568,19.8,21.3,57.864197530864196,51.0,61.0,1018.130864197531,1017.7,1018.5,False,25.320987654320987,24.3,26.7,141.85185185185185,3.35679012345679,5.1,COL,39948.42307692308,31228.0,32956.379310344826,28322.0,30075.206896551725,24650.0,84200.0,169934.75,4.0,5.0,,,4.0,,,,11.176470588235293,,,3.6666666666666665,,,,258.47058823529414,,,274.3333333333333,,,,273.0,,,276.0,,,,97108.82352941176,,,102673.33333333333,,,,85857.0,,,84200.0,,,,0,0,0,0
2024,23,20.334567901234568,19.8,21.3,57.864197530864196,51.0,61.0,1018.130864197531,1017.7,1018.5,False,25.320987654320987,24.3,26.7,141.85185185185185,3.35679012345679,5.1,GAS,39976.44,31033.0,32444.85714285714,28114.0,30085.60714285714,24344.0,83620.0,348595.0,3.0,,,4.0,,,,,,,14.476190476190476,,,,,,,258.76190476190476,,,,,,,279.0,,,,,,,99046.85714285714,,,,,,,83620.0,,,,,0,0,0,0
2024,23,20.334567901234568,19.8,21.3,57.864197530864196,51.0,61.0,1018.130864197531,1017.7,1018.5,False,25.320987654320987,24.3,26.7,141.85185185185185,3.35679012345679,5.1,HAM,40397.63636363636,30659.0,33638.653846153844,28029.0,30262.28,24500.0,83188.0,340243.3333333333,3.0,,,4.0,3.0,,,,,,11.2,2.0,,,,,,262.0,280.0,,,,,,278.0,280.0,,,,,,92311.6,83188.0,,,,,,84839.0,83188.0,,,,0,0,0,0
2024,23,20.334567901234568,19.8,21.3,57.864197530864196,51.0,61.0,1018.130864197531,1017.7,1018.5,False,25.320987654320987,24.3,26.7,141.85185185185185,3.35679012345679,5.1,HUL,35986.52173913043,30717.0,32062.814814814814,27842.0,29306.185185185186,24569.0,83245.0,392872.3333333333,3.0,,,2.0,4.0,,,,,,10.333333333333334,5.0,,,,,,272.53333333333336,214.25,,,,,,278.0,271.0,,,,,,93065.0,96596.0,,,,,,84816.0,83245.0,,,,0,0,0,0
2024,23,20.334567901234568,19.8,21.3,57.864197530864196,51.0,61.0,1018.130864197531,1017.7,1018.5,False,25.320987654320987,24.3,26.7,141.85185185185185,3.35679012345679,5.1,LAW,40207.11538461538,30935.0,33821.06896551724,28121.0,30379.344827586207,24394.0,83562.0,296317.3333333333,3.0,,,3.0,4.0,,,,,,11.533333333333333,4.5,,,,,,268.93333333333334,236.5,,,,,,273.0,278.0,,,,,,98599.53333333334,106883.0,,,,,,85229.0,83562.0,,,,0,0,0,0
2024,23,20.334567901234568,19.8,21.3,57.864197530864196,51.0,61.0,1018.130864197531,1017.7,1018.5,False,25.320987654320987,24.3,26.7,141.85185185185185,3.35679012345679,5.1,LEC,40440.37037037037,30334.0,33905.5,27701.0,31063.6,23918.0,81953.0,164951.2,5.0,3.0,,,6.0,,,,10.8,,,4.8,,,,274.2,,,234.0,,,,278.0,,,279.0,,,,95367.2,,,104594.4,,,,83419.0,,,81953.0,,,,0,0,0,0
2024,23,20.334567901234568,19.8,21.3,57.864197530864196,51.0,61.0,1018.130864197531,1017.7,1018.5,False,25.320987654320987,24.3,26.7,141.85185185185185,3.35679012345679,5.1,MAG,43151.5,30909.0,35248.7037037037,28022.0,30116.185185185186,24636.0,83715.0,470025.5,2.0,,,2.0,3.0,,,,,,11.153846153846153,4.5,,,,,,273.3076923076923,244.0,,,,,,275.0,282.0,,,,,,99133.46153846153,107855.66666666667,,,,,,85389.0,83715.0,,,,0,0,0,0
2024,23,20.334567901234568,19.8,21.3,57.864197530864196,51.0,61.0,1018.130864197531,1017.7,1018.5,False,25.320987654320987,24.3,26.7,141.85185185185185,3.35679012345679,5.1,NOR,36444.75,30272.0,32359.625,27973.0,31570.5,24133.0,82378.0,443753.3333333333,3.0,,,4.0,3.0,,,,,,9.928571428571429,2.5,,,,,,258.57142857142856,279.5,,,,,,278.0,281.0,,,,,,98031.92857142857,94680.5,,,,,,83726.0,82378.0,,,,0,0,0,0
2024,23,20.334567901234568,19.8,21.3,57.864197530864196,51.0,61.0,1018.130864197531,1017.7,1018.5,False,25.320987654320987,24.3,26.7,141.85185185185185,3.35679012345679,5.1,OCO,44455.68421052631,31145.0,34526.23809523809,28283.0,32261.761904761905,24534.0,84280.0,538238.6666666666,3.0,,,4.0,3.0,,,,,,9.076923076923077,1.0,,,,,,258.38461538461536,278.0,,,,,,277.0,278.0,,,,,,103232.0,146241.0,,,,,,84280.0,146241.0,,,,0,0,0,0
2024,23,20.334567901234568,19.8,21.3,57.864197530864196,51.0,61.0,1018.130864197531,1017.7,1018.5,False,25.320987654320987,24.3,26.7,141.85185185185185,3.35679012345679,5.1,PER,40359.954545454544,30956.0,33281.307692307695,28310.0,32911.846153846156,24579.0,84039.0,277669.0,4.0,,,5.0,4.0,,,,,,11.5625,2.0,,,,,,261.5625,280.0,,,,,,280.0,280.0,,,,,,99899.9375,84039.0,,,,,,84995.0,84039.0,,,,0,0,0,0
2024,23,20.334567901234568,19.8,21.3,57.864197530864196,51.0,61.0,1018.130864197531,1017.7,1018.5,False,25.320987654320987,24.3,26.7,141.85185185185185,3.35679012345679,5.1,PIA,38540.086956521736,30354.0,32352.884615384617,28007.0,29005.884615384617,24064.0,82425.0,399521.3333333333,3.0,,,2.0,4.0,,,,,,10.333333333333334,4.25,,,,,,274.4,216.25,,,,,,278.0,279.0,,,,,,93262.73333333334,108088.75,,,,,,84086.0,82425.0,,,,0,0,0,0
2024,23,20.334567901234568,19.8,21.3,57.864197530864196,51.0,61.0,1018.130864197531,1017.7,1018.5,False,25.320987654320987,24.3,26.7,141.85185185185185,3.35679012345679,5.1,RUS,39113.391304347824,30730.0,34764.77777777778,28176.0,29131.23076923077,24254.0,83160.0,319588.0,3.0,,,4.0,3.0,,,,,,12.8125,2.0,,,,,,262.0625,280.0,,,,,,285.0,280.0,,,,,,93299.0,83160.0,,,,,,84275.0,83160.0,,,,0,0,0,0
2024,23,20.334567901234568,19.8,21.3,57.864197530864196,51.0,61.0,1018.130864197531,1017.7,1018.5,False,25.320987654320987,24.3,26.7,141.85185185185185,3.35679012345679,5.1,SAI,42122.96296296296,30532.0,34172.2,27915.0,30027.6,24088.0,82535.0,148168.2,5.0,3.0,,,6.0,,,,10.941176470588236,,,4.25,,,,275.0,,,221.5,,,,279.0,,,279.0,,,,99786.94117647059,,,107878.0,,,,83068.0,,,82535.0,,,,0,0,0,0
2024,23,20.334567901234568,19.8,21.3,57.864197530864196,51.0,61.0,1018.130864197531,1017.7,1018.5,False,25.320987654320987,24.3,26.7,141.85185185185185,3.35679012345679,5.1,STR,38621.35,30884.0,33818.5,27847.0,30262.82608695652,24368.0,83099.0,404344.6666666667,3.0,,,4.0,3.0,,,,,,10.2,2.0,,,,,,256.4,277.0,,,,,,273.0,277.0,,,,,,99574.8,83099.0,,,,,,85056.0,83099.0,,,,0,0,0,0
2024,23,20.334567901234568,19.8,21.3,57.864197530864196,51.0,61.0,1018.130864197531,1017.7,1018.5,False,25.320987654320987,24.3,26.7,141.85185185185185,3.35679012345679,5.1,TSU,41430.041666666664,30757.0,33103.666666666664,27893.0,29674.25925925926,24395.0,83045.0,276717.5,4.0,,,3.0,5.0,,,,,,10.533333333333333,4.25,,,,,,271.8666666666667,221.75,,,,,,274.0,277.0,,,,,,98121.6,109775.0,,,,,,84466.0,83045.0,,,,0,0,0,0
2024,23,20.334567901234568,19.8,21.3,57.864197530864196,51.0,61.0,1018.130864197531,1017.7,1018.5,False,25.320987654320987,24.3,26.7,141.85185185185185,3.35679012345679,5.1,VER,38861.36363636364,30811.0,31914.153846153848,28017.0,29763.46153846154,24384.0,83213.0,300041.0,4.0,,,5.0,4.0,,,,,,11.8125,2.0,,,,,,257.8125,270.0,,,,,,279.0,270.0,,,,,,95637.1875,83213.0,,,,,,83885.0,83213.0,,,,0,0,0,0
2024,23,20.334567901234568,19.8,21.3,57.864197530864196,51.0,61.0,1018.130864197531,1017.7,1018.5,False,25.320987654320987,24.3,26.7,141.85185185185185,3.35679012345679,5.1,ZHO,38817.875,30988.0,34098.37037037037,28027.0,29412.923076923078,24762.0,83880.0,319615.0,3.0,,,2.0,4.0,,,,,,9.5,5.333333333333333,,,,,,263.85714285714283,233.16666666666666,,,,,,270.0,273.0,,,,,,96748.07142857143,102082.33333333333,,,,,,86430.0,83880.0,,,,0,0,0,0
2024,24,27.948780487804882,27.8,28.3,56.19512195121951,55.0,58.0,1016.9780487804878,1016.6,1017.4,False,41.56829268292683,39.9,42.7,210.91463414634146,2.112195121951219,3.6,ALO,24989.052631578947,17451.0,51184.65217391304,36826.0,41568.65217391304,31214.0,85504.0,302356.75,4.0,,,4.0,5.0,,,,,,10.142857142857142,4.333333333333333,,,,,,215.42857142857142,174.33333333333334,,,,,,222.0,216.0,,,,,,109075.85714285714,92446.0,,,,,,85903.0,85504.0,,,,0,0,0,2
2024,24,27.948780487804882,27.8,28.3,56.19512195121951,55.0,58.0,1016.9780487804878,1016.6,1017.4,False,41.56829268292683,39.9,42.7,210.91463414634146,2.112195121951219,3.6,BOT,22690.05,17708.0,46284.82608695652,36674.0,40386.34782608696,30961.0,85611.0,443137.0,3.0,,,1.0,4.0,,,,,,3.75,9.9,,,,,,214.0,194.7,,,,,,216.0,217.0,,,,,,100461.5,92351.3,,,,,,86884.0,85611.0,,,,0,0,0,2
2024,24,27.948780487804882,27.8,28.3,56.19512195121951,55.0,58.0,1016.9780487804878,1016.6,1017.4,False,41.56829268292683,39.9,42.7,210.91463414634146,2.112195121951219,3.6,BRO,20711.263157894737,17814.0,43735.40909090909,36890.0,41378.63636363636,31815.0,86519.0,487096.0000000001,2.0,,,3.0,2.0,,,,,,8.5,3.5,,,,,,215.25,204.25,,,,,,219.0,220.0,,,,,,99944.58333333333,110712.5,,,,,,87503.0,86519.0,,,,0,0,0,2
2024,24,27.948780487804882,27.8,28.3,56.19512195121951,55.0,58.0,1016.9780487804878,1016.6,1017.4,False,41.56829268292683,39.9,42.7,210.91463414634146,2.112195121951219,3.6,COL,21117.21052631579,17470.0,43262.291666666664,36589.0,39748.958333333336,31323.0,85382.0,333912.5,4.0,,,5.0,3.0,,,,,,10.642857142857142,2.0,,,,,,198.57142857142858,214.0,,,,,,222.0,214.0,,,,,,100616.5,85382.0,,,,,,86243.0,85382.0,,,,0,0,0,2
2024,24,27.948780487804882,27.8,28.3,56.19512195121951,55.0,58.0,1016.9780487804878,1016.6,1017.4,False,41.56829268292683,39.9,42.7,210.91463414634146,2.112195121951219,3.6,DOO,24899.0,17643.0,48395.458333333336,36920.0,41024.416666666664,31626.0,86304.0,381095.0000000002,3.0,,,4.0,3.0,,,,,,9.090909090909092,3.5,,,,,,214.36363636363637,195.75,,,,,,219.0,219.0,,,,,,99948.18181818182,108488.5,,,,,,86795.0,86304.0,,,,0,0,0,2
2024,24,27.948780487804882,27.8,28.3,56.19512195121951,55.0,58.0,1016.9780487804878,1016.6,1017.4,False,41.56829268292683,39.9,42.7,210.91463414634146,2.112195121951219,3.6,DRU,22525.666666666668,17525.0,47749.818181818184,36765.0,40245.681818181816,31181.0,85471.0,495056.6666666667,3.0,,,3.0,4.0,,,,,,10.0,4.333333333333333,,,,,,208.88888888888889,157.66666666666666,,,,,,221.0,216.0,,,,,,102766.66666666667,104515.33333333333,,,,,,86685.0,85471.0,,,,0,0,0,2
2024,24,27.948780487804882,27.8,28.3,56.19512195121951,55.0,58.0,1016.9780487804878,1016.6,1017.4,False,41.56829268292683,39.9,42.7,210.91463414634146,2.112195121951219,3.6,GAS,27150.238095238095,17587.0,48919.75,36649.0,44327.875,31050.0,85333.0,265000.75,4.0,,,2.0,5.0,,,,,,8.0,6.2,,,,,,196.72727272727272,183.4,,,,,,219.0,218.0,,,,,,117153.09090909091,107741.6,,,,,,86073.0,85333.0,,,,0,0,0,2
2024,24,27.948780487804882,27.8,28.3,56.19512195121951,55.0,58.0,1016.9780487804878,1016.6,1017.4,False,41.56829268292683,39.9,42.7,210.91463414634146,2.112195121951219,3.6,HAD,21414.157894736843,17816.0,45115.36363636364,36743.0,41357.13636363636,31275.0,85877.0,615785.0,2.0,,,,3.0,,,,,,,6.9375,,,,,,,204.0625,,,,,,,221.0,,,,,,,105066.375,,,,,,,85877.0,,,,0,0,0,2
2024,24,27.948780487804882,27.8,28.3,56.19512195121951,55.0,58.0,1016.9780487804878,1016.6,1017.4,False,41.56829268292683,39.9,42.7,210.91463414634146,2.112195121951219,3.6,HAM,26217.583333333332,17373.0,47264.7037037037,36537.0,42418.7037037037,30896.0,84806.0,195857.75,4.0,,,5.0,4.0,,,,,,12.0,3.5,,,,,,212.75,218.0,,,,,,221.0,219.0,,,,,,93812.66666666667,84959.5,,,,,,85566.0,84806.0,,,,0,0,0,2
2024,24,27.948780487804882,27.8,28.3,56.19512195121951,55.0,58.0,1016.9780487804878,1016.6,1017.4,False,41.56829268292683,39.9,42.7,210.91463414634146,2.112195121951219,3.6,HIR,27184.0,17520.0,46367.89473684211,37042.0,40597.94736842105,31312.0,85874.0,242865.14285714287,7.0,,,7.0,8.0,,,,,,10.0,3.0,,,,,,216.4,218.6,,,,,,222.0,225.0,,,,,,97591.4,114049.6,,,,,,87354.0,85874.0,,,,0,0,0,2
2024,24,27.948780487804882,27.8,28.3,56.19512195121951,55.0,58.0,1016.9780487804878,1016.6,1017.4,False,41.56829268292683,39.9,42.7,210.91463414634146,2.112195121951219,3.6,HUL,23970.57894736842,17652.0,44490.30434782609,36639.0,38154.04347826087,31034.0,85373.0,334544.25,4.0,,,5.0,4.0,,,,,,9.727272727272727,3.5,,,,,,195.72727272727272,216.0,,,,,,216.0,216.0,,,,,,95319.90909090909,86002.0,,,,,,86371.0,85373.0,,,,0,0,0,2
2024,24,27.948780487804882,27.8,28.3,56.19512195121951,55.0,58.0,1016.9780487804878,1016.6,1017.4,False,41.56829268292683,39.9,42.7,210.91463414634146,2.112195121951219,3.6,IWA,28891.1,17630.0,47739.30434782609,36964.0,43108.95652173913,31527.0,86121.0,187021.33333333326,6.0,,,5.0,7.0,,,,,,11.75,4.333333333333333,,,,,,213.5,213.33333333333334,,,,,,214.0,215.0,,,,,,103339.5,87568.66666666667,,,,,,86863.0,86121.0,,,,0,0,0,2
2024,24,27.948780487804882,27.8,28.3,56.19512195121951,55.0,58.0,1016.9780487804878,1016.6,1017.4,False,41.56829268292683,39.9,42.7,210.91463414634146,2.112195121951219,3.6,LAW,23173.090909090908,17575.0,46504.22222222222,36769.0,40460.59259259259,31219.0,85563.0,165736.6,5.0,,,6.0,5.0,,,,,,10.307692307692308,5.0,,,,,,192.76923076923077,214.5,,,,,,218.0,216.0,,,,,,112351.38461538461,90344.75,,,,,,86250.0,85563.0,,,,0,0,0,2
2024,24,27.948780487804882,27.8,28.3,56.19512195121951,55.0,58.0,1016.9780487804878,1016.6,1017.4,False,41.56829268292683,39.9,42.7,210.91463414634146,2.112195121951219,3.6,LEC,23704.5,17338.0,45691.31578947369,36247.0,40116.57894736842,30736.0,84321.0,22321.0,1.0,,,1.0,2.0,,,,,,4.666666666666667,5.0,,,,,,216.16666666666666,188.44444444444446,,,,,,218.0,219.0,,,,,,102965.83333333333,106369.33333333333,,,,,,85809.0,84321.0,,,,0,0,0,2
2024,24,27.948780487804882,27.8,28.3,56.19512195121951,55.0,58.0,1016.9780487804878,1016.6,1017.4,False,41.56829268292683,39.9,42.7,210.91463414634146,2.112195121951219,3.6,LEL,22305.473684210527,17681.0,46166.77272727273,36874.0,40479.90909090909,31624.0,86179.0,722752.0,2.0,,,,3.0,,,,,,,6.5625,,,,,,,203.75,,,,,,,221.0,,,,,,,107094.3125,,,,,,,86179.0,,,,0,0,0,2
2024,24,27.948780487804882,27.8,28.3,56.19512195121951,55.0,58.0,1016.9780487804878,1016.6,1017.4,False,41.56829268292683,39.9,42.7,210.91463414634146,2.112195121951219,3.6,MAG,24428.545454545456,17669.0,46132.16,36770.0,40877.24,30978.0,85444.0,390033.0,3.0,,,4.0,3.0,,,,,,11.153846153846153,3.5,,,,,,201.23076923076923,217.0,,,,,,219.0,218.0,,,,,,94573.38461538461,85675.0,,,,,,86870.0,85444.0,,,,0,0,0,2
2024,24,27.948780487804882,27.8,28.3,56.19512195121951,55.0,58.0,1016.9780487804878,1016.6,1017.4,False,41.56829268292683,39.9,42.7,210.91463414634146,2.112195121951219,3.6,NOR,22705.227272727272,17281.0,44064.2,36491.0,39670.56,30770.0,84542.0,376196.6666666667,3.0,,,4.0,3.0,,,,,,10.933333333333334,2.5,,,,,,197.53333333333333,162.5,,,,,,221.0,212.0,,,,,,99233.26666666666,108179.5,,,,,,85710.0,84542.0,,,,0,0,0,2
2024,24,27.948780487804882,27.8,28.3,56.19512195121951,55.0,58.0,1016.9780487804878,1016.6,1017.4,False,41.56829268292683,39.9,42.7,210.91463414634146,2.112195121951219,3.6,PER,24291.043478260868,17621.0,46391.42307692308,36663.0,39839.346153846156,31199.0,85483.0,302441.3333333333,3.0,,,4.0,3.0,,,,,,11.214285714285714,3.5,,,,,,194.21428571428572,215.0,,,,,,215.0,215.0,,,,,,99953.78571428571,85567.0,,,,,,86179.0,85483.0,,,,0,0,0,2
2024,24,27.948780487804882,27.8,28.3,56.19512195121951,55.0,58.0,1016.9780487804878,1016.6,1017.4,False,41.56829268292683,39.9,42.7,210.91463414634146,2.112195121951219,3.6,RUS,25964.833333333332,17424.0,45267.148148148146,36776.0,39048.0,30911.0,85165.0,212164.25,4.0,,,5.0,4.0,,,,,,12.428571428571429,3.5,,,,,,200.21428571428572,216.5,,,,,,222.0,217.0,,,,,,94540.21428571429,85287.5,,,,,,85571.0,85165.0,,,,0,0,0,2
2024,24,27.948780487804882,27.8,28.3,56.19512195121951,55.0,58.0,1016.9780487804878,1016.6,1017.4,False,41.56829268292683,39.9,42.7,210.91463414634146,2.112195121951219,3.6,ZHO,24897.95,17722.0,47410.86956521739,37163.0,40164.782608695656,31004.0,85921.0,336868.5000000001,4.0,,,3.0,5.0,,,,,,8.909090909090908,5.0,,,,,,214.1818181818182,170.0,,,,,,216.0,215.0,,,,,,103940.81818181818,103517.5,,,,,,86382.0,85921.0,,,,0,0,0,2
2025,1,24.403703703703705,23.8,24.8,47.876543209876544,44.0,54.0,1018.1469135802469,1017.8,1018.4,False,42.07654320987654,39.2,44.6,132.90123456790124,0.862962962962963,2.3,ALB,37164.27777777778,26866.0,21762.666666666668,17553.0,48110.73333333333,33294.0,77713.0,527174.0,3.0,,,2.0,4.0,,,,,,5.25,3.6,,,,,,302.625,295.2,,,,,,306.0,307.0,,,,,,96456.625,108420.8,,,,,,79019.0,77713.0,,,,2,0,0,4
2025,1,24.403703703703705,23.8,24.8,47.876543209876544,44.0,54.0,1018.1469135802469,1017.8,1018.4,False,42.07654320987654,39.2,44.6,132.90123456790124,0.862962962962963,2.3,ALO,32323.739130434784,26954.0,19935.391304347828,17513.0,42472.95,33257.0,77736.0,787085.5,2.0,,,2.0,3.0,,,,,,7.0,4.0,,,,,,299.3333333333333,295.85714285714283,,,,,,305.0,305.0,,,,,,92510.08333333333,90209.85714285714,,,,,,78191.0,77736.0,,,,2,0,0,4
2025,1,24.403703703703705,23.8,24.8,47.876543209876544,44.0,54.0,1018.1469135802469,1017.8,1018.4,False,42.07654320987654,39.2,44.6,132.90123456790124,0.862962962962963,2.3,ANT,36205.913043478264,27251.0,22138.958333333332,17773.0,44056.42857142857,33279.0,78390.0,297736.25,4.0,,,5.0,4.0,,,,,,9.142857142857142,2.75,,,,,,292.92857142857144,303.5,,,,,,305.0,306.0,,,,,,93834.0,110362.25,,,,,,78915.0,78390.0,,,,2,0,0,4
2025,1,24.403703703703705,23.8,24.8,47.876543209876544,44.0,54.0,1018.1469135802469,1017.8,1018.4,False,42.07654320987654,39.2,44.6,132.90123456790124,0.862962962962963,2.3,BEA,35894.25,27156.0,22138.083333333332,17836.0,40110.5,33780.0,79312.0,1012206.0,1.0,,,1.0,2.0,,,,,,5.0,1.0,,,,,,295.0,299.0,,,,,,299.0,299.0,,,,,,99552.33333333333,109593.0,,,,,,79312.0,109593.0,,,,2,0,0,4
2025,1,24.403703703703705,23.8,24.8,47.876543209876544,44.0,54.0,1018.1469135802469,1017.8,1018.4,False,42.07654320987654,39.2,44.6,132.90123456790124,0.862962962962963,2.3,BOR,39730.545454545456,27076.0,24033.81818181818,17883.0,47448.833333333336,33479.0,78438.0,523054.0,3.0,,,3.0,4.0,,,,,,6.7,4.5,,,,,,295.4,282.3333333333333,,,,,,300.0,302.0,,,,,,107559.7,102107.0,,,,,,79397.0,78438.0,,,,2,0,0,4
2025,1,24.403703703703705,23.8,24.8,47.876543209876544,44.0,54.0,1018.1469135802469,1017.8,1018.4,False,42.07654320987654,39.2,44.6,132.90123456790124,0.862962962962963,2.3,DOO,37256.75,27212.0,22591.21052631579,17427.0,45592.166666666664,33538.0,78232.0,874052.5000000001,2.0,,,1.0,3.0,,,,,,5.0,4.0,,,,,,301.8888888888889,288.57142857142856,,,,,,304.0,306.0,,,,,,100074.55555555556,102177.0,,,,,,79215.0,78232.0,,,,2,0,0,4
2025,1,24.403703703703705,23.8,24.8,47.876543209876544,44.0,54.0,1018.1469135802469,1017.8,1018.4,False,42.07654320987654,39.2,44.6,132.90123456790124,0.862962962962963,2.3,GAS,34497.333333333336,27035.0,22101.18181818182,17630.0,44111.0,33419.0,78505.0,387106.5,4.0,,,5.0,3.0,,,,,,9.071428571428571,1.5,,,,,,291.7857142857143,300.5,,,,,,304.0,302.0,,,,,,92342.64285714286,85635.0,,,,,,78570.0,78505.0,,,,2,0,0,4
2025,1,24.403703703703705,23.8,24.8,47.876543209876544,44.0,54.0,1018.1469135802469,1017.8,1018.4,False,42.07654320987654,39.2,44.6,132.90123456790124,0.862962962962963,2.3,HAD,36799.44,26901.0,20720.76,17545.0,45530.86363636364,33401.0,77847.0,364294.0,4.0,,,4.0,5.0,,,,,,9.6875,2.5,,,,,,296.5,222.25,,,,,,303.0,303.0,,,,,,95672.4375,117397.5,,,,,,78218.0,77847.0,,,,2,0,0,4
2025,1,24.403703703703705,23.8,24.8,47.876543209876544,44.0,54.0,1018.1469135802469,1017.8,1018.4,False,42.07654320987654,39.2,44.6,132.90123456790124,0.862962962962963,2.3,HAM,36917.94736842105,26989.0,21729.263157894737,17737.0,42804.75,33270.0,78071.0,449822.75,4.0,,,5.0,4.0,,,,,,4.0,3.5,,,,,,280.0,302.75,,,,,,303.0,306.0,,,,,,102591.54545454546,103386.5,,,,,,78401.0,78071.0,,,,2,0,0,4
2025,1,24.403703703703705,23.8,24.8,47.876543209876544,44.0,54.0,1018.1469135802469,1017.8,1018.4,False,42.07654320987654,39.2,44.6,132.90123456790124,0.862962962962963,2.3,HUL,38571.0,27210.0,22794.176470588234,17813.0,48355.92857142857,33446.0,78586.0,393151.99999999994,5.0,,,5.0,6.0,,,,,,6.4,4.0,,,,,,294.6,230.28571428571428,,,,,,299.0,299.0,,,,,,98582.8,113380.14285714286,,,,,,79701.0,78586.0,,,,2,0,0,4
2025,1,24.403703703703705,23.8,24.8,47.876543209876544,44.0,54.0,1018.1469135802469,1017.8,1018.4,False,42.07654320987654,39.2,44.6,132.90123456790124,0.862962962962963,2.3,LAW,37630.63636363636,27303.0,24141.714285714286,17678.0,47915.89473684211,33432.0,78455.0,460455.0,3.0,,,2.0,4.0,,,,,,4.75,5.666666666666667,,,,,,301.0,282.1111111111111,,,,,,302.0,306.0,,,,,,102114.5,108231.11111111111,,,,,,78815.0,78455.0,,,,2,0,0,4
2025,1,24.403703703703705,23.8,24.8,47.876543209876544,44.0,54.0,1018.1469135802469,1017.8,1018.4,False,42.07654320987654,39.2,44.6,132.90123456790124,0.862962962962963,2.3,LEC,37795.7,26876.0,21196.0,17591.0,43399.82352941176,32978.0,77461.0,540727.0,3.0,,,2.0,4.0,,,,,,4.75,5.777777777777778,,,,,,302.125,256.22222222222223,,,,,,307.0,307.0,,,,,,103175.875,100359.33333333333,,,,,,77842.0,77461.0,,,,2,0,0,4
2025,1,24.403703703703705,23.8,24.8,47.876543209876544,44.0,54.0,1018.1469135802469,1017.8,1018.4,False,42.07654320987654,39.2,44.6,132.90123456790124,0.862962962962963,2.3,NOR,38422.0,26975.0,21734.285714285714,17386.0,43457.22222222222,32871.0,77252.0,873138.5,2.0,,,2.0,3.0,,,,,,6.444444444444445,4.0,,,,,,294.8888888888889,285.42857142857144,,,,,,305.0,312.0,,,,,,100864.77777777778,101062.71428571429,,,,,,78247.0,77252.0,,,,2,0,0,4
2025,1,24.403703703703705,23.8,24.8,47.876543209876544,44.0,54.0,1018.1469135802469,1017.8,1018.4,False,42.07654320987654,39.2,44.6,132.90123456790124,0.862962962962963,2.3,OCO,36936.2,27397.0,22426.066666666666,17837.0,45510.53846153846,33809.0,79139.0,977805.5000000002,2.0,,,1.0,3.0,,,,,,3.5,4.166666666666667,,,,,,294.5,291.6666666666667,,,,,,297.0,299.0,,,,,,104107.83333333333,97747.16666666667,,,,,,79983.0,79139.0,,,,2,0,0,4
2025,1,24.403703703703705,23.8,24.8,47.876543209876544,44.0,54.0,1018.1469135802469,1017.8,1018.4,False,42.07654320987654,39.2,44.6,132.90123456790124,0.862962962962963,2.3,PIA,38836.36842105263,26863.0,22165.736842105263,17534.0,44101.625,33273.0,77670.0,579303.6666666667,3.0,,,3.0,4.0,,,,,,5.5,4.5,,,,,,302.625,249.0,,,,,,304.0,306.0,,,,,,101794.375,107882.375,,,,,,78494.0,77670.0,,,,2,0,0,4
2025,1,24.403703703703705,23.8,24.8,47.876543209876544,44.0,54.0,1018.1469135802469,1017.8,1018.4,False,42.07654320987654,39.2,44.6,132.90123456790124,0.862962962962963,2.3,RUS,37576.88,26768.0,22869.92,17567.0,45282.52173913043,33324.0,77716.0,378072.6666666667,3.0,,,4.0,3.0,,,,,,9.6875,3.0,,,,,,290.75,298.5,,,,,,304.0,306.0,,,,,,98734.25,102441.75,,,,,,78030.0,77716.0,,,,2,0,0,4
2025,1,24.403703703703705,23.8,24.8,47.876543209876544,44.0,54.0,1018.1469135802469,1017.8,1018.4,False,42.07654320987654,39.2,44.6,132.90123456790124,0.862962962962963,2.3,SAI,35379.333333333336,26708.0,21304.583333333332,17585.0,43596.681818181816,33108.0,77401.0,595619.5,2.0,,,3.0,2.0,,,,,,9.0,3.0,,,,,,293.5,288.6,,,,,,305.0,309.0,,,,,,96753.625,103962.6,,,,,,78407.0,77401.0,,,,2,0,0,4
2025,1,24.403703703703705,23.8,24.8,47.876543209876544,44.0,54.0,1018.1469135802469,1017.8,1018.4,False,42.07654320987654,39.2,44.6,132.90123456790124,0.862962962962963,2.3,STR,36306.45,26955.0,22178.947368421053,17701.0,47387.529411764706,33277.0,78057.0,877543.5,2.0,,,2.0,3.0,,,,,,6.454545454545454,3.0,,,,,,295.6363636363636,274.2,,,,,,305.0,303.0,,,,,,101034.90909090909,109158.4,,,,,,78734.0,78057.0,,,,2,0,0,4
2025,1,24.403703703703705,23.8,24.8,47.876543209876544,44.0,54.0,1018.1469135802469,1017.8,1018.4,False,42.07654320987654,39.2,44.6,132.90123456790124,0.862962962962963,2.3,TSU,38468.63636363636,26793.0,21614.090909090908,17518.0,46782.78947368421,33530.0,78061.0,296669.6000000001,5.0,,,5.0,6.0,,,,,,8.692307692307692,2.0,,,,,,296.61538461538464,294.0,,,,,,304.0,307.0,,,,,,97071.84615384616,103373.0,,,,,,78568.0,78061.0,,,,2,0,0,4
2025,1,24.403703703703705,23.8,24.8,47.876543209876544,44.0,54.0,1018.1469135802469,1017.8,1018.4,False,42.07654320987654,39.2,44.6,132.90123456790124,0.862962962962963,2.3,VER,36635.52380952381,26845.0,22741.714285714286,17455.0,44779.77777777778,33300.0,77696.0,553106.0,3.0,,,4.0,3.0,,,,,,8.071428571428571,2.3333333333333335,,,,,,274.92857142857144,304.6666666666667,,,,,,310.0,306.0,,,,,,101567.85714285714,102343.0,,,,,,78325.0,77696.0,,,,2,0,0,4
2025,2,22.764634146341464,22.1,23.4,19.76829268292683,18.0,23.0,1020.3182926829269,1019.7,1020.9,False,36.15243902439025,32.6,39.2,227.6951219512195,2.7512195121951217,5.1,ALB,32752.4,24648.0,34380.958333333336,27852.0,50276.625,40187.0,92687.0,275145.25,4.0,,,5.0,4.0,,,,,,9.692307692307692,2.0,,,,,,246.23076923076923,269.0,,,,,,268.0,269.0,,,,,,108541.53846153847,92687.0,,,,,,93636.0,92687.0,,,,1,0,0,1
2025,2,22.764634146341464,22.1,23.4,19.76829268292683,18.0,23.0,1020.3182926829269,1019.7,1020.9,False,36.15243902439025,32.6,39.2,227.6951219512195,2.7512195121951217,5.1,ALO,34167.55,24557.0,33949.95652173913,28170.0,49452.681818181816,40039.0,92766.0,305104.5,4.0,,,5.0,4.0,,,,,,11.75,2.0,,,,,,244.75,263.0,,,,,,267.0,263.0,,,,,,104801.75,92766.0,,,,,,93677.0,92766.0,,,,1,0,0,1
2025,2,22.764634146341464,22.1,23.4,19.76829268292683,18.0,23.0,1020.3182926829269,1019.7,1020.9,False,36.15243902439025,32.6,39.2,227.6951219512195,2.7512195121951217,5.1,ANT,31646.958333333332,24719.0,33385.2962962963,28129.0,47441.692307692305,39911.0,92874.0,289203.0,3.0,,,4.0,3.0,,,,,,11.833333333333334,2.0,,,,,,249.72222222222223,270.0,,,,,,269.0,270.0,,,,,,104914.33333333333,92874.0,,,,,,93219.0,92874.0,,,,1,0,0,1
2025,2,22.764634146341464,22.1,23.4,19.76829268292683,18.0,23.0,1020.3182926829269,1019.7,1020.9,False,36.15243902439025,32.6,39.2,227.6951219512195,2.7512195121951217,5.1,BEA,30342.75,24610.0,33682.34782608696,28203.0,49464.86956521739,40150.0,92967.0,654465.5,2.0,,,2.0,3.0,,,,,,8.923076923076923,3.6666666666666665,,,,,,255.76923076923077,189.66666666666666,,,,,,260.0,264.0,,,,,,108085.0,110255.0,,,,,,94255.0,92967.0,,,,1,0,0,1
2025,2,22.764634146341464,22.1,23.4,19.76829268292683,18.0,23.0,1020.3182926829269,1019.7,1020.9,False,36.15243902439025,32.6,39.2,227.6951219512195,2.7512195121951217,5.1,BOR,30698.238095238095,25092.0,35742.75,28278.0,51250.083333333336,40452.0,93822.0,514080.5,2.0,,,2.0,3.0,,,,,,10.916666666666666,3.0,,,,,,258.5833333333333,264.5,,,,,,266.0,268.0,,,,,,106432.58333333333,93949.5,,,,,,95322.0,93822.0,,,,1,0,0,1
2025,2,22.764634146341464,22.1,23.4,19.76829268292683,18.0,23.0,1020.3182926829269,1019.7,1020.9,False,36.15243902439025,32.6,39.2,227.6951219512195,2.7512195121951217,5.1,DOO,29754.733333333334,24881.0,36883.9375,28265.0,48564.9375,40558.0,93923.0,802992.0,1.0,,,2.0,,,,,,,10.1,,,,,,,260.0,,,,,,,266.0,,,,,,,98288.8,,,,,,,93923.0,,,,,1,0,0,1
2025,2,22.764634146341464,22.1,23.4,19.76829268292683,18.0,23.0,1020.3182926829269,1019.7,1020.9,False,36.15243902439025,32.6,39.2,227.6951219512195,2.7512195121951217,5.1,GAS,32192.4,24719.0,36365.434782608696,28294.0,49434.34782608696,40030.0,93123.0,415283.6666666665,3.0,,,4.0,3.0,,,,,,11.666666666666666,2.0,,,,,,244.25,264.0,,,,,,266.0,264.0,,,,,,106416.0,93123.0,,,,,,93865.0,93123.0,,,,1,0,0,1
2025,2,22.764634146341464,22.1,23.4,19.76829268292683,18.0,23.0,1020.3182926829269,1019.7,1020.9,False,36.15243902439025,32.6,39.2,227.6951219512195,2.7512195121951217,5.1,HAD,33109.3,24884.0,34933.0,27760.0,49442.260869565216,40613.0,93385.0,426634.0,3.0,,,3.0,4.0,,,,,,9.4,3.6666666666666665,,,,,,257.7,138.66666666666666,,,,,,263.0,259.0,,,,,,102192.4,113078.33333333333,,,,,,94213.0,93385.0,,,,1,0,0,1
2025,2,22.764634146341464,22.1,23.4,19.76829268292683,18.0,23.0,1020.3182926829269,1019.7,1020.9,False,36.15243902439025,32.6,39.2,227.6951219512195,2.7512195121951217,5.1,HAM,34607.52631578947,24550.0,39076.27272727273,27825.0,52727.045454545456,39820.0,92195.0,397458.6666666667,3.0,,,2.0,4.0,,,,,,9.125,3.5,,,,,,247.625,169.0,,,,,,263.0,266.0,,,,,,96815.75,119547.0,,,,,,93171.0,92195.0,,,,1,0,0,1
2025,2,22.764634146341464,22.1,23.4,19.76829268292683,18.0,23.0,1020.3182926829269,1019.7,1020.9,False,36.15243902439025,32.6,39.2,227.6951219512195,2.7512195121951217,5.1,HUL,31287.833333333332,24628.0,33957.19047619047,27894.0,48634.380952380954,39985.0,92507.0,496523.6666666667,3.0,,,3.0,4.0,,,,,,8.3,3.6666666666666665,,,,,,259.6,195.0,,,,,,265.0,267.0,,,,,,107596.4,106586.66666666667,,,,,,94207.0,92507.0,,,,1,0,0,1
2025,2,22.764634146341464,22.1,23.4,19.76829268292683,18.0,23.0,1020.3182926829269,1019.7,1020.9,False,36.15243902439025,32.6,39.2,227.6951219512195,2.7512195121951217,5.1,LAW,30696.5,24932.0,34928.0,28193.0,51488.260869565216,40463.0,93631.0,550120.5,2.0,,,2.0,3.0,,,,,,8.916666666666666,3.5,,,,,,250.5,201.0,,,,,,264.0,267.0,,,,,,110026.83333333333,121070.25,,,,,,94274.0,93631.0,,,,1,0,0,1
2025,2,22.764634146341464,22.1,23.4,19.76829268292683,18.0,23.0,1020.3182926829269,1019.7,1020.9,False,36.15243902439025,32.6,39.2,227.6951219512195,2.7512195121951217,5.1,LEC,32933.88888888889,24427.0,37684.76190476191,27738.0,53018.0,39696.0,91958.0,629533.0,2.0,,,2.0,3.0,,,,,,7.625,3.0,,,,,,260.125,266.0,,,,,,265.0,270.0,,,,,,104685.0,92030.5,,,,,,92701.0,91958.0,,,,1,0,0,1
2025,2,22.764634146341464,22.1,23.4,19.76829268292683,18.0,23.0,1020.3182926829269,1019.7,1020.9,False,36.15243902439025,32.6,39.2,227.6951219512195,2.7512195121951217,5.1,NOR,28882.2,24281.0,32677.347826086956,27601.0,50225.82608695652,39390.0,91504.0,610155.0,2.0,,,2.0,3.0,,,,,,10.181818181818182,3.5,,,,,,262.27272727272725,220.75,,,,,,269.0,272.0,,,,,,101300.90909090909,114117.75,,,,,,93362.0,91504.0,,,,1,0,0,1
2025,2,22.764634146341464,22.1,23.4,19.76829268292683,18.0,23.0,1020.3182926829269,1019.7,1020.9,False,36.15243902439025,32.6,39.2,227.6951219512195,2.7512195121951217,5.1,OCO,30823.65,24788.0,34776.739130434784,28073.0,51096.30434782609,39985.0,93056.0,625575.0,2.0,,,2.0,3.0,,,,,,9.7,3.6666666666666665,,,,,,257.2,204.66666666666666,,,,,,259.0,266.0,,,,,,98556.1,108639.33333333333,,,,,,93920.0,93056.0,,,,1,0,0,1
2025,2,22.764634146341464,22.1,23.4,19.76829268292683,18.0,23.0,1020.3182926829269,1019.7,1020.9,False,36.15243902439025,32.6,39.2,227.6951219512195,2.7512195121951217,5.1,PIA,29975.238095238095,24472.0,34177.166666666664,27659.0,51275.739130434784,39681.0,92153.0,534791.0,2.0,,,2.0,3.0,,,,,,10.5,3.6666666666666665,,,,,,262.4166666666667,186.66666666666666,,,,,,268.0,270.0,,,,,,101878.5,110819.33333333333,,,,,,92839.0,92153.0,,,,1,0,0,1
2025,2,22.764634146341464,22.1,23.4,19.76829268292683,18.0,23.0,1020.3182926829269,1019.7,1020.9,False,36.15243902439025,32.6,39.2,227.6951219512195,2.7512195121951217,5.1,RUS,33037.260869565216,24624.0,34068.53846153846,27957.0,48306.230769230766,39625.0,92377.0,281341.3333333333,3.0,,,4.0,3.0,,,,,,12.5,2.0,,,,,,248.92857142857142,270.0,,,,,,270.0,270.0,,,,,,100170.57142857143,92585.0,,,,,,92377.0,92585.0,,,,1,0,0,1
2025,2,22.764634146341464,22.1,23.4,19.76829268292683,18.0,23.0,1020.3182926829269,1019.7,1020.9,False,36.15243902439025,32.6,39.2,227.6951219512195,2.7512195121951217,5.1,SAI,33593.59090909091,24834.0,32632.653846153848,27960.0,49370.88461538462,40351.0,93145.0,198997.6,5.0,,,6.0,5.0,,,,,,10.785714285714286,2.0,,,,,,245.71428571428572,265.0,,,,,,266.0,265.0,,,,,,106198.0,93145.0,,,,,,93466.0,93145.0,,,,1,0,0,1
2025,2,22.764634146341464,22.1,23.4,19.76829268292683,18.0,23.0,1020.3182926829269,1019.7,1020.9,False,36.15243902439025,32.6,39.2,227.6951219512195,2.7512195121951217,5.1,STR,29953.733333333334,24784.0,36825.15789473684,28225.0,50914.57894736842,39975.0,92984.0,436859.3333333335,3.0,,,3.0,4.0,,,,,,8.444444444444445,2.5,,,,,,258.22222222222223,237.0,,,,,,263.0,263.0,,,,,,106117.55555555556,119544.5,,,,,,93974.0,92984.0,,,,1,0,0,1
2025,2,22.764634146341464,22.1,23.4,19.76829268292683,18.0,23.0,1020.3182926829269,1019.7,1020.9,False,36.15243902439025,32.6,39.2,227.6951219512195,2.7512195121951217,5.1,TSU,31650.3,24703.0,37033.217391304344,27908.0,51583.95652173913,40323.0,92934.0,568265.5000000002,2.0,,,2.0,3.0,,,,,,9.75,2.5,,,,,,258.9166666666667,216.5,,,,,,263.0,265.0,,,,,,109836.08333333333,121011.5,,,,,,93538.0,92934.0,,,,1,0,0,1
2025,2,22.764634146341464,22.1,23.4,19.76829268292683,18.0,23.0,1020.3182926829269,1019.7,1020.9,False,36.15243902439025,32.6,39.2,227.6951219512195,2.7512195121951217,5.1,VER,31612.714285714286,24565.0,33559.958333333336,27854.0,48402.291666666664,40276.0,93284.0,378411.0,3.0,,,4.0,,,,,,,11.9375,,,,,,,234.1875,,,,,,,266.0,,,,,,,107850.4375,,,,,,,93284.0,,,,,1,0,0,1
2025,3,13.598765432098766,13.0,14.2,41.65432098765432,39.0,45.0,1011.7617283950617,1011.3,1012.2,False,35.94197530864198,34.1,37.3,290.0987654320988,4.630864197530864,6.6,ALB,44855.13636363636,31157.0,49082.8,40499.0,21703.2,17650.0,89392.0,251074.75,4.0,2.0,,5.0,4.0,,,,3.0,,9.875,5.0,,,,270.3333333333333,,242.75,245.0,,,,271.0,,272.0,274.0,,,,107840.0,,103906.0,105654.25,,,,89976.0,,90886.0,89392.0,,,,0,0,0,0
2025,3,13.598765432098766,13.0,14.2,41.65432098765432,39.0,45.0,1011.7617283950617,1011.3,1012.2,False,35.94197530864198,34.1,37.3,290.0987654320988,4.630864197530864,6.6,ALO,41689.28571428572,30895.0,49899.24,40690.0,22348.68,17568.0,89222.0,245813.5,4.0,2.0,,,5.0,,,,6.25,,,8.142857142857142,,,,271.25,,,237.71428571428572,,,,273.0,,,271.0,,,,108982.875,,,97921.14285714286,,,,90135.0,,,89222.0,,,,0,0,0,0
2025,3,13.598765432098766,13.0,14.2,41.65432098765432,39.0,45.0,1011.7617283950617,1011.3,1012.2,False,35.94197530864198,34.1,37.3,290.0987654320988,4.630864197530864,6.6,ANT,41096.96,31353.0,49877.392857142855,40472.0,20715.785714285714,17393.0,89284.0,232895.66666666674,3.0,,,4.0,3.0,,,,,,12.4375,3.5,,,,,,251.625,271.5,,,,,,274.0,272.0,,,,,,99275.0,89391.5,,,,,,90591.0,89284.0,,,,0,0,0,0
2025,3,13.598765432098766,13.0,14.2,41.65432098765432,39.0,45.0,1011.7617283950617,1011.3,1012.2,False,35.94197530864198,34.1,37.3,290.0987654320988,4.630864197530864,6.6,BEA,43401.230769230766,31374.0,52023.529411764706,40922.0,22487.058823529413,17684.0,90077.0,641746.6666666666,3.0,,,2.0,4.0,,,,,,6.0,4.333333333333333,,,,,,267.0,194.33333333333334,,,,,,268.0,268.0,,,,,,92337.5,102212.33333333333,,,,,,90566.0,90077.0,,,,0,0,0,0
2025,3,13.598765432098766,13.0,14.2,41.65432098765432,39.0,45.0,1011.7617283950617,1011.3,1012.2,False,35.94197530864198,34.1,37.3,290.0987654320988,4.630864197530864,6.6,BOR,40123.13043478261,31595.0,47230.96153846154,40779.0,20890.076923076922,17773.0,90147.0,335576.6666666667,3.0,4.0,,,3.0,,,,10.875,,,3.5,,,,252.375,,,268.5,,,,270.0,,,269.0,,,,101681.75,,,90290.0,,,,91594.0,,,90147.0,,,,0,0,0,0
2025,3,13.598765432098766,13.0,14.2,41.65432098765432,39.0,45.0,1011.7617283950617,1011.3,1012.2,False,35.94197530864198,34.1,37.3,290.0987654320988,4.630864197530864,6.6,GAS,40766.65,31130.0,48218.86956521739,40790.0,20929.608695652172,17582.0,89547.0,541489.5,2.0,,,3.0,2.0,,,,,,8.923076923076923,3.6666666666666665,,,,,,251.76923076923077,273.0,,,,,,274.0,275.0,,,,,,105774.69230769231,102648.33333333333,,,,,,90293.0,89547.0,,,,0,0,0,0
2025,3,13.598765432098766,13.0,14.2,41.65432098765432,39.0,45.0,1011.7617283950617,1011.3,1012.2,False,35.94197530864198,34.1,37.3,290.0987654320988,4.630864197530864,6.6,HAD,44092.44,31009.0,47165.07142857143,40545.0,20726.25,17671.0,89225.0,167815.8,5.0,2.0,,,6.0,,,,6.9,,,8.1,,,,268.9,,,243.8,,,,271.0,,,271.0,,,,109768.8,,,105250.6,,,,89974.0,,,89225.0,,,,0,0,0,0
2025,3,13.598765432098766,13.0,14.2,41.65432098765432,39.0,45.0,1011.7617283950617,1011.3,1012.2,False,35.94197530864198,34.1,37.3,290.0987654320988,4.630864197530864,6.6,HAM,43004.5,30973.0,49962.75,40379.0,21090.28,17674.0,89051.0,501345.5,2.0,,,3.0,2.0,,,,,,11.333333333333334,3.6666666666666665,,,,,,250.16666666666666,271.0,,,,,,272.0,272.0,,,,,,97255.33333333333,97790.33333333333,,,,,,89999.0,89051.0,,,,0,0,0,0
2025,3,13.598765432098766,13.0,14.2,41.65432098765432,39.0,45.0,1011.7617283950617,1011.3,1012.2,False,35.94197530864198,34.1,37.3,290.0987654320988,4.630864197530864,6.6,HIR,41206.47619047619,30916.0,50371.5,40799.0,22131.583333333332,17679.0,89394.0,369209.6666666667,3.0,,,4.0,3.0,,,,,,5.076923076923077,3.5,,,,,,252.69230769230768,275.0,,,,,,271.0,277.0,,,,,,105548.92307692308,89823.5,,,,,,91115.0,89394.0,,,,0,0,0,0
2025,3,13.598765432098766,13.0,14.2,41.65432098765432,39.0,45.0,1011.7617283950617,1011.3,1012.2,False,35.94197530864198,34.1,37.3,290.0987654320988,4.630864197530864,6.6,HUL,40407.705882352944,31149.0,47597.09523809524,41005.0,22010.095238095237,17869.0,90023.0,401418.0,4.0,,,5.0,4.0,,,,,,9.090909090909092,3.0,,,,,,248.72727272727272,269.5,,,,,,271.0,271.0,,,,,,104382.45454545454,119461.0,,,,,,91612.0,90023.0,,,,0,0,0,0
2025,3,13.598765432098766,13.0,14.2,41.65432098765432,39.0,45.0,1011.7617283950617,1011.3,1012.2,False,35.94197530864198,34.1,37.3,290.0987654320988,4.630864197530864,6.6,LAW,42278.96,31262.0,49381.75,40489.0,22013.464285714286,17744.0,89536.0,172213.2,5.0,2.0,,,6.0,,,,7.2,,,4.222222222222222,,,,267.2,,,235.77777777777777,,,,271.0,,,269.0,,,,114663.9,,,102139.33333333333,,,,90320.0,,,89536.0,,,,0,0,0,0
2025,3,13.598765432098766,13.0,14.2,41.65432098765432,39.0,45.0,1011.7617283950617,1011.3,1012.2,False,35.94197530864198,34.1,37.3,290.0987654320988,4.630864197530864,6.6,LEC,39169.541666666664,30933.0,50373.81481481482,40275.0,21407.11111111111,17562.0,88965.0,479753.0,2.0,,,3.0,2.0,,,,,,11.0,3.5,,,,,,265.26666666666665,271.5,,,,,,271.0,274.0,,,,,,100198.0,117446.0,,,,,,90003.0,88965.0,,,,0,0,0,0
2025,3,13.598765432098766,13.0,14.2,41.65432098765432,39.0,45.0,1011.7617283950617,1011.3,1012.2,False,35.94197530864198,34.1,37.3,290.0987654320988,4.630864197530864,6.6,NOR,39263.15,30820.0,48254.958333333336,40108.0,22033.416666666668,17621.0,88549.0,355273.3333333333,3.0,,,4.0,3.0,,,,,,10.916666666666666,3.0,,,,,,250.66666666666666,199.0,,,,,,272.0,270.0,,,,,,100063.25,93981.0,,,,,,90133.0,88549.0,,,,0,0,0,0
2025,3,13.598765432098766,13.0,14.2,41.65432098765432,39.0,45.0,1011.7617283950617,1011.3,1012.2,False,35.94197530864198,34.1,37.3,290.0987654320988,4.630864197530864,6.6,OCO,44694.38888888889,31285.0,52742.23809523809,40916.0,23446.619047619046,17811.0,90123.0,432868.3333333333,3.0,,,3.0,4.0,,,,,,6.857142857142857,3.6666666666666665,,,,,,266.14285714285717,199.0,,,,,,270.0,269.0,,,,,,99332.85714285714,106525.66666666667,,,,,,90948.0,90123.0,,,,0,0,0,0
2025,3,13.598765432098766,13.0,14.2,41.65432098765432,39.0,45.0,1011.7617283950617,1011.3,1012.2,False,35.94197530864198,34.1,37.3,290.0987654320988,4.630864197530864,6.6,PIA,39338.454545454544,31216.0,47197.0,40697.0,20736.24,17544.0,89708.0,412030.3333333333,3.0,,,4.0,3.0,,,,,,10.333333333333334,3.6666666666666665,,,,,,253.46666666666667,272.3333333333333,,,,,,273.0,273.0,,,,,,101469.26666666666,109434.0,,,,,,90782.0,89708.0,,,,0,0,0,0
2025,3,13.598765432098766,13.0,14.2,41.65432098765432,39.0,45.0,1011.7617283950617,1011.3,1012.2,False,35.94197530864198,34.1,37.3,290.0987654320988,4.630864197530864,6.6,RUS,41427.653846153844,30902.0,48878.724137931036,40141.0,20879.896551724138,17583.0,88712.0,202502.33333333334,3.0,,,4.0,3.0,,,,,,14.4,3.6666666666666665,,,,,,248.13333333333333,273.3333333333333,,,,,,273.0,275.0,,,,,,96965.33333333333,99905.0,,,,,,89176.0,88712.0,,,,0,0,0,0
2025,3,13.598765432098766,13.0,14.2,41.65432098765432,39.0,45.0,1011.7617283950617,1011.3,1012.2,False,35.94197530864198,34.1,37.3,290.0987654320988,4.630864197530864,6.6,SAI,44176.2,31130.0,48711.25,40664.0,21614.60714285714,17463.0,89333.0,135352.83333333334,6.0,,,3.0,7.0,,,,,,5.571428571428571,10.666666666666666,,,,,,273.85714285714283,244.33333333333334,,,,,,275.0,275.0,,,,,,114425.14285714286,98278.0,,,,,,90105.0,89333.0,,,,0,0,0,0
2025,3,13.598765432098766,13.0,14.2,41.65432098765432,39.0,45.0,1011.7617283950617,1011.3,1012.2,False,35.94197530864198,34.1,37.3,290.0987654320988,4.630864197530864,6.6,STR,46236.454545454544,31158.0,51984.04,40767.0,21935.92,17654.0,89758.0,214316.0,4.0,2.0,,,5.0,,,,6.25,,,8.142857142857142,,,,270.25,,,231.42857142857142,,,,272.0,,,274.0,,,,114681.125,,,100388.85714285714,,,,90959.0,,,89758.0,,,,0,0,0,0
2025,3,13.598765432098766,13.0,14.2,41.65432098765432,39.0,45.0,1011.7617283950617,1011.3,1012.2,False,35.94197530864198,34.1,37.3,290.0987654320988,4.630864197530864,6.6,TSU,44309.40909090909,31061.0,51665.92,40457.0,22357.84,17544.0,89172.0,464807.0,2.0,,,,3.0,,,,,,,8.333333333333334,,,,,,,249.6,,,,,,,272.0,,,,,,,102932.86666666667,,,,,,,89172.0,,,,0,0,0,0
2025,3,13.598765432098766,13.0,14.2,41.65432098765432,39.0,45.0,1011.7617283950617,1011.3,1012.2,False,35.94197530864198,34.1,37.3,290.0987654320988,4.630864197530864,6.6,VER,39755.0,30950.0,48736.739130434784,40619.0,21506.130434782608,17496.0,89065.0,439603.6666666667,3.0,,,,4.0,,,,,,,7.857142857142857,,,,,,,249.42857142857142,,,,,,,270.0,,,,,,,96952.85714285714,,,,,,,89065.0,,,,0,0,0,0
2025,4,35.15625,34.8,35.5,24.25,17.0,29.0,1001.1512500000001,1000.9,1001.4,False,47.14875,45.7,48.7,58.675,1.93125,2.9,ALB,43993.380952380954,29622.0,55099.041666666664,40551.0,30161.875,23530.0,93928.0,160018.8,5.0,,,6.0,5.0,,,,,,10.2,3.5,,,,,,250.7,284.0,,,,,,286.0,286.0,,,,,,112571.0,116798.5,,,,,,95180.0,93928.0,,,,0,0,0,1
2025,4,35.15625,34.8,35.5,24.25,17.0,29.0,1001.1512500000001,1000.9,1001.4,False,47.14875,45.7,48.7,58.675,1.93125,2.9,ANT,47734.5,30198.0,58414.0,42863.0,35318.666666666664,24990.0,98051.0,,,1.0,,,,,,,2.0,,,,,,,229.0,,,,,,,229.0,,,,,,,98051.0,,,,,,,98051.0,,,,,,,0,0,0,1
2025,4,35.15625,34.8,35.5,24.25,17.0,29.0,1001.1512500000001,1000.9,1001.4,False,47.14875,45.7,48.7,58.675,1.93125,2.9,BEG,36654.58823529412,30228.0,49072.5,41143.0,28663.1,23550.0,95055.0,788758.5,2.0,2.0,,,3.0,,,,6.0,,,4.0,,,,282.0,,,285.8,,,,285.0,,,287.0,,,,99468.5,,,110893.8,,,,98580.0,,,95055.0,,,,0,0,0,1
2025,4,35.15625,34.8,35.5,24.25,17.0,29.0,1001.1512500000001,1000.9,1001.4,False,47.14875,45.7,48.7,58.675,1.93125,2.9,BOR,40088.45,29650.0,52087.17391304348,41136.0,28285.217391304348,23778.0,94628.0,372281.6666666667,3.0,1.0,,,4.0,,,,3.75,,,9.333333333333334,,,,283.0,,,252.55555555555554,,,,286.0,,,287.0,,,,109167.25,,,103500.55555555556,,,,97308.0,,,94628.0,,,,0,0,0,1
2025,4,35.15625,34.8,35.5,24.25,17.0,29.0,1001.1512500000001,1000.9,1001.4,False,47.14875,45.7,48.7,58.675,1.93125,2.9,BRO,49096.8,29922.0,49223.85,41392.0,29942.45,23571.0,94885.0,199015.12500000003,8.0,,,2.0,9.0,,,,,,4.0,4.333333333333333,,,,,,275.0,208.33333333333334,,,,,,275.0,284.0,,,,,,106009.0,109872.66666666667,,,,,,106009.0,94885.0,,,,0,0,0,1
2025,4,35.15625,34.8,35.5,24.25,17.0,29.0,1001.1512500000001,1000.9,1001.4,False,47.14875,45.7,48.7,58.675,1.93125,2.9,DOO,43937.95,29800.0,54058.30434782609,41018.0,29994.17391304348,23525.0,94396.0,203372.2,5.0,6.0,,,5.0,,,,10.375,,,3.5,,,,251.125,,,284.5,,,,282.0,,,285.0,,,,104926.625,,,94532.5,,,,96417.0,,,94396.0,,,,0,0,0,1
2025,4,35.15625,34.8,35.5,24.25,17.0,29.0,1001.1512500000001,1000.9,1001.4,False,47.14875,45.7,48.7,58.675,1.93125,2.9,DRU,42159.5625,29905.0,55442.15789473684,41336.0,31489.157894736843,23841.0,95198.0,388546.6666666667,3.0,2.0,,,4.0,,,,7.5,,,3.5,,,,280.5,,,281.0,,,,282.0,,,282.0,,,,106973.83333333333,,,95201.5,,,,97149.0,,,95198.0,,,,0,0,0,1
2025,4,35.15625,34.8,35.5,24.25,17.0,29.0,1001.1512500000001,1000.9,1001.4,False,47.14875,45.7,48.7,58.675,1.93125,2.9,GAS,42139.0,29535.0,53465.782608695656,40512.0,29465.652173913044,23395.0,93442.0,258471.5,4.0,,,2.0,5.0,,,,,,5.0,8.142857142857142,,,,,,283.4,246.57142857142858,,,,,,288.0,286.0,,,,,,107824.0,105434.42857142857,,,,,,95624.0,93442.0,,,,0,0,0,1
2025,4,35.15625,34.8,35.5,24.25,17.0,29.0,1001.1512500000001,1000.9,1001.4,False,47.14875,45.7,48.7,58.675,1.93125,2.9,HAD,41487.17647058824,29928.0,51602.5,40974.0,28856.590909090908,23441.0,94667.0,202373.16666666666,6.0,7.0,,,5.0,,,,10.0,,,3.5,,,,253.25,,,285.5,,,,286.0,,,287.0,,,,107328.75,,,94768.5,,,,97379.0,,,94667.0,,,,0,0,0,1
2025,4,35.15625,34.8,35.5,24.25,17.0,29.0,1001.1512500000001,1000.9,1001.4,False,47.14875,45.7,48.7,58.675,1.93125,2.9,HAM,39409.0,29695.0,49773.69565217391,40477.0,28581.91304347826,23628.0,93800.0,580883.5,2.0,2.0,,,3.0,,,,9.3,,,4.25,,,,272.4,,,221.5,,,,285.0,,,286.0,,,,101962.9,,,115227.75,,,,96351.0,,,93800.0,,,,0,0,0,1
2025,4,35.15625,34.8,35.5,24.25,17.0,29.0,1001.1512500000001,1000.9,1001.4,False,47.14875,45.7,48.7,58.675,1.93125,2.9,HIR,37457.0625,30079.0,52081.25,41290.0,28389.75,23715.0,95261.0,528001.0,3.0,,,4.0,3.0,,,,,,6.875,2.0,,,,,,277.875,283.5,,,,,,280.0,284.0,,,,,,108110.875,95403.0,,,,,,97489.0,95261.0,,,,0,0,0,1
2025,4,35.15625,34.8,35.5,24.25,17.0,29.0,1001.1512500000001,1000.9,1001.4,False,47.14875,45.7,48.7,58.675,1.93125,2.9,HUL,38145.142857142855,29724.0,52744.708333333336,40972.0,28953.291666666668,23566.0,94262.0,327212.6666666667,3.0,4.0,,,2.0,,,,9.933333333333334,,,2.0,,,,258.0,,,284.0,,,,285.0,,,284.0,,,,115225.6,,,94262.0,,,,96035.0,,,94262.0,,,,0,0,0,1
2025,4,35.15625,34.8,35.5,24.25,17.0,29.0,1001.1512500000001,1000.9,1001.4,False,47.14875,45.7,48.7,58.675,1.93125,2.9,IWA,42027.17647058824,30162.0,53881.1,41509.0,30387.55,23804.0,95475.0,276851.75,4.0,,,5.0,,,,,,,6.0,,,,,,,279.875,,,,,,,285.0,,,,,,,103955.0,,,,,,,95475.0,,,,,0,0,0,1
2025,4,35.15625,34.8,35.5,24.25,17.0,29.0,1001.1512500000001,1000.9,1001.4,False,47.14875,45.7,48.7,58.675,1.93125,2.9,LAW,43623.21052631579,30022.0,55395.739130434784,40780.0,30686.652173913044,23541.0,94397.0,196806.6,5.0,3.0,,,6.0,,,,7.5,,,6.0,,,,266.6666666666667,,,283.5,,,,286.0,,,286.0,,,,113772.16666666667,,,97331.0,,,,96249.0,,,94397.0,,,,0,0,0,1
2025,4,35.15625,34.8,35.5,24.25,17.0,29.0,1001.1512500000001,1000.9,1001.4,False,47.14875,45.7,48.7,58.675,1.93125,2.9,NOR,35347.1,29546.0,49520.95652173913,40369.0,27847.91304347826,23289.0,93204.0,573655.0,2.0,,,2.0,3.0,,,,,,5.5,7.0,,,,,,285.0,264.8181818181818,,,,,,285.0,291.0,,,,,,95535.5,99691.09090909091,,,,,,95246.0,93204.0,,,,0,0,0,1
2025,4,35.15625,34.8,35.5,24.25,17.0,29.0,1001.1512500000001,1000.9,1001.4,False,47.14875,45.7,48.7,58.675,1.93125,2.9,OCO,41946.625,29676.0,54726.0,40902.0,30021.105263157893,23606.0,94184.0,516335.6666666667,3.0,,,4.0,2.0,,,,,,8.571428571428571,2.0,,,,,,246.85714285714286,281.0,,,,,,282.0,281.0,,,,,,102873.0,94184.0,,,,,,96098.0,94184.0,,,,0,0,0,1
2025,4,35.15625,34.8,35.5,24.25,17.0,29.0,1001.1512500000001,1000.9,1001.4,False,47.14875,45.7,48.7,58.675,1.93125,2.9,PIA,37763.545454545456,29758.0,48466.72,40589.0,28538.92,23458.0,94508.0,247748.0,4.0,,,4.0,5.0,,,,,,11.0,4.25,,,,,,281.1818181818182,224.75,,,,,,285.0,282.0,,,,,,97869.90909090909,106704.75,,,,,,95706.0,94508.0,,,,0,0,0,1
2025,4,35.15625,34.8,35.5,24.25,17.0,29.0,1001.1512500000001,1000.9,1001.4,False,47.14875,45.7,48.7,58.675,1.93125,2.9,STR,43641.9,29888.0,54991.0,41290.0,29901.478260869564,23819.0,95116.0,304364.9999999998,3.0,2.0,,,4.0,,,,6.4,,,6.8,,,,283.0,,,236.4,,,,285.0,,,284.0,,,,97481.4,,,104464.4,,,,96894.0,,,95116.0,,,,0,0,0,1
2025,4,35.15625,34.8,35.5,24.25,17.0,29.0,1001.1512500000001,1000.9,1001.4,False,47.14875,45.7,48.7,58.675,1.93125,2.9,TSU,41219.95,29677.0,54251.565217391304,41029.0,29400.782608695652,23778.0,94484.0,316405.6666666667,3.0,,,4.0,3.0,,,,,,10.5,3.0,,,,,,245.7,285.0,,,,,,285.0,286.0,,,,,,110446.4,121740.0,,,,,,96323.0,94484.0,,,,0,0,0,1
2025,4,35.15625,34.8,35.5,24.25,17.0,29.0,1001.1512500000001,1000.9,1001.4,False,47.14875,45.7,48.7,58.675,1.93125,2.9,VES,39205.782608695656,30275.0,52069.42307692308,41215.0,30031.653846153848,23808.0,95325.0,372164.5,2.0,1.0,,3.0,,,,,5.0,,10.454545454545455,,,,,281.4,,259.72727272727275,,,,,286.0,,287.0,,,,,108855.2,,103655.81818181818,,,,,96998.0,,95325.0,,,,,0,0,0,1
2025,5,28.05375,27.8,28.4,69.0125,64.0,73.0,1006.6625,1006.5,1006.8,False,47.01625,43.4,51.7,285.15,1.64125,2.9,ALB,45372.10526315789,32673.0,38083.34782608696,28268.0,35959.391304347824,28615.0,89606.0,388669.6666666667,3.0,,,4.0,3.0,,,,,,10.0,3.6666666666666665,,,,,,298.375,241.66666666666666,,,,,,306.0,304.0,,,,,,93817.625,118044.0,,,,,,90364.0,89606.0,,,,0,0,0,1
2025,5,28.05375,27.8,28.4,69.0125,64.0,73.0,1006.6625,1006.5,1006.8,False,47.01625,43.4,51.7,285.15,1.64125,2.9,ALO,43582.04761904762,32734.0,36956.416666666664,28307.0,36131.5,28854.0,89976.0,346724.66666666674,3.0,,,4.0,3.0,,,,,,9.916666666666666,3.5,,,,,,277.4166666666667,296.5,,,,,,305.0,297.0,,,,,,105038.5,90172.5,,,,,,90650.0,89976.0,,,,0,0,0,1
2025,5,28.05375,27.8,28.4,69.0125,64.0,73.0,1006.6625,1006.5,1006.8,False,47.01625,43.4,51.7,285.15,1.64125,2.9,ANT,46276.666666666664,32878.0,37172.791666666664,28272.0,36353.041666666664,28784.0,89934.0,260395.25,4.0,,,5.0,4.0,,,,,,9.727272727272727,3.0,,,,,,295.72727272727275,298.0,,,,,,307.0,300.0,,,,,,101826.18181818182,90012.5,,,,,,90567.0,89934.0,,,,0,0,0,1
2025,5,28.05375,27.8,28.4,69.0125,64.0,73.0,1006.6625,1006.5,1006.8,False,47.01625,43.4,51.7,285.15,1.64125,2.9,BEA,48804.5,32916.0,36410.47619047619,28391.0,37058.619047619046,29139.0,90595.0,351621.5,4.0,1.0,,,5.0,,,,3.0,,,9.166666666666666,,,,299.0,,,294.3333333333333,,,,304.0,,,299.0,,,,111302.0,,,94026.83333333333,,,,92023.0,,,90595.0,,,,0,0,0,1
2025,5,28.05375,27.8,28.4,69.0125,64.0,73.0,1006.6625,1006.5,1006.8,False,47.01625,43.4,51.7,285.15,1.64125,2.9,BOR,43922.15,33314.0,36138.30434782609,28711.0,36482.434782608696,28809.0,91038.0,393558.3333333333,3.0,,,4.0,3.0,,,,,,9.0,3.5,,,,,,290.1,301.0,,,,,,301.0,307.0,,,,,,100446.6,91107.5,,,,,,93624.0,91038.0,,,,0,0,0,1
2025,5,28.05375,27.8,28.4,69.0125,64.0,73.0,1006.6625,1006.5,1006.8,False,47.01625,43.4,51.7,285.15,1.64125,2.9,DOO,47406.954545454544,32750.0,37072.56,28453.0,36350.04,28883.0,90183.0,162772.0,5.0,,,6.0,5.0,,,,,,9.545454545454545,3.5,,,,,,299.27272727272725,305.0,,,,,,307.0,305.0,,,,,,105017.36363636363,90222.5,,,,,,90525.0,90183.0,,,,0,0,0,1
2025,5,28.05375,27.8,28.4,69.0125,64.0,73.0,1006.6625,1006.5,1006.8,False,47.01625,43.4,51.7,285.15,1.64125,2.9,GAS,46688.545454545456,32406.999999999996,36226.88,28290.0,36092.44,28536.0,89239.0,249881.25,4.0,,,5.0,3.0,,,,,,11.363636363636363,2.0,,,,,,295.27272727272725,305.0,,,,,,303.0,305.0,,,,,,97439.54545454546,89239.0,,,,,,90318.0,89239.0,,,,0,0,0,1
2025,5,28.05375,27.8,28.4,69.0125,64.0,73.0,1006.6625,1006.5,1006.8,False,47.01625,43.4,51.7,285.15,1.64125,2.9,HAD,48920.53846153846,32847.0,39279.666666666664,28320.0,40750.333333333336,28844.0,90011.0,949933.5,2.0,,,2.0,3.0,,,,,,4.333333333333333,4.0,,,,,,301.3333333333333,230.0,,,,,,303.0,306.0,,,,,,92200.33333333333,122554.0,,,,,,91507.0,90011.0,,,,0,0,0,1
2025,5,28.05375,27.8,28.4,69.0125,64.0,73.0,1006.6625,1006.5,1006.8,False,47.01625,43.4,51.7,285.15,1.64125,2.9,HAM,48842.291666666664,32698.999999999996,38152.148148148146,28288.0,35414.74074074074,28793.0,89815.0,207446.66666666666,3.0,,,4.0,3.0,,,,,,9.6,5.2,,,,,,292.4,298.6,,,,,,300.0,300.0,,,,,,93700.6,113001.2,,,,,,90674.0,89815.0,,,,0,0,0,1
2025,5,28.05375,27.8,28.4,69.0125,64.0,73.0,1006.6625,1006.5,1006.8,False,47.01625,43.4,51.7,285.15,1.64125,2.9,HUL,45179.181818181816,32738.0,33900.2,28260.0,35741.32,28805.0,89916.0,210916.4,5.0,,,6.0,5.0,,,,,,6.5,7.5,,,,,,294.5,295.3333333333333,,,,,,303.0,307.0,,,,,,110789.25,93656.16666666667,,,,,,91282.0,89916.0,,,,0,0,0,1
2025,5,28.05375,27.8,28.4,69.0125,64.0,73.0,1006.6625,1006.5,1006.8,False,47.01625,43.4,51.7,285.15,1.64125,2.9,LAW,46453.0,32890.0,39125.31578947369,28451.0,38273.42105263158,28566.0,89907.0,1608893.0,1.0,,,1.0,2.0,,,,,,6.166666666666667,4.25,,,,,,302.0,294.0,,,,,,304.0,305.0,,,,,,105718.16666666667,105614.75,,,,,,91166.0,89907.0,,,,0,0,0,1
2025,5,28.05375,27.8,28.4,69.0125,64.0,73.0,1006.6625,1006.5,1006.8,False,47.01625,43.4,51.7,285.15,1.64125,2.9,LEC,44353.88,32488.0,37063.82142857143,28154.0,34619.42857142857,28667.0,89309.0,221921.0000000001,3.0,,,4.0,3.0,,,,,,12.142857142857142,3.5,,,,,,278.64285714285717,297.0,,,,,,301.0,298.0,,,,,,95409.92857142857,89544.5,,,,,,90592.0,89309.0,,,,0,0,0,1
2025,5,28.05375,27.8,28.4,69.0125,64.0,73.0,1006.6625,1006.5,1006.8,False,47.01625,43.4,51.7,285.15,1.64125,2.9,NOR,41759.045454545456,32322.000000000004,34072.96,28206.0,33787.24,28651.0,89246.0,295601.25,4.0,,,4.0,5.0,,,,,,8.666666666666666,5.5,,,,,,295.8333333333333,238.0,,,,,,304.0,303.0,,,,,,102128.25,105608.0,,,,,,89980.0,89246.0,,,,0,0,0,1
2025,5,28.05375,27.8,28.4,69.0125,64.0,73.0,1006.6625,1006.5,1006.8,False,47.01625,43.4,51.7,285.15,1.64125,2.9,OCO,44388.470588235294,33261.0,36013.666666666664,28718.0,37523.42857142857,29050.0,91029.0,386020.75,4.0,5.0,,,4.0,,,,7.571428571428571,,,4.333333333333333,,,,294.14285714285717,,,297.6666666666667,,,,298.0,,,299.0,,,,106215.71428571429,,,109371.66666666667,,,,91852.0,,,91029.0,,,,0,0,0,1
2025,5,28.05375,27.8,28.4,69.0125,64.0,73.0,1006.6625,1006.5,1006.8,False,47.01625,43.4,51.7,285.15,1.64125,2.9,PIA,40843.5,32392.000000000004,35028.48,28242.0,36279.32,28619.0,89341.0,365176.6666666667,3.0,,,3.0,4.0,,,,,,8.375,5.75,,,,,,295.625,268.0,,,,,,303.0,305.0,,,,,,93586.5,117482.875,,,,,,90334.0,89341.0,,,,0,0,0,1
2025,5,28.05375,27.8,28.4,69.0125,64.0,73.0,1006.6625,1006.5,1006.8,False,47.01625,43.4,51.7,285.15,1.64125,2.9,RUS,47519.88888888889,32625.999999999996,37151.09523809524,28200.0,37080.142857142855,28736.0,89618.0,315639.75,4.0,,,5.0,2.0,,,,,,8.75,2.0,,,,,,288.5,301.0,,,,,,304.0,301.0,,,,,,100656.25,89618.0,,,,,,89674.0,89618.0,,,,0,0,0,1
2025,5,28.05375,27.8,28.4,69.0125,64.0,73.0,1006.6625,1006.5,1006.8,False,47.01625,43.4,51.7,285.15,1.64125,2.9,SAI,43814.318181818184,32604.0,36500.96153846154,28323.0,35494.192307692305,28738.0,89779.0,233041.75,4.0,5.0,,,4.0,,,,8.363636363636363,,,5.0,,,,297.8181818181818,,,299.6666666666667,,,,304.0,,,303.0,,,,103712.90909090909,,,100466.0,,,,90336.0,,,89779.0,,,,0,0,0,1
2025,5,28.05375,27.8,28.4,69.0125,64.0,73.0,1006.6625,1006.5,1006.8,False,47.01625,43.4,51.7,285.15,1.64125,2.9,STR,45309.9,32921.0,37546.95652173913,28657.0,38026.04347826087,28863.0,90583.0,531967.0,2.0,,,1.0,3.0,,,,,,5.0,7.285714285714286,,,,,,300.6,298.2857142857143,,,,,,302.0,300.0,,,,,,102424.8,101263.42857142857,,,,,,91821.0,90583.0,,,,0,0,0,1
2025,5,28.05375,27.8,28.4,69.0125,64.0,73.0,1006.6625,1006.5,1006.8,False,47.01625,43.4,51.7,285.15,1.64125,2.9,TSU,47523.52173913043,32543.0,35715.769230769234,28349.0,36010.0,28817.0,89821.0,210321.5,4.0,,,5.0,4.0,,,,,,10.833333333333334,3.5,,,,,,293.5833333333333,300.5,,,,,,303.0,301.0,,,,,,100153.83333333333,89854.0,,,,,,90239.0,89821.0,,,,0,0,0,1
2025,5,28.05375,27.8,28.4,69.0125,64.0,73.0,1006.6625,1006.5,1006.8,False,47.01625,43.4,51.7,285.15,1.64125,2.9,VER,43335.565217391304,32689.999999999996,34897.42307692308,28382.0,35102.269230769234,28746.0,89818.0,319650.3333333333,3.0,,,4.0,2.0,,,,,,11.615384615384615,3.0,,,,,,292.3076923076923,298.0,,,,,,304.0,300.0,,,,,,99115.38461538461,114752.5,,,,,,90064.0,89818.0,,,,0,0,0,1
2025,6,27.873076923076923,27.1,29.1,50.217948717948715,45.0,54.0,1017.6666666666666,1017.0,1018.1,False,41.64358974358974,37.1,49.9,143.83333333333334,1.8525641025641026,5.8,ALB,41209.380952380954,29166.0,40587.333333333336,33724.0,30287.791666666668,25065.0,87955.0,138535.0,5.0,,,4.0,6.0,,,,,,10.916666666666666,3.0,,,,,,282.0,287.0,,,,,,286.0,289.0,,,,,,98683.25,116016.0,,,,,,88445.0,87955.0,,,,1,0,0,3
2025,6,27.873076923076923,27.1,29.1,50.217948717948715,45.0,54.0,1017.6666666666666,1017.0,1018.1,False,41.64358974358974,37.1,49.9,143.83333333333334,1.8525641025641026,5.8,ALO,44616.95238095238,29248.0,40614.391304347824,33964.0,30949.217391304348,25031.0,88243.0,119243.66666666667,6.0,,,6.0,7.0,,,,,,8.0,3.5,,,,,,280.7,267.75,,,,,,286.0,287.0,,,,,,103258.7,111214.0,,,,,,89156.0,88243.0,,,,1,0,0,3
2025,6,27.873076923076923,27.1,29.1,50.217948717948715,45.0,54.0,1017.6666666666666,1017.0,1018.1,False,41.64358974358974,37.1,49.9,143.83333333333334,1.8525641025641026,5.8,ANT,37779.61538461538,29226.0,39379.25925925926,33801.0,29276.185185185186,25154.0,88227.0,99373.99999999994,4.0,,,5.0,,,,,,,16.35,,,,,,,279.95,,,,,,,287.0,,,,,,,97375.7,,,,,,,88227.0,,,,,1,0,0,3
2025,6,27.873076923076923,27.1,29.1,50.217948717948715,45.0,54.0,1017.6666666666666,1017.0,1018.1,False,41.64358974358974,37.1,49.9,143.83333333333334,1.8525641025641026,5.8,BEA,36709.055555555555,29190.0,39326.04761904762,33813.0,30412.47619047619,25314.0,88996.0,253051.25000000006,4.0,,,4.0,,,,,,,12.5,,,,,,,277.0,,,,,,,283.0,,,,,,,91622.83333333333,,,,,,,88996.0,,,,,1,0,0,3
2025,6,27.873076923076923,27.1,29.1,50.217948717948715,45.0,54.0,1017.6666666666666,1017.0,1018.1,False,41.64358974358974,37.1,49.9,143.83333333333334,1.8525641025641026,5.8,BOR,35396.4,29522.0,39445.11111111111,34118.0,29305.5,25131.0,88771.0,486869.0,3.0,,,3.0,4.0,,,,,,8.818181818181818,2.0,,,,,,279.72727272727275,286.0,,,,,,281.0,286.0,,,,,,103333.63636363637,88771.0,,,,,,90141.0,88771.0,,,,1,0,0,3
2025,6,27.873076923076923,27.1,29.1,50.217948717948715,45.0,54.0,1017.6666666666666,1017.0,1018.1,False,41.64358974358974,37.1,49.9,143.83333333333334,1.8525641025641026,5.8,DOO,36371.63157894737,29653.0,41817.857142857145,34186.0,31027.85714285714,25412.0,89357.0,460365.50000000023,2.0,,,2.0,,,,,,,11.466666666666667,,,,,,,273.6,,,,,,,284.0,,,,,,,101342.93333333333,,,,,,,89357.0,,,,,1,0,0,3
2025,6,27.873076923076923,27.1,29.1,50.217948717948715,45.0,54.0,1017.6666666666666,1017.0,1018.1,False,41.64358974358974,37.1,49.9,143.83333333333334,1.8525641025641026,5.8,GAS,38183.94736842105,29567.0,41206.71428571428,33995.0,30250.380952380954,25354.0,89084.0,527973.0,1.0,,,2.0,,,,,,,11.866666666666667,,,,,,,272.53333333333336,,,,,,,285.0,,,,,,,103675.66666666667,,,,,,,89084.0,,,,,1,0,0,3
2025,6,27.873076923076923,27.1,29.1,50.217948717948715,45.0,54.0,1017.6666666666666,1017.0,1018.1,False,41.64358974358974,37.1,49.9,143.83333333333334,1.8525641025641026,5.8,HAD,36980.95,29066.0,39671.565217391304,33726.0,29682.130434782608,25176.0,87968.0,394209.5,2.0,2.0,,,3.0,,,,10.25,,,2.0,,,,271.8125,,,283.0,,,,281.0,,,283.0,,,,106122.875,,,87968.0,,,,88670.0,,,87968.0,,,,1,0,0,3
2025,6,27.873076923076923,27.1,29.1,50.217948717948715,45.0,54.0,1017.6666666666666,1017.0,1018.1,False,41.64358974358974,37.1,49.9,143.83333333333334,1.8525641025641026,5.8,HAM,40355.82352941176,29119.0,47217.26315789474,33836.0,29628.684210526317,25132.0,88556.0,464479.5,2.0,,,2.0,,,,,,,10.11111111111111,,,,,,,279.0,,,,,,,284.0,,,,,,,89989.0,,,,,,,88556.0,,,,,1,0,0,3
2025,6,27.873076923076923,27.1,29.1,50.217948717948715,45.0,54.0,1017.6666666666666,1017.0,1018.1,False,41.64358974358974,37.1,49.9,143.83333333333334,1.8525641025641026,5.8,HUL,38993.77777777778,29333.0,44562.666666666664,34049.0,34893.166666666664,25121.0,88573.0,582944.6666666666,3.0,,,1.0,4.0,,,,,,2.0,5.0,,,,,,282.0,262.6666666666667,,,,,,282.0,285.0,,,,,,91308.0,89600.66666666667,,,,,,91308.0,88573.0,,,,1,0,0,3
2025,6,27.873076923076923,27.1,29.1,50.217948717948715,45.0,54.0,1017.6666666666666,1017.0,1018.1,False,41.64358974358974,37.1,49.9,143.83333333333334,1.8525641025641026,5.8,LAW,36498.833333333336,29145.0,40571.619047619046,33921.0,30116.380952380954,25308.0,88374.0,473517.0,2.0,2.0,,,3.0,,,,9.916666666666666,,,2.0,,,,276.3333333333333,,,283.0,,,,280.0,,,283.0,,,,98859.25,,,88374.0,,,,89350.0,,,88374.0,,,,1,0,0,3
2025,6,27.873076923076923,27.1,29.1,50.217948717948715,45.0,54.0,1017.6666666666666,1017.0,1018.1,False,41.64358974358974,37.1,49.9,143.83333333333334,1.8525641025641026,5.8,LEC,36315.36842105263,28918.0,42758.818181818184,33598.0,29987.85714285714,24968.0,87484.0,465030.9999999999,2.0,,,2.0,3.0,,,,,,10.538461538461538,2.0,,,,,,277.84615384615387,285.0,,,,,,284.0,285.0,,,,,,100750.69230769231,87484.0,,,,,,88396.0,87484.0,,,,1,0,0,3
2025,6,27.873076923076923,27.1,29.1,50.217948717948715,45.0,54.0,1017.6666666666666,1017.0,1018.1,False,41.64358974358974,37.1,49.9,143.83333333333334,1.8525641025641026,5.8,NOR,37158.666666666664,29167.0,40467.71428571428,33202.0,30767.3,25324.0,88391.0,254547.75,4.0,,,3.0,,,,,,,10.23076923076923,,,,,,,278.0,,,,,,,284.0,,,,,,,102673.76923076923,,,,,,,88391.0,,,,,1,0,0,3
2025,6,27.873076923076923,27.1,29.1,50.217948717948715,45.0,54.0,1017.6666666666666,1017.0,1018.1,False,41.64358974358974,37.1,49.9,143.83333333333334,1.8525641025641026,5.8,OCO,37268.1875,29316.0,42374.38888888889,34084.0,32657.722222222223,25347.0,89179.0,391809.6666666667,3.0,,,3.0,,,,,,,10.4,,,,,,,275.9,,,,,,,284.0,,,,,,,96700.9,,,,,,,89179.0,,,,,1,0,0,3
2025,6,27.873076923076923,27.1,29.1,50.217948717948715,45.0,54.0,1017.6666666666666,1017.0,1018.1,False,41.64358974358974,37.1,49.9,143.83333333333334,1.8525641025641026,5.8,PIA,37571.94736842105,28822.0,39632.22727272727,33375.0,31257.85714285714,24931.0,87128.0,330141.0,3.0,,,3.0,4.0,,,,,,10.0,2.0,,,,,,274.3076923076923,282.0,,,,,,284.0,282.0,,,,,,101243.46153846153,87128.0,,,,,,88342.0,87128.0,,,,1,0,0,3
2025,6,27.873076923076923,27.1,29.1,50.217948717948715,45.0,54.0,1017.6666666666666,1017.0,1018.1,False,41.64358974358974,37.1,49.9,143.83333333333334,1.8525641025641026,5.8,RUS,34160.833333333336,29094.0,37933.88461538462,33619.0,28025.28,25065.0,88058.0,557039.0,1.0,,,2.0,,,,,,,14.9,,,,,,,279.1,,,,,,,287.0,,,,,,,93207.15,,,,,,,88058.0,,,,,1,0,0,3
2025,6,27.873076923076923,27.1,29.1,50.217948717948715,45.0,54.0,1017.6666666666666,1017.0,1018.1,False,41.64358974358974,37.1,49.9,143.83333333333334,1.8525641025641026,5.8,SAI,37039.9,29144.0,41534.217391304344,33423.0,30008.478260869564,25065.0,87678.0,213854.0,3.0,,,3.0,4.0,,,,,,11.307692307692308,2.0,,,,,,282.38461538461536,285.0,,,,,,287.0,285.0,,,,,,98494.53846153847,87678.0,,,,,,88311.0,87678.0,,,,1,0,0,3
2025,6,27.873076923076923,27.1,29.1,50.217948717948715,45.0,54.0,1017.6666666666666,1017.0,1018.1,False,41.64358974358974,37.1,49.9,143.83333333333334,1.8525641025641026,5.8,STR,45914.26315789474,29514.0,40964.6,33806.0,31773.35,25396.0,89362.0,178936.8,5.0,,,5.0,6.0,,,,,,7.9,2.0,,,,,,280.0,281.0,,,,,,283.0,281.0,,,,,,101527.1,89362.0,,,,,,89705.0,89362.0,,,,1,0,0,3
2025,6,27.873076923076923,27.1,29.1,50.217948717948715,45.0,54.0,1017.6666666666666,1017.0,1018.1,False,41.64358974358974,37.1,49.9,143.83333333333334,1.8525641025641026,5.8,TSU,36892.05882352941,29105.0,42020.55,33765.0,31081.5,25285.0,88155.0,338445.3333333333,3.0,,,3.0,4.0,,,,,,10.4,2.0,,,,,,276.5,284.0,,,,,,283.0,284.0,,,,,,92101.8,88155.0,,,,,,89186.0,88155.0,,,,1,0,0,3
2025,6,27.873076923076923,27.1,29.1,50.217948717948715,45.0,54.0,1017.6666666666666,1017.0,1018.1,False,41.64358974358974,37.1,49.9,143.83333333333334,1.8525641025641026,5.8,VER,37881.705882352944,28857.0,41354.95,33586.0,28495.842105263157,25115.0,87558.0,373902.3333333333,3.0,,,3.0,4.0,,,,,,10.0,2.0,,,,,,277.8181818181818,284.0,,,,,,282.0,284.0,,,,,,95624.36363636363,87558.0,,,,,,88606.0,87558.0,,,,1,0,0,3
2025,7,19.30263157894737,18.6,19.8,32.421052631578945,30.0,37.0,1007.9578947368421,1007.8,1008.1,False,39.53157894736842,37.5,40.9,127.84210526315789,3.206578947368421,4.6,ALB,33589.61111111111,24223.0,36960.80952380953,26719.0,35184.4,25873.0,76922.0,461260.00000000023,2.0,,,,2.0,,,,,,,5.428571428571429,,,,,,,271.64285714285717,,,,,,,285.0,,,,,,,106403.85714285714,,,,,,,76922.0,,,,1,0,0,1
2025,7,19.30263157894737,18.6,19.8,32.421052631578945,30.0,37.0,1007.9578947368421,1007.8,1008.1,False,39.53157894736842,37.5,40.9,127.84210526315789,3.206578947368421,4.6,ALO,32025.38888888889,24434.0,34158.380952380954,26741.0,33298.47619047619,25946.0,77121.0,651036.0,2.0,,,,3.0,,,,,,,6.133333333333334,,,,,,,269.6,,,,,,,282.0,,,,,,,92487.46666666666,,,,,,,77121.0,,,,1,0,0,1
2025,7,19.30263157894737,18.6,19.8,32.421052631578945,30.0,37.0,1007.9578947368421,1007.8,1008.1,False,39.53157894736842,37.5,40.9,127.84210526315789,3.206578947368421,4.6,ANT,30481.0,24520.0,33927.13636363636,26646.0,32066.772727272728,25928.0,77094.0,246924.2,5.0,,,,5.0,,,,,,,7.916666666666667,,,,,,,276.0,,,,,,,281.0,,,,,,,85674.08333333333,,,,,,,77094.0,,,,1,0,0,1
2025,7,19.30263157894737,18.6,19.8,32.421052631578945,30.0,37.0,1007.9578947368421,1007.8,1008.1,False,39.53157894736842,37.5,40.9,127.84210526315789,3.206578947368421,4.6,BEA,33016.666666666664,24639.0,32992.05263157895,26724.0,31788.42105263158,25929.0,77446.0,325536.4,5.0,,,6.0,5.0,,,,,,8.5,3.5,,,,,,278.5,280.0,,,,,,280.0,280.0,,,,,,79877.83333333333,77541.5,,,,,,77688.0,77446.0,,,,1,0,0,1
2025,7,19.30263157894737,18.6,19.8,32.421052631578945,30.0,37.0,1007.9578947368421,1007.8,1008.1,False,39.53157894736842,37.5,40.9,127.84210526315789,3.206578947368421,4.6,BOR,35109.57894736842,24360.0,34872.09090909091,26766.0,32687.363636363636,25769.0,76925.0,300533.5,4.0,,,2.0,5.0,,,,,,6.0,7.625,,,,,,279.2857142857143,277.375,,,,,,282.0,284.0,,,,,,100639.14285714286,88759.75,,,,,,77548.0,76925.0,,,,1,0,0,1
2025,7,19.30263157894737,18.6,19.8,32.421052631578945,30.0,37.0,1007.9578947368421,1007.8,1008.1,False,39.53157894736842,37.5,40.9,127.84210526315789,3.206578947368421,4.6,COL,40127.11111111111,24474.0,37401.9,26929.0,35121.2,25970.0,77373.0,184923.14285714287,7.0,,,8.0,7.0,,,,,,7.5,4.0,,,,,,277.3333333333333,281.0,,,,,,279.0,281.0,,,,,,90186.66666666667,77373.0,,,,,,77597.0,77373.0,,,,1,0,0,1
2025,7,19.30263157894737,18.6,19.8,32.421052631578945,30.0,37.0,1007.9578947368421,1007.8,1008.1,False,39.53157894736842,37.5,40.9,127.84210526315789,3.206578947368421,4.6,GAS,40936.444444444445,24299.0,36988.47619047619,26522.0,36032.42857142857,25767.0,76696.0,152379.14285714287,7.0,,,4.0,6.0,,,,,,6.6,3.6666666666666665,,,,,,281.4,284.3333333333333,,,,,,282.0,286.0,,,,,,90170.6,99615.33333333333,,,,,,76907.0,76696.0,,,,1,0,0,1
2025,7,19.30263157894737,18.6,19.8,32.421052631578945,30.0,37.0,1007.9578947368421,1007.8,1008.1,False,39.53157894736842,37.5,40.9,127.84210526315789,3.206578947368421,4.6,HAD,34235.26666666667,24371.0,35411.0,26737.0,35421.055555555555,26215.0,77641.0,338259.0,4.0,,,,5.0,,,,,,,7.090909090909091,,,,,,,261.90909090909093,,,,,,,282.0,,,,,,,101289.45454545454,,,,,,,77641.0,,,,1,0,0,1
2025,7,19.30263157894737,18.6,19.8,32.421052631578945,30.0,37.0,1007.9578947368421,1007.8,1008.1,False,39.53157894736842,37.5,40.9,127.84210526315789,3.206578947368421,4.6,HAM,35362.0,24195.0,37402.77272727273,26557.0,31384.285714285714,25808.0,76641.0,299278.25,4.0,,,,5.0,,,,,,,5.75,,,,,,,279.8333333333333,,,,,,,283.0,,,,,,,93980.5,,,,,,,76641.0,,,,1,0,0,1
2025,7,19.30263157894737,18.6,19.8,32.421052631578945,30.0,37.0,1007.9578947368421,1007.8,1008.1,False,39.53157894736842,37.5,40.9,127.84210526315789,3.206578947368421,4.6,HUL,31518.315789473683,24494.0,32452.652173913044,26649.0,32563.68181818182,25855.0,76998.0,324950.75,4.0,,,5.0,4.0,,,,,,9.909090909090908,3.6666666666666665,,,,,,260.90909090909093,280.3333333333333,,,,,,279.0,284.0,,,,,,94875.45454545454,99032.33333333333,,,,,,78570.0,76998.0,,,,1,0,0,1
2025,7,19.30263157894737,18.6,19.8,32.421052631578945,30.0,37.0,1007.9578947368421,1007.8,1008.1,False,39.53157894736842,37.5,40.9,127.84210526315789,3.206578947368421,4.6,LAW,29985.352941176472,24445.0,34287.23809523809,26813.0,32705.52380952381,26028.0,77286.0,331526.75,4.0,,,,5.0,,,,,,,6.333333333333333,,,,,,,263.8333333333333,,,,,,,281.0,,,,,,,93196.83333333333,,,,,,,77286.0,,,,1,0,0,1
2025,7,19.30263157894737,18.6,19.8,32.421052631578945,30.0,37.0,1007.9578947368421,1007.8,1008.1,False,39.53157894736842,37.5,40.9,127.84210526315789,3.206578947368421,4.6,LEC,31432.894736842107,24271.0,33314.34782608696,26690.0,34822.40909090909,25863.0,77077.0,291521.25,4.0,,,,5.0,,,,,,,6.3076923076923075,,,,,,,269.0769230769231,,,,,,,285.0,,,,,,,90417.92307692308,,,,,,,77077.0,,,,1,0,0,1
2025,7,19.30263157894737,18.6,19.8,32.421052631578945,30.0,37.0,1007.9578947368421,1007.8,1008.1,False,39.53157894736842,37.5,40.9,127.84210526315789,3.206578947368421,4.6,NOR,32266.65,24321.0,34738.0,26532.0,31980.363636363636,25724.0,76577.0,389942.0,3.0,,,,4.0,,,,,,,6.733333333333333,,,,,,,266.3333333333333,,,,,,,282.0,,,,,,,89914.53333333334,,,,,,,76577.0,,,,1,0,0,1
2025,7,19.30263157894737,18.6,19.8,32.421052631578945,30.0,37.0,1007.9578947368421,1007.8,1008.1,False,39.53157894736842,37.5,40.9,127.84210526315789,3.206578947368421,4.6,OCO,32262.466666666667,24644.0,33264.21052631579,26878.0,33508.42105263158,26112.0,77662.0,390237.5,4.0,,,5.0,4.0,,,,,,7.111111111111111,3.5,,,,,,276.22222222222223,278.0,,,,,,279.0,280.0,,,,,,95614.11111111111,77736.0,,,,,,78445.0,77662.0,,,,1,0,0,1
2025,7,19.30263157894737,18.6,19.8,32.421052631578945,30.0,37.0,1007.9578947368421,1007.8,1008.1,False,39.53157894736842,37.5,40.9,127.84210526315789,3.206578947368421,4.6,PIA,30442.3,24276.0,33676.69565217391,26496.0,31410.136363636364,25640.0,76545.0,592092.0,2.0,,,,3.0,,,,,,,6.588235294117647,,,,,,,266.2352941176471,,,,,,,287.0,,,,,,,93413.58823529411,,,,,,,76545.0,,,,1,0,0,1
2025,7,19.30263157894737,18.6,19.8,32.421052631578945,30.0,37.0,1007.9578947368421,1007.8,1008.1,False,39.53157894736842,37.5,40.9,127.84210526315789,3.206578947368421,4.6,RUS,28751.045454545456,24287.0,32014.52,26654.0,30153.28,25658.0,76599.0,345100.0,3.0,,,,4.0,,,,,,,7.666666666666667,,,,,,,270.3888888888889,,,,,,,281.0,,,,,,,87384.94444444444,,,,,,,76599.0,,,,1,0,0,1
2025,7,19.30263157894737,18.6,19.8,32.421052631578945,30.0,37.0,1007.9578947368421,1007.8,1008.1,False,39.53157894736842,37.5,40.9,127.84210526315789,3.206578947368421,4.6,SAI,36863.86666666667,24227.0,35826.27777777778,26721.0,35601.72222222222,25587.0,76597.0,260664.3333333334,6.0,,,,6.0,,,,,,,4.875,,,,,,,280.75,,,,,,,282.0,,,,,,,95256.25,,,,,,,76597.0,,,,1,0,0,1
2025,7,19.30263157894737,18.6,19.8,32.421052631578945,30.0,37.0,1007.9578947368421,1007.8,1008.1,False,39.53157894736842,37.5,40.9,127.84210526315789,3.206578947368421,4.6,STR,34323.73684210526,24389.0,37870.36363636364,26744.0,35502.90909090909,25857.0,77032.0,352109.3333333333,3.0,,,,4.0,,,,,,,6.714285714285714,,,,,,,271.85714285714283,,,,,,,282.0,,,,,,,94155.78571428571,,,,,,,77032.0,,,,1,0,0,1
2025,7,19.30263157894737,18.6,19.8,32.421052631578945,30.0,37.0,1007.9578947368421,1007.8,1008.1,False,39.53157894736842,37.5,40.9,127.84210526315789,3.206578947368421,4.6,TSU,40207.57142857143,24250.0,42018.41176470588,26819.0,36574.23529411765,26060.0,77356.0,237145.5,4.0,,,,5.0,,,,,,,5.666666666666667,,,,,,,280.6666666666667,,,,,,,282.0,,,,,,,96975.33333333333,,,,,,,77356.0,,,,1,0,0,1
2025,7,19.30263157894737,18.6,19.8,32.421052631578945,30.0,37.0,1007.9578947368421,1007.8,1008.1,False,39.53157894736842,37.5,40.9,127.84210526315789,3.206578947368421,4.6,VER,36261.666666666664,24272.0,41565.6,26671.0,36428.57142857143,25870.0,76905.0,843529.0,2.0,,,,3.0,,,,,,,4.875,,,,,,,247.0,,,,,,,281.0,,,,,,,107732.25,,,,,,,76905.0,,,,1,0,0,1
2025,8,21.45609756097561,20.8,22.3,42.65853658536585,39.0,46.0,1010.8012195121951,1010.5,1011.0,False,38.36585365853659,35.5,42.0,193.34146341463415,0.775609756097561,2.0,ALB,23169.939393939392,18814.0,41528.48484848485,34259.0,24973.066666666666,19106.0,72314.0,200139.00000000015,3.0,4.0,,,3.0,,,,10.117647058823529,,,6.5,,,,247.47058823529412,,,260.4166666666667,,,,265.0,,,268.0,,,,86716.70588235294,,,92888.75,,,,73855.0,,,72314.0,,,,1,0,0,11
2025,8,21.45609756097561,20.8,22.3,42.65853658536585,39.0,46.0,1010.8012195121951,1010.5,1011.0,False,38.36585365853659,35.5,42.0,193.34146341463415,0.775609756097561,2.0,ALO,23403.185185185186,19110.0,40889.96296296296,34290.0,25488.208333333332,19222.0,72727.0,414041.6666666667,3.0,,,,4.0,,,,,,,7.208333333333333,,,,,,,255.75,,,,,,,269.0,,,,,,,89288.16666666667,,,,,,,72727.0,,,,1,0,0,11
2025,8,21.45609756097561,20.8,22.3,42.65853658536585,39.0,46.0,1010.8012195121951,1010.5,1011.0,False,38.36585365853659,35.5,42.0,193.34146341463415,0.775609756097561,2.0,ANT,25688.41176470588,19161.0,44483.93939393939,34335.0,24231.8064516129,19119.0,72765.0,268948.0,2.0,,,,3.0,,,,,,,9.129032258064516,,,,,,,253.19354838709677,,,,,,,268.0,,,,,,,94600.12903225806,,,,,,,72765.0,,,,1,0,0,11
2025,8,21.45609756097561,20.8,22.3,42.65853658536585,39.0,46.0,1010.8012195121951,1010.5,1011.0,False,38.36585365853659,35.5,42.0,193.34146341463415,0.775609756097561,2.0,BEA,22962.029411764706,19251.0,40338.454545454544,34644.0,23944.7,19373.0,73329.0,296619.0,3.0,2.0,,,4.0,,,,8.666666666666666,,,8.533333333333333,,,,263.6666666666667,,,255.4,,,,267.0,,,267.0,,,,86662.46666666666,,,87376.73333333334,,,,74460.0,,,73329.0,,,,1,0,0,11
2025,8,21.45609756097561,20.8,22.3,42.65853658536585,39.0,46.0,1010.8012195121951,1010.5,1011.0,False,38.36585365853659,35.5,42.0,193.34146341463415,0.775609756097561,2.0,BOR,26211.48275862069,19164.0,42955.41379310345,34714.0,25986.26923076923,19480.0,73470.0,541177.5,2.0,,,2.0,3.0,,,,,,8.733333333333333,5.5,,,,,,260.4,262.2,,,,,,263.0,263.0,,,,,,91094.33333333333,90749.5,,,,,,74881.0,73470.0,,,,1,0,0,11
2025,8,21.45609756097561,20.8,22.3,42.65853658536585,39.0,46.0,1010.8012195121951,1010.5,1011.0,False,38.36585365853659,35.5,42.0,193.34146341463415,0.775609756097561,2.0,COL,24992.8125,19381.0,43295.83870967742,34721.0,25300.827586206895,19529.0,73820.0,269573.3333333333,3.0,2.0,,,4.0,,,,8.214285714285714,,,7.928571428571429,,,,260.7857142857143,,,242.85714285714286,,,,264.0,,,265.0,,,,89290.35714285714,,,95744.85714285714,,,,75118.0,,,73820.0,,,,1,0,0,11
2025,8,21.45609756097561,20.8,22.3,42.65853658536585,39.0,46.0,1010.8012195121951,1010.5,1011.0,False,38.36585365853659,35.5,42.0,193.34146341463415,0.775609756097561,2.0,GAS,25389.48275862069,19170.0,43239.206896551725,34262.0,24739.076923076922,19194.0,72669.0,552074.0,2.0,2.0,,,3.0,,,,7.5,,,7.5,,,,262.0833333333333,,,239.42857142857142,,,,263.0,,,265.0,,,,85791.25,,,99986.92857142857,,,,73753.0,,,72669.0,,,,1,0,0,11
2025,8,21.45609756097561,20.8,22.3,42.65853658536585,39.0,46.0,1010.8012195121951,1010.5,1011.0,False,38.36585365853659,35.5,42.0,193.34146341463415,0.775609756097561,2.0,HAD,22760.2,18997.0,40945.42857142857,34499.0,24338.967741935485,19439.0,73187.0,262239.3333333333,3.0,2.0,,4.0,,,,,8.666666666666666,,9.4375,,,,,261.0,,237.6875,,,,,265.0,,266.0,,,,,86085.66666666667,,89749.25,,,,,73796.0,,73187.0,,,,,1,0,0,11
2025,8,21.45609756097561,20.8,22.3,42.65853658536585,39.0,46.0,1010.8012195121951,1010.5,1011.0,False,38.36585365853659,35.5,42.0,193.34146341463415,0.775609756097561,2.0,HAM,23849.633333333335,18751.0,42625.23333333333,34313.0,25798.26923076923,19253.0,72690.0,341372.0,3.0,,,2.0,4.0,,,,,,6.636363636363637,8.4,,,,,,264.72727272727275,233.4,,,,,,269.0,265.0,,,,,,88178.0,95065.13333333333,,,,,,72846.0,72690.0,,,,1,0,0,11
2025,8,21.45609756097561,20.8,22.3,42.65853658536585,39.0,46.0,1010.8012195121951,1010.5,1011.0,False,38.36585365853659,35.5,42.0,193.34146341463415,0.775609756097561,2.0,HUL,23885.266666666666,19280.0,42067.31034482759,34456.0,25115.74074074074,19222.0,72979.0,561764.0,2.0,,,2.0,3.0,,,,,,8.142857142857142,7.0,,,,,,259.64285714285717,249.76923076923077,,,,,,265.0,263.0,,,,,,90506.92857142857,91828.53846153847,,,,,,73820.0,72979.0,,,,1,0,0,11
2025,8,21.45609756097561,20.8,22.3,42.65853658536585,39.0,46.0,1010.8012195121951,1010.5,1011.0,False,38.36585365853659,35.5,42.0,193.34146341463415,0.775609756097561,2.0,LAW,23239.083333333332,19193.0,40460.25,34671.0,24261.58823529412,19448.0,73429.0,312195.0,2.0,2.0,,3.0,,,,,8.666666666666666,,10.0,,,,,260.2,,250.10526315789474,,,,,265.0,,263.0,,,,,87272.46666666666,,88837.8947368421,,,,,74839.0,,73429.0,,,,,1,0,0,11
2025,8,21.45609756097561,20.8,22.3,42.65853658536585,39.0,46.0,1010.8012195121951,1010.5,1011.0,False,38.36585365853659,35.5,42.0,193.34146341463415,0.775609756097561,2.0,LEC,22334.696969696968,18589.0,41708.84848484849,34214.0,25454.566666666666,18964.0,71964.0,420800.5,2.0,,,1.0,3.0,,,,,,2.0,14.333333333333334,,,,,,260.3333333333333,253.59259259259258,,,,,,267.0,267.0,,,,,,101640.33333333333,87933.44444444444,,,,,,75249.0,71964.0,,,,1,0,0,11
2025,8,21.45609756097561,20.8,22.3,42.65853658536585,39.0,46.0,1010.8012195121951,1010.5,1011.0,False,38.36585365853659,35.5,42.0,193.34146341463415,0.775609756097561,2.0,NOR,23054.548387096773,18744.0,39870.967741935485,34157.0,24982.60714285714,18941.0,72290.0,327702.6666666667,3.0,,,4.0,2.0,,,,,,8.533333333333333,7.615384615384615,,,,,,243.93333333333334,265.2307692307692,,,,,,269.0,268.0,,,,,,85889.8,90766.38461538461,,,,,,72652.0,72290.0,,,,1,0,0,11
2025,8,21.45609756097561,20.8,22.3,42.65853658536585,39.0,46.0,1010.8012195121951,1010.5,1011.0,False,38.36585365853659,35.5,42.0,193.34146341463415,0.775609756097561,2.0,OCO,23386.033333333333,19399.0,40140.1,34629.0,25888.428571428572,19341.0,73394.0,520135.0,2.0,2.0,,,3.0,,,,8.666666666666666,,,7.0,,,,258.2,,,237.07692307692307,,,,266.0,,,267.0,,,,87235.13333333333,,,92591.0,,,,74558.0,,,73394.0,,,,1,0,0,11
2025,8,21.45609756097561,20.8,22.3,42.65853658536585,39.0,46.0,1010.8012195121951,1010.5,1011.0,False,38.36585365853659,35.5,42.0,193.34146341463415,0.775609756097561,2.0,PIA,24541.321428571428,19085.0,42050.78571428572,33951.0,27205.666666666668,19169.0,72342.0,319672.5,4.0,,,4.0,5.0,,,,,,4.875,9.066666666666666,,,,,,265.5,251.0,,,,,,270.0,267.0,,,,,,93102.875,90405.8,,,,,,72342.0,73031.0,,,,1,0,0,11
2025,8,21.45609756097561,20.8,22.3,42.65853658536585,39.0,46.0,1010.8012195121951,1010.5,1011.0,False,38.36585365853659,35.5,42.0,193.34146341463415,0.775609756097561,2.0,RUS,24972.15625,18768.0,44598.84848484849,34317.0,29318.066666666666,19034.0,72482.0,157742.75,4.0,,,,5.0,,,,,,,8.615384615384615,,,,,,,257.7307692307692,,,,,,,269.0,,,,,,,93386.88461538461,,,,,,,72482.0,,,,1,0,0,11
2025,8,21.45609756097561,20.8,22.3,42.65853658536585,39.0,46.0,1010.8012195121951,1010.5,1011.0,False,38.36585365853659,35.5,42.0,193.34146341463415,0.775609756097561,2.0,SAI,24606.916666666668,18960.0,41415.555555555555,34332.0,25512.18181818182,19139.0,72534.0,126085.75,4.0,5.0,,,4.0,,,,10.722222222222221,,,7.538461538461538,,,,252.16666666666666,,,255.15384615384616,,,,270.0,,,270.0,,,,88863.55555555556,,,91751.84615384616,,,,73628.0,,,72534.0,,,,1,0,0,11
2025,8,21.45609756097561,20.8,22.3,42.65853658536585,39.0,46.0,1010.8012195121951,1010.5,1011.0,False,38.36585365853659,35.5,42.0,193.34146341463415,0.775609756097561,2.0,STR,25193.75,19928.0,43682.0,35769.0,24473.666666666668,19938.0,75635.0,,,,,,1.0,,,,,,,2.0,,,,,,,264.3333333333333,,,,,,,267.0,,,,,,,87268.0,,,,,,,75635.0,,,,1,0,0,11
2025,8,21.45609756097561,20.8,22.3,42.65853658536585,39.0,46.0,1010.8012195121951,1010.5,1011.0,False,38.36585365853659,35.5,42.0,193.34146341463415,0.775609756097561,2.0,TSU,24651.064516129034,19130.0,42408.74193548387,34486.0,25767.724137931036,19401.0,73232.0,307788.3333333333,3.0,2.0,,,4.0,,,,9.705882352941176,,,6.818181818181818,,,,263.11764705882354,,,221.0,,,,268.0,,,265.0,,,,88359.17647058824,,,96568.0,,,,73516.0,,,73232.0,,,,1,0,0,11
2025,8,21.45609756097561,20.8,22.3,42.65853658536585,39.0,46.0,1010.8012195121951,1010.5,1011.0,False,38.36585365853659,35.5,42.0,193.34146341463415,0.775609756097561,2.0,VER,23736.310344827587,18829.0,42231.96551724138,34170.0,25430.40740740741,19074.0,72127.0,362618.6666666667,3.0,2.0,,,4.0,,,,8.666666666666666,,,6.545454545454546,,,,248.53333333333333,,,239.63636363636363,,,,264.0,,,264.0,,,,89692.66666666667,,,92286.36363636363,,,,73442.0,,,72127.0,,,,1,0,0,11
2025,9,30.375,30.0,31.0,33.975,29.0,38.0,1006.11625,1005.7,1006.3,False,48.77875,46.7,50.2,183.35,1.40625,2.8,ALO,28226.29411764706,22166.0,38249.55,29870.0,28078.85,22762.0,74798.0,616084.0,2.0,2.0,,,3.0,,,,7.1,,,3.6666666666666665,,,,278.7,,,282.6666666666667,,,,285.0,,,284.0,,,,86353.5,,,104847.0,,,,75480.0,,,74798.0,,,,0,0,0,5
2025,9,30.375,30.0,31.0,33.975,29.0,38.0,1006.11625,1005.7,1006.3,False,48.77875,46.7,50.2,183.35,1.40625,2.8,ANT,31325.85714285714,22400.0,37140.77419354839,30122.0,27860.290322580644,22847.0,75369.0,200814.5,4.0,3.0,,5.0,,,,,5.0,,12.38888888888889,,,,,285.3333333333333,,263.1111111111111,,,,,286.0,,286.0,,,,,76400.0,,83885.05555555556,,,,,76225.0,,75369.0,,,,,0,0,0,5
2025,9,30.375,30.0,31.0,33.975,29.0,38.0,1006.11625,1005.7,1006.3,False,48.77875,46.7,50.2,183.35,1.40625,2.8,BEA,31449.217391304348,22206.0,38890.153846153844,29774.0,28938.80769230769,22617.0,74597.0,393032.6666666667,3.0,4.0,,,3.0,,,,12.823529411764707,,,2.0,,,,258.05882352941177,,,284.0,,,,284.0,,,284.0,,,,92555.58823529411,,,74597.0,,,,76823.0,,,74597.0,,,,0,0,0,5
2025,9,30.375,30.0,31.0,33.975,29.0,38.0,1006.11625,1005.7,1006.3,False,48.77875,46.7,50.2,183.35,1.40625,2.8,BOR,30308.21052631579,22275.0,38112.65217391304,30097.0,29870.08695652174,22776.0,75155.0,322968.2,5.0,6.0,,,5.0,,,,10.416666666666666,,,3.0,,,,257.4166666666667,,,284.5,,,,284.0,,,287.0,,,,93464.75,,,100091.5,,,,76953.0,,,75155.0,,,,0,0,0,5
2025,9,30.375,30.0,31.0,33.975,29.0,38.0,1006.11625,1005.7,1006.3,False,48.77875,46.7,50.2,183.35,1.40625,2.8,COL,34883.470588235294,22318.0,44999.63157894737,30224.0,31241.105263157893,22988.0,75530.0,131950.5,4.0,,,4.0,5.0,,,,,,8.272727272727273,2.0,,,,,,275.90909090909093,284.0,,,,,,287.0,284.0,,,,,,105602.36363636363,75530.0,,,,,,76600.0,75530.0,,,,0,0,0,5
2025,9,30.375,30.0,31.0,33.975,29.0,38.0,1006.11625,1005.7,1006.3,False,48.77875,46.7,50.2,183.35,1.40625,2.8,GAS,33522.28,22167.0,40182.57142857143,29918.0,30051.89285714286,22661.0,74746.0,159573.1666666666,6.0,7.0,,,6.0,,,,11.75,,,3.0,,,,261.1875,,,287.0,,,,287.0,,,289.0,,,,96532.8125,,,105082.0,,,,76291.0,,,74746.0,,,,0,0,0,5
2025,9,30.375,30.0,31.0,33.975,29.0,38.0,1006.11625,1005.7,1006.3,False,48.77875,46.7,50.2,183.35,1.40625,2.8,HAD,36013.17391304348,22191.0,38371.42307692308,29847.0,30314.923076923078,22567.0,74605.0,191761.16666666666,6.0,5.0,,,7.0,,,,10.461538461538462,,,4.333333333333333,,,,271.46153846153845,,,198.66666666666666,,,,287.0,,,285.0,,,,93349.76923076923,,,117299.33333333333,,,,76143.0,,,74605.0,,,,0,0,0,5
2025,9,30.375,30.0,31.0,33.975,29.0,38.0,1006.11625,1005.7,1006.3,False,48.77875,46.7,50.2,183.35,1.40625,2.8,HAM,31109.80769230769,22100.0,42038.137931034486,29573.0,30130.827586206895,22423.0,74096.0,285088.99999999994,3.0,4.0,,,2.0,,,,13.764705882352942,,,2.0,,,,264.8235294117647,,,286.0,,,,283.0,,,286.0,,,,87795.11764705883,,,74096.0,,,,75980.0,,,74096.0,,,,0,0,0,5
2025,9,30.375,30.0,31.0,33.975,29.0,38.0,1006.11625,1005.7,1006.3,False,48.77875,46.7,50.2,183.35,1.40625,2.8,HIR,34466.10526315789,22316.0,40883.04347826087,30208.0,30528.434782608696,22774.0,75298.0,276250.8,5.0,6.0,,,4.0,,,,10.090909090909092,,,2.0,,,,244.72727272727272,,,288.0,,,,287.0,,,288.0,,,,99678.90909090909,,,75298.0,,,,77351.0,,,75298.0,,,,0,0,0,5
2025,9,30.375,30.0,31.0,33.975,29.0,38.0,1006.11625,1005.7,1006.3,False,48.77875,46.7,50.2,183.35,1.40625,2.8,HUL,29538.176470588234,22252.0,36896.0,30046.0,29013.0,22508.0,74865.0,451512.75,4.0,2.0,,,5.0,,,,5.0,,,6.875,,,,280.4,,,250.375,,,,284.0,,,286.0,,,,95467.4,,,89930.5,,,,76517.0,,,74865.0,,,,0,0,0,5
2025,9,30.375,30.0,31.0,33.975,29.0,38.0,1006.11625,1005.7,1006.3,False,48.77875,46.7,50.2,183.35,1.40625,2.8,LAW,32337.583333333332,22141.0,38915.46428571428,29840.0,29411.60714285714,22358.0,74339.0,231642.4,5.0,4.0,,,6.0,,,,9.8,,,7.25,,,,262.9,,,249.125,,,,289.0,,,290.0,,,,108775.9,,,88070.125,,,,75507.0,,,74339.0,,,,0,0,0,5
2025,9,30.375,30.0,31.0,33.975,29.0,38.0,1006.11625,1005.7,1006.3,False,48.77875,46.7,50.2,183.35,1.40625,2.8,LEC,31376.14285714286,22263.0,38312.93548387097,29521.0,29152.967741935485,22454.0,74238.0,179051.79999999996,5.0,3.0,,,6.0,,,,7.0,,,11.692307692307692,,,,284.85714285714283,,,262.84615384615387,,,,289.0,,,289.0,,,,98022.28571428571,,,83284.69230769231,,,,75632.0,,,74238.0,,,,0,0,0,5
2025,9,30.375,30.0,31.0,33.975,29.0,38.0,1006.11625,1005.7,1006.3,False,48.77875,46.7,50.2,183.35,1.40625,2.8,MAR,29611.47619047619,22332.0,38170.61538461538,30368.0,30084.846153846152,22633.0,75522.0,250139.0,5.0,6.0,,5.0,,,,,10.0,,4.5,,,,,274.7,,276.0,,,,,283.0,,288.0,,,,,100885.6,,92768.0,,,,,77034.0,,75522.0,,,,,0,0,0,5
2025,9,30.375,30.0,31.0,33.975,29.0,38.0,1006.11625,1005.7,1006.3,False,48.77875,46.7,50.2,183.35,1.40625,2.8,NOR,27743.16,21866.0,36587.68965517241,29453.0,27484.758620689656,22399.0,73718.0,290352.5,4.0,2.0,,,5.0,,,,5.285714285714286,,,10.461538461538462,,,,270.7142857142857,,,265.46153846153845,,,,289.0,,,290.0,,,,95228.14285714286,,,87539.84615384616,,,,75259.0,,,73718.0,,,,0,0,0,5
2025,9,30.375,30.0,31.0,33.975,29.0,38.0,1006.11625,1005.7,1006.3,False,48.77875,46.7,50.2,183.35,1.40625,2.8,PIA,30363.958333333332,21983.0,36420.21428571428,29814.0,28074.60714285714,22497.0,74294.0,235313.4,5.0,6.0,,,5.0,,,,6.5,,,9.333333333333334,,,,258.25,,,281.1111111111111,,,,288.0,,,292.0,,,,101386.125,,,79471.88888888889,,,,75812.0,,,74294.0,,,,0,0,0,5
2025,9,30.375,30.0,31.0,33.975,29.0,38.0,1006.11625,1005.7,1006.3,False,48.77875,46.7,50.2,183.35,1.40625,2.8,RUS,28446.103448275862,22265.0,37966.25,29796.0,27861.645161290322,22690.0,74751.0,223434.33333333334,3.0,2.0,,4.0,,,,,4.0,,13.3,,,,,286.0,,267.3,,,,,290.0,,289.0,,,,,92785.5,,85180.75,,,,,75876.0,,74751.0,,,,,0,0,0,5
2025,9,30.375,30.0,31.0,33.975,29.0,38.0,1006.11625,1005.7,1006.3,False,48.77875,46.7,50.2,183.35,1.40625,2.8,SAI,34125.25,22217.0,36924.846153846156,30035.0,27790.384615384617,22606.0,74935.0,98873.2,5.0,6.0,,5.0,,,,,5.857142857142857,,8.8,,,,,257.0,,279.0,,,,,288.0,,292.0,,,,,102205.42857142857,,84825.2,,,,,76328.0,,74935.0,,,,,0,0,0,5
2025,9,30.375,30.0,31.0,33.975,29.0,38.0,1006.11625,1005.7,1006.3,False,48.77875,46.7,50.2,183.35,1.40625,2.8,STR,30656.619047619046,22185.0,42867.75,30027.0,28463.916666666668,22574.0,74786.0,714844.0,2.0,,,2.0,3.0,,,,,,6.666666666666667,6.714285714285714,,,,,,282.55555555555554,246.0,,,,,,286.0,285.0,,,,,,96464.44444444444,88084.57142857143,,,,,,75922.0,74786.0,,,,0,0,0,5
2025,9,30.375,30.0,31.0,33.975,29.0,38.0,1006.11625,1005.7,1006.3,False,48.77875,46.7,50.2,183.35,1.40625,2.8,TSU,32014.916666666668,22030.0,39650.11111111111,30021.0,28780.444444444445,22592.0,74643.0,365845.3333333333,3.0,4.0,,,3.0,,,,9.181818181818182,,,6.714285714285714,,,,261.54545454545456,,,275.7142857142857,,,,287.0,,,289.0,,,,97372.81818181818,,,80279.71428571429,,,,76242.0,,,74643.0,,,,0,0,0,5
2025,9,30.375,30.0,31.0,33.975,29.0,38.0,1006.11625,1005.7,1006.3,False,48.77875,46.7,50.2,183.35,1.40625,2.8,VER,31641.933333333334,21924.0,39401.22222222222,29685.0,28571.555555555555,22476.0,74085.0,653439.3333333334,3.0,2.0,,,4.0,,,,4.4,,,5.6,,,,287.6,,,281.2,,,,291.0,,,291.0,,,,99106.8,,,78568.4,,,,75516.0,,,74085.0,,,,0,0,0,5
2025,10,16.6625,16.0,17.2,43.8625,41.0,47.0,1020.8924999999999,1020.6,1021.1,False,42.63125,40.0,44.1,200.1,2.23875,3.2,ALB,25749.321428571428,20237.0,28437.88888888889,23405.0,36835.4,29546.0,73232.0,623544.0,2.0,,,,3.0,,,,,,,7.88,,,,,,,269.96,,,,,,,289.0,,,,,,,91181.64,,,,,,,73232.0,,,,1,0,0,6
2025,10,16.6625,16.0,17.2,43.8625,41.0,47.0,1020.8924999999999,1020.6,1021.1,False,42.63125,40.0,44.1,200.1,2.23875,3.2,ALO,25618.24,20430.0,26770.48,23306.0,34533.52380952381,29969.0,73972.0,345698.3333333333,3.0,,,,4.0,,,,,,,6.619047619047619,,,,,,,278.9047619047619,,,,,,,288.0,,,,,,,86531.52380952382,,,,,,,73972.0,,,,1,0,0,6
2025,10,16.6625,16.0,17.2,43.8625,41.0,47.0,1020.8924999999999,1020.6,1021.1,False,42.63125,40.0,44.1,200.1,2.23875,3.2,ANT,27153.133333333335,20616.0,28666.866666666665,23560.0,37205.2962962963,29826.0,74002.0,210938.5,4.0,,,,5.0,,,,,,,7.96,,,,,,,274.84,,,,,,,289.0,,,,,,,92801.64,,,,,,,74002.0,,,,1,0,0,6
2025,10,16.6625,16.0,17.2,43.8625,41.0,47.0,1020.8924999999999,1020.6,1021.1,False,42.63125,40.0,44.1,200.1,2.23875,3.2,BEA,27168.310344827587,20734.0,28178.655172413793,23590.0,36833.230769230766,29999.0,74520.0,337089.0,3.0,,,,4.0,,,,,,,7.5,,,,,,,270.8076923076923,,,,,,,285.0,,,,,,,92411.26923076923,,,,,,,74520.0,,,,1,0,0,6
2025,10,16.6625,16.0,17.2,43.8625,41.0,47.0,1020.8924999999999,1020.6,1021.1,False,42.63125,40.0,44.1,200.1,2.23875,3.2,BOR,26450.7,20881.0,27322.827586206895,23660.0,37229.81481481482,29783.0,74324.0,361769.6666666667,3.0,,,3.0,4.0,,,,,,9.0,5.7,,,,,,269.875,269.0,,,,,,286.0,288.0,,,,,,87333.75,95644.7,,,,,,76725.0,74324.0,,,,1,0,0,6
2025,10,16.6625,16.0,17.2,43.8625,41.0,47.0,1020.8924999999999,1020.6,1021.1,False,42.63125,40.0,44.1,200.1,2.23875,3.2,COL,27192.793103448275,20757.0,29221.285714285714,23503.0,37567.36,30090.0,74645.0,384530.6666666667,3.0,,,,4.0,,,,,,,7.08,,,,,,,273.44,,,,,,,288.0,,,,,,,94476.68,,,,,,,74645.0,,,,1,0,0,6
2025,10,16.6625,16.0,17.2,43.8625,41.0,47.0,1020.8924999999999,1020.6,1021.1,False,42.63125,40.0,44.1,200.1,2.23875,3.2,GAS,27901.44827586207,20439.0,30089.5,23356.0,37033.153846153844,29993.0,73817.0,508488.5,2.0,,,,3.0,,,,,,,7.423076923076923,,,,,,,254.03846153846155,,,,,,,287.0,,,,,,,94848.65384615384,,,,,,,73817.0,,,,1,0,0,6
2025,10,16.6625,16.0,17.2,43.8625,41.0,47.0,1020.8924999999999,1020.6,1021.1,False,42.63125,40.0,44.1,200.1,2.23875,3.2,HAD,26246.233333333334,20533.0,27647.766666666666,23389.0,36972.48148148148,29675.0,73631.0,251266.0,4.0,,,3.0,5.0,,,,,,7.5,7.384615384615385,,,,,,287.1666666666667,277.46153846153845,,,,,,290.0,289.0,,,,,,86178.91666666667,87557.07692307692,,,,,,74375.0,73631.0,,,,1,0,0,6
2025,10,16.6625,16.0,17.2,43.8625,41.0,47.0,1020.8924999999999,1020.6,1021.1,False,42.63125,40.0,44.1,200.1,2.23875,3.2,HAM,25614.4,20524.0,28605.172413793105,23236.0,36988.03846153846,29860.0,73620.0,278231.75,4.0,,,,5.0,,,,,,,7.44,,,,,,,268.68,,,,,,,288.0,,,,,,,91908.56,,,,,,,73620.0,,,,1,0,0,6
2025,10,16.6625,16.0,17.2,43.8625,41.0,47.0,1020.8924999999999,1020.6,1021.1,False,42.63125,40.0,44.1,200.1,2.23875,3.2,HUL,25668.666666666668,20960.0,27146.571428571428,23758.0,39101.333333333336,30090.0,74821.0,238488.66666666666,6.0,,,6.0,7.0,,,,,,9.928571428571429,5.285714285714286,,,,,,276.42857142857144,265.2857142857143,,,,,,287.0,289.0,,,,,,82434.5,97599.57142857143,,,,,,76116.0,74821.0,,,,1,0,0,6
2025,10,16.6625,16.0,17.2,43.8625,41.0,47.0,1020.8924999999999,1020.6,1021.1,False,42.63125,40.0,44.1,200.1,2.23875,3.2,LAW,27530.4,20464.0,28802.51724137931,23467.0,38339.11538461538,29775.0,73737.0,262055.25,4.0,,,5.0,4.0,,,,,,11.578947368421053,3.5,,,,,,268.42105263157896,286.6666666666667,,,,,,289.0,289.0,,,,,,92721.68421052632,92698.33333333333,,,,,,74305.0,73737.0,,,,1,0,0,6
2025,10,16.6625,16.0,17.2,43.8625,41.0,47.0,1020.8924999999999,1020.6,1021.1,False,42.63125,40.0,44.1,200.1,2.23875,3.2,LEC,26274.625,20659.0,30529.125,23498.0,39640.375,29728.0,73885.0,,,,,,1.0,,,,,,,4.5,,,,,,,280.625,,,,,,,290.0,,,,,,,96444.125,,,,,,,73885.0,,,,1,0,0,6
2025,10,16.6625,16.0,17.2,43.8625,41.0,47.0,1020.8924999999999,1020.6,1021.1,False,42.63125,40.0,44.1,200.1,2.23875,3.2,NOR,24581.620689655174,20469.0,27813.933333333334,23154.0,38070.11111111111,29994.0,73651.0,387671.0,3.0,,,,4.0,,,,,,,7.48,,,,,,,273.36,,,,,,,289.0,,,,,,,89328.8,,,,,,,73651.0,,,,1,0,0,6
2025,10,16.6625,16.0,17.2,43.8625,41.0,47.0,1020.8924999999999,1020.6,1021.1,False,42.63125,40.0,44.1,200.1,2.23875,3.2,OCO,27839.272727272728,20777.0,28126.18181818182,23664.0,36593.11111111111,30138.0,74605.0,432925.9999999999,4.0,,,,5.0,,,,,,,6.294117647058823,,,,,,,264.70588235294116,,,,,,,288.0,,,,,,,92164.23529411765,,,,,,,74605.0,,,,1,0,0,6
2025,10,16.6625,16.0,17.2,43.8625,41.0,47.0,1020.8924999999999,1020.6,1021.1,False,42.63125,40.0,44.1,200.1,2.23875,3.2,PIA,26406.96153846154,20567.0,29213.75,23537.0,39554.64,29843.0,74198.0,253573.2,5.0,,,,6.0,,,,,,,8.9,,,,,,,276.35,,,,,,,289.0,,,,,,,95016.45,,,,,,,74198.0,,,,1,0,0,6
2025,10,16.6625,16.0,17.2,43.8625,41.0,47.0,1020.8924999999999,1020.6,1021.1,False,42.63125,40.0,44.1,200.1,2.23875,3.2,RUS,26542.071428571428,20511.0,28744.206896551725,23170.0,36491.52,29755.0,73535.0,259918.49999999988,4.0,,,,5.0,,,,,,,7.2272727272727275,,,,,,,278.6818181818182,,,,,,,291.0,,,,,,,88052.13636363637,,,,,,,73535.0,,,,1,0,0,6
2025,10,16.6625,16.0,17.2,43.8625,41.0,47.0,1020.8924999999999,1020.6,1021.1,False,42.63125,40.0,44.1,200.1,2.23875,3.2,SAI,26969.4,20461.0,29378.2,23157.0,37065.142857142855,29609.0,73275.0,282642.0,3.0,,,,4.0,,,,,,,8.074074074074074,,,,,,,278.55555555555554,,,,,,,291.0,,,,,,,93880.48148148147,,,,,,,73275.0,,,,1,0,0,6
2025,10,16.6625,16.0,17.2,43.8625,41.0,47.0,1020.8924999999999,1020.6,1021.1,False,42.63125,40.0,44.1,200.1,2.23875,3.2,STR,26293.68,20541.0,29478.28,23616.0,38473.04761904762,30031.0,74203.0,416948.0,3.0,,,,4.0,,,,,,,6.0,,,,,,,283.25,,,,,,,292.0,,,,,,,92200.85,,,,,,,74203.0,,,,1,0,0,6
2025,10,16.6625,16.0,17.2,43.8625,41.0,47.0,1020.8924999999999,1020.6,1021.1,False,42.63125,40.0,44.1,200.1,2.23875,3.2,TSU,28053.666666666668,20511.0,31542.444444444445,23503.0,39006.75,29861.0,73927.0,572048.0,2.0,,,,3.0,,,,,,,6.958333333333333,,,,,,,255.75,,,,,,,291.0,,,,,,,98815.16666666667,,,,,,,73927.0,,,,1,0,0,6
2025,10,16.6625,16.0,17.2,43.8625,41.0,47.0,1020.8924999999999,1020.6,1021.1,False,42.63125,40.0,44.1,200.1,2.23875,3.2,VER,26712.964285714286,20370.0,29952.10714285714,23183.0,39075.125,29569.0,73193.0,277711.5,4.0,,,,5.0,,,,,,,6.869565217391305,,,,,,,272.9130434782609,,,,,,,290.0,,,,,,,95832.52173913043,,,,,,,73193.0,,,,1,0,0,6
