RACEYEAR,RACENUMBER,FP3_AirTemp_mean,FP3_AirTemp_min,FP3_AirTemp_max,FP3_Humidity_mean,FP3_Humidity_min,FP3_Humidity_max,FP3_Pressure_mean,FP3_Pressure_min,FP3_Pressure_max,FP3_Rainfall_max,FP3_TrackTemp_mean,FP3_TrackTemp_min,FP3_TrackTemp_max,FP3_WindDirection_mean,FP3_WindSpeed_mean,FP3_WindSpeed_max,Driver,FP3_AvgSector1Time_ms,FP3_FastestSector1Time_ms,FP3_AvgSector2Time_ms,FP3_FastestSector2Time_ms,FP3_AvgSector3Time_ms,FP3_FastestSector3Time_ms,FP3_FastestFullLapTime_ms,FP3_AvgPitStopDuration_ms,FP3_TotalPitStops,FP3_MaxStint_HARD,FP3_MaxStint_INTERMEDIATE,FP3_MaxStint_MEDIUM,FP3_MaxStint_SOFT,FP3_MaxStint_UNKNOWN,FP3_MaxStint_WET,FP3_AvgTyreLife_HARD,FP3_AvgTyreLife_INTERMEDIATE,FP3_AvgTyreLife_MEDIUM,FP3_AvgTyreLife_SOFT,FP3_AvgTyreLife_UNKNOWN,FP3_AvgTyreLife_WET,FP3_AvgSpeedOnTyre_HARD,FP3_AvgSpeedOnTyre_INTERMEDIATE,FP3_AvgSpeedOnTyre_MEDIUM,FP3_AvgSpeedOnTyre_SOFT,FP3_AvgSpeedOnTyre_UNKNOWN,FP3_AvgSpeedOnTyre_WET,FP3_FastestSpeedOnTyre_HARD,FP3_FastestSpeedOnTyre_INTERMEDIATE,FP3_FastestSpeedOnTyre_MEDIUM,FP3_FastestSpeedOnTyre_SOFT,FP3_FastestSpeedOnTyre_UNKNOWN,FP3_FastestSpeedOnTyre_WET,FP3_AvgLapTimeOnTyre_HARD,FP3_AvgLapTimeOnTyre_INTERMEDIATE,FP3_AvgLapTimeOnTyre_MEDIUM,FP3_AvgLapTimeOnTyre_SOFT,FP3_AvgLapTimeOnTyre_UNKNOWN,FP3_AvgLapTimeOnTyre_WET,FP3_FastestLapTimeOnTyre_HARD,FP3_FastestLapTimeOnTyre_INTERMEDIATE,FP3_FastestLapTimeOnTyre_MEDIUM,FP3_FastestLapTimeOnTyre_SOFT,FP3_FastestLapTimeOnTyre_UNKNOWN,FP3_FastestLapTimeOnTyre_WET,FP3_Red,FP3_SCDeployed,FP3_VSCDeployed,FP3_Yellow
2022,1,22.246913580246915,21.8,22.6,39.2962962962963,35.0,44.0,1014.0617283950618,1013.7,1014.4,False,36.99135802469136,34.5,39.2,85.20987654320987,0.6320987654320988,1.0,ALB,39928.0,30189.0,48085.26666666667,40906.0,28779.733333333334,23773.0,94868.0,286539.5,4.0,,,,5.0,,,,,,4.4,,,,,,238.0,,,,,,284.0,,,,,,103891.2,,,,,,94868.0,,,0,0,0,1
2022,1,22.246913580246915,21.8,22.6,39.2962962962963,35.0,44.0,1014.0617283950618,1013.7,1014.4,False,36.99135802469136,34.5,39.2,85.20987654320987,0.6320987654320988,1.0,ALO,42486.307692307695,30202.0,46404.2,40870.0,28022.0,23556.0,94628.0,333260.6666666667,3.0,1.0,,4.0,,,,4.0,,3.6666666666666665,,,,279.8,,213.33333333333334,,,,283.0,,288.0,,,,100910.2,,108803.66666666667,,,,96375.0,,94628.0,,,,0,0,0,1
2022,1,22.246913580246915,21.8,22.6,39.2962962962963,35.0,44.0,1014.0617283950618,1013.7,1014.4,False,36.99135802469136,34.5,39.2,85.20987654320987,0.6320987654320988,1.0,BOT,38806.23529411765,29918.0,48957.71428571428,40138.0,28587.809523809523,23348.0,93733.0,382465.0,4.0,1.0,,,5.0,,,2.0,,,4.454545454545454,,,267.0,,,260.27272727272725,,,267.0,,,284.0,,,98840.0,,,113315.0,,,98840.0,,,93733.0,,,0,0,0,1
2022,1,22.246913580246915,21.8,22.6,39.2962962962963,35.0,44.0,1014.0617283950618,1013.7,1014.4,False,36.99135802469136,34.5,39.2,85.20987654320987,0.6320987654320988,1.0,GAS,40104.86666666667,29978.0,47342.444444444445,40544.0,28241.61111111111,23624.0,94176.0,263174.3333333333,3.0,,,1.0,4.0,,,,,4.0,5.166666666666667,,,,,283.0,222.5,,,,,286.0,287.0,,,,,111922.6,113744.5,,,,,96088.0,94176.0,,,0,0,0,1
2022,1,22.246913580246915,21.8,22.6,39.2962962962963,35.0,44.0,1014.0617283950618,1013.7,1014.4,False,36.99135802469136,34.5,39.2,85.20987654320987,0.6320987654320988,1.0,HAM,38760.181818181816,29632.0,51570.86666666667,40182.0,28393.533333333333,23307.0,93121.0,699832.6666666666,3.0,,,,4.0,,,,,,4.428571428571429,,,,,,243.85714285714286,,,,,,283.0,,,,,,117328.85714285714,,,,,,93121.0,,,0,0,0,1
2022,1,22.246913580246915,21.8,22.6,39.2962962962963,35.0,44.0,1014.0617283950618,1013.7,1014.4,False,36.99135802469136,34.5,39.2,85.20987654320987,0.6320987654320988,1.0,HUL,39171.53333333333,30032.0,48936.555555555555,40468.0,29366.166666666668,23471.0,93971.0,423005.3333333333,3.0,,,2.0,4.0,,,,,5.5,4.0,,,,,275.0,213.8,,,,,278.0,277.0,,,,,110572.5,120518.4,,,,,97093.0,93971.0,,,0,0,0,1
2022,1,22.246913580246915,21.8,22.6,39.2962962962963,35.0,44.0,1014.0617283950618,1013.7,1014.4,False,36.99135802469136,34.5,39.2,85.20987654320987,0.6320987654320988,1.0,LAT,43525.27272727273,30525.0,49574.857142857145,41300.0,29800.928571428572,23842.0,95667.0,258333.25,4.0,,,,5.0,,,,,,4.0,,,,,,224.25,,,,,,281.0,,,,,,105044.25,,,,,,95667.0,,,0,0,0,1
2022,1,22.246913580246915,21.8,22.6,39.2962962962963,35.0,44.0,1014.0617283950618,1013.7,1014.4,False,36.99135802469136,34.5,39.2,85.20987654320987,0.6320987654320988,1.0,LEC,43256.53846153846,29668.0,47427.5,39598.0,29919.8125,23374.0,92640.0,298645.0,4.0,,,,5.0,,,,,,5.166666666666667,,,,,,244.0,,,,,,289.0,,,,,,110577.0,,,,,,92640.0,,,0,0,0,1
2022,1,22.246913580246915,21.8,22.6,39.2962962962963,35.0,44.0,1014.0617283950618,1013.7,1014.4,False,36.99135802469136,34.5,39.2,85.20987654320987,0.6320987654320988,1.0,MAG,45720.0,29768.0,50944.066666666666,40301.0,29726.866666666665,23300.0,93437.0,535567.75,4.0,,,,5.0,,,,,,3.625,,,,,,255.25,,,,,,288.0,,,,,,117856.625,,,,,,93437.0,,,0,0,0,1
2022,1,22.246913580246915,21.8,22.6,39.2962962962963,35.0,44.0,1014.0617283950618,1013.7,1014.4,False,36.99135802469136,34.5,39.2,85.20987654320987,0.6320987654320988,1.0,MSC,43012.07142857143,30308.0,50117.17647058824,40228.0,29662.70588235294,23443.0,94295.0,468488.25,4.0,,,,5.0,,,,,,4.0,,,,,,258.1,,,,,,288.0,,,,,,113693.7,,,,,,94295.0,,,0,0,0,1
2022,1,22.246913580246915,21.8,22.6,39.2962962962963,35.0,44.0,1014.0617283950618,1013.7,1014.4,False,36.99135802469136,34.5,39.2,85.20987654320987,0.6320987654320988,1.0,NOR,37836.666666666664,30123.0,46772.5,40257.0,27343.0,23575.0,93955.0,427373.0,3.0,,,1.0,4.0,,,,,5.0,4.8,,,,,276.85714285714283,235.6,,,,,281.0,281.0,,,,,107555.71428571429,109659.8,,,,,96317.0,93955.0,,,0,0,0,1
2022,1,22.246913580246915,21.8,22.6,39.2962962962963,35.0,44.0,1014.0617283950618,1013.7,1014.4,False,36.99135802469136,34.5,39.2,85.20987654320987,0.6320987654320988,1.0,OCO,41450.07142857143,30221.0,46764.9375,40942.0,27859.5625,23794.0,94957.0,310321.3333333333,3.0,1.0,,4.0,,,,4.0,,4.0,,,,284.8,,226.25,,,,286.0,,286.0,,,,104868.0,,110643.25,,,,96634.0,,94957.0,,,,0,0,0,1
2022,1,22.246913580246915,21.8,22.6,39.2962962962963,35.0,44.0,1014.0617283950618,1013.7,1014.4,False,36.99135802469136,34.5,39.2,85.20987654320987,0.6320987654320988,1.0,PER,43243.833333333336,29574.0,49528.7,40057.0,27740.6,23134.0,92791.0,190941.66666666666,3.0,,,,4.0,,,,,,6.25,,,,,,253.08333333333334,,,,,,287.0,,,,,,109108.91666666667,,,,,,92791.0,,,0,0,0,1
2022,1,22.246913580246915,21.8,22.6,39.2962962962963,35.0,44.0,1014.0617283950618,1013.7,1014.4,False,36.99135802469136,34.5,39.2,85.20987654320987,0.6320987654320988,1.0,RIC,35513.22222222222,30221.0,46360.3,40520.0,26470.95,23637.0,94378.0,441620.0,1.0,,,1.0,2.0,,,,,6.5,4.5,,,,,272.8,239.33333333333334,,,,,278.0,279.0,,,,,105901.5,106098.33333333333,,,,,96824.0,94378.0,,,0,0,0,1
2022,1,22.246913580246915,21.8,22.6,39.2962962962963,35.0,44.0,1014.0617283950618,1013.7,1014.4,False,36.99135802469136,34.5,39.2,85.20987654320987,0.6320987654320988,1.0,RUS,38638.46666666667,29973.0,49581.89473684211,39869.0,28018.263157894737,23093.0,92935.0,421836.7499999998,4.0,,,,5.0,,,,,,5.5,,,,,,251.7,,,,,,281.0,,,,,,108095.0,,,,,,92935.0,,,0,0,0,1
2022,1,22.246913580246915,21.8,22.6,39.2962962962963,35.0,44.0,1014.0617283950618,1013.7,1014.4,False,36.99135802469136,34.5,39.2,85.20987654320987,0.6320987654320988,1.0,SAI,42483.529411764706,29768.0,47773.6,39990.0,27733.2,23295.0,93053.0,176541.00000000012,4.0,,,,5.0,,,,,,7.1,,,,,,259.6,,,,,,286.0,,,,,,105536.8,,,,,,93053.0,,,0,0,0,1
2022,1,22.246913580246915,21.8,22.6,39.2962962962963,35.0,44.0,1014.0617283950618,1013.7,1014.4,False,36.99135802469136,34.5,39.2,85.20987654320987,0.6320987654320988,1.0,STR,40460.583333333336,29867.0,49335.357142857145,40386.0,28685.714285714286,23667.0,93920.0,603052.0,2.0,,,1.0,3.0,,,,,3.5,4.0,,,,,246.5,221.2,,,,,279.0,279.0,,,,,112000.5,121780.4,,,,,96847.0,93920.0,,,0,0,0,1
2022,1,22.246913580246915,21.8,22.6,39.2962962962963,35.0,44.0,1014.0617283950618,1013.7,1014.4,False,36.99135802469136,34.5,39.2,85.20987654320987,0.6320987654320988,1.0,VER,39355.583333333336,29658.0,48829.13333333333,39572.0,27312.266666666666,23256.0,92544.0,351376.3333333333,3.0,,,,4.0,,,,,,5.857142857142857,,,,,,248.42857142857142,,,,,,287.0,,,,,,107432.57142857143,,,,,,92544.0,,,0,0,0,1
2022,1,22.246913580246915,21.8,22.6,39.2962962962963,35.0,44.0,1014.0617283950618,1013.7,1014.4,False,36.99135802469136,34.5,39.2,85.20987654320987,0.6320987654320988,1.0,ZHO,38869.0,30013.0,49366.38888888889,40362.0,28735.833333333332,23505.0,93880.0,461178.25,4.0,1.0,,,5.0,,,2.0,,,3.875,,,273.0,,,256.0,,,273.0,,,286.0,,,98886.0,,,111569.125,,,98886.0,,,93880.0,,,0,0,0,1
2022,2,24.25487804878049,24.0,24.5,56.41463414634146,54.0,60.0,1012.5548780487804,1012.4,1012.9,False,29.33780487804878,28.1,30.8,318.5853658536585,5.682926829268292,7.5,ALB,44688.846153846156,33403.0,36434.625,29279.0,35958.125,28690.0,91374.0,585914.5,2.0,,,,3.0,,,,,,4.2,,,,,,266.8,,,,,,294.0,,,,,,116423.3,,,,,,91374.0,,,0,0,0,4
2022,2,24.25487804878049,24.0,24.5,56.41463414634146,54.0,60.0,1012.5548780487804,1012.4,1012.9,False,29.33780487804878,28.1,30.8,318.5853658536585,5.682926829268292,7.5,ALO,45216.53333333333,32853.0,33473.64705882353,28880.0,35637.529411764706,28384.0,90296.0,270389.0,3.0,,,,4.0,,,,,,4.818181818181818,,,,,,274.3636363636364,,,,,,301.0,,,,,,109846.54545454546,,,,,,90296.0,,,0,0,0,4
2022,2,24.25487804878049,24.0,24.5,56.41463414634146,54.0,60.0,1012.5548780487804,1012.4,1012.9,False,29.33780487804878,28.1,30.8,318.5853658536585,5.682926829268292,7.5,BOT,44501.166666666664,32920.0,34919.666666666664,28811.0,33947.42857142857,28299.0,90030.0,114297.66666666667,3.0,,,,6.0,,,,,,5.615384615384615,,,,,,271.9230769230769,,,,,,296.0,,,,,,106302.07692307692,,,,,,90030.0,,,0,0,0,4
2022,2,24.25487804878049,24.0,24.5,56.41463414634146,54.0,60.0,1012.5548780487804,1012.4,1012.9,False,29.33780487804878,28.1,30.8,318.5853658536585,5.682926829268292,7.5,GAS,42420.0,32968.0,37397.5,28951.0,34311.3,28229.0,90148.0,,,,,,1.0,,,,,,5.5,,,,,,293.375,,,,,,297.0,,,,,,113956.875,,,,,,90148.0,,,0,0,0,4
2022,2,24.25487804878049,24.0,24.5,56.41463414634146,54.0,60.0,1012.5548780487804,1012.4,1012.9,False,29.33780487804878,28.1,30.8,318.5853658536585,5.682926829268292,7.5,HAM,39664.0,33070.0,35148.0,29002.0,34074.882352941175,28582.0,90707.0,730642.0,2.0,,,,3.0,,,,,,4.818181818181818,,,,,,284.0,,,,,,291.0,,,,,,105709.72727272728,,,,,,90707.0,,,0,0,0,4
2022,2,24.25487804878049,24.0,24.5,56.41463414634146,54.0,60.0,1012.5548780487804,1012.4,1012.9,False,29.33780487804878,28.1,30.8,318.5853658536585,5.682926829268292,7.5,HUL,46521.92857142857,33500.0,35463.555555555555,29050.0,35325.055555555555,28874.0,91424.0,330346.6,5.0,,,,6.0,,,,,,4.0,,,,,,247.33333333333334,,,,,,298.0,,,,,,114256.88888888889,,,,,,91424.0,,,0,0,0,4
2022,2,24.25487804878049,24.0,24.5,56.41463414634146,54.0,60.0,1012.5548780487804,1012.4,1012.9,False,29.33780487804878,28.1,30.8,318.5853658536585,5.682926829268292,7.5,LAT,43067.27272727273,33736.0,37938.769230769234,29542.0,36435.846153846156,28672.0,91992.0,655126.0,1.0,,,,2.0,,,,,,3.625,,,,,,290.75,,,,,,294.0,,,,,,111650.75,,,,,,91992.0,,,0,0,0,4
2022,2,24.25487804878049,24.0,24.5,56.41463414634146,54.0,60.0,1012.5548780487804,1012.4,1012.9,False,29.33780487804878,28.1,30.8,318.5853658536585,5.682926829268292,7.5,LEC,45214.6,32717.0,34839.52173913043,28714.0,33673.913043478264,28259.0,89735.0,201430.8,5.0,,,,6.0,,,,,,7.214285714285714,,,,,,267.7857142857143,,,,,,293.0,,,,,,104534.42857142857,,,,,,89735.0,,,0,0,0,4
2022,2,24.25487804878049,24.0,24.5,56.41463414634146,54.0,60.0,1012.5548780487804,1012.4,1012.9,False,29.33780487804878,28.1,30.8,318.5853658536585,5.682926829268292,7.5,MAG,48057.53333333333,32963.0,34520.666666666664,29067.0,34416.72222222222,28232.0,90262.0,460054.75,4.0,,,,5.0,,,,,,4.2727272727272725,,,,,,275.09090909090907,,,,,,298.0,,,,,,110530.72727272728,,,,,,90262.0,,,0,0,0,4
2022,2,24.25487804878049,24.0,24.5,56.41463414634146,54.0,60.0,1012.5548780487804,1012.4,1012.9,False,29.33780487804878,28.1,30.8,318.5853658536585,5.682926829268292,7.5,MSC,46926.07142857143,33058.0,34668.0,29066.0,34210.05882352941,28516.0,90765.0,629772.6666666666,3.0,,,,4.0,,,,,,4.454545454545454,,,,,,259.3636363636364,,,,,,297.0,,,,,,110044.36363636363,,,,,,90765.0,,,0,0,0,4
2022,2,24.25487804878049,24.0,24.5,56.41463414634146,54.0,60.0,1012.5548780487804,1012.4,1012.9,False,29.33780487804878,28.1,30.8,318.5853658536585,5.682926829268292,7.5,NOR,46675.78571428572,33236.0,34446.1875,29150.0,35508.1875,28865.0,91529.0,457886.3333333333,3.0,,,,4.0,,,,,,4.3,,,,,,242.2,,,,,,292.0,,,,,,110512.1,,,,,,91529.0,,,0,0,0,4
2022,2,24.25487804878049,24.0,24.5,56.41463414634146,54.0,60.0,1012.5548780487804,1012.4,1012.9,False,29.33780487804878,28.1,30.8,318.5853658536585,5.682926829268292,7.5,OCO,41159.0,32920.0,34428.625,28863.0,34148.6875,28350.0,90139.0,882374.0,1.0,,,,2.0,,,,,,4.583333333333333,,,,,,275.5833333333333,,,,,,299.0,,,,,,107432.75,,,,,,90139.0,,,0,0,0,4
2022,2,24.25487804878049,24.0,24.5,56.41463414634146,54.0,60.0,1012.5548780487804,1012.4,1012.9,False,29.33780487804878,28.1,30.8,318.5853658536585,5.682926829268292,7.5,PER,48551.07142857143,32929.0,38988.6875,28707.0,36456.9375,28176.0,89833.0,486958.5,2.0,,,,3.0,,,,,,4.0,,,,,,291.0,,,,,,303.0,,,,,,112140.44444444444,,,,,,89833.0,,,0,0,0,4
2022,2,24.25487804878049,24.0,24.5,56.41463414634146,54.0,60.0,1012.5548780487804,1012.4,1012.9,False,29.33780487804878,28.1,30.8,318.5853658536585,5.682926829268292,7.5,RIC,44677.153846153844,33197.0,35482.375,29296.0,35500.4375,28693.0,91186.0,397830.3333333333,3.0,,,,4.0,,,,,,4.4,,,,,,261.1,,,,,,290.0,,,,,,113964.6,,,,,,91186.0,,,0,0,0,4
2022,2,24.25487804878049,24.0,24.5,56.41463414634146,54.0,60.0,1012.5548780487804,1012.4,1012.9,False,29.33780487804878,28.1,30.8,318.5853658536585,5.682926829268292,7.5,RUS,44204.25,33228.0,35440.6,28986.0,37271.933333333334,28714.0,90983.0,578449.0,2.0,,,,3.0,,,,,,4.0,,,,,,263.6666666666667,,,,,,292.0,,,,,,114666.66666666667,,,,,,90983.0,,,0,0,0,4
2022,2,24.25487804878049,24.0,24.5,56.41463414634146,54.0,60.0,1012.5548780487804,1012.4,1012.9,False,29.33780487804878,28.1,30.8,318.5853658536585,5.682926829268292,7.5,SAI,44816.84210526316,32759.0,35554.5,28913.0,34279.5,28272.0,90009.0,378349.0,3.0,,,,4.0,,,,,,6.866666666666666,,,,,,269.06666666666666,,,,,,292.0,,,,,,108456.06666666667,,,,,,90009.0,,,0,0,0,4
2022,2,24.25487804878049,24.0,24.5,56.41463414634146,54.0,60.0,1012.5548780487804,1012.4,1012.9,False,29.33780487804878,28.1,30.8,318.5853658536585,5.682926829268292,7.5,STR,48303.78571428572,33443.0,34786.5,29074.0,36034.666666666664,28550.0,91067.0,288201.6666666667,6.0,,,,7.0,,,,,,4.125,,,,,,257.125,,,,,,299.0,,,,,,114651.5,,,,,,91067.0,,,0,0,0,4
2022,2,24.25487804878049,24.0,24.5,56.41463414634146,54.0,60.0,1012.5548780487804,1012.4,1012.9,False,29.33780487804878,28.1,30.8,318.5853658536585,5.682926829268292,7.5,TSU,45190.75,32981.0,37896.42105263158,28980.0,36072.84210526316,28391.0,90415.0,368611.5,2.0,,,,3.0,,,,,,5.166666666666667,,,,,,276.9166666666667,,,,,,302.0,,,,,,114264.25,,,,,,90415.0,,,0,0,0,4
2022,2,24.25487804878049,24.0,24.5,56.41463414634146,54.0,60.0,1012.5548780487804,1012.4,1012.9,False,29.33780487804878,28.1,30.8,318.5853658536585,5.682926829268292,7.5,VER,45541.77777777778,32892.0,35961.5,28485.0,36811.5,28074.0,89768.0,560820.5,2.0,,,,3.0,,,,,,3.4,,,,,,250.8,,,,,,302.0,,,,,,112634.4,,,,,,89768.0,,,0,0,0,4
2022,2,24.25487804878049,24.0,24.5,56.41463414634146,54.0,60.0,1012.5548780487804,1012.4,1012.9,False,29.33780487804878,28.1,30.8,318.5853658536585,5.682926829268292,7.5,ZHO,47675.375,33413.0,35870.55,28945.0,36650.4,28551.0,90946.0,316397.0,5.0,,,,6.0,,,,,,5.3,,,,,,267.7,,,,,,295.0,,,,,,112497.7,,,,,,90946.0,,,0,0,0,4
2022,3,24.63243243243243,24.4,25.2,50.054054054054056,49.0,51.0,1017.6175675675676,1017.2,1018.0,False,32.472972972972975,31.3,36.0,229.47297297297297,1.054054054054054,2.2,ALB,36947.333333333336,27746.0,21592.785714285714,18215.0,42194.416666666664,34880.0,80958.0,577586.6666666666,3.0,,,,4.0,,,,,,4.0,,,,,,292.1666666666667,,,,,,300.0,,,,,,99762.25,,,,,,80958.0,,,2,1,0,5
2022,3,24.63243243243243,24.4,25.2,50.054054054054056,49.0,51.0,1017.6175675675676,1017.2,1018.0,False,32.472972972972975,31.3,36.0,229.47297297297297,1.054054054054054,2.2,ALO,36212.357142857145,27227.0,20531.14285714286,17911.0,43525.416666666664,34137.0,79275.0,290724.0,3.0,,,,4.0,,,,,,3.6363636363636362,,,,,,300.6363636363636,,,,,,304.0,,,,,,97894.27272727272,,,,,,79275.0,,,2,1,0,5
2022,3,24.63243243243243,24.4,25.2,50.054054054054056,49.0,51.0,1017.6175675675676,1017.2,1018.0,False,32.472972972972975,31.3,36.0,229.47297297297297,1.054054054054054,2.2,BOT,35198.0,27361.0,20482.058823529413,17996.0,44081.46153846154,34468.0,80008.0,380873.75,4.0,1.0,,,5.0,,,1.0,,,3.4545454545454546,,,280.0,,,296.27272727272725,,,280.0,,,301.0,,,101166.0,,,98740.0,,,101166.0,,,80008.0,,,2,1,0,5
2022,3,24.63243243243243,24.4,25.2,50.054054054054056,49.0,51.0,1017.6175675675676,1017.2,1018.0,False,32.472972972972975,31.3,36.0,229.47297297297297,1.054054054054054,2.2,GAS,39092.692307692305,27479.0,20849.46153846154,18261.0,42776.75,34393.0,80133.0,71832.33333333333,3.0,,,,2.0,,,,,,3.1,,,,,,294.8,,,,,,299.0,,,,,,97851.0,,,,,,80133.0,,,2,1,0,5
2022,3,24.63243243243243,24.4,25.2,50.054054054054056,49.0,51.0,1017.6175675675676,1017.2,1018.0,False,32.472972972972975,31.3,36.0,229.47297297297297,1.054054054054054,2.2,HAM,35317.846153846156,27141.0,21993.153846153848,18113.0,38875.90909090909,34302.0,79896.0,989951.0000000002,1.0,,,,2.0,,,,,,4.363636363636363,,,,,,289.90909090909093,,,,,,299.0,,,,,,97530.18181818182,,,,,,79896.0,,,2,1,0,5
2022,3,24.63243243243243,24.4,25.2,50.054054054054056,49.0,51.0,1017.6175675675676,1017.2,1018.0,False,32.472972972972975,31.3,36.0,229.47297297297297,1.054054054054054,2.2,LAT,38643.07142857143,27720.0,22814.76923076923,18175.0,43561.2,35155.0,81050.0,475390.6666666667,3.0,,,,4.0,,,,,,2.3,,,,,,292.1,,,,,,299.0,,,,,,102631.4,,,,,,81050.0,,,2,1,0,5
2022,3,24.63243243243243,24.4,25.2,50.054054054054056,49.0,51.0,1017.6175675675676,1017.2,1018.0,False,32.472972972972975,31.3,36.0,229.47297297297297,1.054054054054054,2.2,LEC,38696.933333333334,27241.0,22052.928571428572,18059.0,42410.25,33875.0,79249.0,358619.3333333333,3.0,,,,4.0,,,,,,4.545454545454546,,,,,,276.3636363636364,,,,,,298.0,,,,,,101128.90909090909,,,,,,79249.0,,,2,1,0,5
2022,3,24.63243243243243,24.4,25.2,50.054054054054056,49.0,51.0,1017.6175675675676,1017.2,1018.0,False,32.472972972972975,31.3,36.0,229.47297297297297,1.054054054054054,2.2,MAG,40081.38461538462,27810.0,20749.76923076923,18363.0,42674.0,34655.0,81025.0,470356.24999999994,4.0,,,4.0,5.0,,,,,4.0,2.5,,,,,294.4,288.25,,,,,295.0,297.0,,,,,103723.6,95042.25,,,,,81329.0,81025.0,,,2,1,0,5
2022,3,24.63243243243243,24.4,25.2,50.054054054054056,49.0,51.0,1017.6175675675676,1017.2,1018.0,False,32.472972972972975,31.3,36.0,229.47297297297297,1.054054054054054,2.2,MSC,37591.1875,27598.0,21009.4375,18387.0,43055.92307692308,34707.0,80692.0,398115.5,4.0,,,4.0,5.0,,,,,4.571428571428571,3.0,,,,,293.14285714285717,297.0,,,,,296.0,298.0,,,,,97794.14285714286,101833.6,,,,,81886.0,80692.0,,,2,1,0,5
2022,3,24.63243243243243,24.4,25.2,50.054054054054056,49.0,51.0,1017.6175675675676,1017.2,1018.0,False,32.472972972972975,31.3,36.0,229.47297297297297,1.054054054054054,2.2,NOR,41293.583333333336,27155.0,22147.166666666668,18094.0,43734.333333333336,33868.0,79117.0,604775.0,3.0,,,,4.0,,,,,,2.75,,,,,,289.25,,,,,,299.0,,,,,,107905.375,,,,,,79117.0,,,2,1,0,5
2022,3,24.63243243243243,24.4,25.2,50.054054054054056,49.0,51.0,1017.6175675675676,1017.2,1018.0,False,32.472972972972975,31.3,36.0,229.47297297297297,1.054054054054054,2.2,OCO,34964.846153846156,27369.0,21204.75,18042.0,42921.63636363636,34514.0,80205.0,375730.6666666667,3.0,,,,4.0,,,,,,3.8,,,,,,298.8,,,,,,301.0,,,,,,97003.5,,,,,,80205.0,,,2,1,0,5
2022,3,24.63243243243243,24.4,25.2,50.054054054054056,49.0,51.0,1017.6175675675676,1017.2,1018.0,False,32.472972972972975,31.3,36.0,229.47297297297297,1.054054054054054,2.2,PER,35356.86666666667,27234.0,21785.533333333333,17882.0,41120.21428571428,33973.0,79265.0,618670.0,2.0,,,1.0,3.0,,,,,4.0,4.428571428571429,,,,,288.57142857142856,302.2857142857143,,,,,298.0,305.0,,,,,98758.14285714286,95773.14285714286,,,,,80436.0,79265.0,,,2,1,0,5
2022,3,24.63243243243243,24.4,25.2,50.054054054054056,49.0,51.0,1017.6175675675676,1017.2,1018.0,False,32.472972972972975,31.3,36.0,229.47297297297297,1.054054054054054,2.2,RIC,39709.692307692305,27265.0,22501.0,18253.0,44815.3,34175.0,79693.0,423230.75,4.0,,,,5.0,,,,,,3.3333333333333335,,,,,,292.55555555555554,,,,,,298.0,,,,,,104244.55555555556,,,,,,79693.0,,,2,1,0,5
2022,3,24.63243243243243,24.4,25.2,50.054054054054056,49.0,51.0,1017.6175675675676,1017.2,1018.0,False,32.472972972972975,31.3,36.0,229.47297297297297,1.054054054054054,2.2,RUS,33452.066666666666,27392.0,20230.266666666666,18247.0,39889.42857142857,34369.0,80096.0,820142.0,1.0,,,,2.0,,,,,,4.285714285714286,,,,,,287.5,,,,,,298.0,,,,,,93291.5,,,,,,80096.0,,,2,1,0,5
2022,3,24.63243243243243,24.4,25.2,50.054054054054056,49.0,51.0,1017.6175675675676,1017.2,1018.0,False,32.472972972972975,31.3,36.0,229.47297297297297,1.054054054054054,2.2,SAI,40235.25,27237.0,24161.875,18094.0,44719.357142857145,34056.0,79419.0,197763.25,4.0,,,,5.0,,,,,,5.583333333333333,,,,,,280.5,,,,,,298.0,,,,,,105622.66666666667,,,,,,79419.0,,,2,1,0,5
2022,3,24.63243243243243,24.4,25.2,50.054054054054056,49.0,51.0,1017.6175675675676,1017.2,1018.0,False,32.472972972972975,31.3,36.0,229.47297297297297,1.054054054054054,2.2,STR,37266.545454545456,27718.0,22460.81818181818,18133.0,44994.75,35144.0,81636.0,141276.66666666666,3.0,,,2.0,4.0,,,,,1.0,2.6666666666666665,,,,,293.0,289.1666666666667,,,,,293.0,295.0,,,,,94062.0,103486.0,,,,,94062.0,81636.0,,,2,1,0,5
2022,3,24.63243243243243,24.4,25.2,50.054054054054056,49.0,51.0,1017.6175675675676,1017.2,1018.0,False,32.472972972972975,31.3,36.0,229.47297297297297,1.054054054054054,2.2,TSU,35954.416666666664,27362.0,21773.333333333332,18217.0,44558.5,34300.0,80071.0,275276.0,1.0,,,,2.0,,,,,,3.1,,,,,,296.4,,,,,,300.0,,,,,,103544.0,,,,,,80071.0,,,2,1,0,5
2022,3,24.63243243243243,24.4,25.2,50.054054054054056,49.0,51.0,1017.6175675675676,1017.2,1018.0,False,32.472972972972975,31.3,36.0,229.47297297297297,1.054054054054054,2.2,VER,36753.375,27223.0,21779.066666666666,17969.0,43079.083333333336,34316.0,79809.0,306301.5,4.0,,,3.0,5.0,,,,,6.0,2.6666666666666665,,,,,287.875,302.0,,,,,301.0,303.0,,,,,99083.0,104874.33333333333,,,,,79809.0,100099.0,,,2,1,0,5
2022,3,24.63243243243243,24.4,25.2,50.054054054054056,49.0,51.0,1017.6175675675676,1017.2,1018.0,False,32.472972972972975,31.3,36.0,229.47297297297297,1.054054054054054,2.2,VET,34136.4,28083.0,19162.4,18244.0,47948.0,38523.0,94542.0,135616.0,2.0,,,3.0,,,,,,1.0,,,,,,292.5,,,,,,296.0,,,,,,94933.0,,,,,,94542.0,,,,2,1,0,5
2022,3,24.63243243243243,24.4,25.2,50.054054054054056,49.0,51.0,1017.6175675675676,1017.2,1018.0,False,32.472972972972975,31.3,36.0,229.47297297297297,1.054054054054054,2.2,ZHO,39119.1875,27951.0,21696.5,18328.0,44140.833333333336,34557.0,80836.0,327515.4,5.0,1.0,,,5.0,,,1.0,,,3.0,,,274.0,,,294.77777777777777,,,274.0,,,300.0,,,110494.0,,,99336.33333333333,,,110494.0,,,80836.0,,,2,1,0,5
2022,5,33.38780487804878,32.6,34.4,42.829268292682926,40.0,46.0,1010.2341463414634,1010.0,1010.7,False,50.17560975609756,46.4,54.0,201.28048780487805,1.5939024390243905,3.7,ALB,37248.75,30714.0,40328.42857142857,34720.0,31211.64285714286,25847.0,91501.0,173419.5,2.0,,,,2.0,,,,,,3.7777777777777777,,,,,,283.1111111111111,,,,,,286.0,,,,,,105294.77777777778,,,,,,91501.0,,,1,0,0,4
2022,5,33.38780487804878,32.6,34.4,42.829268292682926,40.0,46.0,1010.2341463414634,1010.0,1010.7,False,50.17560975609756,46.4,54.0,201.28048780487805,1.5939024390243905,3.7,ALO,38932.0,30321.0,42472.944444444445,34786.0,33296.64705882353,25929.0,91036.0,557652.0,3.0,,,,4.0,,,,,,5.181818181818182,,,,,,258.8181818181818,,,,,,284.0,,,,,,111799.09090909091,,,,,,91036.0,,,1,0,0,4
2022,5,33.38780487804878,32.6,34.4,42.829268292682926,40.0,46.0,1010.2341463414634,1010.0,1010.7,False,50.17560975609756,46.4,54.0,201.28048780487805,1.5939024390243905,3.7,BOT,36992.913043478264,30408.0,39053.84,34978.0,32243.12,26076.0,91885.0,362291.0,3.0,,,,4.0,,,,,,7.947368421052632,,,,,,267.0,,,,,,284.0,,,,,,103158.73684210527,,,,,,91885.0,,,1,0,0,4
2022,5,33.38780487804878,32.6,34.4,42.829268292682926,40.0,46.0,1010.2341463414634,1010.0,1010.7,False,50.17560975609756,46.4,54.0,201.28048780487805,1.5939024390243905,3.7,GAS,36676.25,30722.0,38823.41176470588,34959.0,30201.235294117647,26220.0,91901.0,385299.0,2.0,2.0,,,3.0,,,6.888888888888889,,,2.5,,,276.0,,,281.75,,,281.0,,,284.0,,,102291.77777777778,,,108161.75,,,93760.0,,,91901.0,,,1,0,0,4
2022,5,33.38780487804878,32.6,34.4,42.829268292682926,40.0,46.0,1010.2341463414634,1010.0,1010.7,False,50.17560975609756,46.4,54.0,201.28048780487805,1.5939024390243905,3.7,HAM,39302.666666666664,30302.0,41167.42105263158,35060.0,32804.89473684211,26183.0,91890.0,451197.3333333332,3.0,,,4.0,3.0,,,,,5.2,5.0,,,,,237.2,279.42857142857144,,,,,281.0,281.0,,,,,112451.0,111140.57142857143,,,,,92851.0,91890.0,,,1,0,0,4
2022,5,33.38780487804878,32.6,34.4,42.829268292682926,40.0,46.0,1010.2341463414634,1010.0,1010.7,False,50.17560975609756,46.4,54.0,201.28048780487805,1.5939024390243905,3.7,LAT,39986.142857142855,31010.0,39228.125,35224.0,32025.375,26074.0,92376.0,116518.5,2.0,,,,3.0,,,,,,4.636363636363637,,,,,,279.90909090909093,,,,,,283.0,,,,,,110687.45454545454,,,,,,92376.0,,,1,0,0,4
2022,5,33.38780487804878,32.6,34.4,42.829268292682926,40.0,46.0,1010.2341463414634,1010.0,1010.7,False,50.17560975609756,46.4,54.0,201.28048780487805,1.5939024390243905,3.7,LEC,40324.68421052631,29875.0,42337.86363636364,34548.0,32876.09090909091,25914.0,90498.0,235021.8,5.0,,,,6.0,,,,,,5.916666666666667,,,,,,257.0,,,,,,283.0,,,,,,107341.16666666667,,,,,,90498.0,,,1,0,0,4
2022,5,33.38780487804878,32.6,34.4,42.829268292682926,40.0,46.0,1010.2341463414634,1010.0,1010.7,False,50.17560975609756,46.4,54.0,201.28048780487805,1.5939024390243905,3.7,MAG,33891.294117647056,30481.0,38035.45,34805.0,31412.842105263157,25791.0,91227.0,587548.5,2.0,,,,3.0,,,,,,5.785714285714286,,,,,,279.64285714285717,,,,,,283.0,,,,,,101843.35714285714,,,,,,91227.0,,,1,0,0,4
2022,5,33.38780487804878,32.6,34.4,42.829268292682926,40.0,46.0,1010.2341463414634,1010.0,1010.7,False,50.17560975609756,46.4,54.0,201.28048780487805,1.5939024390243905,3.7,MSC,36931.5,30339.0,39205.88888888889,34845.0,33319.11111111111,25866.0,91050.0,724669.0,2.0,,,,3.0,,,,,,5.230769230769231,,,,,,263.61538461538464,,,,,,284.0,,,,,,106763.61538461539,,,,,,91050.0,,,1,0,0,4
2022,5,33.38780487804878,32.6,34.4,42.829268292682926,40.0,46.0,1010.2341463414634,1010.0,1010.7,False,50.17560975609756,46.4,54.0,201.28048780487805,1.5939024390243905,3.7,NOR,37297.066666666666,30298.0,40675.166666666664,34895.0,33003.22222222222,26319.0,91594.0,811615.0,2.0,2.0,,,3.0,,,6.5,,,4.5,,,275.3333333333333,,,232.33333333333334,,,278.0,,,281.0,,,103364.83333333333,,,116176.83333333333,,,94018.0,,,91594.0,,,1,0,0,4
2022,5,33.38780487804878,32.6,34.4,42.829268292682926,40.0,46.0,1010.2341463414634,1010.0,1010.7,False,50.17560975609756,46.4,54.0,201.28048780487805,1.5939024390243905,3.7,OCO,30704.0,30704.0,43858.5,42994.0,35928.5,31459.0,,511692.0000000001,1.0,,,,,,,,,,,,,,,,,,,,,,,,,,,,,,,,,,,,,1,0,0,4
2022,5,33.38780487804878,32.6,34.4,42.829268292682926,40.0,46.0,1010.2341463414634,1010.0,1010.7,False,50.17560975609756,46.4,54.0,201.28048780487805,1.5939024390243905,3.7,PER,38922.166666666664,30110.0,41170.23809523809,34481.0,33066.80952380953,25689.0,90304.0,545314.0,3.0,2.0,,,4.0,,,6.142857142857143,,,5.857142857142857,,,276.42857142857144,,,237.57142857142858,,,282.0,,,287.0,,,99465.42857142857,,,122871.57142857143,,,93842.0,,,90304.0,,,1,0,0,4
2022,5,33.38780487804878,32.6,34.4,42.829268292682926,40.0,46.0,1010.2341463414634,1010.0,1010.7,False,50.17560975609756,46.4,54.0,201.28048780487805,1.5939024390243905,3.7,RIC,34806.8125,30524.0,39451.42105263158,34894.0,32017.947368421053,26310.0,91728.0,925568.0,2.0,2.0,,,3.0,,,6.5,,,5.0,,,278.3333333333333,,,245.42857142857142,,,279.0,,,279.0,,,99274.5,,,106597.14285714286,,,93590.0,,,91728.0,,,1,0,0,4
2022,5,33.38780487804878,32.6,34.4,42.829268292682926,40.0,46.0,1010.2341463414634,1010.0,1010.7,False,50.17560975609756,46.4,54.0,201.28048780487805,1.5939024390243905,3.7,RUS,38700.0,30406.0,40266.5,35003.0,32547.555555555555,26214.0,91924.0,470930.0,3.0,,,4.0,3.0,,,,,5.2,4.5,,,,,239.0,277.0,,,,,281.0,285.0,,,,,109097.2,104847.83333333333,,,,,92335.0,91924.0,,,1,0,0,4
2022,5,33.38780487804878,32.6,34.4,42.829268292682926,40.0,46.0,1010.2341463414634,1010.0,1010.7,False,50.17560975609756,46.4,54.0,201.28048780487805,1.5939024390243905,3.7,SAI,41231.05,30256.0,42485.625,34851.0,33536.65217391304,26019.0,91172.0,230632.8,5.0,,,,6.0,,,,,,6.384615384615385,,,,,,264.15384615384613,,,,,,283.0,,,,,,108398.69230769231,,,,,,91172.0,,,1,0,0,4
2022,5,33.38780487804878,32.6,34.4,42.829268292682926,40.0,46.0,1010.2341463414634,1010.0,1010.7,False,50.17560975609756,46.4,54.0,201.28048780487805,1.5939024390243905,3.7,STR,40789.42105263158,30608.0,40584.818181818184,34814.0,32644.727272727272,26147.0,91665.0,272826.8,5.0,3.0,,4.0,6.0,,,1.0,,5.0,4.25,,,276.5,,276.7142857142857,228.5,,,277.0,,284.0,287.0,,,113217.0,,112609.42857142857,110595.75,,,112585.0,,92949.0,91665.0,,,1,0,0,4
2022,5,33.38780487804878,32.6,34.4,42.829268292682926,40.0,46.0,1010.2341463414634,1010.0,1010.7,False,50.17560975609756,46.4,54.0,201.28048780487805,1.5939024390243905,3.7,TSU,39027.380952380954,30577.0,40632.608695652176,34791.0,31521.739130434784,25847.0,91659.0,528800.0,2.0,2.0,,,3.0,,,8.272727272727273,,,5.0,,,277.0,,,245.42857142857142,,,282.0,,,285.0,,,106217.45454545454,,,112750.57142857143,,,92963.0,,,91659.0,,,1,0,0,4
2022,5,33.38780487804878,32.6,34.4,42.829268292682926,40.0,46.0,1010.2341463414634,1010.0,1010.7,False,50.17560975609756,46.4,54.0,201.28048780487805,1.5939024390243905,3.7,VER,35945.35294117647,30030.0,41942.15,34488.0,31083.15,25960.0,90649.0,676512.0,2.0,,,2.0,3.0,,,,,7.5,3.5,,,,,278.7,285.5,,,,,285.0,286.0,,,,,101047.7,127432.25,,,,,91355.0,90649.0,,,1,0,0,4
2022,5,33.38780487804878,32.6,34.4,42.829268292682926,40.0,46.0,1010.2341463414634,1010.0,1010.7,False,50.17560975609756,46.4,54.0,201.28048780487805,1.5939024390243905,3.7,VET,39406.28571428572,30536.0,40483.166666666664,34559.0,33056.416666666664,25954.0,91049.0,315309.0,4.0,3.0,,4.0,5.0,,,1.3333333333333333,,5.0,4.5,,,241.0,,275.85714285714283,241.16666666666666,,,276.0,,282.0,286.0,,,114093.0,,112722.57142857143,108706.66666666667,,,101760.0,,92926.0,91049.0,,,1,0,0,4
2022,5,33.38780487804878,32.6,34.4,42.829268292682926,40.0,46.0,1010.2341463414634,1010.0,1010.7,False,50.17560975609756,46.4,54.0,201.28048780487805,1.5939024390243905,3.7,ZHO,40899.21428571428,30632.0,39820.0,35007.0,34164.5625,26240.0,92051.0,217513.5,2.0,,,,3.0,,,,,,4.545454545454546,,,,,,253.1818181818182,,,,,,283.0,,,,,,111891.18181818182,,,,,,92051.0,,,1,0,0,4
2022,6,31.51219512195122,30.3,32.6,31.975609756097562,29.0,36.0,1005.6134146341464,1005.0,1006.2,False,44.09512195121951,42.0,46.0,175.890243902439,2.5865853658536584,4.5,ALB,32278.733333333334,22603.0,36597.27777777778,30729.0,35221.22222222222,28240.0,81572.0,224201.6,5.0,,,,6.0,,,,,,5.333333333333333,,,,,,256.3333333333333,,,,,,282.0,,,,,,98712.77777777778,,,,,,81572.0,,,0,0,0,0
2022,6,31.51219512195122,30.3,32.6,31.975609756097562,29.0,36.0,1005.6134146341464,1005.0,1006.2,False,44.09512195121951,42.0,46.0,175.890243902439,2.5865853658536584,4.5,ALO,27490.35714285714,22565.0,36246.294117647056,30532.0,34000.0,27884.0,80981.0,755514.0,2.0,,,,3.0,,,,,,5.181818181818182,,,,,,253.36363636363637,,,,,,281.0,,,,,,93016.45454545454,,,,,,80981.0,,,0,0,0,0
2022,6,31.51219512195122,30.3,32.6,31.975609756097562,29.0,36.0,1005.6134146341464,1005.0,1006.2,False,44.09512195121951,42.0,46.0,175.890243902439,2.5865853658536584,4.5,BOT,31593.714285714286,22616.0,38587.416666666664,30263.0,34712.791666666664,27826.0,80781.0,312874.0,4.0,,,,5.0,,,,,,6.733333333333333,,,,,,248.06666666666666,,,,,,280.0,,,,,,98566.8,,,,,,80781.0,,,0,0,0,0
2022,6,31.51219512195122,30.3,32.6,31.975609756097562,29.0,36.0,1005.6134146341464,1005.0,1006.2,False,44.09512195121951,42.0,46.0,175.890243902439,2.5865853658536584,4.5,GAS,,,38038.0,38038.0,38392.0,38392.0,,,,,,,,,,,,,,,,,,,,,,,,,,,,,,,,,,,,,,,,0,0,0,0
2022,6,31.51219512195122,30.3,32.6,31.975609756097562,29.0,36.0,1005.6134146341464,1005.0,1006.2,False,44.09512195121951,42.0,46.0,175.890243902439,2.5865853658536584,4.5,HAM,36245.07142857143,22187.0,41774.944444444445,29908.0,36819.11111111111,27907.0,80002.0,184944.8,5.0,,,,4.0,,,,,,4.0,,,,,,277.6,,,,,,282.0,,,,,,86760.2,,,,,,80002.0,,,0,0,0,0
2022,6,31.51219512195122,30.3,32.6,31.975609756097562,29.0,36.0,1005.6134146341464,1005.0,1006.2,False,44.09512195121951,42.0,46.0,175.890243902439,2.5865853658536584,4.5,LAT,32774.13333333333,22661.0,37968.666666666664,31170.0,35245.944444444445,28588.0,82419.0,203756.6,5.0,,,,6.0,,,,,,5.333333333333333,,,,,,254.66666666666666,,,,,,282.0,,,,,,101134.66666666667,,,,,,82419.0,,,0,0,0,0
2022,6,31.51219512195122,30.3,32.6,31.975609756097562,29.0,36.0,1005.6134146341464,1005.0,1006.2,False,44.09512195121951,42.0,46.0,175.890243902439,2.5865853658536584,4.5,LEC,29688.0,22361.0,36200.65217391304,29776.0,32811.86956521739,27539.0,79772.0,266655.3333333333,3.0,,,,4.0,,,,,,9.0,,,,,,257.06666666666666,,,,,,284.0,,,,,,89211.4,,,,,,79772.0,,,0,0,0,0
2022,6,31.51219512195122,30.3,32.6,31.975609756097562,29.0,36.0,1005.6134146341464,1005.0,1006.2,False,44.09512195121951,42.0,46.0,175.890243902439,2.5865853658536584,4.5,MAG,30085.58823529412,22406.0,39037.23809523809,30266.0,34963.666666666664,27974.0,80646.0,450096.6666666667,3.0,,,1.0,4.0,,,,,5.0,5.5,,,,,254.85714285714286,227.83333333333334,,,,,284.0,278.0,,,,,106344.14285714286,100241.83333333333,,,,,82586.0,80646.0,,,0,0,0,0
2022,6,31.51219512195122,30.3,32.6,31.975609756097562,29.0,36.0,1005.6134146341464,1005.0,1006.2,False,44.09512195121951,42.0,46.0,175.890243902439,2.5865853658536584,4.5,MSC,28548.666666666668,24449.0,40627.75,32145.000000000004,35017.5,28873.0,85467.0,,,,,1.0,,,,,,2.5,,,,,,268.5,,,,,,270.0,,,,,,100222.0,,,,,,85467.0,,,,0,0,0,0
2022,6,31.51219512195122,30.3,32.6,31.975609756097562,29.0,36.0,1005.6134146341464,1005.0,1006.2,False,44.09512195121951,42.0,46.0,175.890243902439,2.5865853658536584,4.5,NOR,30015.85714285714,22315.0,37796.555555555555,30180.0,33599.38888888889,27908.0,80403.0,494995.74999999994,4.0,,,3.0,5.0,,,,,5.2,4.25,,,,,274.8,224.75,,,,,276.0,281.0,,,,,89308.8,101654.0,,,,,82595.0,80403.0,,,0,0,0,0
2022,6,31.51219512195122,30.3,32.6,31.975609756097562,29.0,36.0,1005.6134146341464,1005.0,1006.2,False,44.09512195121951,42.0,46.0,175.890243902439,2.5865853658536584,4.5,OCO,28185.866666666665,22439.0,36804.833333333336,30396.0,33552.5,28047.0,80882.0,595170.0,2.0,,,,3.0,,,,,,5.0,,,,,,245.91666666666666,,,,,,281.0,,,,,,94950.83333333333,,,,,,80882.0,,,0,0,0,0
2022,6,31.51219512195122,30.3,32.6,31.975609756097562,29.0,36.0,1005.6134146341464,1005.0,1006.2,False,44.09512195121951,42.0,46.0,175.890243902439,2.5865853658536584,4.5,PER,37254.0,22311.0,41672.15789473684,29904.0,37560.78947368421,27737.0,80260.0,145987.9999999999,5.0,,,,6.0,,,,,,5.571428571428571,,,,,,264.0,,,,,,283.0,,,,,,87609.42857142857,,,,,,80260.0,,,0,0,0,0
2022,6,31.51219512195122,30.3,32.6,31.975609756097562,29.0,36.0,1005.6134146341464,1005.0,1006.2,False,44.09512195121951,42.0,46.0,175.890243902439,2.5865853658536584,4.5,RIC,28723.30769230769,22360.0,37831.64705882353,30435.0,37464.117647058825,28115.0,80910.0,718173.3333333336,3.0,,,3.0,4.0,,,,,5.2,3.5,,,,,275.4,214.75,,,,,277.0,278.0,,,,,95665.4,98583.75,,,,,82505.0,80910.0,,,0,0,0,0
2022,6,31.51219512195122,30.3,32.6,31.975609756097562,29.0,36.0,1005.6134146341464,1005.0,1006.2,False,44.09512195121951,42.0,46.0,175.890243902439,2.5865853658536584,4.5,RUS,37943.53846153846,22140.0,40086.25,30071.0,36632.0625,27709.0,79920.0,211745.8,5.0,,,,6.0,,,,,,4.5,,,,,,249.5,,,,,,281.0,,,,,,107457.5,,,,,,79920.0,,,0,0,0,0
2022,6,31.51219512195122,30.3,32.6,31.975609756097562,29.0,36.0,1005.6134146341464,1005.0,1006.2,False,44.09512195121951,42.0,46.0,175.890243902439,2.5865853658536584,4.5,SAI,34195.75,22335.0,37022.13043478261,29974.0,33413.086956521736,27720.0,80129.0,160545.4,5.0,,,,6.0,,,,,,8.76923076923077,,,,,,254.30769230769232,,,,,,285.0,,,,,,86704.61538461539,,,,,,80129.0,,,0,0,0,0
2022,6,31.51219512195122,30.3,32.6,31.975609756097562,29.0,36.0,1005.6134146341464,1005.0,1006.2,False,44.09512195121951,42.0,46.0,175.890243902439,2.5865853658536584,4.5,STR,32829.78947368421,22538.0,38199.913043478264,30735.0,34953.40909090909,28247.0,81520.0,238857.16666666666,6.0,,,3.0,7.0,,,,,5.5,5.25,,,,,273.875,229.5,,,,,279.0,280.0,,,,,96236.875,102453.0,,,,,83361.0,81520.0,,,0,0,0,0
2022,6,31.51219512195122,30.3,32.6,31.975609756097562,29.0,36.0,1005.6134146341464,1005.0,1006.2,False,44.09512195121951,42.0,46.0,175.890243902439,2.5865853658536584,4.5,TSU,28091.052631578947,22569.0,36786.0,30573.0,33704.818181818184,28307.0,81449.0,667878.5,2.0,2.0,,,3.0,,,7.909090909090909,,,4.0,,,276.90909090909093,,,228.2,,,280.0,,,283.0,,,91913.09090909091,,,105644.8,,,84132.0,,,81449.0,,,0,0,0,0
2022,6,31.51219512195122,30.3,32.6,31.975609756097562,29.0,36.0,1005.6134146341464,1005.0,1006.2,False,44.09512195121951,42.0,46.0,175.890243902439,2.5865853658536584,4.5,VER,32556.11111111111,22214.0,36453.25,29989.0,34927.5,27641.0,79844.0,384574.3333333333,3.0,,,,4.0,,,,,,4.2,,,,,,240.6,,,,,,283.0,,,,,,101557.4,,,,,,79844.0,,,0,0,0,0
2022,6,31.51219512195122,30.3,32.6,31.975609756097562,29.0,36.0,1005.6134146341464,1005.0,1006.2,False,44.09512195121951,42.0,46.0,175.890243902439,2.5865853658536584,4.5,VET,32283.55,22477.0,36619.166666666664,30378.0,33974.0,28089.0,80944.0,230885.66666666666,6.0,,,3.0,7.0,,,,,5.5,5.6,,,,,274.75,235.2,,,,,278.0,280.0,,,,,93255.375,101806.8,,,,,83470.0,80944.0,,,0,0,0,0
2022,6,31.51219512195122,30.3,32.6,31.975609756097562,29.0,36.0,1005.6134146341464,1005.0,1006.2,False,44.09512195121951,42.0,46.0,175.890243902439,2.5865853658536584,4.5,ZHO,35905.9375,22684.0,37539.21052631579,30508.0,34912.15789473684,28009.0,81201.0,227323.6,5.0,,,,6.0,,,,,,4.9,,,,,,253.6,,,,,,282.0,,,,,,101690.9,,,,,,81201.0,,,0,0,0,0
2022,7,27.16875,26.5,27.7,47.8375,42.0,51.0,1005.7950000000001,1005.4,1006.2,False,51.315,49.3,53.3,188.95,0.74375,1.7,ALB,24922.954545454544,19637.0,41334.13636363636,34771.0,26181.21052631579,19474.0,73882.0,508091.0,2.0,,,3.0,2.0,,,,,6.666666666666667,4.0,,,,,250.66666666666666,259.7142857142857,,,,,270.0,267.0,,,,,93607.25,88086.14285714286,,,,,75096.0,73882.0,,,0,0,0,3
2022,7,27.16875,26.5,27.7,47.8375,42.0,51.0,1005.7950000000001,1005.4,1006.2,False,51.315,49.3,53.3,188.95,0.74375,1.7,ALO,23355.391304347828,19448.0,41103.434782608696,34631.0,27576.6,19497.0,73585.0,404388.0,4.0,,,,5.0,,,,,,6.055555555555555,,,,,,247.33333333333334,,,,,,267.0,,,,,,89903.22222222222,,,,,,73585.0,,,0,0,0,3
2022,7,27.16875,26.5,27.7,47.8375,42.0,51.0,1005.7950000000001,1005.4,1006.2,False,51.315,49.3,53.3,188.95,0.74375,1.7,BOT,23902.88,19507.0,42152.92,34827.0,25300.714285714286,19469.0,73849.0,420967.6666666667,3.0,,,,4.0,,,,,,6.095238095238095,,,,,,258.3333333333333,,,,,,267.0,,,,,,91032.28571428571,,,,,,73849.0,,,0,0,0,3
2022,7,27.16875,26.5,27.7,47.8375,42.0,51.0,1005.7950000000001,1005.4,1006.2,False,51.315,49.3,53.3,188.95,0.74375,1.7,GAS,24811.0,19423.0,40789.63636363636,34390.0,25348.105263157893,19349.0,73210.0,409289.0,3.0,,,,4.0,,,,,,5.388888888888889,,,,,,256.3333333333333,,,,,,270.0,,,,,,89728.55555555556,,,,,,73210.0,,,0,0,0,3
2022,7,27.16875,26.5,27.7,47.8375,42.0,51.0,1005.7950000000001,1005.4,1006.2,False,51.315,49.3,53.3,188.95,0.74375,1.7,HAM,26206.69230769231,19475.0,45566.07692307692,34415.0,27086.583333333332,19432.0,73375.0,294889.0,2.0,,,,3.0,,,,,,6.739130434782608,,,,,,239.52173913043478,,,,,,269.0,,,,,,96358.86956521739,,,,,,73375.0,,,0,0,0,3
2022,7,27.16875,26.5,27.7,47.8375,42.0,51.0,1005.7950000000001,1005.4,1006.2,False,51.315,49.3,53.3,188.95,0.74375,1.7,LAT,25127.96153846154,19748.0,42174.5,35289.0,25583.727272727272,19864.0,74910.0,484418.0,3.0,,,4.0,3.0,,,,,4.75,4.0,,,,,228.625,259.42857142857144,,,,,264.0,270.0,,,,,95878.25,90776.85714285714,,,,,76612.0,74910.0,,,0,0,0,3
2022,7,27.16875,26.5,27.7,47.8375,42.0,51.0,1005.7950000000001,1005.4,1006.2,False,51.315,49.3,53.3,188.95,0.74375,1.7,LEC,25436.655172413793,19180.0,43602.51724137931,34091.0,28644.14814814815,19175.0,72517.0,155475.8,5.0,,,,6.0,,,,,,7.2727272727272725,,,,,,255.0,,,,,,268.0,,,,,,90757.86363636363,,,,,,72517.0,,,0,0,0,3
2022,7,27.16875,26.5,27.7,47.8375,42.0,51.0,1005.7950000000001,1005.4,1006.2,False,51.315,49.3,53.3,188.95,0.74375,1.7,MAG,23846.083333333332,19448.0,40572.208333333336,34484.0,25784.6,19366.0,73436.0,574319.3333333334,3.0,,,1.0,4.0,,,,,1.0,5.684210526315789,,,,,254.0,243.10526315789474,,,,,254.0,271.0,,,,,98108.0,89749.94736842105,,,,,98108.0,73436.0,,,0,0,0,3
2022,7,27.16875,26.5,27.7,47.8375,42.0,51.0,1005.7950000000001,1005.4,1006.2,False,51.315,49.3,53.3,188.95,0.74375,1.7,MSC,23759.615384615383,19588.0,42003.07692307692,34591.0,27904.636363636364,19336.0,73827.0,364199.0,4.0,,,1.0,5.0,,,,,1.0,6.1,,,,,242.0,257.3,,,,,242.0,272.0,,,,,100554.0,90609.55,,,,,100554.0,73827.0,,,0,0,0,3
2022,7,27.16875,26.5,27.7,47.8375,42.0,51.0,1005.7950000000001,1005.4,1006.2,False,51.315,49.3,53.3,188.95,0.74375,1.7,NOR,23638.105263157893,19402.0,42413.15789473684,34533.0,26446.75,19291.0,73226.0,735046.0,2.0,,,,3.0,,,,,,4.625,,,,,,253.8125,,,,,,269.0,,,,,,92599.875,,,,,,73226.0,,,0,0,0,3
2022,7,27.16875,26.5,27.7,47.8375,42.0,51.0,1005.7950000000001,1005.4,1006.2,False,51.315,49.3,53.3,188.95,0.74375,1.7,OCO,23922.18181818182,19774.0,40761.86363636364,34743.0,26416.05,19743.0,74260.0,1195734.0,1.0,,,,2.0,,,,,,5.5,,,,,,250.3,,,,,,267.0,,,,,,90863.9,,,,,,74260.0,,,0,0,0,3
2022,7,27.16875,26.5,27.7,47.8375,42.0,51.0,1005.7950000000001,1005.4,1006.2,False,51.315,49.3,53.3,188.95,0.74375,1.7,PER,25142.185185185186,19137.0,43464.11111111111,34131.0,27586.36,19114.0,72476.0,346768.5,2.0,,,,3.0,,,,,,6.75,,,,,,244.625,,,,,,269.0,,,,,,95554.29166666667,,,,,,72476.0,,,0,0,0,3
2022,7,27.16875,26.5,27.7,47.8375,42.0,51.0,1005.7950000000001,1005.4,1006.2,False,51.315,49.3,53.3,188.95,0.74375,1.7,RIC,22376.344827586207,19650.0,40374.275862068964,34968.0,25893.423076923078,19486.0,74104.0,346053.6666666667,3.0,,,,4.0,,,,,,8.08,,,,,,249.56,,,,,,268.0,,,,,,87337.56,,,,,,74104.0,,,0,0,0,3
2022,7,27.16875,26.5,27.7,47.8375,42.0,51.0,1005.7950000000001,1005.4,1006.2,False,51.315,49.3,53.3,188.95,0.74375,1.7,RUS,23957.03846153846,19536.0,41328.346153846156,34495.0,25575.652173913044,19350.0,73476.0,374006.5,2.0,,,,3.0,,,,,,6.956521739130435,,,,,,248.91304347826087,,,,,,269.0,,,,,,90111.43478260869,,,,,,73476.0,,,0,0,0,3
2022,7,27.16875,26.5,27.7,47.8375,42.0,51.0,1005.7950000000001,1005.4,1006.2,False,51.315,49.3,53.3,188.95,0.74375,1.7,SAI,27622.071428571428,19283.0,44259.0,34240.0,29181.23076923077,19207.0,72846.0,166601.24999999994,4.0,,,,5.0,,,,,,6.956521739130435,,,,,,244.17391304347825,,,,,,269.0,,,,,,96740.39130434782,,,,,,72846.0,,,0,0,0,3
2022,7,27.16875,26.5,27.7,47.8375,42.0,51.0,1005.7950000000001,1005.4,1006.2,False,51.315,49.3,53.3,188.95,0.74375,1.7,STR,25670.4,19524.0,39599.4,34829.0,26057.0,19723.0,74639.0,280663.25,4.0,,,3.0,5.0,,,,,5.583333333333333,2.3333333333333335,,,,,260.8333333333333,265.0,,,,,264.0,267.0,,,,,90302.91666666667,88355.33333333333,,,,,75399.0,74639.0,,,0,0,0,3
2022,7,27.16875,26.5,27.7,47.8375,42.0,51.0,1005.7950000000001,1005.4,1006.2,False,51.315,49.3,53.3,188.95,0.74375,1.7,TSU,25231.56,19534.0,41064.96,34633.0,25331.590909090908,19478.0,73645.0,504642.00000000023,2.0,,,,3.0,,,,,,6.409090909090909,,,,,,244.04545454545453,,,,,,268.0,,,,,,91002.90909090909,,,,,,73645.0,,,0,0,0,3
2022,7,27.16875,26.5,27.7,47.8375,42.0,51.0,1005.7950000000001,1005.4,1006.2,False,51.315,49.3,53.3,188.95,0.74375,1.7,VER,23814.172413793105,19146.0,42452.724137931036,34351.0,26198.25925925926,19323.0,72881.0,570171.0,1.0,,,,2.0,,,,,,7.333333333333333,,,,,,252.74074074074073,,,,,,270.0,,,,,,92166.37037037036,,,,,,72881.0,,,0,0,0,3
2022,7,27.16875,26.5,27.7,47.8375,42.0,51.0,1005.7950000000001,1005.4,1006.2,False,51.315,49.3,53.3,188.95,0.74375,1.7,VET,23829.35714285714,19552.0,39515.03571428572,34688.0,27305.916666666668,19487.0,73838.0,241778.33333333334,6.0,,,3.0,7.0,,,,,5.583333333333333,6.333333333333333,,,,,258.0,254.44444444444446,,,,,264.0,270.0,,,,,84433.66666666667,90610.66666666667,,,,,75048.0,73838.0,,,0,0,0,3
2022,7,27.16875,26.5,27.7,47.8375,42.0,51.0,1005.7950000000001,1005.4,1006.2,False,51.315,49.3,53.3,188.95,0.74375,1.7,ZHO,24753.44,19933.0,41612.84,35025.0,24883.809523809523,19853.0,74861.0,415270.6666666667,3.0,,,,4.0,,,,,,6.142857142857143,,,,,,257.95238095238096,,,,,,267.0,,,,,,90851.28571428571,,,,,,74861.0,,,0,0,0,3
2022,8,27.122448979591837,26.7,27.9,50.92857142857143,46.0,57.0,1015.5051020408164,1015.2,1015.7,False,46.256122448979596,43.6,48.8,216.12244897959184,1.1214285714285714,2.2,ALB,49075.666666666664,37256.0,53104.470588235294,42828.0,29802.29411764706,25395.0,105479.0,216862.66666666666,3.0,,,,4.0,,,,,,4.666666666666667,,,,,,297.22222222222223,,,,,,333.0,,,,,,120500.66666666667,,,,,,105479.0,,,0,0,0,6
2022,8,27.122448979591837,26.7,27.9,50.92857142857143,46.0,57.0,1015.5051020408164,1015.2,1015.7,False,46.256122448979596,43.6,48.8,216.12244897959184,1.1214285714285714,2.2,ALO,44372.181818181816,37043.0,51261.642857142855,42782.0,29772.785714285714,25017.0,104842.0,668176.0000000002,2.0,,,,3.0,,,,,,4.0,,,,,,301.57142857142856,,,,,,347.0,,,,,,118098.42857142857,,,,,,104842.0,,,0,0,0,6
2022,8,27.122448979591837,26.7,27.9,50.92857142857143,46.0,57.0,1015.5051020408164,1015.2,1015.7,False,46.256122448979596,43.6,48.8,216.12244897959184,1.1214285714285714,2.2,BOT,48525.28571428572,37059.0,54089.05882352941,42818.0,28567.0,25531.0,105574.0,358829.5,2.0,,,,3.0,,,,,,4.545454545454546,,,,,,321.8181818181818,,,,,,329.0,,,,,,125325.27272727272,,,,,,105574.0,,,0,0,0,6
2022,8,27.122448979591837,26.7,27.9,50.92857142857143,46.0,57.0,1015.5051020408164,1015.2,1015.7,False,46.256122448979596,43.6,48.8,216.12244897959184,1.1214285714285714,2.2,GAS,45820.94736842105,36728.0,51184.619047619046,42238.0,28281.761904761905,25199.0,104491.0,321755.0,2.0,3.0,,,2.0,,,6.8,,,4.4,,,301.4,,,333.4,,,345.0,,,336.0,,,123399.0,,,117264.2,,,105507.0,,,104491.0,,,0,0,0,6
2022,8,27.122448979591837,26.7,27.9,50.92857142857143,46.0,57.0,1015.5051020408164,1015.2,1015.7,False,46.256122448979596,43.6,48.8,216.12244897959184,1.1214285714285714,2.2,HAM,44531.9375,36809.0,52543.31578947369,42355.0,28825.684210526317,25681.0,104845.0,756191.0,2.0,,,,3.0,,,,,,4.666666666666667,,,,,,322.75,,,,,,331.0,,,,,,120095.16666666667,,,,,,104845.0,,,0,0,0,6
2022,8,27.122448979591837,26.7,27.9,50.92857142857143,46.0,57.0,1015.5051020408164,1015.2,1015.7,False,46.256122448979596,43.6,48.8,216.12244897959184,1.1214285714285714,2.2,LAT,47819.78571428572,37373.0,51970.64705882353,43260.0,29920.647058823528,25437.0,106070.0,303218.6666666667,3.0,,,,4.0,,,,,,4.444444444444445,,,,,,296.55555555555554,,,,,,334.0,,,,,,121363.55555555556,,,,,,106070.0,,,0,0,0,6
2022,8,27.122448979591837,26.7,27.9,50.92857142857143,46.0,57.0,1015.5051020408164,1015.2,1015.7,False,46.256122448979596,43.6,48.8,216.12244897959184,1.1214285714285714,2.2,LEC,51204.470588235294,36388.0,53493.10526315789,41663.0,29505.947368421053,25102.0,103240.0,271162.0,3.0,,,,4.0,,,,,,5.888888888888889,,,,,,291.77777777777777,,,,,,335.0,,,,,,114432.33333333333,,,,,,103240.0,,,0,0,0,6
2022,8,27.122448979591837,26.7,27.9,50.92857142857143,46.0,57.0,1015.5051020408164,1015.2,1015.7,False,46.256122448979596,43.6,48.8,216.12244897959184,1.1214285714285714,2.2,MAG,51484.230769230766,36986.0,49053.882352941175,42579.0,30189.352941176472,25354.0,104919.0,352624.39999999997,5.0,,,,6.0,,,,,,4.0,,,,,,288.85714285714283,,,,,,333.0,,,,,,121106.28571428571,,,,,,104919.0,,,0,0,0,6
2022,8,27.122448979591837,26.7,27.9,50.92857142857143,46.0,57.0,1015.5051020408164,1015.2,1015.7,False,46.256122448979596,43.6,48.8,216.12244897959184,1.1214285714285714,2.2,MSC,47299.73333333333,37322.0,52340.31578947369,42922.0,30004.473684210527,25288.0,105532.0,301623.3999999999,5.0,,,,6.0,,,,,,4.333333333333333,,,,,,299.55555555555554,,,,,,335.0,,,,,,119899.33333333333,,,,,,105532.0,,,0,0,0,6
2022,8,27.122448979591837,26.7,27.9,50.92857142857143,46.0,57.0,1015.5051020408164,1015.2,1015.7,False,46.256122448979596,43.6,48.8,216.12244897959184,1.1214285714285714,2.2,NOR,46203.8,36721.0,51313.846153846156,42177.0,29599.846153846152,25520.0,104418.0,605483.0,2.0,,,,3.0,,,,,,3.5714285714285716,,,,,,280.0,,,,,,326.0,,,,,,128619.57142857143,,,,,,104418.0,,,0,0,0,6
2022,8,27.122448979591837,26.7,27.9,50.92857142857143,46.0,57.0,1015.5051020408164,1015.2,1015.7,False,46.256122448979596,43.6,48.8,216.12244897959184,1.1214285714285714,2.2,OCO,48828.153846153844,36977.0,54119.4,42651.0,29907.733333333334,25057.0,104685.0,444230.5,2.0,,,,3.0,,,,,,4.444444444444445,,,,,,301.0,,,,,,347.0,,,,,,121252.66666666667,,,,,,104685.0,,,0,0,0,6
2022,8,27.122448979591837,26.7,27.9,50.92857142857143,46.0,57.0,1015.5051020408164,1015.2,1015.7,False,46.256122448979596,43.6,48.8,216.12244897959184,1.1214285714285714,2.2,PER,50644.5625,36284.0,54094.77777777778,41731.0,30251.11111111111,25046.0,103170.0,372329.0,2.0,,,,3.0,,,,,,4.888888888888889,,,,,,338.22222222222223,,,,,,343.0,,,,,,121505.55555555556,,,,,,103170.0,,,0,0,0,6
2022,8,27.122448979591837,26.7,27.9,50.92857142857143,46.0,57.0,1015.5051020408164,1015.2,1015.7,False,46.256122448979596,43.6,48.8,216.12244897959184,1.1214285714285714,2.2,RIC,44405.82352941176,36774.0,51313.31578947369,42137.0,29348.684210526317,25565.0,104476.0,308077.5,2.0,,,2.0,3.0,,,,,6.25,4.5,,,,,318.25,258.1666666666667,,,,,323.0,320.0,,,,,118007.25,126039.83333333333,,,,,106026.0,104476.0,,,0,0,0,6
2022,8,27.122448979591837,26.7,27.9,50.92857142857143,46.0,57.0,1015.5051020408164,1015.2,1015.7,False,46.256122448979596,43.6,48.8,216.12244897959184,1.1214285714285714,2.2,RUS,47771.46153846154,36533.0,50784.294117647056,42352.0,30272.058823529413,25577.0,104573.0,416787.2500000001,4.0,,,,5.0,,,,,,4.5,,,,,,291.75,,,,,,330.0,,,,,,121468.625,,,,,,104573.0,,,0,0,0,6
2022,8,27.122448979591837,26.7,27.9,50.92857142857143,46.0,57.0,1015.5051020408164,1015.2,1015.7,False,46.256122448979596,43.6,48.8,216.12244897959184,1.1214285714285714,2.2,SAI,52291.705882352944,36466.0,53796.57894736842,41954.0,29530.42105263158,25098.0,103596.0,205512.0,4.0,,,,5.0,,,,,,5.375,,,,,,294.875,,,,,,334.0,,,,,,118891.5,,,,,,103596.0,,,0,0,0,6
2022,8,27.122448979591837,26.7,27.9,50.92857142857143,46.0,57.0,1015.5051020408164,1015.2,1015.7,False,46.256122448979596,43.6,48.8,216.12244897959184,1.1214285714285714,2.2,STR,50519.42857142857,37020.0,51972.64705882353,42422.0,30485.941176470587,25357.0,104879.0,232576.0,6.0,,,,6.0,,,,,,3.7142857142857144,,,,,,327.85714285714283,,,,,,333.0,,,,,,117668.28571428571,,,,,,104879.0,,,0,0,0,6
2022,8,27.122448979591837,26.7,27.9,50.92857142857143,46.0,57.0,1015.5051020408164,1015.2,1015.7,False,46.256122448979596,43.6,48.8,216.12244897959184,1.1214285714285714,2.2,TSU,46622.055555555555,36981.0,52480.05,42482.0,30294.5,25495.0,104964.0,736364.0,1.0,1.0,,,2.0,,,5.333333333333333,,,5.6,,,333.1666666666667,,,317.0,,,338.0,,,332.0,,,117982.16666666667,,,116992.4,,,106465.0,,,104964.0,,,0,0,0,6
2022,8,27.122448979591837,26.7,27.9,50.92857142857143,46.0,57.0,1015.5051020408164,1015.2,1015.7,False,46.256122448979596,43.6,48.8,216.12244897959184,1.1214285714285714,2.2,VER,49112.5,36294.0,54838.42857142857,41821.0,32203.785714285714,25124.0,103449.0,231491.66666666666,3.0,,,,4.0,,,,,,4.142857142857143,,,,,,276.85714285714283,,,,,,338.0,,,,,,125978.28571428571,,,,,,103449.0,,,0,0,0,6
2022,8,27.122448979591837,26.7,27.9,50.92857142857143,46.0,57.0,1015.5051020408164,1015.2,1015.7,False,46.256122448979596,43.6,48.8,216.12244897959184,1.1214285714285714,2.2,VET,50094.46666666667,36816.0,51122.88888888889,42482.0,28586.444444444445,25144.0,104689.0,266961.19999999995,5.0,,,,6.0,,,,,,3.875,,,,,,328.0,,,,,,339.0,,,,,,114445.25,,,,,,104689.0,,,0,0,0,6
2022,8,27.122448979591837,26.7,27.9,50.92857142857143,46.0,57.0,1015.5051020408164,1015.2,1015.7,False,46.256122448979596,43.6,48.8,216.12244897959184,1.1214285714285714,2.2,ZHO,47449.0,37068.0,51882.944444444445,42548.0,30006.055555555555,25297.0,104913.0,356838.6666666667,3.0,,,,4.0,,,,,,4.454545454545454,,,,,,298.6363636363636,,,,,,336.0,,,,,,123685.72727272728,,,,,,104913.0,,,0,0,0,6
2022,9,11.455555555555556,11.1,11.8,82.82716049382717,82.0,84.0,1005.4333333333334,1005.0,1006.0,True,16.604938271604937,16.1,17.2,124.50617283950618,2.004938271604938,3.7,ALB,29489.41176470588,27610.0,32679.29411764706,30725.0,39379.26666666667,36838.0,95761.0,259357.0,2.0,,3.0,,,,1.0,,3.0,,,,5.0,,262.6,,,,258.6666666666667,,266.0,,,,261.0,,98698.6,,,,101416.22222222222,,95761.0,,,,97429.0,0,0,0,7
2022,9,11.455555555555556,11.1,11.8,82.82716049382717,82.0,84.0,1005.4333333333334,1005.0,1006.0,True,16.604938271604937,16.1,17.2,124.50617283950618,2.004938271604938,3.7,ALO,31449.2,26917.0,32166.266666666666,30213.0,40801.230769230766,36191.0,93836.0,265337.49999999977,2.0,,3.0,,,,1.0,,5.222222222222222,,,,2.0,,265.22222222222223,,,,261.0,,268.0,,,,262.0,,103504.0,,,,100860.66666666667,,93836.0,,,,96074.0,0,0,0,7
2022,9,11.455555555555556,11.1,11.8,82.82716049382717,82.0,84.0,1005.4333333333334,1005.0,1006.0,True,16.604938271604937,16.1,17.2,124.50617283950618,2.004938271604938,3.7,BOT,30810.133333333335,27668.0,32751.066666666666,30648.0,41839.666666666664,36700.0,95016.0,1128801.0,2.0,,3.0,,,,2.0,,4.5,,,,3.5,,222.625,,,,256.0,,264.0,,,,261.0,,104842.875,,,,102152.0,,95016.0,,,,97909.0,0,0,0,7
2022,9,11.455555555555556,11.1,11.8,82.82716049382717,82.0,84.0,1005.4333333333334,1005.0,1006.0,True,16.604938271604937,16.1,17.2,124.50617283950618,2.004938271604938,3.7,GAS,29389.833333333332,27196.0,31880.88888888889,30296.0,39958.4375,36266.0,93889.0,564974.0,1.0,,2.0,,,,1.0,,5.5,,,,3.5,,239.0,,,,257.6666666666667,,266.0,,,,261.0,,101336.6,,,,100542.83333333333,,93889.0,,,,96881.0,0,0,0,7
2022,9,11.455555555555556,11.1,11.8,82.82716049382717,82.0,84.0,1005.4333333333334,1005.0,1006.0,True,16.604938271604937,16.1,17.2,124.50617283950618,2.004938271604938,3.7,HAM,30237.083333333332,27718.0,32546.916666666668,30951.0,40116.0,37008.0,95692.0,740983.3333333334,3.0,,3.0,,,,4.0,,1.5,,,,4.833333333333333,,259.5,,,,256.5,,260.0,,,,259.0,,103503.0,,,,100133.0,,98613.0,,,,95692.0,0,0,0,7
2022,9,11.455555555555556,11.1,11.8,82.82716049382717,82.0,84.0,1005.4333333333334,1005.0,1006.0,True,16.604938271604937,16.1,17.2,124.50617283950618,2.004938271604938,3.7,LAT,31648.909090909092,28469.0,34828.63636363636,31925.0,41824.22222222222,37517.0,98394.0,323123.5,2.0,,3.0,,,,2.0,,1.5,,,,4.166666666666667,,260.0,,,,258.3333333333333,,260.0,,,,263.0,,108464.0,,,,104793.0,,105866.0,,,,98394.0,0,0,0,7
2022,9,11.455555555555556,11.1,11.8,82.82716049382717,82.0,84.0,1005.4333333333334,1005.0,1006.0,True,16.604938271604937,16.1,17.2,124.50617283950618,2.004938271604938,3.7,LEC,49110.4,36792.0,33754.2,32439.0,55223.5,54850.0,138129.0,476120.75,4.0,,,,,,,,,,,,,,,,,,,,,,,,,,,,,,,,,,,,,0,0,0,7
2022,9,11.455555555555556,11.1,11.8,82.82716049382717,82.0,84.0,1005.4333333333334,1005.0,1006.0,True,16.604938271604937,16.1,17.2,124.50617283950618,2.004938271604938,3.7,MAG,33523.470588235294,27376.0,32758.941176470587,30867.0,41798.78571428572,36920.0,95643.0,1032141.5,2.0,,3.0,,,,2.0,,4.166666666666667,,,,4.428571428571429,,217.66666666666666,,,,256.57142857142856,,264.0,,,,261.0,,108060.83333333333,,,,101788.28571428571,,96335.0,,,,95643.0,0,0,0,7
2022,9,11.455555555555556,11.1,11.8,82.82716049382717,82.0,84.0,1005.4333333333334,1005.0,1006.0,True,16.604938271604937,16.1,17.2,124.50617283950618,2.004938271604938,3.7,MSC,32266.444444444445,28137.0,33897.77777777778,31231.0,41510.73333333333,37568.0,97388.0,985682.4999999998,2.0,,3.0,,,,2.0,,3.0,,,,6.0,,210.2,,,,253.7,,263.0,,,,260.0,,116541.0,,,,103199.9,,101388.0,,,,97388.0,0,0,0,7
2022,9,11.455555555555556,11.1,11.8,82.82716049382717,82.0,84.0,1005.4333333333334,1005.0,1006.0,True,16.604938271604937,16.1,17.2,124.50617283950618,2.004938271604938,3.7,NOR,30416.384615384617,27432.0,32341.69230769231,30282.0,39880.27272727273,36534.0,94248.0,894873.0,2.0,,3.0,,,,2.0,,3.5,,,,3.0,,257.3333333333333,,,,253.75,,262.0,,,,257.0,,99076.33333333333,,,,105881.0,,94248.0,,,,98124.0,0,0,0,7
2022,9,11.455555555555556,11.1,11.8,82.82716049382717,82.0,84.0,1005.4333333333334,1005.0,1006.0,True,16.604938271604937,16.1,17.2,124.50617283950618,2.004938271604938,3.7,OCO,29709.0625,26740.0,32147.125,30673.0,39069.642857142855,36329.0,94003.0,689715.0,1.0,,2.0,,,,1.0,,4.0,,,,4.0,,266.42857142857144,,,,261.7142857142857,,268.0,,,,263.0,,99718.0,,,,101383.42857142857,,94003.0,,,,97332.0,0,0,0,7
2022,9,11.455555555555556,11.1,11.8,82.82716049382717,82.0,84.0,1005.4333333333334,1005.0,1006.0,True,16.604938271604937,16.1,17.2,124.50617283950618,2.004938271604938,3.7,PER,29890.7,27219.0,32428.1,30460.0,39295.75,36819.0,94498.0,1814689.0,1.0,,2.0,,,,1.0,,4.0,,,,1.0,,262.57142857142856,,,,256.0,,266.0,,,,256.0,,99843.0,,,,108440.0,,94498.0,,,,108440.0,0,0,0,7
2022,9,11.455555555555556,11.1,11.8,82.82716049382717,82.0,84.0,1005.4333333333334,1005.0,1006.0,True,16.604938271604937,16.1,17.2,124.50617283950618,2.004938271604938,3.7,RIC,30300.85714285714,26985.0,32505.714285714286,30432.0,40572.416666666664,36693.0,94110.0,769825.0000000001,2.0,,3.0,,,,2.0,,4.0,,,,2.75,,253.71428571428572,,,,253.5,,262.0,,,,256.0,,99206.0,,,,105479.5,,94110.0,,,,99906.0,0,0,0,7
2022,9,11.455555555555556,11.1,11.8,82.82716049382717,82.0,84.0,1005.4333333333334,1005.0,1006.0,True,16.604938271604937,16.1,17.2,124.50617283950618,2.004938271604938,3.7,RUS,28954.18181818182,26957.0,31743.454545454544,30606.0,38566.0,36580.0,94259.0,565748.0,1.0,,,,,,2.0,,,,,,5.555555555555555,,,,,,258.1111111111111,,,,,,260.0,,,,,,99358.66666666667,,,,,,94259.0,0,0,0,7
2022,9,11.455555555555556,11.1,11.8,82.82716049382717,82.0,84.0,1005.4333333333334,1005.0,1006.0,True,16.604938271604937,16.1,17.2,124.50617283950618,2.004938271604938,3.7,SAI,33324.61111111111,26869.0,32095.222222222223,30482.0,42004.57142857143,36875.0,94778.0,367299.4,5.0,,5.0,,,,6.0,,3.5,,,,5.333333333333333,,263.0,,,,223.0,,265.0,,,,260.0,,98732.5,,,,104709.66666666667,,94778.0,,,,95858.0,0,0,0,7
2022,9,11.455555555555556,11.1,11.8,82.82716049382717,82.0,84.0,1005.4333333333334,1005.0,1006.0,True,16.604938271604937,16.1,17.2,124.50617283950618,2.004938271604938,3.7,STR,29973.08695652174,27541.0,33819.434782608696,31117.0,42515.857142857145,36873.0,95531.0,409567.5,2.0,,3.0,,,,2.0,,2.5,,,,9.4,,258.25,,,,256.26666666666665,,262.0,,,,262.0,,102524.0,,,,101655.86666666667,,99808.0,,,,95531.0,0,0,0,7
2022,9,11.455555555555556,11.1,11.8,82.82716049382717,82.0,84.0,1005.4333333333334,1005.0,1006.0,True,16.604938271604937,16.1,17.2,124.50617283950618,2.004938271604938,3.7,TSU,29450.444444444445,27429.0,32448.37037037037,31060.0,39893.083333333336,37195.0,96261.0,408841.5,2.0,,3.0,,,,2.0,,3.5,,,,5.055555555555555,,215.5,,,,260.6111111111111,,266.0,,,,264.0,,106243.0,,,,100368.33333333333,,97020.0,,,,96261.0,0,0,0,7
2022,9,11.455555555555556,11.1,11.8,82.82716049382717,82.0,84.0,1005.4333333333334,1005.0,1006.0,True,16.604938271604937,16.1,17.2,124.50617283950618,2.004938271604938,3.7,VER,33333.8,27305.0,32024.2,30681.0,39806.142857142855,36630.0,94616.0,346316.5,2.0,,3.0,,,,2.0,,3.0,,,,2.0,,249.6,,,,259.0,,264.0,,,,260.0,,106504.4,,,,107726.5,,94616.0,,,,105546.0,0,0,0,7
2022,9,11.455555555555556,11.1,11.8,82.82716049382717,82.0,84.0,1005.4333333333334,1005.0,1006.0,True,16.604938271604937,16.1,17.2,124.50617283950618,2.004938271604938,3.7,VET,29707.777777777777,27018.0,32051.555555555555,30145.0,39589.26666666667,36389.0,93891.0,452182.3333333333,3.0,,3.0,,,,2.0,,2.5,,,,5.8,,263.0,,,,257.3,,265.0,,,,261.0,,97615.25,,,,101115.9,,93891.0,,,,95821.0,0,0,0,7
2022,9,11.455555555555556,11.1,11.8,82.82716049382717,82.0,84.0,1005.4333333333334,1005.0,1006.0,True,16.604938271604937,16.1,17.2,124.50617283950618,2.004938271604938,3.7,ZHO,31603.333333333332,27401.0,33087.2,30551.0,43539.833333333336,37261.0,95213.0,1156689.0,2.0,,3.0,,,,2.0,,4.5,,,,3.5,,224.375,,,,257.25,,264.0,,,,259.0,,108532.0,,,,104689.75,,95213.0,,,,98924.0,0,0,0,7
2022,10,17.328395061728394,17.1,17.9,66.24691358024691,65.0,68.0,999.6604938271605,999.4,1000.0,False,25.093827160493827,23.8,27.1,215.02469135802468,4.724691358024692,6.5,ALB,31817.78947368421,28453.0,43182.954545454544,36301.0,30358.909090909092,24896.0,89780.0,443249.0,2.0,,,,3.0,,,,,,8.5,,,,,,230.5,,,,,,251.0,,,,,,106375.125,,,,,,89780.0,,,0,0,0,0
2022,10,17.328395061728394,17.1,17.9,66.24691358024691,65.0,68.0,999.6604938271605,999.4,1000.0,False,25.093827160493827,23.8,27.1,215.02469135802468,4.724691358024692,6.5,ALO,32590.647058823528,28680.0,40711.8,36165.0,28068.05,24591.0,89520.0,919898.5,2.0,,,,3.0,,,,,,8.642857142857142,,,,,,232.92857142857142,,,,,,251.0,,,,,,98062.92857142857,,,,,,89520.0,,,0,0,0,0
2022,10,17.328395061728394,17.1,17.9,66.24691358024691,65.0,68.0,999.6604938271605,999.4,1000.0,False,25.093827160493827,23.8,27.1,215.02469135802468,4.724691358024692,6.5,BOT,33985.125,28355.0,43367.95,36336.0,30230.1,24434.0,89185.0,488669.6666666667,3.0,,,,4.0,,,,,,4.833333333333333,,,,,,231.41666666666666,,,,,,253.0,,,,,,104933.08333333333,,,,,,89185.0,,,0,0,0,0
2022,10,17.328395061728394,17.1,17.9,66.24691358024691,65.0,68.0,999.6604938271605,999.4,1000.0,False,25.093827160493827,23.8,27.1,215.02469135802468,4.724691358024692,6.5,GAS,34876.15,28678.0,45682.086956521736,36424.0,29981.17391304348,24783.0,89885.0,601708.0,2.0,,,2.0,3.0,,,,,6.0,6.0,,,,,246.11111111111111,216.88888888888889,,,,,251.0,249.0,,,,,105791.0,113727.88888888889,,,,,90730.0,89885.0,,,0,0,0,0
2022,10,17.328395061728394,17.1,17.9,66.24691358024691,65.0,68.0,999.6604938271605,999.4,1000.0,False,25.093827160493827,23.8,27.1,215.02469135802468,4.724691358024692,6.5,HAM,35821.23809523809,28351.0,44035.208333333336,35855.0,29065.875,24208.0,88488.0,310092.5,2.0,,,,3.0,,,,,,6.9411764705882355,,,,,,235.35294117647058,,,,,,254.0,,,,,,106946.4705882353,,,,,,88488.0,,,0,0,0,0
2022,10,17.328395061728394,17.1,17.9,66.24691358024691,65.0,68.0,999.6604938271605,999.4,1000.0,False,25.093827160493827,23.8,27.1,215.02469135802468,4.724691358024692,6.5,LAT,35660.230769230766,28712.0,43714.0,36784.0,30466.5,24984.0,90489.0,666281.0,2.0,,,,3.0,,,,,,7.2,,,,,,230.6,,,,,,251.0,,,,,,111232.8,,,,,,90489.0,,,0,0,0,0
2022,10,17.328395061728394,17.1,17.9,66.24691358024691,65.0,68.0,999.6604938271605,999.4,1000.0,False,25.093827160493827,23.8,27.1,215.02469135802468,4.724691358024692,6.5,LEC,39286.0,28279.0,43628.0,35567.0,30690.238095238095,24283.0,88348.0,330248.75,4.0,,,,5.0,,,,,,5.75,,,,,,234.83333333333334,,,,,,252.0,,,,,,107973.75,,,,,,88348.0,,,0,0,0,0
2022,10,17.328395061728394,17.1,17.9,66.24691358024691,65.0,68.0,999.6604938271605,999.4,1000.0,False,25.093827160493827,23.8,27.1,215.02469135802468,4.724691358024692,6.5,MAG,37773.0,28401.0,43573.47368421053,36939.0,30229.052631578947,24749.0,90523.0,364457.2,5.0,,,,6.0,,,,,,4.555555555555555,,,,,,223.55555555555554,,,,,,253.0,,,,,,108717.11111111111,,,,,,90523.0,,,0,0,0,0
2022,10,17.328395061728394,17.1,17.9,66.24691358024691,65.0,68.0,999.6604938271605,999.4,1000.0,False,25.093827160493827,23.8,27.1,215.02469135802468,4.724691358024692,6.5,MSC,38342.882352941175,28429.0,42825.71428571428,36616.0,29500.95238095238,24465.0,89510.0,283722.0,6.0,,,,7.0,,,,,,4.9,,,,,,228.5,,,,,,251.0,,,,,,108951.9,,,,,,89510.0,,,0,0,0,0
2022,10,17.328395061728394,17.1,17.9,66.24691358024691,65.0,68.0,999.6604938271605,999.4,1000.0,False,25.093827160493827,23.8,27.1,215.02469135802468,4.724691358024692,6.5,NOR,35069.6875,28583.0,43629.0,36035.0,29102.3,24484.0,89102.0,378619.75,4.0,,,2.0,5.0,,,,,5.2,5.166666666666667,,,,,246.6,215.83333333333334,,,,,248.0,250.0,,,,,108086.8,109455.33333333333,,,,,90735.0,89102.0,,,0,0,0,0
2022,10,17.328395061728394,17.1,17.9,66.24691358024691,65.0,68.0,999.6604938271605,999.4,1000.0,False,25.093827160493827,23.8,27.1,215.02469135802468,4.724691358024692,6.5,OCO,32974.23809523809,28612.0,42391.875,36186.0,29054.208333333332,24683.0,89552.0,669353.5,2.0,,,,3.0,,,,,,8.722222222222221,,,,,,232.22222222222223,,,,,,250.0,,,,,,103407.27777777778,,,,,,89552.0,,,0,0,0,0
2022,10,17.328395061728394,17.1,17.9,66.24691358024691,65.0,68.0,999.6604938271605,999.4,1000.0,False,25.093827160493827,23.8,27.1,215.02469135802468,4.724691358024692,6.5,PER,37056.11111111111,28157.0,46800.857142857145,35843.0,30011.619047619046,24311.0,88311.0,370760.66666666657,3.0,,,,4.0,,,,,,5.857142857142857,,,,,,226.78571428571428,,,,,,252.0,,,,,,113625.5,,,,,,88311.0,,,0,0,0,0
2022,10,17.328395061728394,17.1,17.9,66.24691358024691,65.0,68.0,999.6604938271605,999.4,1000.0,False,25.093827160493827,23.8,27.1,215.02469135802468,4.724691358024692,6.5,RIC,36864.82352941176,28672.0,43260.95238095238,36668.0,28578.0,24792.0,90293.0,294990.2,5.0,,,6.0,4.0,,,,,7.777777777777778,3.0,,,,,225.88888888888889,248.0,,,,,248.0,249.0,,,,,107204.33333333333,105882.66666666667,,,,,91026.0,90293.0,,,0,0,0,0
2022,10,17.328395061728394,17.1,17.9,66.24691358024691,65.0,68.0,999.6604938271605,999.4,1000.0,False,25.093827160493827,23.8,27.1,215.02469135802468,4.724691358024692,6.5,RUS,33381.72222222222,28284.0,42709.76190476191,35840.0,28730.428571428572,24255.0,88426.0,583388.0,2.0,,,,3.0,,,,,,5.4,,,,,,237.06666666666666,,,,,,253.0,,,,,,104083.33333333333,,,,,,88426.0,,,0,0,0,0
2022,10,17.328395061728394,17.1,17.9,66.24691358024691,65.0,68.0,999.6604938271605,999.4,1000.0,False,25.093827160493827,23.8,27.1,215.02469135802468,4.724691358024692,6.5,SAI,39622.166666666664,28333.0,45618.95238095238,36022.0,30608.04761904762,24318.0,88689.0,308408.0,4.0,,,,5.0,,,,,,6.2,,,,,,230.3,,,,,,252.0,,,,,,100118.6,,,,,,88689.0,,,0,0,0,0
2022,10,17.328395061728394,17.1,17.9,66.24691358024691,65.0,68.0,999.6604938271605,999.4,1000.0,False,25.093827160493827,23.8,27.1,215.02469135802468,4.724691358024692,6.5,STR,38610.59090909091,28533.0,44609.692307692305,36587.0,29192.884615384617,24742.0,89892.0,181989.83333333334,6.0,,,3.0,7.0,,,,,1.0,5.3076923076923075,,,,,242.5,225.30769230769232,,,,,243.0,250.0,,,,,121237.5,108751.46153846153,,,,,119941.0,89892.0,,,0,0,0,0
2022,10,17.328395061728394,17.1,17.9,66.24691358024691,65.0,68.0,999.6604938271605,999.4,1000.0,False,25.093827160493827,23.8,27.1,215.02469135802468,4.724691358024692,6.5,TSU,34524.73684210526,28745.0,44982.318181818184,36469.0,29842.454545454544,24825.0,90039.0,727553.5,2.0,,,2.0,3.0,,,,,6.0,5.5,,,,,248.55555555555554,210.625,,,,,253.0,252.0,,,,,104837.33333333333,111608.25,,,,,90617.0,90039.0,,,0,0,0,0
2022,10,17.328395061728394,17.1,17.9,66.24691358024691,65.0,68.0,999.6604938271605,999.4,1000.0,False,25.093827160493827,23.8,27.1,215.02469135802468,4.724691358024692,6.5,VER,36529.333333333336,28146.0,44084.5,35546.0,30661.333333333332,24132.0,87901.0,480405.5,2.0,,,,3.0,,,,,,5.0,,,,,,223.27272727272728,,,,,,253.0,,,,,,109350.45454545454,,,,,,87901.0,,,0,0,0,0
2022,10,17.328395061728394,17.1,17.9,66.24691358024691,65.0,68.0,999.6604938271605,999.4,1000.0,False,25.093827160493827,23.8,27.1,215.02469135802468,4.724691358024692,6.5,VET,38422.80952380953,28541.0,44264.68,36425.0,30410.76,24619.0,89593.0,204703.1666666666,6.0,,,3.0,7.0,,,,,1.0,4.833333333333333,,,,,246.0,225.66666666666666,,,,,246.0,251.0,,,,,120366.0,108607.83333333333,,,,,118503.0,89593.0,,,0,0,0,0
2022,10,17.328395061728394,17.1,17.9,66.24691358024691,65.0,68.0,999.6604938271605,999.4,1000.0,False,25.093827160493827,23.8,27.1,215.02469135802468,4.724691358024692,6.5,ZHO,34466.642857142855,28669.0,42835.705882352944,36381.0,30032.941176470587,24618.0,89752.0,901483.5,2.0,,,,3.0,,,,,,4.454545454545454,,,,,,230.72727272727272,,,,,,251.0,,,,,,104369.90909090909,,,,,,89752.0,,,0,0,0,0
2022,12,29.0,27.7,29.8,60.74390243902439,55.0,67.0,968.3719512195122,968.2,968.5,False,52.609756097560975,47.9,56.7,129.20731707317074,1.9658536585365853,3.7,ALB,31805.684210526317,23575.0,36616.68421052631,28379.0,58920.625,41604.0,93558.0,250243.33333333334,3.0,,,,4.0,,,,,,4.0,,,,,,288.3076923076923,,,,,,301.0,,,,,,121294.30769230769,,,,,,93558.0,,,0,0,0,2
2022,12,29.0,27.7,29.8,60.74390243902439,55.0,67.0,968.3719512195122,968.2,968.5,False,52.609756097560975,47.9,56.7,129.20731707317074,1.9658536585365853,3.7,ALO,32029.833333333332,23493.0,34959.944444444445,28579.0,52045.857142857145,41272.0,93505.0,728633.9999999998,2.0,,,2.0,3.0,,,,,6.25,2.5,,,,,295.875,298.25,,,,,299.0,299.0,,,,,111223.375,116617.25,,,,,94013.0,93505.0,,,0,0,0,2
2022,12,29.0,27.7,29.8,60.74390243902439,55.0,67.0,968.3719512195122,968.2,968.5,False,52.609756097560975,47.9,56.7,129.20731707317074,1.9658536585365853,3.7,BOT,33532.55,23483.0,35780.75,28689.0,52746.0,41571.0,93872.0,240144.25,4.0,,,,5.0,,,,,,4.75,,,,,,281.4166666666667,,,,,,297.0,,,,,,114966.25,,,,,,93872.0,,,0,0,0,2
2022,12,29.0,27.7,29.8,60.74390243902439,55.0,67.0,968.3719512195122,968.2,968.5,False,52.609756097560975,47.9,56.7,129.20731707317074,1.9658536585365853,3.7,GAS,33683.444444444445,23500.0,37373.0,28542.0,55740.13333333333,41615.0,93869.0,495742.5,2.0,,,,3.0,,,,,,4.5,,,,,,281.3333333333333,,,,,,299.0,,,,,,120258.66666666667,,,,,,93869.0,,,0,0,0,2
2022,12,29.0,27.7,29.8,60.74390243902439,55.0,67.0,968.3719512195122,968.2,968.5,False,52.609756097560975,47.9,56.7,129.20731707317074,1.9658536585365853,3.7,HAM,35669.09090909091,23383.0,37915.13636363636,28493.0,54338.333333333336,41379.0,93255.0,238363.0,4.0,,,,5.0,,,,,,7.545454545454546,,,,,,287.27272727272725,,,,,,297.0,,,,,,103629.72727272728,,,,,,93255.0,,,0,0,0,2
2022,12,29.0,27.7,29.8,60.74390243902439,55.0,67.0,968.3719512195122,968.2,968.5,False,52.609756097560975,47.9,56.7,129.20731707317074,1.9658536585365853,3.7,LAT,33923.125,23754.0,35675.4375,28616.0,56928.307692307695,41471.0,93841.0,307889.0,3.0,,,,4.0,,,,,,3.3636363636363638,,,,,,290.09090909090907,,,,,,301.0,,,,,,122695.36363636363,,,,,,93841.0,,,0,0,0,2
2022,12,29.0,27.7,29.8,60.74390243902439,55.0,67.0,968.3719512195122,968.2,968.5,False,52.609756097560975,47.9,56.7,129.20731707317074,1.9658536585365853,3.7,LEC,30218.0,23298.0,37281.4,28409.0,56907.944444444445,41186.0,92909.0,293795.0,2.0,1.0,,,3.0,,,4.0,,,7.285714285714286,,,291.0,,,273.14285714285717,,,296.0,,,300.0,,,110010.28571428571,,,115687.0,,,94233.0,,,92909.0,,,0,0,0,2
2022,12,29.0,27.7,29.8,60.74390243902439,55.0,67.0,968.3719512195122,968.2,968.5,False,52.609756097560975,47.9,56.7,129.20731707317074,1.9658536585365853,3.7,MAG,29858.260869565216,23591.0,33384.17391304348,28757.0,49866.45,41599.0,94031.0,660693.5,2.0,,,3.0,2.0,,,,,6.5,2.7142857142857144,,,,,270.8333333333333,291.0,,,,,284.0,299.0,,,,,107753.75,114768.42857142857,,,,,99344.0,94031.0,,,0,0,0,2
2022,12,29.0,27.7,29.8,60.74390243902439,55.0,67.0,968.3719512195122,968.2,968.5,False,52.609756097560975,47.9,56.7,129.20731707317074,1.9658536585365853,3.7,MSC,33476.416666666664,23819.0,35423.083333333336,28628.0,58768.4,41775.0,94222.0,585677.0,2.0,,,,3.0,,,,,,3.3333333333333335,,,,,,265.8333333333333,,,,,,297.0,,,,,,110953.16666666667,,,,,,94222.0,,,0,0,0,2
2022,12,29.0,27.7,29.8,60.74390243902439,55.0,67.0,968.3719512195122,968.2,968.5,False,52.609756097560975,47.9,56.7,129.20731707317074,1.9658536585365853,3.7,NOR,31915.625,23365.0,36228.75,28556.0,53845.09090909091,41612.0,93669.0,302664.0,4.0,,,,5.0,,,,,,4.375,,,,,,291.125,,,,,,299.0,,,,,,110928.125,,,,,,93669.0,,,0,0,0,2
2022,12,29.0,27.7,29.8,60.74390243902439,55.0,67.0,968.3719512195122,968.2,968.5,False,52.609756097560975,47.9,56.7,129.20731707317074,1.9658536585365853,3.7,OCO,34924.22222222222,23710.0,37242.0,28691.0,56241.46666666667,41721.0,94122.0,757643.5,2.0,,,2.0,3.0,,,,,6.0,3.6666666666666665,,,,,296.3333333333333,298.3333333333333,,,,,300.0,299.0,,,,,112877.66666666667,112300.0,,,,,94459.0,94122.0,,,0,0,0,2
2022,12,29.0,27.7,29.8,60.74390243902439,55.0,67.0,968.3719512195122,968.2,968.5,False,52.609756097560975,47.9,56.7,129.20731707317074,1.9658536585365853,3.7,PER,29438.96,23634.0,35352.84,28277.0,50207.681818181816,41306.0,93293.0,579132.0,2.0,,,2.0,3.0,,,,,9.142857142857142,4.0,,,,,288.2142857142857,286.8,,,,,304.0,303.0,,,,,103683.21428571429,117176.6,,,,,93305.0,93293.0,,,0,0,0,2
2022,12,29.0,27.7,29.8,60.74390243902439,55.0,67.0,968.3719512195122,968.2,968.5,False,52.609756097560975,47.9,56.7,129.20731707317074,1.9658536585365853,3.7,RIC,33001.82352941176,23647.0,38155.82352941176,28569.0,54194.307692307695,41572.0,93788.0,477884.3333333333,3.0,,,4.0,3.0,,,,,6.125,2.3333333333333335,,,,,275.125,295.0,,,,,293.0,298.0,,,,,120132.5,122902.0,,,,,95143.0,93788.0,,,0,0,0,2
2022,12,29.0,27.7,29.8,60.74390243902439,55.0,67.0,968.3719512195122,968.2,968.5,False,52.609756097560975,47.9,56.7,129.20731707317074,1.9658536585365853,3.7,RUS,36585.27777777778,23450.0,38039.166666666664,28553.0,60710.21428571428,41373.0,93376.0,326555.4,5.0,,,,6.0,,,,,,4.75,,,,,,289.375,,,,,,297.0,,,,,,118345.75,,,,,,93376.0,,,0,0,0,2
2022,12,29.0,27.7,29.8,60.74390243902439,55.0,67.0,968.3719512195122,968.2,968.5,False,52.609756097560975,47.9,56.7,129.20731707317074,1.9658536585365853,3.7,SAI,37782.42857142857,23297.0,38421.5,28473.0,63361.72727272727,40830.0,92626.0,313599.75,4.0,,,,5.0,,,,,,4.4,,,,,,260.4,,,,,,299.0,,,,,,108799.2,,,,,,92626.0,,,0,0,0,2
2022,12,29.0,27.7,29.8,60.74390243902439,55.0,67.0,968.3719512195122,968.2,968.5,False,52.609756097560975,47.9,56.7,129.20731707317074,1.9658536585365853,3.7,STR,33095.8,23651.0,35242.25,28777.0,55559.1875,41586.0,94177.0,383435.75,4.0,,,4.0,5.0,,,,,4.75,3.5,,,,,291.75,289.25,,,,,295.0,299.0,,,,,111847.25,120495.75,,,,,94550.0,94177.0,,,0,0,0,2
2022,12,29.0,27.7,29.8,60.74390243902439,55.0,67.0,968.3719512195122,968.2,968.5,False,52.609756097560975,47.9,56.7,129.20731707317074,1.9658536585365853,3.7,TSU,31901.222222222223,23621.0,37893.055555555555,28621.0,57944.125,41490.0,93751.0,410858.49999999977,2.0,,,,3.0,,,,,,5.230769230769231,,,,,,279.2307692307692,,,,,,299.0,,,,,,124624.38461538461,,,,,,93751.0,,,0,0,0,2
2022,12,29.0,27.7,29.8,60.74390243902439,55.0,67.0,968.3719512195122,968.2,968.5,False,52.609756097560975,47.9,56.7,129.20731707317074,1.9658536585365853,3.7,VER,31833.608695652172,23262.0,37011.782608695656,28111.0,49600.36842105263,40899.0,92272.0,384424.0,3.0,,,2.0,4.0,,,,,8.615384615384615,2.6666666666666665,,,,,288.2307692307692,294.3333333333333,,,,,303.0,302.0,,,,,103247.92307692308,111918.66666666667,,,,,92808.0,92272.0,,,0,0,0,2
2022,12,29.0,27.7,29.8,60.74390243902439,55.0,67.0,968.3719512195122,968.2,968.5,False,52.609756097560975,47.9,56.7,129.20731707317074,1.9658536585365853,3.7,VET,32153.909090909092,23715.0,36398.09090909091,28830.0,55925.11111111111,41991.0,94536.0,120107.0,3.0,,,4.0,,,,,,3.5,,,,,,293.5,,,,,,299.0,,,,,,111404.16666666667,,,,,,94536.0,,,,0,0,0,2
2022,12,29.0,27.7,29.8,60.74390243902439,55.0,67.0,968.3719512195122,968.2,968.5,False,52.609756097560975,47.9,56.7,129.20731707317074,1.9658536585365853,3.7,ZHO,34842.36842105263,23601.0,36341.68421052631,28770.0,55114.3125,41507.0,93911.0,227697.25,4.0,,,,5.0,,,,,,4.6,,,,,,288.2,,,,,,295.0,,,,,,110204.5,,,,,,93911.0,,,0,0,0,2
2022,13,19.63658536585366,19.1,20.8,93.85365853658537,92.0,95.0,985.2536585365854,984.7,985.9,True,24.089024390243903,21.9,29.1,260.2073170731707,1.931707317073171,3.2,ALB,39428.13333333333,34373.0,41464.666666666664,38594.0,33432.166666666664,29054.0,102381.0,435518.3333333333,3.0,,4.0,,,,2.0,,4.166666666666667,,,,4.833333333333333,,196.16666666666666,,,,228.33333333333334,,232.0,,,,229.0,,114526.0,,,,107945.0,,102381.0,,,,104919.0,1,0,0,3
2022,13,19.63658536585366,19.1,20.8,93.85365853658537,92.0,95.0,985.2536585365854,984.7,985.9,True,24.089024390243903,21.9,29.1,260.2073170731707,1.931707317073171,3.2,ALO,38645.46153846154,34306.0,42605.8125,39856.0,32491.266666666666,29265.0,103570.0,815614.0,2.0,,3.0,,,,,,8.1,,,,,,214.6,,,,,,236.0,,,,,,109673.2,,,,,,103570.0,,,,,1,0,0,3
2022,13,19.63658536585366,19.1,20.8,93.85365853658537,92.0,95.0,985.2536585365854,984.7,985.9,True,24.089024390243903,21.9,29.1,260.2073170731707,1.931707317073171,3.2,BOT,37600.23529411765,34981.0,42627.45,40045.0,32652.21052631579,29760.0,105930.0,588160.5,2.0,,3.0,,,,1.0,,5.166666666666667,,,,5.5,,200.16666666666666,,,,226.5,,229.0,,,,229.0,,110437.66666666667,,,,109119.0,,105930.0,,,,106927.0,1,0,0,3
2022,13,19.63658536585366,19.1,20.8,93.85365853658537,92.0,95.0,985.2536585365854,984.7,985.9,True,24.089024390243903,21.9,29.1,260.2073170731707,1.931707317073171,3.2,GAS,37514.61538461538,34760.0,44750.470588235294,40425.0,35164.705882352944,30016.0,106091.0,350841.75,4.0,,,,,,2.0,,,,,,5.857142857142857,,,,,,226.57142857142858,,,,,,228.0,,,,,,108333.71428571429,,,,,,106091.0,1,0,0,3
2022,13,19.63658536585366,19.1,20.8,93.85365853658537,92.0,95.0,985.2536585365854,984.7,985.9,True,24.089024390243903,21.9,29.1,260.2073170731707,1.931707317073171,3.2,HAM,35947.71428571428,34273.0,43526.818181818184,40466.0,32927.27272727273,30083.0,104832.0,286925.6666666667,3.0,,4.0,,,,1.0,,6.5,,,,2.0,,230.5,,,,222.0,,232.0,,,,222.0,,106149.0,,,,108063.0,,104832.0,,,,108063.0,1,0,0,3
2022,13,19.63658536585366,19.1,20.8,93.85365853658537,92.0,95.0,985.2536585365854,984.7,985.9,True,24.089024390243903,21.9,29.1,260.2073170731707,1.931707317073171,3.2,LAT,35781.61538461538,33683.0,41704.294117647056,38759.0,32137.75,29038.0,101480.0,401340.0,3.0,,4.0,,,,2.0,,4.5,,,,4.8,,233.75,,,,226.4,,236.0,,,,230.0,,106425.5,,,,108690.8,,101480.0,,,,105914.0,1,0,0,3
2022,13,19.63658536585366,19.1,20.8,93.85365853658537,92.0,95.0,985.2536585365854,984.7,985.9,True,24.089024390243903,21.9,29.1,260.2073170731707,1.931707317073171,3.2,LEC,43294.63636363636,34521.0,42278.153846153844,38931.0,33130.307692307695,28689.0,102141.0,694648.3333333334,3.0,,4.0,,,,1.0,,4.8,,,,2.5,,191.8,,,,228.0,,233.0,,,,228.0,,111106.6,,,,104704.0,,102141.0,,,,103364.0,1,0,0,3
2022,13,19.63658536585366,19.1,20.8,93.85365853658537,92.0,95.0,985.2536585365854,984.7,985.9,True,24.089024390243903,21.9,29.1,260.2073170731707,1.931707317073171,3.2,MAG,40879.25,34790.0,42587.42105263158,40073.0,33381.10526315789,29792.0,104655.0,309091.25,4.0,,5.0,,,,2.0,,4.8,,,,5.833333333333333,,193.6,,,,226.66666666666666,,227.0,,,,229.0,,113835.6,,,,106736.66666666667,,107211.0,,,,104655.0,1,0,0,3
2022,13,19.63658536585366,19.1,20.8,93.85365853658537,92.0,95.0,985.2536585365854,984.7,985.9,True,24.089024390243903,21.9,29.1,260.2073170731707,1.931707317073171,3.2,MSC,40255.38461538462,35155.0,43126.882352941175,40047.0,33273.470588235294,29954.0,105156.0,349360.25,4.0,,5.0,,,,2.0,,5.0,,,,5.2,,160.66666666666666,,,,225.8,,217.0,,,,228.0,,114492.66666666667,,,,106887.2,,112638.0,,,,105156.0,1,0,0,3
2022,13,19.63658536585366,19.1,20.8,93.85365853658537,92.0,95.0,985.2536585365854,984.7,985.9,True,24.089024390243903,21.9,29.1,260.2073170731707,1.931707317073171,3.2,NOR,41663.4,34813.0,41172.07692307692,39281.0,33247.0,29608.0,103743.0,736275.6666666666,3.0,,4.0,,,,2.0,,4.333333333333333,,,,3.5,,167.33333333333334,,,,227.0,,231.0,,,,227.0,,111439.0,,,,105692.0,,103743.0,,,,104635.0,1,0,0,3
2022,13,19.63658536585366,19.1,20.8,93.85365853658537,92.0,95.0,985.2536585365854,984.7,985.9,True,24.089024390243903,21.9,29.1,260.2073170731707,1.931707317073171,3.2,OCO,39674.153846153844,34802.0,41935.1875,40534.0,33178.8125,30225.0,105570.0,502096.0,3.0,,4.0,,,,1.0,,6.428571428571429,,,,3.0,,199.71428571428572,,,,224.33333333333334,,229.0,,,,226.0,,114993.0,,,,108118.66666666667,,105570.0,,,,107510.0,1,0,0,3
2022,13,19.63658536585366,19.1,20.8,93.85365853658537,92.0,95.0,985.2536585365854,984.7,985.9,True,24.089024390243903,21.9,29.1,260.2073170731707,1.931707317073171,3.2,PER,37005.5,35694.0,42575.5,40401.0,34462.8,29892.0,108240.0,402766.0,1.0,,2.0,,,,,,5.285714285714286,,,,,,197.0,,,,,,225.0,,,,,,115056.28571428571,,,,,,108240.0,,,,,1,0,0,3
2022,13,19.63658536585366,19.1,20.8,93.85365853658537,92.0,95.0,985.2536585365854,984.7,985.9,True,24.089024390243903,21.9,29.1,260.2073170731707,1.931707317073171,3.2,RIC,36512.57142857143,34851.0,43028.4,39570.0,34823.5,29627.0,105624.0,768883.6666666666,3.0,,4.0,,,,1.0,,6.0,,,,2.0,,185.0,,,,226.0,,230.0,,,,226.0,,113553.0,,,,105820.0,,105624.0,,,,105820.0,1,0,0,3
2022,13,19.63658536585366,19.1,20.8,93.85365853658537,92.0,95.0,985.2536585365854,984.7,985.9,True,24.089024390243903,21.9,29.1,260.2073170731707,1.931707317073171,3.2,RUS,38497.25,34604.0,42176.61538461538,39659.0,33412.75,29068.0,103434.0,324470.6,5.0,,6.0,,,,1.0,,5.333333333333333,,,,2.0,,232.0,,,,227.0,,237.0,,,,227.0,,113664.33333333333,,,,107703.0,,103434.0,,,,107703.0,1,0,0,3
2022,13,19.63658536585366,19.1,20.8,93.85365853658537,92.0,95.0,985.2536585365854,984.7,985.9,True,24.089024390243903,21.9,29.1,260.2073170731707,1.931707317073171,3.2,SAI,42537.416666666664,34591.0,41662.4,39288.0,32450.214285714286,29095.0,103589.0,679266.3333333334,3.0,,4.0,,,,1.0,,5.2,,,,3.0,,192.2,,,,226.66666666666666,,230.0,,,,229.0,,108078.6,,,,104826.0,,103589.0,,,,104283.0,1,0,0,3
2022,13,19.63658536585366,19.1,20.8,93.85365853658537,92.0,95.0,985.2536585365854,984.7,985.9,True,24.089024390243903,21.9,29.1,260.2073170731707,1.931707317073171,3.2,STR,37333.07692307692,34721.0,43194.529411764706,40157.0,34266.625,29492.0,105638.0,471787.6666666667,3.0,,4.0,,,,1.0,,4.4,,,,3.5,,179.6,,,,222.5,,227.0,,,,224.0,,116320.4,,,,110497.5,,105638.0,,,,105789.0,1,0,0,3
2022,13,19.63658536585366,19.1,20.8,93.85365853658537,92.0,95.0,985.2536585365854,984.7,985.9,True,24.089024390243903,21.9,29.1,260.2073170731707,1.931707317073171,3.2,TSU,39174.833333333336,35019.0,44150.6875,40631.0,34872.375,29920.0,105850.0,386452.24999999994,4.0,,,,,,5.0,,,,,,6.5,,,,,,198.375,,,,,,227.0,,,,,,111840.125,,,,,,105850.0,1,0,0,3
2022,13,19.63658536585366,19.1,20.8,93.85365853658537,92.0,95.0,985.2536585365854,984.7,985.9,True,24.089024390243903,21.9,29.1,260.2073170731707,1.931707317073171,3.2,VER,38449.57142857143,34132.0,41166.88888888889,39913.0,34240.666666666664,29160.0,103205.0,236504.0,1.0,,2.0,,,,,,5.166666666666667,,,,,,200.83333333333334,,,,,,236.0,,,,,,110937.66666666667,,,,,,103205.0,,,,,1,0,0,3
2022,13,19.63658536585366,19.1,20.8,93.85365853658537,92.0,95.0,985.2536585365854,984.7,985.9,True,24.089024390243903,21.9,29.1,260.2073170731707,1.931707317073171,3.2,VET,38705.27272727273,35069.0,42692.230769230766,39448.0,35095.61538461538,29661.0,104178.0,340047.0,3.0,,4.0,,,,2.0,,3.6666666666666665,,,,4.0,,225.33333333333334,,,,226.75,,228.0,,,,230.0,,117510.33333333333,,,,110508.75,,107643.0,,,,104178.0,1,0,0,3
2022,13,19.63658536585366,19.1,20.8,93.85365853658537,92.0,95.0,985.2536585365854,984.7,985.9,True,24.089024390243903,21.9,29.1,260.2073170731707,1.931707317073171,3.2,ZHO,37965.846153846156,35077.0,42545.9375,40207.0,34383.4375,30036.0,105691.0,523641.0,3.0,,4.0,,,,2.0,,3.5,,,,6.0,,140.5,,,,225.5,,227.0,,,,231.0,,116171.0,,,,111236.0,,111584.0,,,,105691.0,1,0,0,3
2022,14,15.439759036144578,15.1,15.7,84.03614457831326,82.0,87.0,968.9951807228916,968.9,969.2,False,20.17590361445783,19.7,20.8,320.3734939759036,1.297590361445783,2.5,ALB,35589.625,30905.0,53584.65,46498.0,33866.0,29365.0,106836.0,440313.3333333335,3.0,,,,4.0,,,,,,6.2727272727272725,,,,,,201.45454545454547,,,,,,226.0,,,,,,116710.45454545454,,,,,,106836.0,,,1,0,0,2
2022,14,15.439759036144578,15.1,15.7,84.03614457831326,82.0,87.0,968.9951807228916,968.9,969.2,False,20.17590361445783,19.7,20.8,320.3734939759036,1.297590361445783,2.5,ALO,36005.61538461538,31058.0,52214.375,45784.0,33522.8125,29219.0,106061.0,703300.0,2.0,1.0,,,3.0,,,4.0,,,5.8,,,214.2,,,185.8,,,215.0,,,225.0,,,111367.2,,,121603.4,,,110403.0,,,106061.0,,,1,0,0,2
2022,14,15.439759036144578,15.1,15.7,84.03614457831326,82.0,87.0,968.9951807228916,968.9,969.2,False,20.17590361445783,19.7,20.8,320.3734939759036,1.297590361445783,2.5,BOT,36532.9375,30928.0,55298.55,46433.0,35041.21052631579,29520.0,106881.0,305681.75,4.0,,,,5.0,,,,,,5.666666666666667,,,,,,193.88888888888889,,,,,,221.0,,,,,,115062.44444444444,,,,,,106881.0,,,1,0,0,2
2022,14,15.439759036144578,15.1,15.7,84.03614457831326,82.0,87.0,968.9951807228916,968.9,969.2,False,20.17590361445783,19.7,20.8,320.3734939759036,1.297590361445783,2.5,GAS,37423.125,31143.0,53944.78947368421,46021.0,34046.21052631579,29395.0,106604.0,396665.0,4.0,,,2.0,5.0,,,,,20.0,2.75,,,,,210.0,180.75,,,,,212.0,223.0,,,,,116465.57142857143,115585.0,,,,,112246.0,106604.0,,,1,0,0,2
2022,14,15.439759036144578,15.1,15.7,84.03614457831326,82.0,87.0,968.9951807228916,968.9,969.2,False,20.17590361445783,19.7,20.8,320.3734939759036,1.297590361445783,2.5,HAM,36385.75,31105.0,52056.21052631579,46180.0,33471.36842105263,29484.0,106769.0,507916.0,3.0,,,,4.0,,,,,,8.0,,,,,,200.72727272727272,,,,,,220.0,,,,,,113074.36363636363,,,,,,106769.0,,,1,0,0,2
2022,14,15.439759036144578,15.1,15.7,84.03614457831326,82.0,87.0,968.9951807228916,968.9,969.2,False,20.17590361445783,19.7,20.8,320.3734939759036,1.297590361445783,2.5,LAT,35277.6875,30888.0,54116.73684210526,46530.0,33013.57894736842,29383.0,106811.0,461415.3333333333,3.0,,,,4.0,,,,,,7.333333333333333,,,,,,201.66666666666666,,,,,,221.0,,,,,,118108.58333333333,,,,,,106811.0,,,1,0,0,2
2022,14,15.439759036144578,15.1,15.7,84.03614457831326,82.0,87.0,968.9951807228916,968.9,969.2,False,20.17590361445783,19.7,20.8,320.3734939759036,1.297590361445783,2.5,LEC,42305.555555555555,31379.0,59626.454545454544,45203.0,36769.72727272727,29473.0,106120.0,439342.0,2.0,,,,3.0,,,,,,3.75,,,,,,168.5,,,,,,216.0,,,,,,116358.5,,,,,,106120.0,,,1,0,0,2
2022,14,15.439759036144578,15.1,15.7,84.03614457831326,82.0,87.0,968.9951807228916,968.9,969.2,False,20.17590361445783,19.7,20.8,320.3734939759036,1.297590361445783,2.5,MAG,37739.0,31357.0,58746.846153846156,45949.0,38291.692307692305,29676.0,106982.0,303132.3333333332,3.0,,,,4.0,,,,,,3.75,,,,,,213.75,,,,,,219.0,,,,,,112799.5,,,,,,106982.0,,,1,0,0,2
2022,14,15.439759036144578,15.1,15.7,84.03614457831326,82.0,87.0,968.9951807228916,968.9,969.2,False,20.17590361445783,19.7,20.8,320.3734939759036,1.297590361445783,2.5,MSC,32541.4,32418.999999999996,51415.5,49462.0,32470.666666666668,30447.0,112494.0,,,,,1.0,,,,,,3.5,,,,,,209.75,,,,,,211.0,,,,,,113742.75,,,,,,112494.0,,,,1,0,0,2
2022,14,15.439759036144578,15.1,15.7,84.03614457831326,82.0,87.0,968.9951807228916,968.9,969.2,False,20.17590361445783,19.7,20.8,320.3734939759036,1.297590361445783,2.5,NOR,35410.9375,30930.0,54290.1,45726.0,34549.0,29309.0,105965.0,357445.5,4.0,1.0,,3.0,5.0,,,3.0,,9.4,4.0,,,210.0,,211.2,139.0,,,211.0,,216.0,221.0,,,115576.0,,116000.0,120651.0,,,112209.0,,109813.0,105965.0,,,1,0,0,2
2022,14,15.439759036144578,15.1,15.7,84.03614457831326,82.0,87.0,968.9951807228916,968.9,969.2,False,20.17590361445783,19.7,20.8,320.3734939759036,1.297590361445783,2.5,OCO,34447.666666666664,31029.0,50403.916666666664,46228.0,32109.333333333332,29344.0,106601.0,591692.5,2.0,1.0,,,3.0,,,6.0,,,7.333333333333333,,,211.77777777777777,,,195.33333333333334,,,213.0,,,221.0,,,111906.44444444444,,,116021.88888888889,,,111201.0,,,106601.0,,,1,0,0,2
2022,14,15.439759036144578,15.1,15.7,84.03614457831326,82.0,87.0,968.9951807228916,968.9,969.2,False,20.17590361445783,19.7,20.8,320.3734939759036,1.297590361445783,2.5,PER,37167.5,30918.0,57731.57894736842,45070.0,35646.94736842105,29059.0,105047.0,742977.5,2.0,,,,3.0,,,,,,6.111111111111111,,,,,,213.11111111111111,,,,,,223.0,,,,,,109864.66666666667,,,,,,105047.0,,,1,0,0,2
2022,14,15.439759036144578,15.1,15.7,84.03614457831326,82.0,87.0,968.9951807228916,968.9,969.2,False,20.17590361445783,19.7,20.8,320.3734939759036,1.297590361445783,2.5,RIC,36128.26666666667,31235.0,51501.833333333336,45718.0,34528.88888888889,29607.0,106646.0,576889.6666666666,3.0,2.0,,,4.0,,,3.0,,,7.0,,,212.6,,,182.8,,,215.0,,,220.0,,,115044.8,,,115192.8,,,111135.0,,,106646.0,,,1,0,0,2
2022,14,15.439759036144578,15.1,15.7,84.03614457831326,82.0,87.0,968.9951807228916,968.9,969.2,False,20.17590361445783,19.7,20.8,320.3734939759036,1.297590361445783,2.5,RUS,35736.066666666666,31232.0,54030.31578947369,45400.0,33750.833333333336,29439.0,106071.0,404781.6666666667,3.0,,,,4.0,,,,,,9.8,,,,,,199.3,,,,,,223.0,,,,,,116289.6,,,,,,106071.0,,,1,0,0,2
2022,14,15.439759036144578,15.1,15.7,84.03614457831326,82.0,87.0,968.9951807228916,968.9,969.2,False,20.17590361445783,19.7,20.8,320.3734939759036,1.297590361445783,2.5,SAI,40578.0,31218.0,55326.846153846156,45156.0,35715.92307692308,29450.0,105824.0,430170.0,2.0,,,,3.0,,,,,,4.333333333333333,,,,,,190.66666666666666,,,,,,218.0,,,,,,113005.16666666667,,,,,,105824.0,,,1,0,0,2
2022,14,15.439759036144578,15.1,15.7,84.03614457831326,82.0,87.0,968.9951807228916,968.9,969.2,False,20.17590361445783,19.7,20.8,320.3734939759036,1.297590361445783,2.5,STR,39311.333333333336,31203.0,53505.9375,46039.0,37487.46666666667,29512.0,106975.0,376783.4,5.0,,,,6.0,,,,,,4.6,,,,,,188.8,,,,,,221.0,,,,,,113639.8,,,,,,106975.0,,,1,0,0,2
2022,14,15.439759036144578,15.1,15.7,84.03614457831326,82.0,87.0,968.9951807228916,968.9,969.2,False,20.17590361445783,19.7,20.8,320.3734939759036,1.297590361445783,2.5,TSU,35012.45,31205.0,53242.782608695656,45962.0,32994.95652173913,29559.0,107035.0,532672.0,2.0,,,,3.0,,,,,,8.933333333333334,,,,,,213.26666666666668,,,,,,223.0,,,,,,113322.46666666666,,,,,,107035.0,,,1,0,0,2
2022,14,15.439759036144578,15.1,15.7,84.03614457831326,82.0,87.0,968.9951807228916,968.9,969.2,False,20.17590361445783,19.7,20.8,320.3734939759036,1.297590361445783,2.5,VER,36389.2,30993.0,51644.0,44997.0,33699.61111111111,29018.0,105184.0,494153.6666666667,3.0,,,,4.0,,,,,,6.636363636363637,,,,,,200.1818181818182,,,,,,222.0,,,,,,112864.27272727272,,,,,,105184.0,,,1,0,0,2
2022,14,15.439759036144578,15.1,15.7,84.03614457831326,82.0,87.0,968.9951807228916,968.9,969.2,False,20.17590361445783,19.7,20.8,320.3734939759036,1.297590361445783,2.5,VET,38041.642857142855,31046.0,55300.27777777778,45838.0,36415.82352941176,29282.0,106166.0,424833.5,4.0,,,,5.0,,,,,,8.428571428571429,,,,,,217.71428571428572,,,,,,221.0,,,,,,113339.42857142857,,,,,,106166.0,,,1,0,0,2
2022,14,15.439759036144578,15.1,15.7,84.03614457831326,82.0,87.0,968.9951807228916,968.9,969.2,False,20.17590361445783,19.7,20.8,320.3734939759036,1.297590361445783,2.5,ZHO,38379.066666666666,31172.0,54040.26315789474,46281.0,35630.42105263158,29636.0,107089.0,323368.0,4.0,,,,5.0,,,,,,5.6,,,,,,188.8,,,,,,223.0,,,,,,120654.8,,,,,,107089.0,,,1,0,0,2
2022,15,23.77590361445783,22.6,25.0,37.8433734939759,35.0,41.0,1010.4156626506024,1010.2,1010.7,False,31.420481927710846,27.7,34.3,202.26506024096386,1.7,3.9,ALB,30549.866666666665,24851.0,31157.38888888889,25765.0,27174.666666666668,22019.0,72775.0,660598.5,2.0,,,,3.0,,,,,,5.0,,,,,,279.1666666666667,,,,,,316.0,,,,,,87759.5,,,,,,72775.0,,,0,0,0,1
2022,15,23.77590361445783,22.6,25.0,37.8433734939759,35.0,41.0,1010.4156626506024,1010.2,1010.7,False,31.420481927710846,27.7,34.3,202.26506024096386,1.7,3.9,ALO,30539.30769230769,24907.0,31303.4375,25233.0,27233.5,22187.0,72327.0,569886.0,2.0,,,1.0,3.0,,,,,4.0,4.8,,,,,312.2,262.4,,,,,314.0,314.0,,,,,83850.4,86819.0,,,,,73762.0,72327.0,,,0,0,0,1
2022,15,23.77590361445783,22.6,25.0,37.8433734939759,35.0,41.0,1010.4156626506024,1010.2,1010.7,False,31.420481927710846,27.7,34.3,202.26506024096386,1.7,3.9,BOT,32560.46153846154,25437.0,32817.46666666667,25665.0,28122.333333333332,22195.0,73359.0,1157472.0,1.0,,,1.0,2.0,,,,,4.0,4.5,,,,,306.4,242.33333333333334,,,,,310.0,310.0,,,,,85509.2,93310.5,,,,,74718.0,73359.0,,,0,0,0,1
2022,15,23.77590361445783,22.6,25.0,37.8433734939759,35.0,41.0,1010.4156626506024,1010.2,1010.7,False,31.420481927710846,27.7,34.3,202.26506024096386,1.7,3.9,GAS,36204.0,25216.0,33637.65217391304,25551.0,28651.521739130436,22279.0,73046.0,499038.3333333333,3.0,,,3.0,4.0,,,,,5.5,6.0,,,,,306.625,254.88888888888889,,,,,310.0,311.0,,,,,90384.875,100485.11111111111,,,,,74470.0,73046.0,,,0,0,0,1
2022,15,23.77590361445783,22.6,25.0,37.8433734939759,35.0,41.0,1010.4156626506024,1010.2,1010.7,False,31.420481927710846,27.7,34.3,202.26506024096386,1.7,3.9,HAM,33941.19047619047,24808.0,32233.96,25240.0,27750.36,22108.0,72156.0,196463.9999999999,5.0,,,,6.0,,,,,,9.0,,,,,,279.8666666666667,,,,,,315.0,,,,,,87756.2,,,,,,72156.0,,,0,0,0,1
2022,15,23.77590361445783,22.6,25.0,37.8433734939759,35.0,41.0,1010.4156626506024,1010.2,1010.7,False,31.420481927710846,27.7,34.3,202.26506024096386,1.7,3.9,LAT,32397.473684210527,24926.0,31704.090909090908,26125.0,27966.31818181818,22455.0,73625.0,481381.5,2.0,,,,3.0,,,,,,5.6875,,,,,,284.8125,,,,,,316.0,,,,,,90081.0,,,,,,73625.0,,,0,0,0,1
2022,15,23.77590361445783,22.6,25.0,37.8433734939759,35.0,41.0,1010.4156626506024,1010.2,1010.7,False,31.420481927710846,27.7,34.3,202.26506024096386,1.7,3.9,LEC,33900.05882352941,24644.0,29868.65,25022.0,27448.8,21966.0,71632.0,348593.0,4.0,,,,5.0,,,,,,6.166666666666667,,,,,,281.4166666666667,,,,,,313.0,,,,,,89748.41666666667,,,,,,71632.0,,,0,0,0,1
2022,15,23.77590361445783,22.6,25.0,37.8433734939759,35.0,41.0,1010.4156626506024,1010.2,1010.7,False,31.420481927710846,27.7,34.3,202.26506024096386,1.7,3.9,MAG,36217.153846153844,24794.0,33612.933333333334,25628.0,28620.0,22178.0,72606.0,804465.5,2.0,,,,3.0,,,,,,4.1,,,,,,271.5,,,,,,320.0,,,,,,96478.9,,,,,,72606.0,,,0,0,0,1
2022,15,23.77590361445783,22.6,25.0,37.8433734939759,35.0,41.0,1010.4156626506024,1010.2,1010.7,False,31.420481927710846,27.7,34.3,202.26506024096386,1.7,3.9,MSC,33485.846153846156,24933.0,34485.86666666667,25356.0,33414.26666666667,22269.0,72558.0,793454.0,2.0,,,,3.0,,,,,,4.1,,,,,,259.4,,,,,,314.0,,,,,,98988.6,,,,,,72558.0,,,0,0,0,1
2022,15,23.77590361445783,22.6,25.0,37.8433734939759,35.0,41.0,1010.4156626506024,1010.2,1010.7,False,31.420481927710846,27.7,34.3,202.26506024096386,1.7,3.9,NOR,29602.066666666666,25049.0,28861.5,25391.0,28761.5,22151.0,72591.0,514024.6666666667,3.0,,,2.0,4.0,,,,,6.111111111111111,3.5,,,,,296.1111111111111,197.0,,,,,309.0,307.0,,,,,82596.44444444444,104351.5,,,,,73975.0,72591.0,,,0,0,0,1
2022,15,23.77590361445783,22.6,25.0,37.8433734939759,35.0,41.0,1010.4156626506024,1010.2,1010.7,False,31.420481927710846,27.7,34.3,202.26506024096386,1.7,3.9,OCO,30655.470588235294,25329.0,31051.35,25427.0,27487.25,22164.0,73003.0,697840.5,2.0,,,1.0,3.0,,,,,6.0,4.4,,,,,309.8888888888889,233.4,,,,,313.0,312.0,,,,,85768.33333333333,96309.6,,,,,74406.0,73003.0,,,0,0,0,1
2022,15,23.77590361445783,22.6,25.0,37.8433734939759,35.0,41.0,1010.4156626506024,1010.2,1010.7,False,31.420481927710846,27.7,34.3,202.26506024096386,1.7,3.9,PER,33632.692307692305,24565.0,32463.137931034482,25334.0,27137.103448275862,22144.0,72176.0,295090.5,4.0,,,,5.0,,,,,,10.666666666666666,,,,,,280.5238095238095,,,,,,320.0,,,,,,89983.38095238095,,,,,,72176.0,,,0,0,0,1
2022,15,23.77590361445783,22.6,25.0,37.8433734939759,35.0,41.0,1010.4156626506024,1010.2,1010.7,False,31.420481927710846,27.7,34.3,202.26506024096386,1.7,3.9,RIC,31652.29411764706,25224.0,30809.7,25787.0,29025.65,22288.0,73299.0,387383.6666666667,3.0,,,2.0,4.0,,,,,6.25,4.4,,,,,301.375,233.8,,,,,307.0,308.0,,,,,87980.0,92367.8,,,,,75030.0,73299.0,,,0,0,0,1
2022,15,23.77590361445783,22.6,25.0,37.8433734939759,35.0,41.0,1010.4156626506024,1010.2,1010.7,False,31.420481927710846,27.7,34.3,202.26506024096386,1.7,3.9,RUS,31849.0,24657.0,30465.083333333332,25187.0,28367.0,21854.0,71698.0,182371.0,6.0,,,,7.0,,,,,,8.642857142857142,,,,,,273.2142857142857,,,,,,312.0,,,,,,86211.78571428571,,,,,,71698.0,,,0,0,0,1
2022,15,23.77590361445783,22.6,25.0,37.8433734939759,35.0,41.0,1010.4156626506024,1010.2,1010.7,False,31.420481927710846,27.7,34.3,202.26506024096386,1.7,3.9,SAI,35755.42857142857,24737.0,31583.58823529412,25179.0,30735.235294117647,22055.0,71971.0,410174.25,4.0,,,,5.0,,,,,,5.0,,,,,,265.55555555555554,,,,,,310.0,,,,,,100553.11111111111,,,,,,71971.0,,,0,0,0,1
2022,15,23.77590361445783,22.6,25.0,37.8433734939759,35.0,41.0,1010.4156626506024,1010.2,1010.7,False,31.420481927710846,27.7,34.3,202.26506024096386,1.7,3.9,STR,36135.57142857143,24674.0,31253.777777777777,25532.0,28370.5,22403.0,72773.0,425624.8,5.0,,,,6.0,,,,,,4.111111111111111,,,,,,255.55555555555554,,,,,,311.0,,,,,,93973.22222222222,,,,,,72773.0,,,0,0,0,1
2022,15,23.77590361445783,22.6,25.0,37.8433734939759,35.0,41.0,1010.4156626506024,1010.2,1010.7,False,31.420481927710846,27.7,34.3,202.26506024096386,1.7,3.9,TSU,34295.73684210526,25187.0,32157.045454545456,25443.0,26795.363636363636,22415.0,73256.0,542746.3333333334,3.0,,,3.0,4.0,,,,,5.0,6.0,,,,,307.42857142857144,260.22222222222223,,,,,310.0,312.0,,,,,86063.0,93045.77777777778,,,,,74516.0,73256.0,,,0,0,0,1
2022,15,23.77590361445783,22.6,25.0,37.8433734939759,35.0,41.0,1010.4156626506024,1010.2,1010.7,False,31.420481927710846,27.7,34.3,202.26506024096386,1.7,3.9,VER,29760.42105263158,24580.0,30822.0,25179.0,24962.363636363636,21804.0,71793.0,496867.5,2.0,,,,3.0,,,,,,7.5,,,,,,294.0,,,,,,317.0,,,,,,85305.375,,,,,,71793.0,,,0,0,0,1
2022,15,23.77590361445783,22.6,25.0,37.8433734939759,35.0,41.0,1010.4156626506024,1010.2,1010.7,False,31.420481927710846,27.7,34.3,202.26506024096386,1.7,3.9,VET,32986.380952380954,24657.0,31206.84,25605.0,29273.72,22229.0,72491.0,321566.6,5.0,,,,6.0,,,,,,5.8125,,,,,,262.1875,,,,,,312.0,,,,,,93847.4375,,,,,,72491.0,,,0,0,0,1
2022,15,23.77590361445783,22.6,25.0,37.8433734939759,35.0,41.0,1010.4156626506024,1010.2,1010.7,False,31.420481927710846,27.7,34.3,202.26506024096386,1.7,3.9,ZHO,31176.0,25515.0,32029.5,25457.0,30708.14285714286,22404.0,73421.0,588036.5,2.0,,,1.0,3.0,,,,,3.0,4.4,,,,,305.3333333333333,257.2,,,,,306.0,311.0,,,,,87387.33333333333,96591.2,,,,,75614.0,73421.0,,,0,0,0,1
2022,16,25.912345679012347,25.3,26.8,41.28395061728395,39.0,45.0,992.453086419753,992.2,992.9,False,40.88765432098766,38.9,42.5,179.91358024691357,1.2259259259259259,2.9,ALO,33505.42857142857,27201.0,33716.58823529412,27762.0,34703.705882352944,27188.0,82306.0,620144.0,2.0,,,1.0,3.0,,,,,4.5,5.6,,,,,297.1666666666667,254.4,,,,,304.0,306.0,,,,,96380.0,95818.6,,,,,83196.0,82306.0,,,0,0,0,1
2022,16,25.912345679012347,25.3,26.8,41.28395061728395,39.0,45.0,992.453086419753,992.2,992.9,False,40.88765432098766,38.9,42.5,179.91358024691357,1.2259259259259259,2.9,BOT,31973.409090909092,27236.0,31592.5,28027.0,32976.307692307695,27687.0,82950.0,453027.3333333333,3.0,,,,4.0,,,,,,8.61111111111111,,,,,,285.0,,,,,,307.0,,,,,,92809.05555555556,,,,,,82950.0,,,0,0,0,1
2022,16,25.912345679012347,25.3,26.8,41.28395061728395,39.0,45.0,992.453086419753,992.2,992.9,False,40.88765432098766,38.9,42.5,179.91358024691357,1.2259259259259259,2.9,DEV,36488.73684210526,27088.0,32925.80952380953,28164.0,32853.380952380954,27617.0,82869.0,122855.66666666667,3.0,,,1.0,4.0,,,,,5.5,5.285714285714286,,,,,302.625,266.7142857142857,,,,,304.0,309.0,,,,,97405.25,100601.57142857143,,,,,84708.0,82869.0,,,0,0,0,1
2022,16,25.912345679012347,25.3,26.8,41.28395061728395,39.0,45.0,992.453086419753,992.2,992.9,False,40.88765432098766,38.9,42.5,179.91358024691357,1.2259259259259259,2.9,GAS,36809.76470588235,27241.0,36461.28571428572,27872.0,33395.57142857143,27522.0,82755.0,523536.6666666667,3.0,,,2.0,4.0,,,,,5.0,5.285714285714286,,,,,301.85714285714283,255.28571428571428,,,,,305.0,305.0,,,,,103418.0,108222.57142857143,,,,,83315.0,82755.0,,,0,0,0,1
2022,16,25.912345679012347,25.3,26.8,41.28395061728395,39.0,45.0,992.453086419753,992.2,992.9,False,40.88765432098766,38.9,42.5,179.91358024691357,1.2259259259259259,2.9,HAM,35407.27777777778,27318.0,33825.318181818184,27865.0,32662.363636363636,27384.0,82567.0,256888.0,4.0,,,2.0,5.0,,,,,6.333333333333333,5.0,,,,,303.77777777777777,259.75,,,,,307.0,308.0,,,,,96344.77777777778,97068.75,,,,,83340.0,82567.0,,,0,0,0,1
2022,16,25.912345679012347,25.3,26.8,41.28395061728395,39.0,45.0,992.453086419753,992.2,992.9,False,40.88765432098766,38.9,42.5,179.91358024691357,1.2259259259259259,2.9,LAT,36951.625,27120.0,35985.78947368421,27919.0,33964.52631578947,27598.0,82776.0,222876.0,3.0,,,,4.0,,,,,,4.833333333333333,,,,,,289.3333333333333,,,,,,312.0,,,,,,102572.0,,,,,,82776.0,,,0,0,0,1
2022,16,25.912345679012347,25.3,26.8,41.28395061728395,39.0,45.0,992.453086419753,992.2,992.9,False,40.88765432098766,38.9,42.5,179.91358024691357,1.2259259259259259,2.9,LEC,38731.666666666664,27077.0,35435.6,27409.0,36358.73333333333,26996.0,81599.0,474639.6666666667,3.0,,,1.0,4.0,,,,,3.0,6.0,,,,,306.0,249.75,,,,,307.0,309.0,,,,,101123.0,106337.75,,,,,81944.0,81599.0,,,0,0,0,1
2022,16,25.912345679012347,25.3,26.8,41.28395061728395,39.0,45.0,992.453086419753,992.2,992.9,False,40.88765432098766,38.9,42.5,179.91358024691357,1.2259259259259259,2.9,MAG,33863.73333333333,27420.0,33588.0,28200.0,32900.64705882353,27583.0,83203.0,655671.5,2.0,1.0,,,3.0,,,5.0,,,4.0,,,295.14285714285717,,,265.4,,,297.0,,,303.0,,,88290.42857142857,,,102214.2,,,87544.0,,,83203.0,,,0,0,0,1
2022,16,25.912345679012347,25.3,26.8,41.28395061728395,39.0,45.0,992.453086419753,992.2,992.9,False,40.88765432098766,38.9,42.5,179.91358024691357,1.2259259259259259,2.9,MSC,36164.0,27659.0,35094.25,27976.0,33296.5,27757.0,83392.0,,,,,,1.0,,,,,,4.5,,,,,,269.6666666666667,,,,,,302.0,,,,,,101567.66666666667,,,,,,83392.0,,,0,0,0,1
2022,16,25.912345679012347,25.3,26.8,41.28395061728395,39.0,45.0,992.453086419753,992.2,992.9,False,40.88765432098766,38.9,42.5,179.91358024691357,1.2259259259259259,2.9,NOR,32331.3125,27141.0,33376.31578947369,27995.0,32543.684210526317,27183.0,82319.0,573345.5,2.0,,,1.0,3.0,,,,,5.0,5.5,,,,,302.85714285714283,263.5,,,,,306.0,307.0,,,,,92401.28571428571,100806.66666666667,,,,,83451.0,82319.0,,,0,0,0,1
2022,16,25.912345679012347,25.3,26.8,41.28395061728395,39.0,45.0,992.453086419753,992.2,992.9,False,40.88765432098766,38.9,42.5,179.91358024691357,1.2259259259259259,2.9,OCO,33429.28571428572,27196.0,32984.529411764706,27847.0,33259.82352941176,27463.0,82506.0,448876.49999999977,2.0,,,1.0,3.0,,,,,4.5,4.8,,,,,303.1666666666667,258.4,,,,,306.0,307.0,,,,,95519.33333333333,96080.6,,,,,83526.0,82506.0,,,0,0,0,1
2022,16,25.912345679012347,25.3,26.8,41.28395061728395,39.0,45.0,992.453086419753,992.2,992.9,False,40.88765432098766,38.9,42.5,179.91358024691357,1.2259259259259259,2.9,PER,33881.434782608696,27260.0,33128.192307692305,27543.0,31878.76923076923,26989.0,81848.0,455451.3333333333,3.0,,,2.0,4.0,,,,,8.666666666666666,5.857142857142857,,,,,299.4166666666667,265.57142857142856,,,,,305.0,309.0,,,,,91754.33333333333,104814.14285714286,,,,,82148.0,81848.0,,,0,0,0,1
2022,16,25.912345679012347,25.3,26.8,41.28395061728395,39.0,45.0,992.453086419753,992.2,992.9,False,40.88765432098766,38.9,42.5,179.91358024691357,1.2259259259259259,2.9,RIC,33557.5,27322.0,33992.36842105263,28044.0,34250.26315789474,27373.0,82871.0,430275.0,2.0,,,1.0,3.0,,,,,5.0,4.833333333333333,,,,,301.42857142857144,263.6666666666667,,,,,304.0,306.0,,,,,96272.14285714286,104128.83333333333,,,,,83627.0,82871.0,,,0,0,0,1
2022,16,25.912345679012347,25.3,26.8,41.28395061728395,39.0,45.0,992.453086419753,992.2,992.9,False,40.88765432098766,38.9,42.5,179.91358024691357,1.2259259259259259,2.9,RUS,34461.0,27258.0,33350.333333333336,27808.0,33655.125,27257.0,82357.0,260716.33333333334,3.0,,,2.0,4.0,,,,,6.222222222222222,6.714285714285714,,,,,304.1111111111111,257.2857142857143,,,,,307.0,308.0,,,,,84793.55555555556,104033.0,,,,,83876.0,82357.0,,,0,0,0,1
2022,16,25.912345679012347,25.3,26.8,41.28395061728395,39.0,45.0,992.453086419753,992.2,992.9,False,40.88765432098766,38.9,42.5,179.91358024691357,1.2259259259259259,2.9,SAI,34618.307692307695,27186.0,35628.94117647059,27607.0,35026.705882352944,27104.0,81897.0,435753.6666666667,3.0,,,2.0,4.0,,,,,3.6666666666666665,6.4,,,,,303.6666666666667,267.4,,,,,305.0,309.0,,,,,95762.66666666667,91805.0,,,,,82653.0,81897.0,,,0,0,0,1
2022,16,25.912345679012347,25.3,26.8,41.28395061728395,39.0,45.0,992.453086419753,992.2,992.9,False,40.88765432098766,38.9,42.5,179.91358024691357,1.2259259259259259,2.9,STR,39806.846153846156,27626.0,36301.9375,28200.0,34058.933333333334,27830.0,83739.0,542889.25,4.0,,,,5.0,,,,,,3.7777777777777777,,,,,,279.3333333333333,,,,,,306.0,,,,,,108799.88888888889,,,,,,83739.0,,,0,0,0,1
2022,16,25.912345679012347,25.3,26.8,41.28395061728395,39.0,45.0,992.453086419753,992.2,992.9,False,40.88765432098766,38.9,42.5,179.91358024691357,1.2259259259259259,2.9,TSU,31987.91304347826,27228.0,34287.18518518518,27793.0,32259.962962962964,27409.0,82430.0,394984.0,3.0,3.0,,,4.0,,,9.642857142857142,,,4.5,,,300.2857142857143,,,252.16666666666666,,,305.0,,,307.0,,,90466.14285714286,,,106991.66666666667,,,83533.0,,,82430.0,,,0,0,0,1
2022,16,25.912345679012347,25.3,26.8,41.28395061728395,39.0,45.0,992.453086419753,992.2,992.9,False,40.88765432098766,38.9,42.5,179.91358024691357,1.2259259259259259,2.9,VER,35229.5,27070.0,33397.63157894737,27249.0,33354.36842105263,26933.0,81252.0,358715.6666666667,3.0,,,2.0,3.0,,,,,6.75,3.6666666666666665,,,,,291.5,304.3333333333333,,,,,305.0,305.0,,,,,91541.75,95027.66666666667,,,,,81872.0,81252.0,,,0,0,0,1
2022,16,25.912345679012347,25.3,26.8,41.28395061728395,39.0,45.0,992.453086419753,992.2,992.9,False,40.88765432098766,38.9,42.5,179.91358024691357,1.2259259259259259,2.9,VET,38428.82352941176,27331.0,34046.65,28000.0,34754.47368421053,27773.0,83104.0,361180.0,5.0,,,,6.0,,,,,,4.916666666666667,,,,,,273.5,,,,,,307.0,,,,,,102693.0,,,,,,83104.0,,,0,0,0,1
2022,16,25.912345679012347,25.3,26.8,41.28395061728395,39.0,45.0,992.453086419753,992.2,992.9,False,40.88765432098766,38.9,42.5,179.91358024691357,1.2259259259259259,2.9,ZHO,37878.63636363636,27129.0,33021.5,27974.0,37230.42857142857,27554.0,82657.0,376080.0,3.0,,,,4.0,,,,,,3.7142857142857144,,,,,,268.0,,,,,,308.0,,,,,,100853.28571428571,,,,,,82657.0,,,0,0,0,1
2022,17,26.0144578313253,25.8,26.4,87.8433734939759,85.0,91.0,1007.3722891566264,1007.0,1007.7,True,28.809638554216864,27.8,29.4,67.20481927710843,0.9,2.0,ALB,38281.916666666664,31407.0,52128.92307692308,48458.0,48566.0,42042.0,121907.0,39252.0,1.0,,2.0,,,,1.0,,5.0,,,,2.5,,208.71428571428572,,,,227.0,,237.0,,,,228.0,,130902.57142857143,,,,131216.5,,121907.0,,,,130592.00000000001,0,0,0,5
2022,17,26.0144578313253,25.8,26.4,87.8433734939759,85.0,91.0,1007.3722891566264,1007.0,1007.7,True,28.809638554216864,27.8,29.4,67.20481927710843,0.9,2.0,ALO,36790.875,30876.0,50461.666666666664,47166.0,47073.77777777778,41387.0,119429.0,,,,1.0,,,,,,4.5,,,,,,237.83333333333334,,,,,,239.0,,,,,,124470.66666666667,,,,,,119429.0,,,,,0,0,0,5
2022,17,26.0144578313253,25.8,26.4,87.8433734939759,85.0,91.0,1007.3722891566264,1007.0,1007.7,True,28.809638554216864,27.8,29.4,67.20481927710843,0.9,2.0,BOT,37836.2,31891.0,56039.72727272727,47756.0,49666.09090909091,42419.0,122066.0,32834.0,1.0,,2.0,,,,1.0,,4.25,,,,2.0,,225.0,,,,209.0,,233.0,,,,209.0,,125686.75,,,,135554.0,,122066.0,,,,135554.0,0,0,0,5
2022,17,26.0144578313253,25.8,26.4,87.8433734939759,85.0,91.0,1007.3722891566264,1007.0,1007.7,True,28.809638554216864,27.8,29.4,67.20481927710843,0.9,2.0,GAS,37326.71428571428,31276.0,51420.933333333334,47447.0,48970.26666666667,42092.0,121245.0,35890.0,1.0,,2.0,,,,1.0,,6.111111111111111,,,,2.0,,215.33333333333334,,,,224.0,,239.0,,,,224.0,,129825.44444444444,,,,129894.0,,121245.0,,,,129894.0,0,0,0,5
2022,17,26.0144578313253,25.8,26.4,87.8433734939759,85.0,91.0,1007.3722891566264,1007.0,1007.7,True,28.809638554216864,27.8,29.4,67.20481927710843,0.9,2.0,HAM,38184.333333333336,30939.0,52258.375,47690.0,49399.875,41740.0,121220.0,713148.0,1.0,,2.0,,,,,,4.0,,,,,,198.4,,,,,,238.0,,,,,,129008.8,,,,,,121220.0,,,,,0,0,0,5
2022,17,26.0144578313253,25.8,26.4,87.8433734939759,85.0,91.0,1007.3722891566264,1007.0,1007.7,True,28.809638554216864,27.8,29.4,67.20481927710843,0.9,2.0,LAT,37816.625,31860.0,57822.5,49270.0,50440.2,42370.0,123510.0,303817.0,1.0,,2.0,,,,1.0,,3.5,,,,2.0,,231.25,,,,216.0,,234.0,,,,216.0,,129707.5,,,,138466.0,,123510.0,,,,138466.0,0,0,0,5
2022,17,26.0144578313253,25.8,26.4,87.8433734939759,85.0,91.0,1007.3722891566264,1007.0,1007.7,True,28.809638554216864,27.8,29.4,67.20481927710843,0.9,2.0,LEC,36640.6,30606.0,49922.454545454544,46280.0,47861.63636363636,40509.0,117782.0,,,,1.0,,,,,,6.0,,,,,,204.125,,,,,,241.0,,,,,,127224.0,,,,,,117782.0,,,,,0,0,0,5
2022,17,26.0144578313253,25.8,26.4,87.8433734939759,85.0,91.0,1007.3722891566264,1007.0,1007.7,True,28.809638554216864,27.8,29.4,67.20481927710843,0.9,2.0,MAG,38840.583333333336,31504.0,53975.846153846156,47778.0,49470.846153846156,41601.0,121089.0,37521.0,1.0,,2.0,,,,1.0,,3.75,,,,3.0,,236.0,,,,225.0,,238.0,,,,227.0,,122110.25,,,,131152.0,,121089.0,,,,128169.99999999999,0,0,0,5
2022,17,26.0144578313253,25.8,26.4,87.8433734939759,85.0,91.0,1007.3722891566264,1007.0,1007.7,True,28.809638554216864,27.8,29.4,67.20481927710843,0.9,2.0,MSC,35421.454545454544,31166.0,52199.153846153844,47579.0,47558.53846153846,41936.0,121502.0,78479.0,1.0,,2.0,,,,1.0,,4.5,,,,2.5,,224.33333333333334,,,,225.5,,236.0,,,,227.0,,126369.83333333333,,,,130386.0,,121502.0,,,,129388.0,0,0,0,5
2022,17,26.0144578313253,25.8,26.4,87.8433734939759,85.0,91.0,1007.3722891566264,1007.0,1007.7,True,28.809638554216864,27.8,29.4,67.20481927710843,0.9,2.0,NOR,37653.083333333336,31564.0,50716.61538461538,48000.0,47597.083333333336,42227.0,121791.0,32087.0,1.0,,2.0,,,,1.0,,5.0,,,,2.0,,232.42857142857142,,,,218.0,,235.0,,,,218.0,,126084.42857142857,,,,129642.0,,121791.0,,,,129642.0,0,0,0,5
2022,17,26.0144578313253,25.8,26.4,87.8433734939759,85.0,91.0,1007.3722891566264,1007.0,1007.7,True,28.809638554216864,27.8,29.4,67.20481927710843,0.9,2.0,OCO,36651.0,31419.0,50316.22222222222,47704.0,47012.555555555555,41788.0,120911.0,,,,1.0,,,,,,5.0,,,,,,206.28571428571428,,,,,,236.0,,,,,,127970.85714285714,,,,,,120911.0,,,,,0,0,0,5
2022,17,26.0144578313253,25.8,26.4,87.8433734939759,85.0,91.0,1007.3722891566264,1007.0,1007.7,True,28.809638554216864,27.8,29.4,67.20481927710843,0.9,2.0,PER,35749.0,30868.0,49585.09090909091,46649.0,46931.454545454544,41486.0,119526.0,,,,1.0,,,,,,6.0,,,,,,207.77777777777777,,,,,,240.0,,,,,,128982.44444444444,,,,,,119526.0,,,,,0,0,0,5
2022,17,26.0144578313253,25.8,26.4,87.8433734939759,85.0,91.0,1007.3722891566264,1007.0,1007.7,True,28.809638554216864,27.8,29.4,67.20481927710843,0.9,2.0,RIC,37322.75,31355.0,52746.53846153846,47667.0,48403.416666666664,42014.0,121036.0,34852.0,1.0,,2.0,,,,1.0,,5.5,,,,2.0,,212.5,,,,216.0,,236.0,,,,216.0,,130771.125,,,,130874.0,,121036.0,,,,130874.0,0,0,0,5
2022,17,26.0144578313253,25.8,26.4,87.8433734939759,85.0,91.0,1007.3722891566264,1007.0,1007.7,True,28.809638554216864,27.8,29.4,67.20481927710843,0.9,2.0,RUS,38760.0,31335.0,51564.0,47675.0,48180.0,42000.0,121010.0,197283.0,2.0,,3.0,,,,,,4.5,,,,,,204.0,,,,,,236.0,,,,,,128027.16666666667,,,,,,121010.0,,,,,0,0,0,5
2022,17,26.0144578313253,25.8,26.4,87.8433734939759,85.0,91.0,1007.3722891566264,1007.0,1007.7,True,28.809638554216864,27.8,29.4,67.20481927710843,0.9,2.0,SAI,37437.36363636364,31067.0,50190.583333333336,46867.0,49023.083333333336,40914.0,118848.0,30841.0,1.0,,2.0,,,,1.0,,5.0,,,,2.0,,211.71428571428572,,,,229.0,,241.0,,,,229.0,,129288.71428571429,,,,128662.0,,118848.0,,,,128662.0,0,0,0,5
2022,17,26.0144578313253,25.8,26.4,87.8433734939759,85.0,91.0,1007.3722891566264,1007.0,1007.7,True,28.809638554216864,27.8,29.4,67.20481927710843,0.9,2.0,STR,39712.555555555555,31250.0,53157.0,47408.0,47551.5,41715.0,120373.0,358560.0,1.0,,2.0,,,,,,4.2,,,,,,232.8,,,,,,238.0,,,,,,125482.4,,,,,,120373.0,,,,,0,0,0,5
2022,17,26.0144578313253,25.8,26.4,87.8433734939759,85.0,91.0,1007.3722891566264,1007.0,1007.7,True,28.809638554216864,27.8,29.4,67.20481927710843,0.9,2.0,TSU,38632.230769230766,31461.0,52957.357142857145,48094.0,49509.846153846156,42124.0,121679.0,33866.0,1.0,,2.0,,,,1.0,,5.0,,,,2.0,,234.57142857142858,,,,224.0,,237.0,,,,224.0,,129568.28571428571,,,,133281.0,,121679.0,,,,133281.0,0,0,0,5
2022,17,26.0144578313253,25.8,26.4,87.8433734939759,85.0,91.0,1007.3722891566264,1007.0,1007.7,True,28.809638554216864,27.8,29.4,67.20481927710843,0.9,2.0,VER,35280.36363636364,30649.0,49918.833333333336,46584.0,46349.166666666664,41075.0,118308.0,,,,1.0,,,,,,6.5,,,,,,218.5,,,,,,243.0,,,,,,127969.3,,,,,,118308.0,,,,,0,0,0,5
2022,17,26.0144578313253,25.8,26.4,87.8433734939759,85.0,91.0,1007.3722891566264,1007.0,1007.7,True,28.809638554216864,27.8,29.4,67.20481927710843,0.9,2.0,VET,38276.88888888889,31259.0,52397.63636363636,47871.0,47549.7,41877.0,121007.0,317301.0,1.0,,2.0,,,,,,5.0,,,,,,205.85714285714286,,,,,,238.0,,,,,,129521.71428571429,,,,,,121007.0,,,,,0,0,0,5
2022,17,26.0144578313253,25.8,26.4,87.8433734939759,85.0,91.0,1007.3722891566264,1007.0,1007.7,True,28.809638554216864,27.8,29.4,67.20481927710843,0.9,2.0,ZHO,36904.5,31671.0,53239.818181818184,48834.0,48905.72727272727,42051.0,122599.0,33135.0,1.0,,2.0,,,,1.0,,4.2,,,,2.0,,232.6,,,,226.0,,236.0,,,,226.0,,128819.0,,,,133825.0,,122599.0,,,,133825.0,0,0,0,5
2022,18,21.24512195121951,20.5,21.7,51.96341463414634,50.0,55.0,1013.9841463414634,1013.7,1014.2,False,29.76341463414634,28.7,30.8,316.0731707317073,3.791463414634146,5.1,ALB,40336.13043478261,32530.0,47719.192307692305,41257.0,22846.30769230769,18159.0,91946.0,321378.0,3.0,,,2.0,4.0,,,,,7.545454545454546,3.625,,,,,259.0,236.375,,,,,263.0,268.0,,,,,105874.27272727272,112370.625,,,,,95361.0,91946.0,,,0,0,0,1
2022,18,21.24512195121951,20.5,21.7,51.96341463414634,50.0,55.0,1013.9841463414634,1013.7,1014.2,False,29.76341463414634,28.7,30.8,316.0731707317073,3.791463414634146,5.1,ALO,37902.705882352944,31874.0,46289.0,41287.0,22194.55,18159.0,91320.0,826318.5,2.0,1.0,,2.0,3.0,,,5.0,,3.0,3.5,,,254.14285714285714,,261.0,212.5,,,256.0,,263.0,266.0,,,96540.42857142857,,103470.0,108569.25,,,95700.0,,92553.0,91320.0,,,0,0,0,1
2022,18,21.24512195121951,20.5,21.7,51.96341463414634,50.0,55.0,1013.9841463414634,1013.7,1014.2,False,29.76341463414634,28.7,30.8,316.0731707317073,3.791463414634146,5.1,BOT,40630.76190476191,32323.0,47956.375,41444.0,21893.041666666668,18204.0,91971.0,329413.0,4.0,,,2.0,5.0,,,,,4.0,4.4,,,,,252.28571428571428,239.4,,,,,256.0,264.0,,,,,101496.71428571429,109614.8,,,,,97269.0,91971.0,,,0,0,0,1
2022,18,21.24512195121951,20.5,21.7,51.96341463414634,50.0,55.0,1013.9841463414634,1013.7,1014.2,False,29.76341463414634,28.7,30.8,316.0731707317073,3.791463414634146,5.1,GAS,42625.52380952381,32256.999999999996,48473.916666666664,41819.0,21584.375,18365.0,92881.0,395387.3333333333,3.0,,,2.0,4.0,,,,,6.0,3.7142857142857144,,,,,258.5,235.71428571428572,,,,,262.0,261.0,,,,,109408.875,102946.85714285714,,,,,95019.0,92881.0,,,0,0,0,1
2022,18,21.24512195121951,20.5,21.7,51.96341463414634,50.0,55.0,1013.9841463414634,1013.7,1014.2,False,29.76341463414634,28.7,30.8,316.0731707317073,3.791463414634146,5.1,HAM,36064.19047619047,31853.0,45774.88,41497.0,21185.08,18239.0,91589.0,361952.0,3.0,1.0,,,3.0,,,5.5,,,4.9,,,253.25,,,257.7,,,258.0,,,262.0,,,101287.5,,,101308.8,,,96596.0,,,91589.0,,,0,0,0,1
2022,18,21.24512195121951,20.5,21.7,51.96341463414634,50.0,55.0,1013.9841463414634,1013.7,1014.2,False,29.76341463414634,28.7,30.8,316.0731707317073,3.791463414634146,5.1,LAT,43453.260869565216,32852.0,49190.42307692308,41752.0,22441.884615384617,18264.0,92868.0,337836.0,3.0,,,2.0,4.0,,,,,7.1,4.0,,,,,256.1,231.77777777777777,,,,,261.0,266.0,,,,,108926.9,119303.22222222222,,,,,97380.0,92868.0,,,0,0,0,1
2022,18,21.24512195121951,20.5,21.7,51.96341463414634,50.0,55.0,1013.9841463414634,1013.7,1014.2,False,29.76341463414634,28.7,30.8,316.0731707317073,3.791463414634146,5.1,LEC,42067.333333333336,31800.0,48934.59259259259,41109.0,22831.703703703704,18071.0,90980.0,213456.5,4.0,,,1.0,5.0,,,,,7.0,3.6666666666666665,,,,,253.1818181818182,215.83333333333334,,,,,255.0,264.0,,,,,97998.81818181818,116202.66666666667,,,,,96200.0,90980.0,,,0,0,0,1
2022,18,21.24512195121951,20.5,21.7,51.96341463414634,50.0,55.0,1013.9841463414634,1013.7,1014.2,False,29.76341463414634,28.7,30.8,316.0731707317073,3.791463414634146,5.1,MAG,41093.7,32237.000000000004,47899.34782608696,41564.0,22679.82608695652,18489.0,92290.0,454603.00000000006,3.0,,,3.0,4.0,,,,,5.0,3.6666666666666665,,,,,250.0909090909091,198.0,,,,,259.0,261.0,,,,,100075.45454545454,102339.66666666667,,,,,94169.0,92290.0,,,0,0,0,1
2022,18,21.24512195121951,20.5,21.7,51.96341463414634,50.0,55.0,1013.9841463414634,1013.7,1014.2,False,29.76341463414634,28.7,30.8,316.0731707317073,3.791463414634146,5.1,MSC,40490.04761904762,32405.0,48625.666666666664,41608.0,22865.708333333332,18353.0,92366.0,410801.66666666657,3.0,,,3.0,4.0,,,,,4.916666666666667,3.6666666666666665,,,,,251.41666666666666,199.66666666666666,,,,,261.0,263.0,,,,,102686.91666666667,103958.0,,,,,94536.0,92366.0,,,0,0,0,1
2022,18,21.24512195121951,20.5,21.7,51.96341463414634,50.0,55.0,1013.9841463414634,1013.7,1014.2,False,29.76341463414634,28.7,30.8,316.0731707317073,3.791463414634146,5.1,NOR,39188.916666666664,31887.0,48444.96296296296,41431.0,21820.962962962964,18429.0,91747.0,493750.0,2.0,2.0,,,3.0,,,4.5,,,5.4,,,254.5,,,242.33333333333334,,,258.0,,,261.0,,,102103.0,,,108586.13333333333,,,94972.0,,,91747.0,,,0,0,0,1
2022,18,21.24512195121951,20.5,21.7,51.96341463414634,50.0,55.0,1013.9841463414634,1013.7,1014.2,False,29.76341463414634,28.7,30.8,316.0731707317073,3.791463414634146,5.1,OCO,40285.10526315789,32019.0,46872.09090909091,41407.0,22779.090909090908,18293.0,91750.0,490580.6666666665,3.0,,,2.0,4.0,,,,,4.818181818181818,3.5,,,,,256.0,209.75,,,,,262.0,264.0,,,,,99201.63636363637,113745.25,,,,,92685.0,91750.0,,,0,0,0,1
2022,18,21.24512195121951,20.5,21.7,51.96341463414634,50.0,55.0,1013.9841463414634,1013.7,1014.2,False,29.76341463414634,28.7,30.8,316.0731707317073,3.791463414634146,5.1,PER,38723.19047619047,32064.0,46778.44,41340.0,21963.72,18110.0,91514.0,307822.0,4.0,,,4.0,5.0,,,,,3.0,7.461538461538462,,,,,265.6666666666667,241.92307692307693,,,,,268.0,266.0,,,,,99517.33333333333,106770.76923076923,,,,,91937.0,91514.0,,,0,0,0,1
2022,18,21.24512195121951,20.5,21.7,51.96341463414634,50.0,55.0,1013.9841463414634,1013.7,1014.2,False,29.76341463414634,28.7,30.8,316.0731707317073,3.791463414634146,5.1,RIC,38034.4,32125.999999999996,48105.53571428572,41342.0,21989.25,18392.0,91860.0,449561.5,2.0,2.0,,,3.0,,,5.0,,,5.4,,,255.57142857142858,,,239.06666666666666,,,262.0,,,262.0,,,99190.0,,,109065.46666666666,,,95150.0,,,91860.0,,,0,0,0,1
2022,18,21.24512195121951,20.5,21.7,51.96341463414634,50.0,55.0,1013.9841463414634,1013.7,1014.2,False,29.76341463414634,28.7,30.8,316.0731707317073,3.791463414634146,5.1,RUS,37175.333333333336,32021.0,45791.32142857143,41278.0,20302.178571428572,18231.0,91530.0,324903.3333333333,3.0,,,1.0,4.0,,,,,6.5,5.1,,,,,253.2,241.5,,,,,258.0,263.0,,,,,99784.3,99311.1,,,,,96627.0,91530.0,,,0,0,0,1
2022,18,21.24512195121951,20.5,21.7,51.96341463414634,50.0,55.0,1013.9841463414634,1013.7,1014.2,False,29.76341463414634,28.7,30.8,316.0731707317073,3.791463414634146,5.1,SAI,41974.5,31866.0,47042.7037037037,41063.0,21349.11111111111,18005.0,90965.0,238457.5,4.0,,,,5.0,,,,,,5.764705882352941,,,,,,256.6470588235294,,,,,,266.0,,,,,,97627.5294117647,,,,,,90965.0,,,0,0,0,1
2022,18,21.24512195121951,20.5,21.7,51.96341463414634,50.0,55.0,1013.9841463414634,1013.7,1014.2,False,29.76341463414634,28.7,30.8,316.0731707317073,3.791463414634146,5.1,STR,40619.09090909091,32412.999999999996,47442.24,41237.0,23662.08,18188.0,91838.0,579200.0,2.0,,,2.0,3.0,,,,,3.3333333333333335,5.071428571428571,,,,,261.0,237.92857142857142,,,,,262.0,262.0,,,,,100179.0,105224.0,,,,,93517.0,91838.0,,,0,0,0,1
2022,18,21.24512195121951,20.5,21.7,51.96341463414634,50.0,55.0,1013.9841463414634,1013.7,1014.2,False,29.76341463414634,28.7,30.8,316.0731707317073,3.791463414634146,5.1,TSU,39630.434782608696,32417.0,48100.230769230766,41588.0,22037.846153846152,18372.0,92377.0,487495.0,2.0,,,1.0,3.0,,,,,7.0,3.875,,,,,256.72727272727275,235.375,,,,,261.0,262.0,,,,,104433.27272727272,109272.75,,,,,94977.0,92377.0,,,0,0,0,1
2022,18,21.24512195121951,20.5,21.7,51.96341463414634,50.0,55.0,1013.9841463414634,1013.7,1014.2,False,29.76341463414634,28.7,30.8,316.0731707317073,3.791463414634146,5.1,VER,39775.38888888889,31723.0,49304.818181818184,40981.0,22182.636363636364,17967.0,90671.0,471335.6666666667,3.0,,,3.0,4.0,,,,,2.0,6.909090909090909,,,,,265.0,237.8181818181818,,,,,265.0,266.0,,,,,91316.0,101138.72727272728,,,,,91316.0,90671.0,,,0,0,0,1
2022,18,21.24512195121951,20.5,21.7,51.96341463414634,50.0,55.0,1013.9841463414634,1013.7,1014.2,False,29.76341463414634,28.7,30.8,316.0731707317073,3.791463414634146,5.1,VET,38780.681818181816,32369.999999999996,46410.88,41549.0,22588.84,18280.0,92222.0,626358.0,2.0,,,2.0,3.0,,,,,3.5,5.4,,,,,263.0,237.46666666666667,,,,,266.0,265.0,,,,,109914.5,104766.73333333334,,,,,93205.0,92222.0,,,0,0,0,1
2022,18,21.24512195121951,20.5,21.7,51.96341463414634,50.0,55.0,1013.9841463414634,1013.7,1014.2,False,29.76341463414634,28.7,30.8,316.0731707317073,3.791463414634146,5.1,ZHO,41914.4,32567.999999999996,47462.708333333336,41579.0,22152.166666666668,18238.0,92385.0,259080.2,5.0,,,6.0,5.0,,,,,5.333333333333333,3.0,,,,,227.11111111111111,259.0,,,,,251.0,262.0,,,,,106545.55555555556,106961.66666666667,,,,,97896.0,92385.0,,,0,0,0,1
2022,19,29.23658536585366,28.5,29.8,40.86585365853659,36.0,45.0,992.5402439024391,991.7,993.5,False,39.68292682926829,38.2,40.5,119.35365853658537,3.9670731707317075,8.0,ALB,34828.4,26289.0,46934.27777777778,39441.0,39612.055555555555,32174.0,97904.0,316600.0,3.0,,,,4.0,,,,,,4.636363636363637,,,,,,188.72727272727272,,,,,,211.0,,,,,,120062.36363636363,,,,,,97904.0,,,0,0,0,0
2022,19,29.23658536585366,28.5,29.8,40.86585365853659,36.0,45.0,992.5402439024391,991.7,993.5,False,39.68292682926829,38.2,40.5,119.35365853658537,3.9670731707317075,8.0,ALO,33954.09090909091,26192.0,46725.78571428572,39105.0,39711.857142857145,31597.0,96928.0,804296.5,2.0,,,,3.0,,,,,,3.75,,,,,,183.625,,,,,,212.0,,,,,,114124.0,,,,,,96928.0,,,0,0,0,0
2022,19,29.23658536585366,28.5,29.8,40.86585365853659,36.0,45.0,992.5402439024391,991.7,993.5,False,39.68292682926829,38.2,40.5,119.35365853658537,3.9670731707317075,8.0,BOT,34409.52631578947,26317.0,45445.217391304344,39152.0,37821.30434782609,31841.0,97310.0,266181.4,5.0,,,,6.0,,,,,,7.7272727272727275,,,,,,189.8181818181818,,,,,,206.0,,,,,,103725.90909090909,,,,,,97310.0,,,0,0,0,0
2022,19,29.23658536585366,28.5,29.8,40.86585365853659,36.0,45.0,992.5402439024391,991.7,993.5,False,39.68292682926829,38.2,40.5,119.35365853658537,3.9670731707317075,8.0,GAS,38846.642857142855,26138.0,47730.61111111111,39240.0,39810.22222222222,31912.0,97290.0,345542.2,5.0,,,,6.0,,,,,,4.375,,,,,,185.875,,,,,,208.0,,,,,,113946.875,,,,,,97290.0,,,0,0,0,0
2022,19,29.23658536585366,28.5,29.8,40.86585365853659,36.0,45.0,992.5402439024391,991.7,993.5,False,39.68292682926829,38.2,40.5,119.35365853658537,3.9670731707317075,8.0,HAM,35169.75,26062.0,47696.470588235294,38878.0,40646.35294117647,31404.0,96401.0,325912.5,4.0,,,,5.0,,,,,,4.666666666666667,,,,,,163.16666666666666,,,,,,205.0,,,,,,106808.66666666667,,,,,,96401.0,,,0,0,0,0
2022,19,29.23658536585366,28.5,29.8,40.86585365853659,36.0,45.0,992.5402439024391,991.7,993.5,False,39.68292682926829,38.2,40.5,119.35365853658537,3.9670731707317075,8.0,LAT,37576.26666666667,26287.0,48505.77777777778,39437.0,40649.22222222222,32302.0,98028.0,274774.0000000002,3.0,,,,4.0,,,,,,4.625,,,,,,187.25,,,,,,210.0,,,,,,114407.375,,,,,,98028.0,,,0,0,0,0
2022,19,29.23658536585366,28.5,29.8,40.86585365853659,36.0,45.0,992.5402439024391,991.7,993.5,False,39.68292682926829,38.2,40.5,119.35365853658537,3.9670731707317075,8.0,LEC,41773.75,26050.0,53178.0,38781.0,42063.88888888889,31237.0,96145.0,507619.3333333333,3.0,,,,4.0,,,,,,4.714285714285714,,,,,,197.14285714285714,,,,,,209.0,,,,,,106413.28571428571,,,,,,96145.0,,,0,0,0,0
2022,19,29.23658536585366,28.5,29.8,40.86585365853659,36.0,45.0,992.5402439024391,991.7,993.5,False,39.68292682926829,38.2,40.5,119.35365853658537,3.9670731707317075,8.0,MAG,33395.72222222222,26532.0,45436.619047619046,39292.0,38198.71428571428,31695.0,97519.0,417935.0,3.0,,,3.0,4.0,,,,,8.222222222222221,4.25,,,,,196.55555555555554,176.25,,,,,205.0,207.0,,,,,107900.44444444444,113167.75,,,,,99376.0,97519.0,,,0,0,0,0
2022,19,29.23658536585366,28.5,29.8,40.86585365853659,36.0,45.0,992.5402439024391,991.7,993.5,False,39.68292682926829,38.2,40.5,119.35365853658537,3.9670731707317075,8.0,MSC,39744.9,26751.0,48673.416666666664,39317.0,39726.5,32060.000000000004,98132.0,2084250.0,1.0,,,,2.0,,,,,,5.857142857142857,,,,,,187.14285714285714,,,,,,207.0,,,,,,112822.14285714286,,,,,,98132.0,,,0,0,0,0
2022,19,29.23658536585366,28.5,29.8,40.86585365853659,36.0,45.0,992.5402439024391,991.7,993.5,False,39.68292682926829,38.2,40.5,119.35365853658537,3.9670731707317075,8.0,NOR,32283.75,26367.0,48652.78947368421,39288.0,38677.05263157895,31794.0,97449.0,568856.0,2.0,,,,3.0,,,,,,5.25,,,,,,193.0,,,,,,211.0,,,,,,115126.41666666667,,,,,,97449.0,,,0,0,0,0
2022,19,29.23658536585366,28.5,29.8,40.86585365853659,36.0,45.0,992.5402439024391,991.7,993.5,False,39.68292682926829,38.2,40.5,119.35365853658537,3.9670731707317075,8.0,OCO,33963.357142857145,26167.0,48272.38888888889,39250.0,40009.72222222222,31875.0,97468.0,480520.6666666667,3.0,,,,4.0,,,,,,4.8,,,,,,182.8,,,,,,208.0,,,,,,119288.9,,,,,,97468.0,,,0,0,0,0
2022,19,29.23658536585366,28.5,29.8,40.86585365853659,36.0,45.0,992.5402439024391,991.7,993.5,False,39.68292682926829,38.2,40.5,119.35365853658537,3.9670731707317075,8.0,PER,37273.82352941176,26241.0,50390.3,38780.0,42910.6,31295.0,96397.0,446241.3333333333,3.0,,,,4.0,,,,,,5.777777777777778,,,,,,192.0,,,,,,210.0,,,,,,121003.22222222222,,,,,,96397.0,,,0,0,0,0
2022,19,29.23658536585366,28.5,29.8,40.86585365853659,36.0,45.0,992.5402439024391,991.7,993.5,False,39.68292682926829,38.2,40.5,119.35365853658537,3.9670731707317075,8.0,RIC,32070.153846153848,26213.0,47023.0625,39394.0,38490.9375,32015.0,97622.0,603170.5,2.0,,,,3.0,,,,,,4.8,,,,,,192.9,,,,,,208.0,,,,,,109686.1,,,,,,97622.0,,,0,0,0,0
2022,19,29.23658536585366,28.5,29.8,40.86585365853659,36.0,45.0,992.5402439024391,991.7,993.5,False,39.68292682926829,38.2,40.5,119.35365853658537,3.9670731707317075,8.0,RUS,33929.1875,26268.0,48199.90476190476,39069.0,40628.52380952381,31716.0,97064.0,307180.5,4.0,,,,5.0,,,,,,5.909090909090909,,,,,,186.72727272727272,,,,,,208.0,,,,,,115275.45454545454,,,,,,97064.0,,,0,0,0,0
2022,19,29.23658536585366,28.5,29.8,40.86585365853659,36.0,45.0,992.5402439024391,991.7,993.5,False,39.68292682926829,38.2,40.5,119.35365853658537,3.9670731707317075,8.0,SAI,35709.04761904762,26171.0,46099.916666666664,38781.0,37491.25,31166.0,96271.0,266265.0,4.0,,,3.0,5.0,,,,,11.0,3.6666666666666665,,,,,199.45454545454547,164.33333333333334,,,,,206.0,211.0,,,,,103452.63636363637,119604.66666666667,,,,,96894.0,96271.0,,,0,0,0,0
2022,19,29.23658536585366,28.5,29.8,40.86585365853659,36.0,45.0,992.5402439024391,991.7,993.5,False,39.68292682926829,38.2,40.5,119.35365853658537,3.9670731707317075,8.0,STR,39857.529411764706,26205.0,44845.15,39170.0,41091.1,31693.0,97215.0,305673.6,5.0,,,,6.0,,,,,,4.636363636363637,,,,,,186.36363636363637,,,,,,210.0,,,,,,117094.09090909091,,,,,,97215.0,,,0,0,0,0
2022,19,29.23658536585366,28.5,29.8,40.86585365853659,36.0,45.0,992.5402439024391,991.7,993.5,False,39.68292682926829,38.2,40.5,119.35365853658537,3.9670731707317075,8.0,TSU,39421.294117647056,26417.0,49471.68421052631,39088.0,42209.26315789474,31934.0,97888.0,235421.0,2.0,,,,3.0,,,,,,5.4,,,,,,182.7,,,,,,210.0,,,,,,118651.8,,,,,,97888.0,,,0,0,0,0
2022,19,29.23658536585366,28.5,29.8,40.86585365853659,36.0,45.0,992.5402439024391,991.7,993.5,False,39.68292682926829,38.2,40.5,119.35365853658537,3.9670731707317075,8.0,VER,37837.47368421053,26019.0,50686.681818181816,38678.0,39470.09090909091,31128.0,95825.0,292404.4999999999,4.0,,,,5.0,,,,,,7.363636363636363,,,,,,182.8181818181818,,,,,,207.0,,,,,,106499.36363636363,,,,,,95825.0,,,0,0,0,0
2022,19,29.23658536585366,28.5,29.8,40.86585365853659,36.0,45.0,992.5402439024391,991.7,993.5,False,39.68292682926829,38.2,40.5,119.35365853658537,3.9670731707317075,8.0,VET,41365.9375,26431.0,48788.52631578947,38991.0,40838.68421052631,31729.0,97151.0,263676.0,6.0,,,,7.0,,,,,,4.857142857142857,,,,,,186.14285714285714,,,,,,209.0,,,,,,117345.42857142857,,,,,,97151.0,,,0,0,0,0
2022,19,29.23658536585366,28.5,29.8,40.86585365853659,36.0,45.0,992.5402439024391,991.7,993.5,False,39.68292682926829,38.2,40.5,119.35365853658537,3.9670731707317075,8.0,ZHO,31576.0,27200.0,46973.0,40032.0,39267.0,32503.0,99735.0,,,,,,1.0,,,,,,2.0,,,,,,203.0,,,,,,203.0,,,,,,99735.0,,,,,,99735.0,,,0,0,0,0
2022,20,21.16987951807229,19.5,22.9,54.024096385542165,47.0,60.0,785.2975903614458,784.5,785.9,False,41.165060240963854,36.0,46.2,136.14457831325302,1.2759036144578313,3.0,ALB,35978.066666666666,27821.0,37247.27777777778,31030.0,25266.61111111111,20999.0,79917.0,355575.6666666667,3.0,,,,4.0,,,,,,4.636363636363637,,,,,,229.54545454545453,,,,,,250.0,,,,,,95025.90909090909,,,,,,79917.0,,,0,0,0,3
2022,20,21.16987951807229,19.5,22.9,54.024096385542165,47.0,60.0,785.2975903614458,784.5,785.9,False,41.165060240963854,36.0,46.2,136.14457831325302,1.2759036144578313,3.0,ALO,32791.142857142855,28128.0,33725.0625,30931.0,24941.875,20978.0,80037.0,1163180.0,1.0,,,1.0,2.0,,,,,5.5,3.5,,,,,242.875,202.75,,,,,248.0,247.0,,,,,85931.375,91505.75,,,,,80599.0,80037.0,,,0,0,0,3
2022,20,21.16987951807229,19.5,22.9,54.024096385542165,47.0,60.0,785.2975903614458,784.5,785.9,False,41.165060240963854,36.0,46.2,136.14457831325302,1.2759036144578313,3.0,BOT,31768.708333333332,27832.0,33910.25,30783.0,23737.25,20693.0,79390.0,440639.3333333333,3.0,,,4.0,3.0,,,,,11.529411764705882,3.0,,,,,233.88235294117646,249.33333333333334,,,,,247.0,250.0,,,,,85459.88235294117,88806.66666666667,,,,,80908.0,79390.0,,,0,0,0,3
2022,20,21.16987951807229,19.5,22.9,54.024096385542165,47.0,60.0,785.2975903614458,784.5,785.9,False,41.165060240963854,36.0,46.2,136.14457831325302,1.2759036144578313,3.0,GAS,34333.36363636364,28061.0,36300.25,31174.0,24597.5,20973.0,80330.0,280610.0,2.0,,,2.0,3.0,,,,,8.0,5.5,,,,,248.0,213.0,,,,,250.0,249.0,,,,,92146.09090909091,95069.625,,,,,81383.0,80330.0,,,0,0,0,3
2022,20,21.16987951807229,19.5,22.9,54.024096385542165,47.0,60.0,785.2975903614458,784.5,785.9,False,41.165060240963854,36.0,46.2,136.14457831325302,1.2759036144578313,3.0,HAM,36763.11111111111,27702.0,37414.34782608696,30421.0,24449.260869565216,20420.0,78543.0,251608.33333333334,6.0,,,,7.0,,,,,,6.363636363636363,,,,,,234.0909090909091,,,,,,250.0,,,,,,93209.27272727272,,,,,,78543.0,,,0,0,0,3
2022,20,21.16987951807229,19.5,22.9,54.024096385542165,47.0,60.0,785.2975903614458,784.5,785.9,False,41.165060240963854,36.0,46.2,136.14457831325302,1.2759036144578313,3.0,LAT,34092.833333333336,27978.0,37383.52380952381,31512.0,25458.47619047619,21207.0,80848.0,323122.0,3.0,,,,4.0,,,,,,5.5,,,,,,228.85714285714286,,,,,,251.0,,,,,,93650.28571428571,,,,,,80848.0,,,0,0,0,3
2022,20,21.16987951807229,19.5,22.9,54.024096385542165,47.0,60.0,785.2975903614458,784.5,785.9,False,41.165060240963854,36.0,46.2,136.14457831325302,1.2759036144578313,3.0,LEC,37104.8,27809.0,37008.34782608696,30775.0,24307.043478260868,20539.0,79123.0,357500.0,4.0,,,,5.0,,,,,,7.6,,,,,,232.8,,,,,,250.0,,,,,,92611.53333333334,,,,,,79123.0,,,0,0,0,3
2022,20,21.16987951807229,19.5,22.9,54.024096385542165,47.0,60.0,785.2975903614458,784.5,785.9,False,41.165060240963854,36.0,46.2,136.14457831325302,1.2759036144578313,3.0,MAG,32288.909090909092,28284.0,35585.04,31312.0,24966.36,20955.0,81271.0,619945.5,2.0,,,,3.0,,,,,,7.421052631578948,,,,,,233.1578947368421,,,,,,249.0,,,,,,90355.0,,,,,,81271.0,,,0,0,0,3
2022,20,21.16987951807229,19.5,22.9,54.024096385542165,47.0,60.0,785.2975903614458,784.5,785.9,False,41.165060240963854,36.0,46.2,136.14457831325302,1.2759036144578313,3.0,MSC,32800.28571428572,28049.0,37030.291666666664,31495.0,24959.916666666668,20924.0,80598.0,631860.5,2.0,,,,3.0,,,,,,8.38888888888889,,,,,,230.83333333333334,,,,,,249.0,,,,,,91698.38888888889,,,,,,80598.0,,,0,0,0,3
2022,20,21.16987951807229,19.5,22.9,54.024096385542165,47.0,60.0,785.2975903614458,784.5,785.9,False,41.165060240963854,36.0,46.2,136.14457831325302,1.2759036144578313,3.0,NOR,35207.89473684211,27929.0,35573.681818181816,30809.0,24219.954545454544,20579.0,79317.0,329754.25,4.0,,,1.0,5.0,,,,,6.5,2.4,,,,,245.0,207.0,,,,,247.0,247.0,,,,,88036.4,98248.4,,,,,80844.0,79317.0,,,0,0,0,3
2022,20,21.16987951807229,19.5,22.9,54.024096385542165,47.0,60.0,785.2975903614458,784.5,785.9,False,41.165060240963854,36.0,46.2,136.14457831325302,1.2759036144578313,3.0,OCO,34819.64705882353,28171.0,37439.84210526316,31062.0,25190.736842105263,20727.0,79960.0,1301188.0,1.0,,,1.0,2.0,,,,,6.0,4.5,,,,,245.44444444444446,206.5,,,,,247.0,249.0,,,,,92848.55555555556,99404.66666666667,,,,,81278.0,79960.0,,,0,0,0,3
2022,20,21.16987951807229,19.5,22.9,54.024096385542165,47.0,60.0,785.2975903614458,784.5,785.9,False,41.165060240963854,36.0,46.2,136.14457831325302,1.2759036144578313,3.0,PER,36890.04761904762,27834.0,37130.708333333336,30494.0,26075.541666666668,20656.0,79241.0,275221.75,4.0,,,,5.0,,,,,,6.4375,,,,,,226.125,,,,,,252.0,,,,,,97560.25,,,,,,79241.0,,,0,0,0,3
2022,20,21.16987951807229,19.5,22.9,54.024096385542165,47.0,60.0,785.2975903614458,784.5,785.9,False,41.165060240963854,36.0,46.2,136.14457831325302,1.2759036144578313,3.0,RIC,32208.736842105263,27894.0,34673.454545454544,30834.0,24569.545454545456,21051.0,80139.0,783627.0,2.0,,,1.0,3.0,,,,,6.5,4.833333333333333,,,,,244.4,214.83333333333334,,,,,246.0,250.0,,,,,89035.7,91061.66666666667,,,,,81539.0,80139.0,,,0,0,0,3
2022,20,21.16987951807229,19.5,22.9,54.024096385542165,47.0,60.0,785.2975903614458,784.5,785.9,False,41.165060240963854,36.0,46.2,136.14457831325302,1.2759036144578313,3.0,RUS,32922.41176470588,27657.0,35950.181818181816,30545.0,25391.454545454544,20197.0,78399.0,316759.25,4.0,,,,5.0,,,,,,6.333333333333333,,,,,,229.08333333333334,,,,,,251.0,,,,,,89803.83333333333,,,,,,78399.0,,,0,0,0,3
2022,20,21.16987951807229,19.5,22.9,54.024096385542165,47.0,60.0,785.2975903614458,784.5,785.9,False,41.165060240963854,36.0,46.2,136.14457831325302,1.2759036144578313,3.0,SAI,37110.470588235294,27796.0,36889.75,30795.0,24742.8,20521.0,79301.0,396225.75,4.0,,,,5.0,,,,,,6.666666666666667,,,,,,236.0,,,,,,251.0,,,,,,94712.91666666667,,,,,,79301.0,,,0,0,0,3
2022,20,21.16987951807229,19.5,22.9,54.024096385542165,47.0,60.0,785.2975903614458,784.5,785.9,False,41.165060240963854,36.0,46.2,136.14457831325302,1.2759036144578313,3.0,STR,42207.705882352944,28346.0,38021.3,31210.0,26389.6,20886.0,80477.0,319150.3333333333,6.0,,,4.0,7.0,,,,,4.4,5.166666666666667,,,,,246.0,208.66666666666666,,,,,248.0,250.0,,,,,95029.0,108945.66666666667,,,,,81413.0,80477.0,,,0,0,0,3
2022,20,21.16987951807229,19.5,22.9,54.024096385542165,47.0,60.0,785.2975903614458,784.5,785.9,False,41.165060240963854,36.0,46.2,136.14457831325302,1.2759036144578313,3.0,TSU,33227.09090909091,28085.0,36932.791666666664,30952.0,25013.083333333332,20845.0,79882.0,492833.0,1.0,,,1.0,2.0,,,,,8.0,5.0,,,,,248.46153846153845,218.0,,,,,250.0,250.0,,,,,88585.0,103344.71428571429,,,,,80798.0,79882.0,,,0,0,0,3
2022,20,21.16987951807229,19.5,22.9,54.024096385542165,47.0,60.0,785.2975903614458,784.5,785.9,False,41.165060240963854,36.0,46.2,136.14457831325302,1.2759036144578313,3.0,VER,37529.26666666667,27686.0,38352.5,30594.0,25824.944444444445,20443.0,78876.0,301212.6666666667,3.0,,,,4.0,,,,,,4.818181818181818,,,,,,216.8181818181818,,,,,,252.0,,,,,,102523.54545454546,,,,,,78876.0,,,0,0,0,3
2022,20,21.16987951807229,19.5,22.9,54.024096385542165,47.0,60.0,785.2975903614458,784.5,785.9,False,41.165060240963854,36.0,46.2,136.14457831325302,1.2759036144578313,3.0,VET,35980.89473684211,28258.0,35889.90909090909,31443.0,27141.954545454544,21074.0,80986.0,341613.2,5.0,,,3.0,6.0,,,,,5.0,5.571428571428571,,,,,248.14285714285714,221.85714285714286,,,,,249.0,250.0,,,,,91537.57142857143,97551.42857142857,,,,,81171.0,80986.0,,,0,0,0,3
2022,20,21.16987951807229,19.5,22.9,54.024096385542165,47.0,60.0,785.2975903614458,784.5,785.9,False,41.165060240963854,36.0,46.2,136.14457831325302,1.2759036144578313,3.0,ZHO,33292.55,28205.0,35070.24,31061.0,24619.08,20753.0,80019.0,389573.25,4.0,,,5.0,4.0,,,,,10.384615384615385,3.0,,,,,228.69230769230768,248.33333333333334,,,,,249.0,249.0,,,,,89324.84615384616,90576.33333333333,,,,,81529.0,80019.0,,,0,0,0,3
2022,22,30.508536585365853,30.2,30.8,60.926829268292686,58.0,63.0,1013.739024390244,1013.7,1014.0,False,44.24512195121951,42.1,46.1,247.17073170731706,2.8292682926829267,3.9,ALB,23379.153846153848,17516.0,43959.1875,36567.0,42141.8125,31907.0,86051.0,602913.5,2.0,,,,3.0,,,,,,4.5,,,,,,193.3,,,,,,226.0,,,,,,105849.5,,,,,,86051.0,,,1,0,0,4
2022,22,30.508536585365853,30.2,30.8,60.926829268292686,58.0,63.0,1013.739024390244,1013.7,1014.0,False,44.24512195121951,42.1,46.1,247.17073170731706,2.8292682926829267,3.9,ALO,27220.133333333335,17591.0,44765.666666666664,36986.0,41135.0,31460.0,86076.0,260731.25,4.0,,,5.0,3.0,,,,,5.0,3.5,,,,,193.83333333333334,200.25,,,,,223.0,222.0,,,,,109184.66666666667,107646.25,,,,,86292.0,86076.0,,,1,0,0,4
2022,22,30.508536585365853,30.2,30.8,60.926829268292686,58.0,63.0,1013.739024390244,1013.7,1014.0,False,44.24512195121951,42.1,46.1,247.17073170731706,2.8292682926829267,3.9,BOT,23137.076923076922,17745.0,46704.6875,36852.0,40689.5625,31534.0,86189.0,509387.49999999977,2.0,,,,3.0,,,,,,4.454545454545454,,,,,,191.27272727272728,,,,,,221.0,,,,,,108161.54545454546,,,,,,86189.0,,,1,0,0,4
2022,22,30.508536585365853,30.2,30.8,60.926829268292686,58.0,63.0,1013.739024390244,1013.7,1014.0,False,44.24512195121951,42.1,46.1,247.17073170731706,2.8292682926829267,3.9,GAS,23902.0,17635.0,47811.666666666664,36858.0,43671.5,31716.0,86239.0,1390691.0,1.0,,,1.0,2.0,,,,,3.0,4.0,,,,,203.66666666666666,171.6,,,,,217.0,221.0,,,,,111488.0,111097.2,,,,,87686.0,86239.0,,,1,0,0,4
2022,22,30.508536585365853,30.2,30.8,60.926829268292686,58.0,63.0,1013.739024390244,1013.7,1014.0,False,44.24512195121951,42.1,46.1,247.17073170731706,2.8292682926829267,3.9,HAM,26656.69230769231,17508.0,45930.68421052631,36723.0,43405.78947368421,30991.0,85222.0,192264.33333333328,6.0,,,,7.0,,,,,,6.166666666666667,,,,,,176.16666666666666,,,,,,217.0,,,,,,93507.0,,,,,,85222.0,,,1,0,0,4
2022,22,30.508536585365853,30.2,30.8,60.926829268292686,58.0,63.0,1013.739024390244,1013.7,1014.0,False,44.24512195121951,42.1,46.1,247.17073170731706,2.8292682926829267,3.9,LAT,25086.0,17703.0,44508.142857142855,36717.0,43795.230769230766,32058.0,86646.0,527525.0,2.0,,,,3.0,,,,,,4.0,,,,,,185.25,,,,,,223.0,,,,,,109420.25,,,,,,86646.0,,,1,0,0,4
2022,22,30.508536585365853,30.2,30.8,60.926829268292686,58.0,63.0,1013.739024390244,1013.7,1014.0,False,44.24512195121951,42.1,46.1,247.17073170731706,2.8292682926829267,3.9,LEC,23732.894736842107,17503.0,47125.565217391304,36807.0,39507.69565217391,31156.0,85571.0,261833.24999999994,4.0,,,3.0,5.0,,,,,9.666666666666666,4.333333333333333,,,,,215.44444444444446,164.66666666666666,,,,,219.0,218.0,,,,,93064.77777777778,100325.0,,,,,86095.0,85571.0,,,1,0,0,4
2022,22,30.508536585365853,30.2,30.8,60.926829268292686,58.0,63.0,1013.739024390244,1013.7,1014.0,False,44.24512195121951,42.1,46.1,247.17073170731706,2.8292682926829267,3.9,MAG,26189.666666666668,17742.0,46497.25,36981.0,43351.8,31575.0,86356.0,247709.75,4.0,,,,5.0,,,,,,6.0,,,,,,186.27272727272728,,,,,,220.0,,,,,,107576.09090909091,,,,,,86356.0,,,1,0,0,4
2022,22,30.508536585365853,30.2,30.8,60.926829268292686,58.0,63.0,1013.739024390244,1013.7,1014.0,False,44.24512195121951,42.1,46.1,247.17073170731706,2.8292682926829267,3.9,MSC,24851.4375,17784.0,45530.52631578947,36931.0,39507.0,31758.0,86473.0,495951.0,3.0,,,,4.0,,,,,,5.181818181818182,,,,,,194.9090909090909,,,,,,218.0,,,,,,104386.81818181818,,,,,,86473.0,,,1,0,0,4
2022,22,30.508536585365853,30.2,30.8,60.926829268292686,58.0,63.0,1013.739024390244,1013.7,1014.0,False,44.24512195121951,42.1,46.1,247.17073170731706,2.8292682926829267,3.9,NOR,26373.090909090908,17564.0,44491.26666666667,36783.0,40989.73333333333,31171.0,85518.0,257707.8,5.0,,,,6.0,,,,,,4.666666666666667,,,,,,189.33333333333334,,,,,,220.0,,,,,,106001.66666666667,,,,,,85518.0,,,1,0,0,4
2022,22,30.508536585365853,30.2,30.8,60.926829268292686,58.0,63.0,1013.739024390244,1013.7,1014.0,False,44.24512195121951,42.1,46.1,247.17073170731706,2.8292682926829267,3.9,OCO,22746.64285714286,17673.0,45642.0,36808.0,41302.25,31592.0,86073.0,587178.0,2.0,,,3.0,2.0,,,,,5.285714285714286,3.5,,,,,188.14285714285714,204.25,,,,,219.0,220.0,,,,,110091.85714285714,109484.0,,,,,86302.0,86073.0,,,1,0,0,4
2022,22,30.508536585365853,30.2,30.8,60.926829268292686,58.0,63.0,1013.739024390244,1013.7,1014.0,False,44.24512195121951,42.1,46.1,247.17073170731706,2.8292682926829267,3.9,PER,24925.583333333332,17464.0,48329.8,36366.0,43164.5,31133.0,84982.0,572631.5,2.0,,,3.0,2.0,,,,,4.4,3.5,,,,,173.0,197.5,,,,,219.0,221.0,,,,,113918.2,112768.0,,,,,85861.0,84982.0,,,1,0,0,4
2022,22,30.508536585365853,30.2,30.8,60.926829268292686,58.0,63.0,1013.739024390244,1013.7,1014.0,False,44.24512195121951,42.1,46.1,247.17073170731706,2.8292682926829267,3.9,RIC,23874.2,17624.0,42753.22222222222,36807.0,38632.27777777778,31519.0,85950.0,357928.0,4.0,,,,5.0,,,,,,5.363636363636363,,,,,,192.9090909090909,,,,,,217.0,,,,,,100228.81818181818,,,,,,85950.0,,,1,0,0,4
2022,22,30.508536585365853,30.2,30.8,60.926829268292686,58.0,63.0,1013.739024390244,1013.7,1014.0,False,44.24512195121951,42.1,46.1,247.17073170731706,2.8292682926829267,3.9,RUS,23264.1,17468.0,44811.73333333333,36605.0,43756.26666666667,31293.0,85395.0,457028.0,4.0,,,,5.0,,,,,,4.4,,,,,,184.0,,,,,,218.0,,,,,,94882.0,,,,,,85395.0,,,1,0,0,4
2022,22,30.508536585365853,30.2,30.8,60.926829268292686,58.0,63.0,1013.739024390244,1013.7,1014.0,False,44.24512195121951,42.1,46.1,247.17073170731706,2.8292682926829267,3.9,SAI,24280.63157894737,17565.0,46640.17391304348,36817.0,40029.63636363636,31219.0,85605.0,268871.49999999994,4.0,,,4.0,5.0,,,,,9.75,4.25,,,,,213.75,183.75,,,,,216.0,220.0,,,,,88397.5,113113.5,,,,,86386.0,85605.0,,,1,0,0,4
2022,22,30.508536585365853,30.2,30.8,60.926829268292686,58.0,63.0,1013.739024390244,1013.7,1014.0,False,44.24512195121951,42.1,46.1,247.17073170731706,2.8292682926829267,3.9,STR,26417.058823529413,17696.0,46959.15789473684,37034.0,43628.89473684211,31545.0,86298.0,509295.6666666667,3.0,,,,4.0,,,,,,5.083333333333333,,,,,,187.58333333333334,,,,,,220.0,,,,,,110336.5,,,,,,86298.0,,,1,0,0,4
2022,22,30.508536585365853,30.2,30.8,60.926829268292686,58.0,63.0,1013.739024390244,1013.7,1014.0,False,44.24512195121951,42.1,46.1,247.17073170731706,2.8292682926829267,3.9,TSU,24192.2,17645.0,46316.77777777778,36923.0,42596.77777777778,31602.0,86170.0,223684.0,2.0,,,2.0,3.0,,,,,6.142857142857143,4.5,,,,,193.85714285714286,174.83333333333334,,,,,220.0,222.0,,,,,111062.28571428571,113699.5,,,,,86776.0,86170.0,,,1,0,0,4
2022,22,30.508536585365853,30.2,30.8,60.926829268292686,58.0,63.0,1013.739024390244,1013.7,1014.0,False,44.24512195121951,42.1,46.1,247.17073170731706,2.8292682926829267,3.9,VER,26943.333333333332,17447.0,51446.07142857143,36585.0,43557.42857142857,31029.0,85134.0,179548.0,2.0,,,,3.0,,,,,,5.714285714285714,,,,,,184.85714285714286,,,,,,221.0,,,,,,104399.14285714286,,,,,,85134.0,,,1,0,0,4
2022,22,30.508536585365853,30.2,30.8,60.926829268292686,58.0,63.0,1013.739024390244,1013.7,1014.0,False,44.24512195121951,42.1,46.1,247.17073170731706,2.8292682926829267,3.9,VET,23239.2,17593.0,47844.92307692308,36978.0,43854.166666666664,31434.0,86012.0,509944.3333333333,3.0,,,,4.0,,,,,,4.333333333333333,,,,,,216.33333333333334,,,,,,222.0,,,,,,102133.83333333333,,,,,,86012.0,,,1,0,0,4
2022,22,30.508536585365853,30.2,30.8,60.926829268292686,58.0,63.0,1013.739024390244,1013.7,1014.0,False,44.24512195121951,42.1,46.1,247.17073170731706,2.8292682926829267,3.9,ZHO,23331.153846153848,17710.0,45786.9375,37079.0,40583.8125,31656.0,86482.0,496336.5,2.0,,,,3.0,,,,,,4.454545454545454,,,,,,193.0909090909091,,,,,,221.0,,,,,,106864.09090909091,,,,,,86482.0,,,1,0,0,4
2023,1,28.0,27.6,28.5,19.8953488372093,14.0,26.0,1017.0430232558139,1016.9,1017.2,False,40.57093023255814,38.8,42.0,299.63953488372096,1.7779069767441862,3.5,ALB,40671.5,29703.0,51655.8,40598.0,28442.733333333334,23473.0,93882.0,278797.0,3.0,,,,4.0,,,,,,5.428571428571429,,,,,,251.14285714285714,,,,,,291.0,,,,,,111536.0,,,,,,93882.0,,,0,0,0,0
2023,1,28.0,27.6,28.5,19.8953488372093,14.0,26.0,1017.0430232558139,1016.9,1017.2,False,40.57093023255814,38.8,42.0,299.63953488372096,1.7779069767441862,3.5,ALO,45231.72727272727,29410.0,49115.846153846156,39895.0,29176.384615384617,23035.0,92340.0,378436.0,3.0,,,,4.0,,,,,,3.857142857142857,,,,,,253.71428571428572,,,,,,284.0,,,,,,117537.85714285714,,,,,,92340.0,,,0,0,0,0
2023,1,28.0,27.6,28.5,19.8953488372093,14.0,26.0,1017.0430232558139,1016.9,1017.2,False,40.57093023255814,38.8,42.0,299.63953488372096,1.7779069767441862,3.5,BOT,44320.454545454544,29625.0,52999.78571428572,40511.0,29157.14285714286,23339.0,93629.0,314068.5,4.0,,,,5.0,,,,,,3.8,,,,,,234.8,,,,,,282.0,,,,,,105995.6,,,,,,93629.0,,,0,0,0,0
2023,1,28.0,27.6,28.5,19.8953488372093,14.0,26.0,1017.0430232558139,1016.9,1017.2,False,40.57093023255814,38.8,42.0,299.63953488372096,1.7779069767441862,3.5,DEV,40737.8125,29844.0,50687.333333333336,40719.0,28777.333333333332,23483.0,94082.0,243906.33333333334,3.0,,,,4.0,,,,,,4.916666666666667,,,,,,250.08333333333334,,,,,,285.0,,,,,,114943.33333333333,,,,,,94082.0,,,0,0,0,0
2023,1,28.0,27.6,28.5,19.8953488372093,14.0,26.0,1017.0430232558139,1016.9,1017.2,False,40.57093023255814,38.8,42.0,299.63953488372096,1.7779069767441862,3.5,GAS,43664.181818181816,29755.0,52603.0,40127.0,28804.923076923078,23182.0,93064.0,457452.49999999977,2.0,,,,3.0,,,,,,3.5,,,,,,244.125,,,,,,286.0,,,,,,116431.0,,,,,,93064.0,,,0,0,0,0
2023,1,28.0,27.6,28.5,19.8953488372093,14.0,26.0,1017.0430232558139,1016.9,1017.2,False,40.57093023255814,38.8,42.0,299.63953488372096,1.7779069767441862,3.5,HAM,39892.57142857143,29330.0,51362.23529411765,40084.0,28323.29411764706,23139.0,92555.0,238964.75,4.0,,,,5.0,,,,,,6.0,,,,,,282.375,,,,,,286.0,,,,,,100841.5,,,,,,92555.0,,,0,0,0,0
2023,1,28.0,27.6,28.5,19.8953488372093,14.0,26.0,1017.0430232558139,1016.9,1017.2,False,40.57093023255814,38.8,42.0,299.63953488372096,1.7779069767441862,3.5,HUL,38176.65,29830.0,47686.13043478261,40369.0,27146.91304347826,23224.0,93423.0,385768.6666666667,3.0,,,2.0,4.0,,,,,8.454545454545455,4.75,,,,,275.8181818181818,222.5,,,,,282.0,281.0,,,,,104187.63636363637,113073.25,,,,,96150.0,93423.0,,,0,0,0,0
2023,1,28.0,27.6,28.5,19.8953488372093,14.0,26.0,1017.0430232558139,1016.9,1017.2,False,40.57093023255814,38.8,42.0,299.63953488372096,1.7779069767441862,3.5,LEC,41979.61111111111,29457.0,51751.52380952381,39911.0,28577.571428571428,23256.0,92624.0,213110.0,4.0,,,,5.0,,,,,,8.5,,,,,,279.1,,,,,,285.0,,,,,,99882.3,,,,,,92624.0,,,0,0,0,0
2023,1,28.0,27.6,28.5,19.8953488372093,14.0,26.0,1017.0430232558139,1016.9,1017.2,False,40.57093023255814,38.8,42.0,299.63953488372096,1.7779069767441862,3.5,MAG,36536.27777777778,29828.0,51351.857142857145,40163.0,28309.285714285714,23390.0,93381.0,579606.5,2.0,,,2.0,3.0,,,,,7.9,4.0,,,,,275.4,213.4,,,,,281.0,283.0,,,,,104554.9,122104.6,,,,,96240.0,93381.0,,,0,0,0,0
2023,1,28.0,27.6,28.5,19.8953488372093,14.0,26.0,1017.0430232558139,1016.9,1017.2,False,40.57093023255814,38.8,42.0,299.63953488372096,1.7779069767441862,3.5,NOR,38142.916666666664,29634.0,50565.625,40120.0,29284.5,23448.0,93202.0,665977.6666666666,3.0,,,,4.0,,,,,,4.714285714285714,,,,,,245.85714285714286,,,,,,284.0,,,,,,109971.0,,,,,,93202.0,,,0,0,0,0
2023,1,28.0,27.6,28.5,19.8953488372093,14.0,26.0,1017.0430232558139,1016.9,1017.2,False,40.57093023255814,38.8,42.0,299.63953488372096,1.7779069767441862,3.5,OCO,40330.5,29478.0,50113.3125,40284.0,27972.4375,23354.0,93116.0,546638.0,2.0,,,,3.0,,,,,,4.454545454545454,,,,,,243.72727272727272,,,,,,287.0,,,,,,113032.81818181818,,,,,,93116.0,,,0,0,0,0
2023,1,28.0,27.6,28.5,19.8953488372093,14.0,26.0,1017.0430232558139,1016.9,1017.2,False,40.57093023255814,38.8,42.0,299.63953488372096,1.7779069767441862,3.5,PER,43119.666666666664,29442.0,51749.75,39899.0,29547.0,23105.0,92446.0,414420.0,3.0,2.0,,,4.0,,,3.5,,,3.5,,,267.5,,,173.5,,,285.0,,,286.0,,,94572.5,,,109758.5,,,94049.0,,,92446.0,,,0,0,0,0
2023,1,28.0,27.6,28.5,19.8953488372093,14.0,26.0,1017.0430232558139,1016.9,1017.2,False,40.57093023255814,38.8,42.0,299.63953488372096,1.7779069767441862,3.5,PIA,38778.444444444445,29569.0,50116.75,40084.0,28882.75,23392.0,93045.0,635277.5,2.0,,,,3.0,,,,,,3.5,,,,,,233.5,,,,,,284.0,,,,,,115484.16666666667,,,,,,93045.0,,,0,0,0,0
2023,1,28.0,27.6,28.5,19.8953488372093,14.0,26.0,1017.0430232558139,1016.9,1017.2,False,40.57093023255814,38.8,42.0,299.63953488372096,1.7779069767441862,3.5,RUS,41217.28571428572,29427.0,53978.17647058824,40228.0,29450.647058823528,23076.0,92731.0,191676.0,4.0,,,,4.0,,,,,,6.571428571428571,,,,,,278.0,,,,,,284.0,,,,,,95965.71428571429,,,,,,92731.0,,,0,0,0,0
2023,1,28.0,27.6,28.5,19.8953488372093,14.0,26.0,1017.0430232558139,1016.9,1017.2,False,40.57093023255814,38.8,42.0,299.63953488372096,1.7779069767441862,3.5,SAI,42002.27777777778,29522.0,52546.42857142857,40112.0,28189.761904761905,23311.0,92945.0,202946.0,4.0,,,,5.0,,,,,,7.7272727272727275,,,,,,249.54545454545453,,,,,,285.0,,,,,,108389.72727272728,,,,,,92945.0,,,0,0,0,0
2023,1,28.0,27.6,28.5,19.8953488372093,14.0,26.0,1017.0430232558139,1016.9,1017.2,False,40.57093023255814,38.8,42.0,299.63953488372096,1.7779069767441862,3.5,SAR,41205.833333333336,29785.0,51880.4,40456.0,28275.866666666665,23388.0,93665.0,201633.0,4.0,,,,4.0,5.0,,,,,6.0,2.0,,,,,286.0,64.0,,,,,287.0,64.0,,,,,95011.0,126871.0,,,,,93665.0,126871.0,,0,0,0,0
2023,1,28.0,27.6,28.5,19.8953488372093,14.0,26.0,1017.0430232558139,1016.9,1017.2,False,40.57093023255814,38.8,42.0,299.63953488372096,1.7779069767441862,3.5,STR,40219.307692307695,29551.0,49636.3125,40273.0,28756.375,23095.0,92919.0,400191.0,3.0,,,,4.0,,,,,,4.0,,,,,,244.77777777777777,,,,,,284.0,,,,,,115331.11111111111,,,,,,92919.0,,,0,0,0,0
2023,1,28.0,27.6,28.5,19.8953488372093,14.0,26.0,1017.0430232558139,1016.9,1017.2,False,40.57093023255814,38.8,42.0,299.63953488372096,1.7779069767441862,3.5,TSU,40292.230769230766,29662.0,51980.46666666667,40422.0,27651.8,23332.0,93475.0,433047.0,2.0,,,,3.0,,,,,,4.1,,,,,,239.6,,,,,,285.0,,,,,,115956.1,,,,,,93475.0,,,0,0,0,0
2023,1,28.0,27.6,28.5,19.8953488372093,14.0,26.0,1017.0430232558139,1016.9,1017.2,False,40.57093023255814,38.8,42.0,299.63953488372096,1.7779069767441862,3.5,VER,41128.3,29348.0,53341.230769230766,39802.0,29877.0,23195.0,92345.0,503318.49999999977,2.0,1.0,,,3.0,,,4.25,,,3.5,,,287.0,,,173.5,,,289.0,,,285.0,,,123979.0,,,111217.5,,,93704.0,,,92345.0,,,0,0,0,0
2023,1,28.0,27.6,28.5,19.8953488372093,14.0,26.0,1017.0430232558139,1016.9,1017.2,False,40.57093023255814,38.8,42.0,299.63953488372096,1.7779069767441862,3.5,ZHO,44589.3,29642.0,50993.92307692308,40188.0,29350.30769230769,23350.0,93180.0,354923.25,4.0,,,,5.0,,,,,,3.75,,,,,,224.0,,,,,,281.0,,,,,,102230.5,,,,,,93180.0,,,0,0,0,0
2023,2,27.070731707317076,26.8,27.5,57.46341463414634,54.0,61.0,1008.9499999999999,1008.7,1009.2,False,40.171951219512195,37.0,43.5,332.4390243902439,3.5353658536585364,5.5,ALB,43106.933333333334,32747.999999999996,36207.72222222222,28446.0,35384.833333333336,28784.0,89983.0,495158.99999999977,2.0,,,,3.0,,,,,,4.75,,,,,,284.0,,,,,,305.0,,,,,,112639.5,,,,,,89983.0,,,0,0,0,0
2023,2,27.070731707317076,26.8,27.5,57.46341463414634,54.0,61.0,1008.9499999999999,1008.7,1009.2,False,40.171951219512195,37.0,43.5,332.4390243902439,3.5353658536585364,5.5,ALO,40765.41176470588,32479.0,33692.42857142857,28225.0,35558.76190476191,28779.0,89483.0,384390.0,4.0,3.0,,,5.0,,,4.5,,,5.285714285714286,,,290.3333333333333,,,266.7142857142857,,,295.0,,,303.0,,,97706.66666666667,,,111143.85714285714,,,92561.0,,,89483.0,,,0,0,0,0
2023,2,27.070731707317076,26.8,27.5,57.46341463414634,54.0,61.0,1008.9499999999999,1008.7,1009.2,False,40.171951219512195,37.0,43.5,332.4390243902439,3.5353658536585364,5.5,BOT,41979.05882352941,32662.999999999996,32889.65,28559.0,34691.2,29095.0,90317.0,346074.3333333332,3.0,,,,4.0,,,,,,5.538461538461538,,,,,,277.38461538461536,,,,,,300.0,,,,,,103260.0,,,,,,90317.0,,,0,0,0,0
2023,2,27.070731707317076,26.8,27.5,57.46341463414634,54.0,61.0,1008.9499999999999,1008.7,1009.2,False,40.171951219512195,37.0,43.5,332.4390243902439,3.5353658536585364,5.5,GAS,42814.666666666664,32576.0,34706.84210526316,28337.0,32684.473684210527,28636.0,89701.0,396953.3333333333,3.0,,,,4.0,,,,,,5.0,,,,,,278.54545454545456,,,,,,304.0,,,,,,105948.36363636363,,,,,,89701.0,,,0,0,0,0
2023,2,27.070731707317076,26.8,27.5,57.46341463414634,54.0,61.0,1008.9499999999999,1008.7,1009.2,False,40.171951219512195,37.0,43.5,332.4390243902439,3.5353658536585364,5.5,HAM,48463.73333333333,32546.0,35551.444444444445,28335.0,35505.166666666664,28687.0,89568.0,360584.6666666667,3.0,,,,4.0,,,,,,5.0,,,,,,263.0,,,,,,301.0,,,,,,103485.0,,,,,,89568.0,,,0,0,0,0
2023,2,27.070731707317076,26.8,27.5,57.46341463414634,54.0,61.0,1008.9499999999999,1008.7,1009.2,False,40.171951219512195,37.0,43.5,332.4390243902439,3.5353658536585364,5.5,HUL,43673.73333333333,32765.0,35294.05263157895,28426.0,34064.84210526316,28725.0,89933.0,273875.49999999994,4.0,,,2.0,5.0,,,,,5.5,4.25,,,,,295.0,256.75,,,,,298.0,303.0,,,,,110921.33333333333,108688.25,,,,,91165.0,89933.0,,,0,0,0,0
2023,2,27.070731707317076,26.8,27.5,57.46341463414634,54.0,61.0,1008.9499999999999,1008.7,1009.2,False,40.171951219512195,37.0,43.5,332.4390243902439,3.5353658536585364,5.5,LEC,45070.153846153844,32566.000000000004,37259.8125,28326.0,35435.0,28696.0,89588.0,654469.0,2.0,,,2.0,3.0,,,,,4.8,3.3333333333333335,,,,,291.6,296.3333333333333,,,,,298.0,297.0,,,,,103936.6,99566.66666666667,,,,,90604.0,89588.0,,,0,0,0,0
2023,2,27.070731707317076,26.8,27.5,57.46341463414634,54.0,61.0,1008.9499999999999,1008.7,1009.2,False,40.171951219512195,37.0,43.5,332.4390243902439,3.5353658536585364,5.5,MAG,46350.666666666664,32723.999999999996,36251.8,28475.0,36830.2,28680.0,90131.0,428166.6666666667,3.0,,,1.0,4.0,,,,,3.0,4.75,,,,,295.0,225.0,,,,,299.0,299.0,,,,,108040.66666666667,104642.25,,,,,91245.0,90131.0,,,0,0,0,0
2023,2,27.070731707317076,26.8,27.5,57.46341463414634,54.0,61.0,1008.9499999999999,1008.7,1009.2,False,40.171951219512195,37.0,43.5,332.4390243902439,3.5353658536585364,5.5,NOR,44788.0,32427.999999999996,40210.166666666664,28437.0,36497.666666666664,28825.0,89690.0,406411.6666666667,3.0,,,,4.0,,,,,,7.125,,,,,,263.5,,,,,,302.0,,,,,,107202.875,,,,,,89690.0,,,0,0,0,0
2023,2,27.070731707317076,26.8,27.5,57.46341463414634,54.0,61.0,1008.9499999999999,1008.7,1009.2,False,40.171951219512195,37.0,43.5,332.4390243902439,3.5353658536585364,5.5,OCO,41289.066666666666,32648.000000000004,34164.15789473684,28516.0,33974.52631578947,28704.0,89953.0,383923.0,3.0,,,,4.0,,,,,,5.0,,,,,,281.6363636363636,,,,,,303.0,,,,,,105803.54545454546,,,,,,89953.0,,,0,0,0,0
2023,2,27.070731707317076,26.8,27.5,57.46341463414634,54.0,61.0,1008.9499999999999,1008.7,1009.2,False,40.171951219512195,37.0,43.5,332.4390243902439,3.5353658536585364,5.5,PER,45712.666666666664,32308.999999999996,37647.53333333333,28223.0,37375.066666666666,28373.0,89098.0,536275.0,2.0,,,,3.0,,,,,,7.166666666666667,,,,,,305.3333333333333,,,,,,308.0,,,,,,97026.5,,,,,,89098.0,,,0,0,0,0
2023,2,27.070731707317076,26.8,27.5,57.46341463414634,54.0,61.0,1008.9499999999999,1008.7,1009.2,False,40.171951219512195,37.0,43.5,332.4390243902439,3.5353658536585364,5.5,PIA,41317.55,32353.0,32875.782608695656,28445.0,33974.17391304348,28865.0,89698.0,455213.0,2.0,,,3.0,2.0,,,,,7.181818181818182,4.5,,,,,267.1818181818182,296.1666666666667,,,,,294.0,303.0,,,,,105339.27272727272,109270.66666666667,,,,,91161.0,89698.0,,,0,0,0,0
2023,2,27.070731707317076,26.8,27.5,57.46341463414634,54.0,61.0,1008.9499999999999,1008.7,1009.2,False,40.171951219512195,37.0,43.5,332.4390243902439,3.5353658536585364,5.5,RUS,46434.0625,32479.999999999996,37815.0,28410.0,35074.21052631579,28894.0,89811.0,480791.5,2.0,,,,3.0,,,,,,5.076923076923077,,,,,,279.0,,,,,,305.0,,,,,,115953.53846153847,,,,,,89811.0,,,0,0,0,0
2023,2,27.070731707317076,26.8,27.5,57.46341463414634,54.0,61.0,1008.9499999999999,1008.7,1009.2,False,40.171951219512195,37.0,43.5,332.4390243902439,3.5353658536585364,5.5,SAI,43676.846153846156,32502.000000000004,39065.0625,28450.0,36210.0625,28734.0,89761.0,597524.5,2.0,,,2.0,3.0,,,,,5.25,3.3333333333333335,,,,,288.0,294.6666666666667,,,,,293.0,297.0,,,,,92868.5,98772.33333333333,,,,,90828.0,89761.0,,,0,0,0,0
2023,2,27.070731707317076,26.8,27.5,57.46341463414634,54.0,61.0,1008.9499999999999,1008.7,1009.2,False,40.171951219512195,37.0,43.5,332.4390243902439,3.5353658536585364,5.5,SAR,41316.357142857145,32743.000000000004,36247.666666666664,28458.0,35320.166666666664,28730.0,90035.0,287153.0,3.0,,,,4.0,,,,,,4.7,,,,,,280.5,,,,,,306.0,,,,,,111442.6,,,,,,90035.0,,,0,0,0,0
2023,2,27.070731707317076,26.8,27.5,57.46341463414634,54.0,61.0,1008.9499999999999,1008.7,1009.2,False,40.171951219512195,37.0,43.5,332.4390243902439,3.5353658536585364,5.5,STR,41768.76470588235,32452.0,32641.428571428572,28461.0,34714.04761904762,28596.0,89509.0,402046.25,4.0,3.0,,,5.0,,,5.5,,,4.8,,,293.75,,,257.0,,,298.0,,,301.0,,,101148.5,,,108415.4,,,91031.0,,,89509.0,,,0,0,0,0
2023,2,27.070731707317076,26.8,27.5,57.46341463414634,54.0,61.0,1008.9499999999999,1008.7,1009.2,False,40.171951219512195,37.0,43.5,332.4390243902439,3.5353658536585364,5.5,TSU,46608.5,32853.0,34188.85,28929.0,33604.7,29015.0,90797.0,217757.66666666666,3.0,,,4.0,,,,,,10.5,,,,,,277.5,,,,,,302.0,,,,,,109658.35714285714,,,,,,90797.0,,,,0,0,0,0
2023,2,27.070731707317076,26.8,27.5,57.46341463414634,54.0,61.0,1008.9499999999999,1008.7,1009.2,False,40.171951219512195,37.0,43.5,332.4390243902439,3.5353658536585364,5.5,VER,43977.94117647059,32143.0,35737.4,28067.0,35656.05,28232.0,88485.0,473283.5,2.0,1.0,,,3.0,,,4.666666666666667,,,5.8,,,305.5,,,256.2,,,306.0,,,310.0,,,105830.5,,,100661.0,,,89549.0,,,88485.0,,,0,0,0,0
2023,2,27.070731707317076,26.8,27.5,57.46341463414634,54.0,61.0,1008.9499999999999,1008.7,1009.2,False,40.171951219512195,37.0,43.5,332.4390243902439,3.5353658536585364,5.5,ZHO,40914.27777777778,32773.0,34342.09523809524,28403.0,34952.80952380953,28741.0,89917.0,454612.5,2.0,,,,3.0,,,,,,5.666666666666667,,,,,,278.8,,,,,,301.0,,,,,,107778.4,,,,,,89917.0,,,0,0,0,0
2023,3,14.895238095238096,14.0,15.5,59.654761904761905,56.0,64.0,1019.4571428571428,1019.2,1019.7,True,23.510714285714286,20.5,26.1,131.42857142857142,1.4059523809523808,2.9,ALB,35466.619047619046,27243.0,21042.761904761905,17644.0,43173.11111111111,33477.0,78553.0,224568.66666666666,3.0,,,,3.0,,,,,,4.764705882352941,,,,,,301.05882352941177,,,,,,305.0,,,,,,97734.17647058824,,,,,,78553.0,,,1,0,0,6
2023,3,14.895238095238096,14.0,15.5,59.654761904761905,56.0,64.0,1019.4571428571428,1019.2,1019.7,True,23.510714285714286,20.5,26.1,131.42857142857142,1.4059523809523808,2.9,ALO,33745.4,26853.0,19523.16,17639.0,41391.666666666664,33171.0,77727.0,279654.3999999999,5.0,,,,6.0,,,,,,6.05,,,,,,279.45,,,,,,304.0,,,,,,92983.55,,,,,,77727.0,,,1,0,0,6
2023,3,14.895238095238096,14.0,15.5,59.654761904761905,56.0,64.0,1019.4571428571428,1019.2,1019.7,True,23.510714285714286,20.5,26.1,131.42857142857142,1.4059523809523808,2.9,BOT,34370.958333333336,27205.0,19800.304347826088,18008.0,39501.6,33596.0,78809.0,245377.0,5.0,,,1.0,6.0,,,,,3.5,7.833333333333333,,,,,295.3333333333333,292.0,,,,,297.0,301.0,,,,,90240.33333333333,88847.83333333333,,,,,80280.0,78809.0,,,1,0,0,6
2023,3,14.895238095238096,14.0,15.5,59.654761904761905,56.0,64.0,1019.4571428571428,1019.2,1019.7,True,23.510714285714286,20.5,26.1,131.42857142857142,1.4059523809523808,2.9,DEV,36578.09090909091,27384.0,20191.272727272728,18042.0,42062.23809523809,33663.0,79092.0,175352.25,4.0,,,,4.0,,,,,,5.055555555555555,,,,,,294.1666666666667,,,,,,301.0,,,,,,93341.11111111111,,,,,,79092.0,,,1,0,0,6
2023,3,14.895238095238096,14.0,15.5,59.654761904761905,56.0,64.0,1019.4571428571428,1019.2,1019.7,True,23.510714285714286,20.5,26.1,131.42857142857142,1.4059523809523808,2.9,GAS,34545.17391304348,27043.0,19956.043478260868,17695.0,42312.65,33356.0,78094.0,488006.5,2.0,,,,3.0,,,,,,6.2,,,,,,283.9,,,,,,308.0,,,,,,96121.0,,,,,,78094.0,,,1,0,0,6
2023,3,14.895238095238096,14.0,15.5,59.654761904761905,56.0,64.0,1019.4571428571428,1019.2,1019.7,True,23.510714285714286,20.5,26.1,131.42857142857142,1.4059523809523808,2.9,HAM,32911.4,27090.0,19784.24,17803.0,38542.63636363636,33237.0,78138.0,512459.5,2.0,,,,2.0,,,,,,6.409090909090909,,,,,,297.27272727272725,,,,,,307.0,,,,,,89938.81818181818,,,,,,78138.0,,,1,0,0,6
2023,3,14.895238095238096,14.0,15.5,59.654761904761905,56.0,64.0,1019.4571428571428,1019.2,1019.7,True,23.510714285714286,20.5,26.1,131.42857142857142,1.4059523809523808,2.9,HUL,32111.041666666668,27246.0,19979.708333333332,17838.0,40153.28571428572,33326.0,78410.0,791798.5,2.0,,,2.0,3.0,,,,,7.615384615384615,4.5,,,,,290.3076923076923,257.625,,,,,300.0,307.0,,,,,87051.0,100570.25,,,,,80048.0,78410.0,,,1,0,0,6
2023,3,14.895238095238096,14.0,15.5,59.654761904761905,56.0,64.0,1019.4571428571428,1019.2,1019.7,True,23.510714285714286,20.5,26.1,131.42857142857142,1.4059523809523808,2.9,LEC,34998.2962962963,27338.0,20962.88888888889,17773.0,41847.416666666664,33549.0,78691.0,354905.3333333333,3.0,,,4.0,3.0,,,,,4.0,9.705882352941176,,,,,255.85714285714286,291.70588235294116,,,,,301.0,305.0,,,,,110674.28571428571,91904.64705882352,,,,,79337.0,78691.0,,,1,0,0,6
2023,3,14.895238095238096,14.0,15.5,59.654761904761905,56.0,64.0,1019.4571428571428,1019.2,1019.7,True,23.510714285714286,20.5,26.1,131.42857142857142,1.4059523809523808,2.9,MAG,33127.08,27296.0,20249.44,17953.0,42299.30434782609,33744.0,79056.0,649731.0,2.0,,,2.0,3.0,,,,,8.6,4.5,,,,,287.73333333333335,256.25,,,,,300.0,305.0,,,,,91352.46666666666,102814.0,,,,,80024.0,79056.0,,,1,0,0,6
2023,3,14.895238095238096,14.0,15.5,59.654761904761905,56.0,64.0,1019.4571428571428,1019.2,1019.7,True,23.510714285714286,20.5,26.1,131.42857142857142,1.4059523809523808,2.9,NOR,33416.166666666664,27447.0,19224.416666666668,17951.0,36271.454545454544,33748.0,79146.0,,,,,1.0,,,,,,6.0,,,,,,293.09090909090907,,,,,,303.0,,,,,,89434.18181818182,,,,,,79146.0,,,,1,0,0,6
2023,3,14.895238095238096,14.0,15.5,59.654761904761905,56.0,64.0,1019.4571428571428,1019.2,1019.7,True,23.510714285714286,20.5,26.1,131.42857142857142,1.4059523809523808,2.9,OCO,34924.30434782609,27069.0,20203.956521739132,17620.0,40101.55,33189.0,77938.0,582004.9999999998,2.0,,,,3.0,,,,,,7.6,,,,,,280.15,,,,,,305.0,,,,,,94311.75,,,,,,77938.0,,,1,0,0,6
2023,3,14.895238095238096,14.0,15.5,59.654761904761905,56.0,64.0,1019.4571428571428,1019.2,1019.7,True,23.510714285714286,20.5,26.1,131.42857142857142,1.4059523809523808,2.9,PER,35712.17647058824,27134.0,22306.058823529413,17634.0,42636.933333333334,33285.0,78123.0,338588.0,2.0,,,,3.0,,,,,,4.642857142857143,,,,,,300.0,,,,,,310.0,,,,,,97827.64285714286,,,,,,78123.0,,,1,0,0,6
2023,3,14.895238095238096,14.0,15.5,59.654761904761905,56.0,64.0,1019.4571428571428,1019.2,1019.7,True,23.510714285714286,20.5,26.1,131.42857142857142,1.4059523809523808,2.9,PIA,34649.71428571428,27417.0,20502.095238095237,17834.0,41248.055555555555,33325.0,78713.0,461937.5,2.0,,,,2.0,,,,,,4.882352941176471,,,,,,295.5882352941176,,,,,,303.0,,,,,,93138.17647058824,,,,,,78713.0,,,1,0,0,6
2023,3,14.895238095238096,14.0,15.5,59.654761904761905,56.0,64.0,1019.4571428571428,1019.2,1019.7,True,23.510714285714286,20.5,26.1,131.42857142857142,1.4059523809523808,2.9,RUS,32047.17391304348,26985.0,20025.82608695652,17754.0,37483.0,33205.0,77955.0,587942.5,2.0,,,,2.0,,,,,,5.5,,,,,,294.7,,,,,,302.0,,,,,,87926.05,,,,,,77955.0,,,1,0,0,6
2023,3,14.895238095238096,14.0,15.5,59.654761904761905,56.0,64.0,1019.4571428571428,1019.2,1019.7,True,23.510714285714286,20.5,26.1,131.42857142857142,1.4059523809523808,2.9,SAI,34581.58620689655,27078.0,20101.172413793105,17767.0,41233.96,33282.0,78127.0,286600.25,4.0,,,5.0,4.0,,,,,4.5,9.875,,,,,256.625,292.375,,,,,304.0,304.0,,,,,98252.5,93891.75,,,,,78328.0,78127.0,,,1,0,0,6
2023,3,14.895238095238096,14.0,15.5,59.654761904761905,56.0,64.0,1019.4571428571428,1019.2,1019.7,True,23.510714285714286,20.5,26.1,131.42857142857142,1.4059523809523808,2.9,SAR,36914.55,27392.0,21031.95,17649.0,42678.470588235294,33710.0,78947.0,304286.0,3.0,,,,3.0,,,,,,4.5625,,,,,,299.0625,,,,,,307.0,,,,,,94571.875,,,,,,78947.0,,,1,0,0,6
2023,3,14.895238095238096,14.0,15.5,59.654761904761905,56.0,64.0,1019.4571428571428,1019.2,1019.7,True,23.510714285714286,20.5,26.1,131.42857142857142,1.4059523809523808,2.9,STR,35967.666666666664,27006.0,20677.636363636364,17669.0,38294.17647058824,33435.0,78198.0,314304.20000000007,5.0,,,,4.0,,,,,,5.0625,,,,,,295.375,,,,,,302.0,,,,,,91959.25,,,,,,78198.0,,,1,0,0,6
2023,3,14.895238095238096,14.0,15.5,59.654761904761905,56.0,64.0,1019.4571428571428,1019.2,1019.7,True,23.510714285714286,20.5,26.1,131.42857142857142,1.4059523809523808,2.9,TSU,36458.40909090909,27231.0,21470.409090909092,17912.0,43584.3,33721.0,78901.0,389735.0,2.0,,,,3.0,,,,,,5.368421052631579,,,,,,279.57894736842104,,,,,,300.0,,,,,,99526.8947368421,,,,,,78901.0,,,1,0,0,6
2023,3,14.895238095238096,14.0,15.5,59.654761904761905,56.0,64.0,1019.4571428571428,1019.2,1019.7,True,23.510714285714286,20.5,26.1,131.42857142857142,1.4059523809523808,2.9,VER,33649.708333333336,26801.0,20100.666666666668,17563.0,38685.19047619047,33059.0,77565.0,383570.6666666667,3.0,,,2.0,4.0,,,,,8.733333333333333,3.4,,,,,290.26666666666665,290.6,,,,,307.0,308.0,,,,,88571.4,95592.4,,,,,78741.0,77565.0,,,1,0,0,6
2023,3,14.895238095238096,14.0,15.5,59.654761904761905,56.0,64.0,1019.4571428571428,1019.2,1019.7,True,23.510714285714286,20.5,26.1,131.42857142857142,1.4059523809523808,2.9,ZHO,37527.95,27136.0,20117.4,17804.0,38986.46666666667,33390.0,78330.0,312972.6,5.0,,,1.0,4.0,,,,,4.5,4.5,,,,,295.375,290.1666666666667,,,,,300.0,302.0,,,,,91796.125,91181.0,,,,,80150.0,78330.0,,,1,0,0,6
2023,5,28.917073170731705,28.3,29.4,55.4390243902439,51.0,58.0,1018.8182926829269,1018.5,1019.2,False,47.170731707317074,42.1,51.1,134.0121951219512,2.9134146341463416,5.4,ALB,41384.05882352941,29706.0,43725.15,33730.0,32189.1,25125.0,88561.0,328090.5,2.0,,,,3.0,,,,,,5.142857142857143,,,,,,245.92857142857142,,,,,,283.0,,,,,,117275.85714285714,,,,,,88561.0,,,0,0,0,1
2023,5,28.917073170731705,28.3,29.4,55.4390243902439,51.0,58.0,1018.8182926829269,1018.5,1019.2,False,47.170731707317074,42.1,51.1,134.0121951219512,2.9134146341463416,5.4,ALO,42746.3,29594.0,43636.125,33631.0,32444.391304347828,25206.0,88618.0,172315.5,6.0,,,,7.0,,,,,,5.454545454545454,,,,,,253.8181818181818,,,,,,279.0,,,,,,108036.54545454546,,,,,,88618.0,,,0,0,0,1
2023,5,28.917073170731705,28.3,29.4,55.4390243902439,51.0,58.0,1018.8182926829269,1018.5,1019.2,False,47.170731707317074,42.1,51.1,134.0121951219512,2.9134146341463416,5.4,BOT,40658.4375,29596.0,40374.15789473684,33822.0,31979.63157894737,25038.0,88456.0,311266.25,4.0,,,,5.0,,,,,,4.7,,,,,,253.5,,,,,,281.0,,,,,,106778.8,,,,,,88456.0,,,0,0,0,1
2023,5,28.917073170731705,28.3,29.4,55.4390243902439,51.0,58.0,1018.8182926829269,1018.5,1019.2,False,47.170731707317074,42.1,51.1,134.0121951219512,2.9134146341463416,5.4,DEV,39116.05,30067.0,39172.90909090909,34094.0,31134.272727272728,25195.0,89447.0,208575.75,4.0,,,,5.0,,,,,,5.666666666666667,,,,,,252.86666666666667,,,,,,281.0,,,,,,108078.6,,,,,,89447.0,,,0,0,0,1
2023,5,28.917073170731705,28.3,29.4,55.4390243902439,51.0,58.0,1018.8182926829269,1018.5,1019.2,False,47.170731707317074,42.1,51.1,134.0121951219512,2.9134146341463416,5.4,GAS,39076.1,29594.0,40627.208333333336,33620.0,31211.125,25104.0,88428.0,342220.0,3.0,,,4.0,3.0,,,,,6.5,5.5,,,,,249.75,254.375,,,,,280.0,282.0,,,,,107896.25,113116.875,,,,,89124.0,88428.0,,,0,0,0,1
2023,5,28.917073170731705,28.3,29.4,55.4390243902439,51.0,58.0,1018.8182926829269,1018.5,1019.2,False,47.170731707317074,42.1,51.1,134.0121951219512,2.9134146341463416,5.4,HAM,44074.15789473684,29610.0,43793.17391304348,33731.0,32700.08695652174,25120.0,88718.0,232044.4,5.0,,,,6.0,,,,,,6.583333333333333,,,,,,245.75,,,,,,280.0,,,,,,107902.91666666667,,,,,,88718.0,,,0,0,0,1
2023,5,28.917073170731705,28.3,29.4,55.4390243902439,51.0,58.0,1018.8182926829269,1018.5,1019.2,False,47.170731707317074,42.1,51.1,134.0121951219512,2.9134146341463416,5.4,HUL,37944.0,29745.0,42878.75,33699.0,32427.25,24985.0,88497.0,902928.0,1.0,,,,2.0,,,,,,4.545454545454546,,,,,,258.09090909090907,,,,,,284.0,,,,,,107975.18181818182,,,,,,88497.0,,,0,0,0,1
2023,5,28.917073170731705,28.3,29.4,55.4390243902439,51.0,58.0,1018.8182926829269,1018.5,1019.2,False,47.170731707317074,42.1,51.1,134.0121951219512,2.9134146341463416,5.4,LEC,39732.95652173913,29610.0,41397.807692307695,33353.0,31961.0,24978.0,87941.0,220876.5,4.0,,,,5.0,,,,,,8.882352941176471,,,,,,256.11764705882354,,,,,,284.0,,,,,,102203.64705882352,,,,,,87941.0,,,0,0,0,1
2023,5,28.917073170731705,28.3,29.4,55.4390243902439,51.0,58.0,1018.8182926829269,1018.5,1019.2,False,47.170731707317074,42.1,51.1,134.0121951219512,2.9134146341463416,5.4,MAG,40937.916666666664,29582.0,45463.78571428572,33722.0,35164.28571428572,25184.0,88607.0,1164565.0,1.0,,,,2.0,,,,,,4.285714285714286,,,,,,254.0,,,,,,282.0,,,,,,100435.71428571429,,,,,,88607.0,,,0,0,0,1
2023,5,28.917073170731705,28.3,29.4,55.4390243902439,51.0,58.0,1018.8182926829269,1018.5,1019.2,False,47.170731707317074,42.1,51.1,134.0121951219512,2.9134146341463416,5.4,NOR,40692.13333333333,29849.0,44101.555555555555,34001.0,32225.38888888889,25495.0,89401.0,319007.0,3.0,,,,4.0,,,,,,4.818181818181818,,,,,,244.72727272727272,,,,,,282.0,,,,,,116951.45454545454,,,,,,89401.0,,,0,0,0,1
2023,5,28.917073170731705,28.3,29.4,55.4390243902439,51.0,58.0,1018.8182926829269,1018.5,1019.2,False,47.170731707317074,42.1,51.1,134.0121951219512,2.9134146341463416,5.4,OCO,39214.333333333336,29668.0,42346.52,33543.0,31697.12,25152.0,88407.0,372881.0,3.0,,,4.0,3.0,,,,,7.7,5.0,,,,,257.4,253.57142857142858,,,,,280.0,282.0,,,,,108292.3,115066.28571428571,,,,,89424.0,88407.0,,,0,0,0,1
2023,5,28.917073170731705,28.3,29.4,55.4390243902439,51.0,58.0,1018.8182926829269,1018.5,1019.2,False,47.170731707317074,42.1,51.1,134.0121951219512,2.9134146341463416,5.4,PER,41807.47368421053,29636.0,46749.13636363636,33433.0,35226.13636363636,24937.0,88050.0,301236.3333333333,3.0,,,,4.0,,,,,,6.166666666666667,,,,,,248.91666666666666,,,,,,285.0,,,,,,113573.25,,,,,,88050.0,,,0,0,0,1
2023,5,28.917073170731705,28.3,29.4,55.4390243902439,51.0,58.0,1018.8182926829269,1018.5,1019.2,False,47.170731707317074,42.1,51.1,134.0121951219512,2.9134146341463416,5.4,PIA,44346.6,29998.0,41098.88888888889,33823.0,32890.72222222222,25448.0,89375.0,196819.6,5.0,,,,6.0,,,,,,5.0,,,,,,247.625,,,,,,278.0,,,,,,104974.25,,,,,,89375.0,,,0,0,0,1
2023,5,28.917073170731705,28.3,29.4,55.4390243902439,51.0,58.0,1018.8182926829269,1018.5,1019.2,False,47.170731707317074,42.1,51.1,134.0121951219512,2.9134146341463416,5.4,RUS,41128.8125,29702.0,42094.15,33765.0,33678.5,25139.0,88606.0,344923.3333333333,3.0,,,,4.0,,,,,,5.363636363636363,,,,,,248.8181818181818,,,,,,280.0,,,,,,111019.90909090909,,,,,,88606.0,,,0,0,0,1
2023,5,28.917073170731705,28.3,29.4,55.4390243902439,51.0,58.0,1018.8182926829269,1018.5,1019.2,False,47.170731707317074,42.1,51.1,134.0121951219512,2.9134146341463416,5.4,SAI,39484.166666666664,29644.0,43465.7037037037,33414.0,31963.333333333332,25067.0,88125.0,187326.00000000006,4.0,,,,5.0,,,,,,10.133333333333333,,,,,,258.8666666666667,,,,,,283.0,,,,,,102231.33333333333,,,,,,88125.0,,,0,0,0,1
2023,5,28.917073170731705,28.3,29.4,55.4390243902439,51.0,58.0,1018.8182926829269,1018.5,1019.2,False,47.170731707317074,42.1,51.1,134.0121951219512,2.9134146341463416,5.4,SAR,42997.58823529412,30165.0,41216.0,33695.0,32352.7,25229.0,89264.0,245627.66666666666,3.0,,,,4.0,,,,,,5.230769230769231,,,,,,252.92307692307693,,,,,,283.0,,,,,,115961.46153846153,,,,,,89264.0,,,0,0,0,1
2023,5,28.917073170731705,28.3,29.4,55.4390243902439,51.0,58.0,1018.8182926829269,1018.5,1019.2,False,47.170731707317074,42.1,51.1,134.0121951219512,2.9134146341463416,5.4,STR,43061.52380952381,29883.0,41273.125,33598.0,32937.17391304348,25242.0,88723.0,181469.16666666666,6.0,,,,7.0,,,,,,5.928571428571429,,,,,,244.14285714285714,,,,,,281.0,,,,,,112323.57142857143,,,,,,88723.0,,,0,0,0,1
2023,5,28.917073170731705,28.3,29.4,55.4390243902439,51.0,58.0,1018.8182926829269,1018.5,1019.2,False,47.170731707317074,42.1,51.1,134.0121951219512,2.9134146341463416,5.4,TSU,42048.77777777778,29862.0,41461.85,34015.0,33941.8,25302.0,89179.0,226976.33333333334,3.0,,,,4.0,,,,,,5.5,,,,,,238.14285714285714,,,,,,280.0,,,,,,116327.42857142857,,,,,,89179.0,,,0,0,0,1
2023,5,28.917073170731705,28.3,29.4,55.4390243902439,51.0,58.0,1018.8182926829269,1018.5,1019.2,False,47.170731707317074,42.1,51.1,134.0121951219512,2.9134146341463416,5.4,VER,40159.71428571428,29172.0,44719.88888888889,33319.0,32632.555555555555,24909.0,87535.0,463609.0,3.0,,,,4.0,,,,,,4.857142857142857,,,,,,252.42857142857142,,,,,,284.0,,,,,,98991.28571428571,,,,,,87535.0,,,0,0,0,1
2023,5,28.917073170731705,28.3,29.4,55.4390243902439,51.0,58.0,1018.8182926829269,1018.5,1019.2,False,47.170731707317074,42.1,51.1,134.0121951219512,2.9134146341463416,5.4,ZHO,41974.9375,29839.0,40764.31578947369,33817.0,31183.052631578947,25171.0,89074.0,291520.0,4.0,,,,5.0,,,,,,4.909090909090909,,,,,,257.90909090909093,,,,,,281.0,,,,,,108967.72727272728,,,,,,89074.0,,,0,0,0,1
2023,6,27.34861111111111,26.5,28.0,34.15277777777778,32.0,38.0,1017.2027777777779,1017.0,1017.4,False,45.30833333333333,43.8,46.8,165.76388888888889,0.7,1.3,ALB,25946.82608695652,19347.0,44003.90909090909,34957.0,26611.04761904762,19517.0,73930.0,128327.0,2.0,,,,3.0,,,,,,5.55,,,,,,257.8,,,,,,268.0,,,,,,96314.3,,,,,,73930.0,,,1,0,1,6
2023,6,27.34861111111111,26.5,28.0,34.15277777777778,32.0,38.0,1017.2027777777779,1017.0,1017.4,False,45.30833333333333,43.8,46.8,165.76388888888889,0.7,1.3,ALO,24037.41176470588,18950.0,43505.470588235294,34639.0,25574.071428571428,19607.0,73697.0,496957.6666666667,3.0,,,,4.0,,,,,,4.230769230769231,,,,,,260.61538461538464,,,,,,268.0,,,,,,91704.84615384616,,,,,,73697.0,,,1,0,1,6
2023,6,27.34861111111111,26.5,28.0,34.15277777777778,32.0,38.0,1017.2027777777779,1017.0,1017.4,False,45.30833333333333,43.8,46.8,165.76388888888889,0.7,1.3,BOT,24704.95,19285.0,43173.1,34793.0,29213.61111111111,19414.0,73521.0,195876.5,4.0,,,,5.0,,,,,,4.866666666666666,,,,,,263.0,,,,,,266.0,,,,,,90648.2,,,,,,73521.0,,,1,0,1,6
2023,6,27.34861111111111,26.5,28.0,34.15277777777778,32.0,38.0,1017.2027777777779,1017.0,1017.4,False,45.30833333333333,43.8,46.8,165.76388888888889,0.7,1.3,DEV,24754.130434782608,19379.0,42427.217391304344,35004.0,26474.52380952381,19674.0,74187.0,494760.0,2.0,,,,3.0,,,,,,6.0476190476190474,,,,,,257.1904761904762,,,,,,268.0,,,,,,93798.61904761905,,,,,,74187.0,,,1,0,1,6
2023,6,27.34861111111111,26.5,28.0,34.15277777777778,32.0,38.0,1017.2027777777779,1017.0,1017.4,False,45.30833333333333,43.8,46.8,165.76388888888889,0.7,1.3,GAS,25311.25,19214.0,43009.04347826087,34578.0,26714.18181818182,19573.0,73453.0,378652.0,2.0,,,,3.0,,,,,,6.142857142857143,,,,,,246.9047619047619,,,,,,266.0,,,,,,93653.19047619047,,,,,,73453.0,,,1,0,1,6
2023,6,27.34861111111111,26.5,28.0,34.15277777777778,32.0,38.0,1017.2027777777779,1017.0,1017.4,False,45.30833333333333,43.8,46.8,165.76388888888889,0.7,1.3,HAM,25165.9375,19071.0,46925.5,34825.0,28203.2,19479.0,73486.0,323574.0,1.0,,,,2.0,,,,,,4.666666666666667,,,,,,245.06666666666666,,,,,,269.0,,,,,,101153.33333333333,,,,,,73486.0,,,1,0,1,6
2023,6,27.34861111111111,26.5,28.0,34.15277777777778,32.0,38.0,1017.2027777777779,1017.0,1017.4,False,45.30833333333333,43.8,46.8,165.76388888888889,0.7,1.3,HUL,24484.0,19258.0,43935.9375,34802.0,24246.785714285714,19508.0,73650.0,789819.0,1.0,,,,2.0,,,,,,4.642857142857143,,,,,,265.57142857142856,,,,,,269.0,,,,,,91581.07142857143,,,,,,73650.0,,,1,0,1,6
2023,6,27.34861111111111,26.5,28.0,34.15277777777778,32.0,38.0,1017.2027777777779,1017.0,1017.4,False,45.30833333333333,43.8,46.8,165.76388888888889,0.7,1.3,LEC,25888.36842105263,19236.0,47604.68421052631,34718.0,32985.0,19509.0,73475.0,236923.66666666666,3.0,,,,4.0,,,,,,5.266666666666667,,,,,,251.06666666666666,,,,,,271.0,,,,,,102755.86666666667,,,,,,73475.0,,,1,0,1,6
2023,6,27.34861111111111,26.5,28.0,34.15277777777778,32.0,38.0,1017.2027777777779,1017.0,1017.4,False,45.30833333333333,43.8,46.8,165.76388888888889,0.7,1.3,MAG,24174.5,19371.0,43233.0,34640.0,26274.18181818182,19613.0,73624.0,955599.0,1.0,,,,2.0,,,,,,3.8181818181818183,,,,,,262.6363636363636,,,,,,271.0,,,,,,92829.18181818182,,,,,,73624.0,,,1,0,1,6
2023,6,27.34861111111111,26.5,28.0,34.15277777777778,32.0,38.0,1017.2027777777779,1017.0,1017.4,False,45.30833333333333,43.8,46.8,165.76388888888889,0.7,1.3,NOR,24579.666666666668,19252.0,42626.15,34671.0,26650.105263157893,19403.0,73396.0,396042.5,2.0,,,,3.0,,,,,,5.055555555555555,,,,,,258.55555555555554,,,,,,268.0,,,,,,92937.72222222222,,,,,,73396.0,,,1,0,1,6
2023,6,27.34861111111111,26.5,28.0,34.15277777777778,32.0,38.0,1017.2027777777779,1017.0,1017.4,False,45.30833333333333,43.8,46.8,165.76388888888889,0.7,1.3,OCO,24949.166666666668,19323.0,44737.38888888889,34563.0,26192.533333333333,19526.0,73496.0,633157.0,2.0,,,,3.0,,,,,,4.933333333333334,,,,,,252.6,,,,,,267.0,,,,,,95492.26666666666,,,,,,73496.0,,,1,0,1,6
2023,6,27.34861111111111,26.5,28.0,34.15277777777778,32.0,38.0,1017.2027777777779,1017.0,1017.4,False,45.30833333333333,43.8,46.8,165.76388888888889,0.7,1.3,PER,27486.583333333332,18963.0,47378.260869565216,34360.0,27047.954545454544,19296.0,72849.0,540541.0,1.0,,,,2.0,,,,,,7.636363636363637,,,,,,237.4090909090909,,,,,,271.0,,,,,,102343.27272727272,,,,,,72849.0,,,1,0,1,6
2023,6,27.34861111111111,26.5,28.0,34.15277777777778,32.0,38.0,1017.2027777777779,1017.0,1017.4,False,45.30833333333333,43.8,46.8,165.76388888888889,0.7,1.3,PIA,23172.833333333332,19396.0,41947.666666666664,35068.0,23033.125,19515.0,73998.0,775600.0,1.0,,,,2.0,,,,,,4.5625,,,,,,266.0,,,,,,270.0,,,,,,88358.5,,,,,,73998.0,,,1,0,1,6
2023,6,27.34861111111111,26.5,28.0,34.15277777777778,32.0,38.0,1017.2027777777779,1017.0,1017.4,False,45.30833333333333,43.8,46.8,165.76388888888889,0.7,1.3,RUS,25094.764705882353,19198.0,44850.0,34754.0,25406.1875,19516.0,73590.0,459822.0,1.0,,,,2.0,,,,,,4.5625,,,,,,251.0625,,,,,,270.0,,,,,,95808.4375,,,,,,73590.0,,,1,0,1,6
2023,6,27.34861111111111,26.5,28.0,34.15277777777778,32.0,38.0,1017.2027777777779,1017.0,1017.4,False,45.30833333333333,43.8,46.8,165.76388888888889,0.7,1.3,SAI,27020.05,19164.0,46194.3,34521.0,27548.555555555555,19436.0,73261.0,324863.4999999999,2.0,,,,3.0,,,,,,5.176470588235294,,,,,,244.8235294117647,,,,,,269.0,,,,,,98566.88235294117,,,,,,73261.0,,,1,0,1,6
2023,6,27.34861111111111,26.5,28.0,34.15277777777778,32.0,38.0,1017.2027777777779,1017.0,1017.4,False,45.30833333333333,43.8,46.8,165.76388888888889,0.7,1.3,SAR,24605.842105263157,19235.0,41289.055555555555,34912.0,26607.466666666667,19704.0,73851.0,183622.66666666666,3.0,,,,4.0,,,,,,4.533333333333333,,,,,,253.4,,,,,,268.0,,,,,,92054.73333333334,,,,,,73851.0,,,1,0,1,6
2023,6,27.34861111111111,26.5,28.0,34.15277777777778,32.0,38.0,1017.2027777777779,1017.0,1017.4,False,45.30833333333333,43.8,46.8,165.76388888888889,0.7,1.3,STR,24283.5,19146.0,41101.05263157895,34276.0,25452.75,19520.0,72942.0,368527.25,4.0,,,,4.0,,,,,,4.666666666666667,,,,,,263.2,,,,,,267.0,,,,,,88747.93333333333,,,,,,72942.0,,,1,0,1,6
2023,6,27.34861111111111,26.5,28.0,34.15277777777778,32.0,38.0,1017.2027777777779,1017.0,1017.4,False,45.30833333333333,43.8,46.8,165.76388888888889,0.7,1.3,TSU,25884.14285714286,19333.0,43255.0,34763.0,26231.5,19642.0,73738.0,611063.5,2.0,,,,3.0,,,,,,5.222222222222222,,,,,,245.22222222222223,,,,,,269.0,,,,,,95587.55555555556,,,,,,73738.0,,,1,0,1,6
2023,6,27.34861111111111,26.5,28.0,34.15277777777778,32.0,38.0,1017.2027777777779,1017.0,1017.4,False,45.30833333333333,43.8,46.8,165.76388888888889,0.7,1.3,VER,25279.21052631579,18954.0,44001.055555555555,34303.0,26146.058823529413,19337.0,72776.0,473276.0,1.0,,,,2.0,,,,,,5.117647058823529,,,,,,232.8235294117647,,,,,,269.0,,,,,,96246.82352941176,,,,,,72776.0,,,1,0,1,6
2023,6,27.34861111111111,26.5,28.0,34.15277777777778,32.0,38.0,1017.2027777777779,1017.0,1017.4,False,45.30833333333333,43.8,46.8,165.76388888888889,0.7,1.3,ZHO,25048.25,19243.0,42521.95,34761.0,27455.722222222223,19638.0,73772.0,196326.0,4.0,,,,5.0,,,,,,4.866666666666666,,,,,,257.53333333333336,,,,,,268.0,,,,,,89152.33333333333,,,,,,73772.0,,,1,0,1,6
2023,7,20.459756097560977,19.5,22.1,75.15853658536585,64.0,82.0,1001.0524390243903,1000.7,1001.5,True,20.309756097560975,0.0,29.5,183.84146341463415,1.523170731707317,3.0,ALB,32636.909090909092,22206.0,38329.61538461538,30059.0,30793.75,22986.0,75851.0,695883.3333333335,3.0,,3.0,,4.0,,,,3.5,,2.3333333333333335,,,,265.75,,280.3333333333333,,,,267.0,,293.0,,,,96886.0,,109503.0,,,,86663.0,,75851.0,,,1,0,0,0
2023,7,20.459756097560977,19.5,22.1,75.15853658536585,64.0,82.0,1001.0524390243903,1000.7,1001.5,True,20.309756097560975,0.0,29.5,183.84146341463415,1.523170731707317,3.0,ALO,32094.0,22109.0,35706.357142857145,29664.0,29485.583333333332,22369.0,74264.0,1251571.4999999998,2.0,,2.0,,3.0,,,,2.0,,6.125,,,,271.0,,255.25,,,,271.0,,292.0,,,,83133.0,,90168.0,,,,83133.0,,74264.0,,,1,0,0,0
2023,7,20.459756097560977,19.5,22.1,75.15853658536585,64.0,82.0,1001.0524390243903,1000.7,1001.5,True,20.309756097560975,0.0,29.5,183.84146341463415,1.523170731707317,3.0,BOT,31322.076923076922,22271.0,36620.4,29743.0,32464.285714285714,22266.0,74360.0,1167807.5,2.0,,2.0,,3.0,,,,3.0,,2.7142857142857144,,,,253.33333333333334,,244.28571428571428,,,,267.0,,294.0,,,,98927.33333333333,,93703.0,,,,84280.0,,74360.0,,,1,0,0,0
2023,7,20.459756097560977,19.5,22.1,75.15853658536585,64.0,82.0,1001.0524390243903,1000.7,1001.5,True,20.309756097560975,0.0,29.5,183.84146341463415,1.523170731707317,3.0,DEV,30727.066666666666,22226.0,35034.705882352944,30023.0,29472.882352941175,22404.0,74693.0,738487.0,3.0,,3.0,,4.0,,,,3.0,,6.111111111111111,,,,268.3333333333333,,262.22222222222223,,,,270.0,,291.0,,,,94274.66666666667,,89718.77777777778,,,,84653.0,,74693.0,,,1,0,0,0
2023,7,20.459756097560977,19.5,22.1,75.15853658536585,64.0,82.0,1001.0524390243903,1000.7,1001.5,True,20.309756097560975,0.0,29.5,183.84146341463415,1.523170731707317,3.0,GAS,32521.727272727272,22021.0,39197.07692307692,30346.0,32532.76923076923,22902.0,75841.0,799344.9999999999,3.0,,4.0,1.0,2.0,,,,4.4,2.0,1.0,,,,228.2,286.0,289.0,,,,271.0,286.0,289.0,,,,102032.2,75841.0,121322.0,,,,84518.0,75841.0,121322.0,,,1,0,0,0
2023,7,20.459756097560977,19.5,22.1,75.15853658536585,64.0,82.0,1001.0524390243903,1000.7,1001.5,True,20.309756097560975,0.0,29.5,183.84146341463415,1.523170731707317,3.0,HAM,33262.142857142855,22084.0,36484.5,29481.0,30189.125,22281.0,74072.0,2858448.0,1.0,,,,2.0,,,,,,4.8,,,,,,236.8,,,,,,291.0,,,,,,91608.2,,,,,,74072.0,,,1,0,0,0
2023,7,20.459756097560977,19.5,22.1,75.15853658536585,64.0,82.0,1001.0524390243903,1000.7,1001.5,True,20.309756097560975,0.0,29.5,183.84146341463415,1.523170731707317,3.0,HUL,30439.777777777777,22284.0,36847.166666666664,30160.0,34549.166666666664,22544.0,74988.0,890697.6666666666,3.0,,2.0,,4.0,,,,2.0,,4.0,,,,266.0,,219.0,,,,266.0,,294.0,,,,86399.0,,99246.25,,,,86399.0,,74988.0,,,1,0,0,0
2023,7,20.459756097560977,19.5,22.1,75.15853658536585,64.0,82.0,1001.0524390243903,1000.7,1001.5,True,20.309756097560975,0.0,29.5,183.84146341463415,1.523170731707317,3.0,LEC,30662.8,22238.0,35623.41176470588,29774.0,30130.882352941175,22341.0,74353.0,511092.5000000001,4.0,,4.0,,5.0,,,,3.6666666666666665,,4.714285714285714,,,,267.0,,255.28571428571428,,,,268.0,,294.0,,,,95777.33333333333,,91646.71428571429,,,,85380.0,,74353.0,,,1,0,0,0
2023,7,20.459756097560977,19.5,22.1,75.15853658536585,64.0,82.0,1001.0524390243903,1000.7,1001.5,True,20.309756097560975,0.0,29.5,183.84146341463415,1.523170731707317,3.0,MAG,37114.444444444445,22162.0,38921.09090909091,29785.0,33058.0,22863.0,75534.0,853104.3333333334,3.0,,2.0,,4.0,,,,2.0,,2.6666666666666665,,,,268.0,,204.33333333333334,,,,268.0,,293.0,,,,86049.0,,86512.66666666667,,,,86049.0,,75534.0,,,1,0,0,0
2023,7,20.459756097560977,19.5,22.1,75.15853658536585,64.0,82.0,1001.0524390243903,1000.7,1001.5,True,20.309756097560975,0.0,29.5,183.84146341463415,1.523170731707317,3.0,NOR,29953.529411764706,22076.0,36320.5,29901.0,29679.315789473683,22465.0,74681.0,641525.0,3.0,,3.0,,4.0,,,,4.0,,7.7272727272727275,,,,267.3333333333333,,258.6363636363636,,,,268.0,,291.0,,,,100582.66666666667,,88775.63636363637,,,,85260.0,,74681.0,,,1,0,0,0
2023,7,20.459756097560977,19.5,22.1,75.15853658536585,64.0,82.0,1001.0524390243903,1000.7,1001.5,True,20.309756097560975,0.0,29.5,183.84146341463415,1.523170731707317,3.0,OCO,29952.5,22108.0,38730.07142857143,30112.0,34369.71428571428,22622.0,75266.0,763574.6666666669,3.0,,4.0,1.0,2.0,,,,4.833333333333333,2.0,1.0,,,,226.66666666666666,289.0,289.0,,,,274.0,289.0,289.0,,,,105863.5,75266.0,127106.0,,,,84262.0,75266.0,127106.0,,,1,0,0,0
2023,7,20.459756097560977,19.5,22.1,75.15853658536585,64.0,82.0,1001.0524390243903,1000.7,1001.5,True,20.309756097560975,0.0,29.5,183.84146341463415,1.523170731707317,3.0,PER,29354.545454545456,21943.0,40122.692307692305,29423.0,33171.61538461538,22421.0,73914.0,1187674.0,2.0,,2.0,,3.0,,,,3.0,,2.8,,,,272.3333333333333,,227.4,,,,274.0,,295.0,,,,97983.33333333333,,104102.0,,,,84682.0,,73914.0,,,1,0,0,0
2023,7,20.459756097560977,19.5,22.1,75.15853658536585,64.0,82.0,1001.0524390243903,1000.7,1001.5,True,20.309756097560975,0.0,29.5,183.84146341463415,1.523170731707317,3.0,PIA,29252.64285714286,22632.0,36929.0625,30011.0,30938.75,22342.0,75105.0,1093792.5,2.0,,2.0,,3.0,,,,4.0,,5.5,,,,262.2,,247.33333333333334,,,,265.0,,290.0,,,,95341.0,,88128.33333333333,,,,85827.0,,75105.0,,,1,0,0,0
2023,7,20.459756097560977,19.5,22.1,75.15853658536585,64.0,82.0,1001.0524390243903,1000.7,1001.5,True,20.309756097560975,0.0,29.5,183.84146341463415,1.523170731707317,3.0,RUS,29859.69230769231,22066.0,38326.5,29774.0,28825.733333333334,22351.0,74278.0,1141658.5,2.0,,2.0,,3.0,,,,3.5,,5.5,,,,268.5,,247.5,,,,271.0,,293.0,,,,99677.0,,88888.83333333333,,,,84259.0,,74278.0,,,1,0,0,0
2023,7,20.459756097560977,19.5,22.1,75.15853658536585,64.0,82.0,1001.0524390243903,1000.7,1001.5,True,20.309756097560975,0.0,29.5,183.84146341463415,1.523170731707317,3.0,SAI,32827.0,22143.0,35470.47368421053,29700.0,31199.052631578947,22397.0,74240.0,479518.75,4.0,,4.0,,5.0,,,,4.2,,5.428571428571429,,,,265.0,,246.0,,,,268.0,,296.0,,,,101224.0,,92520.71428571429,,,,85685.0,,74240.0,,,1,0,0,0
2023,7,20.459756097560977,19.5,22.1,75.15853658536585,64.0,82.0,1001.0524390243903,1000.7,1001.5,True,20.309756097560975,0.0,29.5,183.84146341463415,1.523170731707317,3.0,SAR,32925.25,22265.0,38571.2,30040.0,27415.75,22957.0,76529.0,23765.0,1.0,,,,2.0,,,,,,1.5,,,,,,292.5,,,,,,293.0,,,,,,101653.0,,,,,,76529.0,,,1,0,0,0
2023,7,20.459756097560977,19.5,22.1,75.15853658536585,64.0,82.0,1001.0524390243903,1000.7,1001.5,True,20.309756097560975,0.0,29.5,183.84146341463415,1.523170731707317,3.0,STR,29561.545454545456,22051.0,37492.857142857145,29853.0,31005.153846153848,22578.0,74756.0,1205533.0,2.0,,2.0,,3.0,,,,2.5,,5.5,,,,266.5,,247.66666666666666,,,,267.0,,291.0,,,,99170.5,,93596.66666666667,,,,86661.0,,74756.0,,,1,0,0,0
2023,7,20.459756097560977,19.5,22.1,75.15853658536585,64.0,82.0,1001.0524390243903,1000.7,1001.5,True,20.309756097560975,0.0,29.5,183.84146341463415,1.523170731707317,3.0,TSU,31810.083333333332,22154.0,36659.066666666666,29917.0,29747.733333333334,22588.0,74659.0,754148.0,3.0,,3.0,,4.0,,,,3.0,,4.857142857142857,,,,266.3333333333333,,253.71428571428572,,,,267.0,,291.0,,,,95027.66666666667,,92292.14285714286,,,,86303.0,,74659.0,,,1,0,0,0
2023,7,20.459756097560977,19.5,22.1,75.15853658536585,64.0,82.0,1001.0524390243903,1000.7,1001.5,True,20.309756097560975,0.0,29.5,183.84146341463415,1.523170731707317,3.0,VER,36093.36363636364,21873.0,39285.642857142855,29446.0,32981.307692307695,22345.0,73664.0,553106.9999999999,4.0,,3.0,,5.0,,,,3.6666666666666665,,2.3333333333333335,,,,271.0,,211.0,,,,273.0,,295.0,,,,101616.0,,96243.33333333333,,,,83272.0,,73664.0,,,1,0,0,0
2023,7,20.459756097560977,19.5,22.1,75.15853658536585,64.0,82.0,1001.0524390243903,1000.7,1001.5,True,20.309756097560975,0.0,29.5,183.84146341463415,1.523170731707317,3.0,ZHO,30854.23076923077,22217.0,38362.78571428572,29872.0,32678.714285714286,22512.0,74681.0,1158471.0,2.0,,2.0,,3.0,,,,3.0,,2.7142857142857144,,,,265.3333333333333,,245.85714285714286,,,,267.0,,293.0,,,,98243.0,,96323.71428571429,,,,85728.0,,74681.0,,,1,0,0,0
2023,8,14.802666666666667,14.4,15.2,90.70666666666666,90.0,92.0,1004.8786666666666,1004.7,1005.0,True,17.473333333333333,17.2,18.0,333.61333333333334,2.021333333333333,2.9,ALB,27358.571428571428,24331.0,29898.285714285714,27441.0,39193.10526315789,33607.0,85379.0,165783.0,3.0,,4.0,,,,1.0,,6.7272727272727275,,,,3.5,,271.6363636363636,,,,262.5,,277.0,,,,270.0,,91660.63636363637,,,,96657.83333333333,,85379.0,,,,91537.0,1,0,0,2
2023,8,14.802666666666667,14.4,15.2,90.70666666666666,90.0,92.0,1004.8786666666666,1004.7,1005.0,True,17.473333333333333,17.2,18.0,333.61333333333334,2.021333333333333,2.9,ALO,26539.222222222223,23866.0,29488.055555555555,27144.0,38122.8125,33301.0,84483.0,670339.0,2.0,,3.0,,,,1.0,,8.615384615384615,,,,1.5,,265.84615384615387,,,,262.5,,273.0,,,,264.0,,91615.38461538461,,,,95249.0,,84483.0,,,,92217.0,1,0,0,2
2023,8,14.802666666666667,14.4,15.2,90.70666666666666,90.0,92.0,1004.8786666666666,1004.7,1005.0,True,17.473333333333333,17.2,18.0,333.61333333333334,2.021333333333333,2.9,BOT,27153.18181818182,24113.0,30432.590909090908,27223.0,37800.6,33561.0,84988.0,384539.5,2.0,,3.0,,,,1.0,,10.470588235294118,,,,1.5,,268.4117647058824,,,,261.0,,274.0,,,,262.0,,92056.94117647059,,,,105925.0,,84988.0,,,,93805.0,1,0,0,2
2023,8,14.802666666666667,14.4,15.2,90.70666666666666,90.0,92.0,1004.8786666666666,1004.7,1005.0,True,17.473333333333333,17.2,18.0,333.61333333333334,2.021333333333333,2.9,DEV,27074.347826086956,24570.0,29534.695652173912,27334.0,37527.380952380954,33670.0,85725.0,247047.66666666666,3.0,,4.0,,,,1.0,,11.058823529411764,,,,2.0,,270.6470588235294,,,,264.6666666666667,,278.0,,,,266.0,,92188.05882352941,,,,98090.66666666667,,85725.0,,,,93498.0,1,0,0,2
2023,8,14.802666666666667,14.4,15.2,90.70666666666666,90.0,92.0,1004.8786666666666,1004.7,1005.0,True,17.473333333333333,17.2,18.0,333.61333333333334,2.021333333333333,2.9,GAS,28341.222222222223,24380.0,29200.947368421053,26932.0,36727.9375,33513.0,84825.0,297359.0,3.0,,4.0,,,,1.0,,7.4,,,,3.0,,270.1,,,,266.2,,273.0,,,,268.0,,92888.0,,,,93034.2,,84825.0,,,,89675.0,1,0,0,2
2023,8,14.802666666666667,14.4,15.2,90.70666666666666,90.0,92.0,1004.8786666666666,1004.7,1005.0,True,17.473333333333333,17.2,18.0,333.61333333333334,2.021333333333333,2.9,HAM,27678.842105263157,24124.0,28930.95,27077.0,37046.5625,33847.0,85087.0,339046.0,3.0,,4.0,,,,1.0,,9.461538461538462,,,,2.0,,270.9230769230769,,,,262.0,,273.0,,,,263.0,,95006.61538461539,,,,101527.0,,85087.0,,,,91515.0,1,0,0,2
2023,8,14.802666666666667,14.4,15.2,90.70666666666666,90.0,92.0,1004.8786666666666,1004.7,1005.0,True,17.473333333333333,17.2,18.0,333.61333333333334,2.021333333333333,2.9,HUL,27391.1,24319.0,29314.3,27218.0,37661.055555555555,33603.0,85140.0,500350.5,2.0,,3.0,,,,1.0,,6.545454545454546,,,,3.5,,267.8181818181818,,,,260.0,,276.0,,,,262.0,,91305.54545454546,,,,96376.66666666667,,85140.0,,,,90721.0,1,0,0,2
2023,8,14.802666666666667,14.4,15.2,90.70666666666666,90.0,92.0,1004.8786666666666,1004.7,1005.0,True,17.473333333333333,17.2,18.0,333.61333333333334,2.021333333333333,2.9,LEC,27749.95238095238,23693.0,28832.190476190477,26701.0,38729.85,32968.0,83397.0,372204.49999999977,2.0,,2.0,,,,,,12.31578947368421,,,,,,269.94736842105266,,,,,,278.0,,,,,,93396.47368421052,,,,,,83397.0,,,,,1,0,0,2
2023,8,14.802666666666667,14.4,15.2,90.70666666666666,90.0,92.0,1004.8786666666666,1004.7,1005.0,True,17.473333333333333,17.2,18.0,333.61333333333334,2.021333333333333,2.9,MAG,26921.0,23893.0,29899.956521739132,27210.0,38146.142857142855,33612.0,84715.0,495116.0,2.0,,3.0,,,,1.0,,9.142857142857142,,,,3.5,,269.07142857142856,,,,261.1666666666667,,274.0,,,,263.0,,91342.85714285714,,,,98578.16666666667,,84715.0,,,,91254.0,1,0,0,2
2023,8,14.802666666666667,14.4,15.2,90.70666666666666,90.0,92.0,1004.8786666666666,1004.7,1005.0,True,17.473333333333333,17.2,18.0,333.61333333333334,2.021333333333333,2.9,NOR,27220.619047619046,23684.0,28515.55,26834.0,37078.26315789474,33619.0,85198.0,346298.5,2.0,,3.0,,,,1.0,,12.875,,,,1.5,,269.0,,,,265.0,,272.0,,,,267.0,,90396.9375,,,,104733.0,,85198.0,,,,91340.0,1,0,0,2
2023,8,14.802666666666667,14.4,15.2,90.70666666666666,90.0,92.0,1004.8786666666666,1004.7,1005.0,True,17.473333333333333,17.2,18.0,333.61333333333334,2.021333333333333,2.9,OCO,30256.1,24897.0,30961.2,27580.0,37525.5,34022.0,86840.0,598880.0,1.0,,2.0,,,,1.0,,2.0,,,,3.0,,272.0,,,,263.8,,273.0,,,,266.0,,91577.33333333333,,,,104213.6,,86840.0,,,,90348.0,1,0,0,2
2023,8,14.802666666666667,14.4,15.2,90.70666666666666,90.0,92.0,1004.8786666666666,1004.7,1005.0,True,17.473333333333333,17.2,18.0,333.61333333333334,2.021333333333333,2.9,PER,27169.7,24309.0,29651.0,27499.0,38251.11111111111,33837.0,85857.0,427086.0,2.0,,3.0,,,,1.0,,8.307692307692308,,,,2.5,,269.61538461538464,,,,263.75,,273.0,,,,265.0,,93075.30769230769,,,,96227.5,,85857.0,,,,90267.0,1,0,0,2
2023,8,14.802666666666667,14.4,15.2,90.70666666666666,90.0,92.0,1004.8786666666666,1004.7,1005.0,True,17.473333333333333,17.2,18.0,333.61333333333334,2.021333333333333,2.9,PIA,27252.08,24130.0,29640.92,27332.0,36637.0,33729.0,85191.0,295072.5,2.0,,3.0,,,,1.0,,11.473684210526315,,,,2.0,,271.2631578947368,,,,264.6666666666667,,274.0,,,,266.0,,92095.8947368421,,,,98826.33333333333,,85191.0,,,,91878.0,1,0,0,2
2023,8,14.802666666666667,14.4,15.2,90.70666666666666,90.0,92.0,1004.8786666666666,1004.7,1005.0,True,17.473333333333333,17.2,18.0,333.61333333333334,2.021333333333333,2.9,RUS,26894.0,24268.0,29148.315789473683,27406.0,36033.8125,33711.0,85435.0,316202.6666666667,3.0,,4.0,,,,1.0,,9.785714285714286,,,,1.5,,269.64285714285717,,,,261.0,,273.0,,,,261.0,,91109.0,,,,100703.0,,85435.0,,,,93774.0,1,0,0,2
2023,8,14.802666666666667,14.4,15.2,90.70666666666666,90.0,92.0,1004.8786666666666,1004.7,1005.0,True,17.473333333333333,17.2,18.0,333.61333333333334,2.021333333333333,2.9,SAI,25576.076923076922,24080.0,28348.46153846154,27233.0,38050.230769230766,33452.0,84765.0,,,,1.0,,,,,,9.0,,,,,,266.0769230769231,,,,,,273.0,,,,,,91974.76923076923,,,,,,84765.0,,,,,1,0,0,2
2023,8,14.802666666666667,14.4,15.2,90.70666666666666,90.0,92.0,1004.8786666666666,1004.7,1005.0,True,17.473333333333333,17.2,18.0,333.61333333333334,2.021333333333333,2.9,SAR,27998.9375,24892.0,30828.5,27942.0,38022.46666666667,34346.0,87279.0,27796.0,1.0,,2.0,,,,1.0,,3.5,,,,4.5,,272.8333333333333,,,,264.0,,275.0,,,,270.0,,91564.83333333333,,,,98825.75,,87279.0,,,,91384.0,1,0,0,2
2023,8,14.802666666666667,14.4,15.2,90.70666666666666,90.0,92.0,1004.8786666666666,1004.7,1005.0,True,17.473333333333333,17.2,18.0,333.61333333333334,2.021333333333333,2.9,STR,27338.81818181818,23912.0,29995.68181818182,27191.0,37753.0,33739.0,84944.0,440266.0,2.0,,3.0,,,,1.0,,10.470588235294118,,,,1.5,,268.47058823529414,,,,261.5,,272.0,,,,262.0,,93487.17647058824,,,,97436.0,,84944.0,,,,93446.0,1,0,0,2
2023,8,14.802666666666667,14.4,15.2,90.70666666666666,90.0,92.0,1004.8786666666666,1004.7,1005.0,True,17.473333333333333,17.2,18.0,333.61333333333334,2.021333333333333,2.9,TSU,28418.041666666668,24247.0,29395.0,27147.0,37520.045454545456,33561.0,84955.0,342119.0,2.0,,3.0,,,,1.0,,10.529411764705882,,,,2.5,,270.94117647058823,,,,265.25,,275.0,,,,266.0,,92184.05882352941,,,,103246.25,,84955.0,,,,90685.0,1,0,0,2
2023,8,14.802666666666667,14.4,15.2,90.70666666666666,90.0,92.0,1004.8786666666666,1004.7,1005.0,True,17.473333333333333,17.2,18.0,333.61333333333334,2.021333333333333,2.9,VER,26614.727272727272,23633.0,28268.333333333332,26419.0,38150.85,32872.0,83106.0,273674.0,2.0,,3.0,,,,1.0,,9.9375,,,,2.0,,269.6875,,,,263.0,,273.0,,,,264.0,,91499.5,,,,95469.33333333333,,83106.0,,,,89190.0,1,0,0,2
2023,8,14.802666666666667,14.4,15.2,90.70666666666666,90.0,92.0,1004.8786666666666,1004.7,1005.0,True,17.473333333333333,17.2,18.0,333.61333333333334,2.021333333333333,2.9,ZHO,27776.782608695652,24610.0,29675.869565217392,27608.0,37523.09523809524,34532.0,86750.0,368126.5,2.0,,3.0,,,,1.0,,11.0,,,,1.5,,266.77777777777777,,,,260.5,,271.0,,,,261.0,,93148.16666666667,,,,99536.5,,86750.0,,,,94112.0,1,0,0,2
2023,10,21.78170731707317,19.5,22.7,67.7439024390244,62.0,80.0,998.8939024390244,998.2,999.5,True,25.580487804878047,21.3,29.2,205.3048780487805,2.1195121951219513,4.0,ALB,36770.7,27908.0,45625.28571428572,35525.0,30482.0,24159.0,87592.0,616384.6666666666,3.0,,4.0,1.0,2.0,,,,3.5,3.0,2.0,,,,145.5,249.0,253.0,,,,217.0,250.0,253.0,,,,109765.5,106918.33333333333,87592.0,,,,100921.0,89120.0,87592.0,,,0,0,0,1
2023,10,21.78170731707317,19.5,22.7,67.7439024390244,62.0,80.0,998.8939024390244,998.2,999.5,True,25.580487804878047,21.3,29.2,205.3048780487805,2.1195121951219513,4.0,ALO,37046.38461538462,28101.0,44229.117647058825,35402.0,30055.529411764706,24281.0,87784.0,475831.5,4.0,,5.0,3.0,4.0,,,,3.5,3.5,2.0,,,,221.25,248.75,251.0,,,,229.0,251.0,251.0,,,,110581.5,109255.25,87784.0,,,,100725.0,88956.0,87784.0,,,0,0,0,1
2023,10,21.78170731707317,19.5,22.7,67.7439024390244,62.0,80.0,998.8939024390244,998.2,999.5,True,25.580487804878047,21.3,29.2,205.3048780487805,2.1195121951219513,4.0,BOT,35598.27272727273,28624.0,46383.8,36393.0,31065.4,24569.0,89586.0,394232.6666666667,3.0,1.0,3.0,,,,,4.0,3.0,,,,,248.8,220.5,,,,,250.0,222.0,,,,,100757.0,101458.0,,,,,89586.0,100563.0,,,,,0,0,0,1
2023,10,21.78170731707317,19.5,22.7,67.7439024390244,62.0,80.0,998.8939024390244,998.2,999.5,True,25.580487804878047,21.3,29.2,205.3048780487805,2.1195121951219513,4.0,DEV,33956.0,28258.0,44582.45,35960.0,30509.45,24286.0,88504.0,495481.0,3.0,,4.0,1.0,2.0,,,,5.0,4.5,2.5,,,,220.0,249.5,249.0,,,,227.0,252.0,250.0,,,,106718.75,106293.33333333333,107660.5,,,,100404.0,89561.0,88504.0,,,0,0,0,1
2023,10,21.78170731707317,19.5,22.7,67.7439024390244,62.0,80.0,998.8939024390244,998.2,999.5,True,25.580487804878047,21.3,29.2,205.3048780487805,2.1195121951219513,4.0,GAS,36822.6,28138.0,44974.47368421053,35550.0,29356.157894736843,24205.0,87893.0,587051.6666666666,3.0,,4.0,1.0,2.0,,,,5.0,4.0,2.5,,,,180.0,250.0,252.5,,,,224.0,252.0,253.0,,,,106946.75,108120.8,107636.5,,,,99122.0,89510.0,87893.0,,,0,0,0,1
2023,10,21.78170731707317,19.5,22.7,67.7439024390244,62.0,80.0,998.8939024390244,998.2,999.5,True,25.580487804878047,21.3,29.2,205.3048780487805,2.1195121951219513,4.0,HAM,44637.07142857143,28182.0,53078.5,35669.0,32369.25,24097.0,87948.0,799235.5,2.0,,3.0,,1.0,,,,4.6,,3.5,,,,186.4,,248.5,,,,224.0,,250.0,,,,116045.0,,88457.0,,,,99988.0,,87948.0,,,0,0,0,1
2023,10,21.78170731707317,19.5,22.7,67.7439024390244,62.0,80.0,998.8939024390244,998.2,999.5,True,25.580487804878047,21.3,29.2,205.3048780487805,2.1195121951219513,4.0,HUL,34474.2,29511.0,40944.07692307692,37858.0,29046.53846153846,25817.0,93590.0,972646.5,2.0,,3.0,1.0,,,,,3.0,4.0,,,,,165.66666666666666,243.2,,,,,222.0,244.0,,,,,108486.66666666667,93777.2,,,,,101786.0,93590.0,,,,0,0,0,1
2023,10,21.78170731707317,19.5,22.7,67.7439024390244,62.0,80.0,998.8939024390244,998.2,999.5,True,25.580487804878047,21.3,29.2,205.3048780487805,2.1195121951219513,4.0,LEC,37689.45,27887.0,45131.833333333336,35334.0,31654.791666666668,23984.0,87419.0,299022.25,4.0,,5.0,,3.0,,,,7.0,,4.333333333333333,,,,187.57142857142858,,230.66666666666666,,,,227.0,,254.0,,,,110576.57142857143,,97218.5,,,,100430.0,,87419.0,,,0,0,0,1
2023,10,21.78170731707317,19.5,22.7,67.7439024390244,62.0,80.0,998.8939024390244,998.2,999.5,True,25.580487804878047,21.3,29.2,205.3048780487805,2.1195121951219513,4.0,MAG,38104.333333333336,28035.0,46419.307692307695,36287.0,32290.615384615383,24329.0,89207.0,629441.6666666666,3.0,,4.0,1.0,,,,,3.5,3.0,,,,,135.0,250.0,,,,,219.0,250.0,,,,,111815.0,89447.5,,,,,100824.0,89207.0,,,,0,0,0,1
2023,10,21.78170731707317,19.5,22.7,67.7439024390244,62.0,80.0,998.8939024390244,998.2,999.5,True,25.580487804878047,21.3,29.2,205.3048780487805,2.1195121951219513,4.0,NOR,36545.666666666664,28548.0,42567.333333333336,35882.0,29291.0,24133.0,88563.0,389402.2,5.0,,6.0,2.0,,,,,5.0,4.333333333333333,,,,,166.0,249.33333333333334,,,,,220.0,251.0,,,,,109203.33333333333,89209.66666666667,,,,,101352.0,88563.0,,,,0,0,0,1
2023,10,21.78170731707317,19.5,22.7,67.7439024390244,62.0,80.0,998.8939024390244,998.2,999.5,True,25.580487804878047,21.3,29.2,205.3048780487805,2.1195121951219513,4.0,OCO,36076.27777777778,27978.0,45001.40909090909,35987.0,30468.772727272728,24509.0,89233.0,456554.3333333335,3.0,,4.0,1.0,2.0,,,,6.5,4.0,2.0,,,,203.125,249.2,142.0,,,,229.0,250.0,142.0,,,,107937.875,110174.4,98276.0,,,,99328.0,89233.0,98276.0,,,0,0,0,1
2023,10,21.78170731707317,19.5,22.7,67.7439024390244,62.0,80.0,998.8939024390244,998.2,999.5,True,25.580487804878047,21.3,29.2,205.3048780487805,2.1195121951219513,4.0,PER,37618.4,28544.0,45599.47368421053,36135.0,31240.263157894737,24213.0,88904.0,428222.75,4.0,,5.0,3.0,,,,,6.5,5.0,,,,,194.16666666666666,247.33333333333334,,,,,225.0,251.0,,,,,118236.33333333333,90658.66666666667,,,,,100419.0,88904.0,,,,0,0,0,1
2023,10,21.78170731707317,19.5,22.7,67.7439024390244,62.0,80.0,998.8939024390244,998.2,999.5,True,25.580487804878047,21.3,29.2,205.3048780487805,2.1195121951219513,4.0,PIA,34012.6875,27956.0,45116.15,35975.0,30207.35,24457.0,89437.0,498475.3333333333,3.0,1.0,4.0,,2.0,,,8.666666666666666,5.5,,2.0,,,247.16666666666666,227.5,,167.0,,,248.0,229.0,,167.0,,,108317.0,107267.25,,94866.0,,,89437.0,100431.0,,94866.0,,,0,0,0,1
2023,10,21.78170731707317,19.5,22.7,67.7439024390244,62.0,80.0,998.8939024390244,998.2,999.5,True,25.580487804878047,21.3,29.2,205.3048780487805,2.1195121951219513,4.0,RUS,37996.92857142857,28300.0,47130.94117647059,35782.0,30244.823529411766,24202.0,88284.0,798908.0,2.0,,3.0,,1.0,,,,5.5,,4.75,,,,197.83333333333334,,248.0,,,,231.0,,251.0,,,,105369.5,,101469.75,,,,100067.0,,88284.0,,,0,0,0,1
2023,10,21.78170731707317,19.5,22.7,67.7439024390244,62.0,80.0,998.8939024390244,998.2,999.5,True,25.580487804878047,21.3,29.2,205.3048780487805,2.1195121951219513,4.0,SAI,39250.11111111111,28170.0,45508.71428571428,35542.0,30588.95238095238,24137.0,87964.0,506496.0,3.0,,4.0,,2.0,,,,7.25,,5.2,,,,198.25,,252.4,,,,231.0,,254.0,,,,112689.5,,107448.4,,,,100457.0,,87964.0,,,0,0,0,1
2023,10,21.78170731707317,19.5,22.7,67.7439024390244,62.0,80.0,998.8939024390244,998.2,999.5,True,25.580487804878047,21.3,29.2,205.3048780487805,2.1195121951219513,4.0,SAR,37123.833333333336,27953.0,46943.25,35965.0,30912.375,24233.0,88151.0,626463.0,3.0,,4.0,1.0,2.0,,,,3.5,4.0,2.0,,,,143.0,249.6,252.0,,,,223.0,250.0,252.0,,,,109966.5,110362.8,88151.0,,,,101430.0,89418.0,88151.0,,,0,0,0,1
2023,10,21.78170731707317,19.5,22.7,67.7439024390244,62.0,80.0,998.8939024390244,998.2,999.5,True,25.580487804878047,21.3,29.2,205.3048780487805,2.1195121951219513,4.0,STR,34283.63636363636,28143.0,44099.666666666664,36070.0,30091.066666666666,24321.0,88620.0,697190.3333333334,3.0,,4.0,2.0,3.0,,,,3.5,3.0,2.0,,,,204.25,249.0,249.0,,,,223.0,251.0,249.0,,,,113062.75,103953.33333333333,88620.0,,,,101900.0,88774.0,88620.0,,,0,0,0,1
2023,10,21.78170731707317,19.5,22.7,67.7439024390244,62.0,80.0,998.8939024390244,998.2,999.5,True,25.580487804878047,21.3,29.2,205.3048780487805,2.1195121951219513,4.0,TSU,37118.94117647059,28205.0,45660.0,35782.0,32423.190476190477,24350.0,88337.0,478079.6666666667,3.0,,4.0,1.0,2.0,,,,5.6,4.5,2.5,,,,184.2,249.16666666666666,202.0,,,,229.0,252.0,249.0,,,,113542.6,110622.83333333333,112857.5,,,,100461.0,89114.0,88337.0,,,0,0,0,1
2023,10,21.78170731707317,19.5,22.7,67.7439024390244,62.0,80.0,998.8939024390244,998.2,999.5,True,25.580487804878047,21.3,29.2,205.3048780487805,2.1195121951219513,4.0,VER,36874.9375,28330.0,45158.21052631579,35800.0,29475.63157894737,24136.0,88266.0,854609.5,2.0,,3.0,2.0,,,,,4.4,6.333333333333333,,,,,192.4,247.16666666666666,,,,,227.0,253.0,,,,,110419.4,96880.66666666667,,,,,98580.0,88266.0,,,,0,0,0,1
2023,10,21.78170731707317,19.5,22.7,67.7439024390244,62.0,80.0,998.8939024390244,998.2,999.5,True,25.580487804878047,21.3,29.2,205.3048780487805,2.1195121951219513,4.0,ZHO,30774.0,30774.0,47805.5,44916.0,30079.0,28458.0,113169.0,,,,,,,,,,,,,,,,,,,,,,,,,,,,,,,,,,,,,,,0,0,0,1
2023,11,24.61219512195122,24.0,25.2,45.91463414634146,41.0,51.0,988.0926829268293,987.9,988.4,False,45.83048780487805,43.5,48.0,272.4634146341463,2.4073170731707316,3.7,ALB,37255.769230769234,28608.0,38998.705882352944,27871.0,29370.823529411766,21994.0,78592.0,464705.75,4.0,,,4.0,5.0,,,,,2.0,8.5,,,,,257.0,217.16666666666666,,,,,257.0,256.0,,,,,78621.0,98620.66666666667,,,,,78621.0,78592.0,,,0,0,0,1
2023,11,24.61219512195122,24.0,25.2,45.91463414634146,41.0,51.0,988.0926829268293,987.9,988.4,False,45.83048780487805,43.5,48.0,272.4634146341463,2.4073170731707316,3.7,ALO,38567.0625,28377.0,36620.45,27769.0,28778.736842105263,22041.0,78350.0,307719.0,4.0,,,,5.0,,,,,,8.6,,,,,,217.8,,,,,,255.0,,,,,,92118.9,,,,,,78350.0,,,0,0,0,1
2023,11,24.61219512195122,24.0,25.2,45.91463414634146,41.0,51.0,988.0926829268293,987.9,988.4,False,45.83048780487805,43.5,48.0,272.4634146341463,2.4073170731707316,3.7,BOT,43085.95,28522.0,34970.208333333336,27958.0,27621.125,21926.0,78489.0,162336.77777777778,9.0,9.0,,,10.0,,,5.0,,,5.0,,,243.28571428571428,,,183.0,,,256.0,,,253.0,,,96582.57142857143,,,84437.0,,,79074.0,,,78489.0,,,0,0,0,1
2023,11,24.61219512195122,24.0,25.2,45.91463414634146,41.0,51.0,988.0926829268293,987.9,988.4,False,45.83048780487805,43.5,48.0,272.4634146341463,2.4073170731707316,3.7,GAS,39670.10526315789,28434.0,38311.818181818184,28072.0,29102.863636363636,22194.0,78776.0,370860.3333333333,3.0,,,4.0,1.0,,,,,6.5,8.0,,,,,213.625,226.28571428571428,,,,,256.0,255.0,,,,,105272.0,105789.28571428571,,,,,79069.0,78776.0,,,0,0,0,1
2023,11,24.61219512195122,24.0,25.2,45.91463414634146,41.0,51.0,988.0926829268293,987.9,988.4,False,45.83048780487805,43.5,48.0,272.4634146341463,2.4073170731707316,3.7,HAM,44660.117647058825,28306.0,40365.95,27588.0,29579.1,21917.0,77811.0,208213.2,5.0,,,6.0,5.0,,,,,9.25,2.0,,,,,247.75,254.0,,,,,256.0,254.0,,,,,96384.375,77811.0,,,,,78941.0,77811.0,,,0,0,0,1
2023,11,24.61219512195122,24.0,25.2,45.91463414634146,41.0,51.0,988.0926829268293,987.9,988.4,False,45.83048780487805,43.5,48.0,272.4634146341463,2.4073170731707316,3.7,HUL,35096.63157894737,28153.0,33912.80952380953,27818.0,26675.285714285714,22105.0,78077.0,324746.5,2.0,,,2.0,3.0,,,,,7.545454545454546,4.0,,,,,241.54545454545453,195.0,,,,,255.0,257.0,,,,,91857.36363636363,100047.2,,,,,79438.0,78077.0,,,0,0,0,1
2023,11,24.61219512195122,24.0,25.2,45.91463414634146,41.0,51.0,988.0926829268293,987.9,988.4,False,45.83048780487805,43.5,48.0,272.4634146341463,2.4073170731707316,3.7,LEC,32614.84,28293.0,33311.32142857143,27748.0,27795.214285714286,22149.0,78190.0,577736.0,2.0,,,2.0,3.0,,,,,17.375,4.5,,,,,241.3125,203.33333333333334,,,,,253.0,259.0,,,,,84405.6875,112769.5,,,,,79565.0,78190.0,,,0,0,0,1
2023,11,24.61219512195122,24.0,25.2,45.91463414634146,41.0,51.0,988.0926829268293,987.9,988.4,False,45.83048780487805,43.5,48.0,272.4634146341463,2.4073170731707316,3.7,MAG,36082.69565217391,28054.0,35730.11538461538,28355.0,27703.26923076923,22240.0,78649.0,416214.33333333343,3.0,,,3.0,4.0,,,,,6.666666666666667,8.5,,,,,241.11111111111111,211.8,,,,,254.0,256.0,,,,,91271.22222222222,104767.2,,,,,79156.0,78649.0,,,0,0,0,1
2023,11,24.61219512195122,24.0,25.2,45.91463414634146,41.0,51.0,988.0926829268293,987.9,988.4,False,45.83048780487805,43.5,48.0,272.4634146341463,2.4073170731707316,3.7,NOR,36292.5,28444.0,35861.15789473684,27713.0,29799.315789473683,21925.0,78082.0,573251.5,2.0,,,3.0,1.0,,,,,5.166666666666667,8.0,,,,,199.0,234.57142857142858,,,,,257.0,253.0,,,,,116048.83333333333,94693.0,,,,,78082.0,78554.0,,,0,0,0,1
2023,11,24.61219512195122,24.0,25.2,45.91463414634146,41.0,51.0,988.0926829268293,987.9,988.4,False,45.83048780487805,43.5,48.0,272.4634146341463,2.4073170731707316,3.7,OCO,40215.31578947369,28446.0,39432.09090909091,28170.0,29010.772727272728,22199.0,78979.0,340105.3333333332,3.0,,,4.0,1.0,,,,,6.125,8.0,,,,,217.625,232.14285714285714,,,,,256.0,254.0,,,,,107356.75,106181.0,,,,,78979.0,79059.0,,,0,0,0,1
2023,11,24.61219512195122,24.0,25.2,45.91463414634146,41.0,51.0,988.0926829268293,987.9,988.4,False,45.83048780487805,43.5,48.0,272.4634146341463,2.4073170731707316,3.7,PER,33932.19047619047,28253.0,35469.96,27745.0,27612.12,21988.0,78067.0,447182.0,3.0,,,2.0,4.0,,,,,12.928571428571429,4.333333333333333,,,,,237.85714285714286,190.0,,,,,256.0,256.0,,,,,92359.21428571429,95900.66666666667,,,,,78558.0,78067.0,,,0,0,0,1
2023,11,24.61219512195122,24.0,25.2,45.91463414634146,41.0,51.0,988.0926829268293,987.9,988.4,False,45.83048780487805,43.5,48.0,272.4634146341463,2.4073170731707316,3.7,PIA,34312.25,28524.0,36024.57894736842,27713.0,26610.36842105263,22109.0,78598.0,586212.0,2.0,,,3.0,1.0,,,,,7.111111111111111,3.5,,,,,224.22222222222223,227.5,,,,,255.0,252.0,,,,,91537.55555555556,100415.5,,,,,78743.0,78598.0,,,0,0,0,1
2023,11,24.61219512195122,24.0,25.2,45.91463414634146,41.0,51.0,988.0926829268293,987.9,988.4,False,45.83048780487805,43.5,48.0,272.4634146341463,2.4073170731707316,3.7,RIC,35621.4,28445.0,34908.28571428572,27956.0,27743.071428571428,22182.0,78828.0,384605.3333333333,3.0,2.0,,4.0,,,,4.5,,16.466666666666665,,,,241.33333333333334,,218.86666666666667,,,,253.0,,252.0,,,,102525.33333333333,,97160.66666666667,,,,79980.0,,78828.0,,,,0,0,0,1
2023,11,24.61219512195122,24.0,25.2,45.91463414634146,41.0,51.0,988.0926829268293,987.9,988.4,False,45.83048780487805,43.5,48.0,272.4634146341463,2.4073170731707316,3.7,RUS,38856.10526315789,28428.0,37513.818181818184,27784.0,28367.863636363636,21907.0,78119.0,250485.75,4.0,,,5.0,4.0,,,,,8.090909090909092,3.5,,,,,226.45454545454547,254.5,,,,,255.0,255.0,,,,,99471.81818181818,78258.5,,,,,79418.0,78119.0,,,0,0,0,1
2023,11,24.61219512195122,24.0,25.2,45.91463414634146,41.0,51.0,988.0926829268293,987.9,988.4,False,45.83048780487805,43.5,48.0,272.4634146341463,2.4073170731707316,3.7,SAI,34848.61538461538,28203.0,33904.31034482759,28030.0,27020.931034482757,21946.0,78234.0,324600.3333333333,3.0,,,2.0,4.0,,,,,18.166666666666668,4.333333333333333,,,,,242.27777777777777,195.66666666666666,,,,,251.0,253.0,,,,,87631.61111111111,91498.33333333333,,,,,80345.0,78234.0,,,0,0,0,1
2023,11,24.61219512195122,24.0,25.2,45.91463414634146,41.0,51.0,988.0926829268293,987.9,988.4,False,45.83048780487805,43.5,48.0,272.4634146341463,2.4073170731707316,3.7,SAR,34857.916666666664,28572.0,36958.5625,27987.0,29409.375,22125.0,78814.0,572040.3333333334,3.0,,,3.0,4.0,,,,,2.0,6.142857142857143,,,,,256.0,215.85714285714286,,,,,256.0,256.0,,,,,79179.0,101059.71428571429,,,,,79179.0,78814.0,,,0,0,0,1
2023,11,24.61219512195122,24.0,25.2,45.91463414634146,41.0,51.0,988.0926829268293,987.9,988.4,False,45.83048780487805,43.5,48.0,272.4634146341463,2.4073170731707316,3.7,STR,37384.5,28308.0,37160.55,27905.0,28420.57894736842,22195.0,78536.0,399804.0,4.0,3.0,,,5.0,,,2.5,,,6.666666666666667,,,255.0,,,206.88888888888889,,,256.0,,,256.0,,,102663.5,,,103602.33333333333,,,79855.0,,,78536.0,,,0,0,0,1
2023,11,24.61219512195122,24.0,25.2,45.91463414634146,41.0,51.0,988.0926829268293,987.9,988.4,False,45.83048780487805,43.5,48.0,272.4634146341463,2.4073170731707316,3.7,TSU,34831.346153846156,28597.0,34159.24137931035,28164.0,27032.172413793105,22279.0,79156.0,369750.99999999994,3.0,2.0,,4.0,,,,4.5,,11.8125,,,,233.83333333333334,,225.0,,,,254.0,,253.0,,,,98715.16666666667,,92663.75,,,,79743.0,,79156.0,,,,0,0,0,1
2023,11,24.61219512195122,24.0,25.2,45.91463414634146,41.0,51.0,988.0926829268293,987.9,988.4,False,45.83048780487805,43.5,48.0,272.4634146341463,2.4073170731707316,3.7,VER,32889.68421052631,28284.0,34433.0,27768.0,27937.260869565216,22009.0,78061.0,529587.3333333334,3.0,,,2.0,3.0,,,,,9.538461538461538,2.0,,,,,234.0,255.0,,,,,254.0,255.0,,,,,90861.92307692308,78061.0,,,,,78478.0,78061.0,,,0,0,0,1
2023,11,24.61219512195122,24.0,25.2,45.91463414634146,41.0,51.0,988.0926829268293,987.9,988.4,False,45.83048780487805,43.5,48.0,272.4634146341463,2.4073170731707316,3.7,ZHO,47080.0,28549.0,34620.565217391304,27797.0,29221.217391304348,22198.0,78544.0,155271.80000000005,10.0,10.0,,11.0,7.0,,,4.4,,18.0,3.6666666666666665,,,253.0,,97.0,251.0,,,255.0,,97.0,252.0,,,100851.0,,126288.0,100877.66666666667,,,79265.0,,126288.0,78544.0,,,0,0,0,1
2023,13,16.37439024390244,14.5,17.1,84.07317073170732,75.0,90.0,1008.8085365853659,1008.7,1009.0,True,19.148780487804878,16.8,22.6,200.4512195121951,2.6256097560975613,4.5,ALB,32515.75,28902.0,31219.157894736843,28225.0,29659.5,25623.0,82750.0,917709.0,2.0,,3.0,,,,1.0,,8.5,,,,2.0,,270.3333333333333,,,,286.0,,301.0,,,,286.0,,90419.58333333333,,,,89568.0,,82750.0,,,,89568.0,3,0,0,5
2023,13,16.37439024390244,14.5,17.1,84.07317073170732,75.0,90.0,1008.8085365853659,1008.7,1009.0,True,19.148780487804878,16.8,22.6,200.4512195121951,2.6256097560975613,4.5,ALO,35260.0,28699.0,31445.583333333332,28234.0,32223.916666666668,25701.0,82634.0,1034996.4999999998,2.0,,3.0,,,,,,6.5,,,,,,259.25,,,,,,294.0,,,,,,94696.625,,,,,,82634.0,,,,,3,0,0,5
2023,13,16.37439024390244,14.5,17.1,84.07317073170732,75.0,90.0,1008.8085365853659,1008.7,1009.0,True,19.148780487804878,16.8,22.6,200.4512195121951,2.6256097560975613,4.5,BOT,32849.47368421053,28857.0,31155.652173913044,28335.0,30271.91304347826,25773.0,82965.0,397943.6666666667,3.0,,4.0,,,,1.0,,11.75,,,,2.0,,269.0625,,,,280.0,,290.0,,,,280.0,,92282.9375,,,,88441.0,,82965.0,,,,88441.0,3,0,0,5
2023,13,16.37439024390244,14.5,17.1,84.07317073170732,75.0,90.0,1008.8085365853659,1008.7,1009.0,True,19.148780487804878,16.8,22.6,200.4512195121951,2.6256097560975613,4.5,GAS,34169.36363636364,29103.0,31844.4,28147.0,29807.833333333332,25960.0,83210.0,631576.3333333334,3.0,,4.0,,,,,,9.0,,,,,,265.0,,,,,,296.0,,,,,,91817.11111111111,,,,,,83210.0,,,,,3,0,0,5
2023,13,16.37439024390244,14.5,17.1,84.07317073170732,75.0,90.0,1008.8085365853659,1008.7,1009.0,True,19.148780487804878,16.8,22.6,200.4512195121951,2.6256097560975613,4.5,HAM,33472.21428571428,28813.0,30987.176470588234,28040.0,31691.125,25870.0,82723.0,553405.3333333334,3.0,,4.0,,,,,,9.727272727272727,,,,,,260.6363636363636,,,,,,291.0,,,,,,93654.09090909091,,,,,,82723.0,,,,,3,0,0,5
2023,13,16.37439024390244,14.5,17.1,84.07317073170732,75.0,90.0,1008.8085365853659,1008.7,1009.0,True,19.148780487804878,16.8,22.6,200.4512195121951,2.6256097560975613,4.5,HUL,34673.4,29406.0,30734.470588235294,28617.0,30222.58823529412,25617.0,83640.0,358796.75,4.0,,5.0,,,,2.0,,8.333333333333334,,,,4.0,,259.77777777777777,,,,284.3333333333333,,294.0,,,,285.0,,94227.66666666667,,,,90066.33333333333,,83640.0,,,,88331.0,3,0,0,5
2023,13,16.37439024390244,14.5,17.1,84.07317073170732,75.0,90.0,1008.8085365853659,1008.7,1009.0,True,19.148780487804878,16.8,22.6,200.4512195121951,2.6256097560975613,4.5,LAW,34931.57142857143,29870.0,33254.24,29497.0,31141.17391304348,26943.0,86343.0,292352.25,4.0,,5.0,,,,3.0,,3.3333333333333335,,,,6.75,,255.11111111111111,,,,282.375,,290.0,,,,288.0,,102180.44444444444,,,,95152.5,,86343.0,,,,89642.0,3,0,0,5
2023,13,16.37439024390244,14.5,17.1,84.07317073170732,75.0,90.0,1008.8085365853659,1008.7,1009.0,True,19.148780487804878,16.8,22.6,200.4512195121951,2.6256097560975613,4.5,LEC,41698.77777777778,28756.0,30530.0,28336.0,30857.4,25960.0,83093.0,460338.6666666667,3.0,,4.0,,,,1.0,,6.5,,,,2.0,,297.0,,,,291.0,,299.0,,,,291.0,,92649.25,,,,87238.0,,83093.0,,,,87238.0,3,0,0,5
2023,13,16.37439024390244,14.5,17.1,84.07317073170732,75.0,90.0,1008.8085365853659,1008.7,1009.0,True,19.148780487804878,16.8,22.6,200.4512195121951,2.6256097560975613,4.5,NOR,32352.45,28845.0,30293.625,28033.0,30025.18181818182,26027.0,83158.0,429823.0,3.0,,4.0,,,,,,13.5,,,,,,272.5625,,,,,,292.0,,,,,,89970.75,,,,,,83158.0,,,,,3,0,0,5
2023,13,16.37439024390244,14.5,17.1,84.07317073170732,75.0,90.0,1008.8085365853659,1008.7,1009.0,True,19.148780487804878,16.8,22.6,200.4512195121951,2.6256097560975613,4.5,OCO,36453.666666666664,29231.0,31069.727272727272,28631.0,31861.1,25944.0,83806.0,1143620.0,2.0,,3.0,,,,,,8.166666666666666,,,,,,252.33333333333334,,,,,,295.0,,,,,,91529.66666666667,,,,,,83806.0,,,,,3,0,0,5
2023,13,16.37439024390244,14.5,17.1,84.07317073170732,75.0,90.0,1008.8085365853659,1008.7,1009.0,True,19.148780487804878,16.8,22.6,200.4512195121951,2.6256097560975613,4.5,PER,31570.066666666666,29043.0,30542.176470588234,27809.0,31686.235294117647,25779.0,82631.0,998216.0,2.0,,3.0,,,,,,8.5,,,,,,268.4166666666667,,,,,,293.0,,,,,,92411.75,,,,,,82631.0,,,,,3,0,0,5
2023,13,16.37439024390244,14.5,17.1,84.07317073170732,75.0,90.0,1008.8085365853659,1008.7,1009.0,True,19.148780487804878,16.8,22.6,200.4512195121951,2.6256097560975613,4.5,PIA,33491.8125,29115.0,30992.0,27699.0,31367.555555555555,25960.0,82892.0,590973.0,3.0,,4.0,,,,,,10.071428571428571,,,,,,266.7142857142857,,,,,,291.0,,,,,,95691.42857142857,,,,,,82892.0,,,,,3,0,0,5
2023,13,16.37439024390244,14.5,17.1,84.07317073170732,75.0,90.0,1008.8085365853659,1008.7,1009.0,True,19.148780487804878,16.8,22.6,200.4512195121951,2.6256097560975613,4.5,RUS,31181.46153846154,28536.0,30757.70588235294,28023.0,31554.5625,25451.0,82010.0,481560.75,4.0,,5.0,,,,,,10.7,,,,,,257.0,,,,,,299.0,,,,,,89900.7,,,,,,82010.0,,,,,3,0,0,5
2023,13,16.37439024390244,14.5,17.1,84.07317073170732,75.0,90.0,1008.8085365853659,1008.7,1009.0,True,19.148780487804878,16.8,22.6,200.4512195121951,2.6256097560975613,4.5,SAI,33990.38461538462,29162.0,30877.6,28495.0,29019.866666666665,25781.0,83438.0,539738.6666666666,3.0,,4.0,,,,2.0,,7.0,,,,3.5,,264.125,,,,292.5,,299.0,,,,293.0,,88885.25,,,,98835.5,,83438.0,,,,87937.0,3,0,0,5
2023,13,16.37439024390244,14.5,17.1,84.07317073170732,75.0,90.0,1008.8085365853659,1008.7,1009.0,True,19.148780487804878,16.8,22.6,200.4512195121951,2.6256097560975613,4.5,SAR,32994.529411764706,29258.0,31284.55,28480.0,30551.166666666668,25832.0,83570.0,797866.0,2.0,,3.0,,,,1.0,,8.923076923076923,,,,2.0,,268.2307692307692,,,,281.0,,293.0,,,,281.0,,91877.92307692308,,,,91171.0,,83570.0,,,,91171.0,3,0,0,5
2023,13,16.37439024390244,14.5,17.1,84.07317073170732,75.0,90.0,1008.8085365853659,1008.7,1009.0,True,19.148780487804878,16.8,22.6,200.4512195121951,2.6256097560975613,4.5,STR,33295.083333333336,29249.0,31442.933333333334,28732.0,31216.5,25885.0,84058.0,503689.49999999977,2.0,,3.0,,,,,,3.7777777777777777,,,,,,263.22222222222223,,,,,,293.0,,,,,,91789.55555555556,,,,,,84058.0,,,,,3,0,0,5
2023,13,16.37439024390244,14.5,17.1,84.07317073170732,75.0,90.0,1008.8085365853659,1008.7,1009.0,True,19.148780487804878,16.8,22.6,200.4512195121951,2.6256097560975613,4.5,TSU,35207.8,28893.0,33549.666666666664,28734.0,32943.17647058824,25917.0,83544.0,327038.0,3.0,,4.0,,,,2.0,,6.0,,,,3.6666666666666665,,254.375,,,,284.0,,293.0,,,,285.0,,100499.25,,,,88670.33333333333,,83544.0,,,,87909.0,3,0,0,5
2023,13,16.37439024390244,14.5,17.1,84.07317073170732,75.0,90.0,1008.8085365853659,1008.7,1009.0,True,19.148780487804878,16.8,22.6,200.4512195121951,2.6256097560975613,4.5,VER,32875.42857142857,28273.0,30954.444444444445,27764.0,31003.0,25347.0,81631.0,711888.0,3.0,,4.0,,,,1.0,,8.88888888888889,,,,2.0,,263.77777777777777,,,,281.0,,296.0,,,,281.0,,90833.66666666667,,,,87514.0,,81631.0,,,,87514.0,3,0,0,5
2023,13,16.37439024390244,14.5,17.1,84.07317073170732,75.0,90.0,1008.8085365853659,1008.7,1009.0,True,19.148780487804878,16.8,22.6,200.4512195121951,2.6256097560975613,4.5,ZHO,35107.142857142855,30711.0,31982.444444444445,29541.0,30103.571428571428,27355.0,88482.0,231919.5,2.0,,3.0,,,,1.0,,4.0,,,,2.0,,284.3333333333333,,,,280.0,,286.0,,,,280.0,,90154.66666666667,,,,89994.0,,88482.0,,,,89994.0,3,0,0,5
2023,14,26.751851851851853,26.1,27.4,48.06172839506173,44.0,52.0,999.620987654321,999.5,999.9,False,39.782716049382714,36.1,42.5,166.09876543209876,1.3246913580246913,2.2,ALB,35248.28571428572,27120.0,33358.5,27713.0,33928.0,27157.0,82054.0,357978.0,4.0,4.0,,5.0,1.0,,,3.5,,4.0,8.0,,,311.25,,252.75,310.0,,,313.0,,309.0,310.0,,,96232.75,,103125.75,82874.0,,,82054.0,,82114.0,82874.0,,,0,0,0,1
2023,14,26.751851851851853,26.1,27.4,48.06172839506173,44.0,52.0,999.620987654321,999.5,999.9,False,39.782716049382714,36.1,42.5,166.09876543209876,1.3246913580246913,2.2,ALO,37330.76190476191,26989.0,34664.375,27532.0,34852.086956521736,27063.0,81711.0,364373.6666666667,3.0,3.0,,,4.0,,,7.111111111111111,,,5.5,,,307.3333333333333,,,255.0,,,310.0,,,312.0,,,100424.44444444444,,,108222.375,,,82690.0,,,81711.0,,,0,0,0,1
2023,14,26.751851851851853,26.1,27.4,48.06172839506173,44.0,52.0,999.620987654321,999.5,999.9,False,39.782716049382714,36.1,42.5,166.09876543209876,1.3246913580246913,2.2,BOT,32954.0,27301.0,32909.666666666664,27863.0,33487.8,27304.0,82511.0,308385.0,3.0,4.0,,3.0,,,,6.0,,14.333333333333334,,,,279.0,,301.0,,,,311.0,,305.0,,,,102011.11111111111,,96009.8,,,,82511.0,,83422.0,,,,0,0,0,1
2023,14,26.751851851851853,26.1,27.4,48.06172839506173,44.0,52.0,999.620987654321,999.5,999.9,False,39.782716049382714,36.1,42.5,166.09876543209876,1.3246913580246913,2.2,GAS,35472.944444444445,27296.0,36252.22727272727,27968.0,33926.09090909091,27435.0,82852.0,385200.0,4.0,4.0,,,5.0,,,4.0,,,6.666666666666667,,,307.5,,,278.55555555555554,,,309.0,,,309.0,,,111415.75,,,105118.66666666667,,,82890.0,,,82852.0,,,0,0,0,1
2023,14,26.751851851851853,26.1,27.4,48.06172839506173,44.0,52.0,999.620987654321,999.5,999.9,False,39.782716049382714,36.1,42.5,166.09876543209876,1.3246913580246913,2.2,HAM,40969.10526315789,27056.0,36466.391304347824,27384.0,34579.34782608696,27013.0,81453.0,273364.0,5.0,,,,6.0,,,,,,7.545454545454546,,,,,,282.27272727272725,,,,,,310.0,,,,,,89688.63636363637,,,,,,81453.0,,,0,0,0,1
2023,14,26.751851851851853,26.1,27.4,48.06172839506173,44.0,52.0,999.620987654321,999.5,999.9,False,39.782716049382714,36.1,42.5,166.09876543209876,1.3246913580246913,2.2,HUL,34621.791666666664,27388.0,32956.444444444445,27596.0,33525.81481481482,26986.0,81985.0,289416.5000000002,4.0,,,1.0,5.0,,,,,6.5,4.285714285714286,,,,,300.6,259.57142857142856,,,,,303.0,311.0,,,,,86907.2,94006.0,,,,,86519.0,81985.0,,,0,0,0,1
2023,14,26.751851851851853,26.1,27.4,48.06172839506173,44.0,52.0,999.620987654321,999.5,999.9,False,39.782716049382714,36.1,42.5,166.09876543209876,1.3246913580246913,2.2,LAW,35078.153846153844,27194.0,32691.172413793105,27856.0,32171.620689655174,27246.0,82296.0,269034.5,4.0,3.0,,5.0,,,,4.0,,16.6875,,,,308.0,,285.6875,,,,309.0,,312.0,,,,89161.25,,94564.9375,,,,83155.0,,82296.0,,,,0,0,0,1
2023,14,26.751851851851853,26.1,27.4,48.06172839506173,44.0,52.0,999.620987654321,999.5,999.9,False,39.782716049382714,36.1,42.5,166.09876543209876,1.3246913580246913,2.2,LEC,34728.65,26787.0,33674.086956521736,27471.0,32711.739130434784,27003.0,81486.0,462466.3333333332,3.0,,,,4.0,,,,,,12.666666666666666,,,,,,283.06666666666666,,,,,,311.0,,,,,,94401.93333333333,,,,,,81486.0,,,0,0,0,1
2023,14,26.751851851851853,26.1,27.4,48.06172839506173,44.0,52.0,999.620987654321,999.5,999.9,False,39.782716049382714,36.1,42.5,166.09876543209876,1.3246913580246913,2.2,MAG,39030.444444444445,27253.0,38237.76190476191,27542.0,40505.57142857143,27089.0,81884.0,403706.3333333333,3.0,,,1.0,4.0,,,,,3.6666666666666665,4.0,,,,,304.3333333333333,267.22222222222223,,,,,306.0,309.0,,,,,98595.33333333333,109969.55555555556,,,,,83273.0,81884.0,,,0,0,0,1
2023,14,26.751851851851853,26.1,27.4,48.06172839506173,44.0,52.0,999.620987654321,999.5,999.9,False,39.782716049382714,36.1,42.5,166.09876543209876,1.3246913580246913,2.2,NOR,34368.8,27514.0,31876.583333333332,27760.0,31649.583333333332,27094.0,82515.0,391059.5,4.0,4.0,,,5.0,,,9.0,,,7.0,,,307.1666666666667,,,257.25,,,308.0,,,306.0,,,88371.5,,,111146.75,,,82636.0,,,82515.0,,,0,0,0,1
2023,14,26.751851851851853,26.1,27.4,48.06172839506173,44.0,52.0,999.620987654321,999.5,999.9,False,39.782716049382714,36.1,42.5,166.09876543209876,1.3246913580246913,2.2,OCO,35112.5,27409.0,36281.4,27867.0,35255.25,27401.0,82739.0,572990.0,3.0,3.0,,,4.0,,,3.0,,,6.777777777777778,,,308.3333333333333,,,271.8888888888889,,,309.0,,,309.0,,,97695.66666666667,,,104061.77777777778,,,82739.0,,,82903.0,,,0,0,0,1
2023,14,26.751851851851853,26.1,27.4,48.06172839506173,44.0,52.0,999.620987654321,999.5,999.9,False,39.782716049382714,36.1,42.5,166.09876543209876,1.3246913580246913,2.2,PER,30597.214285714286,27353.0,32059.0,27720.0,30878.25,27119.0,82192.0,541240.0,1.0,,,,2.0,,,,,,11.833333333333334,,,,,,301.75,,,,,,311.0,,,,,,92149.91666666667,,,,,,82192.0,,,0,0,0,1
2023,14,26.751851851851853,26.1,27.4,48.06172839506173,44.0,52.0,999.620987654321,999.5,999.9,False,39.782716049382714,36.1,42.5,166.09876543209876,1.3246913580246913,2.2,PIA,38438.46666666667,27417.0,33522.23529411765,27744.0,32601.29411764706,26990.0,82302.0,234241.0,3.0,,,4.0,2.0,,,,,7.0,6.666666666666667,,,,,294.42857142857144,306.3333333333333,,,,,309.0,307.0,,,,,94706.71428571429,101151.66666666667,,,,,82302.0,82617.0,,,0,0,0,1
2023,14,26.751851851851853,26.1,27.4,48.06172839506173,44.0,52.0,999.620987654321,999.5,999.9,False,39.782716049382714,36.1,42.5,166.09876543209876,1.3246913580246913,2.2,RUS,37688.86363636364,27198.0,36302.12,27561.0,36058.48,26969.0,81730.0,247316.25,4.0,,,,5.0,,,,,,8.866666666666667,,,,,,282.4,,,,,,309.0,,,,,,101133.46666666666,,,,,,81730.0,,,0,0,0,1
2023,14,26.751851851851853,26.1,27.4,48.06172839506173,44.0,52.0,999.620987654321,999.5,999.9,False,39.782716049382714,36.1,42.5,166.09876543209876,1.3246913580246913,2.2,SAI,37490.4,26867.0,36257.30434782609,27215.0,34536.739130434784,26830.0,80912.0,404716.6666666667,3.0,,,,4.0,,,,,,12.0,,,,,,292.7857142857143,,,,,,314.0,,,,,,93800.5,,,,,,80912.0,,,0,0,0,1
2023,14,26.751851851851853,26.1,27.4,48.06172839506173,44.0,52.0,999.620987654321,999.5,999.9,False,39.782716049382714,36.1,42.5,166.09876543209876,1.3246913580246913,2.2,SAR,37338.42105263158,27089.0,36964.95652173913,27963.0,34327.086956521736,27265.0,82380.0,248550.16666666666,6.0,6.0,,7.0,2.0,,,4.0,,5.333333333333333,10.666666666666666,,,310.8,,231.66666666666666,306.3333333333333,,,312.0,,310.0,308.0,,,103304.4,,93006.0,102463.66666666667,,,82380.0,,82820.0,83790.0,,,0,0,0,1
2023,14,26.751851851851853,26.1,27.4,48.06172839506173,44.0,52.0,999.620987654321,999.5,999.9,False,39.782716049382714,36.1,42.5,166.09876543209876,1.3246913580246913,2.2,STR,34710.96428571428,27059.0,34133.16129032258,27811.0,32811.73333333333,27375.0,82245.0,237266.33333333334,3.0,2.0,,,4.0,,,12.5,,,5.5,,,296.9375,,,257.75,,,306.0,,,312.0,,,97592.3125,,,106301.625,,,83958.0,,,82245.0,,,0,0,0,1
2023,14,26.751851851851853,26.1,27.4,48.06172839506173,44.0,52.0,999.620987654321,999.5,999.9,False,39.782716049382714,36.1,42.5,166.09876543209876,1.3246913580246913,2.2,TSU,33954.68,27194.0,32545.5,27737.0,31690.285714285714,27300.0,82297.0,280464.0,4.0,3.0,,5.0,,,,4.4,,17.266666666666666,,,,307.8,,286.06666666666666,,,,310.0,,311.0,,,,97961.2,,92420.86666666667,,,,82946.0,,82297.0,,,,0,0,0,1
2023,14,26.751851851851853,26.1,27.4,48.06172839506173,44.0,52.0,999.620987654321,999.5,999.9,False,39.782716049382714,36.1,42.5,166.09876543209876,1.3246913580246913,2.2,VER,35980.68421052631,27064.0,34555.04347826087,27253.0,34820.47826086957,26681.0,80998.0,231839.6,5.0,,,,6.0,,,,,,10.583333333333334,,,,,,291.75,,,,,,309.0,,,,,,90588.33333333333,,,,,,80998.0,,,0,0,0,1
2023,14,26.751851851851853,26.1,27.4,48.06172839506173,44.0,52.0,999.620987654321,999.5,999.9,False,39.782716049382714,36.1,42.5,166.09876543209876,1.3246913580246913,2.2,ZHO,34560.22222222222,27265.0,32811.23333333333,28036.0,33017.03333333333,27338.0,82742.0,228117.25000000003,4.0,5.0,,3.0,,,,6.25,,13.666666666666666,,,,285.25,,302.8666666666667,,,,313.0,,308.0,,,,102355.625,,96246.2,,,,82742.0,,83211.0,,,,0,0,0,1
2023,15,31.02926829268293,30.6,31.3,69.17073170731707,67.0,72.0,1007.5085365853658,1007.2,1007.7,False,38.203658536585365,36.8,39.4,180.03658536585365,2.176829268292683,3.2,ALB,40829.916666666664,27296.0,52983.6,39696.0,37307.642857142855,26378.0,93370.0,283133.75,4.0,,,,5.0,,,,,,4.166666666666667,,,,,,204.66666666666666,,,,,,257.0,,,,,,118569.16666666667,,,,,,93370.0,,,0,0,0,3
2023,15,31.02926829268293,30.6,31.3,69.17073170731707,67.0,72.0,1007.5085365853658,1007.2,1007.7,False,38.203658536585365,36.8,39.4,180.03658536585365,2.176829268292683,3.2,ALO,35521.625,27328.0,50027.89473684211,39246.0,33874.88888888889,26273.0,93051.0,463276.0,2.0,,,1.0,3.0,,,,,4.5,6.714285714285714,,,,,252.83333333333334,222.57142857142858,,,,,254.0,257.0,,,,,116642.33333333333,110391.57142857143,,,,,93994.0,93051.0,,,0,0,0,3
2023,15,31.02926829268293,30.6,31.3,69.17073170731707,67.0,72.0,1007.5085365853658,1007.2,1007.7,False,38.203658536585365,36.8,39.4,180.03658536585365,2.176829268292683,3.2,BOT,33305.65217391304,27317.0,47628.192307692305,39446.0,33130.0,26588.0,93540.0,448870.0,2.0,,,,3.0,,,,,,8.722222222222221,,,,,,232.55555555555554,,,,,,254.0,,,,,,107301.5,,,,,,93540.0,,,0,0,0,3
2023,15,31.02926829268293,30.6,31.3,69.17073170731707,67.0,72.0,1007.5085365853658,1007.2,1007.7,False,38.203658536585365,36.8,39.4,180.03658536585365,2.176829268292683,3.2,GAS,38796.1875,27459.0,51573.36842105263,39477.0,34530.52631578947,26404.0,93351.0,573572.0,2.0,,,3.0,2.0,,,,,6.166666666666667,3.6666666666666665,,,,,217.5,253.66666666666666,,,,,254.0,254.0,,,,,112831.66666666667,106383.33333333333,,,,,94682.0,93351.0,,,0,0,0,3
2023,15,31.02926829268293,30.6,31.3,69.17073170731707,67.0,72.0,1007.5085365853658,1007.2,1007.7,False,38.203658536585365,36.8,39.4,180.03658536585365,2.176829268292683,3.2,HAM,43197.71428571428,27183.0,53478.333333333336,39035.0,38846.5,26183.0,92535.0,225581.8,5.0,,,,6.0,,,,,,5.5,,,,,,217.33333333333334,,,,,,256.0,,,,,,101376.5,,,,,,92535.0,,,0,0,0,3
2023,15,31.02926829268293,30.6,31.3,69.17073170731707,67.0,72.0,1007.5085365853658,1007.2,1007.7,False,38.203658536585365,36.8,39.4,180.03658536585365,2.176829268292683,3.2,HUL,38030.5625,27190.0,49983.333333333336,39327.0,35177.444444444445,26260.0,92896.0,402542.6666666667,3.0,,,3.0,4.0,,,,,6.0,4.5,,,,,249.6,210.33333333333334,,,,,256.0,259.0,,,,,114637.6,117452.0,,,,,94719.0,92896.0,,,0,0,0,3
2023,15,31.02926829268293,30.6,31.3,69.17073170731707,67.0,72.0,1007.5085365853658,1007.2,1007.7,False,38.203658536585365,36.8,39.4,180.03658536585365,2.176829268292683,3.2,LAW,40456.76470588235,27665.0,53459.42105263158,39246.0,37437.0,26332.0,93357.0,313161.0,2.0,,,1.0,3.0,,,,,3.6666666666666665,6.428571428571429,,,,,250.0,222.0,,,,,251.0,256.0,,,,,121320.0,116718.0,,,,,95145.0,93357.0,,,0,0,0,3
2023,15,31.02926829268293,30.6,31.3,69.17073170731707,67.0,72.0,1007.5085365853658,1007.2,1007.7,False,38.203658536585365,36.8,39.4,180.03658536585365,2.176829268292683,3.2,LEC,37003.681818181816,26950.0,52251.92,38884.0,36321.24,26479.0,92381.0,174915.75,4.0,,,3.0,5.0,,,,,8.75,4.5,,,,,251.5,244.25,,,,,256.0,259.0,,,,,106400.375,108758.25,,,,,93663.0,92381.0,,,0,0,0,3
2023,15,31.02926829268293,30.6,31.3,69.17073170731707,67.0,72.0,1007.5085365853658,1007.2,1007.7,False,38.203658536585365,36.8,39.4,180.03658536585365,2.176829268292683,3.2,MAG,39905.07142857143,27233.0,50845.875,39360.0,33678.75,26350.0,92970.0,561533.0,2.0,,,1.0,3.0,,,,,4.25,4.8,,,,,255.0,225.2,,,,,256.0,257.0,,,,,110587.25,111123.4,,,,,94010.0,92970.0,,,0,0,0,3
2023,15,31.02926829268293,30.6,31.3,69.17073170731707,67.0,72.0,1007.5085365853658,1007.2,1007.7,False,38.203658536585365,36.8,39.4,180.03658536585365,2.176829268292683,3.2,NOR,37187.230769230766,26973.0,50126.529411764706,39106.0,36571.294117647056,26126.0,92303.0,437354.3333333333,3.0,,,2.0,4.0,,,,,4.333333333333333,4.75,,,,,254.0,208.75,,,,,256.0,258.0,,,,,93990.33333333333,114881.25,,,,,93776.0,92303.0,,,0,0,0,3
2023,15,31.02926829268293,30.6,31.3,69.17073170731707,67.0,72.0,1007.5085365853658,1007.2,1007.7,False,38.203658536585365,36.8,39.4,180.03658536585365,2.176829268292683,3.2,OCO,40266.4375,27436.0,52089.31578947369,39265.0,35395.94736842105,26278.0,92979.0,363798.0,3.0,,,4.0,2.0,,,,,6.333333333333333,3.6666666666666665,,,,,222.5,256.3333333333333,,,,,258.0,258.0,,,,,114056.83333333333,109223.33333333333,,,,,94131.0,92979.0,,,0,0,0,3
2023,15,31.02926829268293,30.6,31.3,69.17073170731707,67.0,72.0,1007.5085365853658,1007.2,1007.7,False,38.203658536585365,36.8,39.4,180.03658536585365,2.176829268292683,3.2,PER,41751.94117647059,27255.0,54682.8,39221.0,36048.95,26263.0,92784.0,297551.4999999999,4.0,,,3.0,5.0,,,,,6.5,5.0,,,,,252.0,197.0,,,,,253.0,256.0,,,,,94500.75,116187.0,,,,,93955.0,92784.0,,,0,0,0,3
2023,15,31.02926829268293,30.6,31.3,69.17073170731707,67.0,72.0,1007.5085365853658,1007.2,1007.7,False,38.203658536585365,36.8,39.4,180.03658536585365,2.176829268292683,3.2,PIA,38945.28571428572,27171.0,49009.333333333336,39341.0,35205.444444444445,26218.0,92730.0,297395.5,4.0,2.0,,,5.0,,,4.8,,,5.0,,,251.4,,,184.33333333333334,,,254.0,,,257.0,,,114317.0,,,110809.66666666667,,,94578.0,,,92730.0,,,0,0,0,3
2023,15,31.02926829268293,30.6,31.3,69.17073170731707,67.0,72.0,1007.5085365853658,1007.2,1007.7,False,38.203658536585365,36.8,39.4,180.03658536585365,2.176829268292683,3.2,RUS,40355.529411764706,27050.0,53967.95,38802.0,37032.65,26262.0,92134.0,298835.3333333333,3.0,,,,4.0,,,,,,5.6,,,,,,221.8,,,,,,258.0,,,,,,117462.4,,,,,,92134.0,,,0,0,0,3
2023,15,31.02926829268293,30.6,31.3,69.17073170731707,67.0,72.0,1007.5085365853658,1007.2,1007.7,False,38.203658536585365,36.8,39.4,180.03658536585365,2.176829268292683,3.2,SAI,38101.6,27135.0,50120.782608695656,38760.0,35239.04347826087,26170.0,92065.0,241840.75,4.0,,,3.0,5.0,,,,,8.142857142857142,5.6,,,,,252.71428571428572,209.0,,,,,258.0,258.0,,,,,98742.42857142857,115725.2,,,,,93195.0,92065.0,,,0,0,0,3
2023,15,31.02926829268293,30.6,31.3,69.17073170731707,67.0,72.0,1007.5085365853658,1007.2,1007.7,False,38.203658536585365,36.8,39.4,180.03658536585365,2.176829268292683,3.2,SAR,38336.230769230766,27490.0,51622.75,39668.0,37266.0625,26550.0,93708.0,308007.3333333333,3.0,,,,4.0,,,,,,4.125,,,,,,220.0,,,,,,255.0,,,,,,117361.625,,,,,,93708.0,,,0,0,0,3
2023,15,31.02926829268293,30.6,31.3,69.17073170731707,67.0,72.0,1007.5085365853658,1007.2,1007.7,False,38.203658536585365,36.8,39.4,180.03658536585365,2.176829268292683,3.2,STR,36686.05263157895,27173.0,48722.086956521736,39384.0,34448.90909090909,26569.0,93126.0,257794.0,4.0,,,2.0,5.0,,,,,6.375,5.5,,,,,249.75,204.75,,,,,253.0,251.0,,,,,109949.125,106517.25,,,,,94496.0,93126.0,,,0,0,0,3
2023,15,31.02926829268293,30.6,31.3,69.17073170731707,67.0,72.0,1007.5085365853658,1007.2,1007.7,False,38.203658536585365,36.8,39.4,180.03658536585365,2.176829268292683,3.2,TSU,41289.5,27367.0,55784.055555555555,39161.0,36358.38888888889,26327.0,92945.0,204893.33333333334,3.0,,,1.0,4.0,,,,,4.75,4.333333333333333,,,,,249.25,201.0,,,,,254.0,255.0,,,,,107630.75,104777.33333333333,,,,,93783.0,92945.0,,,0,0,0,3
2023,15,31.02926829268293,30.6,31.3,69.17073170731707,67.0,72.0,1007.5085365853658,1007.2,1007.7,False,38.203658536585365,36.8,39.4,180.03658536585365,2.176829268292683,3.2,VER,38711.41176470588,27178.0,48273.95238095238,38985.0,34251.57142857143,26215.0,92378.0,260906.4,5.0,,,3.0,6.0,,,,,7.0,5.75,,,,,250.0,192.0,,,,,258.0,259.0,,,,,102791.0,113454.0,,,,,93660.0,92378.0,,,0,0,0,3
2023,15,31.02926829268293,30.6,31.3,69.17073170731707,67.0,72.0,1007.5085365853658,1007.2,1007.7,False,38.203658536585365,36.8,39.4,180.03658536585365,2.176829268292683,3.2,ZHO,35213.23809523809,27383.0,47654.375,39508.0,33346.041666666664,26659.0,93637.0,284649.0,4.0,,,,5.0,,,,,,9.142857142857142,,,,,,233.78571428571428,,,,,,255.0,,,,,,101333.14285714286,,,,,,93637.0,,,0,0,0,3
2023,16,28.317073170731707,27.5,29.1,46.36585365853659,43.0,50.0,1009.9439024390243,1009.5,1010.4,False,45.642682926829266,41.7,48.8,284.780487804878,2.7646341463414634,4.0,ALB,47547.11111111111,32411.0,49278.583333333336,41396.0,23592.416666666668,18257.0,92113.0,377975.0,3.0,,,,4.0,,,,,,4.25,,,,,,213.75,,,,,,265.0,,,,,,100874.75,,,,,,92113.0,,,0,0,0,0
2023,16,28.317073170731707,27.5,29.1,46.36585365853659,43.0,50.0,1009.9439024390243,1009.5,1010.4,False,45.642682926829266,41.7,48.8,284.780487804878,2.7646341463414634,4.0,ALO,46987.846153846156,31819.0,51433.3125,41301.0,24378.0,18352.0,91549.0,279387.6666666667,3.0,,,,4.0,,,,,,4.166666666666667,,,,,,210.16666666666666,,,,,,263.0,,,,,,103999.66666666667,,,,,,91549.0,,,0,0,0,0
2023,16,28.317073170731707,27.5,29.1,46.36585365853659,43.0,50.0,1009.9439024390243,1009.5,1010.4,False,45.642682926829266,41.7,48.8,284.780487804878,2.7646341463414634,4.0,BOT,46734.416666666664,31793.0,52420.8,41460.0,24397.6,18241.0,91699.0,422969.3333333333,3.0,,,,4.0,,,,,,4.4,,,,,,224.4,,,,,,265.0,,,,,,96993.2,,,,,,91699.0,,,0,0,0,0
2023,16,28.317073170731707,27.5,29.1,46.36585365853659,43.0,50.0,1009.9439024390243,1009.5,1010.4,False,45.642682926829266,41.7,48.8,284.780487804878,2.7646341463414634,4.0,GAS,47345.454545454544,32231.0,51264.0,41647.0,23501.866666666665,18321.0,92199.0,359164.0,4.0,,,,5.0,,,,,,4.4,,,,,,221.8,,,,,,263.0,,,,,,99983.4,,,,,,92199.0,,,0,0,0,0
2023,16,28.317073170731707,27.5,29.1,46.36585365853659,43.0,50.0,1009.9439024390243,1009.5,1010.4,False,45.642682926829266,41.7,48.8,284.780487804878,2.7646341463414634,4.0,HAM,42702.444444444445,31788.0,50924.61538461538,41200.0,25688.846153846152,18171.0,91159.0,531832.6666666666,3.0,,,,4.0,,,,,,5.2,,,,,,226.8,,,,,,263.0,,,,,,101532.8,,,,,,91159.0,,,0,0,0,0
2023,16,28.317073170731707,27.5,29.1,46.36585365853659,43.0,50.0,1009.9439024390243,1009.5,1010.4,False,45.642682926829266,41.7,48.8,284.780487804878,2.7646341463414634,4.0,HUL,47288.0,32072.000000000004,53618.61538461538,41593.0,23732.46153846154,18310.0,91979.0,522348.3333333333,3.0,,,,4.0,,,,,,3.5,,,,,,219.25,,,,,,266.0,,,,,,109337.25,,,,,,91979.0,,,0,0,0,0
2023,16,28.317073170731707,27.5,29.1,46.36585365853659,43.0,50.0,1009.9439024390243,1009.5,1010.4,False,45.642682926829266,41.7,48.8,284.780487804878,2.7646341463414634,4.0,LAW,48248.375,32299.0,55738.77777777778,41326.0,24730.61111111111,18347.0,92048.0,392550.5,2.0,,,1.0,3.0,,,,,5.2,5.0,,,,,260.4,197.25,,,,,263.0,262.0,,,,,113631.2,116234.0,,,,,92925.0,92048.0,,,0,0,0,0
2023,16,28.317073170731707,27.5,29.1,46.36585365853659,43.0,50.0,1009.9439024390243,1009.5,1010.4,False,45.642682926829266,41.7,48.8,284.780487804878,2.7646341463414634,4.0,LEC,42050.1875,31855.0,50269.9,40947.0,22994.65,18165.0,91022.0,437437.6666666667,3.0,,,,4.0,,,,,,6.7272727272727275,,,,,,241.8181818181818,,,,,,268.0,,,,,,102809.90909090909,,,,,,91022.0,,,0,0,0,0
2023,16,28.317073170731707,27.5,29.1,46.36585365853659,43.0,50.0,1009.9439024390243,1009.5,1010.4,False,45.642682926829266,41.7,48.8,284.780487804878,2.7646341463414634,4.0,MAG,50333.38461538462,32072.000000000004,55856.9375,41320.0,23177.5625,18394.0,91880.0,404537.0,3.0,,,,4.0,,,,,,4.333333333333333,,,,,,233.0,,,,,,266.0,,,,,,107363.83333333333,,,,,,91880.0,,,0,0,0,0
2023,16,28.317073170731707,27.5,29.1,46.36585365853659,43.0,50.0,1009.9439024390243,1009.5,1010.4,False,45.642682926829266,41.7,48.8,284.780487804878,2.7646341463414634,4.0,NOR,40443.416666666664,31307.0,47954.25,40892.0,22540.625,18198.0,90507.0,530733.6666666666,3.0,,,,4.0,,,,,,4.375,,,,,,239.75,,,,,,264.0,,,,,,106758.0,,,,,,90507.0,,,0,0,0,0
2023,16,28.317073170731707,27.5,29.1,46.36585365853659,43.0,50.0,1009.9439024390243,1009.5,1010.4,False,45.642682926829266,41.7,48.8,284.780487804878,2.7646341463414634,4.0,OCO,43129.0,32209.000000000004,51733.307692307695,41369.0,23321.846153846152,18340.0,91924.0,539140.0,3.0,,,,4.0,,,,,,4.0,,,,,,226.2,,,,,,265.0,,,,,,108089.0,,,,,,91924.0,,,0,0,0,0
2023,16,28.317073170731707,27.5,29.1,46.36585365853659,43.0,50.0,1009.9439024390243,1009.5,1010.4,False,45.642682926829266,41.7,48.8,284.780487804878,2.7646341463414634,4.0,PER,48421.77777777778,31693.0,51447.583333333336,41080.0,24162.416666666668,18179.0,91004.0,551978.0,3.0,,,,4.0,,,,,,3.5,,,,,,213.25,,,,,,264.0,,,,,,101465.25,,,,,,91004.0,,,0,0,0,0
2023,16,28.317073170731707,27.5,29.1,46.36585365853659,43.0,50.0,1009.9439024390243,1009.5,1010.4,False,45.642682926829266,41.7,48.8,284.780487804878,2.7646341463414634,4.0,PIA,42107.181818181816,31404.0,48350.6,40873.0,23033.533333333333,18278.0,90555.0,575431.0,3.0,,,,4.0,,,,,,4.714285714285714,,,,,,232.42857142857142,,,,,,265.0,,,,,,102833.14285714286,,,,,,90555.0,,,0,0,0,0
2023,16,28.317073170731707,27.5,29.1,46.36585365853659,43.0,50.0,1009.9439024390243,1009.5,1010.4,False,45.642682926829266,41.7,48.8,284.780487804878,2.7646341463414634,4.0,RUS,42853.666666666664,32045.0,54158.444444444445,41172.0,24066.666666666668,18288.0,91505.0,636407.0,2.0,,,,3.0,,,,,,3.0,,,,,,262.3333333333333,,,,,,264.0,,,,,,91985.33333333333,,,,,,91505.0,,,0,0,0,0
2023,16,28.317073170731707,27.5,29.1,46.36585365853659,43.0,50.0,1009.9439024390243,1009.5,1010.4,False,45.642682926829266,41.7,48.8,284.780487804878,2.7646341463414634,4.0,SAI,43426.125,31903.0,48153.8,40998.0,21650.3,18203.0,91137.0,340890.75,4.0,,,,5.0,,,,,,7.0,,,,,,242.4,,,,,,265.0,,,,,,99421.7,,,,,,91137.0,,,0,0,0,0
2023,16,28.317073170731707,27.5,29.1,46.36585365853659,43.0,50.0,1009.9439024390243,1009.5,1010.4,False,45.642682926829266,41.7,48.8,284.780487804878,2.7646341463414634,4.0,SAR,47486.3,32292.0,49878.846153846156,41380.0,22550.46153846154,18330.0,92002.0,342532.3333333333,3.0,,,,4.0,,,,,,4.0,,,,,,223.66666666666666,,,,,,268.0,,,,,,113093.0,,,,,,92002.0,,,0,0,0,0
2023,16,28.317073170731707,27.5,29.1,46.36585365853659,43.0,50.0,1009.9439024390243,1009.5,1010.4,False,45.642682926829266,41.7,48.8,284.780487804878,2.7646341463414634,4.0,STR,44963.933333333334,31848.0,51747.10526315789,41650.0,24477.21052631579,18476.0,92154.0,285422.75,4.0,2.0,,,5.0,,,5.0,,,4.75,,,259.3333333333333,,,182.25,,,260.0,,,265.0,,,93288.33333333333,,,116966.25,,,93003.0,,,92154.0,,,0,0,0,0
2023,16,28.317073170731707,27.5,29.1,46.36585365853659,43.0,50.0,1009.9439024390243,1009.5,1010.4,False,45.642682926829266,41.7,48.8,284.780487804878,2.7646341463414634,4.0,TSU,50265.4375,32171.0,57371.166666666664,41314.0,25207.444444444445,18305.0,91951.0,374488.0,2.0,,,1.0,3.0,,,,,5.0,5.666666666666667,,,,,235.4,186.33333333333334,,,,,265.0,262.0,,,,,114719.8,120369.33333333333,,,,,92593.0,91951.0,,,0,0,0,0
2023,16,28.317073170731707,27.5,29.1,46.36585365853659,43.0,50.0,1009.9439024390243,1009.5,1010.4,False,45.642682926829266,41.7,48.8,284.780487804878,2.7646341463414634,4.0,VER,41254.625,31361.0,50614.0,40859.0,22382.0,18047.0,90267.0,489093.6666666667,3.0,,,,4.0,,,,,,3.5,,,,,,218.75,,,,,,265.0,,,,,,101852.25,,,,,,90267.0,,,0,0,0,0
2023,16,28.317073170731707,27.5,29.1,46.36585365853659,43.0,50.0,1009.9439024390243,1009.5,1010.4,False,45.642682926829266,41.7,48.8,284.780487804878,2.7646341463414634,4.0,ZHO,49652.333333333336,31988.0,52839.2,41284.0,25090.333333333332,18374.0,91668.0,323473.0,4.0,,,,5.0,,,,,,4.4,,,,,,225.4,,,,,,265.0,,,,,,99670.0,,,,,,91668.0,,,0,0,0,0
2023,19,21.341975308641977,19.8,22.9,46.358024691358025,42.0,53.0,783.9432098765433,783.2,784.7,False,43.90246913580247,39.2,47.0,193.55555555555554,1.5666666666666667,3.9,ALB,36595.666666666664,27716.0,38492.05263157895,30062.0,26376.052631578947,20179.0,77957.0,194213.0,4.0,,,5.0,3.0,,,,,6.444444444444445,3.5,,,,,210.77777777777777,252.0,,,,,251.0,252.0,,,,,105878.44444444444,78419.0,,,,,79464.0,77957.0,,,0,0,0,4
2023,19,21.341975308641977,19.8,22.9,46.358024691358025,42.0,53.0,783.9432098765433,783.2,784.7,False,43.90246913580247,39.2,47.0,193.55555555555554,1.5666666666666667,3.9,ALO,37489.882352941175,27837.0,38076.19047619047,30728.0,25710.809523809523,20579.0,79471.0,397206.75,4.0,,,4.0,5.0,,,,,5.5,5.0,,,,,247.33333333333334,223.71428571428572,,,,,248.0,251.0,,,,,93950.16666666667,99838.57142857143,,,,,79927.0,79471.0,,,0,0,0,4
2023,19,21.341975308641977,19.8,22.9,46.358024691358025,42.0,53.0,783.9432098765433,783.2,784.7,False,43.90246913580247,39.2,47.0,193.55555555555554,1.5666666666666667,3.9,BOT,31766.954545454544,27687.0,34206.230769230766,30344.0,23857.423076923078,20332.0,78437.0,456208.3333333333,3.0,4.0,,,3.0,,,9.928571428571429,,,3.5,,,233.78571428571428,,,234.25,,,248.0,,,253.0,,,86083.14285714286,,,90855.25,,,80740.0,,,78437.0,,,0,0,0,4
2023,19,21.341975308641977,19.8,22.9,46.358024691358025,42.0,53.0,783.9432098765433,783.2,784.7,False,43.90246913580247,39.2,47.0,193.55555555555554,1.5666666666666667,3.9,GAS,34427.17647058824,28175.0,37102.47368421053,30533.0,27384.21052631579,20550.0,79509.0,1365016.0,1.0,,,1.0,2.0,,,,,5.5,5.0,,,,,219.375,211.42857142857142,,,,,249.0,248.0,,,,,97825.75,98636.0,,,,,80584.0,79509.0,,,0,0,0,4
2023,19,21.341975308641977,19.8,22.9,46.358024691358025,42.0,53.0,783.9432098765433,783.2,784.7,False,43.90246913580247,39.2,47.0,193.55555555555554,1.5666666666666667,3.9,HAM,38021.705882352944,27823.0,39189.333333333336,30439.0,25462.428571428572,20260.0,78522.0,256462.80000000013,5.0,,,,6.0,,,,,,6.181818181818182,,,,,,228.63636363636363,,,,,,250.0,,,,,,94502.54545454546,,,,,,78522.0,,,0,0,0,4
2023,19,21.341975308641977,19.8,22.9,46.358024691358025,42.0,53.0,783.9432098765433,783.2,784.7,False,43.90246913580247,39.2,47.0,193.55555555555554,1.5666666666666667,3.9,HUL,35967.3125,27745.0,36206.0,30808.0,24497.11111111111,20460.0,79320.0,535603.5,2.0,,,,3.0,,,,,,5.153846153846154,,,,,,224.30769230769232,,,,,,250.0,,,,,,96879.61538461539,,,,,,79320.0,,,0,0,0,4
2023,19,21.341975308641977,19.8,22.9,46.358024691358025,42.0,53.0,783.9432098765433,783.2,784.7,False,43.90246913580247,39.2,47.0,193.55555555555554,1.5666666666666667,3.9,LEC,34415.666666666664,27607.0,36381.09090909091,30598.0,24950.590909090908,20575.0,78970.0,370199.0,4.0,,,,5.0,,,,,,7.846153846153846,,,,,,228.76923076923077,,,,,,253.0,,,,,,90381.46153846153,,,,,,78970.0,,,0,0,0,4
2023,19,21.341975308641977,19.8,22.9,46.358024691358025,42.0,53.0,783.9432098765433,783.2,784.7,False,43.90246913580247,39.2,47.0,193.55555555555554,1.5666666666666667,3.9,MAG,37980.42857142857,28034.0,40350.0,30904.0,27675.11111111111,20635.0,79573.0,1611325.0,1.0,,,,2.0,,,,,,4.5,,,,,,186.5,,,,,,252.0,,,,,,104166.83333333333,,,,,,79573.0,,,0,0,0,4
2023,19,21.341975308641977,19.8,22.9,46.358024691358025,42.0,53.0,783.9432098765433,783.2,784.7,False,43.90246913580247,39.2,47.0,193.55555555555554,1.5666666666666667,3.9,NOR,33531.0,27712.0,34994.76190476191,30396.0,24263.47619047619,20248.0,78480.0,470583.0,3.0,,,,4.0,,,,,,6.153846153846154,,,,,,228.3846153846154,,,,,,251.0,,,,,,87364.76923076923,,,,,,78480.0,,,0,0,0,4
2023,19,21.341975308641977,19.8,22.9,46.358024691358025,42.0,53.0,783.9432098765433,783.2,784.7,False,43.90246913580247,39.2,47.0,193.55555555555554,1.5666666666666667,3.9,OCO,37259.8125,28327.0,36197.73684210526,30822.0,24411.315789473683,20665.0,79839.0,455776.0,3.0,,,4.0,3.0,,,,,5.75,4.0,,,,,215.5,249.5,,,,,246.0,251.0,,,,,91222.125,99485.25,,,,,80434.0,79839.0,,,0,0,0,4
2023,19,21.341975308641977,19.8,22.9,46.358024691358025,42.0,53.0,783.9432098765433,783.2,784.7,False,43.90246913580247,39.2,47.0,193.55555555555554,1.5666666666666667,3.9,PER,36826.882352941175,27565.0,37969.52631578947,30263.0,26025.105263157893,20198.0,78026.0,421261.5,2.0,,,,3.0,,,,,,5.428571428571429,,,,,,212.35714285714286,,,,,,253.0,,,,,,99051.92857142857,,,,,,78026.0,,,0,0,0,4
2023,19,21.341975308641977,19.8,22.9,46.358024691358025,42.0,53.0,783.9432098765433,783.2,784.7,False,43.90246913580247,39.2,47.0,193.55555555555554,1.5666666666666667,3.9,PIA,32511.5,27652.0,35075.36363636364,30143.0,23876.090909090908,20224.0,78392.0,408797.3333333333,3.0,,,,4.0,,,,,,6.785714285714286,,,,,,235.0,,,,,,253.0,,,,,,86397.0,,,,,,78392.0,,,0,0,0,4
2023,19,21.341975308641977,19.8,22.9,46.358024691358025,42.0,53.0,783.9432098765433,783.2,784.7,False,43.90246913580247,39.2,47.0,193.55555555555554,1.5666666666666667,3.9,RIC,40067.833333333336,27777.0,37661.53333333333,30395.0,25547.733333333334,20293.0,78499.0,305674.0000000002,3.0,,,1.0,4.0,,,,,3.0,4.4,,,,,250.0,190.2,,,,,251.0,251.0,,,,,93548.0,98471.4,,,,,78944.0,78499.0,,,0,0,0,4
2023,19,21.341975308641977,19.8,22.9,46.358024691358025,42.0,53.0,783.9432098765433,783.2,784.7,False,43.90246913580247,39.2,47.0,193.55555555555554,1.5666666666666667,3.9,RUS,35503.375,27791.0,37333.0,30202.0,25420.05,20255.0,78248.0,439333.3333333333,3.0,,,,4.0,,,,,,5.416666666666667,,,,,,210.66666666666666,,,,,,250.0,,,,,,97423.33333333333,,,,,,78248.0,,,0,0,0,4
2023,19,21.341975308641977,19.8,22.9,46.358024691358025,42.0,53.0,783.9432098765433,783.2,784.7,False,43.90246913580247,39.2,47.0,193.55555555555554,1.5666666666666667,3.9,SAI,38968.31578947369,27625.0,36622.65217391304,30607.0,25720.347826086956,20480.0,79293.0,226054.83333333334,6.0,,,,7.0,,,,,,8.25,,,,,,228.0,,,,,,252.0,,,,,,94573.33333333333,,,,,,79293.0,,,0,0,0,4
2023,19,21.341975308641977,19.8,22.9,46.358024691358025,42.0,53.0,783.9432098765433,783.2,784.7,False,43.90246913580247,39.2,47.0,193.55555555555554,1.5666666666666667,3.9,SAR,34349.818181818184,27699.0,37872.933333333334,30495.0,27449.666666666668,20409.0,78718.0,370563.6666666667,3.0,,,,4.0,,,,,,4.142857142857143,,,,,,213.71428571428572,,,,,,252.0,,,,,,93842.28571428571,,,,,,78718.0,,,0,0,0,4
2023,19,21.341975308641977,19.8,22.9,46.358024691358025,42.0,53.0,783.9432098765433,783.2,784.7,False,43.90246913580247,39.2,47.0,193.55555555555554,1.5666666666666667,3.9,STR,34964.05882352941,27812.0,38871.04761904762,30636.0,27037.9,20481.0,79094.0,415218.0,4.0,,,4.0,5.0,,,,,5.5,5.0,,,,,224.83333333333334,203.28571428571428,,,,,247.0,250.0,,,,,91074.66666666667,103662.14285714286,,,,,80027.0,79094.0,,,0,0,0,4
2023,19,21.341975308641977,19.8,22.9,46.358024691358025,42.0,53.0,783.9432098765433,783.2,784.7,False,43.90246913580247,39.2,47.0,193.55555555555554,1.5666666666666667,3.9,TSU,35729.181818181816,27935.0,36140.57692307692,30346.0,24426.80769230769,20169.0,78450.0,199257.0,5.0,,,,6.0,,,,,,7.9375,,,,,,234.25,,,,,,252.0,,,,,,91218.9375,,,,,,78450.0,,,0,0,0,4
2023,19,21.341975308641977,19.8,22.9,46.358024691358025,42.0,53.0,783.9432098765433,783.2,784.7,False,43.90246913580247,39.2,47.0,193.55555555555554,1.5666666666666667,3.9,VER,37258.470588235294,27582.0,38557.68421052631,30198.0,25805.63157894737,20107.0,77887.0,363285.0,2.0,,,,3.0,,,,,,5.166666666666667,,,,,,219.33333333333334,,,,,,253.0,,,,,,90884.33333333333,,,,,,77887.0,,,0,0,0,4
2023,19,21.341975308641977,19.8,22.9,46.358024691358025,42.0,53.0,783.9432098765433,783.2,784.7,False,43.90246913580247,39.2,47.0,193.55555555555554,1.5666666666666667,3.9,ZHO,38329.77777777778,27824.0,38946.42857142857,30517.0,25861.761904761905,20576.0,78917.0,351225.3333333333,3.0,4.0,,,3.0,,,6.8,,,3.5,,,228.6,,,228.25,,,249.0,,,252.0,,,100233.5,,,100859.0,,,80979.0,,,78917.0,,,0,0,0,4
2023,21,16.889041095890413,16.6,17.2,57.32876712328767,56.0,59.0,942.5616438356165,942.4,942.7,False,18.58219178082192,18.2,19.1,202.3835616438356,1.0027397260273974,2.5,ALB,33978.083333333336,26963.0,44304.71428571428,31591.0,42138.53846153846,36172.0,94726.0,228326.0,1.0,,,,2.0,,,,,,4.555555555555555,,,,,,317.8888888888889,,,,,,322.0,,,,,,117846.11111111111,,,,,,94726.0,,,1,0,0,5
2023,21,16.889041095890413,16.6,17.2,57.32876712328767,56.0,59.0,942.5616438356165,942.4,942.7,False,18.58219178082192,18.2,19.1,202.3835616438356,1.0027397260273974,2.5,ALO,31621.76923076923,26906.0,35900.555555555555,31662.0,41144.94117647059,36157.0,94788.0,225897.40000000008,5.0,,,3.0,5.0,,,,,4.4,3.5,,,,,312.4,311.75,,,,,320.0,312.0,,,,,103742.8,103142.75,,,,,96481.0,94788.0,,,1,0,0,5
2023,21,16.889041095890413,16.6,17.2,57.32876712328767,56.0,59.0,942.5616438356165,942.4,942.7,False,18.58219178082192,18.2,19.1,202.3835616438356,1.0027397260273974,2.5,BOT,32498.9375,27034.0,36607.77777777778,31402.0,41917.61111111111,36305.0,94908.0,1110550.0,1.0,,,,2.0,,,,,,5.285714285714286,,,,,,306.2142857142857,,,,,,318.0,,,,,,108754.85714285714,,,,,,94908.0,,,1,0,0,5
2023,21,16.889041095890413,16.6,17.2,57.32876712328767,56.0,59.0,942.5616438356165,942.4,942.7,False,18.58219178082192,18.2,19.1,202.3835616438356,1.0027397260273974,2.5,GAS,30720.0,27796.0,35422.583333333336,32076.0,40052.833333333336,36596.0,96485.0,1111706.0,1.0,,,,1.0,,,,,,5.5,,,,,,316.625,,,,,,321.0,,,,,,103932.375,,,,,,96485.0,,,1,0,0,5
2023,21,16.889041095890413,16.6,17.2,57.32876712328767,56.0,59.0,942.5616438356165,942.4,942.7,False,18.58219178082192,18.2,19.1,202.3835616438356,1.0027397260273974,2.5,HAM,31591.363636363636,27057.0,35501.791666666664,31640.0,40902.333333333336,36156.0,94853.0,497353.0,1.0,,,1.0,2.0,,,,,8.0,5.0,,,,,310.46153846153845,310.0,,,,,314.0,317.0,,,,,101193.92307692308,109604.16666666667,,,,,99050.0,94853.0,,,1,0,0,5
2023,21,16.889041095890413,16.6,17.2,57.32876712328767,56.0,59.0,942.5616438356165,942.4,942.7,False,18.58219178082192,18.2,19.1,202.3835616438356,1.0027397260273974,2.5,HUL,33723.71428571428,27099.0,37542.0625,31632.0,43296.5,36381.0,95112.0,352472.5,2.0,,,1.0,3.0,,,,,6.25,3.0,,,,,311.25,315.6666666666667,,,,,315.0,319.0,,,,,104293.625,121717.33333333333,,,,,96227.0,95112.0,,,1,0,0,5
2023,21,16.889041095890413,16.6,17.2,57.32876712328767,56.0,59.0,942.5616438356165,942.4,942.7,False,18.58219178082192,18.2,19.1,202.3835616438356,1.0027397260273974,2.5,LEC,30766.833333333332,26837.0,37388.80952380953,31158.0,42714.47619047619,36579.0,95908.0,377948.5,2.0,,,2.0,3.0,,,,,9.357142857142858,2.5,,,,,312.35714285714283,258.0,,,,,320.0,316.0,,,,,107609.28571428571,121379.0,,,,,95908.0,117489.0,,,1,0,0,5
2023,21,16.889041095890413,16.6,17.2,57.32876712328767,56.0,59.0,942.5616438356165,942.4,942.7,False,18.58219178082192,18.2,19.1,202.3835616438356,1.0027397260273974,2.5,MAG,33813.0625,26811.0,39854.88888888889,31619.0,44486.05882352941,36399.0,95067.0,403800.0,2.0,,,1.0,3.0,,,,,6.0,3.6666666666666665,,,,,307.3333333333333,313.6666666666667,,,,,315.0,320.0,,,,,117061.44444444444,109542.0,,,,,97115.0,95067.0,,,1,0,0,5
2023,21,16.889041095890413,16.6,17.2,57.32876712328767,56.0,59.0,942.5616438356165,942.4,942.7,False,18.58219178082192,18.2,19.1,202.3835616438356,1.0027397260273974,2.5,NOR,31594.785714285714,26885.0,35737.82352941176,31909.0,41748.58823529412,36241.0,95089.0,446505.3333333333,3.0,,,3.0,4.0,,,,,5.5,3.0,,,,,308.0,319.6666666666667,,,,,315.0,323.0,,,,,104950.625,107625.0,,,,,97267.0,95089.0,,,1,0,0,5
2023,21,16.889041095890413,16.6,17.2,57.32876712328767,56.0,59.0,942.5616438356165,942.4,942.7,False,18.58219178082192,18.2,19.1,202.3835616438356,1.0027397260273974,2.5,OCO,29849.384615384617,27067.0,34972.73333333333,31898.0,39798.42857142857,36332.0,95297.0,982364.0,1.0,,,,2.0,,,,,,5.363636363636363,,,,,,317.3636363636364,,,,,,322.0,,,,,,102259.27272727272,,,,,,95297.0,,,1,0,0,5
2023,21,16.889041095890413,16.6,17.2,57.32876712328767,56.0,59.0,942.5616438356165,942.4,942.7,False,18.58219178082192,18.2,19.1,202.3835616438356,1.0027397260273974,2.5,PER,36964.09090909091,26797.0,39451.846153846156,31473.0,42434.083333333336,36314.0,94706.0,263132.6666666667,3.0,,,,4.0,,,,,,5.285714285714286,,,,,,314.14285714285717,,,,,,316.0,,,,,,112470.0,,,,,,94706.0,,,1,0,0,5
2023,21,16.889041095890413,16.6,17.2,57.32876712328767,56.0,59.0,942.5616438356165,942.4,942.7,False,18.58219178082192,18.2,19.1,202.3835616438356,1.0027397260273974,2.5,PIA,33836.470588235294,26864.0,37190.65,31380.0,41454.85,36229.0,94491.0,227314.0,4.0,,,4.0,5.0,,,,,5.5,4.0,,,,,313.0,298.4,,,,,320.0,320.0,,,,,103107.625,111913.8,,,,,97639.0,94491.0,,,1,0,0,5
2023,21,16.889041095890413,16.6,17.2,57.32876712328767,56.0,59.0,942.5616438356165,942.4,942.7,False,18.58219178082192,18.2,19.1,202.3835616438356,1.0027397260273974,2.5,RIC,35251.846153846156,27630.0,38356.78571428572,32448.999999999996,42780.21428571428,37080.0,97778.0,248606.33333333317,3.0,,,,3.0,,,,,,4.555555555555555,,,,,,311.3333333333333,,,,,,315.0,,,,,,116412.33333333333,,,,,,97778.0,,,1,0,0,5
2023,21,16.889041095890413,16.6,17.2,57.32876712328767,56.0,59.0,942.5616438356165,942.4,942.7,False,18.58219178082192,18.2,19.1,202.3835616438356,1.0027397260273974,2.5,RUS,32428.14285714286,26765.0,37925.30434782609,31270.0,40289.181818181816,36036.0,94093.0,611712.0,1.0,,,1.0,2.0,,,,,7.0,5.666666666666667,,,,,312.3636363636364,301.0,,,,,317.0,323.0,,,,,103675.45454545454,106426.33333333333,,,,,99690.0,94093.0,,,1,0,0,5
2023,21,16.889041095890413,16.6,17.2,57.32876712328767,56.0,59.0,942.5616438356165,942.4,942.7,False,18.58219178082192,18.2,19.1,202.3835616438356,1.0027397260273974,2.5,SAI,31625.235294117647,27503.0,39092.35,31932.0,42191.1,36504.0,95939.0,425557.5,2.0,,,2.0,3.0,,,,,9.076923076923077,2.5,,,,,313.0769230769231,298.0,,,,,318.0,313.0,,,,,106937.53846153847,147137.5,,,,,95939.0,147076.0,,,1,0,0,5
2023,21,16.889041095890413,16.6,17.2,57.32876712328767,56.0,59.0,942.5616438356165,942.4,942.7,False,18.58219178082192,18.2,19.1,202.3835616438356,1.0027397260273974,2.5,SAR,33395.4,26986.0,40962.41176470588,31607.0,40431.5625,36030.0,94645.0,179733.0,1.0,,,,2.0,,,,,,4.769230769230769,,,,,,309.7692307692308,,,,,,320.0,,,,,,114205.15384615384,,,,,,94645.0,,,1,0,0,5
2023,21,16.889041095890413,16.6,17.2,57.32876712328767,56.0,59.0,942.5616438356165,942.4,942.7,False,18.58219178082192,18.2,19.1,202.3835616438356,1.0027397260273974,2.5,STR,31634.625,27065.0,35299.94736842105,31587.0,40842.36842105263,36465.0,95253.0,254520.5,4.0,,,4.0,5.0,,,,,6.285714285714286,4.0,,,,,309.0,312.2,,,,,314.0,313.0,,,,,102170.14285714286,105047.8,,,,,96857.0,95253.0,,,1,0,0,5
2023,21,16.889041095890413,16.6,17.2,57.32876712328767,56.0,59.0,942.5616438356165,942.4,942.7,False,18.58219178082192,18.2,19.1,202.3835616438356,1.0027397260273974,2.5,TSU,35220.416666666664,27394.0,40972.142857142855,31839.0,41379.21428571428,36612.0,96087.0,536979.0,1.0,,,,2.0,,,,,,4.666666666666667,,,,,,314.0,,,,,,316.0,,,,,,108544.11111111111,,,,,,96087.0,,,1,0,0,5
2023,21,16.889041095890413,16.6,17.2,57.32876712328767,56.0,59.0,942.5616438356165,942.4,942.7,False,18.58219178082192,18.2,19.1,202.3835616438356,1.0027397260273974,2.5,VER,32705.727272727272,26657.0,39338.846153846156,31449.0,45601.07692307692,36362.0,94653.0,519995.0,1.0,,,,2.0,,,,,,4.4,,,,,,273.8,,,,,,316.0,,,,,,119461.3,,,,,,94653.0,,,1,0,0,5
2023,21,16.889041095890413,16.6,17.2,57.32876712328767,56.0,59.0,942.5616438356165,942.4,942.7,False,18.58219178082192,18.2,19.1,202.3835616438356,1.0027397260273974,2.5,ZHO,34864.307692307695,27186.0,37817.53333333333,32009.0,41657.4,36396.0,95881.0,1365812.0,1.0,,,,2.0,,,,,,6.090909090909091,,,,,,303.1818181818182,,,,,,318.0,,,,,,111056.36363636363,,,,,,95881.0,,,1,0,0,5
2023,22,28.845121951219515,28.6,29.1,56.69512195121951,53.0,59.0,1013.0536585365853,1013.0,1013.2,False,42.25609756097561,39.9,44.0,280.1951219512195,2.4914634146341466,3.5,ALB,26266.916666666668,17200.0,45370.882352941175,36327.0,43695.64705882353,31402.0,84929.0,305939.9999999999,5.0,,,,6.0,,,,,,4.285714285714286,,,,,,190.0,,,,,,221.0,,,,,,106919.42857142857,,,,,,84929.0,,,0,0,0,1
2023,22,28.845121951219515,28.6,29.1,56.69512195121951,53.0,59.0,1013.0536585365853,1013.0,1013.2,False,42.25609756097561,39.9,44.0,280.1951219512195,2.4914634146341466,3.5,ALO,23616.2,17317.0,43877.2,36611.0,39266.32,31309.0,85343.0,207086.33333333334,6.0,,,,7.0,,,,,,6.928571428571429,,,,,,199.42857142857142,,,,,,222.0,,,,,,97686.92857142857,,,,,,85343.0,,,0,0,0,1
2023,22,28.845121951219515,28.6,29.1,56.69512195121951,53.0,59.0,1013.0536585365853,1013.0,1013.2,False,42.25609756097561,39.9,44.0,280.1951219512195,2.4914634146341466,3.5,BOT,23963.23076923077,17604.0,47476.9375,36576.0,41382.8125,31190.0,85420.0,601133.5,2.0,,,,3.0,,,,,,4.2,,,,,,188.4,,,,,,222.0,,,,,,112322.8,,,,,,85420.0,,,0,0,0,1
2023,22,28.845121951219515,28.6,29.1,56.69512195121951,53.0,59.0,1013.0536585365853,1013.0,1013.2,False,42.25609756097561,39.9,44.0,280.1951219512195,2.4914634146341466,3.5,GAS,22879.75,17425.0,44772.333333333336,36604.0,40762.77777777778,31274.0,85303.0,306658.8,5.0,,,,6.0,,,,,,5.0,,,,,,191.0,,,,,,218.0,,,,,,91101.33333333333,,,,,,85303.0,,,0,0,0,1
2023,22,28.845121951219515,28.6,29.1,56.69512195121951,53.0,59.0,1013.0536585365853,1013.0,1013.2,False,42.25609756097561,39.9,44.0,280.1951219512195,2.4914634146341466,3.5,HAM,25663.0,17424.0,48408.807692307695,36572.0,41821.88461538462,31228.0,85292.0,243778.5,4.0,,,,5.0,,,,,,9.266666666666667,,,,,,201.86666666666667,,,,,,220.0,,,,,,98860.2,,,,,,85292.0,,,0,0,0,1
2023,22,28.845121951219515,28.6,29.1,56.69512195121951,53.0,59.0,1013.0536585365853,1013.0,1013.2,False,42.25609756097561,39.9,44.0,280.1951219512195,2.4914634146341466,3.5,HUL,25754.7,17648.0,45586.318181818184,36712.0,40933.454545454544,31224.0,85584.0,386469.3333333333,3.0,,,,4.0,,,,,,7.0,,,,,,200.15384615384616,,,,,,222.0,,,,,,97801.07692307692,,,,,,85584.0,,,0,0,0,1
2023,22,28.845121951219515,28.6,29.1,56.69512195121951,53.0,59.0,1013.0536585365853,1013.0,1013.2,False,42.25609756097561,39.9,44.0,280.1951219512195,2.4914634146341466,3.5,LEC,23646.625,17498.0,45181.51851851852,36407.0,38816.74074074074,31179.0,85099.0,272694.6666666667,3.0,,,3.0,4.0,,,,,11.0,4.8,,,,,211.78571428571428,172.2,,,,,221.0,219.0,,,,,94166.07142857143,112646.2,,,,,86090.0,85099.0,,,0,0,0,1
2023,22,28.845121951219515,28.6,29.1,56.69512195121951,53.0,59.0,1013.0536585365853,1013.0,1013.2,False,42.25609756097561,39.9,44.0,280.1951219512195,2.4914634146341466,3.5,MAG,28808.0,17526.0,50722.65,36605.0,47441.25,31485.0,85652.0,309262.0,2.0,,,,3.0,,,,,,5.75,,,,,,187.125,,,,,,220.0,,,,,,97607.125,,,,,,85652.0,,,0,0,0,1
2023,22,28.845121951219515,28.6,29.1,56.69512195121951,53.0,59.0,1013.0536585365853,1013.0,1013.2,False,42.25609756097561,39.9,44.0,280.1951219512195,2.4914634146341466,3.5,NOR,23519.75,17235.0,45045.9375,36328.0,38980.125,30950.0,84513.0,407374.25,4.0,,,,5.0,,,,,,4.142857142857143,,,,,,185.42857142857142,,,,,,221.0,,,,,,102280.0,,,,,,84513.0,,,0,0,0,1
2023,22,28.845121951219515,28.6,29.1,56.69512195121951,53.0,59.0,1013.0536585365853,1013.0,1013.2,False,42.25609756097561,39.9,44.0,280.1951219512195,2.4914634146341466,3.5,OCO,22432.916666666668,17438.0,46691.444444444445,36533.0,42320.0,31223.0,85194.0,297284.2,5.0,,,,6.0,,,,,,5.0,,,,,,186.66666666666666,,,,,,216.0,,,,,,92016.83333333333,,,,,,85194.0,,,0,0,0,1
2023,22,28.845121951219515,28.6,29.1,56.69512195121951,53.0,59.0,1013.0536585365853,1013.0,1013.2,False,42.25609756097561,39.9,44.0,280.1951219512195,2.4914634146341466,3.5,PER,22500.222222222223,17398.0,46635.0,36536.0,40202.09523809524,31244.0,85259.0,607305.5,2.0,,,,3.0,,,,,,6.923076923076923,,,,,,196.3846153846154,,,,,,219.0,,,,,,100843.84615384616,,,,,,85259.0,,,0,0,0,1
2023,22,28.845121951219515,28.6,29.1,56.69512195121951,53.0,59.0,1013.0536585365853,1013.0,1013.2,False,42.25609756097561,39.9,44.0,280.1951219512195,2.4914634146341466,3.5,PIA,24458.916666666668,17254.0,43908.9375,36405.0,41077.375,31105.0,84810.0,321106.0,4.0,,,,5.0,,,,,,4.285714285714286,,,,,,188.57142857142858,,,,,,223.0,,,,,,102612.71428571429,,,,,,84810.0,,,0,0,0,1
2023,22,28.845121951219515,28.6,29.1,56.69512195121951,53.0,59.0,1013.0536585365853,1013.0,1013.2,False,42.25609756097561,39.9,44.0,280.1951219512195,2.4914634146341466,3.5,RIC,25221.615384615383,17597.0,51698.666666666664,36696.0,41526.73333333333,31195.0,85597.0,424909.5,2.0,,,,3.0,,,,,,4.375,,,,,,194.75,,,,,,223.0,,,,,,106767.625,,,,,,85597.0,,,0,0,0,1
2023,22,28.845121951219515,28.6,29.1,56.69512195121951,53.0,59.0,1013.0536585365853,1013.0,1013.2,False,42.25609756097561,39.9,44.0,280.1951219512195,2.4914634146341466,3.5,RUS,29506.727272727272,17268.0,49604.5,36439.0,43406.42857142857,30711.0,84418.0,375792.5,4.0,,,,5.0,,,,,,4.25,,,,,,182.75,,,,,,222.0,,,,,,97413.5,,,,,,84418.0,,,0,0,0,1
2023,22,28.845121951219515,28.6,29.1,56.69512195121951,53.0,59.0,1013.0536585365853,1013.0,1013.2,False,42.25609756097561,39.9,44.0,280.1951219512195,2.4914634146341466,3.5,SAI,22480.384615384617,17491.0,45585.48275862069,36627.0,38026.06896551724,31441.0,85713.0,149654.75,4.0,,,3.0,5.0,,,,,13.0,3.5,,,,,210.73333333333332,190.5,,,,,220.0,221.0,,,,,92384.0,113909.25,,,,,86181.0,85713.0,,,0,0,0,1
2023,22,28.845121951219515,28.6,29.1,56.69512195121951,53.0,59.0,1013.0536585365853,1013.0,1013.2,False,42.25609756097561,39.9,44.0,280.1951219512195,2.4914634146341466,3.5,SAR,27618.153846153848,17323.0,44782.705882352944,36617.0,43418.882352941175,31265.0,85205.0,328111.6,5.0,,,,6.0,,,,,,5.25,,,,,,192.125,,,,,,223.0,,,,,,109182.0,,,,,,85205.0,,,0,0,0,1
2023,22,28.845121951219515,28.6,29.1,56.69512195121951,53.0,59.0,1013.0536585365853,1013.0,1013.2,False,42.25609756097561,39.9,44.0,280.1951219512195,2.4914634146341466,3.5,STR,22953.315789473683,17477.0,41250.0,36592.0,39257.25,31288.0,85405.0,267465.99999999994,5.0,,,,6.0,,,,,,6.928571428571429,,,,,,199.0,,,,,,220.0,,,,,,97028.57142857143,,,,,,85405.0,,,0,0,0,1
2023,22,28.845121951219515,28.6,29.1,56.69512195121951,53.0,59.0,1013.0536585365853,1013.0,1013.2,False,42.25609756097561,39.9,44.0,280.1951219512195,2.4914634146341466,3.5,TSU,26574.23076923077,17593.0,50808.2,36549.0,42995.333333333336,31013.0,85222.0,405628.0,2.0,,,,3.0,,,,,,4.428571428571429,,,,,,193.71428571428572,,,,,,221.0,,,,,,102796.14285714286,,,,,,85222.0,,,0,0,0,1
2023,22,28.845121951219515,28.6,29.1,56.69512195121951,53.0,59.0,1013.0536585365853,1013.0,1013.2,False,42.25609756097561,39.9,44.0,280.1951219512195,2.4914634146341466,3.5,VER,21537.133333333335,17460.0,45516.05263157895,36465.0,39904.78947368421,31228.0,85153.0,373105.3333333333,3.0,,,,4.0,,,,,,6.636363636363637,,,,,,194.36363636363637,,,,,,220.0,,,,,,96463.18181818182,,,,,,85153.0,,,0,0,0,1
2023,22,28.845121951219515,28.6,29.1,56.69512195121951,53.0,59.0,1013.0536585365853,1013.0,1013.2,False,42.25609756097561,39.9,44.0,280.1951219512195,2.4914634146341466,3.5,ZHO,22452.45,17481.0,45468.608695652176,36686.0,40618.565217391304,31091.0,85258.0,512181.5,2.0,,,,3.0,,,,,,6.8,,,,,,200.46666666666667,,,,,,222.0,,,,,,100705.8,,,,,,85258.0,,,0,0,0,1
2024,1,20.259756097560974,19.9,20.6,35.71951219512195,30.0,41.0,1017.7207317073171,1017.4,1018.0,False,32.01341463414634,29.2,35.2,54.5,2.778048780487805,4.0,ALB,43805.0,29293.0,50119.17647058824,39603.0,28524.9375,23030.0,91965.0,214242.8,5.0,,,,6.0,,,,,,4.75,,,,,,243.625,,,,,,284.0,,,,,,116924.625,,,,,,91965.0,,,0,0,0,0
2024,1,20.259756097560974,19.9,20.6,35.71951219512195,30.0,41.0,1017.7207317073171,1017.4,1018.0,False,32.01341463414634,29.2,35.2,54.5,2.778048780487805,4.0,ALO,38443.26666666667,29111.0,48574.833333333336,39157.0,27124.529411764706,22697.0,90965.0,236899.33333333334,3.0,,,,4.0,,,,,,4.454545454545454,,,,,,256.3636363636364,,,,,,285.0,,,,,,111879.72727272728,,,,,,90965.0,,,0,0,0,0
2024,1,20.259756097560974,19.9,20.6,35.71951219512195,30.0,41.0,1017.7207317073171,1017.4,1018.0,False,32.01341463414634,29.2,35.2,54.5,2.778048780487805,4.0,BOT,43559.153846153844,29489.0,48904.6875,39531.0,28407.6875,23027.0,92096.0,238396.80000000005,5.0,,,,6.0,,,,,,4.4,,,,,,236.0,,,,,,285.0,,,,,,97256.8,,,,,,92096.0,,,0,0,0,0
2024,1,20.259756097560974,19.9,20.6,35.71951219512195,30.0,41.0,1017.7207317073171,1017.4,1018.0,False,32.01341463414634,29.2,35.2,54.5,2.778048780487805,4.0,GAS,42223.666666666664,29603.0,49118.42857142857,39623.0,28479.571428571428,23156.0,92382.0,402573.5,2.0,,,,3.0,,,,,,4.25,,,,,,238.375,,,,,,282.0,,,,,,110028.875,,,,,,92382.0,,,0,0,0,0
2024,1,20.259756097560974,19.9,20.6,35.71951219512195,30.0,41.0,1017.7207317073171,1017.4,1018.0,False,32.01341463414634,29.2,35.2,54.5,2.778048780487805,4.0,HAM,36843.3125,29141.0,46099.6,39315.0,26487.9,22891.0,91452.0,359941.75,4.0,,,,5.0,,,,,,6.2,,,,,,253.3,,,,,,284.0,,,,,,99773.8,,,,,,91452.0,,,0,0,0,0
2024,1,20.259756097560974,19.9,20.6,35.71951219512195,30.0,41.0,1017.7207317073171,1017.4,1018.0,False,32.01341463414634,29.2,35.2,54.5,2.778048780487805,4.0,HUL,38509.454545454544,29173.0,50443.53846153846,39237.0,29875.384615384617,22868.0,91278.0,1399757.0,1.0,,,,2.0,,,,,,3.7777777777777777,,,,,,236.44444444444446,,,,,,286.0,,,,,,118986.66666666667,,,,,,91278.0,,,0,0,0,0
2024,1,20.259756097560974,19.9,20.6,35.71951219512195,30.0,41.0,1017.7207317073171,1017.4,1018.0,False,32.01341463414634,29.2,35.2,54.5,2.778048780487805,4.0,LEC,40334.5,29437.0,49324.82352941176,38930.0,27363.529411764706,22727.0,91094.0,408354.0,3.0,,,,4.0,,,,,,5.2,,,,,,261.9,,,,,,285.0,,,,,,113000.5,,,,,,91094.0,,,0,0,0,0
2024,1,20.259756097560974,19.9,20.6,35.71951219512195,30.0,41.0,1017.7207317073171,1017.4,1018.0,False,32.01341463414634,29.2,35.2,54.5,2.778048780487805,4.0,MAG,39155.166666666664,29302.0,49210.25,39491.0,27805.3,22853.0,91671.0,259653.33333333334,3.0,,,,4.0,,,,,,6.75,,,,,,254.08333333333334,,,,,,285.0,,,,,,103385.91666666667,,,,,,91671.0,,,0,0,0,0
2024,1,20.259756097560974,19.9,20.6,35.71951219512195,30.0,41.0,1017.7207317073171,1017.4,1018.0,False,32.01341463414634,29.2,35.2,54.5,2.778048780487805,4.0,NOR,36500.5,29063.0,46828.166666666664,38855.0,27154.083333333332,23156.0,91118.0,517386.6666666667,3.0,,,,4.0,,,,,,3.5,,,,,,226.75,,,,,,279.0,,,,,,99312.0,,,,,,91118.0,,,0,0,0,0
2024,1,20.259756097560974,19.9,20.6,35.71951219512195,30.0,41.0,1017.7207317073171,1017.4,1018.0,False,32.01341463414634,29.2,35.2,54.5,2.778048780487805,4.0,OCO,41234.75,29471.0,52209.0,39635.0,28724.0,23018.0,92124.0,614616.0,2.0,,,,3.0,,,,,,3.2,,,,,,218.0,,,,,,283.0,,,,,,110210.8,,,,,,92124.0,,,0,0,0,0
2024,1,20.259756097560974,19.9,20.6,35.71951219512195,30.0,41.0,1017.7207317073171,1017.4,1018.0,False,32.01341463414634,29.2,35.2,54.5,2.778048780487805,4.0,PER,44846.92857142857,29159.0,52053.23529411765,39259.0,28990.352941176472,22776.0,91248.0,220492.50000000012,4.0,2.0,,,5.0,,,3.5,,,5.2,,,280.5,,,240.2,,,285.0,,,285.0,,,93368.0,,,118107.2,,,93365.0,,,91248.0,,,0,0,0,0
2024,1,20.259756097560974,19.9,20.6,35.71951219512195,30.0,41.0,1017.7207317073171,1017.4,1018.0,False,32.01341463414634,29.2,35.2,54.5,2.778048780487805,4.0,PIA,36761.666666666664,29153.0,47739.61538461538,39240.0,28489.384615384617,22817.0,91210.0,435213.0,3.0,,,,4.0,,,,,,3.6,,,,,,237.6,,,,,,285.0,,,,,,105610.4,,,,,,91210.0,,,0,0,0,0
2024,1,20.259756097560974,19.9,20.6,35.71951219512195,30.0,41.0,1017.7207317073171,1017.4,1018.0,False,32.01341463414634,29.2,35.2,54.5,2.778048780487805,4.0,RIC,44312.545454545456,29191.0,48940.61538461538,39386.0,30610.846153846152,22872.0,91449.0,325879.3333333333,3.0,,,,4.0,,,,,,3.6666666666666665,,,,,,219.33333333333334,,,,,,286.0,,,,,,111180.33333333333,,,,,,91449.0,,,0,0,0,0
2024,1,20.259756097560974,19.9,20.6,35.71951219512195,30.0,41.0,1017.7207317073171,1017.4,1018.0,False,32.01341463414634,29.2,35.2,54.5,2.778048780487805,4.0,RUS,40609.875,29349.0,50884.25,39206.0,28922.416666666668,22635.0,91190.0,495896.6666666667,3.0,,,,3.0,,,,,,3.0,,,,,,283.0,,,,,,285.0,,,,,,91947.33333333333,,,,,,91190.0,,,0,0,0,0
2024,1,20.259756097560974,19.9,20.6,35.71951219512195,30.0,41.0,1017.7207317073171,1017.4,1018.0,False,32.01341463414634,29.2,35.2,54.5,2.778048780487805,4.0,SAI,42150.53333333333,29138.0,49325.61111111111,39046.0,28173.555555555555,22640.0,90824.0,359510.6666666667,3.0,,,,4.0,,,,,,5.0,,,,,,238.11111111111111,,,,,,285.0,,,,,,105724.55555555556,,,,,,90824.0,,,0,0,0,0
2024,1,20.259756097560974,19.9,20.6,35.71951219512195,30.0,41.0,1017.7207317073171,1017.4,1018.0,False,32.01341463414634,29.2,35.2,54.5,2.778048780487805,4.0,SAR,41507.92307692308,29308.0,48788.5625,39741.0,28934.0625,23076.0,92125.0,167915.0,5.0,,,,6.0,,,,,,4.714285714285714,,,,,,251.14285714285714,,,,,,283.0,,,,,,112228.42857142857,,,,,,92125.0,,,0,0,0,0
2024,1,20.259756097560974,19.9,20.6,35.71951219512195,30.0,41.0,1017.7207317073171,1017.4,1018.0,False,32.01341463414634,29.2,35.2,54.5,2.778048780487805,4.0,STR,38103.57142857143,29095.0,47308.117647058825,39271.0,28210.764705882353,22866.0,91396.0,327968.3333333333,3.0,,,,4.0,,,,,,4.111111111111111,,,,,,253.44444444444446,,,,,,284.0,,,,,,110247.22222222222,,,,,,91396.0,,,0,0,0,0
2024,1,20.259756097560974,19.9,20.6,35.71951219512195,30.0,41.0,1017.7207317073171,1017.4,1018.0,False,32.01341463414634,29.2,35.2,54.5,2.778048780487805,4.0,TSU,42183.5,29091.0,51955.857142857145,39493.0,28162.071428571428,22960.0,91631.0,430730.0,2.0,,,,3.0,,,,,,4.0,,,,,,251.57142857142858,,,,,,284.0,,,,,,107698.0,,,,,,91631.0,,,0,0,0,0
2024,1,20.259756097560974,19.9,20.6,35.71951219512195,30.0,41.0,1017.7207317073171,1017.4,1018.0,False,32.01341463414634,29.2,35.2,54.5,2.778048780487805,4.0,VER,39820.38461538462,29054.0,48566.375,39019.0,28589.75,22857.0,91062.0,442188.0,2.0,1.0,,,3.0,,,3.5,,,5.2,,,266.75,,,238.6,,,286.0,,,285.0,,,115088.75,,,111935.4,,,93046.0,,,91062.0,,,0,0,0,0
2024,1,20.259756097560974,19.9,20.6,35.71951219512195,30.0,41.0,1017.7207317073171,1017.4,1018.0,False,32.01341463414634,29.2,35.2,54.5,2.778048780487805,4.0,ZHO,45245.57142857143,29482.0,48263.35294117647,39506.0,28701.352941176472,23001.0,92000.0,221937.8,5.0,,,,6.0,,,,,,5.166666666666667,,,,,,249.83333333333334,,,,,,284.0,,,,,,98197.66666666667,,,,,,92000.0,,,0,0,0,0
2024,2,25.98414634146341,25.6,26.3,60.34146341463415,57.0,63.0,1012.9402439024391,1012.7,1013.4,False,39.55853658536585,37.3,43.5,23.451219512195124,4.162195121951219,5.8,ALB,46125.5,32655.0,34118.083333333336,28405.0,35726.083333333336,28678.0,89808.0,641535.5,2.0,,,,3.0,,,,,,3.857142857142857,,,,,,255.85714285714286,,,,,,306.0,,,,,,111294.42857142857,,,,,,89808.0,,,1,0,0,1
2024,2,25.98414634146341,25.6,26.3,60.34146341463415,57.0,63.0,1012.9402439024391,1012.7,1013.4,False,39.55853658536585,37.3,43.5,23.451219512195124,4.162195121951219,5.8,ALO,45277.818181818184,32256.0,34306.28571428572,28020.0,35689.71428571428,28716.0,89038.0,693604.6666666666,3.0,,,3.0,4.0,,,,,4.0,3.0,,,,,292.0,208.0,,,,,301.0,300.0,,,,,104561.0,111999.0,,,,,89473.0,89038.0,,,1,0,0,1
2024,2,25.98414634146341,25.6,26.3,60.34146341463415,57.0,63.0,1012.9402439024391,1012.7,1013.4,False,39.55853658536585,37.3,43.5,23.451219512195124,4.162195121951219,5.8,BEA,40515.78947368421,32609.0,32012.272727272728,28261.0,32541.590909090908,28436.0,89306.0,517928.3333333333,3.0,,,3.0,4.0,,,,,9.23076923076923,3.0,,,,,290.61538461538464,217.66666666666666,,,,,299.0,298.0,,,,,101087.07692307692,104243.0,,,,,90277.0,89306.0,,,1,0,0,1
2024,2,25.98414634146341,25.6,26.3,60.34146341463415,57.0,63.0,1012.9402439024391,1012.7,1013.4,False,39.55853658536585,37.3,43.5,23.451219512195124,4.162195121951219,5.8,BOT,40059.82352941176,32729.999999999996,32894.7,28461.0,33670.45,28715.0,90083.0,544177.6666666666,3.0,,,2.0,4.0,,,,,7.5,5.0,,,,,290.2,209.33333333333334,,,,,297.0,294.0,,,,,101012.6,119825.66666666667,,,,,90770.0,90083.0,,,1,0,0,1
2024,2,25.98414634146341,25.6,26.3,60.34146341463415,57.0,63.0,1012.9402439024391,1012.7,1013.4,False,39.55853658536585,37.3,43.5,23.451219512195124,4.162195121951219,5.8,GAS,43031.3,32607.0,33528.53846153846,28379.0,32846.46153846154,28560.0,89546.0,675287.0,2.0,,,,3.0,,,,,,3.5714285714285716,,,,,,272.57142857142856,,,,,,305.0,,,,,,107411.71428571429,,,,,,89546.0,,,1,0,0,1
2024,2,25.98414634146341,25.6,26.3,60.34146341463415,57.0,63.0,1012.9402439024391,1012.7,1013.4,False,39.55853658536585,37.3,43.5,23.451219512195124,4.162195121951219,5.8,HAM,44938.705882352944,32499.000000000004,33068.94736842105,28241.0,33258.47368421053,28528.0,89268.0,554665.3333333334,3.0,,,,4.0,,,,,,7.166666666666667,,,,,,274.25,,,,,,302.0,,,,,,101301.16666666667,,,,,,89268.0,,,1,0,0,1
2024,2,25.98414634146341,25.6,26.3,60.34146341463415,57.0,63.0,1012.9402439024391,1012.7,1013.4,False,39.55853658536585,37.3,43.5,23.451219512195124,4.162195121951219,5.8,HUL,45353.77777777778,32625.999999999996,35342.545454545456,28359.0,34151.36363636364,28690.0,89675.0,735270.5,2.0,,,,3.0,,,,,,3.0,,,,,,254.5,,,,,,305.0,,,,,,110475.5,,,,,,89675.0,,,1,0,0,1
2024,2,25.98414634146341,25.6,26.3,60.34146341463415,57.0,63.0,1012.9402439024391,1012.7,1013.4,False,39.55853658536585,37.3,43.5,23.451219512195124,4.162195121951219,5.8,LEC,43957.769230769234,32141.0,33679.4375,28090.0,35523.933333333334,28377.0,88608.0,405614.0,3.0,,,3.0,4.0,,,,,6.8,3.0,,,,,289.6,214.33333333333334,,,,,298.0,302.0,,,,,91410.0,117879.66666666667,,,,,89206.0,88608.0,,,1,0,0,1
2024,2,25.98414634146341,25.6,26.3,60.34146341463415,57.0,63.0,1012.9402439024391,1012.7,1013.4,False,39.55853658536585,37.3,43.5,23.451219512195124,4.162195121951219,5.8,MAG,49000.0,32656.0,33999.0,28346.0,36036.0,28473.0,89485.0,565225.5,2.0,,,,3.0,,,,,,3.3333333333333335,,,,,,255.16666666666666,,,,,,304.0,,,,,,107953.0,,,,,,89485.0,,,1,0,0,1
2024,2,25.98414634146341,25.6,26.3,60.34146341463415,57.0,63.0,1012.9402439024391,1012.7,1013.4,False,39.55853658536585,37.3,43.5,23.451219512195124,4.162195121951219,5.8,NOR,45315.0,32198.0,37122.36363636364,28209.0,36267.90909090909,28564.0,88971.0,977360.5,2.0,,,,3.0,,,,,,5.2,,,,,,253.2,,,,,,297.0,,,,,,108065.6,,,,,,88971.0,,,1,0,0,1
2024,2,25.98414634146341,25.6,26.3,60.34146341463415,57.0,63.0,1012.9402439024391,1012.7,1013.4,False,39.55853658536585,37.3,43.5,23.451219512195124,4.162195121951219,5.8,OCO,45836.454545454544,32607.999999999996,33422.07692307692,28314.0,34730.38461538462,28653.0,89575.0,661169.5,2.0,,,,3.0,,,,,,3.875,,,,,,273.625,,,,,,310.0,,,,,,109550.875,,,,,,89575.0,,,1,0,0,1
2024,2,25.98414634146341,25.6,26.3,60.34146341463415,57.0,63.0,1012.9402439024391,1012.7,1013.4,False,39.55853658536585,37.3,43.5,23.451219512195124,4.162195121951219,5.8,PER,47883.181818181816,32235.0,39737.153846153844,28217.0,37093.153846153844,28438.0,88906.0,1233617.0,1.0,,,,2.0,,,,,,4.8,,,,,,303.0,,,,,,304.0,,,,,,100838.8,,,,,,88906.0,,,1,0,0,1
2024,2,25.98414634146341,25.6,26.3,60.34146341463415,57.0,63.0,1012.9402439024391,1012.7,1013.4,False,39.55853658536585,37.3,43.5,23.451219512195124,4.162195121951219,5.8,PIA,42742.125,32398.000000000004,32121.545454545456,28223.0,34210.36363636364,28592.0,89213.0,722123.0,2.0,,,2.0,3.0,,,,,3.5,2.5,,,,,298.0,196.5,,,,,302.0,298.0,,,,,104056.0,107540.0,,,,,90058.0,89213.0,,,1,0,0,1
2024,2,25.98414634146341,25.6,26.3,60.34146341463415,57.0,63.0,1012.9402439024391,1012.7,1013.4,False,39.55853658536585,37.3,43.5,23.451219512195124,4.162195121951219,5.8,RIC,46811.307692307695,32777.0,34334.73333333333,28332.0,34003.53333333333,28631.0,89740.0,477810.3333333333,3.0,,,2.0,4.0,,,,,4.833333333333333,3.0,,,,,294.1666666666667,196.66666666666666,,,,,300.0,302.0,,,,,107735.33333333333,110831.66666666667,,,,,90593.0,89740.0,,,1,0,0,1
2024,2,25.98414634146341,25.6,26.3,60.34146341463415,57.0,63.0,1012.9402439024391,1012.7,1013.4,False,39.55853658536585,37.3,43.5,23.451219512195124,4.162195121951219,5.8,RUS,42750.5,32454.0,33409.25,27996.0,33723.625,28514.0,88964.0,739287.0,2.0,,,,3.0,,,,,,5.7,,,,,,278.6,,,,,,307.0,,,,,,101957.3,,,,,,88964.0,,,1,0,0,1
2024,2,25.98414634146341,25.6,26.3,60.34146341463415,57.0,63.0,1012.9402439024391,1012.7,1013.4,False,39.55853658536585,37.3,43.5,23.451219512195124,4.162195121951219,5.8,SAR,33268.0,33268.0,31297.5,28719.0,62175.5,38344.0,147994.0,,,,,,,,,,,,,,,,,,,,,,,,,,,,,,,,,,,,,,,1,0,0,1
2024,2,25.98414634146341,25.6,26.3,60.34146341463415,57.0,63.0,1012.9402439024391,1012.7,1013.4,False,39.55853658536585,37.3,43.5,23.451219512195124,4.162195121951219,5.8,STR,45463.545454545456,32237.000000000004,34407.57142857143,28175.0,35837.07142857143,28715.0,89127.0,703911.3333333334,3.0,,,3.0,4.0,,,,,4.0,3.0,,,,,288.8,224.66666666666666,,,,,302.0,302.0,,,,,108008.0,111323.66666666667,,,,,90073.0,89127.0,,,1,0,0,1
2024,2,25.98414634146341,25.6,26.3,60.34146341463415,57.0,63.0,1012.9402439024391,1012.7,1013.4,False,39.55853658536585,37.3,43.5,23.451219512195124,4.162195121951219,5.8,TSU,45920.13333333333,32619.0,35839.77777777778,28386.0,35207.555555555555,28567.0,89572.0,381590.0,3.0,,,3.0,4.0,,,,,5.857142857142857,3.0,,,,,289.2857142857143,207.66666666666666,,,,,300.0,305.0,,,,,109169.0,113354.0,,,,,90743.0,89572.0,,,1,0,0,1
2024,2,25.98414634146341,25.6,26.3,60.34146341463415,57.0,63.0,1012.9402439024391,1012.7,1013.4,False,39.55853658536585,37.3,43.5,23.451219512195124,4.162195121951219,5.8,VER,46490.09090909091,31992.0,34980.230769230766,28006.0,35664.846153846156,28236.0,88412.0,1182057.0,1.0,,,,2.0,,,,,,4.625,,,,,,263.125,,,,,,307.0,,,,,,110380.875,,,,,,88412.0,,,1,0,0,1
2024,2,25.98414634146341,25.6,26.3,60.34146341463415,57.0,63.0,1012.9402439024391,1012.7,1013.4,False,39.55853658536585,37.3,43.5,23.451219512195124,4.162195121951219,5.8,ZHO,47006.444444444445,33127.0,36548.181818181816,28619.0,32991.36363636364,28896.0,90739.0,376460.5,2.0,,,1.0,,,,,,5.0,,,,,,296.14285714285717,,,,,,299.0,,,,,,112660.28571428571,,,,,,90739.0,,,,1,0,0,1
2024,3,18.27283950617284,17.9,18.8,59.39506172839506,56.0,62.0,1025.3246913580247,1025.0,1025.6,False,27.669135802469132,25.2,31.0,133.25925925925927,1.4333333333333333,2.8,ALB,34648.69565217391,26832.0,21456.478260869564,17566.0,42099.4,33321.0,77759.0,314027.0,3.0,,,4.0,3.0,,,,,6.181818181818182,4.75,,,,,273.54545454545456,297.0,,,,,303.0,307.0,,,,,98848.09090909091,98085.625,,,,,78618.0,77759.0,,,0,0,0,2
2024,3,18.27283950617284,17.9,18.8,59.39506172839506,56.0,62.0,1025.3246913580247,1025.0,1025.6,False,27.669135802469132,25.2,31.0,133.25925925925927,1.4333333333333333,2.8,ALO,34517.2,26652.0,19611.75,17467.0,46980.625,32878.0,76997.0,279537.5,6.0,,,,7.0,,,,,,4.153846153846154,,,,,,287.38461538461536,,,,,,307.0,,,,,,94717.69230769231,,,,,,76997.0,,,0,0,0,2
2024,3,18.27283950617284,17.9,18.8,59.39506172839506,56.0,62.0,1025.3246913580247,1025.0,1025.6,False,27.669135802469132,25.2,31.0,133.25925925925927,1.4333333333333333,2.8,BOT,36332.05,26893.0,20613.35,17795.0,43928.0625,32963.0,77752.0,357890.6,5.0,,,,6.0,,,,,,4.357142857142857,,,,,,279.07142857142856,,,,,,305.0,,,,,,98062.57142857143,,,,,,77752.0,,,0,0,0,2
2024,3,18.27283950617284,17.9,18.8,59.39506172839506,56.0,62.0,1025.3246913580247,1025.0,1025.6,False,27.669135802469132,25.2,31.0,133.25925925925927,1.4333333333333333,2.8,GAS,34731.36842105263,27085.0,20543.78947368421,17843.0,42938.0,33330.0,78390.0,798596.0,1.0,,,,2.0,,,,,,4.5625,,,,,,296.5,,,,,,305.0,,,,,,94866.625,,,,,,78390.0,,,0,0,0,2
2024,3,18.27283950617284,17.9,18.8,59.39506172839506,56.0,62.0,1025.3246913580247,1025.0,1025.6,False,27.669135802469132,25.2,31.0,133.25925925925927,1.4333333333333333,2.8,HAM,39320.2,26627.0,23745.55,17484.0,46887.833333333336,32631.0,76806.0,174774.25,4.0,,,,5.0,,,,,,5.133333333333334,,,,,,286.8,,,,,,308.0,,,,,,100639.73333333334,,,,,,76806.0,,,0,0,0,2
2024,3,18.27283950617284,17.9,18.8,59.39506172839506,56.0,62.0,1025.3246913580247,1025.0,1025.6,False,27.669135802469132,25.2,31.0,133.25925925925927,1.4333333333333333,2.8,HUL,35651.117647058825,26944.0,21569.764705882353,17545.0,43362.07142857143,33273.0,77941.0,343621.3333333335,3.0,,,,4.0,,,,,,3.923076923076923,,,,,,273.53846153846155,,,,,,308.0,,,,,,100363.84615384616,,,,,,77941.0,,,0,0,0,2
2024,3,18.27283950617284,17.9,18.8,59.39506172839506,56.0,62.0,1025.3246913580247,1025.0,1025.6,False,27.669135802469132,25.2,31.0,133.25925925925927,1.4333333333333333,2.8,LEC,36188.77272727273,26638.0,23105.954545454544,17434.0,45139.31578947369,32552.999999999996,76714.0,334460.3333333333,3.0,,,3.0,4.0,,,,,6.545454545454546,3.5,,,,,295.8181818181818,290.5,,,,,309.0,310.0,,,,,101223.09090909091,101085.33333333333,,,,,77087.0,76714.0,,,0,0,0,2
2024,3,18.27283950617284,17.9,18.8,59.39506172839506,56.0,62.0,1025.3246913580247,1025.0,1025.6,False,27.669135802469132,25.2,31.0,133.25925925925927,1.4333333333333333,2.8,MAG,37063.88888888889,26945.0,21455.833333333332,17593.0,43021.13333333333,33228.0,77961.0,310775.0,3.0,,,,4.0,,,,,,4.5,,,,,,278.42857142857144,,,,,,308.0,,,,,,99617.28571428571,,,,,,77961.0,,,0,0,0,2
2024,3,18.27283950617284,17.9,18.8,59.39506172839506,56.0,62.0,1025.3246913580247,1025.0,1025.6,False,27.669135802469132,25.2,31.0,133.25925925925927,1.4333333333333333,2.8,NOR,35302.5,26582.0,21327.227272727272,17722.0,40716.0,33058.0,77490.0,415737.5,4.0,,,,5.0,,,,,,4.9411764705882355,,,,,,275.05882352941177,,,,,,305.0,,,,,,94334.94117647059,,,,,,77490.0,,,0,0,0,2
2024,3,18.27283950617284,17.9,18.8,59.39506172839506,56.0,62.0,1025.3246913580247,1025.0,1025.6,False,27.669135802469132,25.2,31.0,133.25925925925927,1.4333333333333333,2.8,OCO,33605.38888888889,26896.0,20773.555555555555,17652.0,42117.8125,33372.0,77920.0,961284.0,1.0,,,,2.0,,,,,,4.5625,,,,,,286.625,,,,,,306.0,,,,,,96499.3125,,,,,,77920.0,,,0,0,0,2
2024,3,18.27283950617284,17.9,18.8,59.39506172839506,56.0,62.0,1025.3246913580247,1025.0,1025.6,False,27.669135802469132,25.2,31.0,133.25925925925927,1.4333333333333333,2.8,PER,33703.25,26783.0,20850.5,17417.0,41508.52,32814.0,77014.0,271912.0,4.0,,,3.0,5.0,,,,,10.411764705882353,4.166666666666667,,,,,293.0,275.1666666666667,,,,,306.0,308.0,,,,,87990.0,106328.33333333333,,,,,77150.0,77014.0,,,0,0,0,2
2024,3,18.27283950617284,17.9,18.8,59.39506172839506,56.0,62.0,1025.3246913580247,1025.0,1025.6,False,27.669135802469132,25.2,31.0,133.25925925925927,1.4333333333333333,2.8,PIA,35327.94736842105,26581.0,20344.42105263158,17554.0,42391.57142857143,32936.0,77087.0,406902.6,5.0,,,,6.0,,,,,,4.230769230769231,,,,,,279.15384615384613,,,,,,308.0,,,,,,94061.61538461539,,,,,,77087.0,,,0,0,0,2
2024,3,18.27283950617284,17.9,18.8,59.39506172839506,56.0,62.0,1025.3246913580247,1025.0,1025.6,False,27.669135802469132,25.2,31.0,133.25925925925927,1.4333333333333333,2.8,RIC,35815.7,26866.0,21904.25,17727.0,42962.666666666664,33370.0,77963.0,236356.66666666666,3.0,,,,4.0,,,,,,4.875,,,,,,275.1875,,,,,,304.0,,,,,,96821.3125,,,,,,77963.0,,,0,0,0,2
2024,3,18.27283950617284,17.9,18.8,59.39506172839506,56.0,62.0,1025.3246913580247,1025.0,1025.6,False,27.669135802469132,25.2,31.0,133.25925925925927,1.4333333333333333,2.8,RUS,37324.086956521736,26548.0,22223.0,17581.0,43899.05,32702.0,76886.0,298183.5,2.0,,,,3.0,,,,,,5.65,,,,,,267.7,,,,,,307.0,,,,,,103122.65,,,,,,76886.0,,,0,0,0,2
2024,3,18.27283950617284,17.9,18.8,59.39506172839506,56.0,62.0,1025.3246913580247,1025.0,1025.6,False,27.669135802469132,25.2,31.0,133.25925925925927,1.4333333333333333,2.8,SAI,37322.2,26558.0,22063.8,17584.0,42215.35294117647,32503.999999999996,76791.0,412583.0,3.0,,,2.0,4.0,,,,,6.454545454545454,3.0,,,,,294.72727272727275,305.75,,,,,304.0,308.0,,,,,95156.81818181818,98141.75,,,,,76791.0,76848.0,,,0,0,0,2
2024,3,18.27283950617284,17.9,18.8,59.39506172839506,56.0,62.0,1025.3246913580247,1025.0,1025.6,False,27.669135802469132,25.2,31.0,133.25925925925927,1.4333333333333333,2.8,STR,34422.86363636364,26695.0,20764.0,17668.0,45813.88888888889,32912.0,77341.0,243694.5,6.0,,,,7.0,,,,,,4.733333333333333,,,,,,289.53333333333336,,,,,,306.0,,,,,,92542.2,,,,,,77341.0,,,0,0,0,2
2024,3,18.27283950617284,17.9,18.8,59.39506172839506,56.0,62.0,1025.3246913580247,1025.0,1025.6,False,27.669135802469132,25.2,31.0,133.25925925925927,1.4333333333333333,2.8,TSU,38341.21052631579,26794.0,23339.36842105263,17696.0,44184.35294117647,33183.0,77673.0,211391.33333333334,3.0,,,,4.0,,,,,,4.266666666666667,,,,,,255.4,,,,,,304.0,,,,,,105595.66666666667,,,,,,77673.0,,,0,0,0,2
2024,3,18.27283950617284,17.9,18.8,59.39506172839506,56.0,62.0,1025.3246913580247,1025.0,1025.6,False,27.669135802469132,25.2,31.0,133.25925925925927,1.4333333333333333,2.8,VER,33739.32142857143,26638.0,21143.285714285714,17364.0,38600.84,32732.0,76734.0,510939.0,2.0,,,2.0,3.0,,,,,9.0625,5.0,,,,,295.25,266.22222222222223,,,,,308.0,310.0,,,,,88796.3125,102612.88888888889,,,,,77100.0,76734.0,,,0,0,0,2
2024,3,18.27283950617284,17.9,18.8,59.39506172839506,56.0,62.0,1025.3246913580247,1025.0,1025.6,False,27.669135802469132,25.2,31.0,133.25925925925927,1.4333333333333333,2.8,ZHO,39517.10526315789,27030.0,21858.57894736842,17812.0,47045.46666666667,33034.0,77876.0,301302.8333333333,6.0,,,,7.0,,,,,,4.166666666666667,,,,,,272.9166666666667,,,,,,304.0,,,,,,102165.75,,,,,,77876.0,,,0,0,0,2
2024,4,17.38227848101266,16.7,17.9,66.10126582278481,62.0,69.0,1015.8417721518987,1015.0,1016.5,False,26.660759493670884,24.2,29.6,171.72151898734177,1.3746835443037975,2.5,ALB,43740.47368421053,32241.0,48850.95652173913,40632.0,22343.043478260868,17660.0,90533.0,300047.25,4.0,,,3.0,5.0,,,,,8.0,5.0,,,,,262.9,203.0,,,,,267.0,268.0,,,,,103980.4,112428.0,,,,,92338.0,90533.0,,,0,0,0,2
2024,4,17.38227848101266,16.7,17.9,66.10126582278481,62.0,69.0,1015.8417721518987,1015.0,1016.5,False,26.660759493670884,24.2,29.6,171.72151898734177,1.3746835443037975,2.5,ALO,37951.19047619047,31663.0,46804.625,40597.0,21866.458333333332,17822.0,90082.0,376087.5,2.0,2.0,,,3.0,,,10.153846153846153,,,3.5,,,257.0,,,254.5,,,264.0,,,265.0,,,98176.61538461539,,,113895.0,,,90811.0,,,90082.0,,,0,0,0,2
2024,4,17.38227848101266,16.7,17.9,66.10126582278481,62.0,69.0,1015.8417721518987,1015.0,1016.5,False,26.660759493670884,24.2,29.6,171.72151898734177,1.3746835443037975,2.5,BOT,41846.13043478261,31888.0,46948.07692307692,40826.0,21672.423076923078,17832.0,90546.0,270190.5,4.0,,,,5.0,,,,,,9.764705882352942,,,,,,239.0,,,,,,263.0,,,,,,103240.64705882352,,,,,,90546.0,,,0,0,0,2
2024,4,17.38227848101266,16.7,17.9,66.10126582278481,62.0,69.0,1015.8417721518987,1015.0,1016.5,False,26.660759493670884,24.2,29.6,171.72151898734177,1.3746835443037975,2.5,GAS,44964.117647058825,31940.0,48818.89473684211,41019.0,23289.315789473683,18112.0,91141.0,267416.6666666667,3.0,,,,4.0,,,,,,5.545454545454546,,,,,,232.9090909090909,,,,,,263.0,,,,,,101278.0,,,,,,91141.0,,,0,0,0,2
2024,4,17.38227848101266,16.7,17.9,66.10126582278481,62.0,69.0,1015.8417721518987,1015.0,1016.5,False,26.660759493670884,24.2,29.6,171.72151898734177,1.3746835443037975,2.5,HAM,38705.5625,31405.0,46530.333333333336,40631.0,22475.619047619046,17820.0,90037.0,357934.75,4.0,,,,5.0,,,,,,8.454545454545455,,,,,,236.1818181818182,,,,,,262.0,,,,,,98526.18181818182,,,,,,90037.0,,,0,0,0,2
2024,4,17.38227848101266,16.7,17.9,66.10126582278481,62.0,69.0,1015.8417721518987,1015.0,1016.5,False,26.660759493670884,24.2,29.6,171.72151898734177,1.3746835443037975,2.5,HUL,41180.944444444445,32267.000000000004,47414.0,41060.0,20820.190476190477,17812.0,91139.0,544521.6666666666,3.0,,,2.0,4.0,,,,,7.9,4.333333333333333,,,,,257.9,202.0,,,,,266.0,266.0,,,,,101703.1,116443.66666666667,,,,,91872.0,91139.0,,,0,0,0,2
2024,4,17.38227848101266,16.7,17.9,66.10126582278481,62.0,69.0,1015.8417721518987,1015.0,1016.5,False,26.660759493670884,24.2,29.6,171.72151898734177,1.3746835443037975,2.5,LEC,38384.36363636364,31873.0,47780.6,40544.0,21553.44,17966.0,90383.0,536814.5,2.0,,,2.0,3.0,,,,,11.461538461538462,3.5,,,,,253.69230769230768,209.5,,,,,263.0,263.0,,,,,96241.46153846153,114547.75,,,,,90559.0,90383.0,,,0,0,0,2
2024,4,17.38227848101266,16.7,17.9,66.10126582278481,62.0,69.0,1015.8417721518987,1015.0,1016.5,False,26.660759493670884,24.2,29.6,171.72151898734177,1.3746835443037975,2.5,MAG,40325.94736842105,32482.0,47262.86363636364,41022.0,22351.363636363636,17888.0,91462.0,738318.5,2.0,,,2.0,3.0,,,,,8.7,4.0,,,,,256.3,210.8,,,,,267.0,266.0,,,,,98910.6,117543.0,,,,,92350.0,91462.0,,,0,0,0,2
2024,4,17.38227848101266,16.7,17.9,66.10126582278481,62.0,69.0,1015.8417721518987,1015.0,1016.5,False,26.660759493670884,24.2,29.6,171.72151898734177,1.3746835443037975,2.5,NOR,42215.4,31323.0,49126.42857142857,40640.0,23390.14285714286,17932.0,90137.0,471469.6666666667,3.0,,,,4.0,,,,,,3.8333333333333335,,,,,,227.16666666666666,,,,,,261.0,,,,,,110447.5,,,,,,90137.0,,,0,0,0,2
2024,4,17.38227848101266,16.7,17.9,66.10126582278481,62.0,69.0,1015.8417721518987,1015.0,1016.5,False,26.660759493670884,24.2,29.6,171.72151898734177,1.3746835443037975,2.5,OCO,45775.5625,31963.0,50000.77777777778,40924.0,23327.277777777777,18135.0,91022.0,441943.0,2.0,,,,3.0,,,,,,4.923076923076923,,,,,,228.76923076923077,,,,,,265.0,,,,,,112769.07692307692,,,,,,91022.0,,,0,0,0,2
2024,4,17.38227848101266,16.7,17.9,66.10126582278481,62.0,69.0,1015.8417721518987,1015.0,1016.5,False,26.660759493670884,24.2,29.6,171.72151898734177,1.3746835443037975,2.5,PER,40862.13636363636,31467.0,48328.0,40529.0,22121.8,17836.0,89832.0,538191.0,2.0,,,2.0,3.0,,,,,9.75,4.5,,,,,255.83333333333334,198.5,,,,,264.0,265.0,,,,,100932.91666666667,122730.5,,,,,90453.0,89832.0,,,0,0,0,2
2024,4,17.38227848101266,16.7,17.9,66.10126582278481,62.0,69.0,1015.8417721518987,1015.0,1016.5,False,26.660759493670884,24.2,29.6,171.72151898734177,1.3746835443037975,2.5,PIA,38093.333333333336,31531.0,45900.78947368421,40717.0,21365.842105263157,17862.0,90226.0,376294.0,3.0,,,,4.0,,,,,,7.909090909090909,,,,,,238.0,,,,,,262.0,,,,,,98609.36363636363,,,,,,90226.0,,,0,0,0,2
2024,4,17.38227848101266,16.7,17.9,66.10126582278481,62.0,69.0,1015.8417721518987,1015.0,1016.5,False,26.660759493670884,24.2,29.6,171.72151898734177,1.3746835443037975,2.5,RIC,42826.71428571428,31994.0,49605.833333333336,40832.0,22525.458333333332,17786.0,90682.0,227198.0,3.0,,,,4.0,,,,,,7.571428571428571,,,,,,244.5,,,,,,263.0,,,,,,106161.42857142857,,,,,,90682.0,,,0,0,0,2
2024,4,17.38227848101266,16.7,17.9,66.10126582278481,62.0,69.0,1015.8417721518987,1015.0,1016.5,False,26.660759493670884,24.2,29.6,171.72151898734177,1.3746835443037975,2.5,RUS,39607.85,31771.0,47054.791666666664,40318.0,21405.875,17829.0,89918.0,429172.0,3.0,,,2.0,4.0,,,,,8.153846153846153,3.5,,,,,257.0769230769231,256.0,,,,,262.0,262.0,,,,,95145.84615384616,93231.5,,,,,93279.0,89918.0,,,0,0,0,2
2024,4,17.38227848101266,16.7,17.9,66.10126582278481,62.0,69.0,1015.8417721518987,1015.0,1016.5,False,26.660759493670884,24.2,29.6,171.72151898734177,1.3746835443037975,2.5,SAI,39675.583333333336,31818.0,47953.2962962963,40473.0,21096.62962962963,17878.0,90171.0,476426.0,2.0,,,2.0,3.0,,,,,11.857142857142858,4.0,,,,,255.0,212.8,,,,,263.0,264.0,,,,,95863.21428571429,114739.4,,,,,90984.0,90171.0,,,0,0,0,2
2024,4,17.38227848101266,16.7,17.9,66.10126582278481,62.0,69.0,1015.8417721518987,1015.0,1016.5,False,26.660759493670884,24.2,29.6,171.72151898734177,1.3746835443037975,2.5,SAR,40856.75,32628.0,49058.6,40982.0,22404.35,17842.0,91452.0,401747.3333333333,3.0,,,2.0,4.0,,,,,6.5,4.333333333333333,,,,,260.625,192.66666666666666,,,,,268.0,265.0,,,,,107691.625,101302.33333333333,,,,,92126.0,91452.0,,,0,0,0,2
2024,4,17.38227848101266,16.7,17.9,66.10126582278481,62.0,69.0,1015.8417721518987,1015.0,1016.5,False,26.660759493670884,24.2,29.6,171.72151898734177,1.3746835443037975,2.5,STR,39607.15,31727.0,49815.0,41155.0,22295.08695652174,18163.0,91342.0,535058.0,2.0,2.0,,,3.0,,,9.0,,,4.0,,,256.09090909090907,,,211.6,,,263.0,,,264.0,,,100206.27272727272,,,127561.0,,,91342.0,,,109416.0,,,0,0,0,2
2024,4,17.38227848101266,16.7,17.9,66.10126582278481,62.0,69.0,1015.8417721518987,1015.0,1016.5,False,26.660759493670884,24.2,29.6,171.72151898734177,1.3746835443037975,2.5,TSU,42767.555555555555,31686.0,49200.90476190476,40774.0,22581.52380952381,17881.0,90341.0,356563.0,3.0,,,,4.0,,,,,,6.083333333333333,,,,,,242.75,,,,,,264.0,,,,,,106495.58333333333,,,,,,90341.0,,,0,0,0,2
2024,4,17.38227848101266,16.7,17.9,66.10126582278481,62.0,69.0,1015.8417721518987,1015.0,1016.5,False,26.660759493670884,24.2,29.6,171.72151898734177,1.3746835443037975,2.5,VER,40993.84210526316,31458.0,47896.434782608696,40438.0,21247.565217391304,17667.0,89563.0,341140.00000000006,4.0,,,3.0,5.0,,,,,10.4,3.5,,,,,255.1,144.5,,,,,264.0,259.0,,,,,94848.8,106581.5,,,,,90193.0,89563.0,,,0,0,0,2
2024,4,17.38227848101266,16.7,17.9,66.10126582278481,62.0,69.0,1015.8417721518987,1015.0,1016.5,False,26.660759493670884,24.2,29.6,171.72151898734177,1.3746835443037975,2.5,ZHO,39616.92857142857,32098.999999999996,46084.3125,40941.0,21491.5625,18027.0,91067.0,276632.5,2.0,,,,3.0,,,,,,9.9,,,,,,253.0,,,,,,263.0,,,,,,96699.7,,,,,,91067.0,,,0,0,0,2
2024,7,23.603846153846153,23.0,24.3,41.32051282051282,39.0,44.0,1009.2435897435897,1008.9,1009.5,False,44.48076923076923,42.4,45.9,137.17948717948718,1.9025641025641027,3.8,ALB,34527.11111111111,24045.0,32890.53846153846,26532.0,34170.75,25893.0,76470.0,317021.0,4.0,,,,5.0,,,,,,4.4,,,,,,240.8,,,,,,285.0,,,,,,87276.2,,,,,,76470.0,,,2,0,0,2
2024,7,23.603846153846153,23.0,24.3,41.32051282051282,39.0,44.0,1009.2435897435897,1008.9,1009.5,False,44.48076923076923,42.4,45.9,137.17948717948718,1.9025641025641027,3.8,ALO,34679.25,24084.0,34044.3,26653.0,34088.555555555555,26053.0,77339.0,233276.0,2.0,3.0,,,,,,4.5,,,,,,276.1666666666667,,,,,,282.0,,,,,,98523.16666666667,,,,,,77339.0,,,,,,2,0,0,2
2024,7,23.603846153846153,23.0,24.3,41.32051282051282,39.0,44.0,1009.2435897435897,1008.9,1009.5,False,44.48076923076923,42.4,45.9,137.17948717948718,1.9025641025641027,3.8,BOT,40231.545454545456,24341.0,34883.0,26593.0,35416.642857142855,25761.0,76695.0,374491.0,4.0,,,,5.0,,,,,,4.285714285714286,,,,,,248.85714285714286,,,,,,282.0,,,,,,103445.42857142857,,,,,,76695.0,,,2,0,0,2
2024,7,23.603846153846153,23.0,24.3,41.32051282051282,39.0,44.0,1009.2435897435897,1008.9,1009.5,False,44.48076923076923,42.4,45.9,137.17948717948718,1.9025641025641027,3.8,GAS,37629.92307692308,24481.0,34571.117647058825,26860.0,33339.5,25999.0,77361.0,444795.0,4.0,,,3.0,5.0,,,,,5.5,3.5,,,,,262.6666666666667,168.0,,,,,281.0,282.0,,,,,93259.16666666667,95217.5,,,,,77361.0,78477.0,,,2,0,0,2
2024,7,23.603846153846153,23.0,24.3,41.32051282051282,39.0,44.0,1009.2435897435897,1008.9,1009.5,False,44.48076923076923,42.4,45.9,137.17948717948718,1.9025641025641027,3.8,HAM,36329.818181818184,24202.0,38584.0,26403.0,34254.357142857145,25945.0,76960.0,397592.3333333335,3.0,,,,4.0,,,,,,6.285714285714286,,,,,,230.71428571428572,,,,,,281.0,,,,,,103834.71428571429,,,,,,76960.0,,,2,0,0,2
2024,7,23.603846153846153,23.0,24.3,41.32051282051282,39.0,44.0,1009.2435897435897,1008.9,1009.5,False,44.48076923076923,42.4,45.9,137.17948717948718,1.9025641025641027,3.8,HUL,32190.6,24227.0,32501.64285714286,26514.0,32086.846153846152,25806.0,76547.0,494538.3333333333,3.0,,,2.0,4.0,,,,,4.4,3.5,,,,,271.0,172.5,,,,,285.0,286.0,,,,,92304.4,89138.0,,,,,77520.0,76547.0,,,2,0,0,2
2024,7,23.603846153846153,23.0,24.3,41.32051282051282,39.0,44.0,1009.2435897435897,1008.9,1009.5,False,44.48076923076923,42.4,45.9,137.17948717948718,1.9025641025641027,3.8,LEC,33412.53333333333,24030.0,34190.15789473684,26355.0,33131.36842105263,25643.0,76087.0,466372.5,4.0,,,,5.0,,,,,,7.333333333333333,,,,,,259.55555555555554,,,,,,285.0,,,,,,84083.44444444444,,,,,,76087.0,,,2,0,0,2
2024,7,23.603846153846153,23.0,24.3,41.32051282051282,39.0,44.0,1009.2435897435897,1008.9,1009.5,False,44.48076923076923,42.4,45.9,137.17948717948718,1.9025641025641027,3.8,MAG,34582.57142857143,24297.0,33063.0,26574.0,33331.3,25844.0,76923.0,824158.9999999998,2.0,,,1.0,3.0,,,,,3.5,3.5,,,,,252.25,181.0,,,,,285.0,283.0,,,,,103026.75,85733.0,,,,,77108.0,76923.0,,,2,0,0,2
2024,7,23.603846153846153,23.0,24.3,41.32051282051282,39.0,44.0,1009.2435897435897,1008.9,1009.5,False,44.48076923076923,42.4,45.9,137.17948717948718,1.9025641025641027,3.8,NOR,33844.88888888889,24002.0,34850.28571428572,26317.0,34030.0,25510.0,75829.0,465970.0,5.0,,,4.0,6.0,,,,,5.0,3.5,,,,,282.75,194.0,,,,,285.0,283.0,,,,,96140.0,94888.0,,,,,76395.0,75829.0,,,2,0,0,2
2024,7,23.603846153846153,23.0,24.3,41.32051282051282,39.0,44.0,1009.2435897435897,1008.9,1009.5,False,44.48076923076923,42.4,45.9,137.17948717948718,1.9025641025641027,3.8,OCO,34934.26666666667,24233.0,33198.38888888889,26535.0,32875.0,25713.0,76481.0,417839.75,4.0,,,3.0,5.0,,,,,6.142857142857143,4.333333333333333,,,,,265.85714285714283,214.0,,,,,281.0,280.0,,,,,97649.0,89443.33333333333,,,,,77856.0,76481.0,,,2,0,0,2
2024,7,23.603846153846153,23.0,24.3,41.32051282051282,39.0,44.0,1009.2435897435897,1008.9,1009.5,False,44.48076923076923,42.4,45.9,137.17948717948718,1.9025641025641027,3.8,PER,28256.76923076923,24114.0,31255.764705882353,26515.0,30634.9375,25812.0,76631.0,525692.0,3.0,,,3.0,,,,,,8.3,,,,,,267.0,,,,,,285.0,,,,,,88825.7,,,,,,76631.0,,,,2,0,0,2
2024,7,23.603846153846153,23.0,24.3,41.32051282051282,39.0,44.0,1009.2435897435897,1008.9,1009.5,False,44.48076923076923,42.4,45.9,137.17948717948718,1.9025641025641027,3.8,PIA,35367.555555555555,23742.0,32178.384615384617,26232.0,34543.153846153844,25555.0,75529.0,479587.8,5.0,,,,6.0,,,,,,4.5,,,,,,241.33333333333334,,,,,,287.0,,,,,,94045.0,,,,,,75529.0,,,2,0,0,2
2024,7,23.603846153846153,23.0,24.3,41.32051282051282,39.0,44.0,1009.2435897435897,1008.9,1009.5,False,44.48076923076923,42.4,45.9,137.17948717948718,1.9025641025641027,3.8,RIC,36049.8,24197.0,34976.71428571428,26522.0,33654.307692307695,25841.0,76560.0,277548.0,4.0,,,2.0,5.0,,,,,5.0,3.5,,,,,250.5,182.5,,,,,282.0,283.0,,,,,101120.75,94751.0,,,,,77061.0,76560.0,,,2,0,0,2
2024,7,23.603846153846153,23.0,24.3,41.32051282051282,39.0,44.0,1009.2435897435897,1008.9,1009.5,False,44.48076923076923,42.4,45.9,137.17948717948718,1.9025641025641027,3.8,RUS,39930.666666666664,23956.0,32164.85714285714,26490.0,34605.357142857145,25649.0,76095.0,233403.39999999997,5.0,,,,6.0,,,,,,5.333333333333333,,,,,,245.5,,,,,,284.0,,,,,,90251.66666666667,,,,,,76095.0,,,2,0,0,2
2024,7,23.603846153846153,23.0,24.3,41.32051282051282,39.0,44.0,1009.2435897435897,1008.9,1009.5,False,44.48076923076923,42.4,45.9,137.17948717948718,1.9025641025641027,3.8,SAI,37344.117647058825,23966.0,36807.95238095238,26380.0,34059.333333333336,25591.0,76067.0,283526.4,5.0,,,,6.0,,,,,,7.363636363636363,,,,,,261.3636363636364,,,,,,284.0,,,,,,97626.81818181818,,,,,,76067.0,,,2,0,0,2
2024,7,23.603846153846153,23.0,24.3,41.32051282051282,39.0,44.0,1009.2435897435897,1008.9,1009.5,False,44.48076923076923,42.4,45.9,137.17948717948718,1.9025641025641027,3.8,SAR,34098.416666666664,24167.0,33262.13333333333,26745.0,34124.73333333333,25781.0,76794.0,255885.75,4.0,,,,5.0,,,,,,4.142857142857143,,,,,,239.28571428571428,,,,,,286.0,,,,,,93869.14285714286,,,,,,76794.0,,,2,0,0,2
2024,7,23.603846153846153,23.0,24.3,41.32051282051282,39.0,44.0,1009.2435897435897,1008.9,1009.5,False,44.48076923076923,42.4,45.9,137.17948717948718,1.9025641025641027,3.8,STR,33920.63157894737,24121.0,36320.666666666664,26569.0,34297.5,25853.0,76543.0,293239.0,5.0,4.0,,,6.0,,,7.7272727272727275,,,4.333333333333333,,,275.3636363636364,,,215.33333333333334,,,281.0,,,283.0,,,101006.09090909091,,,91321.33333333333,,,77553.0,,,76543.0,,,2,0,0,2
2024,7,23.603846153846153,23.0,24.3,41.32051282051282,39.0,44.0,1009.2435897435897,1008.9,1009.5,False,44.48076923076923,42.4,45.9,137.17948717948718,1.9025641025641027,3.8,TSU,34270.4,23972.0,33561.230769230766,26400.0,34789.083333333336,25919.0,76668.0,267780.25,4.0,,,2.0,5.0,,,,,5.5,4.0,,,,,248.25,67.0,,,,,283.0,67.0,,,,,100436.0,113649.0,,,,,76668.0,113649.0,,,2,0,0,2
2024,7,23.603846153846153,23.0,24.3,41.32051282051282,39.0,44.0,1009.2435897435897,1008.9,1009.5,False,44.48076923076923,42.4,45.9,137.17948717948718,1.9025641025641027,3.8,VER,34425.25,23875.0,33368.94736842105,26386.0,32653.894736842107,25724.0,76366.0,343028.6,5.0,,,4.0,6.0,,,,,8.3,4.0,,,,,267.3,47.0,,,,,286.0,47.0,,,,,95566.8,84341.0,,,,,76366.0,84341.0,,,2,0,0,2
2024,7,23.603846153846153,23.0,24.3,41.32051282051282,39.0,44.0,1009.2435897435897,1008.9,1009.5,False,44.48076923076923,42.4,45.9,137.17948717948718,1.9025641025641027,3.8,ZHO,39220.0,24558.0,34477.86666666667,27011.0,36519.07692307692,26109.0,77891.0,273472.6,5.0,,,,6.0,,,,,,4.2,,,,,,237.8,,,,,,281.0,,,,,,93119.0,,,,,,77891.0,,,2,0,0,2
2024,8,21.674683544303797,21.3,22.0,57.40506329113924,55.0,61.0,1017.5379746835443,1017.4,1017.7,False,46.86202531645569,45.0,48.5,190.30379746835442,0.8240506329113924,1.6,ALB,24501.5,18758.0,41814.791666666664,34157.0,26675.714285714286,19265.0,72180.0,233826.0,3.0,,,,4.0,,,,,,6.3,,,,,,249.1,,,,,,269.0,,,,,,91764.35,,,,,,72180.0,,,1,0,0,5
2024,8,21.674683544303797,21.3,22.0,57.40506329113924,55.0,61.0,1017.5379746835443,1017.4,1017.7,False,46.86202531645569,45.0,48.5,190.30379746835442,0.8240506329113924,1.6,ALO,23632.88,18826.0,40994.92,33949.0,28206.428571428572,19312.0,72087.0,361995.9999999999,4.0,,,3.0,5.0,,,,,4.5,6.666666666666667,,,,,263.125,238.83333333333334,,,,,267.0,269.0,,,,,89395.5,93404.66666666667,,,,,73790.0,72087.0,,,1,0,0,5
2024,8,21.674683544303797,21.3,22.0,57.40506329113924,55.0,61.0,1017.5379746835443,1017.4,1017.7,False,46.86202531645569,45.0,48.5,190.30379746835442,0.8240506329113924,1.6,BOT,23064.0,19702.0,37019.0,35149.0,21049.0,21049.0,86364.0,,,,,,1.0,,,,,,1.0,,,,,,260.0,,,,,,260.0,,,,,,86364.0,,,,,,86364.0,,,1,0,0,5
2024,8,21.674683544303797,21.3,22.0,57.40506329113924,55.0,61.0,1017.5379746835443,1017.4,1017.7,False,46.86202531645569,45.0,48.5,190.30379746835442,0.8240506329113924,1.6,GAS,25306.96153846154,18846.0,41644.96153846154,33758.0,24341.541666666668,19486.0,72144.0,519708.0,1.0,,,,2.0,,,,,,6.5,,,,,,241.54166666666666,,,,,,267.0,,,,,,90425.29166666667,,,,,,72144.0,,,1,0,0,5
2024,8,21.674683544303797,21.3,22.0,57.40506329113924,55.0,61.0,1017.5379746835443,1017.4,1017.7,False,46.86202531645569,45.0,48.5,190.30379746835442,0.8240506329113924,1.6,HAM,27786.833333333332,18719.0,45972.291666666664,33837.0,29437.272727272728,19117.0,71710.0,220561.5,4.0,,,,5.0,,,,,,7.157894736842105,,,,,,257.89473684210526,,,,,,271.0,,,,,,94241.94736842105,,,,,,71710.0,,,1,0,0,5
2024,8,21.674683544303797,21.3,22.0,57.40506329113924,55.0,61.0,1017.5379746835443,1017.4,1017.7,False,46.86202531645569,45.0,48.5,190.30379746835442,0.8240506329113924,1.6,HUL,25445.958333333332,18924.0,42638.608695652176,33910.0,25191.571428571428,19192.0,72192.0,485948.0,2.0,,,,3.0,,,,,,6.190476190476191,,,,,,241.8095238095238,,,,,,271.0,,,,,,93562.80952380953,,,,,,72192.0,,,1,0,0,5
2024,8,21.674683544303797,21.3,22.0,57.40506329113924,55.0,61.0,1017.5379746835443,1017.4,1017.7,False,46.86202531645569,45.0,48.5,190.30379746835442,0.8240506329113924,1.6,LEC,23059.115384615383,18652.0,42809.38461538462,33628.0,29528.652173913044,19089.0,71369.0,140831.33333333334,3.0,,,,4.0,,,,,,7.363636363636363,,,,,,258.09090909090907,,,,,,269.0,,,,,,93235.77272727272,,,,,,71369.0,,,1,0,0,5
2024,8,21.674683544303797,21.3,22.0,57.40506329113924,55.0,61.0,1017.5379746835443,1017.4,1017.7,False,46.86202531645569,45.0,48.5,190.30379746835442,0.8240506329113924,1.6,MAG,25136.25806451613,18934.0,44006.7,33889.0,26483.0,19261.0,72216.0,306108.5,2.0,,,,3.0,,,,,,7.928571428571429,,,,,,245.92857142857142,,,,,,271.0,,,,,,96271.75,,,,,,72216.0,,,1,0,0,5
2024,8,21.674683544303797,21.3,22.0,57.40506329113924,55.0,61.0,1017.5379746835443,1017.4,1017.7,False,46.86202531645569,45.0,48.5,190.30379746835442,0.8240506329113924,1.6,NOR,24257.041666666668,18805.0,42849.541666666664,33852.0,26896.85,19130.0,71988.0,376383.25,4.0,,,,5.0,,,,,,5.368421052631579,,,,,,250.68421052631578,,,,,,269.0,,,,,,92371.31578947368,,,,,,71988.0,,,1,0,0,5
2024,8,21.674683544303797,21.3,22.0,57.40506329113924,55.0,61.0,1017.5379746835443,1017.4,1017.7,False,46.86202531645569,45.0,48.5,190.30379746835442,0.8240506329113924,1.6,OCO,23739.96,18967.0,41386.24,34055.0,26845.043478260868,19316.0,72472.0,326037.0,2.0,,,,3.0,,,,,,6.545454545454546,,,,,,247.54545454545453,,,,,,269.0,,,,,,90969.45454545454,,,,,,72472.0,,,1,0,0,5
2024,8,21.674683544303797,21.3,22.0,57.40506329113924,55.0,61.0,1017.5379746835443,1017.4,1017.7,False,46.86202531645569,45.0,48.5,190.30379746835442,0.8240506329113924,1.6,PER,26786.666666666668,18932.0,44572.708333333336,33840.0,30495.090909090908,19151.0,71923.0,160251.33333333334,3.0,,,,4.0,,,,,,5.95,,,,,,239.5,,,,,,269.0,,,,,,100059.1,,,,,,71923.0,,,1,0,0,5
2024,8,21.674683544303797,21.3,22.0,57.40506329113924,55.0,61.0,1017.5379746835443,1017.4,1017.7,False,46.86202531645569,45.0,48.5,190.30379746835442,0.8240506329113924,1.6,PIA,25959.36,18865.0,42607.48,33851.0,28781.285714285714,19185.0,71901.0,304756.4,5.0,,,,6.0,,,,,,5.444444444444445,,,,,,259.55555555555554,,,,,,272.0,,,,,,90699.44444444444,,,,,,71901.0,,,1,0,0,5
2024,8,21.674683544303797,21.3,22.0,57.40506329113924,55.0,61.0,1017.5379746835443,1017.4,1017.7,False,46.86202531645569,45.0,48.5,190.30379746835442,0.8240506329113924,1.6,RIC,24719.23076923077,19195.0,41360.346153846156,34197.0,26135.64,19346.0,72829.0,411865.0,3.0,,,,4.0,,,,,,6.791666666666667,,,,,,241.08333333333334,,,,,,271.0,,,,,,92197.66666666667,,,,,,72829.0,,,1,0,0,5
2024,8,21.674683544303797,21.3,22.0,57.40506329113924,55.0,61.0,1017.5379746835443,1017.4,1017.7,False,46.86202531645569,45.0,48.5,190.30379746835442,0.8240506329113924,1.6,RUS,23933.030303030304,18656.0,43147.6875,33895.0,25023.310344827587,19227.0,71968.0,269179.6666666667,3.0,,,,4.0,,,,,,8.586206896551724,,,,,,251.93103448275863,,,,,,272.0,,,,,,92686.1724137931,,,,,,71968.0,,,1,0,0,5
2024,8,21.674683544303797,21.3,22.0,57.40506329113924,55.0,61.0,1017.5379746835443,1017.4,1017.7,False,46.86202531645569,45.0,48.5,190.30379746835442,0.8240506329113924,1.6,SAI,26802.30769230769,18857.0,43819.692307692305,33892.0,29996.458333333332,19076.0,71979.0,84358.50000000012,4.0,,,,5.0,,,,,,6.571428571428571,,,,,,261.8095238095238,,,,,,270.0,,,,,,96824.42857142857,,,,,,71979.0,,,1,0,0,5
2024,8,21.674683544303797,21.3,22.0,57.40506329113924,55.0,61.0,1017.5379746835443,1017.4,1017.7,False,46.86202531645569,45.0,48.5,190.30379746835442,0.8240506329113924,1.6,SAR,25342.571428571428,19027.0,42545.857142857145,34181.0,30036.055555555555,19320.0,72703.0,445629.0,2.0,,,,3.0,,,,,,5.666666666666667,,,,,,253.5,,,,,,271.0,,,,,,97545.16666666667,,,,,,72703.0,,,1,0,0,5
2024,8,21.674683544303797,21.3,22.0,57.40506329113924,55.0,61.0,1017.5379746835443,1017.4,1017.7,False,46.86202531645569,45.0,48.5,190.30379746835442,0.8240506329113924,1.6,STR,26382.84,18852.0,44080.36,34001.0,24008.68181818182,19428.0,72331.0,384995.6666666667,3.0,,,3.0,4.0,,,,,5.0,6.5,,,,,264.6666666666667,267.4166666666667,,,,,268.0,273.0,,,,,90701.44444444444,95040.0,,,,,73166.0,72331.0,,,1,0,0,5
2024,8,21.674683544303797,21.3,22.0,57.40506329113924,55.0,61.0,1017.5379746835443,1017.4,1017.7,False,46.86202531645569,45.0,48.5,190.30379746835442,0.8240506329113924,1.6,TSU,27093.777777777777,18879.0,44372.333333333336,33878.0,25898.958333333332,19234.0,71991.0,551282.0,2.0,,,,3.0,,,,,,6.5,,,,,,227.79166666666666,,,,,,266.0,,,,,,97083.75,,,,,,71991.0,,,1,0,0,5
2024,8,21.674683544303797,21.3,22.0,57.40506329113924,55.0,61.0,1017.5379746835443,1017.4,1017.7,False,46.86202531645569,45.0,48.5,190.30379746835442,0.8240506329113924,1.6,VER,24237.037037037036,18508.0,41912.555555555555,33906.0,26914.48,19126.0,71566.0,306150.0,1.0,,,,2.0,,,,,,6.76,,,,,,240.56,,,,,,269.0,,,,,,93450.44,,,,,,71566.0,,,1,0,0,5
2024,8,21.674683544303797,21.3,22.0,57.40506329113924,55.0,61.0,1017.5379746835443,1017.4,1017.7,False,46.86202531645569,45.0,48.5,190.30379746835442,0.8240506329113924,1.6,ZHO,23734.39285714286,19469.0,42260.77777777778,34647.0,25073.44,19659.0,73830.0,363557.0,2.0,,,,3.0,,,,,,7.2,,,,,,255.44,,,,,,267.0,,,,,,91659.4,,,,,,73830.0,,,1,0,0,5
2024,9,20.854320987654322,19.9,21.6,61.925925925925924,59.0,64.0,1000.5185185185185,1000.2,1000.8,False,36.4,32.2,39.1,157.17283950617283,1.6790123456790123,2.9,ALB,25942.0,20651.0,29537.14285714286,23286.0,34877.0,29654.0,73880.0,308463.6666666667,3.0,,,2.0,4.0,,,,,6.818181818181818,2.5714285714285716,,,,,289.72727272727275,270.85714285714283,,,,,292.0,295.0,,,,,88318.18181818182,86095.71428571429,,,,,75551.0,73880.0,,,1,1,0,3
2024,9,20.854320987654322,19.9,21.6,61.925925925925924,59.0,64.0,1000.5185185185185,1000.2,1000.8,False,36.4,32.2,39.1,157.17283950617283,1.6790123456790123,2.9,ALO,24429.366666666665,20586.0,26558.166666666668,23270.0,37106.846153846156,29484.0,73340.0,311286.5,4.0,3.0,,4.0,5.0,,,4.0,,5.0,5.0,,,287.14285714285717,,277.77777777777777,270.0,,,293.0,,282.0,296.0,,,83491.14285714286,,78625.55555555556,92729.77777777778,,,74445.0,,77360.0,73340.0,,,1,1,0,3
2024,9,20.854320987654322,19.9,21.6,61.925925925925924,59.0,64.0,1000.5185185185185,1000.2,1000.8,False,36.4,32.2,39.1,157.17283950617283,1.6790123456790123,2.9,BOT,25445.21875,20640.0,28310.5625,23438.0,37437.21428571428,29487.0,73642.0,250852.25,4.0,,,2.0,5.0,,,,,6.7272727272727275,4.8125,,,,,276.90909090909093,271.1875,,,,,279.0,295.0,,,,,83574.18181818182,94650.3125,,,,,77386.0,73642.0,,,1,1,0,3
2024,9,20.854320987654322,19.9,21.6,61.925925925925924,59.0,64.0,1000.5185185185185,1000.2,1000.8,False,36.4,32.2,39.1,157.17283950617283,1.6790123456790123,2.9,GAS,26168.827586206895,20605.0,27228.862068965518,23456.0,35221.6,29627.0,73737.0,408887.0,3.0,,,3.0,4.0,,,,,10.411764705882353,4.5,,,,,282.7647058823529,255.375,,,,,292.0,294.0,,,,,84890.5294117647,95636.0,,,,,75557.0,73737.0,,,1,1,0,3
2024,9,20.854320987654322,19.9,21.6,61.925925925925924,59.0,64.0,1000.5185185185185,1000.2,1000.8,False,36.4,32.2,39.1,157.17283950617283,1.6790123456790123,2.9,HAM,24352.483870967742,20229.0,27718.16129032258,22994.0,36702.48148148148,29326.0,72549.0,381739.6666666667,3.0,,,2.0,4.0,,,,,6.7272727272727275,4.75,,,,,275.8181818181818,261.125,,,,,278.0,295.0,,,,,81226.18181818182,95153.4375,,,,,77533.0,72549.0,,,1,1,0,3
2024,9,20.854320987654322,19.9,21.6,61.925925925925924,59.0,64.0,1000.5185185185185,1000.2,1000.8,False,36.4,32.2,39.1,157.17283950617283,1.6790123456790123,2.9,HUL,24497.88888888889,20703.0,27513.615384615383,23422.0,36355.86956521739,29652.0,73777.0,446767.0,3.0,,,3.0,4.0,,,,,9.466666666666667,4.5,,,,,283.8666666666667,264.375,,,,,294.0,297.0,,,,,86099.33333333333,93770.125,,,,,75720.0,73777.0,,,1,1,0,3
2024,9,20.854320987654322,19.9,21.6,61.925925925925924,59.0,64.0,1000.5185185185185,1000.2,1000.8,False,36.4,32.2,39.1,157.17283950617283,1.6790123456790123,2.9,LEC,25633.60714285714,20572.0,27872.321428571428,23295.0,37002.333333333336,29482.0,73349.0,243992.4,5.0,,,3.0,6.0,,,,,5.888888888888889,4.076923076923077,,,,,278.3333333333333,291.0,,,,,290.0,293.0,,,,,84100.22222222222,92615.30769230769,,,,,76074.0,73349.0,,,1,1,0,3
2024,9,20.854320987654322,19.9,21.6,61.925925925925924,59.0,64.0,1000.5185185185185,1000.2,1000.8,False,36.4,32.2,39.1,157.17283950617283,1.6790123456790123,2.9,MAG,25821.066666666666,20586.0,27376.655172413793,23386.0,34715.03846153846,29395.0,73439.0,326139.3333333333,3.0,,,3.0,4.0,,,,,11.578947368421053,4.0,,,,,281.89473684210526,246.71428571428572,,,,,294.0,296.0,,,,,84760.63157894737,95132.28571428571,,,,,75044.0,73439.0,,,1,1,0,3
2024,9,20.854320987654322,19.9,21.6,61.925925925925924,59.0,64.0,1000.5185185185185,1000.2,1000.8,False,36.4,32.2,39.1,157.17283950617283,1.6790123456790123,2.9,NOR,24927.354838709678,20450.0,26223.74193548387,23149.0,36832.357142857145,29661.0,73293.0,211468.0,5.0,,,4.0,6.0,,,,,7.0,4.4,,,,,287.54545454545456,275.6,,,,,292.0,296.0,,,,,82221.36363636363,88551.0,,,,,74911.0,73293.0,,,1,1,0,3
2024,9,20.854320987654322,19.9,21.6,61.925925925925924,59.0,64.0,1000.5185185185185,1000.2,1000.8,False,36.4,32.2,39.1,157.17283950617283,1.6790123456790123,2.9,OCO,25929.733333333334,20792.0,27435.266666666666,23538.0,37172.148148148146,29745.0,74075.0,357049.3333333333,3.0,,,3.0,4.0,,,,,10.722222222222221,5.0,,,,,283.55555555555554,275.77777777777777,,,,,293.0,295.0,,,,,87928.11111111111,96940.77777777778,,,,,75419.0,74075.0,,,1,1,0,3
2024,9,20.854320987654322,19.9,21.6,61.925925925925924,59.0,64.0,1000.5185185185185,1000.2,1000.8,False,36.4,32.2,39.1,157.17283950617283,1.6790123456790123,2.9,PER,24109.178571428572,20578.0,26543.068965517243,23292.0,35365.38461538462,29438.0,73342.0,680706.0,2.0,,,2.0,3.0,,,,,10.882352941176471,4.5,,,,,277.7647058823529,253.625,,,,,289.0,296.0,,,,,81833.4705882353,96162.0,,,,,78037.0,73342.0,,,1,1,0,3
2024,9,20.854320987654322,19.9,21.6,61.925925925925924,59.0,64.0,1000.5185185185185,1000.2,1000.8,False,36.4,32.2,39.1,157.17283950617283,1.6790123456790123,2.9,PIA,27494.40625,20504.0,27609.0,23284.0,37876.71428571428,29446.0,73266.0,202986.8,5.0,,,4.0,6.0,,,,,7.0,4.4,,,,,285.0,272.1333333333333,,,,,294.0,295.0,,,,,90053.54545454546,92895.6,,,,,75238.0,73266.0,,,1,1,0,3
2024,9,20.854320987654322,19.9,21.6,61.925925925925924,59.0,64.0,1000.5185185185185,1000.2,1000.8,False,36.4,32.2,39.1,157.17283950617283,1.6790123456790123,2.9,RIC,25857.5,20540.0,27252.029411764706,23234.0,38699.46666666667,29468.0,73279.0,132233.83333333334,6.0,,,4.0,7.0,,,,,7.5,4.466666666666667,,,,,287.25,263.46666666666664,,,,,293.0,297.0,,,,,83347.25,95648.46666666666,,,,,74780.0,73279.0,,,1,1,0,3
2024,9,20.854320987654322,19.9,21.6,61.925925925925924,59.0,64.0,1000.5185185185185,1000.2,1000.8,False,36.4,32.2,39.1,157.17283950617283,1.6790123456790123,2.9,RUS,24966.696969696968,20446.0,29309.333333333332,23026.0,36510.24137931035,29478.0,72957.0,309660.0,3.0,,,2.0,4.0,,,,,6.7272727272727275,5.5,,,,,277.8181818181818,273.6111111111111,,,,,291.0,295.0,,,,,82500.45454545454,95977.88888888889,,,,,77763.0,72957.0,,,1,1,0,3
2024,9,20.854320987654322,19.9,21.6,61.925925925925924,59.0,64.0,1000.5185185185185,1000.2,1000.8,False,36.4,32.2,39.1,157.17283950617283,1.6790123456790123,2.9,SAI,27051.272727272728,20632.0,28182.65625,23258.0,36571.8275862069,29680.0,73570.0,193059.5,4.0,,,2.0,5.0,,,,,6.2,5.555555555555555,,,,,277.5,276.1111111111111,,,,,284.0,293.0,,,,,88152.1,93768.44444444444,,,,,77193.0,73570.0,,,1,1,0,3
2024,9,20.854320987654322,19.9,21.6,61.925925925925924,59.0,64.0,1000.5185185185185,1000.2,1000.8,False,36.4,32.2,39.1,157.17283950617283,1.6790123456790123,2.9,SAR,27129.3,20704.0,28438.0,23209.0,36964.53846153846,29579.0,73663.0,253832.0,4.0,,,5.0,4.0,,,,,7.416666666666667,4.071428571428571,,,,,270.75,277.2857142857143,,,,,295.0,296.0,,,,,94331.16666666667,91068.07142857143,,,,,75592.0,73663.0,,,1,1,0,3
2024,9,20.854320987654322,19.9,21.6,61.925925925925924,59.0,64.0,1000.5185185185185,1000.2,1000.8,False,36.4,32.2,39.1,157.17283950617283,1.6790123456790123,2.9,STR,26094.0,20516.0,28425.5,23086.0,37715.782608695656,29389.0,73026.0,276424.6,5.0,4.0,,5.0,6.0,,,4.0,,4.0,4.0,,,290.42857142857144,,278.14285714285717,269.2857142857143,,,294.0,,280.0,299.0,,,91887.0,,80172.42857142857,97066.14285714286,,,74854.0,,77168.0,73026.0,,,1,1,0,3
2024,9,20.854320987654322,19.9,21.6,61.925925925925924,59.0,64.0,1000.5185185185185,1000.2,1000.8,False,36.4,32.2,39.1,157.17283950617283,1.6790123456790123,2.9,TSU,27330.74193548387,20715.0,29171.677419354837,23225.0,37558.653846153844,29776.0,73716.0,152282.0,6.0,,,3.0,7.0,,,,,7.5,4.0,,,,,283.75,257.9166666666667,,,,,292.0,295.0,,,,,87805.75,94354.33333333333,,,,,75133.0,73716.0,,,1,1,0,3
2024,9,20.854320987654322,19.9,21.6,61.925925925925924,59.0,64.0,1000.5185185185185,1000.2,1000.8,False,36.4,32.2,39.1,157.17283950617283,1.6790123456790123,2.9,VER,26815.322580645163,20402.0,27906.709677419356,23204.0,37174.642857142855,29317.0,72923.0,337106.6666666667,3.0,,,3.0,4.0,,,,,11.470588235294118,5.5,,,,,274.4117647058824,259.9,,,,,291.0,293.0,,,,,89071.05882352941,99585.9,,,,,74983.0,72923.0,,,1,1,0,3
2024,9,20.854320987654322,19.9,21.6,61.925925925925924,59.0,64.0,1000.5185185185185,1000.2,1000.8,False,36.4,32.2,39.1,157.17283950617283,1.6790123456790123,2.9,ZHO,28152.0,22145.0,26048.666666666668,24935.0,33910.0,31576.0,78656.0,,,,,1.0,,,,,,2.0,,,,,,275.6666666666667,,,,,,277.0,,,,,,88110.66666666667,,,,,,78656.0,,,,1,1,0,3
2024,10,26.441250000000004,26.0,26.9,57.7125,47.0,62.0,1004.5975000000001,1004.3,1005.0,False,43.355000000000004,38.9,46.3,218.975,1.6612500000000001,2.7,ALB,31986.6,21898.0,39217.57142857143,29487.0,33711.38461538462,22368.0,73753.0,326607.5,4.0,,,,5.0,,,,,,4.0,,,,,,227.0,,,,,,286.0,,,,,,83698.5,,,,,,73753.0,,,0,0,0,8
2024,10,26.441250000000004,26.0,26.9,57.7125,47.0,62.0,1004.5975000000001,1004.3,1005.0,False,43.355000000000004,38.9,46.3,218.975,1.6612500000000001,2.7,ALO,36663.58823529412,21843.0,37546.0,29567.0,30871.4,22376.0,73786.0,215345.0000000001,6.0,,,3.0,7.0,,,,,5.0,4.75,,,,,264.0,228.5,,,,,288.0,287.0,,,,,101551.14285714286,98131.25,,,,,74980.0,73786.0,,,0,0,0,8
2024,10,26.441250000000004,26.0,26.9,57.7125,47.0,62.0,1004.5975000000001,1004.3,1005.0,False,43.355000000000004,38.9,46.3,218.975,1.6612500000000001,2.7,BOT,30285.58823529412,21867.0,38191.15789473684,29600.0,30190.473684210527,22504.0,74024.0,324284.6666666667,3.0,,,2.0,4.0,,,,,6.888888888888889,4.25,,,,,280.1111111111111,217.75,,,,,285.0,286.0,,,,,84930.88888888889,108154.5,,,,,74974.0,74024.0,,,0,0,0,8
2024,10,26.441250000000004,26.0,26.9,57.7125,47.0,62.0,1004.5975000000001,1004.3,1005.0,False,43.355000000000004,38.9,46.3,218.975,1.6612500000000001,2.7,GAS,34285.63636363636,21845.0,39944.21428571428,29542.0,32250.571428571428,22383.0,73964.0,518597.0,3.0,,,,4.0,,,,,,3.857142857142857,,,,,,231.14285714285714,,,,,,288.0,,,,,,100395.42857142857,,,,,,73964.0,,,0,0,0,8
2024,10,26.441250000000004,26.0,26.9,57.7125,47.0,62.0,1004.5975000000001,1004.3,1005.0,False,43.355000000000004,38.9,46.3,218.975,1.6612500000000001,2.7,HAM,32973.52380952381,21814.0,37897.53846153846,29246.0,30970.346153846152,22299.0,73359.0,222313.0,6.0,,,,7.0,,,,,,9.0,,,,,,260.9230769230769,,,,,,290.0,,,,,,86742.0,,,,,,73359.0,,,0,0,0,8
2024,10,26.441250000000004,26.0,26.9,57.7125,47.0,62.0,1004.5975000000001,1004.3,1005.0,False,43.355000000000004,38.9,46.3,218.975,1.6612500000000001,2.7,HUL,31118.882352941175,22011.0,39372.8,29571.0,31388.8,22393.0,73975.0,394074.3333333333,3.0,2.0,,,4.0,,,5.875,,,4.4,,,265.875,,,214.6,,,287.0,,,290.0,,,100009.0,,,103340.4,,,76074.0,,,73975.0,,,0,0,0,8
2024,10,26.441250000000004,26.0,26.9,57.7125,47.0,62.0,1004.5975000000001,1004.3,1005.0,False,43.355000000000004,38.9,46.3,218.975,1.6612500000000001,2.7,LEC,31382.333333333332,21664.0,38459.27777777778,29234.0,29298.277777777777,22152.0,73050.0,315509.0,4.0,,,,4.0,,,,,,7.0,,,,,,284.22222222222223,,,,,,291.0,,,,,,83428.66666666667,,,,,,73050.0,,,0,0,0,8
2024,10,26.441250000000004,26.0,26.9,57.7125,47.0,62.0,1004.5975000000001,1004.3,1005.0,False,43.355000000000004,38.9,46.3,218.975,1.6612500000000001,2.7,MAG,27221.875,22058.0,36319.48148148148,29522.0,28953.666666666668,22494.0,74074.0,363980.6666666667,3.0,1.0,,,4.0,,,8.5,,,4.75,,,279.0,,,281.25,,,281.0,,,289.0,,,78979.21428571429,,,95144.0,,,77991.0,,,74074.0,,,0,0,0,8
2024,10,26.441250000000004,26.0,26.9,57.7125,47.0,62.0,1004.5975000000001,1004.3,1005.0,False,43.355000000000004,38.9,46.3,218.975,1.6612500000000001,2.7,NOR,34639.90909090909,21758.0,39580.142857142855,29295.0,30668.14285714286,21990.0,73043.0,504287.0,3.0,,,1.0,4.0,,,,,3.5,5.5,,,,,261.0,165.0,,,,,288.0,288.0,,,,,95410.5,92456.5,,,,,73535.0,73043.0,,,0,0,0,8
2024,10,26.441250000000004,26.0,26.9,57.7125,47.0,62.0,1004.5975000000001,1004.3,1005.0,False,43.355000000000004,38.9,46.3,218.975,1.6612500000000001,2.7,OCO,32430.266666666666,21775.0,37316.61111111111,29707.0,29083.11111111111,22468.0,73950.0,319889.25,4.0,,,,5.0,,,,,,4.888888888888889,,,,,,256.77777777777777,,,,,,286.0,,,,,,83959.33333333333,,,,,,73950.0,,,0,0,0,8
2024,10,26.441250000000004,26.0,26.9,57.7125,47.0,62.0,1004.5975000000001,1004.3,1005.0,False,43.355000000000004,38.9,46.3,218.975,1.6612500000000001,2.7,PER,35589.8,22020.0,42501.10526315789,29452.0,30632.78947368421,22251.0,73723.0,285615.6,5.0,,,4.0,6.0,,,,,6.0,4.333333333333333,,,,,287.6,192.33333333333334,,,,,290.0,282.0,,,,,90003.4,95879.0,,,,,75020.0,73723.0,,,0,0,0,8
2024,10,26.441250000000004,26.0,26.9,57.7125,47.0,62.0,1004.5975000000001,1004.3,1005.0,False,43.355000000000004,38.9,46.3,218.975,1.6612500000000001,2.7,PIA,32999.454545454544,21934.0,36975.42857142857,29374.0,29150.571428571428,22568.0,73907.0,392022.75,4.0,,,2.0,5.0,,,,,3.6666666666666665,3.6666666666666665,,,,,282.3333333333333,220.33333333333334,,,,,283.0,289.0,,,,,91163.0,95536.0,,,,,74515.0,73907.0,,,0,0,0,8
2024,10,26.441250000000004,26.0,26.9,57.7125,47.0,62.0,1004.5975000000001,1004.3,1005.0,False,43.355000000000004,38.9,46.3,218.975,1.6612500000000001,2.7,RIC,29735.285714285714,22266.0,35448.117647058825,29628.0,29179.117647058825,22267.0,74161.0,457358.6666666667,3.0,,,1.0,4.0,,,,,5.5,3.5,,,,,264.375,184.5,,,,,283.0,283.0,,,,,88644.625,86282.0,,,,,75178.0,74161.0,,,0,0,0,8
2024,10,26.441250000000004,26.0,26.9,57.7125,47.0,62.0,1004.5975000000001,1004.3,1005.0,False,43.355000000000004,38.9,46.3,218.975,1.6612500000000001,2.7,RUS,27299.333333333332,21766.0,34806.0,29279.0,28747.7,22057.0,73164.0,372468.75,4.0,,,,5.0,,,,,,7.9,,,,,,261.7,,,,,,291.0,,,,,,81502.7,,,,,,73164.0,,,0,0,0,8
2024,10,26.441250000000004,26.0,26.9,57.7125,47.0,62.0,1004.5975000000001,1004.3,1005.0,False,43.355000000000004,38.9,46.3,218.975,1.6612500000000001,2.7,SAI,27997.5,21703.0,36776.73684210526,29275.0,29720.105263157893,21967.0,73013.0,357851.5,4.0,,,,5.0,,,,,,6.444444444444445,,,,,,252.33333333333334,,,,,,291.0,,,,,,82707.77777777778,,,,,,73013.0,,,0,0,0,8
2024,10,26.441250000000004,26.0,26.9,57.7125,47.0,62.0,1004.5975000000001,1004.3,1005.0,False,43.355000000000004,38.9,46.3,218.975,1.6612500000000001,2.7,SAR,33594.444444444445,22194.0,40931.5,29974.0,33415.5,22561.0,74729.0,435175.0,3.0,,,,4.0,,,,,,3.6,,,,,,239.8,,,,,,284.0,,,,,,96371.0,,,,,,74729.0,,,0,0,0,8
2024,10,26.441250000000004,26.0,26.9,57.7125,47.0,62.0,1004.5975000000001,1004.3,1005.0,False,43.355000000000004,38.9,46.3,218.975,1.6612500000000001,2.7,STR,35048.38461538462,21988.0,41526.9375,29740.0,30688.25,22452.0,74254.0,298607.5,4.0,,,3.0,5.0,,,,,4.5,3.0,,,,,272.1666666666667,259.6666666666667,,,,,284.0,287.0,,,,,101363.0,108490.0,,,,,75276.0,74254.0,,,0,0,0,8
2024,10,26.441250000000004,26.0,26.9,57.7125,47.0,62.0,1004.5975000000001,1004.3,1005.0,False,43.355000000000004,38.9,46.3,218.975,1.6612500000000001,2.7,TSU,34287.36842105263,22158.0,39270.77272727273,29720.0,28852.454545454544,22542.0,74420.0,307394.0,4.0,,,2.0,5.0,,,,,7.111111111111111,4.8,,,,,265.22222222222223,234.4,,,,,282.0,279.0,,,,,93334.0,101634.8,,,,,75662.0,74420.0,,,0,0,0,8
2024,10,26.441250000000004,26.0,26.9,57.7125,47.0,62.0,1004.5975000000001,1004.3,1005.0,False,43.355000000000004,38.9,46.3,218.975,1.6612500000000001,2.7,VER,27807.9,21772.0,37220.125,29287.0,28421.875,22028.0,73087.0,455725.0,3.0,,,2.0,4.0,,,,,9.384615384615385,4.333333333333333,,,,,268.46153846153845,199.0,,,,,291.0,292.0,,,,,86969.23076923077,103350.66666666667,,,,,74237.0,73087.0,,,0,0,0,8
2024,10,26.441250000000004,26.0,26.9,57.7125,47.0,62.0,1004.5975000000001,1004.3,1005.0,False,43.355000000000004,38.9,46.3,218.975,1.6612500000000001,2.7,ZHO,37730.53333333333,22001.0,39815.117647058825,29888.0,31716.764705882353,22683.0,74572.0,217395.8,5.0,,,3.0,6.0,,,,,5.2,4.333333333333333,,,,,282.0,208.0,,,,,287.0,287.0,,,,,97470.8,93445.66666666667,,,,,75659.0,74572.0,,,0,0,0,8
2024,12,11.173170731707318,10.7,11.6,89.42682926829268,87.0,92.0,984.439024390244,983.7,985.1,True,16.291463414634148,15.7,17.7,233.8170731707317,2.296341463414634,4.2,ALB,35807.666666666664,31626.0,44323.75,40051.0,30350.782608695652,27679.0,99603.0,364609.0,3.0,,4.0,,,,,,12.705882352941176,,,,,,210.94117647058823,,,,,,230.0,,,,,,105694.88235294117,,,,,,99603.0,,,,,1,0,0,2
2024,12,11.173170731707318,10.7,11.6,89.42682926829268,87.0,92.0,984.439024390244,983.7,985.1,True,16.291463414634148,15.7,17.7,233.8170731707317,2.296341463414634,4.2,ALO,35677.294117647056,31598.0,44415.95238095238,39938.0,30161.15,27404.0,98940.0,449298.3333333333,3.0,,4.0,,,,,,11.384615384615385,,,,,,209.76923076923077,,,,,,232.0,,,,,,107261.30769230769,,,,,,98940.0,,,,,1,0,0,2
2024,12,11.173170731707318,10.7,11.6,89.42682926829268,87.0,92.0,984.439024390244,983.7,985.1,True,16.291463414634148,15.7,17.7,233.8170731707317,2.296341463414634,4.2,BOT,37381.72222222222,31994.0,46342.90909090909,40503.0,31607.04761904762,27745.0,100242.0,382334.0,3.0,,4.0,,,,,,10.928571428571429,,,,,,200.28571428571428,,,,,,231.0,,,,,,112150.21428571429,,,,,,100242.0,,,,,1,0,0,2
2024,12,11.173170731707318,10.7,11.6,89.42682926829268,87.0,92.0,984.439024390244,983.7,985.1,True,16.291463414634148,15.7,17.7,233.8170731707317,2.296341463414634,4.2,GAS,36312.0,36312.0,48564.0,46500.0,34234.0,34234.0,,,,,,,,,,,,,,,,,,,,,,,,,,,,,,,,,,,,,,,,1,0,0,2
2024,12,11.173170731707318,10.7,11.6,89.42682926829268,87.0,92.0,984.439024390244,983.7,985.1,True,16.291463414634148,15.7,17.7,233.8170731707317,2.296341463414634,4.2,HAM,35892.625,31105.0,42420.333333333336,39296.0,30556.333333333332,26320.0,97564.0,171600.25,4.0,,5.0,,,,,,16.789473684210527,,,,,,214.05263157894737,,,,,,232.0,,,,,,106107.8947368421,,,,,,97564.0,,,,,1,0,0,2
2024,12,11.173170731707318,10.7,11.6,89.42682926829268,87.0,92.0,984.439024390244,983.7,985.1,True,16.291463414634148,15.7,17.7,233.8170731707317,2.296341463414634,4.2,HUL,39433.166666666664,31592.0,44204.73333333333,39936.0,30223.133333333335,27812.0,99340.0,687804.3333333334,3.0,,4.0,,,,,,12.0,,,,,,196.66666666666666,,,,,,229.0,,,,,,110935.55555555556,,,,,,99340.0,,,,,1,0,0,2
2024,12,11.173170731707318,10.7,11.6,89.42682926829268,87.0,92.0,984.439024390244,983.7,985.1,True,16.291463414634148,15.7,17.7,233.8170731707317,2.296341463414634,4.2,LEC,35452.181818181816,31239.0,43917.12,39938.0,29687.36,27162.0,98454.0,305543.3333333333,3.0,,4.0,,,,,,17.0,,,,,,214.16666666666666,,,,,,231.0,,,,,,106399.05555555556,,,,,,98454.0,,,,,1,0,0,2
2024,12,11.173170731707318,10.7,11.6,89.42682926829268,87.0,92.0,984.439024390244,983.7,985.1,True,16.291463414634148,15.7,17.7,233.8170731707317,2.296341463414634,4.2,MAG,36222.35294117647,31892.0,47079.75,40706.0,30785.3,27604.0,100539.0,500464.3333333333,3.0,,4.0,,,,,,13.461538461538462,,,,,,195.07692307692307,,,,,,225.0,,,,,,111774.07692307692,,,,,,100539.0,,,,,1,0,0,2
2024,12,11.173170731707318,10.7,11.6,89.42682926829268,87.0,92.0,984.439024390244,983.7,985.1,True,16.291463414634148,15.7,17.7,233.8170731707317,2.296341463414634,4.2,NOR,36970.94117647059,31382.0,43610.9,39314.0,29647.315789473683,26787.0,97714.0,575855.5,2.0,,4.0,,,,,,10.538461538461538,,,,,,213.84615384615384,,,,,,234.0,,,,,,107217.92307692308,,,,,,97714.0,,,,,1,0,0,2
2024,12,11.173170731707318,10.7,11.6,89.42682926829268,87.0,92.0,984.439024390244,983.7,985.1,True,16.291463414634148,15.7,17.7,233.8170731707317,2.296341463414634,4.2,OCO,34819.857142857145,31697.0,43336.375,40695.0,30732.791666666668,27344.0,100430.0,346464.6666666667,3.0,,4.0,,,,,,12.647058823529411,,,,,,212.35294117647058,,,,,,233.0,,,,,,105875.17647058824,,,,,,100430.0,,,,,1,0,0,2
2024,12,11.173170731707318,10.7,11.6,89.42682926829268,87.0,92.0,984.439024390244,983.7,985.1,True,16.291463414634148,15.7,17.7,233.8170731707317,2.296341463414634,4.2,PER,36400.357142857145,31680.0,43976.0,40026.0,30449.117647058825,27424.0,99284.0,517271.6666666667,3.0,,4.0,,,,,,11.6,,,,,,201.2,,,,,,226.0,,,,,,107128.1,,,,,,99284.0,,,,,1,0,0,2
2024,12,11.173170731707318,10.7,11.6,89.42682926829268,87.0,92.0,984.439024390244,983.7,985.1,True,16.291463414634148,15.7,17.7,233.8170731707317,2.296341463414634,4.2,PIA,35107.583333333336,31406.0,42316.61538461538,39532.0,29361.76923076923,25716.0,96654.0,285960.6666666667,3.0,,4.0,,,,,,14.35,,,,,,213.6,,,,,,231.0,,,,,,104742.75,,,,,,98654.0,,,,,1,0,0,2
2024,12,11.173170731707318,10.7,11.6,89.42682926829268,87.0,92.0,984.439024390244,983.7,985.1,True,16.291463414634148,15.7,17.7,233.8170731707317,2.296341463414634,4.2,RIC,35853.86956521739,31755.0,44348.7037037037,40915.0,31136.74074074074,27909.0,100823.0,231060.0,3.0,,4.0,,,,,,17.25,,,,,,206.2,,,,,,225.0,,,,,,107928.7,,,,,,100823.0,,,,,1,0,0,2
2024,12,11.173170731707318,10.7,11.6,89.42682926829268,87.0,92.0,984.439024390244,983.7,985.1,True,16.291463414634148,15.7,17.7,233.8170731707317,2.296341463414634,4.2,RUS,36097.89473684211,31034.0,45117.434782608696,39626.0,30416.0,26869.0,97529.0,368792.0,3.0,,4.0,,,,,,14.533333333333333,,,,,,214.4,,,,,,238.0,,,,,,107995.06666666667,,,,,,97529.0,,,,,1,0,0,2
2024,12,11.173170731707318,10.7,11.6,89.42682926829268,87.0,92.0,984.439024390244,983.7,985.1,True,16.291463414634148,15.7,17.7,233.8170731707317,2.296341463414634,4.2,SAI,37035.15789473684,31256.0,43695.818181818184,39327.0,29829.954545454544,27458.0,98139.0,593710.5,2.0,,3.0,,,,,,15.588235294117647,,,,,,213.1764705882353,,,,,,232.0,,,,,,108632.58823529411,,,,,,98139.0,,,,,1,0,0,2
2024,12,11.173170731707318,10.7,11.6,89.42682926829268,87.0,92.0,984.439024390244,983.7,985.1,True,16.291463414634148,15.7,17.7,233.8170731707317,2.296341463414634,4.2,SAR,35673.27777777778,31694.0,46777.28571428572,40282.0,31988.333333333332,27705.0,99702.0,707883.5,2.0,,3.0,,,,,,10.5625,,,,,,202.6875,,,,,,227.0,,,,,,110307.0,,,,,,99702.0,,,,,1,0,0,2
2024,12,11.173170731707318,10.7,11.6,89.42682926829268,87.0,92.0,984.439024390244,983.7,985.1,True,16.291463414634148,15.7,17.7,233.8170731707317,2.296341463414634,4.2,STR,35426.47368421053,31594.0,45308.63636363636,40135.0,31402.909090909092,27544.0,99700.0,574168.5,2.0,,3.0,,,,,,12.176470588235293,,,,,,206.05882352941177,,,,,,229.0,,,,,,108970.29411764706,,,,,,99700.0,,,,,1,0,0,2
2024,12,11.173170731707318,10.7,11.6,89.42682926829268,87.0,92.0,984.439024390244,983.7,985.1,True,16.291463414634148,15.7,17.7,233.8170731707317,2.296341463414634,4.2,TSU,36835.181818181816,31598.0,44316.56,40579.0,30404.44,27611.0,99820.0,242068.75,4.0,,5.0,,,,,,17.294117647058822,,,,,,210.7058823529412,,,,,,228.0,,,,,,108167.29411764706,,,,,,99820.0,,,,,1,0,0,2
2024,12,11.173170731707318,10.7,11.6,89.42682926829268,87.0,92.0,984.439024390244,983.7,985.1,True,16.291463414634148,15.7,17.7,233.8170731707317,2.296341463414634,4.2,VER,33434.0,31373.0,42896.42105263158,39782.0,30143.263157894737,27238.0,98393.0,471195.0,3.0,,4.0,,,,,,10.166666666666666,,,,,,222.0,,,,,,231.0,,,,,,103265.0,,,,,,98393.0,,,,,1,0,0,2
2024,12,11.173170731707318,10.7,11.6,89.42682926829268,87.0,92.0,984.439024390244,983.7,985.1,True,16.291463414634148,15.7,17.7,233.8170731707317,2.296341463414634,4.2,ZHO,35560.15789473684,32289.0,45315.86363636364,41168.0,31533.954545454544,28328.0,101785.0,407900.6666666667,3.0,,4.0,,,,,,11.666666666666666,,,,,,205.53333333333333,,,,,,230.0,,,,,,108219.93333333333,,,,,,101785.0,,,,,1,0,0,2
2024,13,26.839999999999996,26.6,27.1,42.9375,42.0,44.0,984.8787500000001,984.6,985.2,False,39.0575,36.9,41.3,218.125,0.92875,1.9,ALB,36998.916666666664,27891.0,35302.375,27057.0,29133.2,21713.0,76661.0,263768.8,5.0,,,,6.0,,,,,,5.166666666666667,,,,,,211.66666666666666,,,,,,258.0,,,,,,94657.5,,,,,,76661.0,,,0,0,0,1
2024,13,26.839999999999996,26.6,27.1,42.9375,42.0,44.0,984.8787500000001,984.6,985.2,False,39.0575,36.9,41.3,218.125,0.92875,1.9,ALO,40264.470588235294,27766.0,37603.142857142855,27255.0,29068.8,21794.0,77001.0,317854.6,5.0,,,4.0,6.0,,,,,5.857142857142857,4.0,,,,,253.28571428571428,203.0,,,,,258.0,259.0,,,,,98846.71428571429,102931.4,,,,,77848.0,77001.0,,,0,0,0,1
2024,13,26.839999999999996,26.6,27.1,42.9375,42.0,44.0,984.8787500000001,984.6,985.2,False,39.0575,36.9,41.3,218.125,0.92875,1.9,BOT,40022.705882352944,27826.0,36731.85,27301.0,30581.9,21677.0,76804.0,340896.0000000001,5.0,,,,6.0,,,,,,5.583333333333333,,,,,,224.66666666666666,,,,,,258.0,,,,,,104047.5,,,,,,76804.0,,,0,0,0,1
2024,13,26.839999999999996,26.6,27.1,42.9375,42.0,44.0,984.8787500000001,984.6,985.2,False,39.0575,36.9,41.3,218.125,0.92875,1.9,GAS,44669.92307692308,27945.0,39615.26666666667,27562.0,31919.666666666668,21992.0,77499.0,303372.25,4.0,,,,5.0,,,,,,5.428571428571429,,,,,,215.0,,,,,,258.0,,,,,,107155.42857142857,,,,,,77499.0,,,0,0,0,1
2024,13,26.839999999999996,26.6,27.1,42.9375,42.0,44.0,984.8787500000001,984.6,985.2,False,39.0575,36.9,41.3,218.125,0.92875,1.9,HAM,41365.444444444445,27952.0,40494.357142857145,26875.0,31074.071428571428,21889.0,76786.0,312083.0000000001,4.0,,,,5.0,,,,,,4.25,,,,,,208.25,,,,,,256.0,,,,,,88348.0,,,,,,76786.0,,,0,0,0,1
2024,13,26.839999999999996,26.6,27.1,42.9375,42.0,44.0,984.8787500000001,984.6,985.2,False,39.0575,36.9,41.3,218.125,0.92875,1.9,HUL,36912.6,27677.0,36857.933333333334,27252.0,28820.266666666666,21767.0,76696.0,238462.6,5.0,,,,6.0,,,,,,4.5,,,,,,214.5,,,,,,260.0,,,,,,84224.5,,,,,,76696.0,,,0,0,0,1
2024,13,26.839999999999996,26.6,27.1,42.9375,42.0,44.0,984.8787500000001,984.6,985.2,False,39.0575,36.9,41.3,218.125,0.92875,1.9,LEC,35798.0,27860.0,36380.76470588235,27123.0,30401.058823529413,21820.0,76803.0,257697.75,4.0,,,,5.0,,,,,,4.75,,,,,,239.375,,,,,,259.0,,,,,,95981.75,,,,,,76803.0,,,0,0,0,1
2024,13,26.839999999999996,26.6,27.1,42.9375,42.0,44.0,984.8787500000001,984.6,985.2,False,39.0575,36.9,41.3,218.125,0.92875,1.9,MAG,35370.083333333336,27729.0,40817.35294117647,27589.0,32112.70588235294,22086.0,77507.0,177209.6,5.0,,,,6.0,,,,,,5.0,,,,,,211.0,,,,,,259.0,,,,,,93276.0,,,,,,77507.0,,,0,0,0,1
2024,13,26.839999999999996,26.6,27.1,42.9375,42.0,44.0,984.8787500000001,984.6,985.2,False,39.0575,36.9,41.3,218.125,0.92875,1.9,NOR,39767.166666666664,27702.0,34848.705882352944,26754.0,29792.70588235294,21615.0,76098.0,320255.6666666667,6.0,,,,7.0,,,,,,4.333333333333333,,,,,,215.16666666666666,,,,,,261.0,,,,,,95924.83333333333,,,,,,76098.0,,,0,0,0,1
2024,13,26.839999999999996,26.6,27.1,42.9375,42.0,44.0,984.8787500000001,984.6,985.2,False,39.0575,36.9,41.3,218.125,0.92875,1.9,OCO,39668.42857142857,27778.0,38894.375,27517.0,31142.625,22008.0,77575.0,429461.3333333333,3.0,,,,4.0,,,,,,4.6,,,,,,220.5,,,,,,258.0,,,,,,106640.5,,,,,,77575.0,,,0,0,0,1
2024,13,26.839999999999996,26.6,27.1,42.9375,42.0,44.0,984.8787500000001,984.6,985.2,False,39.0575,36.9,41.3,218.125,0.92875,1.9,PER,34027.85,27791.0,34371.791666666664,27256.0,26203.333333333332,21907.0,76954.0,364428.75,4.0,3.0,,,5.0,,,10.461538461538462,,,3.5,,,245.76923076923077,,,258.0,,,258.0,,,259.0,,,87380.76923076923,,,77189.5,,,78749.0,,,76954.0,,,0,0,0,1
2024,13,26.839999999999996,26.6,27.1,42.9375,42.0,44.0,984.8787500000001,984.6,985.2,False,39.0575,36.9,41.3,218.125,0.92875,1.9,PIA,41606.333333333336,27803.0,36324.117647058825,26798.0,29426.647058823528,21541.0,76142.0,320813.83333333343,6.0,,,,7.0,,,,,,5.0,,,,,,208.0,,,,,,258.0,,,,,,87114.83333333333,,,,,,76142.0,,,0,0,0,1
2024,13,26.839999999999996,26.6,27.1,42.9375,42.0,44.0,984.8787500000001,984.6,985.2,False,39.0575,36.9,41.3,218.125,0.92875,1.9,RIC,36858.0,27803.0,34931.333333333336,27151.0,29034.133333333335,21698.0,76652.0,227540.59999999992,5.0,,,,6.0,,,,,,4.4,,,,,,224.6,,,,,,257.0,,,,,,95953.6,,,,,,76652.0,,,0,0,0,1
2024,13,26.839999999999996,26.6,27.1,42.9375,42.0,44.0,984.8787500000001,984.6,985.2,False,39.0575,36.9,41.3,218.125,0.92875,1.9,RUS,35362.0,27897.0,35951.86666666667,26952.0,30420.733333333334,21650.0,76564.0,335533.4999999999,4.0,,,,5.0,,,,,,4.4,,,,,,232.0,,,,,,260.0,,,,,,90296.4,,,,,,76564.0,,,0,0,0,1
2024,13,26.839999999999996,26.6,27.1,42.9375,42.0,44.0,984.8787500000001,984.6,985.2,False,39.0575,36.9,41.3,218.125,0.92875,1.9,SAI,42467.583333333336,27752.0,37035.3125,27128.0,29560.4375,21759.0,76639.0,279831.25,4.0,,,,5.0,,,,,,4.666666666666667,,,,,,224.33333333333334,,,,,,258.0,,,,,,87602.83333333333,,,,,,76639.0,,,0,0,0,1
2024,13,26.839999999999996,26.6,27.1,42.9375,42.0,44.0,984.8787500000001,984.6,985.2,False,39.0575,36.9,41.3,218.125,0.92875,1.9,SAR,35170.90909090909,27953.0,34751.6,27244.0,29567.4,21971.0,77168.0,343330.0,4.0,,,,5.0,,,,,,4.833333333333333,,,,,,219.5,,,,,,257.0,,,,,,87595.33333333333,,,,,,77168.0,,,0,0,0,1
2024,13,26.839999999999996,26.6,27.1,42.9375,42.0,44.0,984.8787500000001,984.6,985.2,False,39.0575,36.9,41.3,218.125,0.92875,1.9,STR,38905.166666666664,27758.0,38898.818181818184,27139.0,30180.04761904762,22102.0,77085.0,301521.0,5.0,,,4.0,6.0,,,,,6.5,4.0,,,,,251.0,170.8,,,,,255.0,259.0,,,,,101010.875,115515.8,,,,,78285.0,77085.0,,,0,0,0,1
2024,13,26.839999999999996,26.6,27.1,42.9375,42.0,44.0,984.8787500000001,984.6,985.2,False,39.0575,36.9,41.3,218.125,0.92875,1.9,TSU,46415.692307692305,27790.0,37498.125,27200.0,29091.0,21754.0,76744.0,158585.0,6.0,,,,7.0,,,,,,6.0,,,,,,221.0,,,,,,258.0,,,,,,96620.5,,,,,,76744.0,,,0,0,0,1
2024,13,26.839999999999996,26.6,27.1,42.9375,42.0,44.0,984.8787500000001,984.6,985.2,False,39.0575,36.9,41.3,218.125,0.92875,1.9,VER,35196.782608695656,27730.0,34652.333333333336,27017.0,26456.85185185185,21632.0,76379.0,292391.5,4.0,3.0,,,5.0,,,11.133333333333333,,,4.333333333333333,,,246.33333333333334,,,198.66666666666666,,,259.0,,,258.0,,,89695.93333333333,,,98181.66666666667,,,77938.0,,,76379.0,,,0,0,0,1
2024,13,26.839999999999996,26.6,27.1,42.9375,42.0,44.0,984.8787500000001,984.6,985.2,False,39.0575,36.9,41.3,218.125,0.92875,1.9,ZHO,44187.583333333336,27857.0,40172.333333333336,27486.0,31001.133333333335,21948.0,77291.0,365475.0,5.0,,,,6.0,,,,,,4.166666666666667,,,,,,253.33333333333334,,,,,,256.0,,,,,,100045.66666666667,,,,,,77291.0,,,0,0,0,1
2024,14,18.108536585365854,17.8,18.7,92.91463414634147,89.0,96.0,965.891463414634,965.7,966.0,True,21.782926829268295,21.2,22.9,156.6829268292683,1.423170731707317,2.4,ALB,35065.0,35014.0,61652.0,58683.0,36325.666666666664,33746.0,127443.0,,,,1.0,,,,,,2.0,,,,,,208.0,,,,,,208.0,,,,,,127443.0,,,,,,127443.0,,,,,2,0,0,8
2024,14,18.108536585365854,17.8,18.7,92.91463414634147,89.0,96.0,965.891463414634,965.7,966.0,True,21.782926829268295,21.2,22.9,156.6829268292683,1.423170731707317,2.4,ALO,36373.666666666664,34678.0,60787.666666666664,58772.0,37938.666666666664,34621.0,128071.0,,,,1.0,,,,,,2.5,,,,,,205.5,,,,,,209.0,,,,,,130598.5,,,,,,128071.0,,,,,2,0,0,8
2024,14,18.108536585365854,17.8,18.7,92.91463414634147,89.0,96.0,965.891463414634,965.7,966.0,True,21.782926829268295,21.2,22.9,156.6829268292683,1.423170731707317,2.4,BOT,42011.75,34400.0,62207.2,58805.0,40306.8,32996.0,126492.0,1391139.5,2.0,,2.0,,,,,,2.5,,,,,,208.0,,,,,,210.0,,,,,,130880.5,,,,,,126492.0,,,,,2,0,0,8
2024,14,18.108536585365854,17.8,18.7,92.91463414634147,89.0,96.0,965.891463414634,965.7,966.0,True,21.782926829268295,21.2,22.9,156.6829268292683,1.423170731707317,2.4,GAS,35934.5,33694.0,61308.6,57316.0,35843.6,32165.0,123175.0,,,,1.0,,,,,,3.0,,,,,,209.0,,,,,,210.0,,,,,,127654.0,,,,,,123175.0,,,,,2,0,0,8
2024,14,18.108536585365854,17.8,18.7,92.91463414634147,89.0,96.0,965.891463414634,965.7,966.0,True,21.782926829268295,21.2,22.9,156.6829268292683,1.423170731707317,2.4,HAM,37057.5,34403.0,61722.5,58672.0,37842.5,33676.0,126751.0,,,,1.0,,,,,,2.0,,,,,,204.0,,,,,,204.0,,,,,,126751.0,,,,,,126751.0,,,,,2,0,0,8
2024,14,18.108536585365854,17.8,18.7,92.91463414634147,89.0,96.0,965.891463414634,965.7,966.0,True,21.782926829268295,21.2,22.9,156.6829268292683,1.423170731707317,2.4,HUL,35378.0,35068.0,65005.0,59404.0,38356.0,33568.0,128039.99999999999,2700908.0,1.0,,1.0,,,,,,2.0,,,,,,206.0,,,,,,206.0,,,,,,128039.99999999999,,,,,,128039.99999999999,,,,,2,0,0,8
2024,14,18.108536585365854,17.8,18.7,92.91463414634147,89.0,96.0,965.891463414634,965.7,966.0,True,21.782926829268295,21.2,22.9,156.6829268292683,1.423170731707317,2.4,LEC,35117.0,34624.0,62110.5,58085.0,36431.333333333336,33024.0,126033.0,,,,1.0,,,,,,2.5,,,,,,207.0,,,,,,208.0,,,,,,126511.0,,,,,,126033.0,,,,,2,0,0,8
2024,14,18.108536585365854,17.8,18.7,92.91463414634147,89.0,96.0,965.891463414634,965.7,966.0,True,21.782926829268295,21.2,22.9,156.6829268292683,1.423170731707317,2.4,MAG,,,65522.99999999999,65522.99999999999,40457.0,38003.0,135163.0,,,,,,,,1.0,,,,,,2.0,,,,,,78.0,,,,,,78.0,,,,,,135163.0,,,,,,135163.0,2,0,0,8
2024,14,18.108536585365854,17.8,18.7,92.91463414634147,89.0,96.0,965.891463414634,965.7,966.0,True,21.782926829268295,21.2,22.9,156.6829268292683,1.423170731707317,2.4,NOR,35641.0,34363.0,59735.0,56347.0,34906.0,32662.0,123372.0,,,,1.0,,,,,,2.5,,,,,,208.0,,,,,,209.0,,,,,,125693.0,,,,,,123372.0,,,,,2,0,0,8
2024,14,18.108536585365854,17.8,18.7,92.91463414634147,89.0,96.0,965.891463414634,965.7,966.0,True,21.782926829268295,21.2,22.9,156.6829268292683,1.423170731707317,2.4,OCO,36867.0,33895.0,62281.71428571428,57140.0,36976.8,32777.0,125250.0,2803596.0,1.0,,1.0,,,,,,3.0,,,,,,209.0,,,,,,212.0,,,,,,127192.0,,,,,,125250.0,,,,,2,0,0,8
2024,14,18.108536585365854,17.8,18.7,92.91463414634147,89.0,96.0,965.891463414634,965.7,966.0,True,21.782926829268295,21.2,22.9,156.6829268292683,1.423170731707317,2.4,PER,36454.5,35451.0,61121.0,58376.0,43704.0,33276.0,127103.0,,,,1.0,,,,,,2.0,,,,,,205.0,,,,,,205.0,,,,,,127103.0,,,,,,127103.0,,,,,2,0,0,8
2024,14,18.108536585365854,17.8,18.7,92.91463414634147,89.0,96.0,965.891463414634,965.7,966.0,True,21.782926829268295,21.2,22.9,156.6829268292683,1.423170731707317,2.4,PIA,34222.0,33761.0,60142.25,56568.0,35727.25,31587.0,122998.0,,,,1.0,,,,,,2.5,,,,,,210.5,,,,,,211.0,,,,,,123972.0,,,,,,122998.0,,,,,2,0,0,8
2024,14,18.108536585365854,17.8,18.7,92.91463414634147,89.0,96.0,965.891463414634,965.7,966.0,True,21.782926829268295,21.2,22.9,156.6829268292683,1.423170731707317,2.4,RIC,35278.333333333336,34856.0,66940.4,59103.0,40896.6,34451.0,128410.0,2920937.0,1.0,,1.0,,,,,,2.5,,,,,,204.0,,,,,,205.0,,,,,,137498.0,,,,,,128410.0,,,,,2,0,0,8
2024,14,18.108536585365854,17.8,18.7,92.91463414634147,89.0,96.0,965.891463414634,965.7,966.0,True,21.782926829268295,21.2,22.9,156.6829268292683,1.423170731707317,2.4,RUS,34990.0,34990.0,59804.5,58715.0,40330.0,39940.0,133645.0,,,,,,,,,,,,,,,,,,,,,,,,,,,,,,,,,,,,,,,2,0,0,8
2024,14,18.108536585365854,17.8,18.7,92.91463414634147,89.0,96.0,965.891463414634,965.7,966.0,True,21.782926829268295,21.2,22.9,156.6829268292683,1.423170731707317,2.4,SAI,,,68001.0,68001.0,34577.0,34577.0,,,,,,,,,,,,,,,,,,,,,,,,,,,,,,,,,,,,,,,,2,0,0,8
2024,14,18.108536585365854,17.8,18.7,92.91463414634147,89.0,96.0,965.891463414634,965.7,966.0,True,21.782926829268295,21.2,22.9,156.6829268292683,1.423170731707317,2.4,SAR,34724.0,34360.0,60022.333333333336,58342.0,38583.333333333336,34920.0,131220.0,,,,1.0,,,,,,2.0,,,,,,210.0,,,,,,210.0,,,,,,131220.0,,,,,,131220.0,,,,,2,0,0,8
2024,14,18.108536585365854,17.8,18.7,92.91463414634147,89.0,96.0,965.891463414634,965.7,966.0,True,21.782926829268295,21.2,22.9,156.6829268292683,1.423170731707317,2.4,STR,34485.5,34458.0,60303.333333333336,58666.0,32860.0,32377.000000000004,126037.0,,,,1.0,,,,,,2.5,,,,,,204.5,,,,,,206.0,,,,,,127005.0,,,,,,126037.0,,,,,2,0,0,8
2024,14,18.108536585365854,17.8,18.7,92.91463414634147,89.0,96.0,965.891463414634,965.7,966.0,True,21.782926829268295,21.2,22.9,156.6829268292683,1.423170731707317,2.4,TSU,36633.4,34196.0,60594.2,56782.0,40947.4,34439.0,129443.99999999999,2767622.0,1.0,,1.0,,,,,,3.0,,,,,,205.0,,,,,,208.0,,,,,,133474.0,,,,,,129443.99999999999,,,,,2,0,0,8
2024,14,18.108536585365854,17.8,18.7,92.91463414634147,89.0,96.0,965.891463414634,965.7,966.0,True,21.782926829268295,21.2,22.9,156.6829268292683,1.423170731707317,2.4,VER,35279.333333333336,33701.0,58937.75,55873.0,35115.5,31991.0,121565.0,,,,1.0,,,,,,2.5,,,,,,210.0,,,,,,210.0,,,,,,122398.5,,,,,,121565.0,,,,,2,0,0,8
2024,14,18.108536585365854,17.8,18.7,92.91463414634147,89.0,96.0,965.891463414634,965.7,966.0,True,21.782926829268295,21.2,22.9,156.6829268292683,1.423170731707317,2.4,ZHO,41104.0,34998.0,65760.8,61530.0,40156.8,34581.0,131109.0,1380153.5,2.0,,2.0,,,,,,2.5,,,,,,199.5,,,,,,207.0,,,,,,134819.5,,,,,,131109.0,,,,,2,0,0,8
2024,15,19.350632911392406,17.5,21.4,94.20253164556962,88.0,96.0,1004.4113924050633,1004.0,1004.7,True,21.572151898734177,19.3,25.1,209.34177215189874,1.9759493670886075,3.5,ALB,29256.0,28814.0,29488.0,27927.0,27577.0,25751.0,84007.0,2600921.0,1.0,,1.0,,,,,,5.0,,,,,,285.0,,,,,,285.0,,,,,,84007.0,,,,,,84007.0,,,,,1,0,0,3
2024,15,19.350632911392406,17.5,21.4,94.20253164556962,88.0,96.0,1004.4113924050633,1004.0,1004.7,True,21.572151898734177,19.3,25.1,209.34177215189874,1.9759493670886075,3.5,ALO,29505.5,28486.0,30664.4,27777.0,28462.0,25198.0,81461.0,,,,1.0,,,,,,6.5,,,,,,285.75,,,,,,288.0,,,,,,88114.5,,,,,,81461.0,,,,,1,0,0,3
2024,15,19.350632911392406,17.5,21.4,94.20253164556962,88.0,96.0,1004.4113924050633,1004.0,1004.7,True,21.572151898734177,19.3,25.1,209.34177215189874,1.9759493670886075,3.5,BOT,29030.333333333332,28149.0,31253.833333333332,27863.0,30670.4,25143.0,81155.0,1474368.5,2.0,,3.0,,,,,,7.5,,,,,,284.0,,,,,,286.0,,,,,,82968.0,,,,,,81155.0,,,,,1,0,0,3
2024,15,19.350632911392406,17.5,21.4,94.20253164556962,88.0,96.0,1004.4113924050633,1004.0,1004.7,True,21.572151898734177,19.3,25.1,209.34177215189874,1.9759493670886075,3.5,GAS,27933.0,27933.0,29826.666666666668,27565.0,28610.0,24813.0,80311.0,2533797.0,1.0,,2.0,,,,,,7.0,,,,,,295.0,,,,,,295.0,,,,,,80311.0,,,,,,80311.0,,,,,1,0,0,3
2024,15,19.350632911392406,17.5,21.4,94.20253164556962,88.0,96.0,1004.4113924050633,1004.0,1004.7,True,21.572151898734177,19.3,25.1,209.34177215189874,1.9759493670886075,3.5,HAM,29775.0,29775.0,29509.0,28764.0,27090.5,25559.0,84098.0,,,,1.0,,,,,,6.0,,,,,,295.0,,,,,,295.0,,,,,,84098.0,,,,,,84098.0,,,,,1,0,0,3
2024,15,19.350632911392406,17.5,21.4,94.20253164556962,88.0,96.0,1004.4113924050633,1004.0,1004.7,True,21.572151898734177,19.3,25.1,209.34177215189874,1.9759493670886075,3.5,HUL,29086.0,29086.0,30870.5,28161.0,40390.0,25107.0,82354.0,1570943.0,2.0,,3.0,,,,,,2.0,,,,,,298.0,,,,,,298.0,,,,,,82354.0,,,,,,82354.0,,,,,1,0,0,3
2024,15,19.350632911392406,17.5,21.4,94.20253164556962,88.0,96.0,1004.4113924050633,1004.0,1004.7,True,21.572151898734177,19.3,25.1,209.34177215189874,1.9759493670886075,3.5,LEC,29583.0,29583.0,30002.5,29206.0,26260.0,25369.0,84158.0,2585272.0,1.0,,2.0,,,,,,4.0,,,,,,298.0,,,,,,298.0,,,,,,84158.0,,,,,,84158.0,,,,,1,0,0,3
2024,15,19.350632911392406,17.5,21.4,94.20253164556962,88.0,96.0,1004.4113924050633,1004.0,1004.7,True,21.572151898734177,19.3,25.1,209.34177215189874,1.9759493670886075,3.5,MAG,30629.2,27942.0,30120.375,27701.0,27964.14285714286,24807.0,80450.0,1407203.5,2.0,,3.0,,,,,,8.0,,,,,,291.5,,,,,,299.0,,,,,,86121.25,,,,,,80450.0,,,,,1,0,0,3
2024,15,19.350632911392406,17.5,21.4,94.20253164556962,88.0,96.0,1004.4113924050633,1004.0,1004.7,True,21.572151898734177,19.3,25.1,209.34177215189874,1.9759493670886075,3.5,NOR,29307.5,28810.0,29815.5,27707.0,27991.75,24870.0,81387.0,2527188.0,1.0,,2.0,,,,,,6.5,,,,,,293.0,,,,,,297.0,,,,,,82579.5,,,,,,81387.0,,,,,1,0,0,3
2024,15,19.350632911392406,17.5,21.4,94.20253164556962,88.0,96.0,1004.4113924050633,1004.0,1004.7,True,21.572151898734177,19.3,25.1,209.34177215189874,1.9759493670886075,3.5,OCO,28493.0,28493.0,31823.666666666668,28114.0,27998.0,25036.0,81643.0,2498222.0,1.0,,2.0,,,,,,11.0,,,,,,296.0,,,,,,296.0,,,,,,81643.0,,,,,,81643.0,,,,,1,0,0,3
2024,15,19.350632911392406,17.5,21.4,94.20253164556962,88.0,96.0,1004.4113924050633,1004.0,1004.7,True,21.572151898734177,19.3,25.1,209.34177215189874,1.9759493670886075,3.5,PER,,,30023.0,30023.0,31934.0,31934.0,,,,,,,,,,,,,,,,,,,,,,,,,,,,,,,,,,,,,,,,1,0,0,3
2024,15,19.350632911392406,17.5,21.4,94.20253164556962,88.0,96.0,1004.4113924050633,1004.0,1004.7,True,21.572151898734177,19.3,25.1,209.34177215189874,1.9759493670886075,3.5,PIA,32383.166666666668,28302.0,30794.5,27223.0,27427.625,25088.0,81850.0,2551904.0,1.0,,2.0,,,,,,5.833333333333333,,,,,,288.6666666666667,,,,,,294.0,,,,,,90588.66666666667,,,,,,81850.0,,,,,1,0,0,3
2024,15,19.350632911392406,17.5,21.4,94.20253164556962,88.0,96.0,1004.4113924050633,1004.0,1004.7,True,21.572151898734177,19.3,25.1,209.34177215189874,1.9759493670886075,3.5,RIC,30945.5,29904.0,31471.4,29666.0,30492.2,25863.0,85433.0,1361752.5,2.0,,2.0,,,,,,7.5,,,,,,288.5,,,,,,289.0,,,,,,92140.5,,,,,,85433.0,,,,,1,0,0,3
2024,15,19.350632911392406,17.5,21.4,94.20253164556962,88.0,96.0,1004.4113924050633,1004.0,1004.7,True,21.572151898734177,19.3,25.1,209.34177215189874,1.9759493670886075,3.5,RUS,29527.666666666668,28832.0,31991.4,28760.0,27344.2,25623.0,83958.0,2529313.0,1.0,,2.0,,,,,,6.666666666666667,,,,,,293.0,,,,,,295.0,,,,,,89354.66666666667,,,,,,83958.0,,,,,1,0,0,3
2024,15,19.350632911392406,17.5,21.4,94.20253164556962,88.0,96.0,1004.4113924050633,1004.0,1004.7,True,21.572151898734177,19.3,25.1,209.34177215189874,1.9759493670886075,3.5,SAI,47019.5,29098.0,31847.8,28075.0,31317.0,25416.0,82589.0,967830.0,3.0,,4.0,,,,,,7.0,,,,,,297.0,,,,,,297.0,,,,,,82589.0,,,,,,82589.0,,,,,1,0,0,3
2024,15,19.350632911392406,17.5,21.4,94.20253164556962,88.0,96.0,1004.4113924050633,1004.0,1004.7,True,21.572151898734177,19.3,25.1,209.34177215189874,1.9759493670886075,3.5,SAR,29692.5,29156.0,29931.0,28379.0,26337.666666666668,25752.0,83287.0,,,,1.0,,,,,,5.5,,,,,,283.0,,,,,,284.0,,,,,,84282.5,,,,,,83287.0,,,,,1,0,0,3
2024,15,19.350632911392406,17.5,21.4,94.20253164556962,88.0,96.0,1004.4113924050633,1004.0,1004.7,True,21.572151898734177,19.3,25.1,209.34177215189874,1.9759493670886075,3.5,STR,30373.5,28645.0,31544.833333333332,27912.0,26695.8,25384.0,81941.0,2624981.0,1.0,,1.0,,,,,,6.0,,,,,,286.6666666666667,,,,,,288.0,,,,,,88464.33333333333,,,,,,81941.0,,,,,1,0,0,3
2024,15,19.350632911392406,17.5,21.4,94.20253164556962,88.0,96.0,1004.4113924050633,1004.0,1004.7,True,21.572151898734177,19.3,25.1,209.34177215189874,1.9759493670886075,3.5,TSU,,,32241.0,29393.0,30791.0,27251.0,,1454400.5,2.0,,,,,,,,,,,,,,,,,,,,,,,,,,,,,,,,,,,,,1,0,0,3
2024,15,19.350632911392406,17.5,21.4,94.20253164556962,88.0,96.0,1004.4113924050633,1004.0,1004.7,True,21.572151898734177,19.3,25.1,209.34177215189874,1.9759493670886075,3.5,VER,29958.0,29958.0,29408.0,28741.0,27050.0,25661.0,84360.0,,,,1.0,,,,,,6.0,,,,,,301.0,,,,,,301.0,,,,,,84360.0,,,,,,84360.0,,,,,1,0,0,3
2024,15,19.350632911392406,17.5,21.4,94.20253164556962,88.0,96.0,1004.4113924050633,1004.0,1004.7,True,21.572151898734177,19.3,25.1,209.34177215189874,1.9759493670886075,3.5,ZHO,29381.0,29381.0,34130.75,28571.0,31227.666666666668,25288.0,83240.0,1505480.0,2.0,,3.0,,,,,,6.0,,,,,,287.0,,,,,,287.0,,,,,,83240.0,,,,,,83240.0,,,,,1,0,0,3
2024,16,31.627160493827162,30.9,32.4,41.7037037037037,35.0,46.0,997.4049382716049,997.2,997.6,False,46.333333333333336,43.3,48.5,206.4814814814815,1.1246913580246913,2.3,ALB,40191.416666666664,26478.0,35539.8,27118.0,34732.07142857143,26965.0,80596.0,260917.75,4.0,,,,5.0,,,,,,4.714285714285714,,,,,,267.85714285714283,,,,,,312.0,,,,,,101855.0,,,,,,80596.0,,,0,0,0,1
2024,16,31.627160493827162,30.9,32.4,41.7037037037037,35.0,46.0,997.4049382716049,997.2,997.6,False,46.333333333333336,43.3,48.5,206.4814814814815,1.1246913580246913,2.3,ALO,44128.05882352941,26669.0,37091.454545454544,27166.0,39020.71428571428,27093.0,80968.0,176988.125,8.0,,,,9.0,,,,,,6.166666666666667,,,,,,267.0,,,,,,308.0,,,,,,87949.16666666667,,,,,,80968.0,,,0,0,0,1
2024,16,31.627160493827162,30.9,32.4,41.7037037037037,35.0,46.0,997.4049382716049,997.2,997.6,False,46.333333333333336,43.3,48.5,206.4814814814815,1.1246913580246913,2.3,BOT,41830.705882352944,26637.0,37766.4,27629.0,38844.75,27091.0,81357.0,245328.2857142857,7.0,,,,8.0,,,,,,5.2,,,,,,285.8,,,,,,315.0,,,,,,102877.4,,,,,,81357.0,,,0,0,0,1
2024,16,31.627160493827162,30.9,32.4,41.7037037037037,35.0,46.0,997.4049382716049,997.2,997.6,False,46.333333333333336,43.3,48.5,206.4814814814815,1.1246913580246913,2.3,COL,41198.583333333336,26613.0,35848.294117647056,27350.0,37732.82352941176,26942.0,80905.0,206788.6666666666,6.0,,,,7.0,,,,,,4.8,,,,,,262.8,,,,,,311.0,,,,,,94293.8,,,,,,80905.0,,,0,0,0,1
2024,16,31.627160493827162,30.9,32.4,41.7037037037037,35.0,46.0,997.4049382716049,997.2,997.6,False,46.333333333333336,43.3,48.5,206.4814814814815,1.1246913580246913,2.3,GAS,39068.294117647056,26690.0,38936.05,27387.0,36782.2,27044.0,81155.0,376394.0,3.0,,,,4.0,,,,,,6.0,,,,,,280.3333333333333,,,,,,315.0,,,,,,106995.5,,,,,,81155.0,,,0,0,0,1
2024,16,31.627160493827162,30.9,32.4,41.7037037037037,35.0,46.0,997.4049382716049,997.2,997.6,False,46.333333333333336,43.3,48.5,206.4814814814815,1.1246913580246913,2.3,HAM,43388.705882352944,26484.0,40908.2,26956.0,41141.15789473684,26677.0,80117.0,201373.2,5.0,,,6.0,5.0,,,,,6.666666666666667,3.5,,,,,310.6666666666667,308.5,,,,,312.0,309.0,,,,,109385.33333333333,80315.5,,,,,80766.0,80117.0,,,0,0,0,1
2024,16,31.627160493827162,30.9,32.4,41.7037037037037,35.0,46.0,997.4049382716049,997.2,997.6,False,46.333333333333336,43.3,48.5,206.4814814814815,1.1246913580246913,2.3,HUL,33466.42857142857,26440.0,37151.833333333336,27216.0,35830.22222222222,26950.0,80943.0,355748.3333333333,3.0,,,,4.0,,,,,,6.0,,,,,,288.4,,,,,,314.0,,,,,,90379.3,,,,,,80943.0,,,0,0,0,1
2024,16,31.627160493827162,30.9,32.4,41.7037037037037,35.0,46.0,997.4049382716049,997.2,997.6,False,46.333333333333336,43.3,48.5,206.4814814814815,1.1246913580246913,2.3,LEC,40287.68421052631,26487.0,39265.09090909091,26989.0,37961.0,26625.0,80226.0,180073.2,5.0,,,,6.0,,,,,,5.666666666666667,,,,,,285.9166666666667,,,,,,317.0,,,,,,107764.33333333333,,,,,,80226.0,,,0,0,0,1
2024,16,31.627160493827162,30.9,32.4,41.7037037037037,35.0,46.0,997.4049382716049,997.2,997.6,False,46.333333333333336,43.3,48.5,206.4814814814815,1.1246913580246913,2.3,MAG,30251.0,26482.0,34975.05,27292.0,34301.25,27218.0,81208.0,376050.0,4.0,,,,5.0,,,,,,7.545454545454546,,,,,,307.1818181818182,,,,,,314.0,,,,,,88008.54545454546,,,,,,81208.0,,,0,0,0,1
2024,16,31.627160493827162,30.9,32.4,41.7037037037037,35.0,46.0,997.4049382716049,997.2,997.6,False,46.333333333333336,43.3,48.5,206.4814814814815,1.1246913580246913,2.3,NOR,41187.083333333336,26561.0,36405.4,26890.0,37124.933333333334,26791.0,80262.0,344181.75,4.0,,,,5.0,,,,,,4.4,,,,,,263.4,,,,,,310.0,,,,,,87841.2,,,,,,80262.0,,,0,0,0,1
2024,16,31.627160493827162,30.9,32.4,41.7037037037037,35.0,46.0,997.4049382716049,997.2,997.6,False,46.333333333333336,43.3,48.5,206.4814814814815,1.1246913580246913,2.3,OCO,38121.26666666667,26620.0,35944.57894736842,27443.0,36355.0,27090.0,81258.0,268555.0,5.0,,,,6.0,,,,,,5.888888888888889,,,,,,284.22222222222223,,,,,,313.0,,,,,,98999.44444444444,,,,,,81258.0,,,0,0,0,1
2024,16,31.627160493827162,30.9,32.4,41.7037037037037,35.0,46.0,997.4049382716049,997.2,997.6,False,46.333333333333336,43.3,48.5,206.4814814814815,1.1246913580246913,2.3,PER,32199.894736842107,26802.0,34981.565217391304,27431.0,35406.913043478264,27019.0,81287.0,429734.3333333333,3.0,,,3.0,4.0,,,,,9.9,4.25,,,,,306.1,223.25,,,,,313.0,314.0,,,,,84618.2,113932.0,,,,,81287.0,82260.0,,,0,0,0,1
2024,16,31.627160493827162,30.9,32.4,41.7037037037037,35.0,46.0,997.4049382716049,997.2,997.6,False,46.333333333333336,43.3,48.5,206.4814814814815,1.1246913580246913,2.3,PIA,37314.454545454544,26448.0,35296.86666666667,27022.0,35881.066666666666,26609.0,80252.0,431946.0,4.0,,,,5.0,,,,,,4.166666666666667,,,,,,268.6666666666667,,,,,,314.0,,,,,,101479.66666666667,,,,,,80252.0,,,0,0,0,1
2024,16,31.627160493827162,30.9,32.4,41.7037037037037,35.0,46.0,997.4049382716049,997.2,997.6,False,46.333333333333336,43.3,48.5,206.4814814814815,1.1246913580246913,2.3,RIC,36654.846153846156,26739.0,35424.944444444445,27283.0,35239.77777777778,26979.0,81077.0,320501.83333333343,6.0,,,,7.0,,,,,,6.5,,,,,,282.0,,,,,,313.0,,,,,,101332.0,,,,,,81077.0,,,0,0,0,1
2024,16,31.627160493827162,30.9,32.4,41.7037037037037,35.0,46.0,997.4049382716049,997.2,997.6,False,46.333333333333336,43.3,48.5,206.4814814814815,1.1246913580246913,2.3,RUS,39168.09523809524,26460.0,36380.833333333336,26985.0,34418.086956521736,26657.0,80210.0,163861.59999999995,5.0,,,6.0,5.0,,,,,10.1,3.5,,,,,286.3,309.0,,,,,314.0,309.0,,,,,87879.8,80221.5,,,,,80706.0,80210.0,,,0,0,0,1
2024,16,31.627160493827162,30.9,32.4,41.7037037037037,35.0,46.0,997.4049382716049,997.2,997.6,False,46.333333333333336,43.3,48.5,206.4814814814815,1.1246913580246913,2.3,SAI,42852.41176470588,26450.0,38715.25,27033.0,38258.95,26667.0,80463.0,219766.19999999995,5.0,,,,6.0,,,,,,5.5,,,,,,293.5,,,,,,316.0,,,,,,104631.2,,,,,,80463.0,,,0,0,0,1
2024,16,31.627160493827162,30.9,32.4,41.7037037037037,35.0,46.0,997.4049382716049,997.2,997.6,False,46.333333333333336,43.3,48.5,206.4814814814815,1.1246913580246913,2.3,STR,46895.78947368421,26612.0,38426.95652173913,27248.0,38516.34782608696,27186.0,81157.0,157922.25000000006,8.0,,,,9.0,,,,,,5.857142857142857,,,,,,272.14285714285717,,,,,,312.0,,,,,,89896.14285714286,,,,,,81157.0,,,0,0,0,1
2024,16,31.627160493827162,30.9,32.4,41.7037037037037,35.0,46.0,997.4049382716049,997.2,997.6,False,46.333333333333336,43.3,48.5,206.4814814814815,1.1246913580246913,2.3,TSU,37114.545454545456,26639.0,38426.73333333333,27357.0,37857.066666666666,27132.0,81141.0,568512.0000000001,3.0,,,2.0,4.0,,,,,3.6666666666666665,5.0,,,,,312.0,235.0,,,,,313.0,314.0,,,,,96712.0,105817.25,,,,,81340.0,81141.0,,,0,0,0,1
2024,16,31.627160493827162,30.9,32.4,41.7037037037037,35.0,46.0,997.4049382716049,997.2,997.6,False,46.333333333333336,43.3,48.5,206.4814814814815,1.1246913580246913,2.3,VER,34373.05,26555.0,34869.0,27067.0,33513.666666666664,26599.0,80368.0,305207.5,4.0,,,3.0,5.0,,,,,9.916666666666666,4.333333333333333,,,,,306.5833333333333,225.0,,,,,313.0,311.0,,,,,90237.83333333333,97072.33333333333,,,,,80950.0,80368.0,,,0,0,0,1
2024,16,31.627160493827162,30.9,32.4,41.7037037037037,35.0,46.0,997.4049382716049,997.2,997.6,False,46.333333333333336,43.3,48.5,206.4814814814815,1.1246913580246913,2.3,ZHO,44073.26666666667,26815.0,37534.61111111111,27767.0,40124.833333333336,27453.0,82035.0,358425.0,5.0,,,,6.0,,,,,,4.555555555555555,,,,,,250.0,,,,,,314.0,,,,,,109229.33333333333,,,,,,82035.0,,,0,0,0,1
2024,17,26.991463414634147,26.7,27.3,39.40243902439025,35.0,44.0,1016.6475609756098,1016.3,1016.9,True,31.889024390243904,31.0,33.1,125.02439024390245,0.7658536585365854,1.7,ALB,47185.666666666664,36485.0,51426.0,41711.0,29134.166666666668,24768.0,103194.0,211185.0,3.0,,,,3.0,,,,,,3.25,,,,,,336.0,,,,,,348.0,,,,,,113561.0,,,,,,103194.0,,,2,0,0,14
2024,17,26.991463414634147,26.7,27.3,39.40243902439025,35.0,44.0,1016.6475609756098,1016.3,1016.9,True,31.889024390243904,31.0,33.1,125.02439024390245,0.7658536585365854,1.7,ALO,46491.454545454544,36715.0,50824.066666666666,42082.0,30523.14285714286,24668.0,103474.0,317026.0,5.0,,,,6.0,,,,,,3.4,,,,,,325.6,,,,,,343.0,,,,,,112612.8,,,,,,103474.0,,,2,0,0,14
2024,17,26.991463414634147,26.7,27.3,39.40243902439025,35.0,44.0,1016.6475609756098,1016.3,1016.9,True,31.889024390243904,31.0,33.1,125.02439024390245,0.7658536585365854,1.7,BEA,,,52589.0,52589.0,26676.0,26676.0,,,,,,,,,,,,,,,,,,,,,,,,,,,,,,,,,,,,,,,,2,0,0,14
2024,17,26.991463414634147,26.7,27.3,39.40243902439025,35.0,44.0,1016.6475609756098,1016.3,1016.9,True,31.889024390243904,31.0,33.1,125.02439024390245,0.7658536585365854,1.7,BOT,50372.25,36717.0,54326.8125,42453.0,30332.625,25017.0,104187.0,249905.66666666666,6.0,,,,7.0,,,,,,4.6,,,,,,273.8,,,,,,341.0,,,,,,115538.2,,,,,,104187.0,,,2,0,0,14
2024,17,26.991463414634147,26.7,27.3,39.40243902439025,35.0,44.0,1016.6475609756098,1016.3,1016.9,True,31.889024390243904,31.0,33.1,125.02439024390245,0.7658536585365854,1.7,COL,46541.1,36761.0,47724.0,41707.0,30296.76923076923,24770.0,103238.0,178711.0,3.0,,,,3.0,,,,,,3.4,,,,,,339.4,,,,,,343.0,,,,,,111021.8,,,,,,103238.0,,,2,0,0,14
2024,17,26.991463414634147,26.7,27.3,39.40243902439025,35.0,44.0,1016.6475609756098,1016.3,1016.9,True,31.889024390243904,31.0,33.1,125.02439024390245,0.7658536585365854,1.7,GAS,46643.09090909091,36759.0,50714.92857142857,42126.0,30524.0,24991.0,103876.0,411156.3333333333,3.0,,,,4.0,,,,,,4.2,,,,,,336.8,,,,,,338.0,,,,,,109490.6,,,,,,103876.0,,,2,0,0,14
2024,17,26.991463414634147,26.7,27.3,39.40243902439025,35.0,44.0,1016.6475609756098,1016.3,1016.9,True,31.889024390243904,31.0,33.1,125.02439024390245,0.7658536585365854,1.7,HAM,49962.90909090909,36476.0,53042.307692307695,41824.0,28524.166666666668,24828.0,103301.0,111044.5,2.0,,,,3.0,,,,,,3.2,,,,,,339.4,,,,,,341.0,,,,,,114738.6,,,,,,103301.0,,,2,0,0,14
2024,17,26.991463414634147,26.7,27.3,39.40243902439025,35.0,44.0,1016.6475609756098,1016.3,1016.9,True,31.889024390243904,31.0,33.1,125.02439024390245,0.7658536585365854,1.7,HUL,46903.1,36629.0,49072.083333333336,42468.0,29430.916666666668,24925.0,104164.0,309749.5,2.0,,,,3.0,,,,,,4.0,,,,,,288.8333333333333,,,,,,344.0,,,,,,120413.66666666667,,,,,,104164.0,,,2,0,0,14
2024,17,26.991463414634147,26.7,27.3,39.40243902439025,35.0,44.0,1016.6475609756098,1016.3,1016.9,True,31.889024390243904,31.0,33.1,125.02439024390245,0.7658536585365854,1.7,LEC,48506.75,36183.0,51251.1875,41581.0,29283.933333333334,24747.0,102527.0,254568.74999999988,4.0,,,,5.0,,,,,,5.0,,,,,,323.4,,,,,,340.0,,,,,,109678.0,,,,,,102527.0,,,2,0,0,14
2024,17,26.991463414634147,26.7,27.3,39.40243902439025,35.0,44.0,1016.6475609756098,1016.3,1016.9,True,31.889024390243904,31.0,33.1,125.02439024390245,0.7658536585365854,1.7,NOR,46459.5,36405.0,51199.846153846156,41487.0,31287.923076923078,24845.0,102737.0,315449.0,4.0,,,,5.0,,,,,,5.25,,,,,,311.25,,,,,,340.0,,,,,,112584.25,,,,,,102737.0,,,2,0,0,14
2024,17,26.991463414634147,26.7,27.3,39.40243902439025,35.0,44.0,1016.6475609756098,1016.3,1016.9,True,31.889024390243904,31.0,33.1,125.02439024390245,0.7658536585365854,1.7,OCO,,,50461.0,50461.0,,,,,,,,,,,,,,,,,,,,,,,,,,,,,,,,,,,,,,,,,,2,0,0,14
2024,17,26.991463414634147,26.7,27.3,39.40243902439025,35.0,44.0,1016.6475609756098,1016.3,1016.9,True,31.889024390243904,31.0,33.1,125.02439024390245,0.7658536585365854,1.7,PER,48589.0,36451.0,53074.25,41548.0,30684.333333333332,24972.0,103024.0,927360.0,2.0,,,,3.0,,,,,,6.75,,,,,,301.5,,,,,,340.0,,,,,,120186.0,,,,,,103024.0,,,2,0,0,14
2024,17,26.991463414634147,26.7,27.3,39.40243902439025,35.0,44.0,1016.6475609756098,1016.3,1016.9,True,31.889024390243904,31.0,33.1,125.02439024390245,0.7658536585365854,1.7,PIA,47253.2,36289.0,50653.166666666664,41513.0,29460.083333333332,24825.0,102749.0,325132.25,4.0,,,,5.0,,,,,,4.0,,,,,,286.5,,,,,,346.0,,,,,,122212.33333333333,,,,,,102749.0,,,2,0,0,14
2024,17,26.991463414634147,26.7,27.3,39.40243902439025,35.0,44.0,1016.6475609756098,1016.3,1016.9,True,31.889024390243904,31.0,33.1,125.02439024390245,0.7658536585365854,1.7,RIC,46896.46153846154,36785.0,50361.9375,42292.0,29601.1875,24793.0,103870.0,213344.8,5.0,,,,6.0,,,,,,4.375,,,,,,287.375,,,,,,342.0,,,,,,120281.375,,,,,,103870.0,,,2,0,0,14
2024,17,26.991463414634147,26.7,27.3,39.40243902439025,35.0,44.0,1016.6475609756098,1016.3,1016.9,True,31.889024390243904,31.0,33.1,125.02439024390245,0.7658536585365854,1.7,RUS,45983.166666666664,36384.0,51960.57142857143,41503.0,27258.714285714286,24627.0,102514.0,139184.5,2.0,,,,3.0,,,,,,4.125,,,,,,337.375,,,,,,348.0,,,,,,117964.125,,,,,,102514.0,,,2,0,0,14
2024,17,26.991463414634147,26.7,27.3,39.40243902439025,35.0,44.0,1016.6475609756098,1016.3,1016.9,True,31.889024390243904,31.0,33.1,125.02439024390245,0.7658536585365854,1.7,SAI,47265.833333333336,36394.0,54938.4,41604.0,30400.6,24819.0,102968.0,323640.6666666667,3.0,,,,4.0,,,,,,5.0,,,,,,271.42857142857144,,,,,,343.0,,,,,,123390.57142857143,,,,,,102968.0,,,2,0,0,14
2024,17,26.991463414634147,26.7,27.3,39.40243902439025,35.0,44.0,1016.6475609756098,1016.3,1016.9,True,31.889024390243904,31.0,33.1,125.02439024390245,0.7658536585365854,1.7,STR,49820.57142857143,36716.0,50764.055555555555,42091.0,30651.555555555555,24708.0,103571.0,267820.2,5.0,,,,6.0,,,,,,4.444444444444445,,,,,,294.77777777777777,,,,,,348.0,,,,,,124562.33333333333,,,,,,103571.0,,,2,0,0,14
2024,17,26.991463414634147,26.7,27.3,39.40243902439025,35.0,44.0,1016.6475609756098,1016.3,1016.9,True,31.889024390243904,31.0,33.1,125.02439024390245,0.7658536585365854,1.7,TSU,54939.333333333336,36797.0,52032.5625,41875.0,32986.6875,24745.0,103503.0,318107.4,5.0,,,,6.0,,,,,,4.0,,,,,,274.5,,,,,,345.0,,,,,,122039.66666666667,,,,,,103503.0,,,2,0,0,14
2024,17,26.991463414634147,26.7,27.3,39.40243902439025,35.0,44.0,1016.6475609756098,1016.3,1016.9,True,31.889024390243904,31.0,33.1,125.02439024390245,0.7658536585365854,1.7,VER,46534.916666666664,36312.0,50342.86666666667,41441.0,29892.866666666665,25080.0,102862.0,619803.3333333334,3.0,,,,4.0,,,,,,5.142857142857143,,,,,,298.14285714285717,,,,,,339.0,,,,,,116350.57142857143,,,,,,102862.0,,,2,0,0,14
2024,17,26.991463414634147,26.7,27.3,39.40243902439025,35.0,44.0,1016.6475609756098,1016.3,1016.9,True,31.889024390243904,31.0,33.1,125.02439024390245,0.7658536585365854,1.7,ZHO,48613.333333333336,37065.0,53398.055555555555,42764.0,30931.222222222223,25040.0,104869.0,207976.16666666666,6.0,,,,7.0,,,,,,3.7142857142857144,,,,,,296.14285714285717,,,,,,339.0,,,,,,120300.57142857143,,,,,,104869.0,,,2,0,0,14
2024,18,30.06219512195122,29.9,30.2,75.13414634146342,74.0,77.0,1006.7951219512195,1006.6,1007.0,False,37.06707317073171,34.9,38.6,199.15853658536585,0.4817073170731707,1.5,ALB,35701.22222222222,26971.0,50036.92307692308,38240.0,37913.307692307695,25704.0,90949.0,427718.0,3.0,,,1.0,4.0,,,,,2.0,5.0,,,,,255.0,190.66666666666666,,,,,255.0,257.0,,,,,92575.0,100251.66666666667,,,,,92575.0,90949.0,,,1,0,0,6
2024,18,30.06219512195122,29.9,30.2,75.13414634146342,74.0,77.0,1006.7951219512195,1006.6,1007.0,False,37.06707317073171,34.9,38.6,199.15853658536585,0.4817073170731707,1.5,ALO,38545.63157894737,26906.0,50788.086956521736,38485.0,33929.857142857145,25664.0,91082.0,193729.8,5.0,,,5.0,6.0,,,,,7.0,5.714285714285714,,,,,253.4,206.28571428571428,,,,,254.0,257.0,,,,,102845.2,117496.28571428571,,,,,92413.0,91082.0,,,1,0,0,6
2024,18,30.06219512195122,29.9,30.2,75.13414634146342,74.0,77.0,1006.7951219512195,1006.6,1007.0,False,37.06707317073171,34.9,38.6,199.15853658536585,0.4817073170731707,1.5,BOT,39195.142857142855,27269.0,49461.23529411765,38824.0,36313.23529411765,26005.0,92098.0,277439.25,4.0,,,,5.0,,,,,,5.125,,,,,,214.0,,,,,,253.0,,,,,,108721.75,,,,,,92098.0,,,1,0,0,6
2024,18,30.06219512195122,29.9,30.2,75.13414634146342,74.0,77.0,1006.7951219512195,1006.6,1007.0,False,37.06707317073171,34.9,38.6,199.15853658536585,0.4817073170731707,1.5,COL,35451.5,26946.0,48034.86666666667,38133.0,34840.642857142855,25666.0,90989.0,243866.0,4.0,,,,5.0,,,,,,4.4,,,,,,206.6,,,,,,256.0,,,,,,101458.6,,,,,,90989.0,,,1,0,0,6
2024,18,30.06219512195122,29.9,30.2,75.13414634146342,74.0,77.0,1006.7951219512195,1006.6,1007.0,False,37.06707317073171,34.9,38.6,199.15853658536585,0.4817073170731707,1.5,GAS,36114.05,27307.0,49620.454545454544,38454.0,33177.27272727273,25606.0,91367.0,601887.0,1.0,,,1.0,2.0,,,,,7.888888888888889,4.8,,,,,239.77777777777777,211.6,,,,,257.0,258.0,,,,,104491.11111111111,109735.8,,,,,93019.0,91367.0,,,1,0,0,6
2024,18,30.06219512195122,29.9,30.2,75.13414634146342,74.0,77.0,1006.7951219512195,1006.6,1007.0,False,37.06707317073171,34.9,38.6,199.15853658536585,0.4817073170731707,1.5,HAM,39706.73333333333,26992.0,53776.47368421053,38258.0,35950.333333333336,25517.0,90864.0,236468.99999999985,3.0,,,4.0,3.0,,,,,5.75,4.5,,,,,202.75,256.5,,,,,255.0,258.0,,,,,103466.75,103812.75,,,,,91720.0,90864.0,,,1,0,0,6
2024,18,30.06219512195122,29.9,30.2,75.13414634146342,74.0,77.0,1006.7951219512195,1006.6,1007.0,False,37.06707317073171,34.9,38.6,199.15853658536585,0.4817073170731707,1.5,HUL,34643.454545454544,27047.0,48235.857142857145,38428.0,35170.28571428572,25651.0,91187.0,657463.9999999998,2.0,,,1.0,3.0,,,,,3.6666666666666665,5.0,,,,,256.6666666666667,198.75,,,,,259.0,259.0,,,,,102337.66666666667,103731.25,,,,,92445.0,91187.0,,,1,0,0,6
2024,18,30.06219512195122,29.9,30.2,75.13414634146342,74.0,77.0,1006.7951219512195,1006.6,1007.0,False,37.06707317073171,34.9,38.6,199.15853658536585,0.4817073170731707,1.5,LEC,35454.9375,26922.0,49403.1,38031.0,36321.05,25593.0,90559.0,244814.6666666665,3.0,,,2.0,4.0,,,,,6.142857142857143,3.6666666666666665,,,,,244.71428571428572,223.66666666666666,,,,,261.0,259.0,,,,,110792.14285714286,103726.66666666667,,,,,91525.0,90559.0,,,1,0,0,6
2024,18,30.06219512195122,29.9,30.2,75.13414634146342,74.0,77.0,1006.7951219512195,1006.6,1007.0,False,37.06707317073171,34.9,38.6,199.15853658536585,0.4817073170731707,1.5,MAG,35478.5,27096.0,49840.5,38405.0,37421.857142857145,25764.0,91265.0,391165.9999999998,3.0,,,2.0,4.0,,,,,3.5,5.0,,,,,258.0,186.5,,,,,259.0,257.0,,,,,92517.0,107285.0,,,,,92254.0,91265.0,,,1,0,0,6
2024,18,30.06219512195122,29.9,30.2,75.13414634146342,74.0,77.0,1006.7951219512195,1006.6,1007.0,False,37.06707317073171,34.9,38.6,199.15853658536585,0.4817073170731707,1.5,NOR,38345.230769230766,26608.0,50231.5,37717.0,35298.4375,25321.0,89646.0,354064.6666666667,3.0,,,4.0,3.0,,,,,5.25,3.5,,,,,205.5,255.0,,,,,257.0,261.0,,,,,101342.5,89868.0,,,,,91648.0,89646.0,,,1,0,0,6
2024,18,30.06219512195122,29.9,30.2,75.13414634146342,74.0,77.0,1006.7951219512195,1006.6,1007.0,False,37.06707317073171,34.9,38.6,199.15853658536585,0.4817073170731707,1.5,OCO,37495.0,27152.0,50151.05,38643.0,34764.7,25764.0,91559.0,415999.00000000023,2.0,,,1.0,3.0,,,,,7.125,5.0,,,,,239.75,197.75,,,,,256.0,258.0,,,,,105163.0,112390.5,,,,,93298.0,91559.0,,,1,0,0,6
2024,18,30.06219512195122,29.9,30.2,75.13414634146342,74.0,77.0,1006.7951219512195,1006.6,1007.0,False,37.06707317073171,34.9,38.6,199.15853658536585,0.4817073170731707,1.5,PER,38413.083333333336,27195.0,49314.8,38334.0,34412.0,25831.0,91440.0,691140.5,2.0,,,2.0,3.0,,,,,4.333333333333333,3.6666666666666665,,,,,256.0,255.0,,,,,258.0,258.0,,,,,92904.0,104501.33333333333,,,,,92180.0,91440.0,,,1,0,0,6
2024,18,30.06219512195122,29.9,30.2,75.13414634146342,74.0,77.0,1006.7951219512195,1006.6,1007.0,False,37.06707317073171,34.9,38.6,199.15853658536585,0.4817073170731707,1.5,PIA,34703.666666666664,26810.0,49171.9375,38202.0,35450.8125,25419.0,90431.0,403894.0,3.0,,,4.0,3.0,,,,,5.25,3.5,,,,,202.25,260.0,,,,,256.0,260.0,,,,,101154.25,90620.0,,,,,92179.0,90431.0,,,1,0,0,6
2024,18,30.06219512195122,29.9,30.2,75.13414634146342,74.0,77.0,1006.7951219512195,1006.6,1007.0,False,37.06707317073171,34.9,38.6,199.15853658536585,0.4817073170731707,1.5,RIC,39187.066666666666,27191.0,50878.470588235294,38558.0,34500.294117647056,25766.0,91561.0,362447.0,2.0,,,1.0,3.0,,,,,4.8,4.5,,,,,230.2,200.5,,,,,257.0,256.0,,,,,112112.6,111024.0,,,,,92004.0,91561.0,,,1,0,0,6
2024,18,30.06219512195122,29.9,30.2,75.13414634146342,74.0,77.0,1006.7951219512195,1006.6,1007.0,False,37.06707317073171,34.9,38.6,199.15853658536585,0.4817073170731707,1.5,RUS,38465.625,26738.0,54906.68421052631,37920.0,37518.555555555555,25467.0,90125.0,327648.0,2.0,,,3.0,2.0,,,,,6.6,4.333333333333333,,,,,208.0,257.3333333333333,,,,,258.0,259.0,,,,,103747.0,124991.0,,,,,91816.0,90125.0,,,1,0,0,6
2024,18,30.06219512195122,29.9,30.2,75.13414634146342,74.0,77.0,1006.7951219512195,1006.6,1007.0,False,37.06707317073171,34.9,38.6,199.15853658536585,0.4817073170731707,1.5,SAI,37478.125,26939.0,49997.8,38280.0,34660.15,25588.0,90807.0,260891.33333333334,3.0,,,2.0,4.0,,,,,7.0,3.5,,,,,242.85714285714286,258.5,,,,,259.0,260.0,,,,,103255.71428571429,91084.0,,,,,91623.0,90807.0,,,1,0,0,6
2024,18,30.06219512195122,29.9,30.2,75.13414634146342,74.0,77.0,1006.7951219512195,1006.6,1007.0,False,37.06707317073171,34.9,38.6,199.15853658536585,0.4817073170731707,1.5,STR,38589.3,27091.0,52162.34782608696,38637.0,36263.09090909091,25948.0,91719.0,160513.6,5.0,,,5.0,6.0,,,,,7.4,6.166666666666667,,,,,251.6,210.0,,,,,253.0,255.0,,,,,100766.2,116967.5,,,,,92722.0,91719.0,,,1,0,0,6
2024,18,30.06219512195122,29.9,30.2,75.13414634146342,74.0,77.0,1006.7951219512195,1006.6,1007.0,False,37.06707317073171,34.9,38.6,199.15853658536585,0.4817073170731707,1.5,TSU,38995.38461538462,27079.0,54585.75,38266.0,35759.5,25769.0,91114.0,548488.0,2.0,,,1.0,3.0,,,,,5.2,4.333333333333333,,,,,253.0,190.0,,,,,254.0,256.0,,,,,112185.8,110310.66666666667,,,,,92555.0,91114.0,,,1,0,0,6
2024,18,30.06219512195122,29.9,30.2,75.13414634146342,74.0,77.0,1006.7951219512195,1006.6,1007.0,False,37.06707317073171,34.9,38.6,199.15853658536585,0.4817073170731707,1.5,VER,37627.46153846154,26917.0,48579.1875,38066.0,33036.0625,25515.0,90540.0,346561.6666666667,3.0,,,2.0,4.0,,,,,4.75,4.666666666666667,,,,,259.75,188.33333333333334,,,,,261.0,259.0,,,,,102106.5,100174.0,,,,,91630.0,90540.0,,,1,0,0,6
2024,18,30.06219512195122,29.9,30.2,75.13414634146342,74.0,77.0,1006.7951219512195,1006.6,1007.0,False,37.06707317073171,34.9,38.6,199.15853658536585,0.4817073170731707,1.5,ZHO,44842.64705882353,27431.0,53335.73684210526,38905.0,37195.444444444445,26230.0,92652.0,152717.4,5.0,,,,6.0,,,,,,4.857142857142857,,,,,,222.28571428571428,,,,,,255.0,,,,,,105688.28571428571,,,,,,92652.0,,,1,0,0,6
2024,20,18.249397590361447,16.9,19.7,53.855421686746986,50.0,59.0,787.2807228915663,786.6,787.9,False,32.757831325301204,29.0,38.0,265.90361445783134,1.5783132530120483,3.8,ALB,39071.6875,27779.0,38514.73684210526,29783.0,26246.263157894737,19949.0,77511.0,199468.0,4.0,,,5.0,3.0,,,,,6.444444444444445,3.5,,,,,221.55555555555554,251.0,,,,,251.0,251.0,,,,,103948.55555555556,77708.0,,,,,78651.0,77511.0,,,0,1,0,2
2024,20,18.249397590361447,16.9,19.7,53.855421686746986,50.0,59.0,787.2807228915663,786.6,787.9,False,32.757831325301204,29.0,38.0,265.90361445783134,1.5783132530120483,3.8,ALO,36219.31578947369,27562.0,37121.69565217391,29772.0,24826.31818181818,20030.0,77798.0,286565.4,5.0,,,,6.0,,,,,,7.6923076923076925,,,,,,237.23076923076923,,,,,,252.0,,,,,,89482.15384615384,,,,,,77798.0,,,0,1,0,2
2024,20,18.249397590361447,16.9,19.7,53.855421686746986,50.0,59.0,787.2807228915663,786.6,787.9,False,32.757831325301204,29.0,38.0,265.90361445783134,1.5783132530120483,3.8,BOT,37994.28571428572,27504.0,35805.6,30026.0,25196.84,20109.0,77639.0,215775.7142857143,7.0,,,3.0,8.0,,,,,6.5,5.25,,,,,248.9,213.25,,,,,253.0,251.0,,,,,85596.0,98168.25,,,,,78859.0,77639.0,,,0,1,0,2
2024,20,18.249397590361447,16.9,19.7,53.855421686746986,50.0,59.0,787.2807228915663,786.6,787.9,False,32.757831325301204,29.0,38.0,265.90361445783134,1.5783132530120483,3.8,COL,38079.28571428572,27668.0,36154.555555555555,29956.0,24865.176470588234,20087.0,77712.0,272094.0,4.0,,,5.0,3.0,,,,,6.0,3.5,,,,,213.5,249.5,,,,,251.0,250.0,,,,,101135.875,77809.5,,,,,78455.0,77712.0,,,0,1,0,2
2024,20,18.249397590361447,16.9,19.7,53.855421686746986,50.0,59.0,787.2807228915663,786.6,787.9,False,32.757831325301204,29.0,38.0,265.90361445783134,1.5783132530120483,3.8,GAS,37050.94117647059,27665.0,37433.0,30153.0,24777.0,20125.0,78454.0,580623.0,3.0,,,2.0,4.0,,,,,6.888888888888889,4.25,,,,,238.22222222222223,224.0,,,,,251.0,253.0,,,,,93735.77777777778,98914.25,,,,,78641.0,78454.0,,,0,1,0,2
2024,20,18.249397590361447,16.9,19.7,53.855421686746986,50.0,59.0,787.2807228915663,786.6,787.9,False,32.757831325301204,29.0,38.0,265.90361445783134,1.5783132530120483,3.8,HAM,38475.82352941176,27317.0,37531.380952380954,29812.0,24681.35,19931.0,77060.0,369678.5,4.0,,,,5.0,,,,,,6.181818181818182,,,,,,232.1818181818182,,,,,,254.0,,,,,,90389.63636363637,,,,,,77060.0,,,0,1,0,2
2024,20,18.249397590361447,16.9,19.7,53.855421686746986,50.0,59.0,787.2807228915663,786.6,787.9,False,32.757831325301204,29.0,38.0,265.90361445783134,1.5783132530120483,3.8,HUL,36951.166666666664,27319.0,35109.45,29728.0,24231.0,20104.0,77819.0,566432.5000000001,2.0,,,2.0,3.0,,,,,7.25,4.5,,,,,245.75,195.0,,,,,254.0,253.0,,,,,82476.625,99120.33333333333,,,,,78245.0,77819.0,,,0,1,0,2
2024,20,18.249397590361447,16.9,19.7,53.855421686746986,50.0,59.0,787.2807228915663,786.6,787.9,False,32.757831325301204,29.0,38.0,265.90361445783134,1.5783132530120483,3.8,LAW,38589.65,27640.0,36034.82608695652,29859.0,26676.739130434784,19995.0,77494.0,113239.0,5.0,,,2.0,6.0,,,,,6.888888888888889,4.8,,,,,235.33333333333334,191.0,,,,,250.0,252.0,,,,,98702.0,103476.8,,,,,78772.0,77494.0,,,0,1,0,2
2024,20,18.249397590361447,16.9,19.7,53.855421686746986,50.0,59.0,787.2807228915663,786.6,787.9,False,32.757831325301204,29.0,38.0,265.90361445783134,1.5783132530120483,3.8,LEC,38148.333333333336,27351.0,37813.375,29726.0,26257.666666666668,19912.0,77232.0,164912.4,5.0,,,,6.0,,,,,,6.466666666666667,,,,,,233.8,,,,,,255.0,,,,,,99442.93333333333,,,,,,77232.0,,,0,1,0,2
2024,20,18.249397590361447,16.9,19.7,53.855421686746986,50.0,59.0,787.2807228915663,786.6,787.9,False,32.757831325301204,29.0,38.0,265.90361445783134,1.5783132530120483,3.8,MAG,37361.23529411765,27358.0,37367.78947368421,29798.0,24944.842105263157,20139.0,77474.0,459246.0,2.0,,,1.0,3.0,,,,,5.5,4.5,,,,,242.625,198.66666666666666,,,,,253.0,254.0,,,,,90706.875,99550.33333333333,,,,,78175.0,77474.0,,,0,1,0,2
2024,20,18.249397590361447,16.9,19.7,53.855421686746986,50.0,59.0,787.2807228915663,786.6,787.9,False,32.757831325301204,29.0,38.0,265.90361445783134,1.5783132530120483,3.8,NOR,38246.066666666666,27412.0,37599.38888888889,29441.0,26861.222222222223,19698.0,76551.0,392200.0,3.0,,,,4.0,,,,,,4.818181818181818,,,,,,217.0,,,,,,252.0,,,,,,100433.36363636363,,,,,,76551.0,,,0,1,0,2
2024,20,18.249397590361447,16.9,19.7,53.855421686746986,50.0,59.0,787.2807228915663,786.6,787.9,False,32.757831325301204,29.0,38.0,265.90361445783134,1.5783132530120483,3.8,OCO,36362.8125,27756.0,38430.47368421053,30127.0,25000.842105263157,20197.0,78324.0,773066.5,2.0,,,2.0,3.0,,,,,6.25,4.0,,,,,249.125,202.0,,,,,251.0,253.0,,,,,95438.25,100826.4,,,,,79326.0,78324.0,,,0,1,0,2
2024,20,18.249397590361447,16.9,19.7,53.855421686746986,50.0,59.0,787.2807228915663,786.6,787.9,False,32.757831325301204,29.0,38.0,265.90361445783134,1.5783132530120483,3.8,PER,36910.5625,27595.0,36348.26315789474,29794.0,26856.473684210527,20174.0,77787.0,281259.3333333332,3.0,,,,4.0,,,,,,5.083333333333333,,,,,,206.66666666666666,,,,,,251.0,,,,,,97044.0,,,,,,77787.0,,,0,1,0,2
2024,20,18.249397590361447,16.9,19.7,53.855421686746986,50.0,59.0,787.2807228915663,786.6,787.9,False,32.757831325301204,29.0,38.0,265.90361445783134,1.5783132530120483,3.8,PIA,34479.857142857145,27339.0,36879.61111111111,29498.0,25316.722222222223,19655.0,76492.0,418503.3333333335,3.0,,,,4.0,,,,,,4.9,,,,,,219.5,,,,,,254.0,,,,,,91527.0,,,,,,76492.0,,,0,1,0,2
2024,20,18.249397590361447,16.9,19.7,53.855421686746986,50.0,59.0,787.2807228915663,786.6,787.9,False,32.757831325301204,29.0,38.0,265.90361445783134,1.5783132530120483,3.8,RUS,39824.75,27341.0,35824.96428571428,29866.0,24977.222222222223,20047.0,77341.0,194100.83333333326,6.0,,,,7.0,,,,,,7.882352941176471,,,,,,225.47058823529412,,,,,,254.0,,,,,,93457.17647058824,,,,,,77341.0,,,0,1,0,2
2024,20,18.249397590361447,16.9,19.7,53.855421686746986,50.0,59.0,787.2807228915663,786.6,787.9,False,32.757831325301204,29.0,38.0,265.90361445783134,1.5783132530120483,3.8,SAI,44401.666666666664,27261.0,38079.857142857145,29750.0,26032.333333333332,19821.0,76832.0,182833.2,5.0,,,,6.0,,,,,,5.75,,,,,,218.91666666666666,,,,,,255.0,,,,,,100465.33333333333,,,,,,76832.0,,,0,1,0,2
2024,20,18.249397590361447,16.9,19.7,53.855421686746986,50.0,59.0,787.2807228915663,786.6,787.9,False,32.757831325301204,29.0,38.0,265.90361445783134,1.5783132530120483,3.8,STR,36015.045454545456,27669.0,37173.03846153846,30082.0,24061.80769230769,20062.0,77900.0,268499.8,5.0,,,,6.0,,,,,,7.0588235294117645,,,,,,240.1764705882353,,,,,,252.0,,,,,,91031.94117647059,,,,,,77900.0,,,0,1,0,2
2024,20,18.249397590361447,16.9,19.7,53.855421686746986,50.0,59.0,787.2807228915663,786.6,787.9,False,32.757831325301204,29.0,38.0,265.90361445783134,1.5783132530120483,3.8,TSU,42629.35294117647,27552.0,38939.7,29758.0,25475.2,19914.0,77302.0,188964.6,5.0,,,6.0,5.0,,,,,7.285714285714286,4.25,,,,,219.57142857142858,245.5,,,,,251.0,251.0,,,,,103682.0,98961.0,,,,,77834.0,77302.0,,,0,1,0,2
2024,20,18.249397590361447,16.9,19.7,53.855421686746986,50.0,59.0,787.2807228915663,786.6,787.9,False,32.757831325301204,29.0,38.0,265.90361445783134,1.5783132530120483,3.8,VER,33808.72727272727,27394.0,34974.57692307692,29555.0,23362.153846153848,19926.0,77003.0,346734.2499999999,4.0,,,,5.0,,,,,,8.235294117647058,,,,,,232.1764705882353,,,,,,253.0,,,,,,90120.17647058824,,,,,,77003.0,,,0,1,0,2
2024,20,18.249397590361447,16.9,19.7,53.855421686746986,50.0,59.0,787.2807228915663,786.6,787.9,False,32.757831325301204,29.0,38.0,265.90361445783134,1.5783132530120483,3.8,ZHO,44083.42857142857,27872.0,39455.944444444445,30342.0,27790.166666666668,20102.0,78428.0,306633.0,6.0,,,7.0,6.0,,,,,4.6,4.0,,,,,210.8,251.0,,,,,249.0,251.0,,,,,102384.2,78540.5,,,,,79647.0,78428.0,,,0,1,0,2
2024,22,14.853658536585366,14.2,15.3,18.573170731707318,17.0,20.0,942.1670731707317,942.0,942.4,False,16.830487804878047,16.1,17.7,178.41463414634146,0.6524390243902439,1.5,ALB,32942.333333333336,26676.0,37008.86666666667,31616.0,42170.21428571428,36115.0,94407.0,277073.99999999977,2.0,,,,3.0,,,,,,4.666666666666667,,,,,,287.44444444444446,,,,,,324.0,,,,,,109274.0,,,,,,94407.0,,,1,0,0,3
2024,22,14.853658536585366,14.2,15.3,18.573170731707318,17.0,20.0,942.1670731707317,942.0,942.4,False,16.830487804878047,16.1,17.7,178.41463414634146,0.6524390243902439,1.5,ALO,35917.5,26654.0,36250.0625,31657.0,44596.26666666667,36530.0,95938.0,404341.9999999999,5.0,,,,6.0,,,,,,4.428571428571429,,,,,,281.0,,,,,,322.0,,,,,,107830.28571428571,,,,,,95938.0,,,1,0,0,3
2024,22,14.853658536585366,14.2,15.3,18.573170731707318,17.0,20.0,942.1670731707317,942.0,942.4,False,16.830487804878047,16.1,17.7,178.41463414634146,0.6524390243902439,1.5,BOT,33736.181818181816,26782.0,36628.78571428572,31868.0,42727.307692307695,36604.0,96412.0,315704.9999999998,3.0,,,,4.0,,,,,,4.428571428571429,,,,,,277.42857142857144,,,,,,321.0,,,,,,106720.42857142857,,,,,,96412.0,,,1,0,0,3
2024,22,14.853658536585366,14.2,15.3,18.573170731707318,17.0,20.0,942.1670731707317,942.0,942.4,False,16.830487804878047,16.1,17.7,178.41463414634146,0.6524390243902439,1.5,COL,32495.545454545456,26708.0,37201.642857142855,31773.0,43007.357142857145,36203.0,94723.0,290952.0,2.0,,,,3.0,,,,,,4.222222222222222,,,,,,289.44444444444446,,,,,,321.0,,,,,,108991.88888888889,,,,,,94723.0,,,1,0,0,3
2024,22,14.853658536585366,14.2,15.3,18.573170731707318,17.0,20.0,942.1670731707317,942.0,942.4,False,16.830487804878047,16.1,17.7,178.41463414634146,0.6524390243902439,1.5,GAS,33416.818181818184,26860.0,36495.21428571428,31506.0,43998.42857142857,36367.0,94905.0,268822.5,2.0,,,,3.0,,,,,,4.666666666666667,,,,,,288.0,,,,,,320.0,,,,,,113451.0,,,,,,94905.0,,,1,0,0,3
2024,22,14.853658536585366,14.2,15.3,18.573170731707318,17.0,20.0,942.1670731707317,942.0,942.4,False,16.830487804878047,16.1,17.7,178.41463414634146,0.6524390243902439,1.5,HAM,40556.0,26475.0,39855.23529411765,31597.0,45231.375,36163.0,94341.0,451431.25,4.0,,,,4.0,,,,,,4.166666666666667,,,,,,302.5,,,,,,322.0,,,,,,103236.66666666667,,,,,,94341.0,,,1,0,0,3
2024,22,14.853658536585366,14.2,15.3,18.573170731707318,17.0,20.0,942.1670731707317,942.0,942.4,False,16.830487804878047,16.1,17.7,178.41463414634146,0.6524390243902439,1.5,HUL,33560.5,26546.0,35727.2,31384.0,43949.5,36194.0,94908.0,232210.0,3.0,,,,4.0,,,,,,4.875,,,,,,291.375,,,,,,327.0,,,,,,108533.75,,,,,,94908.0,,,1,0,0,3
2024,22,14.853658536585366,14.2,15.3,18.573170731707318,17.0,20.0,942.1670731707317,942.0,942.4,False,16.830487804878047,16.1,17.7,178.41463414634146,0.6524390243902439,1.5,LAW,34552.53846153846,27073.0,37568.882352941175,31572.0,43527.529411764706,36951.0,96544.0,386884.25,4.0,,,,5.0,,,,,,5.1,,,,,,289.7,,,,,,319.0,,,,,,110501.2,,,,,,96544.0,,,1,0,0,3
2024,22,14.853658536585366,14.2,15.3,18.573170731707318,17.0,20.0,942.1670731707317,942.0,942.4,False,16.830487804878047,16.1,17.7,178.41463414634146,0.6524390243902439,1.5,LEC,33804.583333333336,26563.0,34898.8,31305.0,43730.07142857143,36288.0,94941.0,261503.66666666666,3.0,,,,4.0,,,,,,5.25,,,,,,289.75,,,,,,326.0,,,,,,108395.625,,,,,,94941.0,,,1,0,0,3
2024,22,14.853658536585366,14.2,15.3,18.573170731707318,17.0,20.0,942.1670731707317,942.0,942.4,False,16.830487804878047,16.1,17.7,178.41463414634146,0.6524390243902439,1.5,MAG,37841.8,26499.0,37080.583333333336,31501.0,41338.083333333336,36382.0,94883.0,302512.3333333335,3.0,,,,4.0,,,,,,3.5,,,,,,276.6666666666667,,,,,,322.0,,,,,,109459.16666666667,,,,,,94883.0,,,1,0,0,3
2024,22,14.853658536585366,14.2,15.3,18.573170731707318,17.0,20.0,942.1670731707317,942.0,942.4,False,16.830487804878047,16.1,17.7,178.41463414634146,0.6524390243902439,1.5,NOR,33832.09090909091,26634.0,35088.307692307695,31509.0,43028.153846153844,35865.0,94008.0,404124.0,3.0,,,,4.0,,,,,,3.5,,,,,,280.125,,,,,,323.0,,,,,,109551.25,,,,,,94008.0,,,1,0,0,3
2024,22,14.853658536585366,14.2,15.3,18.573170731707318,17.0,20.0,942.1670731707317,942.0,942.4,False,16.830487804878047,16.1,17.7,178.41463414634146,0.6524390243902439,1.5,OCO,33743.36363636364,26908.0,36779.692307692305,31729.0,45208.07692307692,36357.0,95460.0,314148.49999999977,2.0,,,,3.0,,,,,,4.875,,,,,,288.5,,,,,,322.0,,,,,,114214.625,,,,,,95460.0,,,1,0,0,3
2024,22,14.853658536585366,14.2,15.3,18.573170731707318,17.0,20.0,942.1670731707317,942.0,942.4,False,16.830487804878047,16.1,17.7,178.41463414634146,0.6524390243902439,1.5,PER,30337.466666666667,27101.0,36116.72222222222,31588.0,39679.77777777778,36316.0,95061.0,600232.5,2.0,,,2.0,3.0,,,,,8.3,3.0,,,,,314.8,319.3333333333333,,,,,317.0,321.0,,,,,101918.3,111973.0,,,,,100424.0,95061.0,,,1,0,0,3
2024,22,14.853658536585366,14.2,15.3,18.573170731707318,17.0,20.0,942.1670731707317,942.0,942.4,False,16.830487804878047,16.1,17.7,178.41463414634146,0.6524390243902439,1.5,PIA,32795.09090909091,26539.0,36413.38461538462,31459.0,42874.53846153846,35787.0,93785.0,532268.0,2.0,,,,3.0,,,,,,3.875,,,,,,291.375,,,,,,326.0,,,,,,111114.375,,,,,,93785.0,,,1,0,0,3
2024,22,14.853658536585366,14.2,15.3,18.573170731707318,17.0,20.0,942.1670731707317,942.0,942.4,False,16.830487804878047,16.1,17.7,178.41463414634146,0.6524390243902439,1.5,RUS,37997.71428571428,26283.0,38898.05882352941,31361.0,43713.17647058824,35926.0,93570.0,369887.0,4.0,,,,5.0,,,,,,4.333333333333333,,,,,,286.3333333333333,,,,,,322.0,,,,,,110207.22222222222,,,,,,93570.0,,,1,0,0,3
2024,22,14.853658536585366,14.2,15.3,18.573170731707318,17.0,20.0,942.1670731707317,942.0,942.4,False,16.830487804878047,16.1,17.7,178.41463414634146,0.6524390243902439,1.5,SAI,35655.61538461538,26636.0,36601.933333333334,31361.0,42475.53333333333,35921.0,93918.0,193681.6666666665,3.0,,,,4.0,,,,,,5.0,,,,,,280.0,,,,,,329.0,,,,,,111149.44444444444,,,,,,93918.0,,,1,0,0,3
2024,22,14.853658536585366,14.2,15.3,18.573170731707318,17.0,20.0,942.1670731707317,942.0,942.4,False,16.830487804878047,16.1,17.7,178.41463414634146,0.6524390243902439,1.5,STR,34460.8,27057.0,37124.46153846154,32284.0,44142.166666666664,36850.0,96950.0,408911.5,4.0,,,,4.0,,,,,,4.5,,,,,,318.3333333333333,,,,,,322.0,,,,,,107710.83333333333,,,,,,96950.0,,,1,0,0,3
2024,22,14.853658536585366,14.2,15.3,18.573170731707318,17.0,20.0,942.1670731707317,942.0,942.4,False,16.830487804878047,16.1,17.7,178.41463414634146,0.6524390243902439,1.5,TSU,34983.692307692305,27229.0,37518.05882352941,32130.000000000004,45074.82352941176,36764.0,96215.0,315978.50000000006,4.0,,,,5.0,,,,,,5.8,,,,,,286.9,,,,,,318.0,,,,,,112787.5,,,,,,96215.0,,,1,0,0,3
2024,22,14.853658536585366,14.2,15.3,18.573170731707318,17.0,20.0,942.1670731707317,942.0,942.4,False,16.830487804878047,16.1,17.7,178.41463414634146,0.6524390243902439,1.5,VER,31065.85714285714,26486.0,35915.82352941176,31379.0,42332.9375,36272.0,94137.0,512634.0,2.0,,,1.0,3.0,,,,,5.5,3.6666666666666665,,,,,315.875,215.66666666666666,,,,,319.0,322.0,,,,,103052.875,114302.66666666667,,,,,100588.0,94137.0,,,1,0,0,3
2024,22,14.853658536585366,14.2,15.3,18.573170731707318,17.0,20.0,942.1670731707317,942.0,942.4,False,16.830487804878047,16.1,17.7,178.41463414634146,0.6524390243902439,1.5,ZHO,38583.416666666664,27174.0,38510.333333333336,32526.000000000004,45006.666666666664,37043.0,96988.0,404030.20000000007,5.0,,,,6.0,,,,,,4.428571428571429,,,,,,273.14285714285717,,,,,,315.0,,,,,,113382.14285714286,,,,,,96988.0,,,1,0,0,3
2024,24,27.90493827160494,27.7,28.0,60.5679012345679,59.0,62.0,1016.6086419753087,1016.5,1016.8,False,40.27407407407407,38.1,41.6,270.1111111111111,2.224691358024691,3.4,ALB,25218.545454545456,17186.0,46257.2,36306.0,43019.73333333333,30886.0,84378.0,299876.3333333333,3.0,,,,4.0,,,,,,4.333333333333333,,,,,,192.5,,,,,,223.0,,,,,,100401.83333333333,,,,,,84378.0,,,0,0,0,0
2024,24,27.90493827160494,27.7,28.0,60.5679012345679,59.0,62.0,1016.6086419753087,1016.5,1016.8,False,40.27407407407407,38.1,41.6,270.1111111111111,2.224691358024691,3.4,ALO,27672.933333333334,17217.0,49107.68421052631,36355.0,42790.73684210526,30881.0,84453.0,292204.2,5.0,,,,6.0,,,,,,5.142857142857143,,,,,,219.0,,,,,,225.0,,,,,,91942.0,,,,,,84453.0,,,0,0,0,0
2024,24,27.90493827160494,27.7,28.0,60.5679012345679,59.0,62.0,1016.6086419753087,1016.5,1016.8,False,40.27407407407407,38.1,41.6,270.1111111111111,2.224691358024691,3.4,BOT,27882.14285714286,17351.0,47675.6875,36405.0,42658.3125,30711.0,84479.0,270166.0,4.0,,,,5.0,,,,,,5.0,,,,,,194.42857142857142,,,,,,220.0,,,,,,95545.14285714286,,,,,,84479.0,,,0,0,0,0
2024,24,27.90493827160494,27.7,28.0,60.5679012345679,59.0,62.0,1016.6086419753087,1016.5,1016.8,False,40.27407407407407,38.1,41.6,270.1111111111111,2.224691358024691,3.4,COL,23841.454545454544,17337.0,45118.46666666667,36188.0,42172.46666666667,31034.0,84766.0,193112.49999999988,4.0,,,,5.0,,,,,,4.833333333333333,,,,,,196.0,,,,,,219.0,,,,,,103499.33333333333,,,,,,84766.0,,,0,0,0,0
2024,24,27.90493827160494,27.7,28.0,60.5679012345679,59.0,62.0,1016.6086419753087,1016.5,1016.8,False,40.27407407407407,38.1,41.6,270.1111111111111,2.224691358024691,3.4,DOO,22734.083333333332,17264.0,46121.882352941175,36389.0,42172.0,30733.0,84434.0,409167.25,4.0,,,,5.0,,,,,,5.0,,,,,,186.0,,,,,,218.0,,,,,,100473.0,,,,,,84434.0,,,0,0,0,0
2024,24,27.90493827160494,27.7,28.0,60.5679012345679,59.0,62.0,1016.6086419753087,1016.5,1016.8,False,40.27407407407407,38.1,41.6,270.1111111111111,2.224691358024691,3.4,GAS,23612.5,17218.0,47196.470588235294,36407.0,40895.41176470588,30669.0,84408.0,403561.25,4.0,,,,5.0,,,,,,5.0,,,,,,192.28571428571428,,,,,,218.0,,,,,,90685.0,,,,,,84408.0,,,0,0,0,0
2024,24,27.90493827160494,27.7,28.0,60.5679012345679,59.0,62.0,1016.6086419753087,1016.5,1016.8,False,40.27407407407407,38.1,41.6,270.1111111111111,2.224691358024691,3.4,HAM,31642.4,17137.0,51640.72222222222,36125.0,46270.055555555555,30561.0,83823.0,149513.5,4.0,,,,5.0,,,,,,5.125,,,,,,170.5,,,,,,220.0,,,,,,106487.25,,,,,,83823.0,,,0,0,0,0
2024,24,27.90493827160494,27.7,28.0,60.5679012345679,59.0,62.0,1016.6086419753087,1016.5,1016.8,False,40.27407407407407,38.1,41.6,270.1111111111111,2.224691358024691,3.4,HUL,28421.0,17281.0,49704.57142857143,36079.0,42665.642857142855,30733.0,84093.0,417292.6666666668,3.0,,,,4.0,,,,,,4.2,,,,,,187.2,,,,,,220.0,,,,,,89251.6,,,,,,84093.0,,,0,0,0,0
2024,24,27.90493827160494,27.7,28.0,60.5679012345679,59.0,62.0,1016.6086419753087,1016.5,1016.8,False,40.27407407407407,38.1,41.6,270.1111111111111,2.224691358024691,3.4,LAW,26329.647058823528,17345.0,47021.47368421053,36338.0,42571.21052631579,30786.0,84519.0,300051.0,2.0,1.0,,,3.0,,,5.5,,,5.6,,,201.875,,,178.4,,,221.0,,,219.0,,,112694.75,,,100244.6,,,85808.0,,,84519.0,,,0,0,0,0
2024,24,27.90493827160494,27.7,28.0,60.5679012345679,59.0,62.0,1016.6086419753087,1016.5,1016.8,False,40.27407407407407,38.1,41.6,270.1111111111111,2.224691358024691,3.4,LEC,22177.647058823528,17277.0,47242.4,36223.0,41025.6,30576.0,84098.0,357305.5,2.0,,,,3.0,,,,,,5.846153846153846,,,,,,195.07692307692307,,,,,,224.0,,,,,,106270.76923076923,,,,,,84098.0,,,0,0,0,0
2024,24,27.90493827160494,27.7,28.0,60.5679012345679,59.0,62.0,1016.6086419753087,1016.5,1016.8,False,40.27407407407407,38.1,41.6,270.1111111111111,2.224691358024691,3.4,MAG,29840.0,17265.0,48442.07142857143,36102.0,45047.28571428572,30590.0,84094.0,422572.3333333333,3.0,,,,4.0,,,,,,5.0,,,,,,187.0,,,,,,222.0,,,,,,99661.33333333333,,,,,,84094.0,,,0,0,0,0
2024,24,27.90493827160494,27.7,28.0,60.5679012345679,59.0,62.0,1016.6086419753087,1016.5,1016.8,False,40.27407407407407,38.1,41.6,270.1111111111111,2.224691358024691,3.4,NOR,26826.18181818182,17090.0,46760.2,36227.0,42936.4,30309.0,83626.0,302545.0,4.0,,,,5.0,,,,,,4.4,,,,,,180.8,,,,,,222.0,,,,,,103221.4,,,,,,83626.0,,,0,0,0,0
2024,24,27.90493827160494,27.7,28.0,60.5679012345679,59.0,62.0,1016.6086419753087,1016.5,1016.8,False,40.27407407407407,38.1,41.6,270.1111111111111,2.224691358024691,3.4,PER,29032.4,17251.0,49932.17647058824,36223.0,43866.76470588235,30682.0,84283.0,235233.6666666665,3.0,,,,4.0,,,,,,5.333333333333333,,,,,,190.77777777777777,,,,,,220.0,,,,,,106133.33333333333,,,,,,84283.0,,,0,0,0,0
2024,24,27.90493827160494,27.7,28.0,60.5679012345679,59.0,62.0,1016.6086419753087,1016.5,1016.8,False,40.27407407407407,38.1,41.6,270.1111111111111,2.224691358024691,3.4,PIA,24580.0,17061.0,45674.375,36021.0,40281.3125,30203.0,83433.0,276369.0,4.0,,,,5.0,,,,,,4.571428571428571,,,,,,199.42857142857142,,,,,,225.0,,,,,,102357.0,,,,,,83433.0,,,0,0,0,0
2024,24,27.90493827160494,27.7,28.0,60.5679012345679,59.0,62.0,1016.6086419753087,1016.5,1016.8,False,40.27407407407407,38.1,41.6,270.1111111111111,2.224691358024691,3.4,RUS,28673.5,17153.0,50008.333333333336,36302.0,43616.705882352944,30607.0,84075.0,262733.6666666667,3.0,,,,4.0,,,,,,5.0,,,,,,195.88888888888889,,,,,,224.0,,,,,,115203.66666666667,,,,,,84075.0,,,0,0,0,0
2024,24,27.90493827160494,27.7,28.0,60.5679012345679,59.0,62.0,1016.6086419753087,1016.5,1016.8,False,40.27407407407407,38.1,41.6,270.1111111111111,2.224691358024691,3.4,SAI,25030.263157894737,17199.0,49041.80952380953,36013.0,40780.80952380953,30507.0,83871.0,195706.5,2.0,,,2.0,3.0,,,,,7.5,4.8,,,,,216.875,187.2,,,,,220.0,221.0,,,,,94570.5,112362.6,,,,,84631.0,83871.0,,,0,0,0,0
2024,24,27.90493827160494,27.7,28.0,60.5679012345679,59.0,62.0,1016.6086419753087,1016.5,1016.8,False,40.27407407407407,38.1,41.6,270.1111111111111,2.224691358024691,3.4,STR,25347.9375,17324.0,46804.65,36170.0,45074.3,30886.0,84531.0,364033.0,4.0,,,,5.0,,,,,,4.9,,,,,,197.5,,,,,,223.0,,,,,,104308.1,,,,,,84531.0,,,0,0,0,0
2024,24,27.90493827160494,27.7,28.0,60.5679012345679,59.0,62.0,1016.6086419753087,1016.5,1016.8,False,40.27407407407407,38.1,41.6,270.1111111111111,2.224691358024691,3.4,TSU,25800.125,17303.0,50689.0,36247.0,42878.166666666664,30793.0,84343.0,701942.0,1.0,1.0,,,2.0,,,5.333333333333333,,,5.0,,,202.16666666666666,,,168.71428571428572,,,223.0,,,223.0,,,110919.33333333333,,,120738.85714285714,,,85683.0,,,84343.0,,,0,0,0,0
2024,24,27.90493827160494,27.7,28.0,60.5679012345679,59.0,62.0,1016.6086419753087,1016.5,1016.8,False,40.27407407407407,38.1,41.6,270.1111111111111,2.224691358024691,3.4,VER,25637.214285714286,17206.0,48540.64705882353,36156.0,42890.0,30482.0,83844.0,223120.66666666666,3.0,,,1.0,4.0,,,,,5.333333333333333,4.333333333333333,,,,,209.0,175.66666666666666,,,,,224.0,225.0,,,,,113365.33333333333,112352.0,,,,,84733.0,83844.0,,,0,0,0,0
2024,24,27.90493827160494,27.7,28.0,60.5679012345679,59.0,62.0,1016.6086419753087,1016.5,1016.8,False,40.27407407407407,38.1,41.6,270.1111111111111,2.224691358024691,3.4,ZHO,31046.071428571428,17386.0,50744.3125,36371.0,45434.666666666664,30910.0,84668.0,272678.0,4.0,,,,5.0,,,,,,5.0,,,,,,177.42857142857142,,,,,,219.0,,,,,,105364.71428571429,,,,,,84668.0,,,0,0,0,0
2025,1,29.492307692307694,27.8,31.6,50.14102564102564,44.0,55.0,1013.3782051282051,1012.7,1014.0,False,40.80128205128205,36.5,42.8,138.02564102564102,0.7717948717948718,1.6,ALB,37277.28571428572,26473.0,22380.190476190477,17176.0,45395.555555555555,32531.999999999996,76258.0,126034.50000000012,4.0,5.0,,,4.0,,,5.777777777777778,,,4.285714285714286,,,271.22222222222223,,,290.42857142857144,,,310.0,,,312.0,,,105998.55555555556,,,100900.71428571429,,,76801.0,,,76258.0,,,1,0,0,3
2025,1,29.492307692307694,27.8,31.6,50.14102564102564,44.0,55.0,1013.3782051282051,1012.7,1014.0,False,40.80128205128205,36.5,42.8,138.02564102564102,0.7717948717948718,1.6,ALO,35639.90909090909,26720.0,20411.090909090908,17361.0,46077.944444444445,33159.0,77270.0,177879.66666666666,6.0,5.0,,,7.0,,,3.7777777777777777,,,4.0,,,304.1111111111111,,,259.5,,,306.0,,,310.0,,,92545.77777777778,,,97436.83333333333,,,77666.0,,,77270.0,,,1,0,0,3
2025,1,29.492307692307694,27.8,31.6,50.14102564102564,44.0,55.0,1013.3782051282051,1012.7,1014.0,False,40.80128205128205,36.5,42.8,138.02564102564102,0.7717948717948718,1.6,ANT,38109.9,26400.0,23190.15,17325.0,42067.07692307692,32433.0,76206.0,147249.59999999995,5.0,,,,6.0,,,,,,4.6923076923076925,,,,,,303.61538461538464,,,,,,310.0,,,,,,103451.0,,,,,,76206.0,,,1,0,0,3
2025,1,29.492307692307694,27.8,31.6,50.14102564102564,44.0,55.0,1013.3782051282051,1012.7,1014.0,False,40.80128205128205,36.5,42.8,138.02564102564102,0.7717948717948718,1.6,BEA,27869.0,27869.0,19587.0,18216.0,38308.0,38308.0,,,,,,,,,,,,,,,,,,,,,,,,,,,,,,,,,,,,,,,,1,0,0,3
2025,1,29.492307692307694,27.8,31.6,50.14102564102564,44.0,55.0,1013.3782051282051,1012.7,1014.0,False,40.80128205128205,36.5,42.8,138.02564102564102,0.7717948717948718,1.6,BOR,39541.833333333336,26696.0,23540.666666666668,17320.0,49316.13333333333,32691.000000000004,76707.0,181289.4,5.0,,,,6.0,,,,,,4.5,,,,,,280.4166666666667,,,,,,308.0,,,,,,106008.83333333333,,,,,,76707.0,,,1,0,0,3
2025,1,29.492307692307694,27.8,31.6,50.14102564102564,44.0,55.0,1013.3782051282051,1012.7,1014.0,False,40.80128205128205,36.5,42.8,138.02564102564102,0.7717948717948718,1.6,DOO,42961.333333333336,26727.0,23574.222222222223,17116.0,49574.5,33049.0,76993.0,256031.3999999999,5.0,,,,6.0,,,,,,4.909090909090909,,,,,,280.45454545454544,,,,,,309.0,,,,,,102155.72727272728,,,,,,76993.0,,,1,0,0,3
2025,1,29.492307692307694,27.8,31.6,50.14102564102564,44.0,55.0,1013.3782051282051,1012.7,1014.0,False,40.80128205128205,36.5,42.8,138.02564102564102,0.7717948717948718,1.6,GAS,40217.045454545456,26600.0,26522.727272727272,17274.0,46923.05,32695.0,76719.0,65436.25000000012,4.0,2.0,,,5.0,,,5.888888888888889,,,4.5,,,305.22222222222223,,,305.3333333333333,,,306.0,,,307.0,,,98776.33333333333,,,99153.66666666667,,,77574.0,,,76719.0,,,1,0,0,3
2025,1,29.492307692307694,27.8,31.6,50.14102564102564,44.0,55.0,1013.3782051282051,1012.7,1014.0,False,40.80128205128205,36.5,42.8,138.02564102564102,0.7717948717948718,1.6,HAD,40486.055555555555,26585.0,22123.166666666668,17259.0,46109.42857142857,32841.0,76732.0,500916.25,4.0,2.0,,,5.0,,,3.5,,,5.166666666666667,,,304.8333333333333,,,291.0,,,308.0,,,309.0,,,99749.83333333333,,,103503.0,,,77752.0,,,76732.0,,,1,0,0,3
2025,1,29.492307692307694,27.8,31.6,50.14102564102564,44.0,55.0,1013.3782051282051,1012.7,1014.0,False,40.80128205128205,36.5,42.8,138.02564102564102,0.7717948717948718,1.6,HAM,42519.6,26448.0,25821.1,17426.0,51521.0,32503.999999999996,76378.0,237462.16666666666,6.0,,,,7.0,,,,,,3.357142857142857,,,,,,280.35714285714283,,,,,,312.0,,,,,,110223.92857142857,,,,,,76378.0,,,1,0,0,3
2025,1,29.492307692307694,27.8,31.6,50.14102564102564,44.0,55.0,1013.3782051282051,1012.7,1014.0,False,40.80128205128205,36.5,42.8,138.02564102564102,0.7717948717948718,1.6,HUL,37509.0,26616.0,22700.0,17526.0,50162.38461538462,32937.0,77146.0,234229.75,4.0,,,,5.0,,,,,,3.7,,,,,,270.7,,,,,,308.0,,,,,,103800.9,,,,,,77146.0,,,1,0,0,3
2025,1,29.492307692307694,27.8,31.6,50.14102564102564,44.0,55.0,1013.3782051282051,1012.7,1014.0,False,40.80128205128205,36.5,42.8,138.02564102564102,0.7717948717948718,1.6,LAW,35488.5,27621.0,25504.5,23609.0,39896.0,39896.0,106861.0,,,,,,1.0,,,,,,1.0,,,,,,299.0,,,,,,299.0,,,,,,106861.0,,,,,,106861.0,,,1,0,0,3
2025,1,29.492307692307694,27.8,31.6,50.14102564102564,44.0,55.0,1013.3782051282051,1012.7,1014.0,False,40.80128205128205,36.5,42.8,138.02564102564102,0.7717948717948718,1.6,LEC,42327.09090909091,26385.0,23118.0,17139.0,50939.11111111111,32521.0,76188.0,187834.50000000006,8.0,,,,9.0,,,,,,4.666666666666667,,,,,,306.75,,,,,,309.0,,,,,,97854.25,,,,,,76188.0,,,1,0,0,3
2025,1,29.492307692307694,27.8,31.6,50.14102564102564,44.0,55.0,1013.3782051282051,1012.7,1014.0,False,40.80128205128205,36.5,42.8,138.02564102564102,0.7717948717948718,1.6,NOR,39379.2,26301.0,23068.526315789473,17150.0,45949.666666666664,32278.0,76597.0,343696.6,5.0,,,,6.0,,,,,,4.642857142857143,,,,,,276.7857142857143,,,,,,310.0,,,,,,107431.57142857143,,,,,,76597.0,,,1,0,0,3
2025,1,29.492307692307694,27.8,31.6,50.14102564102564,44.0,55.0,1013.3782051282051,1012.7,1014.0,False,40.80128205128205,36.5,42.8,138.02564102564102,0.7717948717948718,1.6,OCO,39951.61111111111,26909.0,22950.38888888889,17446.0,48336.125,33018.0,77373.0,449927.0,3.0,,,,4.0,,,,,,3.923076923076923,,,,,,276.53846153846155,,,,,,305.0,,,,,,104988.15384615384,,,,,,77373.0,,,1,0,0,3
2025,1,29.492307692307694,27.8,31.6,50.14102564102564,44.0,55.0,1013.3782051282051,1012.7,1014.0,False,40.80128205128205,36.5,42.8,138.02564102564102,0.7717948717948718,1.6,PIA,37510.5,26358.0,21822.75,17200.0,43926.583333333336,32296.0,75921.0,736390.0,3.0,,,,4.0,,,,,,3.75,,,,,,250.58333333333334,,,,,,309.0,,,,,,102679.91666666667,,,,,,75921.0,,,1,0,0,3
2025,1,29.492307692307694,27.8,31.6,50.14102564102564,44.0,55.0,1013.3782051282051,1012.7,1014.0,False,40.80128205128205,36.5,42.8,138.02564102564102,0.7717948717948718,1.6,RUS,39441.76470588235,26277.0,23733.647058823528,17173.0,47096.5,32509.999999999996,75960.0,144269.3999999999,5.0,,,,6.0,,,,,,3.9,,,,,,298.0,,,,,,310.0,,,,,,105093.6,,,,,,75960.0,,,1,0,0,3
2025,1,29.492307692307694,27.8,31.6,50.14102564102564,44.0,55.0,1013.3782051282051,1012.7,1014.0,False,40.80128205128205,36.5,42.8,138.02564102564102,0.7717948717948718,1.6,SAI,38597.13043478261,26486.0,22473.130434782608,17258.0,44577.05,32479.0,76252.0,140671.0,4.0,2.0,,,5.0,,,5.555555555555555,,,5.0,,,307.1111111111111,,,286.125,,,310.0,,,309.0,,,98951.33333333333,,,104014.875,,,76859.0,,,76252.0,,,1,0,0,3
2025,1,29.492307692307694,27.8,31.6,50.14102564102564,44.0,55.0,1013.3782051282051,1012.7,1014.0,False,40.80128205128205,36.5,42.8,138.02564102564102,0.7717948717948718,1.6,STR,37118.0,26590.0,21986.545454545456,17333.0,43841.333333333336,33009.0,76948.0,244171.25,4.0,4.0,,,5.0,,,5.9,,,4.0,,,304.5,,,250.85714285714286,,,306.0,,,308.0,,,96108.7,,,105863.14285714286,,,77852.0,,,76948.0,,,1,0,0,3
2025,1,29.492307692307694,27.8,31.6,50.14102564102564,44.0,55.0,1013.3782051282051,1012.7,1014.0,False,40.80128205128205,36.5,42.8,138.02564102564102,0.7717948717948718,1.6,TSU,38878.0,26456.0,24095.29411764706,17260.0,45068.38461538462,32732.0,76455.0,661464.3333333334,3.0,2.0,,,4.0,,,4.0,,,4.166666666666667,,,290.2857142857143,,,250.83333333333334,,,308.0,,,310.0,,,104767.42857142857,,,109283.33333333333,,,76925.0,,,76455.0,,,1,0,0,3
2025,1,29.492307692307694,27.8,31.6,50.14102564102564,44.0,55.0,1013.3782051282051,1012.7,1014.0,False,40.80128205128205,36.5,42.8,138.02564102564102,0.7717948717948718,1.6,VER,39676.61111111111,26325.0,23485.666666666668,17110.0,46045.307692307695,32494.0,76002.0,168388.66666666666,6.0,,,,7.0,,,,,,4.2727272727272725,,,,,,271.3636363636364,,,,,,311.0,,,,,,103651.18181818182,,,,,,76002.0,,,1,0,0,3
2025,3,14.227999999999998,13.8,14.6,38.16,33.0,41.0,1015.06,1014.7,1015.4,False,38.548,36.9,39.3,151.04,3.3240000000000003,4.8,ALB,39408.625,30913.0,48343.52631578947,40075.0,20651.882352941175,17566.0,88554.0,290541.3333333333,3.0,,,3.0,4.0,,,,,8.636363636363637,2.0,,,,,265.54545454545456,272.0,,,,,271.0,272.0,,,,,104712.54545454546,88554.0,,,,,90159.0,88554.0,,,2,0,0,1
2025,3,14.227999999999998,13.8,14.6,38.16,33.0,41.0,1015.06,1014.7,1015.4,False,38.548,36.9,39.3,151.04,3.3240000000000003,4.8,ALO,40048.0,31151.0,48844.58823529412,40728.0,22746.125,17701.0,89772.0,314849.0,4.0,,,4.0,,,,,,7.7,,,,,,266.6,,,,,,271.0,,,,,,105125.0,,,,,,89772.0,,,,2,0,0,1
2025,3,14.227999999999998,13.8,14.6,38.16,33.0,41.0,1015.06,1014.7,1015.4,False,38.548,36.9,39.3,151.04,3.3240000000000003,4.8,ANT,37262.5,31142.0,47857.84210526316,40373.0,21048.11111111111,17567.0,89126.0,357263.3333333333,3.0,,,3.0,4.0,,,,,9.333333333333334,3.0,,,,,263.6666666666667,231.0,,,,,268.0,269.0,,,,,92793.11111111111,123618.66666666667,,,,,90832.0,89126.0,,,2,0,0,1
2025,3,14.227999999999998,13.8,14.6,38.16,33.0,41.0,1015.06,1014.7,1015.4,False,38.548,36.9,39.3,151.04,3.3240000000000003,4.8,BEA,35923.0,31287.0,46822.9375,40651.0,21030.0625,17894.0,90084.0,459097.3333333333,3.0,3.0,,,,,,8.444444444444445,,,,,,260.44444444444446,,,,,,268.0,,,,,,94135.55555555556,,,,,,90084.0,,,,,,2,0,0,1
2025,3,14.227999999999998,13.8,14.6,38.16,33.0,41.0,1015.06,1014.7,1015.4,False,38.548,36.9,39.3,151.04,3.3240000000000003,4.8,BOR,37566.444444444445,31162.0,48101.769230769234,40374.0,23665.0,17877.0,90134.0,532107.0,3.0,,,3.0,,,,,,7.2,,,,,,255.0,,,,,,267.0,,,,,,107697.2,,,,,,90134.0,,,,2,0,0,1
2025,3,14.227999999999998,13.8,14.6,38.16,33.0,41.0,1015.06,1014.7,1015.4,False,38.548,36.9,39.3,151.04,3.3240000000000003,4.8,DOO,41362.09090909091,31169.0,53100.92307692308,40717.0,22207.076923076922,17798.0,89767.0,737078.5,2.0,,,,3.0,,,,,,5.125,,,,,,263.5,,,,,,271.0,,,,,,114911.875,,,,,,89767.0,,,2,0,0,1
2025,3,14.227999999999998,13.8,14.6,38.16,33.0,41.0,1015.06,1014.7,1015.4,False,38.548,36.9,39.3,151.04,3.3240000000000003,4.8,GAS,45494.0,30820.0,50121.4,40202.0,22913.5,17514.0,88603.0,201887.0,3.0,,,2.0,3.0,,,,,6.0,2.0,,,,,268.5,268.0,,,,,271.0,268.0,,,,,108713.66666666667,88603.0,,,,,89555.0,88603.0,,,2,0,0,1
2025,3,14.227999999999998,13.8,14.6,38.16,33.0,41.0,1015.06,1014.7,1015.4,False,38.548,36.9,39.3,151.04,3.3240000000000003,4.8,HAD,38147.583333333336,31089.0,47236.1875,40093.0,21319.75,17604.0,88786.0,462594.0,3.0,3.0,,2.0,4.0,,,3.0,,5.666666666666667,2.0,,,258.3333333333333,,266.3333333333333,271.0,,,261.0,,268.0,271.0,,,94598.33333333333,,98086.0,88786.0,,,94144.0,,89685.0,88786.0,,,2,0,0,1
2025,3,14.227999999999998,13.8,14.6,38.16,33.0,41.0,1015.06,1014.7,1015.4,False,38.548,36.9,39.3,151.04,3.3240000000000003,4.8,HAM,49112.444444444445,30677.0,50595.416666666664,40255.0,20642.909090909092,17504.0,88524.0,341191.5,4.0,,,,5.0,,,,,,4.75,,,,,,269.5,,,,,,270.0,,,,,,88821.5,,,,,,88524.0,,,2,0,0,1
2025,3,14.227999999999998,13.8,14.6,38.16,33.0,41.0,1015.06,1014.7,1015.4,False,38.548,36.9,39.3,151.04,3.3240000000000003,4.8,HUL,34066.0,31863.0,44412.86666666667,40894.0,19793.533333333333,17864.0,90621.0,482898.5,2.0,,,3.0,,,,,,9.444444444444445,,,,,,263.22222222222223,,,,,,266.0,,,,,,93530.44444444444,,,,,,90621.0,,,,2,0,0,1
2025,3,14.227999999999998,13.8,14.6,38.16,33.0,41.0,1015.06,1014.7,1015.4,False,38.548,36.9,39.3,151.04,3.3240000000000003,4.8,LAW,36254.333333333336,31190.0,44398.89473684211,40371.0,20644.315789473683,17543.0,89104.0,400766.0,3.0,,,3.0,4.0,,,,,9.9,2.0,,,,,259.2,272.0,,,,,267.0,272.0,,,,,94166.9,89104.0,,,,,90246.0,89104.0,,,2,0,0,1
2025,3,14.227999999999998,13.8,14.6,38.16,33.0,41.0,1015.06,1014.7,1015.4,False,38.548,36.9,39.3,151.04,3.3240000000000003,4.8,LEC,44528.555555555555,30632.0,52007.25,40215.0,22352.0,17507.0,88414.0,322681.0,3.0,,,,4.0,,,,,,2.8,,,,,,270.0,,,,,,272.0,,,,,,106643.0,,,,,,88414.0,,,2,0,0,1
2025,3,14.227999999999998,13.8,14.6,38.16,33.0,41.0,1015.06,1014.7,1015.4,False,38.548,36.9,39.3,151.04,3.3240000000000003,4.8,NOR,35158.357142857145,30476.0,50782.05882352941,39951.0,20622.0,17513.0,87965.0,660260.0,2.0,,,,3.0,,,,,,4.833333333333333,,,,,,261.3333333333333,,,,,,271.0,,,,,,107519.75,,,,,,87965.0,,,2,0,0,1
2025,3,14.227999999999998,13.8,14.6,38.16,33.0,41.0,1015.06,1014.7,1015.4,False,38.548,36.9,39.3,151.04,3.3240000000000003,4.8,OCO,35366.61538461538,31407.0,45730.6875,40609.0,20333.133333333335,17874.0,90183.0,379883.0,3.0,3.0,,,,,,7.9,,,,,,261.1,,,,,,270.0,,,,,,98499.7,,,,,,90183.0,,,,,,2,0,0,1
2025,3,14.227999999999998,13.8,14.6,38.16,33.0,41.0,1015.06,1014.7,1015.4,False,38.548,36.9,39.3,151.04,3.3240000000000003,4.8,PIA,39550.642857142855,30536.0,47258.4375,39971.0,21440.25,17397.0,87991.0,452387.6666666667,3.0,,,,4.0,,,,,,5.1,,,,,,268.0,,,,,,272.0,,,,,,100594.0,,,,,,87991.0,,,2,0,0,1
2025,3,14.227999999999998,13.8,14.6,38.16,33.0,41.0,1015.06,1014.7,1015.4,False,38.548,36.9,39.3,151.04,3.3240000000000003,4.8,RUS,48823.181818181816,30687.0,54420.78571428572,39858.0,23237.785714285714,17532.0,88077.0,373772.25,4.0,,,,5.0,,,,,,4.428571428571429,,,,,,257.85714285714283,,,,,,273.0,,,,,,112613.42857142857,,,,,,88077.0,,,2,0,0,1
2025,3,14.227999999999998,13.8,14.6,38.16,33.0,41.0,1015.06,1014.7,1015.4,False,38.548,36.9,39.3,151.04,3.3240000000000003,4.8,SAI,42368.84210526316,31054.0,48693.04761904762,40297.0,21174.65,17495.0,88846.0,180114.75,4.0,3.0,,,4.0,,,11.333333333333334,,,2.0,,,267.5833333333333,,,271.0,,,271.0,,,271.0,,,102230.66666666667,,,88846.0,,,90552.0,,,88846.0,,,2,0,0,1
2025,3,14.227999999999998,13.8,14.6,38.16,33.0,41.0,1015.06,1014.7,1015.4,False,38.548,36.9,39.3,151.04,3.3240000000000003,4.8,STR,43460.666666666664,31347.0,52407.8125,40934.0,23049.066666666666,17776.0,90267.0,319089.0,4.0,,,4.0,,,,,,7.333333333333333,,,,,,259.8888888888889,,,,,,268.0,,,,,,112181.11111111111,,,,,,90267.0,,,,2,0,0,1
2025,3,14.227999999999998,13.8,14.6,38.16,33.0,41.0,1015.06,1014.7,1015.4,False,38.548,36.9,39.3,151.04,3.3240000000000003,4.8,TSU,48583.416666666664,30863.0,52722.78571428572,40335.0,22521.214285714286,17587.0,88785.0,224174.0,4.0,4.0,,,5.0,,,5.0,,,2.0,,,267.5,,,268.0,,,269.0,,,268.0,,,90131.25,,,88785.0,,,89406.0,,,88785.0,,,2,0,0,1
2025,3,14.227999999999998,13.8,14.6,38.16,33.0,41.0,1015.06,1014.7,1015.4,False,38.548,36.9,39.3,151.04,3.3240000000000003,4.8,VER,39596.4375,30756.0,48204.73684210526,40172.0,20423.473684210527,17515.0,88497.0,314086.6666666667,3.0,2.0,,,4.0,,,9.2,,,3.5,,,259.7,,,268.5,,,268.0,,,269.0,,,94058.1,,,88591.0,,,90397.0,,,88497.0,,,2,0,0,1
2025,4,31.18625,29.8,34.3,46.6375,38.0,49.0,1001.7674999999999,1001.5,1001.9,False,42.2,39.3,47.3,19.625,3.07625,4.6,ALB,43078.0,29546.0,53416.875,40610.0,31447.0625,23445.0,93753.0,170709.99999999988,4.0,3.0,,,5.0,,,5.0,,,4.333333333333333,,,283.0,,,283.6666666666667,,,285.0,,,286.0,,,110509.66666666667,,,101794.0,,,95110.0,,,93753.0,,,0,0,1,3
2025,4,31.18625,29.8,34.3,46.6375,38.0,49.0,1001.7674999999999,1001.5,1001.9,False,42.2,39.3,47.3,19.625,3.07625,4.6,ALO,41530.066666666666,29648.0,51880.11111111111,40251.0,28930.833333333332,23557.0,93548.0,208348.99999999985,3.0,,,,4.0,,,,,,5.222222222222222,,,,,,257.3333333333333,,,,,,288.0,,,,,,110439.66666666667,,,,,,93548.0,,,0,0,1,3
2025,4,31.18625,29.8,34.3,46.6375,38.0,49.0,1001.7674999999999,1001.5,1001.9,False,42.2,39.3,47.3,19.625,3.07625,4.6,ANT,47367.77777777778,29327.0,54088.833333333336,40403.0,29356.75,23186.0,92916.0,302794.3333333333,3.0,,,2.0,4.0,,,,,3.5,3.5,,,,,283.0,166.5,,,,,284.0,287.0,,,,,95089.5,110764.5,,,,,95032.0,92916.0,,,0,0,1,3
2025,4,31.18625,29.8,34.3,46.6375,38.0,49.0,1001.7674999999999,1001.5,1001.9,False,42.2,39.3,47.3,19.625,3.07625,4.6,BEA,42712.57142857143,29824.0,50626.055555555555,40671.0,29668.666666666668,23840.0,94335.0,419877.00000000006,4.0,5.0,,,4.0,,,8.428571428571429,,,2.0,,,246.0,,,284.0,,,285.0,,,284.0,,,104890.0,,,94335.0,,,97207.0,,,94335.0,,,0,0,1,3
2025,4,31.18625,29.8,34.3,46.6375,38.0,49.0,1001.7674999999999,1001.5,1001.9,False,42.2,39.3,47.3,19.625,3.07625,4.6,BOR,46676.916666666664,29772.0,53889.125,40816.0,30479.0,23805.0,94518.0,172819.5,6.0,,,,7.0,,,,,,4.75,,,,,,240.25,,,,,,285.0,,,,,,102117.0,,,,,,94518.0,,,0,0,1,3
2025,4,31.18625,29.8,34.3,46.6375,38.0,49.0,1001.7674999999999,1001.5,1001.9,False,42.2,39.3,47.3,19.625,3.07625,4.6,DOO,48862.0,29501.0,52825.166666666664,40342.0,30635.470588235294,23190.0,93347.0,205323.2,5.0,,,3.0,6.0,,,,,5.0,4.75,,,,,283.6666666666667,198.75,,,,,286.0,286.0,,,,,95275.66666666667,121684.25,,,,,94806.0,93347.0,,,0,0,1,3
2025,4,31.18625,29.8,34.3,46.6375,38.0,49.0,1001.7674999999999,1001.5,1001.9,False,42.2,39.3,47.3,19.625,3.07625,4.6,GAS,47232.125,29629.0,57332.166666666664,40023.0,30347.58823529412,23181.0,92974.0,228646.75,4.0,,,3.0,5.0,,,,,5.0,5.6,,,,,283.0,242.6,,,,,284.0,286.0,,,,,94802.0,117814.2,,,,,94572.0,92974.0,,,0,0,1,3
2025,4,31.18625,29.8,34.3,46.6375,38.0,49.0,1001.7674999999999,1001.5,1001.9,False,42.2,39.3,47.3,19.625,3.07625,4.6,HAD,43617.818181818184,29504.0,49832.4,40299.0,28073.8,23220.0,93023.0,152488.40000000008,5.0,,,2.0,6.0,,,,,3.5,5.0,,,,,283.5,227.0,,,,,285.0,286.0,,,,,94763.0,119589.0,,,,,94681.0,93023.0,,,0,0,1,3
2025,4,31.18625,29.8,34.3,46.6375,38.0,49.0,1001.7674999999999,1001.5,1001.9,False,42.2,39.3,47.3,19.625,3.07625,4.6,HAM,43560.13333333333,29676.0,55013.666666666664,40127.0,30891.722222222223,23239.0,93111.0,345400.25,4.0,,,,5.0,,,,,,9.0,,,,,,255.0,,,,,,288.0,,,,,,103090.71428571429,,,,,,93111.0,,,0,0,1,3
2025,4,31.18625,29.8,34.3,46.6375,38.0,49.0,1001.7674999999999,1001.5,1001.9,False,42.2,39.3,47.3,19.625,3.07625,4.6,HUL,43853.6,30032.0,52259.5,40946.0,29575.166666666668,23658.0,94636.0,20677.0,1.0,,,,2.0,,,,,,3.5,,,,,,283.5,,,,,,284.0,,,,,,94756.5,,,,,,94636.0,,,0,0,1,3
2025,4,31.18625,29.8,34.3,46.6375,38.0,49.0,1001.7674999999999,1001.5,1001.9,False,42.2,39.3,47.3,19.625,3.07625,4.6,LAW,44495.6,29571.0,53750.42857142857,40482.0,30081.85714285714,23317.0,93370.0,175810.24999999988,4.0,,,2.0,5.0,,,,,3.5,4.333333333333333,,,,,284.5,209.33333333333334,,,,,286.0,286.0,,,,,94775.5,112400.0,,,,,94647.0,93370.0,,,0,0,1,3
2025,4,31.18625,29.8,34.3,46.6375,38.0,49.0,1001.7674999999999,1001.5,1001.9,False,42.2,39.3,47.3,19.625,3.07625,4.6,LEC,43516.0,29393.0,52803.61111111111,39995.0,29807.63157894737,23092.0,92480.0,239269.25,4.0,,,,5.0,,,,,,8.125,,,,,,258.75,,,,,,288.0,,,,,,101827.0,,,,,,92480.0,,,0,0,1,3
2025,4,31.18625,29.8,34.3,46.6375,38.0,49.0,1001.7674999999999,1001.5,1001.9,False,42.2,39.3,47.3,19.625,3.07625,4.6,NOR,41755.73333333333,29392.0,51772.27777777778,39780.0,30356.722222222223,23142.0,92314.0,209326.75,4.0,,,,5.0,,,,,,6.0,,,,,,236.125,,,,,,283.0,,,,,,106289.875,,,,,,92314.0,,,0,0,1,3
2025,4,31.18625,29.8,34.3,46.6375,38.0,49.0,1001.7674999999999,1001.5,1001.9,False,42.2,39.3,47.3,19.625,3.07625,4.6,OCO,41691.07692307692,29618.0,54213.82352941176,40271.0,31907.823529411766,23351.0,93240.0,406819.25,4.0,5.0,,,4.0,,,7.833333333333333,,,2.0,,,242.83333333333334,,,285.0,,,285.0,,,285.0,,,104866.16666666667,,,93240.0,,,96110.0,,,93240.0,,,0,0,1,3
2025,4,31.18625,29.8,34.3,46.6375,38.0,49.0,1001.7674999999999,1001.5,1001.9,False,42.2,39.3,47.3,19.625,3.07625,4.6,PIA,42787.0,29144.0,52911.692307692305,39575.0,31054.30769230769,22927.0,91646.0,374197.0,3.0,,,,4.0,,,,,,4.0,,,,,,200.0,,,,,,287.0,,,,,,111513.8,,,,,,91646.0,,,0,0,1,3
2025,4,31.18625,29.8,34.3,46.6375,38.0,49.0,1001.7674999999999,1001.5,1001.9,False,42.2,39.3,47.3,19.625,3.07625,4.6,RUS,45994.1,29574.0,60635.53846153846,40174.0,31087.583333333332,23079.0,92827.0,178390.66666666666,3.0,,,1.0,4.0,,,,,3.5,3.5,,,,,283.0,171.5,,,,,283.0,287.0,,,,,119995.5,120011.5,,,,,94887.0,92827.0,,,0,0,1,3
2025,4,31.18625,29.8,34.3,46.6375,38.0,49.0,1001.7674999999999,1001.5,1001.9,False,42.2,39.3,47.3,19.625,3.07625,4.6,SAI,41713.818181818184,29554.0,52032.933333333334,40043.0,31336.2,23495.0,93092.0,225352.49999999988,4.0,3.0,,,5.0,,,4.333333333333333,,,4.333333333333333,,,283.0,,,215.33333333333334,,,289.0,,,283.0,,,128078.66666666667,,,111966.33333333333,,,95414.0,,,93092.0,,,0,0,1,3
2025,4,31.18625,29.8,34.3,46.6375,38.0,49.0,1001.7674999999999,1001.5,1001.9,False,42.2,39.3,47.3,19.625,3.07625,4.6,STR,41946.38461538462,29773.0,58367.1875,40506.0,31849.0,23686.0,94363.0,262466.6666666667,3.0,,,,4.0,,,,,,5.285714285714286,,,,,,251.57142857142858,,,,,,284.0,,,,,,113087.42857142857,,,,,,94363.0,,,0,0,1,3
2025,4,31.18625,29.8,34.3,46.6375,38.0,49.0,1001.7674999999999,1001.5,1001.9,False,42.2,39.3,47.3,19.625,3.07625,4.6,TSU,47228.5,30206.0,55942.86666666667,41248.0,30480.933333333334,23511.0,94965.0,284134.5000000002,4.0,5.0,,,,,,7.4,,,,,,235.8,,,,,,285.0,,,,,,108708.2,,,,,,94965.0,,,,,,0,0,1,3
2025,4,31.18625,29.8,34.3,46.6375,38.0,49.0,1001.7674999999999,1001.5,1001.9,False,42.2,39.3,47.3,19.625,3.07625,4.6,VER,38928.666666666664,29558.0,53838.07692307692,40128.0,29640.0,23341.0,93027.0,447948.6666666667,3.0,,,,4.0,,,,,,4.5,,,,,,212.75,,,,,,285.0,,,,,,107959.5,,,,,,93027.0,,,0,0,1,3
2025,5,29.267901234567898,28.9,29.6,61.24691358024691,55.0,68.0,1005.641975308642,1005.5,1005.8,False,48.76543209876543,44.7,53.4,276.7654320987654,1.8901234567901233,3.1,ALB,44492.27272727273,32137.0,35273.875,27885.0,35515.125,28367.0,88389.0,252706.0,4.0,,,,5.0,,,,,,4.666666666666667,,,,,,265.3333333333333,,,,,,306.0,,,,,,104073.33333333333,,,,,,88389.0,,,0,0,0,2
2025,5,29.267901234567898,28.9,29.6,61.24691358024691,55.0,68.0,1005.641975308642,1005.5,1005.8,False,48.76543209876543,44.7,53.4,276.7654320987654,1.8901234567901233,3.1,ALO,49003.0,32243.000000000004,35958.21052631579,28012.0,38746.78947368421,28633.0,88888.0,205403.57142857142,7.0,,,,8.0,,,,,,5.166666666666667,,,,,,296.0,,,,,,301.0,,,,,,90246.83333333333,,,,,,88888.0,,,0,0,0,2
2025,5,29.267901234567898,28.9,29.6,61.24691358024691,55.0,68.0,1005.641975308642,1005.5,1005.8,False,48.76543209876543,44.7,53.4,276.7654320987654,1.8901234567901233,3.1,ANT,48197.42857142857,32286.0,36461.0,27880.0,36118.944444444445,28423.0,88679.0,133060.0,5.0,,,,6.0,,,,,,5.714285714285714,,,,,,267.42857142857144,,,,,,306.0,,,,,,106169.0,,,,,,88679.0,,,0,0,0,2
2025,5,29.267901234567898,28.9,29.6,61.24691358024691,55.0,68.0,1005.641975308642,1005.5,1005.8,False,48.76543209876543,44.7,53.4,276.7654320987654,1.8901234567901233,3.1,BEA,45569.9,32531.999999999996,37962.53333333333,27975.0,36670.73333333333,28475.0,88989.0,429014.75,4.0,,,,5.0,,,,,,4.4,,,,,,249.6,,,,,,303.0,,,,,,95717.2,,,,,,88989.0,,,0,0,0,2
2025,5,29.267901234567898,28.9,29.6,61.24691358024691,55.0,68.0,1005.641975308642,1005.5,1005.8,False,48.76543209876543,44.7,53.4,276.7654320987654,1.8901234567901233,3.1,BOR,43342.19047619047,32665.0,36048.416666666664,28238.0,37057.291666666664,28507.0,89410.0,394956.0,3.0,,,2.0,4.0,,,,,9.444444444444445,5.0,,,,,297.3333333333333,233.0,,,,,305.0,309.0,,,,,92536.44444444444,111411.25,,,,,91006.0,89410.0,,,0,0,0,2
2025,5,29.267901234567898,28.9,29.6,61.24691358024691,55.0,68.0,1005.641975308642,1005.5,1005.8,False,48.76543209876543,44.7,53.4,276.7654320987654,1.8901234567901233,3.1,DOO,50569.294117647056,32435.000000000004,37923.09523809524,28062.0,37105.333333333336,28388.0,88898.0,226382.1666666666,6.0,,,,7.0,,,,,,6.0,,,,,,265.625,,,,,,307.0,,,,,,103508.0,,,,,,88898.0,,,0,0,0,2
2025,5,29.267901234567898,28.9,29.6,61.24691358024691,55.0,68.0,1005.641975308642,1005.5,1005.8,False,48.76543209876543,44.7,53.4,276.7654320987654,1.8901234567901233,3.1,GAS,51621.5,32198.0,38390.6875,28062.0,38404.0625,28365.0,88625.0,173777.75,4.0,,,,5.0,,,,,,4.333333333333333,,,,,,304.0,,,,,,306.0,,,,,,98968.0,,,,,,88625.0,,,0,0,0,2
2025,5,29.267901234567898,28.9,29.6,61.24691358024691,55.0,68.0,1005.641975308642,1005.5,1005.8,False,48.76543209876543,44.7,53.4,276.7654320987654,1.8901234567901233,3.1,HAD,43908.166666666664,32359.0,35835.882352941175,28012.0,39152.117647058825,28398.0,88769.0,354810.0,4.0,,,,5.0,,,,,,13.428571428571429,,,,,,251.14285714285714,,,,,,307.0,,,,,,109101.28571428571,,,,,,88769.0,,,0,0,0,2
2025,5,29.267901234567898,28.9,29.6,61.24691358024691,55.0,68.0,1005.641975308642,1005.5,1005.8,False,48.76543209876543,44.7,53.4,276.7654320987654,1.8901234567901233,3.1,HAM,53428.0625,32323.0,45525.65,27979.0,38417.75,28451.0,88780.0,139228.2,5.0,,,,6.0,,,,,,4.714285714285714,,,,,,303.57142857142856,,,,,,308.0,,,,,,111646.14285714286,,,,,,88780.0,,,0,0,0,2
2025,5,29.267901234567898,28.9,29.6,61.24691358024691,55.0,68.0,1005.641975308642,1005.5,1005.8,False,48.76543209876543,44.7,53.4,276.7654320987654,1.8901234567901233,3.1,HUL,50023.153846153844,32561.999999999996,37001.9375,28143.0,37773.875,28486.0,89220.0,199464.4,5.0,,,,6.0,,,,,,4.5,,,,,,264.6666666666667,,,,,,306.0,,,,,,105860.16666666667,,,,,,89220.0,,,0,0,0,2
2025,5,29.267901234567898,28.9,29.6,61.24691358024691,55.0,68.0,1005.641975308642,1005.5,1005.8,False,48.76543209876543,44.7,53.4,276.7654320987654,1.8901234567901233,3.1,LAW,49684.92307692308,32347.0,35568.055555555555,28053.0,39112.444444444445,28406.0,88861.0,151024.57142857142,7.0,,,,8.0,,,,,,5.666666666666667,,,,,,233.33333333333334,,,,,,302.0,,,,,,107971.33333333333,,,,,,88861.0,,,0,0,0,2
2025,5,29.267901234567898,28.9,29.6,61.24691358024691,55.0,68.0,1005.641975308642,1005.5,1005.8,False,48.76543209876543,44.7,53.4,276.7654320987654,1.8901234567901233,3.1,LEC,48127.41176470588,32151.000000000004,42039.333333333336,27982.0,38615.42857142857,28239.0,88372.0,154806.0,4.0,,,,5.0,,,,,,5.75,,,,,,304.25,,,,,,307.0,,,,,,94170.875,,,,,,88372.0,,,0,0,0,2
2025,5,29.267901234567898,28.9,29.6,61.24691358024691,55.0,68.0,1005.641975308642,1005.5,1005.8,False,48.76543209876543,44.7,53.4,276.7654320987654,1.8901234567901233,3.1,NOR,46406.857142857145,31769.0,37562.333333333336,27670.0,37534.833333333336,27954.0,87489.0,332028.0,3.0,,,,4.0,,,,,,5.125,,,,,,271.375,,,,,,308.0,,,,,,108201.375,,,,,,87489.0,,,0,0,0,2
2025,5,29.267901234567898,28.9,29.6,61.24691358024691,55.0,68.0,1005.641975308642,1005.5,1005.8,False,48.76543209876543,44.7,53.4,276.7654320987654,1.8901234567901233,3.1,OCO,40112.8,32597.0,34618.35,28207.0,34832.45,28532.0,89336.0,335782.5,4.0,,,,5.0,,,,,,7.7,,,,,,273.2,,,,,,306.0,,,,,,96530.3,,,,,,89336.0,,,0,0,0,2
2025,5,29.267901234567898,28.9,29.6,61.24691358024691,55.0,68.0,1005.641975308642,1005.5,1005.8,False,48.76543209876543,44.7,53.4,276.7654320987654,1.8901234567901233,3.1,PIA,45132.73333333333,31827.0,34604.52631578947,27587.0,37284.05263157895,28076.0,87513.0,201401.6,5.0,,,,6.0,,,,,,5.333333333333333,,,,,,273.0,,,,,,306.0,,,,,,109413.88888888889,,,,,,87513.0,,,0,0,0,2
2025,5,29.267901234567898,28.9,29.6,61.24691358024691,55.0,68.0,1005.641975308642,1005.5,1005.8,False,48.76543209876543,44.7,53.4,276.7654320987654,1.8901234567901233,3.1,RUS,50696.692307692305,32046.0,37173.294117647056,27733.0,36920.117647058825,28319.0,88116.0,154505.8,5.0,,,,5.0,,,,,,3.5,,,,,,303.0,,,,,,306.0,,,,,,88643.0,,,,,,88116.0,,,0,0,0,2
2025,5,29.267901234567898,28.9,29.6,61.24691358024691,55.0,68.0,1005.641975308642,1005.5,1005.8,False,48.76543209876543,44.7,53.4,276.7654320987654,1.8901234567901233,3.1,SAI,44329.72727272727,32238.999999999996,38543.8,27954.0,36841.6,28377.0,88570.0,332444.0000000002,3.0,,,,4.0,,,,,,4.833333333333333,,,,,,252.66666666666666,,,,,,305.0,,,,,,106228.66666666667,,,,,,88570.0,,,0,0,0,2
2025,5,29.267901234567898,28.9,29.6,61.24691358024691,55.0,68.0,1005.641975308642,1005.5,1005.8,False,48.76543209876543,44.7,53.4,276.7654320987654,1.8901234567901233,3.1,STR,52342.666666666664,32418.999999999996,37677.0,28153.0,38319.15789473684,28762.0,89478.0,191250.42857142864,7.0,,,,8.0,,,,,,5.166666666666667,,,,,,298.0,,,,,,304.0,,,,,,90752.16666666667,,,,,,89478.0,,,0,0,0,2
2025,5,29.267901234567898,28.9,29.6,61.24691358024691,55.0,68.0,1005.641975308642,1005.5,1005.8,False,48.76543209876543,44.7,53.4,276.7654320987654,1.8901234567901233,3.1,TSU,47712.72727272727,32220.0,38271.42857142857,27935.0,36909.857142857145,28509.0,88670.0,497390.49999999977,2.0,,,,3.0,,,,,,4.428571428571429,,,,,,260.85714285714283,,,,,,307.0,,,,,,112899.0,,,,,,88670.0,,,0,0,0,2
2025,5,29.267901234567898,28.9,29.6,61.24691358024691,55.0,68.0,1005.641975308642,1005.5,1005.8,False,48.76543209876543,44.7,53.4,276.7654320987654,1.8901234567901233,3.1,VER,44175.3,32077.0,35294.21428571428,27875.0,37625.142857142855,28312.0,88334.0,456676.0,3.0,,,,4.0,,,,,,4.5,,,,,,251.33333333333334,,,,,,310.0,,,,,,104505.5,,,,,,88334.0,,,0,0,0,2
2025,7,21.992307692307694,21.5,22.5,30.58974358974359,26.0,34.0,1009.0705128205128,1008.9,1009.3,False,42.15897435897436,36.5,46.5,144.71794871794873,1.6538461538461537,2.8,ALB,38075.470588235294,23860.0,35332.4,26191.0,32943.75,25541.0,75732.0,209217.0,3.0,,,1.0,4.0,,,,,5.0,6.0,,,,,272.85714285714283,239.0,,,,,284.0,285.0,,,,,106454.28571428571,99299.0,,,,,75732.0,75762.0,,,0,0,0,4
2025,7,21.992307692307694,21.5,22.5,30.58974358974359,26.0,34.0,1009.0705128205128,1008.9,1009.3,False,42.15897435897436,36.5,46.5,144.71794871794873,1.6538461538461537,2.8,ALO,34358.857142857145,23925.0,34394.22222222222,26205.0,34794.705882352944,25570.0,75819.0,564852.6666666666,3.0,4.0,,,3.0,,,5.285714285714286,,,3.5,,,243.85714285714286,,,254.5,,,280.0,,,284.0,,,102941.42857142857,,,96777.5,,,76317.0,,,75819.0,,,0,0,0,4
2025,7,21.992307692307694,21.5,22.5,30.58974358974359,26.0,34.0,1009.0705128205128,1008.9,1009.3,False,42.15897435897436,36.5,46.5,144.71794871794873,1.6538461538461537,2.8,ANT,31809.2,23966.0,34793.6,26120.0,34000.0,25313.0,75399.0,288596.5,4.0,,,5.0,4.0,,,,,6.5,2.0,,,,,228.5,283.0,,,,,283.0,283.0,,,,,84529.75,75399.0,,,,,75919.0,75399.0,,,0,0,0,4
2025,7,21.992307692307694,21.5,22.5,30.58974358974359,26.0,34.0,1009.0705128205128,1008.9,1009.3,False,42.15897435897436,36.5,46.5,144.71794871794873,1.6538461538461537,2.8,BEA,38583.4,24178.0,33201.21428571428,26209.0,34045.07142857143,25492.0,75944.0,404443.25,4.0,,,,5.0,,,,,,4.0,,,,,,226.75,,,,,,286.0,,,,,,84736.25,,,,,,75944.0,,,0,0,0,4
2025,7,21.992307692307694,21.5,22.5,30.58974358974359,26.0,34.0,1009.0705128205128,1008.9,1009.3,False,42.15897435897436,36.5,46.5,144.71794871794873,1.6538461538461537,2.8,BOR,30112.833333333332,24011.0,33786.882352941175,26426.0,34240.470588235294,25570.0,76046.0,408562.75,4.0,,,,5.0,,,,,,5.571428571428571,,,,,,248.0,,,,,,285.0,,,,,,89464.28571428571,,,,,,76046.0,,,0,0,0,4
2025,7,21.992307692307694,21.5,22.5,30.58974358974359,26.0,34.0,1009.0705128205128,1008.9,1009.3,False,42.15897435897436,36.5,46.5,144.71794871794873,1.6538461538461537,2.8,COL,31903.3,24133.0,33312.28571428572,26493.0,32705.846153846152,25584.0,76210.0,626478.6666666666,3.0,,,,4.0,,,,,,4.5,,,,,,232.0,,,,,,287.0,,,,,,87133.5,,,,,,76210.0,,,0,0,0,4
2025,7,21.992307692307694,21.5,22.5,30.58974358974359,26.0,34.0,1009.0705128205128,1008.9,1009.3,False,42.15897435897436,36.5,46.5,144.71794871794873,1.6538461538461537,2.8,GAS,33651.4,24030.0,34260.92857142857,26391.0,33960.07692307692,25438.0,75990.0,568836.0000000001,3.0,,,,4.0,,,,,,4.5,,,,,,243.0,,,,,,284.0,,,,,,88353.66666666667,,,,,,75990.0,,,0,0,0,4
2025,7,21.992307692307694,21.5,22.5,30.58974358974359,26.0,34.0,1009.0705128205128,1008.9,1009.3,False,42.15897435897436,36.5,46.5,144.71794871794873,1.6538461538461537,2.8,HAD,40668.125,23938.0,33879.55,26133.0,33423.5,25437.0,75508.0,154080.5,6.0,,,7.0,6.0,,,,,5.833333333333333,3.5,,,,,231.83333333333334,283.5,,,,,283.0,284.0,,,,,95381.83333333333,75736.0,,,,,75508.0,75665.0,,,0,0,0,4
2025,7,21.992307692307694,21.5,22.5,30.58974358974359,26.0,34.0,1009.0705128205128,1008.9,1009.3,False,42.15897435897436,36.5,46.5,144.71794871794873,1.6538461538461537,2.8,HAM,37847.13636363636,23924.0,36762.88,26128.0,36378.04,25417.0,75787.0,175770.8,5.0,,,3.0,6.0,,,,,8.8,5.833333333333333,,,,,282.7,243.16666666666666,,,,,286.0,286.0,,,,,92678.0,100997.33333333333,,,,,75866.0,75787.0,,,0,0,0,4
2025,7,21.992307692307694,21.5,22.5,30.58974358974359,26.0,34.0,1009.0705128205128,1008.9,1009.3,False,42.15897435897436,36.5,46.5,144.71794871794873,1.6538461538461537,2.8,HUL,32946.63636363636,24329.0,31644.0625,26400.0,33683.6875,25497.0,76238.0,385703.8,5.0,,,,6.0,,,,,,4.6,,,,,,238.2,,,,,,285.0,,,,,,83489.6,,,,,,76238.0,,,0,0,0,4
2025,7,21.992307692307694,21.5,22.5,30.58974358974359,26.0,34.0,1009.0705128205128,1008.9,1009.3,False,42.15897435897436,36.5,46.5,144.71794871794873,1.6538461538461537,2.8,LAW,43787.705882352944,24127.0,35021.71428571428,26333.0,35127.09523809524,25517.0,75977.0,151583.7142857143,7.0,,,2.0,8.0,,,,,4.4,5.5,,,,,262.4,217.25,,,,,281.0,284.0,,,,,103525.6,105052.75,,,,,76678.0,75977.0,,,0,0,0,4
2025,7,21.992307692307694,21.5,22.5,30.58974358974359,26.0,34.0,1009.0705128205128,1008.9,1009.3,False,42.15897435897436,36.5,46.5,144.71794871794873,1.6538461538461537,2.8,LEC,34770.0,23966.0,34580.38461538462,26177.0,34741.730769230766,25279.0,75451.0,127996.66666666667,3.0,,,3.0,4.0,,,,,9.1,6.0,,,,,281.8,226.11111111111111,,,,,285.0,286.0,,,,,88062.5,107954.33333333333,,,,,75529.0,75451.0,,,0,0,0,4
2025,7,21.992307692307694,21.5,22.5,30.58974358974359,26.0,34.0,1009.0705128205128,1008.9,1009.3,False,42.15897435897436,36.5,46.5,144.71794871794873,1.6538461538461537,2.8,NOR,36155.6,23743.0,34045.36842105263,25924.0,32854.31578947369,25095.0,74897.0,403168.8,5.0,,,3.0,6.0,,,,,4.8,5.6,,,,,279.6,234.0,,,,,280.0,286.0,,,,,91802.4,100213.0,,,,,75269.0,74897.0,,,0,0,0,4
2025,7,21.992307692307694,21.5,22.5,30.58974358974359,26.0,34.0,1009.0705128205128,1008.9,1009.3,False,42.15897435897436,36.5,46.5,144.71794871794873,1.6538461538461537,2.8,OCO,42563.25,24355.0,33672.13333333333,26413.0,34509.53333333333,25571.0,76387.0,377480.0,4.0,,,,5.0,,,,,,4.4,,,,,,242.0,,,,,,284.0,,,,,,83784.2,,,,,,76387.0,,,0,0,0,4
2025,7,21.992307692307694,21.5,22.5,30.58974358974359,26.0,34.0,1009.0705128205128,1008.9,1009.3,False,42.15897435897436,36.5,46.5,144.71794871794873,1.6538461538461537,2.8,PIA,31303.933333333334,23658.0,31518.894736842107,25929.0,32315.0,25311.0,74997.0,356255.3333333333,3.0,,,4.0,3.0,,,,,5.285714285714286,4.0,,,,,237.14285714285714,257.25,,,,,282.0,284.0,,,,,92420.42857142857,89689.75,,,,,75753.0,74997.0,,,0,0,0,4
2025,7,21.992307692307694,21.5,22.5,30.58974358974359,26.0,34.0,1009.0705128205128,1008.9,1009.3,False,42.15897435897436,36.5,46.5,144.71794871794873,1.6538461538461537,2.8,RUS,36314.8,23921.0,37464.57142857143,26126.0,35756.153846153844,25436.0,75662.0,361528.0,3.0,,,4.0,3.0,,,,,4.75,4.0,,,,,223.25,280.0,,,,,285.0,280.0,,,,,101939.75,76344.0,,,,,75662.0,76344.0,,,0,0,0,4
2025,7,21.992307692307694,21.5,22.5,30.58974358974359,26.0,34.0,1009.0705128205128,1008.9,1009.3,False,42.15897435897436,36.5,46.5,144.71794871794873,1.6538461538461537,2.8,SAI,36809.72222222222,23846.0,33559.380952380954,26165.0,34238.90476190476,25265.0,75457.0,148033.5,4.0,,,4.0,5.0,,,,,6.666666666666667,5.0,,,,,275.8333333333333,213.42857142857142,,,,,283.0,283.0,,,,,94426.33333333333,101994.42857142857,,,,,75484.0,75457.0,,,0,0,0,4
2025,7,21.992307692307694,21.5,22.5,30.58974358974359,26.0,34.0,1009.0705128205128,1008.9,1009.3,False,42.15897435897436,36.5,46.5,144.71794871794873,1.6538461538461537,2.8,STR,34595.88888888889,23938.0,37079.59090909091,26345.0,32584.619047619046,25681.0,75975.0,417791.3333333333,3.0,3.0,,,4.0,,,6.666666666666667,,,4.5,,,279.3333333333333,,,232.16666666666666,,,280.0,,,283.0,,,100479.66666666667,,,105856.5,,,76774.0,,,75975.0,,,0,0,0,4
2025,7,21.992307692307694,21.5,22.5,30.58974358974359,26.0,34.0,1009.0705128205128,1008.9,1009.3,False,42.15897435897436,36.5,46.5,144.71794871794873,1.6538461538461537,2.8,TSU,36662.818181818184,24071.0,38649.92857142857,26200.0,36235.92857142857,25611.0,76110.0,616296.5,2.0,,,1.0,3.0,,,,,3.6666666666666665,5.0,,,,,281.3333333333333,164.75,,,,,282.0,283.0,,,,,95292.66666666667,96087.0,,,,,76110.0,76654.0,,,0,0,0,4
2025,7,21.992307692307694,21.5,22.5,30.58974358974359,26.0,34.0,1009.0705128205128,1008.9,1009.3,False,42.15897435897436,36.5,46.5,144.71794871794873,1.6538461538461537,2.8,VER,38674.642857142855,23656.0,35380.470588235294,25998.0,33448.05882352941,25181.0,75078.0,271428.0,4.0,,,3.0,5.0,,,,,5.2,5.0,,,,,283.6,217.0,,,,,285.0,284.0,,,,,102007.0,92676.5,,,,,75078.0,75239.0,,,0,0,0,4
2025,8,21.38219178082192,20.9,22.0,52.02739726027397,46.0,57.0,1015.7356164383561,1015.4,1016.0,False,40.290410958904104,37.7,42.8,248.8904109589041,0.9821917808219178,2.1,ALB,24290.782608695652,18540.0,45051.913043478264,33998.0,23124.18181818182,18995.0,71668.0,263162.0,1.0,,,,2.0,,,,,,6.045454545454546,,,,,,267.04545454545456,,,,,,271.0,,,,,,94443.81818181818,,,,,,71668.0,,,1,0,0,4
2025,8,21.38219178082192,20.9,22.0,52.02739726027397,46.0,57.0,1015.7356164383561,1015.4,1016.0,False,40.290410958904104,37.7,42.8,248.8904109589041,0.9821917808219178,2.1,ALO,24455.0,18845.0,42862.28571428572,34117.0,27357.78947368421,19132.0,72101.0,375489.0,4.0,,,5.0,4.0,,,,,4.5,5.0,,,,,246.125,263.1111111111111,,,,,270.0,271.0,,,,,95953.0,91218.22222222222,,,,,72101.0,72549.0,,,1,0,0,4
2025,8,21.38219178082192,20.9,22.0,52.02739726027397,46.0,57.0,1015.7356164383561,1015.4,1016.0,False,40.290410958904104,37.7,42.8,248.8904109589041,0.9821917808219178,2.1,ANT,25946.82608695652,18818.0,42596.77272727273,34010.0,25443.380952380954,19024.0,72013.0,83270.6,5.0,,,,5.0,,,,,,5.588235294117647,,,,,,261.5882352941176,,,,,,271.0,,,,,,88391.70588235294,,,,,,72013.0,,,1,0,0,4
2025,8,21.38219178082192,20.9,22.0,52.02739726027397,46.0,57.0,1015.7356164383561,1015.4,1016.0,False,40.290410958904104,37.7,42.8,248.8904109589041,0.9821917808219178,2.1,BEA,25294.052631578947,18807.0,43540.78947368421,34174.0,27567.833333333332,19082.0,72251.0,298343.3333333333,3.0,,,,4.0,,,,,,4.8125,,,,,,263.9375,,,,,,270.0,,,,,,94271.1875,,,,,,72251.0,,,1,0,0,4
2025,8,21.38219178082192,20.9,22.0,52.02739726027397,46.0,57.0,1015.7356164383561,1015.4,1016.0,False,40.290410958904104,37.7,42.8,248.8904109589041,0.9821917808219178,2.1,BOR,24436.785714285714,18843.0,42697.333333333336,34347.0,24956.96153846154,19294.0,72601.0,282288.0,2.0,,,1.0,3.0,,,,,7.0,7.333333333333333,,,,,255.46153846153845,255.75,,,,,265.0,268.0,,,,,92593.61538461539,89076.0,,,,,73467.0,72601.0,,,1,0,0,4
2025,8,21.38219178082192,20.9,22.0,52.02739726027397,46.0,57.0,1015.7356164383561,1015.4,1016.0,False,40.290410958904104,37.7,42.8,248.8904109589041,0.9821917808219178,2.1,COL,25468.65625,18931.0,45228.709677419356,34531.0,27091.566666666666,19343.0,72851.0,143664.6666666665,3.0,,,,4.0,,,,,,8.107142857142858,,,,,,254.67857142857142,,,,,,269.0,,,,,,95168.46428571429,,,,,,72851.0,,,1,0,0,4
2025,8,21.38219178082192,20.9,22.0,52.02739726027397,46.0,57.0,1015.7356164383561,1015.4,1016.0,False,40.290410958904104,37.7,42.8,248.8904109589041,0.9821917808219178,2.1,GAS,25702.4,18792.0,42729.55,34170.0,24687.722222222223,19126.0,72194.0,810081.0,1.0,,,,2.0,,,,,,5.222222222222222,,,,,,249.38888888888889,,,,,,266.0,,,,,,93137.44444444444,,,,,,72194.0,,,1,0,0,4
2025,8,21.38219178082192,20.9,22.0,52.02739726027397,46.0,57.0,1015.7356164383561,1015.4,1016.0,False,40.290410958904104,37.7,42.8,248.8904109589041,0.9821917808219178,2.1,HAD,25050.4,18822.0,42296.10344827586,34210.0,25145.615384615383,19156.0,72271.0,204904.75,4.0,,,,5.0,,,,,,7.04,,,,,,259.08,,,,,,268.0,,,,,,90282.52,,,,,,72271.0,,,1,0,0,4
2025,8,21.38219178082192,20.9,22.0,52.02739726027397,46.0,57.0,1015.7356164383561,1015.4,1016.0,False,40.290410958904104,37.7,42.8,248.8904109589041,0.9821917808219178,2.1,HAM,28139.8,18494.0,45324.16,33789.0,26222.304347826088,18987.0,71516.0,485737.5,2.0,,,,3.0,,,,,,6.3478260869565215,,,,,,234.04347826086956,,,,,,269.0,,,,,,99500.47826086957,,,,,,71516.0,,,1,0,0,4
2025,8,21.38219178082192,20.9,22.0,52.02739726027397,46.0,57.0,1015.7356164383561,1015.4,1016.0,False,40.290410958904104,37.7,42.8,248.8904109589041,0.9821917808219178,2.1,HUL,23620.6,18913.0,41205.04,34094.0,24807.260869565216,19078.0,72125.0,683926.0,1.0,,,1.0,2.0,,,,,6.0,6.5,,,,,254.54545454545453,257.0833333333333,,,,,265.0,268.0,,,,,90796.0,88909.58333333333,,,,,72968.0,72125.0,,,1,0,0,4
2025,8,21.38219178082192,20.9,22.0,52.02739726027397,46.0,57.0,1015.7356164383561,1015.4,1016.0,False,40.290410958904104,37.7,42.8,248.8904109589041,0.9821917808219178,2.1,LAW,23826.645161290322,18791.0,42186.25,33944.0,26504.066666666666,19049.0,71814.0,122903.2,5.0,,,,6.0,,,,,,8.592592592592593,,,,,,259.18518518518516,,,,,,269.0,,,,,,88617.62962962964,,,,,,71814.0,,,1,0,0,4
2025,8,21.38219178082192,20.9,22.0,52.02739726027397,46.0,57.0,1015.7356164383561,1015.4,1016.0,False,40.290410958904104,37.7,42.8,248.8904109589041,0.9821917808219178,2.1,LEC,24120.32,18396.0,43792.0,33660.0,26841.08695652174,18896.0,70953.0,139725.0,3.0,,,,4.0,,,,,,5.857142857142857,,,,,,265.95238095238096,,,,,,269.0,,,,,,90569.23809523809,,,,,,70953.0,,,1,0,0,4
2025,8,21.38219178082192,20.9,22.0,52.02739726027397,46.0,57.0,1015.7356164383561,1015.4,1016.0,False,40.290410958904104,37.7,42.8,248.8904109589041,0.9821917808219178,2.1,NOR,21773.91304347826,18557.0,41654.86956521739,33657.0,26599.809523809523,18918.0,71247.0,209303.0,3.0,,,,4.0,,,,,,5.842105263157895,,,,,,265.1578947368421,,,,,,271.0,,,,,,87874.94736842105,,,,,,71247.0,,,1,0,0,4
2025,8,21.38219178082192,20.9,22.0,52.02739726027397,46.0,57.0,1015.7356164383561,1015.4,1016.0,False,40.290410958904104,37.7,42.8,248.8904109589041,0.9821917808219178,2.1,OCO,25265.76,19002.0,42569.958333333336,34235.0,23990.869565217392,19233.0,72499.0,698864.0,1.0,,,,2.0,,,,,,6.521739130434782,,,,,,264.1304347826087,,,,,,269.0,,,,,,91638.73913043478,,,,,,72499.0,,,1,0,0,4
2025,8,21.38219178082192,20.9,22.0,52.02739726027397,46.0,57.0,1015.7356164383561,1015.4,1016.0,False,40.290410958904104,37.7,42.8,248.8904109589041,0.9821917808219178,2.1,PIA,25311.571428571428,18683.0,43785.7,33770.0,26280.526315789473,18919.0,71398.0,202196.0,3.0,,,,4.0,,,,,,5.235294117647059,,,,,,266.6470588235294,,,,,,273.0,,,,,,92688.05882352941,,,,,,71398.0,,,1,0,0,4
2025,8,21.38219178082192,20.9,22.0,52.02739726027397,46.0,57.0,1015.7356164383561,1015.4,1016.0,False,40.290410958904104,37.7,42.8,248.8904109589041,0.9821917808219178,2.1,RUS,25058.090909090908,18664.0,44074.04761904762,34149.0,27113.65,19080.0,72066.0,104492.0,4.0,,,,5.0,,,,,,5.411764705882353,,,,,,263.3529411764706,,,,,,272.0,,,,,,93997.76470588235,,,,,,72066.0,,,1,0,0,4
2025,8,21.38219178082192,20.9,22.0,52.02739726027397,46.0,57.0,1015.7356164383561,1015.4,1016.0,False,40.290410958904104,37.7,42.8,248.8904109589041,0.9821917808219178,2.1,SAI,25569.909090909092,18758.0,44921.0,34046.0,24592.136363636364,19008.0,71893.0,164358.5,2.0,,,,3.0,,,,,,6.0476190476190474,,,,,,248.0952380952381,,,,,,270.0,,,,,,95302.14285714286,,,,,,71893.0,,,1,0,0,4
2025,8,21.38219178082192,20.9,22.0,52.02739726027397,46.0,57.0,1015.7356164383561,1015.4,1016.0,False,40.290410958904104,37.7,42.8,248.8904109589041,0.9821917808219178,2.1,STR,26120.625,18740.0,43444.82608695652,34223.0,25549.619047619046,19129.0,72202.0,311048.0,4.0,,,4.0,5.0,,,,,6.5,4.0,,,,,269.3333333333333,269.42857142857144,,,,,275.0,271.0,,,,,93259.41666666667,94226.14285714286,,,,,72555.0,72202.0,,,1,0,0,4
2025,8,21.38219178082192,20.9,22.0,52.02739726027397,46.0,57.0,1015.7356164383561,1015.4,1016.0,False,40.290410958904104,37.7,42.8,248.8904109589041,0.9821917808219178,2.1,TSU,25663.809523809523,18653.0,42918.80952380953,34063.0,24130.444444444445,19074.0,71952.0,332577.0,2.0,,,1.0,3.0,,,,,6.0,4.0,,,,,242.0,234.57142857142858,,,,,269.0,268.0,,,,,91663.27272727272,92803.0,,,,,72056.0,71952.0,,,1,0,0,4
2025,8,21.38219178082192,20.9,22.0,52.02739726027397,46.0,57.0,1015.7356164383561,1015.4,1016.0,False,40.290410958904104,37.7,42.8,248.8904109589041,0.9821917808219178,2.1,VER,24629.636363636364,18500.0,42782.681818181816,33774.0,25527.571428571428,18935.0,71233.0,175140.0,3.0,,,1.0,4.0,,,,,5.5,5.444444444444445,,,,,253.8,258.6666666666667,,,,,267.0,268.0,,,,,89398.8,92190.66666666667,,,,,71233.0,71297.0,,,1,0,0,4
2025,9,29.920408163265304,29.5,30.3,34.857142857142854,32.0,40.0,1006.0795918367347,1005.9,1006.2,False,46.82448979591837,45.6,47.7,137.42857142857142,1.2612244897959184,2.4,ALB,35919.5,21923.0,42141.0,30006.0,31923.2,22360.0,74289.0,376350.0,1.0,,,,1.0,,,,,,1.0,,,,,,290.0,,,,,,290.0,,,,,,74289.0,,,,,,74289.0,,,0,0,0,1
2025,9,29.920408163265304,29.5,30.3,34.857142857142854,32.0,40.0,1006.0795918367347,1005.9,1006.2,False,46.82448979591837,45.6,47.7,137.42857142857142,1.2612244897959184,2.4,ALO,35418.181818181816,21881.0,38859.0,29329.0,32397.428571428572,22136.0,73414.0,277118.0,4.0,,,2.0,5.0,,,,,3.0,5.0,,,,,290.0,213.66666666666666,,,,,291.0,291.0,,,,,74177.5,88598.0,,,,,74114.0,73414.0,,,0,0,0,1
2025,9,29.920408163265304,29.5,30.3,34.857142857142854,32.0,40.0,1006.0795918367347,1005.9,1006.2,False,46.82448979591837,45.6,47.7,137.42857142857142,1.2612244897959184,2.4,ANT,31912.375,21859.0,38514.25,29248.0,29561.363636363636,22294.0,73405.0,392683.3333333333,3.0,,,,4.0,,,,,,3.5,,,,,,233.5,,,,,,291.0,,,,,,84924.5,,,,,,73405.0,,,0,0,0,1
2025,9,29.920408163265304,29.5,30.3,34.857142857142854,32.0,40.0,1006.0795918367347,1005.9,1006.2,False,46.82448979591837,45.6,47.7,137.42857142857142,1.2612244897959184,2.4,BEA,33639.857142857145,22026.0,42565.454545454544,29907.0,33342.63636363636,22507.0,74460.0,499753.6666666667,3.0,,,,4.0,,,,,,4.0,,,,,,210.0,,,,,,291.0,,,,,,95235.66666666667,,,,,,74460.0,,,0,0,0,1
2025,9,29.920408163265304,29.5,30.3,34.857142857142854,32.0,40.0,1006.0795918367347,1005.9,1006.2,False,46.82448979591837,45.6,47.7,137.42857142857142,1.2612244897959184,2.4,BOR,34725.11111111111,21830.0,38951.07692307692,29551.0,32026.384615384617,22341.0,73722.0,301606.25,4.0,,,1.0,5.0,,,,,9.0,4.333333333333333,,,,,288.0,213.33333333333334,,,,,288.0,290.0,,,,,76116.0,114416.66666666667,,,,,76116.0,73722.0,,,0,0,0,1
2025,9,29.920408163265304,29.5,30.3,34.857142857142854,32.0,40.0,1006.0795918367347,1005.9,1006.2,False,46.82448979591837,45.6,47.7,137.42857142857142,1.2612244897959184,2.4,COL,29166.733333333334,22003.0,39265.58823529412,29680.0,29566.882352941175,22402.0,74085.0,325554.3333333333,3.0,,,2.0,4.0,,,,,11.142857142857142,4.333333333333333,,,,,286.57142857142856,218.33333333333334,,,,,288.0,290.0,,,,,93692.85714285714,90721.33333333333,,,,,75904.0,74085.0,,,0,0,0,1
2025,9,29.920408163265304,29.5,30.3,34.857142857142854,32.0,40.0,1006.0795918367347,1005.9,1006.2,False,46.82448979591837,45.6,47.7,137.42857142857142,1.2612244897959184,2.4,GAS,30485.5,21830.0,37624.35294117647,29668.0,29081.055555555555,22456.0,73954.0,381203.0,3.0,,,2.0,4.0,,,,,9.333333333333334,4.333333333333333,,,,,283.1666666666667,219.33333333333334,,,,,288.0,291.0,,,,,76895.66666666667,90929.33333333333,,,,,74908.0,73954.0,,,0,0,0,1
2025,9,29.920408163265304,29.5,30.3,34.857142857142854,32.0,40.0,1006.0795918367347,1005.9,1006.2,False,46.82448979591837,45.6,47.7,137.42857142857142,1.2612244897959184,2.4,HAD,36305.92857142857,21798.0,37862.64705882353,29476.0,29908.882352941175,22108.0,73382.0,160238.00000000003,6.0,,,2.0,7.0,,,,,4.75,5.0,,,,,285.0,179.0,,,,,289.0,288.0,,,,,79633.75,109196.33333333333,,,,,74438.0,73382.0,,,0,0,0,1
2025,9,29.920408163265304,29.5,30.3,34.857142857142854,32.0,40.0,1006.0795918367347,1005.9,1006.2,False,46.82448979591837,45.6,47.7,137.42857142857142,1.2612244897959184,2.4,HAM,39420.71428571428,21728.0,43521.82352941176,29352.0,31513.29411764706,22349.0,73527.0,234104.25,4.0,,,3.0,5.0,,,,,5.666666666666667,3.5,,,,,283.8333333333333,193.0,,,,,289.0,290.0,,,,,100048.5,89791.0,,,,,74062.0,73527.0,,,0,0,0,1
2025,9,29.920408163265304,29.5,30.3,34.857142857142854,32.0,40.0,1006.0795918367347,1005.9,1006.2,False,46.82448979591837,45.6,47.7,137.42857142857142,1.2612244897959184,2.4,HUL,27218.083333333332,21918.0,35223.73333333333,29604.0,29097.4375,22211.0,73733.0,647982.0,2.0,,,1.0,4.0,,,,,7.0,3.5,,,,,283.5,183.0,,,,,291.0,291.0,,,,,92777.5,97532.0,,,,,74636.0,73733.0,,,0,0,0,1
2025,9,29.920408163265304,29.5,30.3,34.857142857142854,32.0,40.0,1006.0795918367347,1005.9,1006.2,False,46.82448979591837,45.6,47.7,137.42857142857142,1.2612244897959184,2.4,LAW,34427.92857142857,22032.0,44528.35294117647,29391.0,33377.38888888889,22214.0,73637.0,210905.25,4.0,,,3.0,5.0,,,,,5.75,4.0,,,,,287.5,155.66666666666666,,,,,290.0,293.0,,,,,98726.0,103885.0,,,,,74647.0,73637.0,,,0,0,0,1
2025,9,29.920408163265304,29.5,30.3,34.857142857142854,32.0,40.0,1006.0795918367347,1005.9,1006.2,False,46.82448979591837,45.6,47.7,137.42857142857142,1.2612244897959184,2.4,LEC,31386.285714285714,21794.0,40868.529411764706,29349.0,29885.941176470587,21987.0,73130.0,374346.6666666667,3.0,,,,4.0,,,,,,5.222222222222222,,,,,,244.55555555555554,,,,,,293.0,,,,,,90830.11111111111,,,,,,73130.0,,,0,0,0,1
2025,9,29.920408163265304,29.5,30.3,34.857142857142854,32.0,40.0,1006.0795918367347,1005.9,1006.2,False,46.82448979591837,45.6,47.7,137.42857142857142,1.2612244897959184,2.4,NOR,33766.666666666664,21618.0,36727.625,29294.0,29810.3125,21970.0,72913.0,431901.0,3.0,,,1.0,5.0,,,,,5.333333333333333,5.5,,,,,288.3333333333333,169.0,,,,,292.0,292.0,,,,,98259.33333333333,97828.0,,,,,73869.0,72913.0,,,0,0,0,1
2025,9,29.920408163265304,29.5,30.3,34.857142857142854,32.0,40.0,1006.0795918367347,1005.9,1006.2,False,46.82448979591837,45.6,47.7,137.42857142857142,1.2612244897959184,2.4,OCO,30732.375,22005.0,39621.27272727273,29776.0,31097.81818181818,22357.0,74138.0,518236.0,2.0,,,,3.0,,,,,,7.0,,,,,,219.8,,,,,,292.0,,,,,,96442.4,,,,,,74138.0,,,0,0,0,1
2025,9,29.920408163265304,29.5,30.3,34.857142857142854,32.0,40.0,1006.0795918367347,1005.9,1006.2,False,46.82448979591837,45.6,47.7,137.42857142857142,1.2612244897959184,2.4,PIA,29821.7,21443.0,37528.21428571428,28990.0,29710.214285714286,21954.0,72387.0,460798.3333333333,3.0,,,2.0,4.0,,,,,4.75,3.5,,,,,290.5,174.5,,,,,293.0,295.0,,,,,75399.5,101823.5,,,,,74487.0,72387.0,,,0,0,0,1
2025,9,29.920408163265304,29.5,30.3,34.857142857142854,32.0,40.0,1006.0795918367347,1005.9,1006.2,False,46.82448979591837,45.6,47.7,137.42857142857142,1.2612244897959184,2.4,RUS,27536.85714285714,21739.0,35034.944444444445,29280.0,27434.58823529412,22120.0,73139.0,364174.0,3.0,,,,4.0,,,,,,6.4,,,,,,264.1,,,,,,293.0,,,,,,82503.4,,,,,,73139.0,,,0,0,0,1
2025,9,29.920408163265304,29.5,30.3,34.857142857142854,32.0,40.0,1006.0795918367347,1005.9,1006.2,False,46.82448979591837,45.6,47.7,137.42857142857142,1.2612244897959184,2.4,SAI,40544.90909090909,21792.0,40438.86666666667,29458.0,30355.2,22292.0,73758.0,327786.75,4.0,,,,6.0,,,,,,6.5,,,,,,231.0,,,,,,290.0,,,,,,83728.5,,,,,,73758.0,,,0,0,0,1
2025,9,29.920408163265304,29.5,30.3,34.857142857142854,32.0,40.0,1006.0795918367347,1005.9,1006.2,False,46.82448979591837,45.6,47.7,137.42857142857142,1.2612244897959184,2.4,STR,35074.53333333333,21978.0,42001.166666666664,29446.0,31041.29411764706,22382.0,73904.0,161561.8,5.0,,,3.0,6.0,,,,,5.0,5.0,,,,,286.2,218.33333333333334,,,,,287.0,289.0,,,,,99909.8,89073.0,,,,,74458.0,73904.0,,,0,0,0,1
2025,9,29.920408163265304,29.5,30.3,34.857142857142854,32.0,40.0,1006.0795918367347,1005.9,1006.2,False,46.82448979591837,45.6,47.7,137.42857142857142,1.2612244897959184,2.4,TSU,34498.42857142857,21865.0,44538.2,29619.0,32833.545454545456,22408.0,73892.0,441106.6666666667,3.0,,,2.0,4.0,,,,,5.0,4.333333333333333,,,,,291.0,214.33333333333334,,,,,291.0,292.0,,,,,75095.0,104230.33333333333,,,,,75095.0,73892.0,,,0,0,0,1
2025,9,29.920408163265304,29.5,30.3,34.857142857142854,32.0,40.0,1006.0795918367347,1005.9,1006.2,False,46.82448979591837,45.6,47.7,137.42857142857142,1.2612244897959184,2.4,VER,33926.0,21716.0,40920.21428571428,29468.0,29087.14285714286,22191.0,73375.0,649279.5,2.0,,,1.0,3.0,,,,,3.25,5.0,,,,,254.25,217.0,,,,,294.0,294.0,,,,,106214.5,94665.75,,,,,74116.0,73375.0,,,0,0,0,1
2025,10,20.4025,19.8,20.9,32.8375,31.0,36.0,1020.15,1019.9,1020.5,False,44.90625,42.2,46.2,136.9375,1.92125,3.4,ALB,27285.454545454544,20296.0,27590.090909090908,22820.0,38828.5,29347.0,72573.0,180357.0,1.0,,,,2.0,,,,,,5.5,,,,,,274.2,,,,,,298.0,,,,,,94333.9,,,,,,72573.0,,,1,0,0,2
2025,10,20.4025,19.8,20.9,32.8375,31.0,36.0,1020.15,1019.9,1020.5,False,44.90625,42.2,46.2,136.9375,1.92125,3.4,ALO,24450.809523809523,20029.0,30789.809523809523,22886.0,38254.35294117647,29332.0,72247.0,381816.25,4.0,,,,5.0,,,,,,4.8125,,,,,,288.125,,,,,,297.0,,,,,,92838.0,,,,,,72247.0,,,1,0,0,2
2025,10,20.4025,19.8,20.9,32.8375,31.0,36.0,1020.15,1019.9,1020.5,False,44.90625,42.2,46.2,136.9375,1.92125,3.4,ANT,28885.761904761905,20189.0,28856.761904761905,22914.0,38881.882352941175,29245.0,72348.0,289003.99999999994,4.0,,,,5.0,,,,,,6.125,,,,,,261.6875,,,,,,297.0,,,,,,96101.875,,,,,,72348.0,,,1,0,0,2
2025,10,20.4025,19.8,20.9,32.8375,31.0,36.0,1020.15,1019.9,1020.5,False,44.90625,42.2,46.2,136.9375,1.92125,3.4,BEA,27739.25925925926,20319.0,28961.62962962963,22858.0,35857.86956521739,29481.0,72825.0,273992.3333333335,3.0,,,4.0,3.0,,,,,8.142857142857142,5.0,,,,,263.7857142857143,274.22222222222223,,,,,289.0,293.0,,,,,95314.78571428571,90699.66666666667,,,,,73193.0,72825.0,,,1,0,0,2
2025,10,20.4025,19.8,20.9,32.8375,31.0,36.0,1020.15,1019.9,1020.5,False,44.90625,42.2,46.2,136.9375,1.92125,3.4,BOR,28048.090909090908,20431.0,29630.272727272728,23103.0,37982.833333333336,29514.0,73172.0,283976.5,4.0,,,,5.0,,,,,,5.352941176470588,,,,,,263.5882352941176,,,,,,293.0,,,,,,95427.64705882352,,,,,,73172.0,,,1,0,0,2
2025,10,20.4025,19.8,20.9,32.8375,31.0,36.0,1020.15,1019.9,1020.5,False,44.90625,42.2,46.2,136.9375,1.92125,3.4,COL,27566.25925925926,20380.0,31716.222222222223,23040.0,39339.75,29601.0,73060.0,351671.6666666667,3.0,,,,4.0,,,,,,7.260869565217392,,,,,,276.2173913043478,,,,,,293.0,,,,,,97496.34782608696,,,,,,73060.0,,,1,0,0,2
2025,10,20.4025,19.8,20.9,32.8375,31.0,36.0,1020.15,1019.9,1020.5,False,44.90625,42.2,46.2,136.9375,1.92125,3.4,GAS,27389.80769230769,20183.0,31324.0,22963.0,39704.666666666664,29538.0,72684.0,302998.0,2.0,,,,3.0,,,,,,6.958333333333333,,,,,,256.0416666666667,,,,,,294.0,,,,,,98835.625,,,,,,72684.0,,,1,0,0,2
2025,10,20.4025,19.8,20.9,32.8375,31.0,36.0,1020.15,1019.9,1020.5,False,44.90625,42.2,46.2,136.9375,1.92125,3.4,HAD,29715.863636363636,20254.0,28832.954545454544,23026.0,37987.705882352944,29219.0,72651.0,279864.8000000001,5.0,,,,6.0,,,,,,5.75,,,,,,258.1875,,,,,,295.0,,,,,,94675.875,,,,,,72651.0,,,1,0,0,2
2025,10,20.4025,19.8,20.9,32.8375,31.0,36.0,1020.15,1019.9,1020.5,False,44.90625,42.2,46.2,136.9375,1.92125,3.4,HAM,27432.52,20020.0,31393.08,22815.0,39773.86956521739,29146.0,72050.0,124080.75,4.0,,,2.0,5.0,,,,,7.083333333333333,6.111111111111111,,,,,289.75,270.0,,,,,295.0,295.0,,,,,94696.91666666667,97054.55555555556,,,,,72279.0,72050.0,,,1,0,0,2
2025,10,20.4025,19.8,20.9,32.8375,31.0,36.0,1020.15,1019.9,1020.5,False,44.90625,42.2,46.2,136.9375,1.92125,3.4,HUL,25396.0,20388.0,28227.052631578947,23046.0,39752.94117647059,29431.0,73072.0,748346.9999999998,2.0,,,,3.0,,,,,,5.0625,,,,,,252.75,,,,,,296.0,,,,,,90275.6875,,,,,,73072.0,,,1,0,0,2
2025,10,20.4025,19.8,20.9,32.8375,31.0,36.0,1020.15,1019.9,1020.5,False,44.90625,42.2,46.2,136.9375,1.92125,3.4,LAW,26588.666666666668,20188.0,29288.703703703704,23038.0,39871.34782608696,29492.0,72791.0,198949.2,5.0,,,,6.0,,,,,,6.666666666666667,,,,,,279.4761904761905,,,,,,294.0,,,,,,93095.23809523809,,,,,,72791.0,,,1,0,0,2
2025,10,20.4025,19.8,20.9,32.8375,31.0,36.0,1020.15,1019.9,1020.5,False,44.90625,42.2,46.2,136.9375,1.92125,3.4,LEC,25339.379310344826,19926.0,28770.310344827587,22792.0,37434.730769230766,29159.0,71877.0,395257.0,2.0,,,2.0,3.0,,,,,8.466666666666667,6.0,,,,,283.46666666666664,274.6363636363636,,,,,294.0,297.0,,,,,86765.2,99087.63636363637,,,,,72843.0,71877.0,,,1,0,0,2
2025,10,20.4025,19.8,20.9,32.8375,31.0,36.0,1020.15,1019.9,1020.5,False,44.90625,42.2,46.2,136.9375,1.92125,3.4,NOR,27634.434782608696,20018.0,28456.91304347826,22646.0,37013.8,29125.0,71799.0,240178.00000000015,3.0,,,2.0,4.0,,,,,6.636363636363637,5.555555555555555,,,,,291.3636363636364,249.11111111111111,,,,,296.0,296.0,,,,,94973.27272727272,91601.0,,,,,72375.0,71799.0,,,1,0,0,2
2025,10,20.4025,19.8,20.9,32.8375,31.0,36.0,1020.15,1019.9,1020.5,False,44.90625,42.2,46.2,136.9375,1.92125,3.4,OCO,27482.5,20294.0,29546.227272727272,23086.0,36970.555555555555,29349.0,72827.0,421867.0,3.0,,,4.0,3.0,,,,,6.0,4.5,,,,,253.0,290.125,,,,,289.0,291.0,,,,,99062.2,89915.75,,,,,73636.0,72827.0,,,1,0,0,2
2025,10,20.4025,19.8,20.9,32.8375,31.0,36.0,1020.15,1019.9,1020.5,False,44.90625,42.2,46.2,136.9375,1.92125,3.4,PIA,29306.0,20170.0,29068.176470588234,22852.0,38152.6,29251.0,72519.0,600437.0,2.0,,,1.0,3.0,,,,,2.5,6.545454545454546,,,,,251.25,280.3636363636364,,,,,291.0,297.0,,,,,92838.75,96776.90909090909,,,,,73632.0,72519.0,,,1,0,0,2
2025,10,20.4025,19.8,20.9,32.8375,31.0,36.0,1020.15,1019.9,1020.5,False,44.90625,42.2,46.2,136.9375,1.92125,3.4,RUS,30802.3,20104.0,30875.9,22667.0,39634.1875,29086.0,71950.0,315018.0,3.0,,,,4.0,,,,,,4.875,,,,,,261.6875,,,,,,297.0,,,,,,101587.5625,,,,,,71950.0,,,1,0,0,2
2025,10,20.4025,19.8,20.9,32.8375,31.0,36.0,1020.15,1019.9,1020.5,False,44.90625,42.2,46.2,136.9375,1.92125,3.4,SAI,26766.454545454544,20218.0,28043.68181818182,22994.0,39905.25,29307.0,72519.0,195564.0,1.0,,,,2.0,,,,,,5.55,,,,,,260.65,,,,,,297.0,,,,,,94954.15,,,,,,72519.0,,,1,0,0,2
2025,10,20.4025,19.8,20.9,32.8375,31.0,36.0,1020.15,1019.9,1020.5,False,44.90625,42.2,46.2,136.9375,1.92125,3.4,STR,27059.35714285714,20211.0,29709.89285714286,23048.0,37015.583333333336,29396.0,72794.0,252574.5,4.0,,,,5.0,,,,,,6.739130434782608,,,,,,276.60869565217394,,,,,,297.0,,,,,,93028.43478260869,,,,,,72794.0,,,1,0,0,2
2025,10,20.4025,19.8,20.9,32.8375,31.0,36.0,1020.15,1019.9,1020.5,False,44.90625,42.2,46.2,136.9375,1.92125,3.4,TSU,27716.14285714286,20558.0,30569.846153846152,23246.0,40849.416666666664,29654.0,73573.0,924318.5,2.0,,,2.0,3.0,,,,,3.4,3.5,,,,,291.4,264.5,,,,,294.0,295.0,,,,,93248.2,99404.83333333333,,,,,74183.0,73573.0,,,1,0,0,2
2025,10,20.4025,19.8,20.9,32.8375,31.0,36.0,1020.15,1019.9,1020.5,False,44.90625,42.2,46.2,136.9375,1.92125,3.4,VER,28489.15,20039.0,31302.95,22791.0,39468.944444444445,29149.0,72072.0,245408.0,1.0,,,,2.0,,,,,,5.055555555555555,,,,,,273.3888888888889,,,,,,299.0,,,,,,99978.66666666667,,,,,,72072.0,,,1,0,0,2
2025,11,24.560759493670886,23.5,26.1,47.392405063291136,43.0,50.0,946.7025316455696,946.3,947.1,False,36.3,32.3,42.2,186.67088607594937,0.8341772151898735,2.1,ALB,26556.105263157893,16453.0,39920.09090909091,29092.0,27325.954545454544,19721.0,65313.99999999999,137829.0,5.0,,,,6.0,,,,,,5.769230769230769,,,,,,257.61538461538464,,,,,,287.0,,,,,,89325.46153846153,,,,,,65313.99999999999,,,0,0,0,6
2025,11,24.560759493670886,23.5,26.1,47.392405063291136,43.0,50.0,946.7025316455696,946.3,947.1,False,36.3,32.3,42.2,186.67088607594937,0.8341772151898735,2.1,ALO,22237.375,16329.0,38506.619047619046,29072.0,27150.65,19744.0,65242.99999999999,332910.4,5.0,,,3.0,6.0,,,,,5.5,5.0,,,,,277.625,282.3333333333333,,,,,282.0,284.0,,,,,89612.5,65329.333333333336,,,,,65925.0,65242.99999999999,,,0,0,0,6
2025,11,24.560759493670886,23.5,26.1,47.392405063291136,43.0,50.0,946.7025316455696,946.3,947.1,False,36.3,32.3,42.2,186.67088607594937,0.8341772151898735,2.1,ANT,23621.153846153848,16366.0,37709.38888888889,28958.0,28149.70588235294,19588.0,65053.0,204251.8,5.0,,,,6.0,,,,,,5.714285714285714,,,,,,254.57142857142858,,,,,,287.0,,,,,,78400.28571428571,,,,,,65053.0,,,0,0,0,6
2025,11,24.560759493670886,23.5,26.1,47.392405063291136,43.0,50.0,946.7025316455696,946.3,947.1,False,36.3,32.3,42.2,186.67088607594937,0.8341772151898735,2.1,BEA,30637.58823529412,16540.0,39669.47619047619,29112.0,29687.428571428572,19697.0,65366.0,207187.16666666666,6.0,,,,7.0,,,,,,6.0,,,,,,246.375,,,,,,284.0,,,,,,81961.875,,,,,,65366.0,,,0,0,0,6
2025,11,24.560759493670886,23.5,26.1,47.392405063291136,43.0,50.0,946.7025316455696,946.3,947.1,False,36.3,32.3,42.2,186.67088607594937,0.8341772151898735,2.1,BOR,22294.23076923077,16533.0,37472.61111111111,28900.0,26855.444444444445,19648.0,65182.0,249942.59999999995,5.0,,,,6.0,,,,,,5.285714285714286,,,,,,253.14285714285714,,,,,,285.0,,,,,,76606.71428571429,,,,,,65182.0,,,0,0,0,6
2025,11,24.560759493670886,23.5,26.1,47.392405063291136,43.0,50.0,946.7025316455696,946.3,947.1,False,36.3,32.3,42.2,186.67088607594937,0.8341772151898735,2.1,COL,26198.17391304348,16612.0,42998.53846153846,28950.0,27889.12,19984.0,65546.0,202648.0,5.0,,,4.0,6.0,,,,,10.76923076923077,4.25,,,,,264.9230769230769,222.25,,,,,283.0,286.0,,,,,92177.46153846153,104034.5,,,,,66335.0,65546.0,,,0,0,0,6
2025,11,24.560759493670886,23.5,26.1,47.392405063291136,43.0,50.0,946.7025316455696,946.3,947.1,False,36.3,32.3,42.2,186.67088607594937,0.8341772151898735,2.1,GAS,27078.91304347826,16551.0,36894.46153846154,28938.0,25620.64,19855.0,65366.0,227534.40000000008,5.0,,,4.0,6.0,,,,,10.923076923076923,4.333333333333333,,,,,274.9230769230769,214.33333333333334,,,,,284.0,285.0,,,,,76737.38461538461,82831.0,,,,,65973.0,65366.0,,,0,0,0,6
2025,11,24.560759493670886,23.5,26.1,47.392405063291136,43.0,50.0,946.7025316455696,946.3,947.1,False,36.3,32.3,42.2,186.67088607594937,0.8341772151898735,2.1,HAD,22983.714285714286,16496.0,37632.61111111111,28905.0,27813.722222222223,19835.0,66023.0,424444.6666666667,3.0,,,4.0,3.0,,,,,7.333333333333333,2.0,,,,,234.44444444444446,79.0,,,,,283.0,79.0,,,,,86589.33333333333,70987.0,,,,,66023.0,70987.0,,,0,0,0,6
2025,11,24.560759493670886,23.5,26.1,47.392405063291136,43.0,50.0,946.7025316455696,946.3,947.1,False,36.3,32.3,42.2,186.67088607594937,0.8341772151898735,2.1,HAM,24289.315789473683,16411.0,41717.086956521736,28794.0,28202.347826086956,19574.0,64790.00000000001,298686.0,3.0,,,,4.0,,,,,,7.533333333333333,,,,,,242.86666666666667,,,,,,286.0,,,,,,92663.6,,,,,,64790.00000000001,,,0,0,0,6
2025,11,24.560759493670886,23.5,26.1,47.392405063291136,43.0,50.0,946.7025316455696,946.3,947.1,False,36.3,32.3,42.2,186.67088607594937,0.8341772151898735,2.1,HUL,32560.733333333334,16506.0,37337.5,29031.0,28828.944444444445,19712.0,65283.0,278248.0,5.0,,,,6.0,,,,,,5.5,,,,,,253.125,,,,,,284.0,,,,,,87492.75,,,,,,65283.0,,,0,0,0,6
2025,11,24.560759493670886,23.5,26.1,47.392405063291136,43.0,50.0,946.7025316455696,946.3,947.1,False,36.3,32.3,42.2,186.67088607594937,0.8341772151898735,2.1,LAW,22357.2,16548.0,38974.26315789474,28975.0,28436.57894736842,19635.0,65182.0,391297.0,3.0,,,2.0,4.0,,,,,4.4,6.166666666666667,,,,,259.4,237.66666666666666,,,,,283.0,283.0,,,,,81038.8,90171.16666666667,,,,,65969.0,65182.0,,,0,0,0,6
2025,11,24.560759493670886,23.5,26.1,47.392405063291136,43.0,50.0,946.7025316455696,946.3,947.1,False,36.3,32.3,42.2,186.67088607594937,0.8341772151898735,2.1,LEC,24486.375,16435.0,38705.05,28800.0,28453.3,19339.0,64574.0,208995.4,5.0,,,,6.0,,,,,,6.0,,,,,,252.3,,,,,,288.0,,,,,,90328.6,,,,,,64574.0,,,0,0,0,6
2025,11,24.560759493670886,23.5,26.1,47.392405063291136,43.0,50.0,946.7025316455696,946.3,947.1,False,36.3,32.3,42.2,186.67088607594937,0.8341772151898735,2.1,NOR,23210.529411764706,16264.0,41292.19047619047,28651.0,27980.904761904763,19312.0,64324.0,352647.3333333333,3.0,,,,4.0,,,,,,6.0,,,,,,235.0,,,,,,287.0,,,,,,95083.88888888889,,,,,,64888.00000000001,,,0,0,0,6
2025,11,24.560759493670886,23.5,26.1,47.392405063291136,43.0,50.0,946.7025316455696,946.3,947.1,False,36.3,32.3,42.2,186.67088607594937,0.8341772151898735,2.1,OCO,30225.444444444445,16621.0,41012.23809523809,29099.0,29118.0,19715.0,65519.00000000001,241696.59999999995,5.0,,,,6.0,,,,,,5.5,,,,,,254.83333333333334,,,,,,285.0,,,,,,95888.08333333333,,,,,,65519.00000000001,,,0,0,0,6
2025,11,24.560759493670886,23.5,26.1,47.392405063291136,43.0,50.0,946.7025316455696,946.3,947.1,False,36.3,32.3,42.2,186.67088607594937,0.8341772151898735,2.1,PIA,24617.625,16359.000000000002,37328.7,28678.0,28520.7,19405.0,64441.99999999999,228336.4,5.0,,,,6.0,,,,,,5.1,,,,,,262.7,,,,,,286.0,,,,,,85469.1,,,,,,64441.99999999999,,,0,0,0,6
2025,11,24.560759493670886,23.5,26.1,47.392405063291136,43.0,50.0,946.7025316455696,946.3,947.1,False,36.3,32.3,42.2,186.67088607594937,0.8341772151898735,2.1,RUS,28561.4,16390.0,38011.11111111111,28932.0,32006.5,19569.0,65018.0,232697.75,4.0,,,,5.0,,,,,,6.3,,,,,,241.4,,,,,,287.0,,,,,,89809.7,,,,,,65018.0,,,0,0,0,6
2025,11,24.560759493670886,23.5,26.1,47.392405063291136,43.0,50.0,946.7025316455696,946.3,947.1,False,36.3,32.3,42.2,186.67088607594937,0.8341772151898735,2.1,SAI,26827.833333333332,16452.0,38937.0,29017.0,27223.04761904762,19773.0,65325.99999999999,198078.0,4.0,,,,5.0,,,,,,5.769230769230769,,,,,,253.84615384615384,,,,,,285.0,,,,,,87729.07692307692,,,,,,65325.99999999999,,,0,0,0,6
2025,11,24.560759493670886,23.5,26.1,47.392405063291136,43.0,50.0,946.7025316455696,946.3,947.1,False,36.3,32.3,42.2,186.67088607594937,0.8341772151898735,2.1,STR,24650.375,16429.0,40623.1,28977.0,29078.36842105263,19656.0,65062.0,451283.25,4.0,,,3.0,5.0,,,,,6.0,4.333333333333333,,,,,269.8888888888889,211.33333333333334,,,,,282.0,286.0,,,,,94818.0,81074.0,,,,,65993.0,65062.0,,,0,0,0,6
2025,11,24.560759493670886,23.5,26.1,47.392405063291136,43.0,50.0,946.7025316455696,946.3,947.1,False,36.3,32.3,42.2,186.67088607594937,0.8341772151898735,2.1,TSU,28487.23076923077,16434.0,44216.470588235294,29122.0,28728.70588235294,19583.0,65138.99999999999,353121.75,4.0,,,,5.0,,,,,,5.625,,,,,,231.25,,,,,,285.0,,,,,,92789.375,,,,,,65138.99999999999,,,0,0,0,6
2025,11,24.560759493670886,23.5,26.1,47.392405063291136,43.0,50.0,946.7025316455696,946.3,947.1,False,36.3,32.3,42.2,186.67088607594937,0.8341772151898735,2.1,VER,22504.64,16373.000000000002,37278.92857142857,28774.0,25129.10714285714,19387.0,64534.00000000001,581433.5,2.0,2.0,,,3.0,,,10.625,,,4.5,,,268.0,,,185.33333333333334,,,286.0,,,287.0,,,78931.0625,,,103745.0,,,65568.0,,,64534.00000000001,,,0,0,0,6
2025,12,19.76341463414634,19.5,20.1,69.84146341463415,68.0,71.0,996.6500000000001,996.3,997.0,False,25.093902439024387,24.4,26.2,216.32926829268294,3.815853658536585,5.2,ALB,37656.916666666664,27707.0,46441.21428571428,34696.0,29995.846153846152,23708.0,86119.0,287211.6666666667,3.0,,,1.0,2.0,,,,,5.333333333333333,2.0,,,,,246.66666666666666,255.0,,,,,256.0,255.0,,,,,108306.33333333333,86119.0,,,,,86620.0,86119.0,,,2,0,0,2
2025,12,19.76341463414634,19.5,20.1,69.84146341463415,68.0,71.0,996.6500000000001,996.3,997.0,False,25.093902439024387,24.4,26.2,216.32926829268294,3.815853658536585,5.2,ALO,41425.25,27965.0,49287.5,34907.0,30228.214285714286,23688.0,86894.0,329726.4,5.0,,,4.0,,,,,,5.333333333333333,,,,,,251.16666666666666,,,,,,253.0,,,,,,102537.5,,,,,,86894.0,,,,2,0,0,2
2025,12,19.76341463414634,19.5,20.1,69.84146341463415,68.0,71.0,996.6500000000001,996.3,997.0,False,25.093902439024387,24.4,26.2,216.32926829268294,3.815853658536585,5.2,ANT,39042.57142857143,27781.0,47455.818181818184,34813.0,30111.5,23650.0,86422.0,281537.75,4.0,,,,3.0,,,,,,3.0,,,,,,252.33333333333334,,,,,,254.0,,,,,,86741.66666666667,,,,,,86422.0,,,2,0,0,2
2025,12,19.76341463414634,19.5,20.1,69.84146341463415,68.0,71.0,996.6500000000001,996.3,997.0,False,25.093902439024387,24.4,26.2,216.32926829268294,3.815853658536585,5.2,BEA,43064.9,27785.0,45475.90909090909,34452.0,28849.363636363636,23677.0,86112.0,213039.33333333334,3.0,,,3.0,4.0,,,,,5.5,2.0,,,,,253.5,251.0,,,,,255.0,251.0,,,,,100076.25,86112.0,,,,,86601.0,86112.0,,,2,0,0,2
2025,12,19.76341463414634,19.5,20.1,69.84146341463415,68.0,71.0,996.6500000000001,996.3,997.0,False,25.093902439024387,24.4,26.2,216.32926829268294,3.815853658536585,5.2,BOR,35052.0,28054.0,43767.0,34594.0,29161.153846153848,23853.0,86501.0,217267.8,5.0,,,,4.0,,,,,,4.25,,,,,,252.5,,,,,,254.0,,,,,,87794.0,,,,,,86501.0,,,2,0,0,2
2025,12,19.76341463414634,19.5,20.1,69.84146341463415,68.0,71.0,996.6500000000001,996.3,997.0,False,25.093902439024387,24.4,26.2,216.32926829268294,3.815853658536585,5.2,COL,39237.3,28187.0,49776.166666666664,35377.0,29981.916666666668,24008.0,87597.0,481310.5,4.0,,,,3.0,,,,,,6.5,,,,,,252.66666666666666,,,,,,254.0,,,,,,103900.83333333333,,,,,,87597.0,,,2,0,0,2
2025,12,19.76341463414634,19.5,20.1,69.84146341463415,68.0,71.0,996.6500000000001,996.3,997.0,False,25.093902439024387,24.4,26.2,216.32926829268294,3.815853658536585,5.2,GAS,34461.083333333336,28077.0,45106.357142857145,35417.0,28580.64285714286,24004.0,87878.0,613355.3333333334,3.0,,,,2.0,,,,,,7.625,,,,,,241.5,,,,,,252.0,,,,,,103487.625,,,,,,87878.0,,,2,0,0,2
2025,12,19.76341463414634,19.5,20.1,69.84146341463415,68.0,71.0,996.6500000000001,996.3,997.0,False,25.093902439024387,24.4,26.2,216.32926829268294,3.815853658536585,5.2,HAD,34885.36363636364,27939.0,42466.46153846154,34623.0,28184.916666666668,23567.0,86129.0,384584.3333333333,3.0,1.0,,,3.0,,,4.5,,,2.0,,,238.5,,,253.0,,,253.0,,,253.0,,,104690.0,,,86129.0,,,87515.0,,,86129.0,,,2,0,0,2
2025,12,19.76341463414634,19.5,20.1,69.84146341463415,68.0,71.0,996.6500000000001,996.3,997.0,False,25.093902439024387,24.4,26.2,216.32926829268294,3.815853658536585,5.2,HAM,41238.692307692305,27534.0,48093.5,34409.0,29591.8,23541.0,86332.0,302828.0,4.0,,,,4.0,,,,,,6.75,,,,,,255.125,,,,,,257.0,,,,,,108059.875,,,,,,86332.0,,,2,0,0,2
2025,12,19.76341463414634,19.5,20.1,69.84146341463415,68.0,71.0,996.6500000000001,996.3,997.0,False,25.093902439024387,24.4,26.2,216.32926829268294,3.815853658536585,5.2,HUL,32205.69230769231,27925.0,41856.76470588235,34868.0,28273.941176470587,23706.0,86499.0,277897.0000000001,4.0,,,,3.0,,,,,,7.2,,,,,,250.4,,,,,,253.0,,,,,,94975.2,,,,,,86499.0,,,2,0,0,2
2025,12,19.76341463414634,19.5,20.1,69.84146341463415,68.0,71.0,996.6500000000001,996.3,997.0,False,25.093902439024387,24.4,26.2,216.32926829268294,3.815853658536585,5.2,LAW,36941.63636363636,27862.0,48569.25,34735.0,30655.75,23659.0,86256.0,240776.0,3.0,2.0,,,3.0,,,6.4,,,2.0,,,251.2,,,254.0,,,253.0,,,254.0,,,112935.8,,,86256.0,,,87788.0,,,86256.0,,,2,0,0,2
2025,12,19.76341463414634,19.5,20.1,69.84146341463415,68.0,71.0,996.6500000000001,996.3,997.0,False,25.093902439024387,24.4,26.2,216.32926829268294,3.815853658536585,5.2,LEC,35492.9,27680.0,45283.92307692308,34337.0,29875.30769230769,23481.0,85498.0,280004.0,4.0,,,,4.0,,,,,,5.2,,,,,,254.8,,,,,,255.0,,,,,,94488.4,,,,,,85498.0,,,2,0,0,2
2025,12,19.76341463414634,19.5,20.1,69.84146341463415,68.0,71.0,996.6500000000001,996.3,997.0,False,25.093902439024387,24.4,26.2,216.32926829268294,3.815853658536585,5.2,NOR,33657.36363636364,27847.0,42425.46666666667,34390.0,27707.133333333335,23369.0,85606.0,297431.0000000002,3.0,,,,2.0,,,,,,5.111111111111111,,,,,,240.88888888888889,,,,,,255.0,,,,,,100967.88888888889,,,,,,85606.0,,,2,0,0,2
2025,12,19.76341463414634,19.5,20.1,69.84146341463415,68.0,71.0,996.6500000000001,996.3,997.0,False,25.093902439024387,24.4,26.2,216.32926829268294,3.815853658536585,5.2,OCO,37350.333333333336,27786.0,47305.9,34777.0,29556.7,23814.0,86377.0,526494.0,2.0,,,1.0,2.0,,,,,4.5,2.0,,,,,252.75,254.0,,,,,254.0,254.0,,,,,99105.0,86377.0,,,,,87163.0,86377.0,,,2,0,0,2
2025,12,19.76341463414634,19.5,20.1,69.84146341463415,68.0,71.0,996.6500000000001,996.3,997.0,False,25.093902439024387,24.4,26.2,216.32926829268294,3.815853658536585,5.2,PIA,34287.5,27844.0,41153.333333333336,34391.0,26427.916666666668,23331.0,85566.0,289225.7500000001,4.0,,,,3.0,,,,,,4.857142857142857,,,,,,252.28571428571428,,,,,,255.0,,,,,,95956.85714285714,,,,,,85566.0,,,2,0,0,2
2025,12,19.76341463414634,19.5,20.1,69.84146341463415,68.0,71.0,996.6500000000001,996.3,997.0,False,25.093902439024387,24.4,26.2,216.32926829268294,3.815853658536585,5.2,RUS,43215.625,27997.0,49217.818181818184,34613.0,29503.272727272728,23513.0,86125.0,269775.9999999999,4.0,,,,3.0,,,,,,3.0,,,,,,253.66666666666666,,,,,,255.0,,,,,,86367.33333333333,,,,,,86125.0,,,2,0,0,2
2025,12,19.76341463414634,19.5,20.1,69.84146341463415,68.0,71.0,996.6500000000001,996.3,997.0,False,25.093902439024387,24.4,26.2,216.32926829268294,3.815853658536585,5.2,SAI,34322.166666666664,27654.0,43577.666666666664,34809.0,31478.5,23848.0,86332.0,257060.0,3.0,,,2.0,3.0,,,,,6.142857142857143,2.0,,,,,240.57142857142858,255.0,,,,,256.0,255.0,,,,,108406.85714285714,86332.0,,,,,86888.0,86332.0,,,2,0,0,2
2025,12,19.76341463414634,19.5,20.1,69.84146341463415,68.0,71.0,996.6500000000001,996.3,997.0,False,25.093902439024387,24.4,26.2,216.32926829268294,3.815853658536585,5.2,STR,45022.36363636364,28334.0,49821.28571428572,35317.0,30149.076923076922,23872.0,87600.0,363398.0,5.0,,,5.0,,,,,,6.0,,,,,,251.0,,,,,,252.0,,,,,,104676.0,,,,,,87600.0,,,,2,0,0,2
2025,12,19.76341463414634,19.5,20.1,69.84146341463415,68.0,71.0,996.6500000000001,996.3,997.0,False,25.093902439024387,24.4,26.2,216.32926829268294,3.815853658536585,5.2,TSU,39271.5,27807.0,49602.666666666664,34531.0,32400.0,23766.0,86104.0,520256.5,2.0,,,,2.0,,,,,,4.666666666666667,,,,,,255.5,,,,,,258.0,,,,,,106149.83333333333,,,,,,86104.0,,,2,0,0,2
2025,12,19.76341463414634,19.5,20.1,69.84146341463415,68.0,71.0,996.6500000000001,996.3,997.0,False,25.093902439024387,24.4,26.2,216.32926829268294,3.815853658536585,5.2,VER,44596.2,27670.0,48559.46153846154,34404.0,28969.384615384617,23511.0,85585.0,272152.5,4.0,,,,4.0,,,,,,4.2,,,,,,254.6,,,,,,258.0,,,,,,98121.6,,,,,,85585.0,,,2,0,0,2
