Time,AirTemp,Humidity,Pressure,Rainfall,TrackTemp,WindDirection,WindSpeed,RACEYEAR,RACENUMBER,SESSIONTYPE
0 days 00:00:54.194000,20.1,36.0,1016.2,False,36.9,3,0.9,2022,1,FP1
0 days 00:01:54.189000,20.2,36.0,1016.2,False,37.0,24,1.1,2022,1,FP1
0 days 00:02:54.194000,20.0,37.0,1016.2,False,36.7,17,0.9,2022,1,FP1
0 days 00:03:54.186000,19.9,37.0,1016.0,False,36.7,4,0.9,2022,1,FP1
0 days 00:04:54.189000,19.9,37.0,1016.2,False,36.6,5,1.0,2022,1,FP1
0 days 00:05:54.202000,19.9,37.0,1016.2,False,36.7,5,0.8,2022,1,FP1
0 days 00:06:54.220000,19.9,37.0,1016.2,False,36.7,8,0.8,2022,1,FP1
0 days 00:07:54.241000,20.0,37.0,1016.2,False,36.7,3,0.8,2022,1,FP1
0 days 00:08:54.234000,20.0,37.0,1016.2,False,36.7,7,0.8,2022,1,FP1
0 days 00:09:54.243000,20.0,37.0,1016.2,False,36.3,353,1.0,2022,1,FP1
0 days 00:10:54.235000,19.9,37.0,1016.2,False,36.5,7,1.1,2022,1,FP1
0 days 00:11:54.235000,20.0,37.0,1016.2,False,36.3,358,0.8,2022,1,FP1
0 days 00:12:54.235000,20.0,37.0,1016.0,False,36.3,2,1.1,2022,1,FP1
0 days 00:13:54.232000,20.1,37.0,1016.2,False,36.2,13,0.8,2022,1,FP1
0 days 00:14:54.238000,20.0,37.0,1016.0,False,36.2,27,0.7,2022,1,FP1
0 days 00:15:54.250000,20.1,36.0,1015.9,False,36.1,24,0.7,2022,1,FP1
0 days 00:16:54.267000,20.0,36.0,1016.0,False,36.1,102,0.8,2022,1,FP1
0 days 00:17:54.283000,20.0,37.0,1016.0,False,36.1,28,0.8,2022,1,FP1
0 days 00:18:54.300000,19.9,37.0,1016.0,False,36.0,359,0.6,2022,1,FP1
0 days 00:19:54.297000,19.8,36.0,1016.2,False,36.1,15,0.8,2022,1,FP1
0 days 00:20:54.319000,19.9,36.0,1016.0,False,36.1,350,1.0,2022,1,FP1
0 days 00:21:54.316000,19.8,36.0,1016.0,False,36.0,12,0.9,2022,1,FP1
0 days 00:22:54.314000,19.7,37.0,1016.0,False,35.6,346,0.8,2022,1,FP1
0 days 00:23:54.311000,20.0,36.0,1016.0,False,35.8,355,0.8,2022,1,FP1
0 days 00:24:54.311000,20.1,36.0,1016.0,False,35.8,15,0.6,2022,1,FP1
0 days 00:25:54.312000,20.1,36.0,1016.0,False,35.8,348,0.4,2022,1,FP1
0 days 00:26:54.314000,20.2,35.0,1016.0,False,36.0,12,0.7,2022,1,FP1
0 days 00:27:54.312000,20.2,34.0,1016.0,False,35.9,19,0.8,2022,1,FP1
0 days 00:28:54.313000,20.2,35.0,1016.0,False,35.7,10,1.1,2022,1,FP1
0 days 00:29:54.314000,20.0,37.0,1016.0,False,35.3,25,0.9,2022,1,FP1
0 days 00:30:54.313000,19.9,37.0,1016.0,False,35.3,5,0.6,2022,1,FP1
0 days 00:31:54.318000,19.9,38.0,1016.0,False,35.4,12,0.7,2022,1,FP1
0 days 00:32:54.314000,20.0,38.0,1016.0,False,35.2,8,1.0,2022,1,FP1
0 days 00:33:54.348000,19.9,37.0,1016.2,False,35.1,1,0.9,2022,1,FP1
0 days 00:34:54.311000,19.9,36.0,1016.0,False,35.2,5,0.8,2022,1,FP1
0 days 00:35:54.312000,20.0,36.0,1016.0,False,35.2,357,0.8,2022,1,FP1
0 days 00:36:54.318000,20.0,36.0,1016.2,False,35.0,13,0.8,2022,1,FP1
0 days 00:37:54.318000,19.9,36.0,1016.2,False,35.0,13,0.8,2022,1,FP1
0 days 00:38:54.333000,19.9,36.0,1016.0,False,35.0,356,1.1,2022,1,FP1
0 days 00:39:54.330000,19.9,37.0,1016.0,False,34.6,6,1.2,2022,1,FP1
0 days 00:40:54.342000,20.0,38.0,1016.0,False,34.6,1,1.2,2022,1,FP1
0 days 00:41:54.345000,19.9,38.0,1016.0,False,34.4,357,0.9,2022,1,FP1
0 days 00:42:54.358000,19.8,37.0,1016.0,True,34.5,31,0.7,2022,1,FP1
0 days 00:43:54.349000,19.9,36.0,1016.0,True,34.6,7,0.6,2022,1,FP1
0 days 00:44:54.358000,19.9,36.0,1016.0,True,34.6,9,0.9,2022,1,FP1
0 days 00:45:54.377000,19.9,37.0,1016.0,False,34.6,18,0.9,2022,1,FP1
0 days 00:46:54.399000,19.8,37.0,1016.0,False,34.7,346,0.6,2022,1,FP1
0 days 00:47:54.390000,20.0,36.0,1016.0,False,34.5,24,0.5,2022,1,FP1
0 days 00:48:54.393000,20.2,36.0,1016.0,False,34.6,8,0.6,2022,1,FP1
0 days 00:49:54.408000,20.1,36.0,1016.0,False,34.8,356,0.7,2022,1,FP1
0 days 00:50:54.442000,20.1,35.0,1016.0,False,34.6,349,0.8,2022,1,FP1
0 days 00:51:54.451000,19.9,35.0,1016.0,False,34.5,10,0.7,2022,1,FP1
0 days 00:52:54.439000,19.9,35.0,1016.0,False,34.5,340,0.6,2022,1,FP1
0 days 00:53:54.441000,19.9,35.0,1016.0,False,34.5,23,0.7,2022,1,FP1
0 days 00:54:54.476000,19.9,35.0,1016.2,False,34.4,25,0.7,2022,1,FP1
0 days 00:55:54.439000,20.0,35.0,1016.0,False,34.4,8,0.7,2022,1,FP1
0 days 00:56:54.438000,20.0,36.0,1016.0,False,34.2,347,0.8,2022,1,FP1
0 days 00:57:54.436000,19.8,36.0,1016.0,False,33.9,22,0.9,2022,1,FP1
0 days 00:58:54.440000,19.9,36.0,1016.0,False,33.9,7,0.8,2022,1,FP1
0 days 00:59:54.437000,19.8,37.0,1016.0,False,33.9,23,0.8,2022,1,FP1
0 days 01:00:54.441000,19.7,37.0,1016.0,False,33.8,10,0.8,2022,1,FP1
0 days 01:01:54.439000,19.7,37.0,1016.0,False,33.5,23,1.0,2022,1,FP1
0 days 01:02:54.439000,19.6,36.0,1016.0,False,33.5,5,0.8,2022,1,FP1
0 days 01:03:54.447000,19.7,37.0,1015.9,False,33.5,1,1.0,2022,1,FP1
0 days 01:04:54.442000,19.7,37.0,1016.0,False,33.4,12,1.1,2022,1,FP1
0 days 01:05:54.438000,19.7,37.0,1016.0,False,33.2,346,0.9,2022,1,FP1
0 days 01:06:54.440000,19.7,38.0,1016.0,False,33.2,352,1.0,2022,1,FP1
0 days 01:07:54.437000,19.7,38.0,1016.0,False,33.1,0,0.8,2022,1,FP1
0 days 01:08:54.441000,19.8,37.0,1016.0,False,33.1,348,1.0,2022,1,FP1
0 days 01:09:54.438000,19.8,37.0,1016.0,False,33.1,11,0.9,2022,1,FP1
0 days 01:10:54.438000,19.7,37.0,1016.0,False,33.1,15,0.9,2022,1,FP1
0 days 01:11:54.437000,19.7,36.0,1016.0,False,33.0,350,1.0,2022,1,FP1
0 days 01:12:54.438000,19.6,36.0,1016.0,False,32.7,12,0.9,2022,1,FP1
0 days 01:13:54.438000,19.6,36.0,1016.0,False,32.7,357,0.8,2022,1,FP1
0 days 01:14:54.438000,19.6,36.0,1016.0,False,32.4,355,0.8,2022,1,FP1
0 days 01:15:54.451000,19.6,36.0,1016.0,False,32.2,337,0.8,2022,1,FP1
0 days 01:16:54.439000,19.7,36.0,1015.9,False,32.1,17,0.7,2022,1,FP1
0 days 01:17:54.442000,19.6,36.0,1016.0,False,32.0,9,0.9,2022,1,FP1
0 days 01:18:54.440000,19.7,36.0,1016.0,False,32.2,5,0.8,2022,1,FP1
0 days 01:19:54.441000,19.6,36.0,1016.0,False,32.3,5,0.5,2022,1,FP1
0 days 01:20:54.437000,19.6,35.0,1016.0,False,32.3,11,0.9,2022,1,FP1
0 days 01:21:54.437000,19.6,36.0,1016.0,False,32.2,348,0.8,2022,1,FP1
0 days 00:00:50.592000,22.8,53.0,1013.7,False,29.3,348,6.1,2022,2,FP1
0 days 00:01:50.598000,22.8,52.0,1013.7,False,29.3,357,5.3,2022,2,FP1
0 days 00:02:50.595000,22.8,52.0,1013.5,False,29.2,354,6.6,2022,2,FP1
0 days 00:03:50.595000,22.8,53.0,1013.7,False,29.1,352,6.9,2022,2,FP1
0 days 00:04:50.593000,22.8,53.0,1013.7,False,28.9,348,6.1,2022,2,FP1
0 days 00:05:50.595000,22.9,52.0,1013.7,False,29.0,348,5.0,2022,2,FP1
0 days 00:06:50.596000,22.9,51.0,1013.7,False,29.2,355,5.8,2022,2,FP1
0 days 00:07:50.614000,22.8,52.0,1013.7,False,29.2,335,5.4,2022,2,FP1
0 days 00:08:50.594000,22.9,52.0,1013.7,False,29.1,347,5.4,2022,2,FP1
0 days 00:09:50.599000,22.8,53.0,1013.7,False,29.1,353,5.6,2022,2,FP1
0 days 00:10:50.595000,22.8,52.0,1013.7,False,28.9,0,6.9,2022,2,FP1
0 days 00:11:50.596000,22.8,54.0,1013.7,False,28.9,354,6.1,2022,2,FP1
0 days 00:12:50.602000,22.8,53.0,1013.7,False,28.9,353,6.1,2022,2,FP1
0 days 00:13:50.586000,22.8,52.0,1013.9,False,28.9,2,6.5,2022,2,FP1
0 days 00:14:50.597000,22.8,51.0,1013.9,False,28.8,351,6.3,2022,2,FP1
0 days 00:15:50.595000,22.7,51.0,1013.7,False,28.7,349,5.3,2022,2,FP1
0 days 00:16:50.584000,22.9,52.0,1014.0,False,28.7,348,5.1,2022,2,FP1
0 days 00:17:50.592000,22.9,53.0,1013.7,False,28.9,354,5.6,2022,2,FP1
0 days 00:18:50.602000,22.8,52.0,1013.9,False,28.6,347,6.3,2022,2,FP1
0 days 00:19:50.596000,22.9,54.0,1013.7,False,28.6,345,6.0,2022,2,FP1
0 days 00:20:50.598000,22.9,54.0,1014.0,False,28.5,348,4.0,2022,2,FP1
0 days 00:21:50.618000,23.0,53.0,1013.9,False,28.9,342,2.9,2022,2,FP1
0 days 00:22:50.600000,23.0,52.0,1013.9,False,28.9,328,4.1,2022,2,FP1
0 days 00:23:50.600000,23.0,50.0,1014.0,False,28.9,1,3.4,2022,2,FP1
0 days 00:24:50.596000,23.1,48.0,1014.0,False,29.0,346,4.5,2022,2,FP1
0 days 00:25:50.596000,23.2,49.0,1014.0,False,29.0,334,3.0,2022,2,FP1
0 days 00:26:50.597000,23.1,49.0,1014.0,False,28.9,6,4.3,2022,2,FP1
0 days 00:27:50.601000,23.2,48.0,1014.0,False,28.8,342,4.9,2022,2,FP1
0 days 00:28:50.599000,23.1,48.0,1014.0,False,28.7,348,4.9,2022,2,FP1
0 days 00:29:50.599000,23.2,48.0,1013.9,False,28.7,350,4.3,2022,2,FP1
0 days 00:30:50.619000,23.2,47.0,1013.9,False,28.6,340,5.3,2022,2,FP1
0 days 00:31:50.597000,23.2,48.0,1014.0,False,28.5,2,3.9,2022,2,FP1
0 days 00:32:50.597000,23.2,47.0,1014.0,False,28.6,339,4.8,2022,2,FP1
0 days 00:33:50.599000,23.2,48.0,1014.0,False,28.7,341,5.0,2022,2,FP1
0 days 00:34:50.599000,23.2,49.0,1014.0,False,28.6,336,4.8,2022,2,FP1
0 days 00:35:50.619000,23.2,51.0,1014.0,False,28.3,351,5.0,2022,2,FP1
0 days 00:36:50.611000,22.9,53.0,1014.0,False,28.1,345,6.9,2022,2,FP1
0 days 00:37:50.613000,22.8,55.0,1014.0,False,27.9,351,6.1,2022,2,FP1
0 days 00:38:50.640000,22.8,55.0,1013.9,False,27.9,358,6.0,2022,2,FP1
0 days 00:39:50.645000,22.8,54.0,1014.0,False,27.9,347,5.3,2022,2,FP1
0 days 00:40:50.644000,22.8,54.0,1014.2,False,27.9,341,5.8,2022,2,FP1
0 days 00:41:50.647000,22.9,53.0,1014.0,False,28.1,342,4.6,2022,2,FP1
0 days 00:42:50.644000,22.9,52.0,1014.2,False,28.1,351,4.9,2022,2,FP1
0 days 00:43:50.644000,22.8,51.0,1014.2,False,28.1,341,6.0,2022,2,FP1
0 days 00:44:50.661000,22.8,52.0,1014.2,False,27.8,355,4.5,2022,2,FP1
0 days 00:45:50.658000,22.8,53.0,1014.0,False,27.9,348,5.0,2022,2,FP1
0 days 00:46:50.654000,22.8,52.0,1014.2,False,27.9,352,4.0,2022,2,FP1
0 days 00:47:50.660000,22.8,52.0,1014.2,False,28.0,353,4.6,2022,2,FP1
0 days 00:48:50.673000,22.8,53.0,1014.2,False,27.9,350,5.5,2022,2,FP1
0 days 00:49:50.722000,22.8,53.0,1014.0,False,27.9,348,4.8,2022,2,FP1
0 days 00:50:50.695000,22.8,54.0,1014.2,False,27.9,337,4.1,2022,2,FP1
0 days 00:51:50.707000,22.9,54.0,1014.2,False,27.7,332,4.1,2022,2,FP1
0 days 00:52:50.706000,22.9,53.0,1014.2,False,28.1,349,3.0,2022,2,FP1
0 days 00:53:50.697000,23.1,50.0,1014.4,False,28.2,327,3.5,2022,2,FP1
0 days 00:54:50.722000,23.1,51.0,1014.2,False,28.1,340,3.0,2022,2,FP1
0 days 00:55:50.722000,23.1,50.0,1014.2,False,28.2,332,2.7,2022,2,FP1
0 days 00:56:50.723000,23.1,51.0,1014.2,False,28.2,351,3.2,2022,2,FP1
0 days 00:57:50.722000,22.9,53.0,1014.2,False,28.2,343,4.5,2022,2,FP1
0 days 00:58:50.722000,22.8,53.0,1014.2,False,27.7,343,4.9,2022,2,FP1
0 days 00:59:50.723000,22.8,52.0,1014.2,False,27.7,359,3.7,2022,2,FP1
0 days 01:00:50.726000,22.8,52.0,1014.2,False,27.7,343,3.7,2022,2,FP1
0 days 01:01:50.725000,22.8,52.0,1014.2,False,27.7,348,3.2,2022,2,FP1
0 days 01:02:50.722000,22.9,51.0,1014.2,False,27.7,340,4.4,2022,2,FP1
0 days 01:03:50.741000,22.9,50.0,1014.2,False,27.7,348,4.6,2022,2,FP1
0 days 01:04:50.726000,22.8,51.0,1014.2,False,27.7,349,4.3,2022,2,FP1
0 days 01:05:50.724000,22.7,51.0,1014.2,False,27.6,348,5.1,2022,2,FP1
0 days 01:06:50.725000,22.7,51.0,1014.4,False,27.4,347,4.0,2022,2,FP1
0 days 01:07:50.723000,22.7,52.0,1014.4,False,27.6,353,4.4,2022,2,FP1
0 days 01:08:50.738000,22.7,53.0,1014.4,False,27.4,350,4.8,2022,2,FP1
0 days 01:09:50.736000,22.6,53.0,1014.4,False,27.4,350,4.8,2022,2,FP1
0 days 01:10:50.724000,22.7,52.0,1014.2,False,27.2,345,4.6,2022,2,FP1
0 days 01:11:50.728000,22.8,51.0,1014.5,False,27.2,344,4.5,2022,2,FP1
0 days 01:12:50.728000,22.8,50.0,1014.4,False,27.4,334,4.5,2022,2,FP1
0 days 01:13:50.725000,22.9,50.0,1014.4,False,27.2,354,4.8,2022,2,FP1
0 days 01:14:50.727000,22.9,50.0,1014.4,False,27.2,332,3.4,2022,2,FP1
0 days 01:15:50.723000,22.9,49.0,1014.4,False,27.2,347,4.9,2022,2,FP1
0 days 01:16:50.725000,22.8,51.0,1014.5,False,27.2,344,4.0,2022,2,FP1
0 days 01:17:50.724000,22.8,51.0,1014.4,False,27.1,338,3.2,2022,2,FP1
0 days 01:18:50.721000,22.9,51.0,1014.4,False,27.1,338,3.2,2022,2,FP1
0 days 01:19:50.735000,22.8,50.0,1014.5,False,27.1,346,4.0,2022,2,FP1
0 days 01:20:50.724000,22.7,50.0,1014.5,False,27.0,322,4.0,2022,2,FP1
0 days 01:21:50.722000,22.7,50.0,1014.5,False,27.0,341,3.5,2022,2,FP1
0 days 01:22:50.723000,22.7,50.0,1014.5,False,27.0,341,3.5,2022,2,FP1
0 days 00:00:18.448000,20.7,60.0,1021.7,False,37.7,201,0.6,2022,3,FP1
0 days 00:01:18.451000,20.7,60.0,1021.5,False,38.0,294,0.8,2022,3,FP1
0 days 00:02:18.455000,20.8,59.0,1021.5,False,38.0,49,0.8,2022,3,FP1
0 days 00:03:18.450000,20.8,59.0,1021.5,False,37.8,302,0.8,2022,3,FP1
0 days 00:04:18.451000,21.0,58.0,1021.5,False,38.0,329,1.0,2022,3,FP1
0 days 00:05:18.465000,21.0,58.0,1021.5,False,38.0,278,0.8,2022,3,FP1
0 days 00:06:18.450000,21.0,57.0,1021.5,False,38.0,0,0.3,2022,3,FP1
0 days 00:07:18.448000,21.1,57.0,1021.5,False,38.2,261,0.5,2022,3,FP1
0 days 00:08:18.452000,21.0,56.0,1021.5,False,38.3,336,0.8,2022,3,FP1
0 days 00:09:18.450000,21.0,57.0,1021.5,False,38.3,3,0.8,2022,3,FP1
0 days 00:10:18.450000,20.9,60.0,1021.5,False,37.8,196,0.6,2022,3,FP1
0 days 00:11:18.452000,20.9,61.0,1021.5,False,37.8,335,0.5,2022,3,FP1
0 days 00:12:18.450000,21.0,61.0,1021.5,False,37.1,132,0.8,2022,3,FP1
0 days 00:13:18.453000,21.0,61.0,1021.5,False,37.3,273,0.5,2022,3,FP1
0 days 00:14:18.466000,20.9,60.0,1021.4,False,37.3,253,0.8,2022,3,FP1
0 days 00:15:18.449000,20.9,61.0,1021.5,False,37.6,279,0.8,2022,3,FP1
0 days 00:16:18.453000,20.9,61.0,1021.5,False,37.6,20,0.4,2022,3,FP1
0 days 00:17:18.453000,20.9,61.0,1021.5,False,37.7,180,0.6,2022,3,FP1
0 days 00:18:18.450000,20.9,59.0,1021.4,False,38.2,96,0.6,2022,3,FP1
0 days 00:19:18.451000,20.9,60.0,1021.4,False,38.2,162,0.8,2022,3,FP1
0 days 00:20:18.474000,20.9,59.0,1021.4,False,38.5,166,0.8,2022,3,FP1
0 days 00:21:18.461000,21.0,58.0,1021.5,False,38.3,188,0.6,2022,3,FP1
0 days 00:22:18.452000,21.1,57.0,1021.5,False,37.8,153,0.8,2022,3,FP1
0 days 00:23:18.451000,21.1,57.0,1021.4,False,38.0,129,0.5,2022,3,FP1
0 days 00:24:18.466000,21.1,57.0,1021.4,False,38.0,160,0.6,2022,3,FP1
0 days 00:25:18.505000,21.2,58.0,1021.2,False,38.0,142,0.6,2022,3,FP1
0 days 00:26:18.466000,21.2,58.0,1021.2,False,38.1,142,1.1,2022,3,FP1
0 days 00:27:18.481000,21.3,58.0,1021.2,False,38.1,192,1.6,2022,3,FP1
0 days 00:28:18.513000,21.2,58.0,1021.2,False,37.5,4,0.6,2022,3,FP1
0 days 00:29:18.499000,21.1,57.0,1021.2,False,37.5,105,1.0,2022,3,FP1
0 days 00:30:18.501000,21.0,57.0,1021.2,False,37.8,148,1.0,2022,3,FP1
0 days 00:31:18.508000,21.0,57.0,1021.2,False,37.8,322,1.1,2022,3,FP1
0 days 00:32:18.498000,21.0,56.0,1021.2,False,37.8,158,0.6,2022,3,FP1
0 days 00:33:18.500000,21.0,56.0,1021.0,False,37.7,215,0.6,2022,3,FP1
0 days 00:34:18.498000,21.2,56.0,1021.2,False,38.1,305,1.1,2022,3,FP1
0 days 00:35:18.508000,21.2,57.0,1021.0,False,37.7,159,1.1,2022,3,FP1
0 days 00:36:18.499000,21.1,57.0,1021.0,False,37.4,116,0.8,2022,3,FP1
0 days 00:37:18.501000,21.2,58.0,1021.0,False,37.4,0,0.8,2022,3,FP1
0 days 00:38:18.498000,21.2,57.0,1021.0,False,38.1,156,1.0,2022,3,FP1
0 days 00:39:18.501000,21.1,57.0,1021.0,False,38.5,0,0.5,2022,3,FP1
0 days 00:40:18.500000,21.2,56.0,1021.0,False,38.2,106,0.3,2022,3,FP1
0 days 00:41:18.500000,21.3,56.0,1021.0,False,38.2,281,0.5,2022,3,FP1
0 days 00:42:18.498000,21.3,56.0,1020.9,False,38.6,154,0.8,2022,3,FP1
0 days 00:43:18.499000,21.4,57.0,1020.9,False,38.5,81,0.8,2022,3,FP1
0 days 00:44:18.540000,21.4,56.0,1020.7,False,38.5,341,0.6,2022,3,FP1
0 days 00:45:18.513000,21.3,55.0,1020.9,False,38.5,22,0.4,2022,3,FP1
0 days 00:46:18.513000,21.3,57.0,1020.9,False,37.8,106,0.6,2022,3,FP1
0 days 00:47:18.528000,21.4,55.0,1020.7,False,37.5,154,0.4,2022,3,FP1
0 days 00:48:18.545000,21.4,56.0,1020.7,False,38.0,0,0.6,2022,3,FP1
0 days 00:49:18.561000,21.4,55.0,1020.7,False,38.6,156,0.5,2022,3,FP1
0 days 00:50:18.559000,21.4,55.0,1020.7,False,38.5,120,0.8,2022,3,FP1
0 days 00:51:18.565000,21.4,55.0,1020.7,False,37.9,125,1.2,2022,3,FP1
0 days 00:52:18.574000,21.4,55.0,1020.5,False,38.0,130,0.5,2022,3,FP1
0 days 00:53:18.578000,21.4,55.0,1020.7,False,38.0,88,0.8,2022,3,FP1
0 days 00:54:18.576000,21.5,54.0,1020.7,False,38.1,0,1.1,2022,3,FP1
0 days 00:55:18.574000,21.5,54.0,1020.7,False,38.1,159,0.5,2022,3,FP1
0 days 00:56:18.575000,21.4,55.0,1020.5,False,37.9,164,1.0,2022,3,FP1
0 days 00:57:18.576000,21.3,55.0,1020.7,False,37.4,149,0.6,2022,3,FP1
0 days 00:58:18.574000,21.3,56.0,1020.5,False,37.2,0,1.0,2022,3,FP1
0 days 00:59:18.589000,21.4,55.0,1020.5,False,37.2,169,0.3,2022,3,FP1
0 days 01:00:18.576000,21.4,55.0,1020.5,False,37.2,130,0.6,2022,3,FP1
0 days 01:01:18.593000,21.4,56.0,1020.5,False,37.2,308,0.5,2022,3,FP1
0 days 01:02:18.575000,21.4,56.0,1020.5,False,36.9,0,1.0,2022,3,FP1
0 days 01:03:18.575000,21.4,56.0,1020.5,False,36.9,219,0.3,2022,3,FP1
0 days 01:04:18.576000,21.4,55.0,1020.5,False,37.5,58,0.4,2022,3,FP1
0 days 01:05:18.575000,21.5,54.0,1020.5,False,38.3,0,0.3,2022,3,FP1
0 days 01:06:18.606000,21.5,53.0,1020.5,False,38.6,151,0.5,2022,3,FP1
0 days 01:07:18.579000,21.6,54.0,1020.5,False,38.5,242,0.4,2022,3,FP1
0 days 01:08:18.590000,21.5,55.0,1020.5,False,38.3,111,0.8,2022,3,FP1
0 days 01:09:18.576000,21.5,55.0,1020.5,False,38.0,108,0.8,2022,3,FP1
0 days 01:10:18.596000,21.4,55.0,1020.5,False,38.0,66,0.6,2022,3,FP1
0 days 01:11:18.587000,21.5,54.0,1020.5,False,38.1,0,0.6,2022,3,FP1
0 days 01:12:18.590000,21.5,54.0,1020.5,False,38.1,95,1.1,2022,3,FP1
0 days 01:13:18.584000,21.6,54.0,1020.5,False,38.1,131,0.6,2022,3,FP1
0 days 01:14:18.579000,21.7,54.0,1020.5,False,38.2,149,1.3,2022,3,FP1
0 days 01:15:18.577000,21.8,53.0,1020.5,False,38.1,53,0.6,2022,3,FP1
0 days 01:16:18.597000,21.8,53.0,1020.5,False,37.7,158,0.8,2022,3,FP1
0 days 01:17:18.578000,21.8,54.0,1020.5,False,37.5,124,1.3,2022,3,FP1
0 days 01:18:18.575000,21.7,54.0,1020.4,False,37.0,331,0.6,2022,3,FP1
0 days 00:00:25.690000,11.4,92.0,995.0,True,14.8,262,3.7,2022,4,FP1
0 days 00:01:25.672000,11.5,92.0,995.0,True,14.8,260,3.0,2022,4,FP1
0 days 00:02:25.664000,11.5,92.0,995.0,True,14.8,261,3.5,2022,4,FP1
0 days 00:03:25.676000,11.5,92.0,995.0,True,14.8,263,3.0,2022,4,FP1
0 days 00:04:25.672000,11.4,92.0,995.0,True,14.7,253,3.7,2022,4,FP1
0 days 00:05:25.673000,11.5,92.0,995.0,True,14.7,265,3.0,2022,4,FP1
0 days 00:06:25.673000,11.5,92.0,995.0,True,14.7,256,2.5,2022,4,FP1
0 days 00:07:25.674000,11.5,92.0,995.0,True,14.7,261,4.0,2022,4,FP1
0 days 00:08:25.673000,11.6,92.0,995.0,True,14.7,268,2.7,2022,4,FP1
0 days 00:09:25.671000,11.5,92.0,995.2,True,14.7,251,1.8,2022,4,FP1
0 days 00:10:25.672000,11.5,92.0,995.0,True,14.7,258,2.2,2022,4,FP1
0 days 00:11:25.671000,11.5,92.0,995.2,True,14.9,256,2.5,2022,4,FP1
0 days 00:12:25.673000,11.5,92.0,995.2,True,14.9,271,4.0,2022,4,FP1
0 days 00:13:25.678000,11.5,92.0,995.2,True,14.8,259,3.5,2022,4,FP1
0 days 00:14:25.671000,11.5,91.0,995.2,True,14.9,265,3.2,2022,4,FP1
0 days 00:15:25.673000,11.5,92.0,995.2,True,14.8,265,4.4,2022,4,FP1
0 days 00:16:25.671000,11.5,92.0,995.2,True,14.8,260,4.1,2022,4,FP1
0 days 00:17:25.675000,11.5,92.0,995.2,True,14.9,252,3.4,2022,4,FP1
0 days 00:18:25.671000,11.5,92.0,995.2,True,14.9,277,4.1,2022,4,FP1
0 days 00:19:25.714000,11.5,92.0,995.2,True,14.9,278,2.0,2022,4,FP1
0 days 00:20:25.672000,11.6,92.0,995.2,True,15.0,257,3.2,2022,4,FP1
0 days 00:21:25.674000,11.6,91.0,995.2,True,15.0,257,3.4,2022,4,FP1
0 days 00:22:25.672000,11.5,91.0,995.2,True,14.8,259,4.0,2022,4,FP1
0 days 00:23:25.674000,11.5,92.0,995.2,True,14.8,258,3.7,2022,4,FP1
0 days 00:24:25.691000,11.5,92.0,995.4,True,14.7,256,3.5,2022,4,FP1
0 days 00:25:25.716000,11.5,92.0,995.4,True,14.7,261,3.5,2022,4,FP1
0 days 00:26:25.732000,11.6,91.0,995.5,True,14.7,285,2.4,2022,4,FP1
0 days 00:27:25.751000,11.5,91.0,995.4,True,14.7,271,3.2,2022,4,FP1
0 days 00:28:25.741000,11.5,91.0,995.5,True,14.7,264,2.5,2022,4,FP1
0 days 00:29:25.737000,11.5,92.0,995.5,True,14.7,256,1.7,2022,4,FP1
0 days 00:30:25.738000,11.6,91.0,995.4,True,14.7,258,2.9,2022,4,FP1
0 days 00:31:25.748000,11.5,91.0,995.5,True,14.8,284,3.2,2022,4,FP1
0 days 00:32:25.768000,11.4,91.0,995.5,True,14.7,263,3.5,2022,4,FP1
0 days 00:33:25.765000,11.6,92.0,995.5,True,14.7,254,2.7,2022,4,FP1
0 days 00:34:25.771000,11.5,91.0,995.5,True,14.7,294,2.2,2022,4,FP1
0 days 00:35:25.769000,11.6,91.0,995.5,True,14.8,280,3.4,2022,4,FP1
0 days 00:36:25.771000,11.6,91.0,995.5,True,14.8,258,3.4,2022,4,FP1
0 days 00:37:25.777000,11.6,91.0,995.5,True,14.7,247,2.4,2022,4,FP1
0 days 00:38:25.768000,11.6,91.0,995.5,True,14.7,270,3.0,2022,4,FP1
0 days 00:39:25.771000,11.6,91.0,995.5,True,14.7,265,2.4,2022,4,FP1
0 days 00:40:25.766000,11.6,91.0,995.5,True,14.7,271,3.2,2022,4,FP1
0 days 00:41:25.770000,11.6,91.0,995.5,True,14.6,258,2.5,2022,4,FP1
0 days 00:42:25.793000,11.5,91.0,995.5,True,14.6,263,2.4,2022,4,FP1
0 days 00:43:25.798000,11.5,91.0,995.5,True,14.6,247,3.2,2022,4,FP1
0 days 00:44:25.799000,11.6,91.0,995.5,True,14.6,246,2.5,2022,4,FP1
0 days 00:45:25.801000,11.6,91.0,995.7,True,14.7,249,1.7,2022,4,FP1
0 days 00:46:25.798000,11.6,91.0,995.7,True,14.7,251,3.0,2022,4,FP1
0 days 00:47:25.816000,11.5,91.0,995.7,True,14.8,271,3.0,2022,4,FP1
0 days 00:48:25.799000,11.4,91.0,995.7,True,14.8,266,3.0,2022,4,FP1
0 days 00:49:25.804000,11.4,91.0,995.7,True,14.8,263,2.0,2022,4,FP1
0 days 00:50:25.812000,11.5,91.0,995.7,True,14.8,285,2.0,2022,4,FP1
0 days 00:51:25.800000,11.5,91.0,995.7,True,14.8,264,2.5,2022,4,FP1
0 days 00:52:25.799000,11.5,91.0,995.7,True,14.7,224,1.7,2022,4,FP1
0 days 00:53:25.809000,11.5,91.0,995.7,True,14.7,256,2.2,2022,4,FP1
0 days 00:54:25.790000,11.4,91.0,995.7,True,14.8,259,2.7,2022,4,FP1
0 days 00:55:25.796000,11.5,91.0,995.7,True,14.6,287,2.7,2022,4,FP1
0 days 00:56:25.801000,11.5,91.0,995.7,True,14.6,262,3.4,2022,4,FP1
0 days 00:57:25.798000,11.5,91.0,995.9,True,14.6,259,2.9,2022,4,FP1
0 days 00:58:25.799000,11.6,91.0,995.7,True,14.5,279,2.5,2022,4,FP1
0 days 00:59:25.798000,11.6,91.0,995.9,True,14.5,242,2.7,2022,4,FP1
0 days 01:00:25.801000,11.6,91.0,995.9,True,14.5,277,2.5,2022,4,FP1
0 days 01:01:25.797000,11.6,91.0,995.7,True,14.7,268,3.2,2022,4,FP1
0 days 01:02:25.800000,11.5,91.0,995.9,True,14.6,265,2.9,2022,4,FP1
0 days 01:03:25.797000,11.4,91.0,995.9,True,14.5,262,2.0,2022,4,FP1
0 days 01:04:25.801000,11.6,91.0,995.9,True,14.6,251,2.9,2022,4,FP1
0 days 01:05:25.810000,11.6,91.0,995.9,True,14.6,264,3.2,2022,4,FP1
0 days 01:06:25.800000,11.5,91.0,996.0,True,14.6,248,1.2,2022,4,FP1
0 days 01:07:25.799000,11.5,91.0,995.9,True,14.6,259,3.7,2022,4,FP1
0 days 01:08:25.797000,11.5,91.0,995.9,True,14.6,253,3.7,2022,4,FP1
0 days 01:09:25.801000,11.5,90.0,996.0,True,14.6,267,3.0,2022,4,FP1
0 days 01:10:25.800000,11.6,91.0,996.0,True,14.5,240,2.2,2022,4,FP1
0 days 01:11:25.798000,11.6,91.0,996.0,True,14.6,265,2.5,2022,4,FP1
0 days 01:12:25.801000,11.6,91.0,996.0,True,14.6,251,2.2,2022,4,FP1
0 days 01:13:25.813000,11.6,91.0,996.0,True,14.7,261,2.2,2022,4,FP1
0 days 01:14:25.791000,11.7,91.0,996.0,True,14.7,249,3.2,2022,4,FP1
0 days 01:15:25.799000,11.7,91.0,995.9,True,14.8,255,2.7,2022,4,FP1
0 days 01:16:25.798000,11.7,91.0,996.0,True,14.9,251,2.2,2022,4,FP1
0 days 01:17:25.800000,11.7,91.0,996.0,True,15.0,256,1.2,2022,4,FP1
0 days 01:18:25.799000,11.6,91.0,996.0,True,15.0,261,3.2,2022,4,FP1
0 days 01:19:25.804000,11.7,91.0,996.0,True,14.8,247,2.9,2022,4,FP1
0 days 01:20:25.800000,11.6,91.0,996.0,True,14.8,280,2.5,2022,4,FP1
0 days 01:21:25.804000,11.7,91.0,996.0,True,15.0,262,3.0,2022,4,FP1
0 days 00:00:22.648000,33.7,42.0,1014.0,False,52.9,50,1.0,2022,5,FP1
0 days 00:01:22.656000,33.5,43.0,1014.0,False,52.8,34,1.1,2022,5,FP1
0 days 00:02:22.663000,33.2,45.0,1014.0,False,50.2,229,0.0,2022,5,FP1
0 days 00:03:22.679000,33.3,44.0,1014.0,False,51.7,177,0.4,2022,5,FP1
0 days 00:04:22.680000,33.4,45.0,1013.9,False,51.7,155,1.7,2022,5,FP1
0 days 00:05:22.680000,33.3,45.0,1013.9,False,52.2,167,1.7,2022,5,FP1
0 days 00:06:22.679000,33.4,47.0,1013.7,False,52.4,168,2.7,2022,5,FP1
0 days 00:07:22.694000,33.2,46.0,1013.9,False,52.2,150,2.0,2022,5,FP1
0 days 00:08:22.710000,33.1,47.0,1013.7,False,52.3,15,1.0,2022,5,FP1
0 days 00:09:22.712000,33.1,45.0,1013.7,False,52.3,20,1.0,2022,5,FP1
0 days 00:10:22.710000,33.1,45.0,1013.7,False,52.6,332,1.1,2022,5,FP1
0 days 00:11:22.720000,33.2,43.0,1013.7,False,52.6,351,2.4,2022,5,FP1
0 days 00:12:22.712000,33.3,42.0,1013.7,False,54.4,60,2.4,2022,5,FP1
0 days 00:13:22.712000,33.3,43.0,1013.5,False,53.9,319,1.5,2022,5,FP1
0 days 00:14:22.712000,33.7,43.0,1013.7,False,53.6,342,2.2,2022,5,FP1
0 days 00:15:22.710000,33.6,43.0,1013.5,False,53.5,211,0.8,2022,5,FP1
0 days 00:16:22.717000,33.7,42.0,1013.5,False,53.9,267,0.5,2022,5,FP1
0 days 00:17:22.722000,33.8,42.0,1013.7,False,54.6,326,2.4,2022,5,FP1
0 days 00:18:22.710000,34.0,41.0,1013.5,False,54.6,321,2.5,2022,5,FP1
0 days 00:19:22.710000,34.0,42.0,1013.5,False,53.5,321,2.5,2022,5,FP1
0 days 00:20:22.711000,34.0,42.0,1013.5,False,51.8,317,3.7,2022,5,FP1
0 days 00:21:22.712000,33.9,43.0,1013.5,False,51.8,289,3.0,2022,5,FP1
0 days 00:22:22.712000,33.8,43.0,1013.5,False,52.5,308,2.5,2022,5,FP1
0 days 00:23:22.704000,33.8,42.0,1013.4,False,52.6,307,2.7,2022,5,FP1
0 days 00:24:22.712000,33.6,42.0,1013.4,False,52.6,308,2.2,2022,5,FP1
0 days 00:25:22.714000,33.6,42.0,1013.4,False,52.9,283,2.0,2022,5,FP1
0 days 00:26:22.709000,33.7,42.0,1013.4,False,53.8,183,0.8,2022,5,FP1
0 days 00:27:22.719000,33.9,43.0,1013.4,False,54.0,359,0.6,2022,5,FP1
0 days 00:28:22.715000,34.0,41.0,1013.2,False,54.2,175,0.8,2022,5,FP1
0 days 00:29:22.711000,34.1,40.0,1013.2,False,54.2,81,1.7,2022,5,FP1
0 days 00:30:22.712000,34.1,41.0,1013.2,False,52.9,350,0.8,2022,5,FP1
0 days 00:31:22.715000,34.0,41.0,1013.2,False,50.6,123,2.0,2022,5,FP1
0 days 00:32:22.712000,33.8,41.0,1013.2,False,50.6,125,0.8,2022,5,FP1
0 days 00:33:22.712000,33.7,42.0,1013.2,False,48.8,201,1.0,2022,5,FP1
0 days 00:34:22.711000,33.9,41.0,1013.2,False,48.9,164,1.3,2022,5,FP1
0 days 00:35:22.712000,34.1,43.0,1013.2,False,50.6,172,2.2,2022,5,FP1
0 days 00:36:22.712000,34.2,43.0,1013.2,False,50.8,166,2.2,2022,5,FP1
0 days 00:37:22.712000,34.1,44.0,1013.0,False,51.9,176,2.2,2022,5,FP1
0 days 00:38:22.719000,33.9,43.0,1013.0,False,50.6,174,3.0,2022,5,FP1
0 days 00:39:22.713000,33.7,45.0,1013.0,False,49.6,116,2.2,2022,5,FP1
0 days 00:40:22.724000,33.9,43.0,1013.0,False,50.5,189,1.3,2022,5,FP1
0 days 00:41:22.746000,34.0,42.0,1012.9,False,50.5,0,1.3,2022,5,FP1
0 days 00:42:22.759000,34.1,42.0,1013.0,False,48.9,170,0.6,2022,5,FP1
0 days 00:43:22.763000,34.3,44.0,1013.0,False,48.7,198,1.7,2022,5,FP1
0 days 00:44:22.763000,34.2,43.0,1013.0,False,49.7,156,2.0,2022,5,FP1
0 days 00:45:22.759000,34.1,42.0,1013.0,False,49.9,153,2.0,2022,5,FP1
0 days 00:46:22.758000,34.0,40.0,1012.9,False,52.0,162,2.9,2022,5,FP1
0 days 00:47:22.764000,33.9,41.0,1013.0,False,52.0,75,2.5,2022,5,FP1
0 days 00:48:22.761000,33.8,42.0,1013.0,False,51.7,176,1.1,2022,5,FP1
0 days 00:49:22.774000,33.7,43.0,1012.9,False,51.7,171,2.7,2022,5,FP1
0 days 00:50:22.774000,33.8,42.0,1012.9,False,51.4,129,2.4,2022,5,FP1
0 days 00:51:22.790000,33.9,41.0,1012.9,False,50.2,145,1.7,2022,5,FP1
0 days 00:52:22.812000,33.8,41.0,1012.9,False,50.5,170,2.0,2022,5,FP1
0 days 00:53:22.806000,33.8,41.0,1012.9,False,50.5,103,1.2,2022,5,FP1
0 days 00:54:22.809000,33.7,42.0,1012.9,False,50.4,33,1.2,2022,5,FP1
0 days 00:55:22.832000,33.7,42.0,1012.7,False,49.6,16,1.0,2022,5,FP1
0 days 00:56:22.821000,33.6,41.0,1012.7,False,49.4,336,0.6,2022,5,FP1
0 days 00:57:22.838000,33.6,41.0,1012.7,False,49.1,75,1.2,2022,5,FP1
0 days 00:58:22.839000,33.4,39.0,1012.7,False,48.5,19,2.0,2022,5,FP1
0 days 00:59:22.845000,33.4,40.0,1012.7,False,48.4,94,1.6,2022,5,FP1
0 days 01:00:22.881000,33.5,39.0,1012.7,False,48.5,103,1.3,2022,5,FP1
0 days 01:01:22.891000,33.5,40.0,1012.7,False,48.7,71,1.1,2022,5,FP1
0 days 01:02:22.899000,33.4,40.0,1012.7,False,48.7,167,1.0,2022,5,FP1
0 days 01:03:22.915000,33.8,40.0,1012.7,False,49.5,0,1.0,2022,5,FP1
0 days 01:04:22.936000,34.0,42.0,1012.7,False,49.5,163,1.0,2022,5,FP1
0 days 01:05:22.947000,34.1,41.0,1012.5,False,49.4,199,1.8,2022,5,FP1
0 days 01:06:22.935000,33.9,40.0,1012.5,False,48.8,153,0.6,2022,5,FP1
0 days 01:07:22.957000,33.9,40.0,1012.7,False,47.6,276,0.8,2022,5,FP1
0 days 01:08:22.964000,33.9,39.0,1012.7,False,47.9,64,0.8,2022,5,FP1
0 days 01:09:22.981000,34.0,40.0,1012.7,False,47.8,163,1.2,2022,5,FP1
0 days 01:10:23,33.8,42.0,1012.5,False,46.5,163,0.8,2022,5,FP1
0 days 01:11:23.004000,33.6,40.0,1012.5,False,46.2,188,2.0,2022,5,FP1
0 days 01:12:23.010000,33.6,40.0,1012.5,False,47.3,148,1.7,2022,5,FP1
0 days 01:13:23.008000,33.6,40.0,1012.5,False,47.4,160,0.6,2022,5,FP1
0 days 01:14:23.010000,33.8,39.0,1012.5,False,47.4,147,0.6,2022,5,FP1
0 days 01:15:23.009000,33.8,38.0,1012.7,False,46.8,200,1.0,2022,5,FP1
0 days 01:16:23.024000,33.7,39.0,1012.5,False,46.5,145,1.0,2022,5,FP1
0 days 01:17:23.011000,33.7,39.0,1012.5,False,45.8,163,0.0,2022,5,FP1
0 days 01:18:23.032000,33.7,39.0,1012.5,False,45.5,165,1.2,2022,5,FP1
0 days 01:19:23.001000,33.7,39.0,1012.5,False,45.6,261,1.2,2022,5,FP1
0 days 01:20:23.010000,33.7,38.0,1012.5,False,45.2,172,1.0,2022,5,FP1
0 days 01:21:23.012000,33.7,39.0,1012.5,False,44.8,177,1.7,2022,5,FP1
0 days 00:00:03.808000,28.8,42.0,1010.0,False,44.1,178,2.0,2022,6,FP1
0 days 00:01:03.823000,28.8,42.0,1010.0,False,43.6,158,1.2,2022,6,FP1
0 days 00:02:03.845000,28.6,43.0,1010.0,False,43.8,195,1.7,2022,6,FP1
0 days 00:03:03.840000,28.7,43.0,1009.9,False,43.8,219,1.8,2022,6,FP1
0 days 00:04:03.837000,28.7,43.0,1009.9,False,43.8,219,1.8,2022,6,FP1
0 days 00:05:03.862000,28.7,42.0,1009.9,False,44.3,49,1.3,2022,6,FP1
0 days 00:06:03.872000,28.6,41.0,1010.0,False,44.5,272,1.2,2022,6,FP1
0 days 00:07:03.872000,28.5,42.0,1010.0,False,45.2,70,2.2,2022,6,FP1
0 days 00:08:03.869000,28.4,43.0,1009.7,False,45.2,200,1.1,2022,6,FP1
0 days 00:09:03.870000,28.6,43.0,1009.9,False,44.6,206,0.8,2022,6,FP1
0 days 00:10:03.877000,28.6,44.0,1009.9,False,44.6,260,0.6,2022,6,FP1
0 days 00:11:03.868000,28.8,43.0,1009.9,False,45.0,215,1.7,2022,6,FP1
0 days 00:12:03.870000,29.0,43.0,1009.9,False,45.4,268,0.8,2022,6,FP1
0 days 00:13:03.871000,29.0,42.0,1009.9,False,45.9,274,0.8,2022,6,FP1
0 days 00:14:03.872000,29.2,42.0,1009.9,False,45.9,164,1.0,2022,6,FP1
0 days 00:15:03.873000,29.1,42.0,1009.9,False,45.8,214,1.5,2022,6,FP1
0 days 00:16:03.869000,29.0,43.0,1009.9,False,45.7,187,1.8,2022,6,FP1
0 days 00:17:03.873000,29.1,43.0,1009.9,False,45.5,164,2.2,2022,6,FP1
0 days 00:18:03.888000,29.0,43.0,1009.7,False,45.2,172,1.5,2022,6,FP1
0 days 00:19:03.885000,29.0,43.0,1009.7,False,45.2,182,1.8,2022,6,FP1
0 days 00:20:03.900000,29.0,43.0,1009.7,False,45.3,172,1.8,2022,6,FP1
0 days 00:21:03.916000,29.2,43.0,1009.7,False,46.1,13,1.1,2022,6,FP1
0 days 00:22:03.934000,29.2,42.0,1009.7,False,46.1,92,0.6,2022,6,FP1
0 days 00:23:03.934000,29.2,42.0,1009.7,False,45.9,297,1.8,2022,6,FP1
0 days 00:24:03.936000,29.4,43.0,1009.7,False,45.5,25,1.6,2022,6,FP1
0 days 00:25:03.930000,29.3,43.0,1009.7,False,45.4,288,1.6,2022,6,FP1
0 days 00:26:03.952000,29.3,43.0,1009.7,False,45.4,303,0.8,2022,6,FP1
0 days 00:27:03.988000,29.4,42.0,1009.9,False,45.8,278,0.8,2022,6,FP1
0 days 00:28:03.966000,29.4,43.0,1009.7,False,45.8,27,1.5,2022,6,FP1
0 days 00:29:03.981000,29.3,43.0,1009.7,False,45.1,270,1.1,2022,6,FP1
0 days 00:30:04.001000,29.3,43.0,1009.7,False,45.3,81,1.1,2022,6,FP1
0 days 00:31:04.002000,29.3,43.0,1009.7,False,45.3,37,1.7,2022,6,FP1
0 days 00:32:04.001000,29.3,44.0,1009.7,False,45.3,30,1.2,2022,6,FP1
0 days 00:33:04.011000,29.4,44.0,1009.7,False,45.3,78,0.8,2022,6,FP1
0 days 00:34:03.998000,29.4,43.0,1009.7,False,45.2,222,1.2,2022,6,FP1
0 days 00:35:03.999000,29.4,44.0,1009.7,False,45.2,156,1.1,2022,6,FP1
0 days 00:36:03.998000,29.5,44.0,1009.7,False,45.1,102,1.0,2022,6,FP1
0 days 00:37:03.995000,29.5,42.0,1009.7,False,46.0,206,1.1,2022,6,FP1
0 days 00:38:03.998000,29.4,42.0,1009.7,False,46.2,0,1.3,2022,6,FP1
0 days 00:39:03.995000,29.3,42.0,1009.7,False,45.5,188,0.8,2022,6,FP1
0 days 00:40:04,29.2,43.0,1009.7,False,45.1,238,1.0,2022,6,FP1
0 days 00:41:04.004000,29.3,43.0,1009.5,False,45.1,328,0.8,2022,6,FP1
0 days 00:42:03.996000,29.3,43.0,1009.5,False,45.8,125,1.3,2022,6,FP1
0 days 00:43:04,29.3,44.0,1009.5,False,46.2,215,0.8,2022,6,FP1
0 days 00:44:04,29.3,43.0,1009.5,False,46.5,16,1.3,2022,6,FP1
0 days 00:45:04.003000,29.5,43.0,1009.5,False,46.5,323,0.6,2022,6,FP1
0 days 00:46:04.021000,29.4,42.0,1009.5,False,46.4,252,1.6,2022,6,FP1
0 days 00:47:03.999000,29.4,43.0,1009.5,False,46.4,0,0.8,2022,6,FP1
0 days 00:48:04,29.3,42.0,1009.5,False,45.9,38,1.2,2022,6,FP1
0 days 00:49:04,29.3,42.0,1009.5,False,45.9,311,2.2,2022,6,FP1
0 days 00:50:04.004000,29.3,42.0,1009.5,False,45.9,317,1.5,2022,6,FP1
0 days 00:51:04.002000,29.3,43.0,1009.5,False,45.9,72,1.7,2022,6,FP1
0 days 00:52:04,29.4,43.0,1009.5,False,45.7,13,2.4,2022,6,FP1
0 days 00:53:04,29.4,44.0,1009.5,False,45.6,19,2.5,2022,6,FP1
0 days 00:54:04.062000,29.5,44.0,1009.5,False,46.1,2,1.3,2022,6,FP1
0 days 00:55:04.004000,29.5,44.0,1009.5,False,46.2,62,1.5,2022,6,FP1
0 days 00:56:04.002000,29.2,44.0,1009.5,False,46.2,10,1.8,2022,6,FP1
0 days 00:57:04,29.2,44.0,1009.4,False,46.1,16,1.3,2022,6,FP1
0 days 00:58:04.002000,29.2,44.0,1009.4,False,45.9,31,2.4,2022,6,FP1
0 days 00:59:04.004000,29.3,44.0,1009.4,False,45.9,32,1.7,2022,6,FP1
0 days 01:00:03.998000,29.4,44.0,1009.4,False,46.3,87,1.3,2022,6,FP1
0 days 01:01:04.002000,29.6,43.0,1009.4,False,46.3,87,1.7,2022,6,FP1
0 days 01:02:03.997000,29.6,43.0,1009.4,False,46.3,0,0.4,2022,6,FP1
0 days 01:03:04,29.7,43.0,1009.4,False,46.7,88,1.6,2022,6,FP1
0 days 01:04:04,29.6,43.0,1009.2,False,47.5,275,1.2,2022,6,FP1
0 days 01:05:04.001000,29.8,41.0,1009.2,False,47.5,129,1.7,2022,6,FP1
0 days 01:06:04.001000,29.7,40.0,1009.4,False,46.8,286,1.0,2022,6,FP1
0 days 01:07:04,29.7,40.0,1009.4,False,46.7,296,1.0,2022,6,FP1
0 days 01:08:04,29.6,40.0,1009.2,False,47.1,10,1.2,2022,6,FP1
0 days 01:09:03.991000,29.6,40.0,1009.4,False,47.2,16,1.2,2022,6,FP1
0 days 01:10:04.001000,29.5,40.0,1009.2,False,47.2,89,1.7,2022,6,FP1
0 days 01:11:04,29.6,40.0,1009.2,False,47.2,9,1.7,2022,6,FP1
0 days 01:12:04.008000,29.6,39.0,1009.2,False,47.4,34,2.0,2022,6,FP1
0 days 01:13:04.001000,29.7,40.0,1009.2,False,46.9,36,1.7,2022,6,FP1
0 days 01:14:03.999000,29.7,38.0,1009.2,False,47.0,21,2.0,2022,6,FP1
0 days 01:15:04.018000,29.8,37.0,1009.2,False,47.2,21,2.2,2022,6,FP1
0 days 01:16:04.028000,29.7,37.0,1009.2,False,47.2,18,2.7,2022,6,FP1
0 days 01:17:04.047000,29.6,38.0,1009.2,False,46.8,9,2.0,2022,6,FP1
0 days 01:18:04.060000,29.7,37.0,1009.2,False,46.5,285,2.2,2022,6,FP1
0 days 01:19:04.092000,29.6,37.0,1009.2,False,46.5,69,1.6,2022,6,FP1
0 days 01:20:04.076000,29.6,36.0,1009.4,False,46.3,197,1.1,2022,6,FP1
0 days 01:21:04.095000,29.7,35.0,1009.2,False,46.5,10,1.6,2022,6,FP1
0 days 00:00:14.326000,29.8,31.0,1015.4,False,54.1,312,0.6,2022,7,FP1
0 days 00:01:14.334000,29.8,31.0,1015.4,False,54.4,228,0.8,2022,7,FP1
0 days 00:02:14.342000,29.7,30.0,1015.2,False,54.5,146,0.4,2022,7,FP1
0 days 00:03:14.365000,29.7,31.0,1015.2,False,54.5,236,0.3,2022,7,FP1
0 days 00:04:14.357000,29.7,30.0,1015.2,False,54.5,293,0.4,2022,7,FP1
0 days 00:05:14.373000,29.9,31.0,1015.4,False,54.8,0,0.4,2022,7,FP1
0 days 00:06:14.375000,29.8,31.0,1015.2,False,54.8,220,0.0,2022,7,FP1
0 days 00:07:14.391000,29.8,31.0,1015.2,False,54.5,197,0.5,2022,7,FP1
0 days 00:08:14.393000,29.9,31.0,1015.2,False,54.4,186,0.8,2022,7,FP1
0 days 00:09:14.389000,29.9,31.0,1015.2,False,54.4,241,0.0,2022,7,FP1
0 days 00:10:14.403000,29.9,31.0,1015.2,False,54.4,215,0.0,2022,7,FP1
0 days 00:11:14.391000,29.9,31.0,1015.2,False,54.6,258,0.4,2022,7,FP1
0 days 00:12:14.391000,30.0,31.0,1015.2,False,54.7,0,0.4,2022,7,FP1
0 days 00:13:14.390000,30.0,31.0,1015.2,False,54.7,247,0.0,2022,7,FP1
0 days 00:14:14.390000,30.0,31.0,1015.2,False,54.8,189,0.4,2022,7,FP1
0 days 00:15:14.393000,30.0,32.0,1015.2,False,54.8,182,0.5,2022,7,FP1
0 days 00:16:14.383000,30.0,31.0,1015.2,False,54.8,206,0.0,2022,7,FP1
0 days 00:17:14.389000,29.9,31.0,1015.2,False,54.9,247,0.6,2022,7,FP1
0 days 00:18:14.397000,29.9,31.0,1015.2,False,54.7,199,0.6,2022,7,FP1
0 days 00:19:14.390000,29.9,31.0,1015.2,False,54.6,205,1.0,2022,7,FP1
0 days 00:20:14.394000,29.9,31.0,1015.2,False,54.6,181,0.8,2022,7,FP1
0 days 00:21:14.405000,30.0,31.0,1015.2,False,54.5,61,0.8,2022,7,FP1
0 days 00:22:14.392000,30.3,31.0,1015.2,False,54.4,191,1.5,2022,7,FP1
0 days 00:23:14.391000,30.3,32.0,1015.2,False,53.4,184,2.2,2022,7,FP1
0 days 00:24:14.389000,30.2,32.0,1015.2,False,52.9,178,0.8,2022,7,FP1
0 days 00:25:14.393000,30.4,32.0,1015.2,False,53.9,190,0.8,2022,7,FP1
0 days 00:26:14.409000,30.5,31.0,1015.0,False,54.0,0,1.0,2022,7,FP1
0 days 00:27:14.391000,30.5,31.0,1015.0,False,54.0,221,0.0,2022,7,FP1
0 days 00:28:14.393000,30.7,30.0,1015.0,False,53.7,94,0.0,2022,7,FP1
0 days 00:29:14.392000,30.7,30.0,1015.2,False,53.7,176,0.8,2022,7,FP1
0 days 00:30:14.407000,30.7,30.0,1015.0,False,53.6,189,0.8,2022,7,FP1
0 days 00:31:14.407000,30.8,30.0,1015.0,False,53.3,186,1.2,2022,7,FP1
0 days 00:32:14.421000,30.9,30.0,1015.0,False,53.3,233,0.8,2022,7,FP1
0 days 00:33:14.424000,30.9,30.0,1015.2,False,53.3,219,1.2,2022,7,FP1
0 days 00:34:14.450000,30.8,32.0,1015.0,False,53.3,253,1.0,2022,7,FP1
0 days 00:35:14.442000,30.9,32.0,1015.0,False,53.0,191,1.1,2022,7,FP1
0 days 00:36:14.439000,31.0,32.0,1015.0,False,53.7,297,1.2,2022,7,FP1
0 days 00:37:14.439000,31.0,32.0,1015.0,False,53.7,300,0.5,2022,7,FP1
0 days 00:38:14.439000,30.9,32.0,1015.0,False,54.2,303,0.8,2022,7,FP1
0 days 00:39:14.466000,30.7,32.0,1015.0,False,54.2,333,1.2,2022,7,FP1
0 days 00:40:14.461000,30.7,32.0,1015.0,False,54.2,284,1.1,2022,7,FP1
0 days 00:41:14.465000,30.6,33.0,1014.9,False,54.4,308,0.8,2022,7,FP1
0 days 00:42:14.469000,30.4,33.0,1015.0,False,54.7,241,0.8,2022,7,FP1
0 days 00:43:14.490000,30.5,33.0,1015.0,False,54.7,293,0.5,2022,7,FP1
0 days 00:44:14.486000,30.6,33.0,1015.0,False,55.1,256,0.8,2022,7,FP1
0 days 00:45:14.522000,30.8,32.0,1014.9,False,55.1,182,0.6,2022,7,FP1
0 days 00:46:14.502000,30.9,32.0,1015.0,False,55.1,0,0.6,2022,7,FP1
0 days 00:47:14.533000,31.0,32.0,1014.9,False,55.1,214,0.5,2022,7,FP1
0 days 00:48:14.557000,31.1,30.0,1014.7,False,55.1,202,0.8,2022,7,FP1
0 days 00:49:14.532000,31.1,31.0,1014.7,False,54.9,157,1.1,2022,7,FP1
0 days 00:50:14.520000,31.2,31.0,1014.7,False,55.0,186,1.0,2022,7,FP1
0 days 00:51:14.518000,31.3,30.0,1014.7,False,55.0,204,0.6,2022,7,FP1
0 days 00:52:14.526000,31.3,30.0,1014.9,False,54.8,260,1.1,2022,7,FP1
0 days 00:53:14.516000,31.2,31.0,1014.7,False,54.5,154,1.0,2022,7,FP1
0 days 00:54:14.520000,31.3,31.0,1014.7,False,54.4,227,0.8,2022,7,FP1
0 days 00:55:14.519000,31.3,31.0,1014.7,False,54.5,194,0.6,2022,7,FP1
0 days 00:56:14.518000,31.0,30.0,1014.7,False,54.4,90,1.2,2022,7,FP1
0 days 00:57:14.525000,31.1,30.0,1014.7,False,54.5,247,0.8,2022,7,FP1
0 days 00:58:14.561000,31.2,30.0,1014.7,False,54.4,220,0.5,2022,7,FP1
0 days 00:59:14.520000,31.0,30.0,1014.7,False,54.3,109,1.0,2022,7,FP1
0 days 01:00:14.517000,30.9,30.0,1014.7,False,54.3,213,0.6,2022,7,FP1
0 days 01:01:14.526000,31.0,29.0,1014.7,False,54.2,265,0.6,2022,7,FP1
0 days 01:02:14.526000,31.1,29.0,1014.7,False,54.2,222,0.8,2022,7,FP1
0 days 01:03:14.522000,31.1,29.0,1014.5,False,54.2,209,0.8,2022,7,FP1
0 days 01:04:14.527000,31.1,29.0,1014.7,False,54.5,183,1.5,2022,7,FP1
0 days 01:05:14.515000,31.1,29.0,1014.5,False,54.5,248,0.6,2022,7,FP1
0 days 01:06:14.520000,31.2,28.0,1014.5,False,54.1,0,0.8,2022,7,FP1
0 days 01:07:14.519000,31.2,29.0,1014.5,False,54.1,185,1.0,2022,7,FP1
0 days 01:08:14.519000,31.2,28.0,1014.5,False,54.4,208,1.1,2022,7,FP1
0 days 01:09:14.518000,31.2,28.0,1014.5,False,54.4,216,1.2,2022,7,FP1
0 days 01:10:14.519000,31.4,28.0,1014.5,False,54.3,195,1.2,2022,7,FP1
0 days 01:11:14.521000,31.3,29.0,1014.5,False,54.2,186,1.3,2022,7,FP1
0 days 01:12:14.522000,31.3,28.0,1014.5,False,54.2,234,0.8,2022,7,FP1
0 days 01:13:14.545000,31.4,28.0,1014.5,False,54.4,147,1.2,2022,7,FP1
0 days 01:14:14.547000,31.5,28.0,1014.5,False,54.4,196,1.2,2022,7,FP1
0 days 01:15:14.567000,31.4,27.0,1014.5,False,54.4,205,0.8,2022,7,FP1
0 days 01:16:14.566000,31.3,28.0,1014.5,False,54.4,207,1.2,2022,7,FP1
0 days 01:17:14.568000,31.2,28.0,1014.4,False,54.4,238,1.1,2022,7,FP1
0 days 01:18:14.566000,31.2,28.0,1014.5,False,54.0,199,0.6,2022,7,FP1
0 days 01:19:14.602000,31.2,28.0,1014.5,False,54.1,196,1.1,2022,7,FP1
0 days 01:20:14.583000,31.0,28.0,1014.5,False,54.2,0,0.8,2022,7,FP1
0 days 00:00:33.841000,26.5,41.0,1014.5,False,44.2,182,1.7,2022,8,FP1
0 days 00:01:33.840000,26.6,40.0,1014.5,False,45.2,134,1.7,2022,8,FP1
0 days 00:02:33.834000,26.5,40.0,1014.7,False,45.1,285,1.1,2022,8,FP1
0 days 00:03:33.839000,26.4,40.0,1014.5,False,45.1,87,1.7,2022,8,FP1
0 days 00:04:33.839000,26.2,42.0,1014.5,False,44.1,38,1.5,2022,8,FP1
0 days 00:05:33.873000,26.3,43.0,1014.5,False,44.0,348,2.2,2022,8,FP1
0 days 00:06:33.839000,26.3,43.0,1014.5,False,44.0,150,1.3,2022,8,FP1
0 days 00:07:33.844000,26.3,42.0,1014.5,False,44.2,54,1.2,2022,8,FP1
0 days 00:08:33.838000,26.3,43.0,1014.5,False,44.2,113,1.5,2022,8,FP1
0 days 00:09:33.838000,26.1,43.0,1014.5,False,43.6,128,1.3,2022,8,FP1
0 days 00:10:33.842000,26.1,43.0,1014.5,False,43.4,133,1.3,2022,8,FP1
0 days 00:11:33.842000,26.0,43.0,1014.7,False,43.6,123,1.3,2022,8,FP1
0 days 00:12:33.839000,26.3,42.0,1014.5,False,44.1,99,0.8,2022,8,FP1
0 days 00:13:33.865000,26.1,42.0,1014.2,False,44.4,30,1.7,2022,8,FP1
0 days 00:14:33.839000,26.1,42.0,1014.7,False,44.1,326,2.2,2022,8,FP1
0 days 00:15:33.838000,26.0,43.0,1014.7,False,44.1,184,1.6,2022,8,FP1
0 days 00:16:33.847000,26.0,43.0,1014.7,False,44.1,14,0.8,2022,8,FP1
0 days 00:17:33.842000,26.0,43.0,1014.9,False,44.1,73,1.6,2022,8,FP1
0 days 00:18:33.838000,26.0,44.0,1014.7,False,44.1,245,1.3,2022,8,FP1
0 days 00:19:33.860000,26.0,44.0,1014.5,False,44.1,67,1.7,2022,8,FP1
0 days 00:20:33.839000,26.1,43.0,1014.7,False,43.7,327,1.6,2022,8,FP1
0 days 00:21:33.842000,26.1,43.0,1014.5,False,43.8,84,1.5,2022,8,FP1
0 days 00:22:33.839000,26.2,43.0,1014.4,False,43.8,261,1.2,2022,8,FP1
0 days 00:23:33.836000,26.2,43.0,1014.7,False,43.7,116,2.9,2022,8,FP1
0 days 00:24:33.838000,26.2,43.0,1014.7,False,43.6,169,1.8,2022,8,FP1
0 days 00:25:33.841000,26.2,43.0,1014.7,False,43.4,174,1.6,2022,8,FP1
0 days 00:26:33.840000,26.1,43.0,1014.7,False,43.4,199,1.7,2022,8,FP1
0 days 00:27:33.840000,26.1,43.0,1014.9,False,43.2,209,1.0,2022,8,FP1
0 days 00:28:33.839000,26.0,43.0,1014.7,False,43.2,117,1.2,2022,8,FP1
0 days 00:29:33.841000,25.9,44.0,1014.7,False,42.7,3,1.1,2022,8,FP1
0 days 00:30:33.842000,26.0,43.0,1014.7,False,42.4,262,2.7,2022,8,FP1
0 days 00:31:33.840000,26.1,43.0,1014.7,False,42.8,260,2.7,2022,8,FP1
0 days 00:32:33.843000,26.0,44.0,1014.7,False,42.9,96,1.2,2022,8,FP1
0 days 00:33:33.842000,25.9,45.0,1014.7,False,42.4,18,2.5,2022,8,FP1
0 days 00:34:33.859000,25.7,45.0,1014.9,False,41.9,111,3.0,2022,8,FP1
0 days 00:35:33.842000,25.6,44.0,1014.7,False,41.8,184,1.5,2022,8,FP1
0 days 00:36:33.844000,25.6,44.0,1014.7,False,42.2,67,1.2,2022,8,FP1
0 days 00:37:33.840000,25.7,44.0,1015.0,False,42.2,252,2.2,2022,8,FP1
0 days 00:38:33.844000,25.8,43.0,1014.7,False,42.6,226,1.3,2022,8,FP1
0 days 00:39:33.843000,25.8,43.0,1014.7,False,42.3,250,1.7,2022,8,FP1
0 days 00:40:33.848000,25.8,42.0,1014.7,False,42.5,0,2.5,2022,8,FP1
0 days 00:41:33.845000,25.7,43.0,1014.7,False,42.7,0,1.0,2022,8,FP1
0 days 00:42:33.840000,25.7,43.0,1014.9,False,42.1,151,1.2,2022,8,FP1
0 days 00:43:33.845000,25.7,43.0,1014.5,False,41.7,82,1.5,2022,8,FP1
0 days 00:44:33.830000,25.8,43.0,1014.7,False,42.3,117,2.2,2022,8,FP1
0 days 00:45:33.841000,25.8,43.0,1014.7,False,42.3,124,2.7,2022,8,FP1
0 days 00:46:33.841000,25.8,43.0,1014.7,False,42.7,167,1.2,2022,8,FP1
0 days 00:47:33.843000,25.9,42.0,1015.0,False,42.7,340,2.0,2022,8,FP1
0 days 00:48:33.843000,25.8,42.0,1014.9,False,42.3,69,1.3,2022,8,FP1
0 days 00:49:33.850000,25.7,42.0,1015.0,False,42.3,77,1.3,2022,8,FP1
0 days 00:50:33.844000,25.8,43.0,1015.0,False,41.7,349,1.2,2022,8,FP1
0 days 00:51:33.835000,25.7,44.0,1014.7,False,41.6,99,1.7,2022,8,FP1
0 days 00:52:33.842000,25.9,43.0,1015.0,False,41.6,310,1.6,2022,8,FP1
0 days 00:53:33.844000,25.8,43.0,1014.9,False,42.6,278,1.6,2022,8,FP1
0 days 00:54:33.845000,25.8,42.0,1014.7,False,42.8,20,1.2,2022,8,FP1
0 days 00:55:33.842000,25.9,42.0,1015.0,False,42.1,173,1.1,2022,8,FP1
0 days 00:56:33.843000,26.0,42.0,1014.7,False,42.1,134,1.7,2022,8,FP1
0 days 00:57:33.845000,25.8,43.0,1015.2,False,42.3,195,1.2,2022,8,FP1
0 days 00:58:33.845000,25.8,42.0,1014.9,False,42.3,52,2.2,2022,8,FP1
0 days 00:59:33.846000,25.7,43.0,1014.9,False,41.4,54,1.6,2022,8,FP1
0 days 01:00:33.843000,25.6,42.0,1015.0,False,41.4,259,1.2,2022,8,FP1
0 days 01:01:33.879000,25.6,43.0,1015.0,False,42.2,322,2.4,2022,8,FP1
0 days 01:02:33.885000,25.6,43.0,1015.0,False,41.5,93,2.2,2022,8,FP1
0 days 01:03:33.841000,25.5,44.0,1015.0,False,41.4,34,1.2,2022,8,FP1
0 days 01:04:33.844000,25.5,44.0,1014.9,False,41.4,331,1.2,2022,8,FP1
0 days 01:05:33.844000,25.5,44.0,1014.9,False,41.6,54,2.0,2022,8,FP1
0 days 01:06:33.843000,25.6,44.0,1015.0,False,41.7,211,1.8,2022,8,FP1
0 days 01:07:33.865000,25.7,43.0,1014.9,False,41.8,25,1.6,2022,8,FP1
0 days 01:08:33.845000,25.7,43.0,1014.9,False,42.2,246,1.3,2022,8,FP1
0 days 01:09:33.844000,25.7,43.0,1015.2,False,42.3,38,1.5,2022,8,FP1
0 days 01:10:33.844000,25.6,43.0,1014.9,False,42.2,83,2.0,2022,8,FP1
0 days 01:11:33.866000,25.5,44.0,1015.0,False,40.9,83,1.8,2022,8,FP1
0 days 01:12:33.846000,25.5,45.0,1015.0,False,41.1,254,2.0,2022,8,FP1
0 days 01:13:33.859000,25.6,45.0,1014.9,False,41.3,0,1.7,2022,8,FP1
0 days 01:14:33.846000,25.6,45.0,1014.9,False,41.4,243,0.8,2022,8,FP1
0 days 01:15:33.843000,25.7,44.0,1015.0,False,41.8,77,1.8,2022,8,FP1
0 days 01:16:33.855000,25.7,44.0,1014.9,False,41.9,3,2.2,2022,8,FP1
0 days 01:17:33.845000,25.9,44.0,1014.9,False,41.8,22,0.8,2022,8,FP1
0 days 01:18:33.844000,25.9,44.0,1015.0,False,41.8,179,1.6,2022,8,FP1
0 days 01:19:33.842000,25.8,44.0,1015.0,False,41.8,189,1.5,2022,8,FP1
0 days 01:20:33.845000,25.7,45.0,1015.0,False,41.8,64,1.2,2022,8,FP1
0 days 01:21:33.843000,25.5,45.0,1015.0,False,41.4,339,1.1,2022,8,FP1
0 days 01:22:33.887000,25.4,46.0,1014.9,False,41.2,356,2.0,2022,8,FP1
0 days 00:00:39.604000,25.1,44.0,997.4,False,40.4,17,1.8,2022,9,FP1
0 days 00:01:39.614000,25.1,44.0,997.2,False,40.8,235,2.2,2022,9,FP1
0 days 00:02:39.617000,25.1,44.0,997.2,False,41.6,182,1.8,2022,9,FP1
0 days 00:03:39.636000,25.2,43.0,997.2,False,42.3,45,1.2,2022,9,FP1
0 days 00:04:39.658000,25.2,43.0,997.2,False,42.3,207,1.2,2022,9,FP1
0 days 00:05:39.818000,25.2,42.0,997.2,False,42.4,262,1.8,2022,9,FP1
0 days 00:06:39.792000,25.1,42.0,997.2,False,42.4,58,1.3,2022,9,FP1
0 days 00:07:39.775000,25.1,43.0,997.2,False,41.1,243,2.0,2022,9,FP1
0 days 00:08:39.774000,25.1,43.0,997.2,False,40.1,174,2.4,2022,9,FP1
0 days 00:09:39.792000,25.2,42.0,997.2,False,39.9,90,1.7,2022,9,FP1
0 days 00:10:39.789000,25.1,42.0,997.2,False,40.9,37,1.7,2022,9,FP1
0 days 00:11:39.799000,25.1,44.0,997.2,False,40.8,247,2.2,2022,9,FP1
0 days 00:12:39.814000,25.0,43.0,997.2,False,40.9,10,1.3,2022,9,FP1
0 days 00:13:39.805000,25.0,42.0,997.2,False,41.9,120,1.7,2022,9,FP1
0 days 00:14:39.806000,25.1,41.0,997.2,False,42.6,197,3.7,2022,9,FP1
0 days 00:15:39.814000,25.2,41.0,997.2,False,43.0,123,2.9,2022,9,FP1
0 days 00:16:39.809000,25.2,41.0,997.2,False,43.4,163,1.6,2022,9,FP1
0 days 00:17:39.805000,25.3,42.0,997.2,False,43.4,188,1.8,2022,9,FP1
0 days 00:18:39.816000,25.3,42.0,997.2,False,43.8,177,2.2,2022,9,FP1
0 days 00:19:39.804000,25.3,41.0,997.0,False,43.8,89,1.7,2022,9,FP1
0 days 00:20:39.814000,25.4,41.0,997.0,False,42.8,158,2.7,2022,9,FP1
0 days 00:21:39.804000,25.4,41.0,997.0,False,42.8,151,3.0,2022,9,FP1
0 days 00:22:39.805000,25.5,42.0,997.2,False,43.4,173,2.7,2022,9,FP1
0 days 00:23:39.815000,25.5,42.0,997.2,False,43.4,6,3.0,2022,9,FP1
0 days 00:24:39.816000,25.4,43.0,997.0,False,41.8,168,2.5,2022,9,FP1
0 days 00:25:39.806000,25.5,42.0,997.4,False,41.8,79,1.2,2022,9,FP1
0 days 00:26:39.806000,25.7,42.0,997.2,False,41.8,80,2.5,2022,9,FP1
0 days 00:27:39.805000,25.7,43.0,997.2,False,42.4,310,2.2,2022,9,FP1
0 days 00:28:39.807000,25.6,43.0,997.2,False,41.8,0,2.0,2022,9,FP1
0 days 00:29:39.807000,25.6,43.0,997.0,False,41.6,169,3.5,2022,9,FP1
0 days 00:30:39.807000,25.7,42.0,997.0,False,41.8,23,1.8,2022,9,FP1
0 days 00:31:39.807000,25.7,43.0,997.0,False,42.7,51,2.0,2022,9,FP1
0 days 00:32:39.808000,25.7,42.0,997.0,False,43.1,30,3.0,2022,9,FP1
0 days 00:33:39.811000,25.8,43.0,997.0,False,43.8,36,1.2,2022,9,FP1
0 days 00:34:39.804000,25.6,44.0,997.2,False,43.8,5,2.5,2022,9,FP1
0 days 00:35:39.816000,25.6,43.0,997.0,False,43.7,52,2.7,2022,9,FP1
0 days 00:36:39.813000,25.6,42.0,997.0,False,44.1,58,1.7,2022,9,FP1
0 days 00:37:39.817000,25.7,42.0,997.0,False,44.4,117,1.6,2022,9,FP1
0 days 00:38:39.828000,25.8,42.0,997.0,False,44.5,60,2.4,2022,9,FP1
0 days 00:39:39.837000,25.7,42.0,997.0,False,44.9,132,2.7,2022,9,FP1
0 days 00:40:39.853000,25.8,42.0,997.2,False,45.1,125,2.4,2022,9,FP1
0 days 00:41:39.856000,25.9,40.0,997.4,False,45.4,0,3.0,2022,9,FP1
0 days 00:42:39.854000,25.9,41.0,997.4,False,45.4,183,2.5,2022,9,FP1
0 days 00:43:39.852000,25.8,42.0,997.2,False,44.8,334,2.7,2022,9,FP1
0 days 00:44:39.868000,25.8,42.0,997.2,False,44.8,54,1.8,2022,9,FP1
0 days 00:45:39.885000,25.9,41.0,997.0,False,45.2,117,2.0,2022,9,FP1
0 days 00:46:39.900000,26.1,41.0,997.0,False,45.8,96,2.0,2022,9,FP1
0 days 00:47:39.901000,26.1,42.0,997.0,False,45.8,25,2.4,2022,9,FP1
0 days 00:48:39.900000,26.0,42.0,997.0,False,43.9,11,1.8,2022,9,FP1
0 days 00:49:39.902000,26.1,43.0,997.0,False,42.7,116,0.8,2022,9,FP1
0 days 00:50:39.919000,26.2,41.0,997.0,False,42.7,288,1.5,2022,9,FP1
0 days 00:51:39.916000,26.2,41.0,997.0,False,44.4,215,1.7,2022,9,FP1
0 days 00:52:39.917000,26.3,41.0,997.0,False,44.5,161,1.5,2022,9,FP1
0 days 00:53:39.941000,26.3,40.0,996.9,False,45.4,251,1.1,2022,9,FP1
0 days 00:54:39.935000,26.2,40.0,997.0,False,45.4,7,1.6,2022,9,FP1
0 days 00:55:39.947000,26.0,41.0,997.0,False,44.7,20,2.9,2022,9,FP1
0 days 00:56:39.961000,25.8,42.0,996.7,False,43.8,99,2.9,2022,9,FP1
0 days 00:57:39.979000,25.8,42.0,996.9,False,43.0,12,3.2,2022,9,FP1
0 days 00:58:39.978000,25.7,44.0,996.7,False,42.9,30,2.2,2022,9,FP1
0 days 00:59:39.986000,25.6,43.0,996.7,False,42.5,90,2.2,2022,9,FP1
0 days 01:00:39.978000,25.6,42.0,996.7,False,42.0,107,2.2,2022,9,FP1
0 days 01:01:40.028000,25.6,43.0,997.0,False,41.8,190,2.0,2022,9,FP1
0 days 01:02:39.997000,25.6,42.0,996.7,False,41.7,176,1.7,2022,9,FP1
0 days 01:03:40.010000,25.5,43.0,996.7,False,41.2,349,1.8,2022,9,FP1
0 days 01:04:40.028000,25.6,42.0,996.7,False,41.1,193,1.2,2022,9,FP1
0 days 01:05:40.043000,25.7,43.0,996.7,False,41.2,343,2.7,2022,9,FP1
0 days 01:06:40.059000,26.0,43.0,996.7,False,42.0,87,1.7,2022,9,FP1
0 days 01:07:40.057000,26.2,42.0,996.7,False,43.3,48,2.9,2022,9,FP1
0 days 01:08:40.094000,26.2,43.0,996.7,False,43.3,5,2.4,2022,9,FP1
0 days 01:09:40.057000,26.3,44.0,996.7,False,44.1,9,1.8,2022,9,FP1
0 days 01:10:40.056000,26.3,43.0,996.7,False,44.1,136,2.2,2022,9,FP1
0 days 01:11:40.060000,26.3,42.0,996.7,False,44.1,35,2.0,2022,9,FP1
0 days 01:12:40.081000,26.3,42.0,996.5,False,42.5,148,1.2,2022,9,FP1
0 days 01:13:40.074000,26.2,41.0,996.7,False,41.8,164,3.5,2022,9,FP1
0 days 01:14:40.059000,25.9,41.0,996.7,False,41.9,81,2.0,2022,9,FP1
0 days 01:15:40.055000,25.9,41.0,996.7,False,41.9,46,2.5,2022,9,FP1
0 days 01:16:40.057000,25.9,42.0,996.7,False,41.7,15,2.0,2022,9,FP1
0 days 01:17:40.059000,26.0,42.0,996.7,False,42.6,351,2.0,2022,9,FP1
0 days 01:18:40.055000,26.1,42.0,996.5,False,43.3,164,1.8,2022,9,FP1
0 days 01:19:40.055000,26.1,40.0,996.9,False,43.7,151,1.8,2022,9,FP1
0 days 01:20:40.058000,26.1,40.0,996.7,False,44.2,61,2.4,2022,9,FP1
0 days 00:00:40.904000,17.1,64.0,998.4,False,26.8,236,3.5,2022,10,FP1
0 days 00:01:40.900000,17.2,64.0,998.4,False,26.7,240,2.5,2022,10,FP1
0 days 00:02:40.899000,17.3,65.0,998.4,False,26.8,239,3.0,2022,10,FP1
0 days 00:03:40.907000,17.3,64.0,998.2,False,26.9,230,3.4,2022,10,FP1
0 days 00:04:40.904000,17.3,65.0,998.4,False,26.6,242,3.0,2022,10,FP1
0 days 00:05:40.903000,17.4,65.0,998.4,False,27.0,254,2.7,2022,10,FP1
0 days 00:06:40.900000,17.5,64.0,998.4,False,27.0,241,3.5,2022,10,FP1
0 days 00:07:40.905000,17.3,63.0,998.4,False,26.9,250,3.4,2022,10,FP1
0 days 00:08:40.900000,17.3,64.0,998.4,False,26.7,249,2.7,2022,10,FP1
0 days 00:09:40.915000,17.3,64.0,998.5,False,26.6,219,3.5,2022,10,FP1
0 days 00:10:40.937000,17.4,63.0,998.4,False,26.6,277,3.0,2022,10,FP1
0 days 00:11:40.933000,17.2,62.0,998.5,False,26.0,251,3.2,2022,10,FP1
0 days 00:12:40.934000,16.9,62.0,998.5,True,25.7,245,3.7,2022,10,FP1
0 days 00:13:40.929000,16.7,62.0,998.5,True,25.3,251,2.0,2022,10,FP1
0 days 00:14:40.931000,16.5,64.0,998.5,True,24.8,246,2.2,2022,10,FP1
0 days 00:15:40.947000,16.4,65.0,998.5,True,24.2,263,3.4,2022,10,FP1
0 days 00:16:40.940000,16.3,65.0,998.5,True,24.2,255,2.0,2022,10,FP1
0 days 00:17:40.944000,16.2,66.0,998.5,True,22.9,266,2.7,2022,10,FP1
0 days 00:18:40.946000,16.1,67.0,998.7,True,22.8,246,2.9,2022,10,FP1
0 days 00:19:40.931000,15.9,68.0,998.7,True,22.4,255,2.7,2022,10,FP1
0 days 00:20:40.932000,15.7,68.0,998.5,True,22.0,274,3.0,2022,10,FP1
0 days 00:21:40.920000,15.7,68.0,998.7,True,21.9,250,1.5,2022,10,FP1
0 days 00:22:40.929000,15.7,70.0,998.7,True,21.9,286,0.8,2022,10,FP1
0 days 00:23:40.932000,15.8,72.0,998.5,True,21.9,258,1.1,2022,10,FP1
0 days 00:24:40.932000,15.7,70.0,998.7,True,21.9,252,1.7,2022,10,FP1
0 days 00:25:40.931000,15.4,72.0,998.5,True,22.0,249,1.8,2022,10,FP1
0 days 00:26:40.932000,15.5,73.0,998.5,True,22.0,254,1.7,2022,10,FP1
0 days 00:27:40.933000,15.4,73.0,998.5,True,22.1,268,2.0,2022,10,FP1
0 days 00:28:40.933000,15.3,73.0,998.5,True,22.1,245,2.9,2022,10,FP1
0 days 00:29:40.933000,15.3,75.0,998.5,True,22.4,240,1.7,2022,10,FP1
0 days 00:30:40.933000,15.4,75.0,998.5,True,22.4,228,1.3,2022,10,FP1
0 days 00:31:40.941000,15.4,76.0,998.7,True,23.1,243,1.7,2022,10,FP1
0 days 00:32:40.932000,15.6,77.0,998.5,True,24.1,243,1.5,2022,10,FP1
0 days 00:33:40.933000,15.6,79.0,998.5,True,24.7,54,1.5,2022,10,FP1
0 days 00:34:40.931000,15.6,79.0,998.5,True,25.6,267,0.6,2022,10,FP1
0 days 00:35:40.936000,15.7,79.0,998.5,True,25.6,301,1.7,2022,10,FP1
0 days 00:36:40.944000,15.9,80.0,998.5,False,25.8,251,1.6,2022,10,FP1
0 days 00:37:40.934000,16.1,79.0,998.5,False,25.8,217,2.7,2022,10,FP1
0 days 00:38:40.946000,16.0,79.0,998.5,False,26.9,250,2.2,2022,10,FP1
0 days 00:39:40.948000,16.0,81.0,998.5,True,27.1,251,1.2,2022,10,FP1
0 days 00:40:40.920000,16.1,81.0,998.5,True,27.4,259,2.0,2022,10,FP1
0 days 00:41:40.936000,16.3,78.0,998.4,False,27.8,252,0.8,2022,10,FP1
0 days 00:42:40.933000,16.5,80.0,998.5,False,27.9,254,0.8,2022,10,FP1
0 days 00:43:40.938000,16.5,79.0,998.2,False,28.6,223,1.8,2022,10,FP1
0 days 00:44:40.933000,16.2,75.0,998.4,False,28.6,222,1.8,2022,10,FP1
0 days 00:45:40.942000,16.3,74.0,998.4,False,27.8,256,2.7,2022,10,FP1
0 days 00:46:40.931000,16.1,71.0,998.4,False,26.8,218,3.4,2022,10,FP1
0 days 00:47:40.940000,16.0,72.0,998.2,False,25.5,249,1.7,2022,10,FP1
0 days 00:48:40.931000,16.2,72.0,998.4,False,25.5,238,2.2,2022,10,FP1
0 days 00:49:40.931000,16.3,70.0,998.4,False,25.5,251,2.5,2022,10,FP1
0 days 00:50:40.934000,16.2,71.0,998.5,True,24.6,231,2.2,2022,10,FP1
0 days 00:51:40.932000,16.2,71.0,998.4,True,24.5,295,1.8,2022,10,FP1
0 days 00:52:40.934000,16.3,69.0,998.4,True,24.1,220,1.7,2022,10,FP1
0 days 00:53:40.932000,16.5,71.0,998.5,True,24.0,247,1.7,2022,10,FP1
0 days 00:54:40.948000,16.4,72.0,998.5,True,23.8,226,2.2,2022,10,FP1
0 days 00:55:40.961000,16.4,70.0,998.5,True,23.4,222,1.5,2022,10,FP1
0 days 00:56:40.979000,16.2,71.0,998.4,True,23.2,268,1.7,2022,10,FP1
0 days 00:57:40.980000,16.2,71.0,998.5,False,23.1,254,2.2,2022,10,FP1
0 days 00:58:40.978000,16.1,71.0,998.4,False,23.1,236,2.2,2022,10,FP1
0 days 00:59:40.978000,16.1,72.0,998.5,True,22.9,208,1.8,2022,10,FP1
0 days 01:00:40.978000,16.0,71.0,998.4,True,23.0,241,2.2,2022,10,FP1
0 days 01:01:40.977000,16.1,71.0,998.4,True,22.8,246,2.0,2022,10,FP1
0 days 01:02:40.995000,16.1,71.0,998.5,True,22.5,212,1.7,2022,10,FP1
0 days 01:03:41.007000,16.0,72.0,998.4,True,22.5,212,1.3,2022,10,FP1
0 days 01:04:41.018000,16.1,72.0,998.4,True,22.7,254,1.2,2022,10,FP1
0 days 01:05:41.011000,16.1,73.0,998.4,True,22.7,253,1.2,2022,10,FP1
0 days 01:06:41.029000,15.9,72.0,998.5,True,22.7,268,1.8,2022,10,FP1
0 days 01:07:41.026000,16.1,73.0,998.5,False,24.2,211,1.6,2022,10,FP1
0 days 01:08:41.041000,16.3,72.0,998.4,False,25.2,195,0.8,2022,10,FP1
0 days 01:09:41.057000,16.4,73.0,998.4,False,26.1,274,1.0,2022,10,FP1
0 days 01:10:41.061000,16.5,72.0,998.4,False,26.4,198,0.8,2022,10,FP1
0 days 01:11:41.060000,16.5,71.0,998.4,False,26.4,240,0.8,2022,10,FP1
0 days 01:12:41.057000,16.7,72.0,998.4,False,26.4,240,1.3,2022,10,FP1
0 days 01:13:41.063000,16.6,70.0,998.4,False,25.2,221,1.3,2022,10,FP1
0 days 01:14:41.056000,16.8,70.0,998.4,True,24.8,267,1.3,2022,10,FP1
0 days 01:15:41.058000,16.9,70.0,998.4,True,24.6,263,1.8,2022,10,FP1
0 days 01:16:41.056000,16.8,69.0,998.4,True,24.4,212,1.1,2022,10,FP1
0 days 00:00:03.257000,17.4,42.0,946.2,False,37.3,255,2.2,2022,11,FP1
0 days 00:01:03.275000,17.4,41.0,946.4,False,37.3,234,3.2,2022,11,FP1
0 days 00:02:03.271000,17.4,41.0,946.2,False,37.3,303,2.2,2022,11,FP1
0 days 00:03:03.275000,17.6,42.0,946.4,False,37.4,265,3.7,2022,11,FP1
0 days 00:04:03.286000,17.7,41.0,946.2,False,37.4,274,2.9,2022,11,FP1
0 days 00:05:03.308000,17.6,41.0,946.5,False,37.3,234,3.0,2022,11,FP1
0 days 00:06:03.303000,17.5,42.0,946.5,False,37.3,255,2.4,2022,11,FP1
0 days 00:07:03.306000,17.5,42.0,946.5,False,37.3,226,3.2,2022,11,FP1
0 days 00:08:03.319000,17.4,42.0,946.4,False,37.4,248,3.0,2022,11,FP1
0 days 00:09:03.319000,17.4,40.0,946.4,False,37.7,281,1.7,2022,11,FP1
0 days 00:10:03.338000,17.6,39.0,946.4,False,37.7,273,1.8,2022,11,FP1
0 days 00:11:03.338000,17.6,41.0,946.4,False,37.7,277,3.0,2022,11,FP1
0 days 00:12:03.346000,17.4,41.0,946.5,False,37.6,262,2.0,2022,11,FP1
0 days 00:13:03.349000,17.4,40.0,946.4,False,37.8,254,2.5,2022,11,FP1
0 days 00:14:03.346000,17.5,40.0,946.4,False,37.8,271,2.5,2022,11,FP1
0 days 00:15:03.341000,17.5,40.0,946.5,False,37.8,272,3.7,2022,11,FP1
0 days 00:16:03.340000,17.5,40.0,946.4,False,37.8,271,4.9,2022,11,FP1
0 days 00:17:03.379000,17.5,40.0,946.5,False,37.8,286,3.4,2022,11,FP1
0 days 00:18:03.339000,17.6,39.0,946.5,False,37.8,115,2.2,2022,11,FP1
0 days 00:19:03.336000,17.8,40.0,946.5,False,37.9,274,1.6,2022,11,FP1
0 days 00:20:03.352000,17.9,39.0,946.5,False,37.9,262,2.5,2022,11,FP1
0 days 00:21:03.352000,18.0,39.0,946.5,False,37.9,274,3.4,2022,11,FP1
0 days 00:22:03.366000,18.0,38.0,946.4,False,37.9,271,4.8,2022,11,FP1
0 days 00:23:03.367000,17.9,37.0,946.5,False,37.9,272,4.0,2022,11,FP1
0 days 00:24:03.385000,17.8,38.0,946.5,False,38.0,270,2.7,2022,11,FP1
0 days 00:25:03.385000,17.8,39.0,946.4,False,38.0,272,3.5,2022,11,FP1
0 days 00:26:03.385000,17.7,38.0,946.5,False,37.9,274,4.5,2022,11,FP1
0 days 00:27:03.383000,17.8,38.0,946.4,False,37.9,252,3.5,2022,11,FP1
0 days 00:28:03.383000,17.9,37.0,946.5,False,37.9,224,3.9,2022,11,FP1
0 days 00:29:03.387000,18.0,37.0,946.4,False,38.3,268,2.5,2022,11,FP1
0 days 00:30:03.386000,18.1,37.0,946.4,False,38.3,282,1.8,2022,11,FP1
0 days 00:31:03.408000,18.1,36.0,946.5,False,38.3,55,2.2,2022,11,FP1
0 days 00:32:03.397000,18.1,36.0,946.5,False,38.1,264,1.8,2022,11,FP1
0 days 00:33:03.400000,18.3,35.0,946.5,False,38.1,158,5.5,2022,11,FP1
0 days 00:34:03.407000,18.3,36.0,946.5,False,37.9,109,2.0,2022,11,FP1
0 days 00:35:03.420000,18.2,36.0,946.4,False,37.9,73,1.1,2022,11,FP1
0 days 00:36:03.432000,18.3,35.0,946.2,False,38.3,103,1.6,2022,11,FP1
0 days 00:37:03.447000,18.5,35.0,946.2,False,38.3,102,4.4,2022,11,FP1
0 days 00:38:03.445000,18.4,36.0,946.2,False,37.8,300,1.2,2022,11,FP1
0 days 00:39:03.444000,18.2,37.0,946.4,False,37.8,193,1.1,2022,11,FP1
0 days 00:40:03.444000,18.2,38.0,946.4,False,38.0,226,2.5,2022,11,FP1
0 days 00:41:03.445000,18.4,35.0,946.5,False,38.5,39,1.6,2022,11,FP1
0 days 00:42:03.445000,18.4,36.0,946.5,False,38.3,282,1.2,2022,11,FP1
0 days 00:43:03.459000,18.4,36.0,946.4,False,38.4,271,2.2,2022,11,FP1
0 days 00:44:03.463000,18.2,37.0,946.4,False,38.4,265,3.9,2022,11,FP1
0 days 00:45:03.461000,18.1,38.0,946.4,False,38.3,238,4.1,2022,11,FP1
0 days 00:46:03.462000,18.0,39.0,946.4,False,38.4,268,2.5,2022,11,FP1
0 days 00:47:03.459000,18.1,37.0,946.4,False,38.5,112,0.8,2022,11,FP1
0 days 00:48:03.462000,18.4,37.0,946.4,False,38.6,116,1.6,2022,11,FP1
0 days 00:49:03.460000,18.7,34.0,946.4,False,38.8,101,1.7,2022,11,FP1
0 days 00:50:03.465000,18.8,35.0,946.4,False,39.0,226,1.3,2022,11,FP1
0 days 00:51:03.459000,18.9,34.0,946.5,False,38.8,263,1.3,2022,11,FP1
0 days 00:52:03.478000,18.9,35.0,946.4,False,38.8,268,3.2,2022,11,FP1
0 days 00:53:03.460000,19.0,35.0,946.4,False,38.7,273,2.7,2022,11,FP1
0 days 00:54:03.463000,18.9,36.0,946.5,False,38.7,127,2.2,2022,11,FP1
0 days 00:55:03.466000,18.4,35.0,946.4,False,39.0,333,1.6,2022,11,FP1
0 days 00:56:03.463000,18.4,35.0,946.5,False,38.8,254,2.0,2022,11,FP1
0 days 00:57:03.467000,18.4,36.0,946.4,False,39.1,267,2.5,2022,11,FP1
0 days 00:58:03.460000,18.5,36.0,946.4,False,39.1,272,3.5,2022,11,FP1
0 days 00:59:03.463000,18.5,36.0,946.4,False,39.1,288,3.5,2022,11,FP1
0 days 01:00:03.460000,18.5,35.0,946.5,False,39.1,232,2.2,2022,11,FP1
0 days 01:01:03.466000,18.4,35.0,946.4,False,39.1,228,2.7,2022,11,FP1
0 days 01:02:03.464000,18.3,36.0,946.5,False,39.1,285,2.7,2022,11,FP1
0 days 01:03:03.460000,18.4,36.0,946.5,False,39.0,227,1.8,2022,11,FP1
0 days 01:04:03.459000,18.3,36.0,946.5,False,39.1,320,2.4,2022,11,FP1
0 days 01:05:03.464000,18.5,36.0,946.4,False,39.0,100,1.0,2022,11,FP1
0 days 01:06:03.464000,18.4,35.0,946.4,False,39.0,278,0.8,2022,11,FP1
0 days 01:07:03.459000,18.7,35.0,946.5,False,39.2,172,0.8,2022,11,FP1
0 days 01:08:03.461000,18.9,35.0,946.5,False,39.2,337,1.2,2022,11,FP1
0 days 01:09:03.464000,18.9,34.0,946.5,False,39.2,257,0.8,2022,11,FP1
0 days 01:10:03.467000,18.8,34.0,946.5,False,39.2,106,1.3,2022,11,FP1
0 days 01:11:03.463000,18.8,34.0,946.5,False,39.0,95,1.8,2022,11,FP1
0 days 01:12:03.463000,18.8,34.0,946.5,False,38.9,106,3.0,2022,11,FP1
0 days 01:13:03.478000,18.9,35.0,946.4,False,38.8,95,1.7,2022,11,FP1
0 days 01:14:03.476000,18.7,35.0,946.5,False,39.0,53,1.5,2022,11,FP1
0 days 01:15:03.483000,18.7,35.0,946.4,False,39.2,94,1.2,2022,11,FP1
0 days 01:16:03.477000,18.9,35.0,946.4,False,39.3,112,2.2,2022,11,FP1
0 days 01:17:03.492000,19.0,35.0,946.4,False,39.2,103,1.7,2022,11,FP1
0 days 01:18:03.519000,19.0,34.0,946.4,False,39.2,259,1.2,2022,11,FP1
0 days 01:19:03.525000,19.2,34.0,946.5,False,38.9,252,2.2,2022,11,FP1
0 days 01:20:03.546000,19.1,34.0,946.4,False,38.7,244,2.5,2022,11,FP1
0 days 00:00:39.270000,30.1,44.0,968.9,False,54.9,125,1.6,2022,12,FP1
0 days 00:01:39.271000,30.1,44.0,968.9,False,55.4,156,2.4,2022,12,FP1
0 days 00:02:39.275000,30.0,45.0,968.7,False,55.1,154,2.5,2022,12,FP1
0 days 00:03:39.273000,30.0,45.0,968.7,False,55.1,75,1.7,2022,12,FP1
0 days 00:04:39.296000,30.1,45.0,968.7,False,54.8,201,1.8,2022,12,FP1
0 days 00:05:39.261000,30.3,44.0,968.7,False,54.9,99,1.6,2022,12,FP1
0 days 00:06:39.272000,30.1,45.0,968.7,False,55.6,106,2.0,2022,12,FP1
0 days 00:07:39.275000,30.1,45.0,968.7,False,55.5,167,1.7,2022,12,FP1
0 days 00:08:39.273000,30.0,46.0,968.7,False,55.5,80,2.2,2022,12,FP1
0 days 00:09:39.263000,29.9,47.0,968.7,False,55.1,161,1.2,2022,12,FP1
0 days 00:10:39.276000,29.9,46.0,968.7,False,55.3,174,2.2,2022,12,FP1
0 days 00:11:39.279000,29.9,46.0,968.7,False,55.6,245,0.6,2022,12,FP1
0 days 00:12:39.273000,29.9,45.0,968.7,False,55.6,11,0.8,2022,12,FP1
0 days 00:13:39.276000,29.8,45.0,968.7,False,55.5,54,1.7,2022,12,FP1
0 days 00:14:39.276000,29.8,44.0,968.7,False,55.6,112,1.5,2022,12,FP1
0 days 00:15:39.279000,29.6,46.0,968.7,False,55.6,72,1.5,2022,12,FP1
0 days 00:16:39.274000,29.5,46.0,968.7,False,54.4,100,1.2,2022,12,FP1
0 days 00:17:39.275000,29.5,46.0,968.7,False,54.4,168,1.7,2022,12,FP1
0 days 00:18:39.274000,29.4,46.0,968.7,False,55.1,154,1.1,2022,12,FP1
0 days 00:19:39.292000,29.5,46.0,968.7,False,54.9,266,1.5,2022,12,FP1
0 days 00:20:39.287000,29.7,45.0,968.7,False,56.4,86,1.1,2022,12,FP1
0 days 00:21:39.281000,29.6,44.0,968.7,False,56.3,142,1.7,2022,12,FP1
0 days 00:22:39.296000,29.5,45.0,968.7,False,55.0,133,2.0,2022,12,FP1
0 days 00:23:39.289000,29.4,46.0,968.5,False,55.0,82,2.5,2022,12,FP1
0 days 00:24:39.304000,29.3,47.0,968.7,False,56.1,58,1.6,2022,12,FP1
0 days 00:25:39.320000,29.3,47.0,968.7,False,56.1,192,1.7,2022,12,FP1
0 days 00:26:39.319000,29.4,47.0,968.7,False,56.8,152,2.2,2022,12,FP1
0 days 00:27:39.319000,29.5,47.0,968.7,False,56.7,149,2.0,2022,12,FP1
0 days 00:28:39.335000,29.5,48.0,968.7,False,56.5,105,2.5,2022,12,FP1
0 days 00:29:39.346000,29.7,47.0,968.7,False,56.5,80,1.6,2022,12,FP1
0 days 00:30:39.351000,29.7,48.0,968.5,False,56.2,81,3.0,2022,12,FP1
0 days 00:31:39.381000,29.5,49.0,968.7,False,56.1,38,3.0,2022,12,FP1
0 days 00:32:39.385000,29.4,49.0,968.7,False,56.1,129,2.0,2022,12,FP1
0 days 00:33:39.398000,29.7,48.0,968.7,False,57.2,65,1.2,2022,12,FP1
0 days 00:34:39.401000,29.7,47.0,968.7,False,58.0,31,2.5,2022,12,FP1
0 days 00:35:39.403000,29.6,49.0,968.7,False,57.0,176,2.0,2022,12,FP1
0 days 00:36:39.402000,29.6,48.0,968.7,False,56.3,24,1.3,2022,12,FP1
0 days 00:37:39.408000,29.4,49.0,968.5,False,56.3,61,2.0,2022,12,FP1
0 days 00:38:39.403000,29.3,49.0,968.7,False,56.6,8,1.2,2022,12,FP1
0 days 00:39:39.402000,29.6,47.0,968.5,False,58.0,0,1.3,2022,12,FP1
0 days 00:40:39.399000,29.7,47.0,968.7,False,58.2,119,2.2,2022,12,FP1
0 days 00:41:39.402000,29.5,49.0,968.5,False,58.1,139,3.0,2022,12,FP1
0 days 00:42:39.406000,29.1,49.0,968.7,False,57.3,136,3.0,2022,12,FP1
0 days 00:43:39.437000,29.1,50.0,968.7,False,57.6,102,1.1,2022,12,FP1
0 days 00:44:39.419000,29.1,50.0,968.5,False,57.6,175,2.0,2022,12,FP1
0 days 00:45:39.442000,29.2,51.0,968.7,False,57.5,63,0.6,2022,12,FP1
0 days 00:46:39.450000,29.5,50.0,968.5,False,57.5,0,1.7,2022,12,FP1
0 days 00:47:39.469000,29.6,50.0,968.7,False,58.8,168,0.8,2022,12,FP1
0 days 00:48:39.489000,29.5,50.0,968.5,False,57.6,23,1.2,2022,12,FP1
0 days 00:49:39.481000,29.4,50.0,968.7,False,57.6,102,1.5,2022,12,FP1
0 days 00:50:39.495000,29.4,50.0,968.5,False,57.7,55,2.0,2022,12,FP1
0 days 00:51:39.519000,29.1,50.0,968.7,False,57.6,79,2.5,2022,12,FP1
0 days 00:52:39.523000,28.9,52.0,968.7,False,57.4,69,1.3,2022,12,FP1
0 days 00:53:39.524000,28.9,52.0,968.5,False,57.6,29,2.5,2022,12,FP1
0 days 00:54:39.526000,29.0,52.0,968.7,False,58.0,42,1.2,2022,12,FP1
0 days 00:55:39.531000,29.1,52.0,968.5,False,58.3,129,2.0,2022,12,FP1
0 days 00:56:39.531000,29.3,51.0,968.5,False,58.3,113,1.3,2022,12,FP1
0 days 00:57:39.529000,29.2,51.0,968.5,False,59.0,92,1.1,2022,12,FP1
0 days 00:58:39.529000,29.4,49.0,968.5,False,59.1,145,1.8,2022,12,FP1
0 days 00:59:39.527000,29.4,50.0,968.5,False,59.0,103,2.0,2022,12,FP1
0 days 01:00:39.532000,29.2,51.0,968.5,False,59.0,132,2.9,2022,12,FP1
0 days 01:01:39.536000,29.3,52.0,968.5,False,57.0,138,2.7,2022,12,FP1
0 days 01:02:39.532000,29.1,52.0,968.5,False,57.8,180,2.2,2022,12,FP1
0 days 01:03:39.528000,29.0,52.0,968.5,False,58.3,169,1.5,2022,12,FP1
0 days 01:04:39.529000,29.2,51.0,968.5,False,58.8,15,1.3,2022,12,FP1
0 days 01:05:39.529000,29.1,49.0,968.7,False,59.3,95,0.8,2022,12,FP1
0 days 01:06:39.548000,29.2,50.0,968.5,False,59.3,120,1.7,2022,12,FP1
0 days 01:07:39.525000,29.2,49.0,968.5,False,59.3,148,1.1,2022,12,FP1
0 days 01:08:39.535000,29.2,49.0,968.5,False,59.0,153,2.0,2022,12,FP1
0 days 01:09:39.530000,29.3,50.0,968.5,False,58.9,155,2.0,2022,12,FP1
0 days 01:10:39.529000,29.3,50.0,968.5,False,58.8,137,1.6,2022,12,FP1
0 days 01:11:39.535000,29.5,49.0,968.5,False,58.8,139,2.5,2022,12,FP1
0 days 01:12:39.574000,29.3,50.0,968.5,False,58.8,101,1.7,2022,12,FP1
0 days 01:13:39.529000,29.2,50.0,968.5,False,58.5,110,2.2,2022,12,FP1
0 days 01:14:39.537000,29.2,50.0,968.5,False,58.5,148,1.6,2022,12,FP1
0 days 01:15:39.531000,29.4,50.0,968.4,False,59.1,172,2.7,2022,12,FP1
0 days 01:16:39.568000,29.5,49.0,968.4,False,58.7,134,3.5,2022,12,FP1
0 days 01:17:39.532000,29.5,50.0,968.5,False,58.7,135,2.5,2022,12,FP1
0 days 01:18:39.529000,29.6,50.0,968.5,False,57.6,129,2.0,2022,12,FP1
0 days 01:19:39.538000,29.6,49.0,968.5,False,57.6,103,2.7,2022,12,FP1
0 days 01:20:39.533000,29.5,49.0,968.5,False,57.7,92,2.4,2022,12,FP1
0 days 01:21:39.529000,29.7,48.0,968.5,False,58.5,50,1.7,2022,12,FP1
0 days 00:01:00.068000,31.8,28.0,987.4,False,55.1,99,2.2,2022,13,FP1
0 days 00:02:00.070000,31.8,28.0,987.2,False,55.0,91,2.4,2022,13,FP1
0 days 00:03:00.071000,31.7,29.0,987.2,False,55.6,73,2.0,2022,13,FP1
0 days 00:04:00.080000,31.8,29.0,987.2,False,56.2,152,2.2,2022,13,FP1
0 days 00:05:00.093000,31.9,29.0,987.2,False,56.2,131,1.7,2022,13,FP1
0 days 00:06:00.115000,31.9,29.0,987.2,False,55.7,203,0.8,2022,13,FP1
0 days 00:07:00.117000,32.0,29.0,987.2,False,55.6,209,1.0,2022,13,FP1
0 days 00:08:00.117000,32.0,28.0,987.2,False,55.8,259,0.6,2022,13,FP1
0 days 00:09:00.118000,32.1,28.0,987.2,False,55.8,206,0.8,2022,13,FP1
0 days 00:10:00.132000,32.1,28.0,987.2,False,55.7,220,0.8,2022,13,FP1
0 days 00:11:00.149000,32.0,29.0,987.2,False,55.7,95,0.8,2022,13,FP1
0 days 00:12:00.165000,32.0,28.0,987.2,False,56.0,129,1.7,2022,13,FP1
0 days 00:13:00.163000,32.2,27.0,987.2,False,55.8,272,0.8,2022,13,FP1
0 days 00:14:00.180000,32.2,28.0,987.2,False,55.7,55,0.8,2022,13,FP1
0 days 00:15:00.198000,32.2,28.0,987.2,False,55.3,149,1.6,2022,13,FP1
0 days 00:16:00.198000,32.2,28.0,987.2,False,55.3,93,2.0,2022,13,FP1
0 days 00:17:00.218000,32.2,28.0,987.2,False,55.3,95,1.8,2022,13,FP1
0 days 00:18:00.221000,32.2,28.0,987.2,False,54.4,101,1.8,2022,13,FP1
0 days 00:19:00.197000,32.2,27.0,987.2,False,55.4,104,1.8,2022,13,FP1
0 days 00:20:00.202000,32.4,28.0,987.0,False,55.3,100,3.0,2022,13,FP1
0 days 00:21:00.201000,32.5,28.0,987.2,False,55.4,105,3.0,2022,13,FP1
0 days 00:22:00.197000,32.6,27.0,987.0,False,56.7,85,4.1,2022,13,FP1
0 days 00:23:00.196000,32.7,27.0,987.2,False,54.6,92,2.4,2022,13,FP1
0 days 00:24:00.210000,32.6,28.0,987.0,False,53.1,97,1.0,2022,13,FP1
0 days 00:25:00.204000,32.5,27.0,987.0,False,52.5,106,2.0,2022,13,FP1
0 days 00:26:00.198000,32.5,27.0,987.0,False,52.5,99,2.5,2022,13,FP1
0 days 00:27:00.209000,32.6,27.0,987.0,False,52.5,99,2.5,2022,13,FP1
0 days 00:28:00.211000,32.6,27.0,987.0,False,50.9,89,2.4,2022,13,FP1
0 days 00:29:00.199000,32.4,28.0,987.0,False,50.3,92,1.6,2022,13,FP1
0 days 00:30:00.212000,32.3,28.0,987.0,False,50.7,123,2.5,2022,13,FP1
0 days 00:31:00.193000,32.3,28.0,987.0,False,50.5,100,2.7,2022,13,FP1
0 days 00:32:00.195000,32.3,28.0,987.0,False,49.6,108,2.7,2022,13,FP1
0 days 00:33:00.201000,32.4,28.0,987.0,False,49.1,115,2.0,2022,13,FP1
0 days 00:34:00.200000,32.3,28.0,987.0,False,48.6,125,2.0,2022,13,FP1
0 days 00:35:00.200000,32.2,28.0,987.0,False,48.3,120,2.0,2022,13,FP1
0 days 00:36:00.202000,32.1,29.0,987.0,False,47.8,103,2.9,2022,13,FP1
0 days 00:37:00.199000,31.9,29.0,987.0,False,47.5,133,2.0,2022,13,FP1
0 days 00:38:00.204000,31.9,30.0,987.0,False,47.0,163,1.0,2022,13,FP1
0 days 00:39:00.217000,31.8,29.0,987.0,False,47.0,152,1.7,2022,13,FP1
0 days 00:40:00.211000,31.8,29.0,987.0,False,46.8,162,1.2,2022,13,FP1
0 days 00:41:00.214000,31.7,29.0,987.0,False,46.8,231,1.1,2022,13,FP1
0 days 00:42:00.219000,31.7,29.0,987.0,False,46.2,27,0.0,2022,13,FP1
0 days 00:43:00.219000,31.7,29.0,987.0,False,45.9,124,0.4,2022,13,FP1
0 days 00:44:00.236000,31.6,29.0,987.0,False,46.0,95,1.8,2022,13,FP1
0 days 00:45:00.258000,31.4,29.0,987.0,False,45.7,151,2.0,2022,13,FP1
0 days 00:46:00.243000,31.4,29.0,987.0,False,45.7,94,1.2,2022,13,FP1
0 days 00:47:00.249000,31.5,29.0,987.0,False,45.8,93,1.5,2022,13,FP1
0 days 00:48:00.249000,31.5,29.0,987.0,False,46.0,43,0.6,2022,13,FP1
0 days 00:49:00.248000,31.6,29.0,987.0,False,46.4,148,0.8,2022,13,FP1
0 days 00:50:00.249000,31.6,28.0,986.9,False,48.4,300,0.5,2022,13,FP1
0 days 00:51:00.267000,31.7,28.0,986.9,False,49.2,273,0.6,2022,13,FP1
0 days 00:52:00.263000,31.8,27.0,986.9,False,50.0,241,1.0,2022,13,FP1
0 days 00:53:00.278000,31.8,27.0,986.7,False,50.8,309,1.1,2022,13,FP1
0 days 00:54:00.295000,31.7,27.0,986.7,False,51.0,107,0.6,2022,13,FP1
0 days 00:55:00.299000,31.8,27.0,986.7,False,51.3,100,1.2,2022,13,FP1
0 days 00:56:00.310000,31.9,27.0,986.7,False,51.7,94,1.6,2022,13,FP1
0 days 00:57:00.320000,31.9,27.0,986.7,False,51.4,117,1.3,2022,13,FP1
0 days 00:58:00.309000,31.9,27.0,986.7,False,50.8,102,2.5,2022,13,FP1
0 days 00:59:00.323000,31.9,27.0,986.9,False,49.5,84,2.7,2022,13,FP1
0 days 01:00:00.324000,31.8,27.0,986.7,False,49.5,85,2.4,2022,13,FP1
0 days 01:01:00.329000,31.6,28.0,986.7,False,47.6,104,2.5,2022,13,FP1
0 days 01:02:00.323000,31.7,27.0,986.7,False,47.5,94,1.5,2022,13,FP1
0 days 01:03:00.328000,31.8,27.0,986.7,False,47.3,99,2.0,2022,13,FP1
0 days 01:04:00.326000,31.5,28.0,986.7,False,46.3,118,1.7,2022,13,FP1
0 days 01:05:00.341000,31.5,28.0,986.7,False,46.1,128,1.7,2022,13,FP1
0 days 01:06:00.331000,31.5,28.0,986.7,False,45.7,84,2.4,2022,13,FP1
0 days 01:07:00.329000,31.4,27.0,986.7,False,45.4,127,1.0,2022,13,FP1
0 days 01:08:00.325000,31.5,27.0,986.7,False,45.4,104,1.1,2022,13,FP1
0 days 01:09:00.324000,31.5,27.0,986.7,False,45.7,110,1.6,2022,13,FP1
0 days 01:10:00.325000,31.7,27.0,986.5,False,47.1,0,0.6,2022,13,FP1
0 days 01:11:00.328000,31.6,27.0,986.5,False,48.5,0,0.5,2022,13,FP1
0 days 01:12:00.331000,31.7,27.0,986.5,False,48.8,306,0.6,2022,13,FP1
0 days 01:13:00.328000,32.0,26.0,986.5,False,49.7,344,0.4,2022,13,FP1
0 days 01:14:00.325000,32.1,26.0,986.5,False,50.8,129,0.8,2022,13,FP1
0 days 01:15:00.425000,32.3,26.0,986.5,False,51.3,77,0.8,2022,13,FP1
0 days 01:16:00.330000,32.5,26.0,986.5,False,51.1,85,1.3,2022,13,FP1
0 days 01:17:00.330000,32.7,25.0,986.5,False,52.1,86,1.8,2022,13,FP1
0 days 01:18:00.329000,33.0,26.0,986.5,False,52.2,91,1.3,2022,13,FP1
0 days 01:19:00.327000,32.9,26.0,986.5,False,52.1,84,0.5,2022,13,FP1
0 days 01:20:00.342000,33.0,26.0,986.5,False,52.1,27,0.6,2022,13,FP1
0 days 01:21:00.326000,33.0,26.0,986.5,False,51.6,306,0.4,2022,13,FP1
0 days 01:22:00.330000,33.0,26.0,986.5,False,51.6,336,0.8,2022,13,FP1
0 days 01:23:00.328000,33.1,26.0,986.5,False,52.3,129,0.5,2022,13,FP1
0 days 01:24:00.330000,33.2,26.0,986.5,False,52.4,302,1.1,2022,13,FP1
0 days 00:00:38.908000,17.5,92.0,968.4,False,20.7,308,1.8,2022,14,FP1
0 days 00:01:38.908000,17.5,92.0,968.4,False,20.8,328,1.7,2022,14,FP1
0 days 00:02:38.927000,17.6,92.0,968.4,False,21.0,312,1.6,2022,14,FP1
0 days 00:03:38.911000,17.6,92.0,968.2,False,21.0,340,1.5,2022,14,FP1
0 days 00:04:38.909000,17.6,92.0,968.2,False,21.1,351,2.0,2022,14,FP1
0 days 00:05:38.909000,17.7,92.0,968.2,False,21.4,310,2.2,2022,14,FP1
0 days 00:06:38.908000,17.7,91.0,968.4,False,21.5,302,2.7,2022,14,FP1
0 days 00:07:38.907000,17.7,91.0,968.2,False,21.5,345,2.7,2022,14,FP1
0 days 00:08:38.910000,17.7,91.0,968.2,False,21.4,342,2.9,2022,14,FP1
0 days 00:09:38.917000,17.8,91.0,968.2,False,21.4,301,2.2,2022,14,FP1
0 days 00:10:38.940000,17.8,92.0,968.2,False,21.4,347,1.6,2022,14,FP1
0 days 00:11:38.911000,17.8,91.0,968.2,False,21.4,309,1.7,2022,14,FP1
0 days 00:12:38.912000,17.9,91.0,968.2,False,21.4,321,1.8,2022,14,FP1
0 days 00:13:38.911000,17.9,91.0,968.4,False,21.6,312,2.4,2022,14,FP1
0 days 00:14:38.926000,17.9,91.0,968.4,False,21.3,326,1.8,2022,14,FP1
0 days 00:15:38.936000,17.9,91.0,968.2,False,21.3,349,1.0,2022,14,FP1
0 days 00:16:38.977000,17.9,91.0,968.2,False,21.4,328,2.2,2022,14,FP1
0 days 00:17:38.943000,17.9,91.0,968.2,False,21.4,4,1.5,2022,14,FP1
0 days 00:18:38.956000,17.9,91.0,968.2,False,21.4,344,1.5,2022,14,FP1
0 days 00:19:38.958000,17.9,90.0,968.2,False,21.7,300,2.2,2022,14,FP1
0 days 00:20:38.956000,17.9,90.0,968.2,False,21.8,348,2.9,2022,14,FP1
0 days 00:21:38.956000,17.9,90.0,968.2,False,21.8,334,2.2,2022,14,FP1
0 days 00:22:38.959000,18.0,90.0,968.2,False,21.8,334,2.0,2022,14,FP1
0 days 00:23:38.955000,18.0,90.0,968.2,False,22.0,321,1.7,2022,14,FP1
0 days 00:24:38.960000,18.1,90.0,968.2,False,22.0,319,2.0,2022,14,FP1
0 days 00:25:38.957000,18.2,90.0,968.2,False,22.1,320,1.8,2022,14,FP1
0 days 00:26:38.957000,18.2,90.0,968.2,False,22.2,359,1.7,2022,14,FP1
0 days 00:27:38.960000,18.2,89.0,968.2,False,22.1,346,1.8,2022,14,FP1
0 days 00:28:38.973000,18.2,89.0,968.2,False,22.1,357,2.4,2022,14,FP1
0 days 00:29:38.993000,18.2,89.0,968.2,False,22.0,275,2.4,2022,14,FP1
0 days 00:30:39.004000,18.2,89.0,968.2,False,21.9,287,2.0,2022,14,FP1
0 days 00:31:39.007000,18.2,89.0,968.2,False,21.6,338,2.5,2022,14,FP1
0 days 00:32:39.006000,18.2,89.0,968.2,False,21.6,300,2.5,2022,14,FP1
0 days 00:33:39.002000,18.3,89.0,968.2,False,21.3,342,2.0,2022,14,FP1
0 days 00:34:39.006000,18.3,89.0,968.2,False,21.4,290,2.0,2022,14,FP1
0 days 00:35:39.004000,18.2,89.0,968.2,False,21.5,311,1.6,2022,14,FP1
0 days 00:36:39.018000,18.1,89.0,968.2,False,21.4,310,1.5,2022,14,FP1
0 days 00:37:39.006000,18.1,89.0,968.2,False,21.4,297,2.7,2022,14,FP1
0 days 00:38:38.997000,18.0,89.0,968.2,False,21.3,347,2.0,2022,14,FP1
0 days 00:39:39.004000,18.0,89.0,968.2,False,21.2,275,1.2,2022,14,FP1
0 days 00:40:39.008000,18.0,89.0,968.2,False,21.3,348,1.0,2022,14,FP1
0 days 00:41:39.004000,17.9,89.0,968.2,False,21.3,317,2.0,2022,14,FP1
0 days 00:42:39.023000,17.9,89.0,968.2,False,21.4,350,1.7,2022,14,FP1
0 days 00:43:39.023000,17.8,89.0,968.2,False,21.6,344,2.2,2022,14,FP1
0 days 00:44:39.019000,17.8,89.0,968.2,False,21.7,326,2.7,2022,14,FP1
0 days 00:45:39.021000,17.8,89.0,968.2,False,21.7,349,2.5,2022,14,FP1
0 days 00:46:39.030000,17.8,89.0,968.2,False,21.7,332,2.2,2022,14,FP1
0 days 00:47:39.046000,17.9,89.0,968.2,False,21.7,343,2.7,2022,14,FP1
0 days 00:48:39.039000,17.9,89.0,968.2,False,21.7,13,2.0,2022,14,FP1
0 days 00:49:39.038000,17.9,89.0,968.2,False,21.5,344,2.0,2022,14,FP1
0 days 00:50:39.041000,17.9,89.0,968.2,False,21.9,1,2.0,2022,14,FP1
0 days 00:51:39.043000,17.9,89.0,968.4,False,21.7,319,1.7,2022,14,FP1
0 days 00:52:39.041000,17.9,89.0,968.4,False,21.8,308,1.5,2022,14,FP1
0 days 00:53:39.045000,18.0,89.0,968.2,False,21.8,346,1.3,2022,14,FP1
0 days 00:54:39.038000,17.9,89.0,968.4,False,22.0,322,1.6,2022,14,FP1
0 days 00:55:39.077000,17.9,89.0,968.4,False,21.9,316,1.5,2022,14,FP1
0 days 00:56:39.038000,17.9,89.0,968.4,False,21.9,333,1.0,2022,14,FP1
0 days 00:57:39.038000,17.9,89.0,968.2,False,21.5,346,1.2,2022,14,FP1
0 days 00:58:39.035000,17.9,89.0,968.4,False,21.6,320,1.3,2022,14,FP1
0 days 00:59:39.039000,17.8,89.0,968.4,False,21.6,300,2.5,2022,14,FP1
0 days 01:00:39.039000,17.8,89.0,968.4,False,21.6,351,1.6,2022,14,FP1
0 days 01:01:39.041000,17.8,89.0,968.4,False,21.6,323,1.8,2022,14,FP1
0 days 01:02:39.035000,17.7,89.0,968.2,False,21.5,318,1.2,2022,14,FP1
0 days 01:03:39.040000,17.8,88.0,968.4,False,21.5,328,1.3,2022,14,FP1
0 days 01:04:39.037000,17.8,88.0,968.2,False,21.5,349,1.6,2022,14,FP1
0 days 01:05:39.079000,17.8,88.0,968.4,False,21.5,322,2.5,2022,14,FP1
0 days 01:06:39.053000,17.8,88.0,968.4,False,21.4,318,2.2,2022,14,FP1
0 days 01:07:39.060000,17.8,88.0,968.4,False,21.5,325,2.0,2022,14,FP1
0 days 01:08:39.055000,17.8,89.0,968.2,False,21.5,345,1.8,2022,14,FP1
0 days 01:09:39.053000,17.7,89.0,968.4,False,21.5,341,1.7,2022,14,FP1
0 days 01:10:39.069000,17.8,89.0,968.4,False,21.7,348,2.4,2022,14,FP1
0 days 01:11:39.102000,17.8,88.0,968.2,False,21.7,346,2.5,2022,14,FP1
0 days 01:12:39.081000,17.8,88.0,968.4,False,21.6,297,1.5,2022,14,FP1
0 days 01:13:39.085000,17.8,88.0,968.5,False,21.9,2,1.5,2022,14,FP1
0 days 01:14:39.084000,17.8,88.0,968.4,False,21.9,358,1.3,2022,14,FP1
0 days 01:15:39.085000,17.9,88.0,968.4,False,21.7,329,1.8,2022,14,FP1
0 days 01:16:39.084000,17.9,88.0,968.4,True,21.7,335,0.8,2022,14,FP1
0 days 01:17:39.084000,17.8,88.0,968.4,True,22.0,343,1.1,2022,14,FP1
0 days 01:18:39.085000,17.8,88.0,968.4,True,22.1,329,1.2,2022,14,FP1
0 days 01:19:39.087000,17.8,89.0,968.4,True,21.7,301,1.2,2022,14,FP1
0 days 01:20:39.086000,17.9,89.0,968.4,True,21.5,311,1.2,2022,14,FP1
0 days 01:21:39.085000,17.8,88.0,968.4,True,21.5,347,1.1,2022,14,FP1
0 days 01:22:39.101000,17.8,88.0,968.4,True,21.5,327,1.7,2022,14,FP1
0 days 00:00:17.944000,21.5,48.0,1014.5,False,28.4,18,1.7,2022,15,FP1
0 days 00:01:17.944000,21.5,47.0,1014.4,False,28.5,3,3.2,2022,15,FP1
0 days 00:02:17.943000,21.5,47.0,1014.5,False,28.5,107,1.8,2022,15,FP1
0 days 00:03:17.944000,21.6,48.0,1014.4,False,28.6,24,0.6,2022,15,FP1
0 days 00:04:17.945000,21.6,47.0,1014.4,False,29.1,351,1.6,2022,15,FP1
0 days 00:05:17.945000,21.6,48.0,1014.5,False,29.1,345,2.0,2022,15,FP1
0 days 00:06:17.943000,21.6,47.0,1014.4,False,29.2,6,1.3,2022,15,FP1
0 days 00:07:17.936000,21.7,47.0,1014.4,False,29.4,3,1.5,2022,15,FP1
0 days 00:08:17.953000,21.8,47.0,1014.4,False,29.5,18,2.0,2022,15,FP1
0 days 00:09:17.962000,21.9,46.0,1014.4,False,29.5,267,1.6,2022,15,FP1
0 days 00:10:17.982000,22.0,46.0,1014.4,False,29.5,29,1.2,2022,15,FP1
0 days 00:11:17.996000,21.9,46.0,1014.5,False,29.6,20,1.2,2022,15,FP1
0 days 00:12:17.997000,22.1,46.0,1014.4,False,29.7,111,0.8,2022,15,FP1
0 days 00:13:17.991000,22.1,46.0,1014.5,False,30.1,349,1.0,2022,15,FP1
0 days 00:14:17.986000,22.1,46.0,1014.4,False,30.4,29,1.3,2022,15,FP1
0 days 00:15:17.995000,22.3,45.0,1014.5,False,29.7,26,2.5,2022,15,FP1
0 days 00:16:17.991000,22.3,46.0,1014.4,False,29.7,34,2.0,2022,15,FP1
0 days 00:17:17.993000,22.2,46.0,1014.2,False,29.6,196,1.7,2022,15,FP1
0 days 00:18:17.999000,22.1,46.0,1014.4,False,29.7,358,1.2,2022,15,FP1
0 days 00:19:18.003000,22.1,46.0,1014.2,False,29.6,217,1.3,2022,15,FP1
0 days 00:20:18.007000,22.1,46.0,1014.2,False,29.3,359,1.7,2022,15,FP1
0 days 00:21:18,22.0,46.0,1014.4,False,29.3,167,0.6,2022,15,FP1
0 days 00:22:18.001000,22.1,46.0,1014.2,False,29.2,306,0.8,2022,15,FP1
0 days 00:23:17.992000,22.1,45.0,1014.2,False,29.1,237,0.8,2022,15,FP1
0 days 00:24:18.015000,22.1,45.0,1014.2,False,29.0,176,0.8,2022,15,FP1
0 days 00:25:18.015000,22.0,46.0,1014.2,False,28.8,191,1.2,2022,15,FP1
0 days 00:26:18.007000,22.0,45.0,1014.2,False,28.7,190,1.8,2022,15,FP1
0 days 00:27:18.023000,22.1,45.0,1014.4,False,28.9,188,1.0,2022,15,FP1
0 days 00:28:18.051000,22.1,45.0,1014.2,False,28.6,1,0.6,2022,15,FP1
0 days 00:29:18.044000,22.2,45.0,1014.2,False,28.6,11,1.2,2022,15,FP1
0 days 00:30:18.074000,22.2,46.0,1014.2,False,28.5,353,1.2,2022,15,FP1
0 days 00:31:18.079000,22.2,46.0,1014.2,False,28.6,30,1.5,2022,15,FP1
0 days 00:32:18.071000,22.2,46.0,1014.2,False,28.9,48,1.0,2022,15,FP1
0 days 00:33:18.071000,22.3,46.0,1014.4,False,29.0,16,1.2,2022,15,FP1
0 days 00:34:18.078000,22.3,46.0,1014.2,False,29.3,4,1.0,2022,15,FP1
0 days 00:35:18.082000,22.3,46.0,1014.2,False,29.3,29,1.1,2022,15,FP1
0 days 00:36:18.086000,22.4,46.0,1014.2,False,29.5,293,1.7,2022,15,FP1
0 days 00:37:18.103000,22.4,46.0,1014.2,False,29.5,326,1.3,2022,15,FP1
0 days 00:38:18.123000,22.5,45.0,1014.2,False,29.8,178,1.2,2022,15,FP1
0 days 00:39:18.121000,22.4,46.0,1014.2,False,29.9,0,0.8,2022,15,FP1
0 days 00:40:18.121000,22.5,45.0,1014.2,False,30.4,251,0.3,2022,15,FP1
0 days 00:41:18.119000,22.5,45.0,1014.2,False,30.9,225,1.2,2022,15,FP1
0 days 00:42:18.117000,22.6,45.0,1014.0,False,30.9,104,1.1,2022,15,FP1
0 days 00:43:18.136000,22.7,44.0,1014.2,False,30.8,202,1.7,2022,15,FP1
0 days 00:44:18.117000,22.9,44.0,1014.0,False,30.6,234,1.7,2022,15,FP1
0 days 00:45:18.122000,22.9,44.0,1014.2,False,31.3,240,1.7,2022,15,FP1
0 days 00:46:18.118000,23.0,44.0,1014.2,False,31.6,185,1.1,2022,15,FP1
0 days 00:47:18.120000,22.9,43.0,1014.2,False,31.9,204,2.2,2022,15,FP1
0 days 00:48:18.141000,23.0,43.0,1014.0,False,31.9,184,3.0,2022,15,FP1
0 days 00:49:18.125000,23.1,43.0,1014.2,False,31.9,236,1.6,2022,15,FP1
0 days 00:50:18.117000,23.2,43.0,1014.0,False,31.9,333,1.7,2022,15,FP1
0 days 00:51:18.122000,23.3,43.0,1014.0,False,32.5,325,0.4,2022,15,FP1
0 days 00:52:18.119000,23.3,43.0,1014.0,False,32.5,325,0.4,2022,15,FP1
0 days 00:53:18.135000,23.3,43.0,1014.0,False,32.6,225,1.5,2022,15,FP1
0 days 00:54:18.150000,23.2,43.0,1014.0,False,32.6,0,0.8,2022,15,FP1
0 days 00:55:18.156000,23.4,43.0,1014.0,False,32.7,8,1.5,2022,15,FP1
0 days 00:56:18.174000,23.4,43.0,1014.0,False,33.0,352,1.2,2022,15,FP1
0 days 00:57:18.171000,23.5,43.0,1014.0,False,33.1,11,1.2,2022,15,FP1
0 days 00:58:18.177000,23.6,43.0,1014.2,False,33.1,50,2.0,2022,15,FP1
0 days 00:59:18.194000,23.5,43.0,1014.0,False,32.8,32,2.4,2022,15,FP1
0 days 01:00:18.199000,23.4,43.0,1014.0,False,32.2,353,1.7,2022,15,FP1
0 days 01:01:18.195000,23.4,43.0,1014.0,False,32.0,311,2.0,2022,15,FP1
0 days 01:02:18.197000,23.4,44.0,1014.0,False,32.0,47,1.2,2022,15,FP1
0 days 01:03:18.219000,23.4,44.0,1014.0,False,32.1,36,0.8,2022,15,FP1
0 days 01:04:18.212000,23.4,43.0,1014.0,False,32.7,348,0.8,2022,15,FP1
0 days 01:05:18.228000,23.6,43.0,1014.0,False,33.4,171,1.3,2022,15,FP1
0 days 01:06:18.244000,23.7,43.0,1014.0,False,33.8,347,1.3,2022,15,FP1
0 days 01:07:18.263000,23.7,43.0,1014.0,False,33.9,258,1.1,2022,15,FP1
0 days 01:08:18.259000,23.7,42.0,1014.0,False,33.9,28,1.6,2022,15,FP1
0 days 01:09:18.259000,23.8,42.0,1014.0,False,33.8,233,1.7,2022,15,FP1
0 days 01:10:18.266000,23.8,43.0,1013.9,False,33.2,330,1.7,2022,15,FP1
0 days 01:11:18.275000,23.8,43.0,1013.9,False,33.2,26,1.3,2022,15,FP1
0 days 01:12:18.289000,23.7,43.0,1014.0,False,32.6,288,1.7,2022,15,FP1
0 days 01:13:18.290000,23.7,44.0,1013.9,False,31.9,338,1.7,2022,15,FP1
0 days 01:14:18.290000,23.6,44.0,1013.9,False,31.7,32,1.8,2022,15,FP1
0 days 01:15:18.306000,23.5,43.0,1013.9,False,31.4,321,0.8,2022,15,FP1
0 days 01:16:18.305000,23.5,43.0,1013.9,False,31.4,77,1.1,2022,15,FP1
0 days 01:17:18.334000,23.4,43.0,1014.0,False,31.8,333,1.2,2022,15,FP1
0 days 01:18:18.340000,23.5,43.0,1013.9,False,31.8,320,1.5,2022,15,FP1
0 days 01:19:18.360000,23.5,44.0,1013.9,False,31.9,217,0.8,2022,15,FP1
0 days 01:20:18.354000,23.5,43.0,1013.7,False,32.3,55,1.2,2022,15,FP1
0 days 01:21:18.370000,23.4,43.0,1014.0,False,32.4,104,0.8,2022,15,FP1
0 days 00:00:28.690000,25.2,51.0,990.5,False,37.5,8,1.2,2022,16,FP1
0 days 00:01:28.695000,25.3,51.0,990.5,False,38.3,7,0.8,2022,16,FP1
0 days 00:02:28.693000,25.6,50.0,990.5,False,38.3,326,0.6,2022,16,FP1
0 days 00:03:28.689000,25.5,50.0,990.5,False,38.6,316,0.5,2022,16,FP1
0 days 00:04:28.691000,25.5,51.0,990.5,False,36.4,294,1.3,2022,16,FP1
0 days 00:05:28.690000,25.5,52.0,990.5,False,36.2,326,1.0,2022,16,FP1
0 days 00:06:28.691000,25.4,51.0,990.5,False,36.0,351,1.7,2022,16,FP1
0 days 00:07:28.689000,25.2,52.0,990.5,False,36.0,0,1.8,2022,16,FP1
0 days 00:08:28.693000,25.3,52.0,990.5,False,35.8,147,1.6,2022,16,FP1
0 days 00:09:28.690000,25.3,51.0,990.5,False,35.8,0,0.8,2022,16,FP1
0 days 00:10:28.708000,25.4,51.0,990.5,False,35.4,184,0.6,2022,16,FP1
0 days 00:11:28.703000,25.3,51.0,990.5,False,35.3,177,0.8,2022,16,FP1
0 days 00:12:28.701000,25.4,51.0,990.5,False,35.3,160,1.2,2022,16,FP1
0 days 00:13:28.723000,25.3,51.0,990.5,False,35.0,172,1.7,2022,16,FP1
0 days 00:14:28.741000,25.3,51.0,990.5,False,34.6,278,0.8,2022,16,FP1
0 days 00:15:28.726000,25.3,51.0,990.5,False,34.4,170,0.6,2022,16,FP1
0 days 00:16:28.748000,25.3,51.0,990.5,False,33.7,202,0.8,2022,16,FP1
0 days 00:17:28.738000,25.3,51.0,990.5,False,33.6,186,0.0,2022,16,FP1
0 days 00:18:28.753000,25.3,51.0,990.5,False,33.6,220,0.8,2022,16,FP1
0 days 00:19:28.772000,25.5,50.0,990.5,False,33.9,196,1.6,2022,16,FP1
0 days 00:20:28.783000,25.6,50.0,990.5,False,34.6,205,1.6,2022,16,FP1
0 days 00:21:28.790000,25.7,49.0,990.5,False,34.8,207,1.5,2022,16,FP1
0 days 00:22:28.785000,25.9,49.0,990.5,False,35.2,172,1.2,2022,16,FP1
0 days 00:23:28.792000,25.9,49.0,990.5,False,35.2,121,0.6,2022,16,FP1
0 days 00:24:28.810000,26.1,49.0,990.5,False,36.4,204,1.1,2022,16,FP1
0 days 00:25:28.817000,26.2,48.0,990.5,False,36.5,237,1.0,2022,16,FP1
0 days 00:26:28.817000,26.3,48.0,990.4,False,37.1,196,0.6,2022,16,FP1
0 days 00:27:28.817000,26.4,47.0,990.2,False,38.2,165,1.2,2022,16,FP1
0 days 00:28:28.818000,26.4,47.0,990.4,False,38.2,213,1.1,2022,16,FP1
0 days 00:29:28.827000,26.3,47.0,990.4,False,36.8,160,0.4,2022,16,FP1
0 days 00:30:28.825000,26.2,47.0,990.5,False,36.2,192,0.4,2022,16,FP1
0 days 00:31:28.816000,26.1,46.0,990.4,False,36.1,0,0.5,2022,16,FP1
0 days 00:32:28.818000,26.1,46.0,990.4,False,35.6,237,0.6,2022,16,FP1
0 days 00:33:29.124000,26.1,48.0,990.4,False,35.6,166,1.2,2022,16,FP1
0 days 00:34:28.852000,26.2,47.0,990.2,False,35.9,182,0.6,2022,16,FP1
0 days 00:35:28.860000,26.2,47.0,990.2,False,37.0,173,1.1,2022,16,FP1
0 days 00:36:28.846000,26.2,47.0,990.4,False,37.5,168,2.4,2022,16,FP1
0 days 00:37:28.850000,26.2,47.0,990.4,False,37.9,214,1.2,2022,16,FP1
0 days 00:38:28.875000,26.2,46.0,990.2,False,38.2,186,1.6,2022,16,FP1
0 days 00:39:28.876000,26.2,46.0,990.2,False,38.4,172,2.0,2022,16,FP1
0 days 00:40:28.865000,26.2,47.0,990.2,False,38.5,166,1.8,2022,16,FP1
0 days 00:41:28.866000,26.4,47.0,990.2,False,38.8,181,2.2,2022,16,FP1
0 days 00:42:28.864000,26.4,46.0,990.2,False,39.2,166,2.2,2022,16,FP1
0 days 00:43:28.879000,26.3,47.0,990.2,False,39.2,170,2.4,2022,16,FP1
0 days 00:44:28.881000,26.3,46.0,990.2,False,39.2,177,2.0,2022,16,FP1
0 days 00:45:28.879000,26.3,46.0,990.2,False,37.6,173,2.0,2022,16,FP1
0 days 00:46:28.882000,26.3,46.0,990.2,False,36.8,218,0.5,2022,16,FP1
0 days 00:47:28.882000,26.3,46.0,990.2,False,36.2,227,0.8,2022,16,FP1
0 days 00:48:28.898000,26.2,47.0,990.2,False,35.3,173,0.8,2022,16,FP1
0 days 00:49:28.914000,26.2,47.0,990.2,False,35.2,191,0.8,2022,16,FP1
0 days 00:50:28.913000,26.3,47.0,990.2,False,35.0,188,0.8,2022,16,FP1
0 days 00:51:28.911000,26.5,48.0,990.2,False,34.9,234,0.6,2022,16,FP1
0 days 00:52:28.911000,26.6,47.0,990.2,False,35.1,206,0.4,2022,16,FP1
0 days 00:53:28.912000,26.5,47.0,990.2,False,35.1,331,1.0,2022,16,FP1
0 days 00:54:28.912000,26.6,46.0,990.2,False,35.2,176,0.4,2022,16,FP1
0 days 00:55:28.935000,26.6,46.0,990.2,False,35.9,178,1.3,2022,16,FP1
0 days 00:56:28.937000,26.7,46.0,990.0,False,35.8,171,1.1,2022,16,FP1
0 days 00:57:28.942000,26.5,45.0,990.0,False,35.6,358,0.4,2022,16,FP1
0 days 00:58:28.952000,26.5,46.0,990.0,False,35.6,173,1.0,2022,16,FP1
0 days 00:59:28.948000,26.4,45.0,990.2,False,35.9,194,0.8,2022,16,FP1
0 days 01:00:28.945000,26.7,45.0,990.2,False,37.0,237,0.8,2022,16,FP1
0 days 01:01:28.943000,26.7,45.0,990.2,False,37.4,243,0.4,2022,16,FP1
0 days 01:02:28.943000,26.6,44.0,990.0,False,37.8,252,0.0,2022,16,FP1
0 days 01:03:28.951000,26.5,44.0,990.0,False,38.1,150,0.8,2022,16,FP1
0 days 01:04:28.955000,26.5,43.0,990.2,False,38.1,303,0.5,2022,16,FP1
0 days 01:05:28.942000,26.4,44.0,990.0,False,38.4,192,0.8,2022,16,FP1
0 days 01:06:28.953000,26.4,44.0,990.0,False,39.0,1,0.8,2022,16,FP1
0 days 01:07:28.955000,26.2,45.0,990.0,False,39.0,73,0.6,2022,16,FP1
0 days 01:08:28.944000,26.2,44.0,990.2,False,39.0,314,0.8,2022,16,FP1
0 days 01:09:28.949000,26.2,44.0,990.0,False,37.7,208,1.0,2022,16,FP1
0 days 01:10:28.948000,26.2,44.0,990.0,False,37.7,315,1.2,2022,16,FP1
0 days 01:11:28.941000,26.2,44.0,990.0,False,37.6,298,0.8,2022,16,FP1
0 days 01:12:28.943000,26.1,44.0,990.0,False,36.7,0,0.5,2022,16,FP1
0 days 01:13:28.941000,26.1,44.0,990.0,False,36.2,176,0.8,2022,16,FP1
0 days 01:14:28.944000,26.0,44.0,990.0,False,36.2,189,0.6,2022,16,FP1
0 days 01:15:28.946000,26.1,44.0,990.0,False,36.2,189,0.6,2022,16,FP1
0 days 01:16:28.945000,26.0,44.0,990.0,False,36.2,189,0.6,2022,16,FP1
0 days 01:17:28.945000,25.8,44.0,990.0,False,36.2,189,0.6,2022,16,FP1
0 days 01:18:28.978000,25.8,44.0,990.0,False,36.2,189,0.6,2022,16,FP1
0 days 01:19:28.946000,25.7,44.0,990.0,False,36.2,189,0.6,2022,16,FP1
0 days 01:20:28.954000,25.7,44.0,990.0,False,36.2,189,0.6,2022,16,FP1
0 days 00:00:09.599000,29.6,76.0,1006.0,False,37.8,201,1.6,2022,17,FP1
0 days 00:01:09.598000,29.5,75.0,1006.0,False,37.6,0,0.8,2022,17,FP1
0 days 00:02:09.613000,29.6,75.0,1006.0,False,37.4,192,0.8,2022,17,FP1
0 days 00:03:09.621000,29.6,74.0,1005.9,False,37.4,197,0.8,2022,17,FP1
0 days 00:04:09.618000,29.6,74.0,1005.9,False,37.3,241,0.6,2022,17,FP1
0 days 00:05:09.622000,29.6,73.0,1005.9,False,37.4,223,0.6,2022,17,FP1
0 days 00:06:09.617000,29.5,75.0,1005.9,False,36.1,133,0.8,2022,17,FP1
0 days 00:07:09.615000,29.5,75.0,1005.9,False,37.4,200,0.6,2022,17,FP1
0 days 00:08:09.623000,29.5,75.0,1006.0,False,37.4,203,0.6,2022,17,FP1
0 days 00:09:09.620000,29.6,74.0,1005.9,False,38.0,159,0.8,2022,17,FP1
0 days 00:10:09.617000,29.6,74.0,1005.9,False,38.0,173,1.1,2022,17,FP1
0 days 00:11:09.630000,29.6,74.0,1005.9,False,37.3,253,1.3,2022,17,FP1
0 days 00:12:09.638000,29.6,74.0,1005.9,False,37.3,319,0.6,2022,17,FP1
0 days 00:13:09.632000,29.6,74.0,1006.0,False,37.3,326,0.8,2022,17,FP1
0 days 00:14:09.632000,29.6,74.0,1005.9,False,37.5,280,0.0,2022,17,FP1
0 days 00:15:09.631000,29.5,74.0,1006.0,False,37.7,268,1.0,2022,17,FP1
0 days 00:16:09.652000,29.6,74.0,1006.0,False,37.9,115,1.2,2022,17,FP1
0 days 00:17:09.649000,29.6,74.0,1006.0,False,37.2,204,0.0,2022,17,FP1
0 days 00:18:09.653000,29.5,74.0,1006.0,False,37.8,176,1.2,2022,17,FP1
0 days 00:19:09.647000,29.5,73.0,1006.0,False,38.0,193,1.5,2022,17,FP1
0 days 00:20:09.652000,29.5,73.0,1006.0,False,37.8,161,0.8,2022,17,FP1
0 days 00:21:09.648000,29.5,73.0,1006.0,False,37.4,198,1.2,2022,17,FP1
0 days 00:22:09.648000,29.4,73.0,1006.0,False,37.4,247,1.5,2022,17,FP1
0 days 00:23:09.647000,29.5,74.0,1006.0,False,37.4,191,1.2,2022,17,FP1
0 days 00:24:09.662000,29.5,73.0,1005.9,False,37.2,183,1.2,2022,17,FP1
0 days 00:25:09.647000,29.5,73.0,1006.0,False,36.9,182,1.3,2022,17,FP1
0 days 00:26:09.660000,29.5,73.0,1006.0,False,37.2,276,1.0,2022,17,FP1
0 days 00:27:09.648000,29.6,73.0,1006.0,False,37.0,227,0.6,2022,17,FP1
0 days 00:28:09.659000,29.6,73.0,1006.0,False,37.0,237,0.6,2022,17,FP1
0 days 00:29:09.646000,29.6,73.0,1006.0,False,37.4,161,0.6,2022,17,FP1
0 days 00:30:09.649000,29.6,73.0,1006.2,False,37.4,234,1.0,2022,17,FP1
0 days 00:31:09.648000,29.7,73.0,1006.2,False,37.3,154,0.6,2022,17,FP1
0 days 00:32:09.649000,29.7,73.0,1006.2,False,37.4,173,1.2,2022,17,FP1
0 days 00:33:09.666000,29.7,72.0,1006.2,False,37.4,151,0.6,2022,17,FP1
0 days 00:34:09.648000,29.8,72.0,1006.2,False,36.7,193,1.0,2022,17,FP1
0 days 00:35:09.647000,29.7,72.0,1006.2,False,36.6,250,0.8,2022,17,FP1
0 days 00:36:09.649000,29.7,71.0,1006.2,False,36.8,221,0.6,2022,17,FP1
0 days 00:37:09.649000,29.6,72.0,1006.2,False,36.8,0,1.0,2022,17,FP1
0 days 00:38:09.647000,29.6,72.0,1006.2,False,36.5,203,0.5,2022,17,FP1
0 days 00:39:09.657000,29.6,72.0,1006.2,False,36.5,241,1.0,2022,17,FP1
0 days 00:40:09.649000,29.6,72.0,1006.2,False,36.4,0,0.6,2022,17,FP1
0 days 00:41:09.656000,29.7,72.0,1006.2,False,36.2,153,0.8,2022,17,FP1
0 days 00:42:09.650000,29.6,72.0,1006.2,False,36.4,336,0.0,2022,17,FP1
0 days 00:43:09.648000,29.6,72.0,1006.2,False,36.2,214,0.4,2022,17,FP1
0 days 00:44:09.650000,29.6,71.0,1006.2,False,36.2,170,0.6,2022,17,FP1
0 days 00:45:09.649000,29.6,72.0,1006.2,False,36.6,102,0.6,2022,17,FP1
0 days 00:46:09.648000,29.6,71.0,1006.2,False,36.1,214,0.6,2022,17,FP1
0 days 00:47:09.659000,29.6,71.0,1006.2,False,36.5,199,0.6,2022,17,FP1
0 days 00:48:09.649000,29.6,71.0,1006.2,False,36.5,0,0.6,2022,17,FP1
0 days 00:49:09.648000,29.6,71.0,1006.2,False,36.5,272,0.0,2022,17,FP1
0 days 00:50:09.652000,29.6,70.0,1006.2,False,36.5,250,1.0,2022,17,FP1
0 days 00:51:09.650000,29.7,71.0,1006.2,False,36.1,283,0.8,2022,17,FP1
0 days 00:52:09.649000,29.7,71.0,1006.2,False,36.1,323,1.0,2022,17,FP1
0 days 00:53:09.650000,29.8,71.0,1006.2,False,36.6,282,0.6,2022,17,FP1
0 days 00:54:09.659000,29.8,71.0,1006.4,False,36.3,200,1.2,2022,17,FP1
0 days 00:55:09.649000,29.8,71.0,1006.4,False,35.7,0,0.6,2022,17,FP1
0 days 00:56:09.656000,29.8,71.0,1006.4,False,35.9,106,0.6,2022,17,FP1
0 days 00:57:09.658000,29.8,71.0,1006.4,False,35.9,0,0.6,2022,17,FP1
0 days 00:58:09.664000,29.8,71.0,1006.5,False,36.4,98,0.6,2022,17,FP1
0 days 00:59:09.683000,29.8,71.0,1006.5,False,36.0,298,0.8,2022,17,FP1
0 days 01:00:09.673000,29.7,71.0,1006.5,False,35.8,344,0.4,2022,17,FP1
0 days 01:01:09.697000,29.6,72.0,1006.5,False,35.8,224,1.2,2022,17,FP1
0 days 01:02:09.697000,29.6,71.0,1006.4,False,35.9,291,1.0,2022,17,FP1
0 days 01:03:09.709000,29.6,72.0,1006.5,False,35.9,294,1.2,2022,17,FP1
0 days 01:04:09.697000,29.6,71.0,1006.5,False,35.7,234,1.6,2022,17,FP1
0 days 01:05:09.712000,29.6,71.0,1006.5,False,35.7,0,0.8,2022,17,FP1
0 days 01:06:09.728000,29.6,71.0,1006.5,False,35.6,0,0.8,2022,17,FP1
0 days 01:07:09.745000,29.6,71.0,1006.5,False,35.9,0,0.5,2022,17,FP1
0 days 01:08:09.746000,29.7,71.0,1006.5,False,36.2,127,0.8,2022,17,FP1
0 days 01:09:09.751000,29.7,70.0,1006.5,False,36.0,144,0.6,2022,17,FP1
0 days 01:10:09.743000,29.7,70.0,1006.5,False,36.0,279,0.8,2022,17,FP1
0 days 01:11:09.744000,29.7,70.0,1006.5,False,36.0,283,0.8,2022,17,FP1
0 days 01:12:09.747000,29.7,70.0,1006.5,False,36.1,260,0.6,2022,17,FP1
0 days 01:13:09.746000,29.8,70.0,1006.5,False,35.7,118,0.5,2022,17,FP1
0 days 01:14:09.761000,29.8,69.0,1006.7,False,35.7,124,0.5,2022,17,FP1
0 days 01:15:09.761000,29.8,70.0,1006.7,False,35.1,211,1.0,2022,17,FP1
0 days 01:16:09.763000,29.8,70.0,1006.7,False,35.1,136,0.8,2022,17,FP1
0 days 01:17:09.759000,29.8,70.0,1006.7,False,35.8,0,0.6,2022,17,FP1
0 days 01:18:09.761000,29.8,69.0,1006.7,False,35.9,172,0.5,2022,17,FP1
0 days 01:19:09.764000,29.8,69.0,1006.7,False,35.8,156,0.8,2022,17,FP1
0 days 01:20:09.768000,29.8,69.0,1006.7,False,35.5,242,0.6,2022,17,FP1
0 days 01:21:09.835000,29.8,69.0,1006.7,False,35.0,187,0.6,2022,17,FP1
0 days 01:22:09.779000,29.7,70.0,1006.7,False,34.9,174,0.6,2022,17,FP1
0 days 00:00:38.427000,15.6,95.0,1009.5,True,20.1,344,1.2,2022,18,FP1
0 days 00:01:38.425000,15.7,95.0,1009.5,True,20.0,335,1.2,2022,18,FP1
0 days 00:02:38.426000,15.7,94.0,1009.4,True,20.1,349,1.3,2022,18,FP1
0 days 00:03:38.425000,15.7,95.0,1009.4,True,20.1,357,1.1,2022,18,FP1
0 days 00:04:38.428000,15.8,95.0,1009.4,True,20.4,32,0.8,2022,18,FP1
0 days 00:05:38.427000,15.8,95.0,1009.5,True,20.4,65,0.8,2022,18,FP1
0 days 00:06:38.477000,15.8,95.0,1009.5,True,20.4,14,0.6,2022,18,FP1
0 days 00:07:38.458000,15.7,95.0,1009.5,True,20.4,335,0.8,2022,18,FP1
0 days 00:08:38.474000,15.8,95.0,1009.5,True,20.3,351,0.8,2022,18,FP1
0 days 00:09:38.472000,15.7,94.0,1009.5,True,20.2,288,1.2,2022,18,FP1
0 days 00:10:38.473000,15.7,95.0,1009.5,True,20.0,348,1.1,2022,18,FP1
0 days 00:11:38.474000,15.7,94.0,1009.5,True,20.0,10,1.2,2022,18,FP1
0 days 00:12:38.492000,15.7,94.0,1009.5,True,19.9,28,0.8,2022,18,FP1
0 days 00:13:38.474000,15.7,94.0,1009.4,True,19.8,327,0.6,2022,18,FP1
0 days 00:14:38.471000,15.7,95.0,1009.2,True,19.8,2,0.4,2022,18,FP1
0 days 00:15:38.481000,15.7,95.0,1009.0,True,19.8,118,0.8,2022,18,FP1
0 days 00:16:38.474000,15.7,94.0,1008.9,True,20.0,66,0.8,2022,18,FP1
0 days 00:17:38.473000,15.7,94.0,1008.9,True,20.1,0,0.6,2022,18,FP1
0 days 00:18:38.474000,15.8,94.0,1008.7,True,20.3,277,0.0,2022,18,FP1
0 days 00:19:38.494000,15.7,94.0,1008.7,True,20.3,5,0.4,2022,18,FP1
0 days 00:20:38.504000,15.8,94.0,1008.7,True,20.4,0,0.5,2022,18,FP1
0 days 00:21:38.520000,15.8,95.0,1008.7,True,20.4,176,0.6,2022,18,FP1
0 days 00:22:38.520000,15.9,94.0,1008.7,True,20.4,0,0.6,2022,18,FP1
0 days 00:23:38.519000,15.7,94.0,1008.5,True,20.6,356,0.8,2022,18,FP1
0 days 00:24:38.520000,15.8,95.0,1008.5,True,20.4,90,0.8,2022,18,FP1
0 days 00:25:38.522000,15.7,94.0,1008.5,True,20.6,34,0.6,2022,18,FP1
0 days 00:26:38.519000,15.8,94.0,1008.5,True,20.7,68,0.0,2022,18,FP1
0 days 00:27:38.520000,15.8,94.0,1008.5,True,20.8,97,0.6,2022,18,FP1
0 days 00:28:38.521000,15.9,94.0,1008.5,True,20.8,61,0.0,2022,18,FP1
0 days 00:29:38.519000,15.9,94.0,1008.5,True,21.0,32,0.3,2022,18,FP1
0 days 00:30:38.518000,15.9,94.0,1008.5,True,21.1,355,0.0,2022,18,FP1
0 days 00:31:38.519000,15.8,94.0,1008.5,True,21.1,0,0.4,2022,18,FP1
0 days 00:32:38.533000,16.0,94.0,1008.5,True,21.1,358,0.4,2022,18,FP1
0 days 00:33:38.522000,15.9,94.0,1008.5,True,21.1,48,1.0,2022,18,FP1
0 days 00:34:38.547000,15.9,94.0,1008.5,True,21.1,313,1.2,2022,18,FP1
0 days 00:35:38.538000,15.9,93.0,1008.5,False,21.1,358,1.1,2022,18,FP1
0 days 00:36:38.605000,15.9,93.0,1008.5,False,21.1,339,1.2,2022,18,FP1
0 days 00:37:38.551000,15.9,94.0,1008.5,False,21.0,347,2.0,2022,18,FP1
0 days 00:38:38.563000,16.0,94.0,1008.5,False,20.8,357,2.0,2022,18,FP1
0 days 00:39:38.551000,16.0,94.0,1008.7,False,20.8,326,1.3,2022,18,FP1
0 days 00:40:38.549000,16.0,94.0,1008.5,False,20.8,326,2.4,2022,18,FP1
0 days 00:41:38.551000,16.1,94.0,1008.7,False,20.7,323,2.2,2022,18,FP1
0 days 00:42:38.575000,15.9,93.0,1008.7,False,20.6,351,2.5,2022,18,FP1
0 days 00:43:38.551000,16.0,94.0,1008.7,False,20.6,327,1.7,2022,18,FP1
0 days 00:44:38.550000,15.8,93.0,1008.7,False,20.3,341,1.7,2022,18,FP1
0 days 00:45:38.555000,15.9,94.0,1008.7,False,20.2,345,1.8,2022,18,FP1
0 days 00:46:38.554000,15.9,94.0,1008.9,False,20.1,316,1.7,2022,18,FP1
0 days 00:47:38.556000,15.9,93.0,1008.7,False,20.1,2,1.7,2022,18,FP1
0 days 00:48:38.555000,15.9,93.0,1008.9,False,20.0,341,1.2,2022,18,FP1
0 days 00:49:38.562000,15.8,94.0,1008.7,False,19.9,307,1.2,2022,18,FP1
0 days 00:50:38.557000,15.8,94.0,1008.7,False,20.0,332,1.2,2022,18,FP1
0 days 00:51:38.560000,15.8,93.0,1008.7,True,20.0,322,1.3,2022,18,FP1
0 days 00:52:38.555000,15.8,93.0,1008.7,True,19.9,316,2.2,2022,18,FP1
0 days 00:53:38.550000,15.8,93.0,1008.7,True,19.9,324,1.5,2022,18,FP1
0 days 00:54:38.555000,15.8,93.0,1008.7,True,19.9,339,1.7,2022,18,FP1
0 days 00:55:38.567000,15.8,93.0,1008.7,True,19.6,301,1.6,2022,18,FP1
0 days 00:56:38.554000,15.8,93.0,1008.9,True,19.6,0,2.2,2022,18,FP1
0 days 00:57:38.557000,15.8,93.0,1008.7,True,19.6,320,1.7,2022,18,FP1
0 days 00:58:38.560000,15.8,93.0,1008.7,True,19.5,327,1.7,2022,18,FP1
0 days 00:59:38.552000,15.8,93.0,1008.7,True,19.5,355,1.5,2022,18,FP1
0 days 01:00:38.552000,15.8,93.0,1008.7,True,19.5,335,1.2,2022,18,FP1
0 days 01:01:38.553000,15.9,94.0,1008.7,True,19.5,329,1.7,2022,18,FP1
0 days 01:02:38.550000,15.9,93.0,1008.5,True,19.6,339,1.7,2022,18,FP1
0 days 01:03:38.553000,15.8,93.0,1008.5,True,19.5,353,1.7,2022,18,FP1
0 days 01:04:38.557000,15.8,93.0,1008.5,True,19.4,4,1.7,2022,18,FP1
0 days 01:05:38.557000,15.8,93.0,1008.4,True,19.3,1,1.1,2022,18,FP1
0 days 01:06:38.551000,15.7,93.0,1008.5,True,19.4,333,0.8,2022,18,FP1
0 days 01:07:38.553000,15.8,93.0,1008.5,True,19.4,308,0.6,2022,18,FP1
0 days 01:08:38.558000,15.8,93.0,1008.5,True,19.4,330,1.0,2022,18,FP1
0 days 01:09:38.551000,15.7,93.0,1008.5,True,19.4,329,1.7,2022,18,FP1
0 days 01:10:38.555000,15.8,94.0,1008.7,True,19.4,337,1.2,2022,18,FP1
0 days 01:11:38.558000,15.8,94.0,1008.7,True,19.5,356,1.2,2022,18,FP1
0 days 01:12:38.550000,15.8,93.0,1008.7,True,19.4,298,1.2,2022,18,FP1
0 days 01:13:38.558000,15.7,93.0,1008.7,True,19.4,340,1.5,2022,18,FP1
0 days 01:14:38.542000,15.6,93.0,1008.7,True,19.3,332,1.2,2022,18,FP1
0 days 01:15:38.550000,15.6,93.0,1008.7,True,19.3,325,1.5,2022,18,FP1
0 days 01:16:38.558000,15.6,93.0,1008.7,True,19.3,338,1.8,2022,18,FP1
0 days 01:17:38.553000,15.6,94.0,1009.0,True,19.3,318,1.8,2022,18,FP1
0 days 01:18:38.559000,15.7,94.0,1008.9,True,19.3,347,1.7,2022,18,FP1
0 days 01:19:38.550000,15.7,93.0,1009.0,True,19.3,318,2.4,2022,18,FP1
0 days 01:20:38.552000,15.7,93.0,1009.0,True,19.4,306,2.0,2022,18,FP1
0 days 01:21:38.551000,15.7,93.0,1008.9,True,19.3,357,2.0,2022,18,FP1
0 days 01:22:38.566000,15.6,93.0,1008.9,True,19.3,320,2.0,2022,18,FP1
0 days 00:00:21.128000,28.3,34.0,996.4,False,38.0,320,1.3,2022,19,FP1
0 days 00:01:21.121000,28.5,34.0,996.2,False,38.0,169,1.2,2022,19,FP1
0 days 00:02:21.126000,28.5,33.0,996.2,False,38.3,337,1.7,2022,19,FP1
0 days 00:03:21.124000,28.4,34.0,996.2,False,38.3,331,2.0,2022,19,FP1
0 days 00:04:21.119000,28.3,33.0,996.2,False,38.3,42,1.2,2022,19,FP1
0 days 00:05:21.117000,28.4,33.0,996.2,False,38.2,116,1.5,2022,19,FP1
0 days 00:06:21.121000,28.4,33.0,996.2,False,38.2,111,2.5,2022,19,FP1
0 days 00:07:21.118000,28.5,33.0,996.0,False,38.1,0,0.8,2022,19,FP1
0 days 00:08:21.121000,28.5,33.0,996.0,False,38.4,239,1.5,2022,19,FP1
0 days 00:09:21.120000,28.5,33.0,996.2,False,38.1,270,1.3,2022,19,FP1
0 days 00:10:21.120000,28.5,33.0,996.0,False,38.4,308,3.0,2022,19,FP1
0 days 00:11:21.122000,28.4,33.0,996.0,False,38.4,323,2.5,2022,19,FP1
0 days 00:12:21.118000,28.5,33.0,996.0,False,38.4,289,1.2,2022,19,FP1
0 days 00:13:21.118000,28.8,33.0,996.0,False,38.5,102,1.2,2022,19,FP1
0 days 00:14:21.123000,28.8,33.0,996.0,False,38.7,158,3.2,2022,19,FP1
0 days 00:15:21.119000,28.9,33.0,995.9,False,38.5,245,1.2,2022,19,FP1
0 days 00:16:21.128000,28.8,32.0,995.9,False,38.5,9,1.0,2022,19,FP1
0 days 00:17:21.127000,28.7,33.0,995.9,False,38.5,297,1.2,2022,19,FP1
0 days 00:18:21.125000,28.7,32.0,995.7,False,38.5,119,2.0,2022,19,FP1
0 days 00:19:21.121000,28.7,32.0,995.9,False,38.9,123,1.6,2022,19,FP1
0 days 00:20:21.122000,28.6,32.0,995.9,False,38.8,21,1.7,2022,19,FP1
0 days 00:21:21.122000,28.5,33.0,995.9,False,38.7,85,2.2,2022,19,FP1
0 days 00:22:21.122000,28.7,33.0,995.9,False,38.7,30,1.2,2022,19,FP1
0 days 00:23:21.139000,28.7,32.0,995.7,False,39.0,54,1.1,2022,19,FP1
0 days 00:24:21.161000,28.7,32.0,995.9,False,38.9,155,1.6,2022,19,FP1
0 days 00:25:21.159000,28.8,32.0,995.7,False,38.9,224,0.8,2022,19,FP1
0 days 00:26:21.161000,28.9,32.0,995.7,False,38.8,23,1.2,2022,19,FP1
0 days 00:27:21.172000,28.8,32.0,995.7,False,38.9,211,1.5,2022,19,FP1
0 days 00:28:21.170000,28.9,32.0,995.5,False,38.9,300,1.1,2022,19,FP1
0 days 00:29:21.177000,29.1,32.0,995.5,False,39.0,342,2.0,2022,19,FP1
0 days 00:30:21.171000,29.1,32.0,995.5,False,39.0,281,2.5,2022,19,FP1
0 days 00:31:21.168000,29.0,32.0,995.5,False,39.0,12,2.0,2022,19,FP1
0 days 00:32:21.171000,29.1,32.0,995.5,False,39.1,111,1.6,2022,19,FP1
0 days 00:33:21.183000,29.3,32.0,995.5,False,39.1,60,1.3,2022,19,FP1
0 days 00:34:21.184000,29.2,32.0,995.4,False,39.3,30,1.7,2022,19,FP1
0 days 00:35:21.196000,29.1,31.0,995.4,False,39.3,107,3.2,2022,19,FP1
0 days 00:36:21.188000,29.1,31.0,995.4,False,39.3,99,3.4,2022,19,FP1
0 days 00:37:21.203000,29.0,31.0,995.4,False,39.3,114,3.0,2022,19,FP1
0 days 00:38:21.217000,28.9,30.0,995.2,False,39.4,106,5.4,2022,19,FP1
0 days 00:39:21.239000,28.8,31.0,995.4,False,39.4,202,3.4,2022,19,FP1
0 days 00:40:21.248000,29.0,30.0,995.4,False,39.9,127,2.2,2022,19,FP1
0 days 00:41:21.264000,29.0,30.0,995.5,False,39.5,124,1.7,2022,19,FP1
0 days 00:42:21.280000,29.2,30.0,995.2,False,39.4,95,2.2,2022,19,FP1
0 days 00:43:21.327000,29.2,30.0,995.2,False,39.4,100,3.2,2022,19,FP1
0 days 00:44:21.292000,29.2,30.0,995.2,False,39.4,124,1.5,2022,19,FP1
0 days 00:45:21.300000,29.3,30.0,995.2,False,39.4,161,1.5,2022,19,FP1
0 days 00:46:21.292000,29.4,28.0,995.2,False,39.6,153,2.2,2022,19,FP1
0 days 00:47:21.294000,29.4,29.0,995.2,False,39.6,183,2.7,2022,19,FP1
0 days 00:48:21.293000,29.4,29.0,995.4,False,39.6,113,1.7,2022,19,FP1
0 days 00:49:21.292000,29.2,29.0,995.2,False,39.7,161,2.5,2022,19,FP1
0 days 00:50:21.296000,29.1,30.0,995.2,False,39.7,106,2.2,2022,19,FP1
0 days 00:51:21.296000,29.1,30.0,995.2,False,39.8,116,2.7,2022,19,FP1
0 days 00:52:21.311000,29.0,30.0,995.0,False,39.6,119,2.4,2022,19,FP1
0 days 00:53:21.327000,29.2,30.0,995.2,False,39.6,168,1.3,2022,19,FP1
0 days 00:54:21.342000,29.3,30.0,995.0,False,39.6,75,1.3,2022,19,FP1
0 days 00:55:21.342000,29.4,30.0,995.0,False,39.5,347,1.7,2022,19,FP1
0 days 00:56:21.354000,29.3,29.0,995.0,False,39.5,21,1.5,2022,19,FP1
0 days 00:57:21.341000,29.4,29.0,995.0,False,39.6,113,2.4,2022,19,FP1
0 days 00:58:21.341000,29.5,29.0,995.0,False,39.6,178,2.0,2022,19,FP1
0 days 00:59:21.343000,29.5,29.0,995.0,False,39.8,2,1.2,2022,19,FP1
0 days 01:00:21.338000,29.6,29.0,995.0,False,39.8,188,1.7,2022,19,FP1
0 days 01:01:21.358000,29.5,29.0,995.0,False,39.8,100,2.0,2022,19,FP1
0 days 01:02:21.362000,29.5,29.0,995.0,False,39.9,116,1.7,2022,19,FP1
0 days 01:03:21.375000,29.4,29.0,995.0,False,39.7,117,1.1,2022,19,FP1
0 days 01:04:21.378000,29.4,29.0,994.9,False,39.9,90,2.5,2022,19,FP1
0 days 01:05:21.374000,29.4,30.0,994.9,False,40.0,104,2.0,2022,19,FP1
0 days 01:06:21.422000,29.4,30.0,994.7,False,39.8,103,1.6,2022,19,FP1
0 days 01:07:21.376000,29.4,30.0,994.9,False,39.6,189,2.5,2022,19,FP1
0 days 01:08:21.375000,29.5,30.0,994.9,False,39.8,92,2.0,2022,19,FP1
0 days 01:09:21.382000,29.4,30.0,994.9,False,39.8,103,2.0,2022,19,FP1
0 days 01:10:21.373000,29.4,30.0,994.7,False,39.8,130,2.0,2022,19,FP1
0 days 01:11:21.384000,29.4,29.0,994.9,False,39.9,0,2.0,2022,19,FP1
0 days 01:12:21.374000,29.5,29.0,994.7,False,39.9,25,1.6,2022,19,FP1
0 days 01:13:21.381000,29.5,29.0,994.7,False,39.9,15,1.5,2022,19,FP1
0 days 01:14:21.374000,29.5,29.0,994.7,False,39.9,319,1.7,2022,19,FP1
0 days 01:15:21.373000,29.5,29.0,994.7,False,40.0,303,1.6,2022,19,FP1
0 days 01:16:21.380000,29.5,29.0,994.5,False,40.0,278,1.8,2022,19,FP1
0 days 01:17:21.384000,29.7,29.0,994.7,False,39.6,99,2.7,2022,19,FP1
0 days 01:18:21.382000,29.9,29.0,994.7,False,39.8,79,1.0,2022,19,FP1
0 days 01:19:21.374000,29.9,29.0,994.7,False,39.9,2,1.6,2022,19,FP1
0 days 01:20:21.373000,29.8,30.0,994.7,False,39.9,11,2.0,2022,19,FP1
0 days 01:21:21.376000,29.8,30.0,994.7,False,39.4,273,1.6,2022,19,FP1
0 days 00:01:01.528000,24.2,45.0,783.9,False,45.4,27,0.8,2022,20,FP1
0 days 00:02:01.531000,24.4,45.0,783.9,False,45.4,37,0.8,2022,20,FP1
0 days 00:03:01.528000,24.1,45.0,783.9,False,45.7,0,0.6,2022,20,FP1
0 days 00:04:01.525000,24.1,45.0,783.7,False,45.6,164,0.0,2022,20,FP1
0 days 00:05:01.537000,24.2,44.0,783.9,False,45.6,334,1.0,2022,20,FP1
0 days 00:06:01.526000,24.3,45.0,783.7,False,45.7,272,1.1,2022,20,FP1
0 days 00:07:01.527000,24.5,44.0,783.7,False,46.0,292,1.2,2022,20,FP1
0 days 00:08:01.582000,24.6,43.0,783.7,False,46.0,235,1.3,2022,20,FP1
0 days 00:09:01.529000,24.5,43.0,783.7,False,46.0,235,1.3,2022,20,FP1
0 days 00:10:01.526000,24.4,44.0,783.7,False,45.9,149,1.0,2022,20,FP1
0 days 00:11:01.526000,24.3,44.0,783.7,False,46.3,296,0.8,2022,20,FP1
0 days 00:12:01.544000,24.3,44.0,783.7,False,46.6,82,0.8,2022,20,FP1
0 days 00:13:01.544000,24.5,43.0,783.7,False,46.7,106,1.6,2022,20,FP1
0 days 00:14:01.545000,24.3,44.0,783.5,False,46.7,191,1.8,2022,20,FP1
0 days 00:15:01.543000,24.4,43.0,783.5,False,47.2,286,1.5,2022,20,FP1
0 days 00:16:01.560000,24.3,44.0,783.5,False,47.4,273,1.2,2022,20,FP1
0 days 00:17:01.578000,24.3,44.0,783.5,False,46.6,188,0.8,2022,20,FP1
0 days 00:18:01.591000,24.5,43.0,783.5,False,46.6,146,0.5,2022,20,FP1
0 days 00:19:01.591000,24.7,42.0,783.5,False,47.2,99,0.5,2022,20,FP1
0 days 00:20:01.608000,24.8,42.0,783.5,False,47.2,99,0.5,2022,20,FP1
0 days 00:21:01.609000,24.8,43.0,783.5,False,47.0,79,1.2,2022,20,FP1
0 days 00:22:01.612000,24.8,42.0,783.5,False,47.0,178,1.2,2022,20,FP1
0 days 00:23:01.607000,25.1,42.0,783.5,False,47.3,83,1.5,2022,20,FP1
0 days 00:24:01.606000,25.1,41.0,783.4,False,43.6,65,1.5,2022,20,FP1
0 days 00:25:01.617000,25.1,41.0,783.4,False,46.7,84,1.6,2022,20,FP1
0 days 00:26:01.607000,25.2,41.0,783.4,False,46.0,107,2.0,2022,20,FP1
0 days 00:27:01.607000,25.2,41.0,783.5,False,46.2,48,1.2,2022,20,FP1
0 days 00:28:01.612000,25.0,41.0,783.4,False,46.6,292,1.0,2022,20,FP1
0 days 00:29:01.613000,25.0,41.0,783.4,False,46.0,329,0.8,2022,20,FP1
0 days 00:30:01.637000,25.1,40.0,783.2,False,46.2,185,0.5,2022,20,FP1
0 days 00:31:01.609000,25.2,40.0,783.2,False,46.2,185,0.5,2022,20,FP1
0 days 00:32:01.609000,25.1,40.0,783.4,False,46.3,53,0.5,2022,20,FP1
0 days 00:33:01.606000,25.2,40.0,783.2,False,47.4,63,2.5,2022,20,FP1
0 days 00:34:01.605000,25.2,41.0,783.2,False,47.4,61,1.7,2022,20,FP1
0 days 00:35:01.609000,25.0,41.0,783.2,False,46.8,88,1.6,2022,20,FP1
0 days 00:36:01.610000,24.9,41.0,783.2,False,46.8,88,1.6,2022,20,FP1
0 days 00:37:01.606000,25.1,40.0,783.2,False,47.8,41,1.3,2022,20,FP1
0 days 00:38:01.624000,25.0,40.0,783.2,False,47.5,251,0.8,2022,20,FP1
0 days 00:39:01.639000,25.1,40.0,783.2,False,47.5,251,0.8,2022,20,FP1
0 days 00:40:01.666000,25.2,40.0,783.2,False,47.4,242,1.2,2022,20,FP1
0 days 00:41:01.653000,25.2,40.0,783.2,False,47.3,0,1.0,2022,20,FP1
0 days 00:42:01.654000,25.2,40.0,783.2,False,47.3,77,0.5,2022,20,FP1
0 days 00:43:01.655000,25.2,40.0,783.0,False,47.3,66,1.1,2022,20,FP1
0 days 00:44:01.656000,25.4,39.0,783.2,False,47.3,82,1.1,2022,20,FP1
0 days 00:45:01.666000,25.4,40.0,783.0,False,47.5,78,1.2,2022,20,FP1
0 days 00:46:01.654000,25.6,40.0,783.0,False,47.5,60,1.2,2022,20,FP1
0 days 00:47:01.864000,25.6,40.0,783.0,False,47.3,170,1.1,2022,20,FP1
0 days 00:48:01.664000,25.6,39.0,783.0,False,48.3,288,0.4,2022,20,FP1
0 days 00:49:01.656000,25.9,38.0,783.0,False,48.4,297,1.3,2022,20,FP1
0 days 00:50:01.687000,25.9,39.0,783.0,False,48.4,329,1.6,2022,20,FP1
0 days 00:51:01.654000,25.9,39.0,782.9,False,48.4,300,2.7,2022,20,FP1
0 days 00:52:01.664000,26.0,40.0,783.0,False,48.5,242,2.9,2022,20,FP1
0 days 00:53:01.690000,26.1,40.0,783.0,False,48.5,242,2.9,2022,20,FP1
0 days 00:54:01.702000,25.9,40.0,783.0,False,48.5,242,2.9,2022,20,FP1
0 days 00:55:01.705000,25.8,40.0,783.0,False,48.5,242,2.9,2022,20,FP1
0 days 00:56:01.717000,25.9,40.0,783.0,False,48.5,242,2.9,2022,20,FP1
0 days 00:57:01.721000,25.8,40.0,783.0,False,48.5,242,2.9,2022,20,FP1
0 days 00:58:01.718000,25.5,40.0,783.0,False,48.5,242,2.9,2022,20,FP1
0 days 00:59:01.735000,25.5,40.0,783.0,False,48.5,242,2.9,2022,20,FP1
0 days 01:00:01.736000,25.4,40.0,783.0,False,48.5,242,2.9,2022,20,FP1
0 days 01:01:01.766000,25.2,40.0,783.0,False,48.5,242,2.9,2022,20,FP1
0 days 01:02:01.816000,25.1,40.0,783.0,False,48.5,242,2.9,2022,20,FP1
0 days 01:03:01.766000,25.0,40.0,783.0,False,48.5,242,2.9,2022,20,FP1
0 days 01:04:01.781000,25.2,40.0,783.0,False,48.5,242,2.9,2022,20,FP1
0 days 01:05:01.782000,25.5,40.0,783.0,False,48.5,242,2.9,2022,20,FP1
0 days 01:06:01.782000,25.5,40.0,783.0,False,48.5,242,2.9,2022,20,FP1
0 days 01:07:01.784000,25.6,40.0,783.0,False,48.5,242,2.9,2022,20,FP1
0 days 01:08:01.779000,25.9,40.0,783.0,False,48.5,242,2.9,2022,20,FP1
0 days 01:09:01.794000,26.0,40.0,783.0,False,48.5,242,2.9,2022,20,FP1
0 days 01:10:01.789000,26.1,40.0,783.0,False,48.5,242,2.9,2022,20,FP1
0 days 01:11:01.797000,26.2,40.0,783.0,False,48.5,242,2.9,2022,20,FP1
0 days 01:12:01.812000,26.4,40.0,783.0,False,48.5,242,2.9,2022,20,FP1
0 days 01:13:01.831000,26.3,39.0,782.5,False,0.0,296,1.2,2022,20,FP1
0 days 00:00:50.245000,24.4,67.0,925.7,False,46.2,198,1.3,2022,21,FP1
0 days 00:01:50.242000,24.2,68.0,925.7,False,45.0,171,1.6,2022,21,FP1
0 days 00:02:50.250000,24.2,68.0,925.7,False,45.0,150,1.3,2022,21,FP1
0 days 00:03:50.266000,24.1,68.0,925.7,False,45.4,162,1.7,2022,21,FP1
0 days 00:04:50.261000,24.0,68.0,925.7,False,45.4,205,1.2,2022,21,FP1
0 days 00:05:50.273000,24.1,68.0,925.7,False,45.3,113,1.0,2022,21,FP1
0 days 00:06:50.263000,24.1,68.0,925.7,False,45.3,0,1.3,2022,21,FP1
0 days 00:07:50.258000,24.2,67.0,925.7,False,46.1,142,1.3,2022,21,FP1
0 days 00:08:50.266000,24.2,68.0,925.7,False,46.1,133,1.3,2022,21,FP1
0 days 00:09:50.263000,24.2,68.0,925.7,False,46.3,171,1.7,2022,21,FP1
0 days 00:10:50.263000,24.2,68.0,925.9,False,46.4,164,2.2,2022,21,FP1
0 days 00:11:50.275000,24.2,68.0,925.7,False,47.1,167,2.2,2022,21,FP1
0 days 00:12:50.263000,24.3,68.0,925.7,False,46.9,166,1.2,2022,21,FP1
0 days 00:13:50.268000,24.3,68.0,925.7,False,46.9,166,1.2,2022,21,FP1
0 days 00:14:50.268000,24.2,68.0,925.7,False,47.0,155,2.0,2022,21,FP1
0 days 00:15:50.272000,24.2,69.0,925.7,False,47.3,172,1.6,2022,21,FP1
0 days 00:16:50.263000,24.3,69.0,925.7,False,48.4,158,1.1,2022,21,FP1
0 days 00:17:50.278000,24.2,68.0,925.7,False,49.4,168,1.2,2022,21,FP1
0 days 00:18:50.338000,24.3,68.0,925.7,False,49.7,156,1.6,2022,21,FP1
0 days 00:19:50.295000,24.3,68.0,925.7,False,49.7,130,2.2,2022,21,FP1
0 days 00:20:50.279000,24.1,69.0,925.7,False,48.9,132,1.6,2022,21,FP1
0 days 00:21:50.284000,23.9,69.0,925.7,False,48.9,163,1.7,2022,21,FP1
0 days 00:22:50.289000,24.0,69.0,925.5,False,49.2,170,1.6,2022,21,FP1
0 days 00:23:50.289000,24.1,68.0,925.7,False,49.9,160,2.0,2022,21,FP1
0 days 00:24:50.309000,24.2,69.0,925.5,False,50.1,148,1.7,2022,21,FP1
0 days 00:25:50.290000,24.2,69.0,925.7,False,49.8,156,1.6,2022,21,FP1
0 days 00:26:50.321000,24.2,69.0,925.7,False,49.7,123,2.2,2022,21,FP1
0 days 00:27:50.286000,24.1,69.0,925.7,False,49.4,165,1.7,2022,21,FP1
0 days 00:28:50.299000,24.1,69.0,925.7,False,48.4,161,1.7,2022,21,FP1
0 days 00:29:50.307000,24.0,69.0,925.5,False,48.4,140,1.7,2022,21,FP1
0 days 00:30:50.329000,23.9,69.0,925.7,False,48.4,121,1.7,2022,21,FP1
0 days 00:31:50.290000,23.9,69.0,925.5,False,49.1,173,1.7,2022,21,FP1
0 days 00:32:50.284000,24.0,70.0,925.5,False,49.1,153,1.2,2022,21,FP1
0 days 00:33:50.312000,24.0,70.0,925.7,False,49.0,154,1.5,2022,21,FP1
0 days 00:34:50.315000,23.9,69.0,925.5,False,49.5,164,2.0,2022,21,FP1
0 days 00:35:50.296000,23.8,69.0,925.7,False,49.5,155,1.7,2022,21,FP1
0 days 00:36:50.293000,23.9,70.0,925.5,False,49.5,156,1.7,2022,21,FP1
0 days 00:37:50.292000,23.9,69.0,925.5,False,49.5,155,1.2,2022,21,FP1
0 days 00:38:50.306000,23.8,70.0,925.5,False,49.4,162,2.0,2022,21,FP1
0 days 00:39:50.320000,23.7,70.0,925.5,False,48.8,153,1.8,2022,21,FP1
0 days 00:40:50.304000,23.6,70.0,925.5,False,48.6,192,1.8,2022,21,FP1
0 days 00:41:50.310000,23.4,70.0,925.5,False,48.6,155,1.7,2022,21,FP1
0 days 00:42:50.333000,23.4,70.0,925.5,False,49.0,153,1.7,2022,21,FP1
0 days 00:43:50.339000,23.3,70.0,925.5,False,49.2,148,1.7,2022,21,FP1
0 days 00:44:50.338000,23.4,71.0,925.5,False,49.7,134,1.8,2022,21,FP1
0 days 00:45:50.357000,23.6,70.0,925.4,False,49.9,142,1.7,2022,21,FP1
0 days 00:46:50.299000,23.6,71.0,925.5,False,49.9,172,1.7,2022,21,FP1
0 days 00:47:50.283000,23.4,71.0,925.4,False,50.8,186,1.7,2022,21,FP1
0 days 00:48:50.287000,23.4,70.0,925.4,False,50.6,150,1.7,2022,21,FP1
0 days 00:49:50.284000,23.3,71.0,925.4,False,50.6,150,2.0,2022,21,FP1
0 days 00:50:50.285000,23.3,70.0,925.2,False,50.6,160,1.8,2022,21,FP1
0 days 00:51:50.281000,23.4,71.0,925.4,False,51.2,171,1.7,2022,21,FP1
0 days 00:52:50.281000,23.4,70.0,925.2,False,51.5,165,2.4,2022,21,FP1
0 days 00:53:50.292000,23.5,71.0,925.4,False,51.5,180,2.5,2022,21,FP1
0 days 00:54:50.280000,23.4,70.0,925.2,False,51.6,144,2.2,2022,21,FP1
0 days 00:55:50.287000,23.3,70.0,925.4,False,51.6,151,2.7,2022,21,FP1
0 days 00:56:50.293000,23.3,71.0,925.5,False,51.4,139,2.2,2022,21,FP1
0 days 00:57:50.284000,23.4,71.0,925.5,False,50.5,167,2.0,2022,21,FP1
0 days 00:58:50.282000,23.4,71.0,925.4,False,50.5,150,2.2,2022,21,FP1
0 days 00:59:50.289000,23.4,71.0,925.2,False,50.4,156,2.0,2022,21,FP1
0 days 01:00:50.280000,23.3,72.0,925.2,False,49.8,162,2.0,2022,21,FP1
0 days 01:01:50.283000,23.3,72.0,925.2,False,49.2,149,1.3,2022,21,FP1
0 days 01:02:50.282000,23.2,71.0,925.2,False,49.4,149,1.5,2022,21,FP1
0 days 01:03:50.282000,23.1,72.0,925.2,False,49.4,145,2.2,2022,21,FP1
0 days 01:04:50.295000,23.2,72.0,925.2,False,48.0,198,1.3,2022,21,FP1
0 days 01:05:50.283000,23.2,72.0,925.2,False,47.8,158,1.1,2022,21,FP1
0 days 01:06:50.289000,23.2,72.0,925.2,False,47.6,154,1.3,2022,21,FP1
0 days 01:07:50.286000,23.2,72.0,925.2,False,47.6,161,1.8,2022,21,FP1
0 days 01:08:50.290000,23.0,72.0,925.2,False,47.5,156,1.7,2022,21,FP1
0 days 01:09:50.288000,23.0,72.0,925.0,False,47.2,96,0.8,2022,21,FP1
0 days 01:10:50.288000,23.1,72.0,925.0,False,47.1,173,1.5,2022,21,FP1
0 days 01:11:50.293000,23.1,72.0,925.0,False,47.1,168,2.0,2022,21,FP1
0 days 01:12:50.285000,23.1,73.0,925.0,False,47.0,170,1.2,2022,21,FP1
0 days 01:13:50.286000,23.0,73.0,925.0,False,46.8,145,1.7,2022,21,FP1
0 days 01:14:50.283000,23.0,73.0,925.0,False,45.7,180,2.0,2022,21,FP1
0 days 01:15:50.293000,22.8,74.0,925.0,False,45.5,169,2.7,2022,21,FP1
0 days 01:16:50.284000,22.5,75.0,925.0,False,44.4,142,3.0,2022,21,FP1
0 days 01:17:50.291000,22.3,76.0,924.9,False,44.4,166,2.5,2022,21,FP1
0 days 01:18:50.282000,22.3,77.0,925.0,False,44.9,136,1.8,2022,21,FP1
0 days 01:19:50.294000,22.2,77.0,925.0,False,45.0,166,1.8,2022,21,FP1
0 days 01:20:50.282000,22.2,77.0,925.0,False,44.6,179,1.3,2022,21,FP1
0 days 00:00:16.967000,33.9,31.0,1013.2,False,45.7,332,1.5,2022,22,FP1
0 days 00:01:16.952000,33.8,30.0,1013.2,False,45.7,250,1.1,2022,22,FP1
0 days 00:02:16.961000,33.8,31.0,1013.2,False,46.4,358,1.3,2022,22,FP1
0 days 00:03:16.959000,33.8,30.0,1013.2,False,46.6,324,1.7,2022,22,FP1
0 days 00:04:16.961000,33.7,29.0,1013.2,False,47.0,303,2.0,2022,22,FP1
0 days 00:05:17.006000,33.6,28.0,1013.2,False,47.1,326,1.7,2022,22,FP1
0 days 00:06:16.963000,33.6,28.0,1013.2,False,47.1,272,1.5,2022,22,FP1
0 days 00:07:16.960000,33.7,28.0,1013.2,False,46.8,264,1.7,2022,22,FP1
0 days 00:08:16.965000,33.7,28.0,1013.2,False,46.6,294,2.2,2022,22,FP1
0 days 00:09:16.961000,33.8,28.0,1013.2,False,46.7,312,1.7,2022,22,FP1
0 days 00:10:16.973000,33.7,27.0,1013.2,False,47.0,286,2.0,2022,22,FP1
0 days 00:11:16.978000,33.8,27.0,1013.2,False,47.3,316,1.7,2022,22,FP1
0 days 00:12:16.993000,33.8,27.0,1013.2,False,47.5,303,1.3,2022,22,FP1
0 days 00:13:16.995000,33.9,26.0,1013.2,False,47.5,299,1.2,2022,22,FP1
0 days 00:14:17.007000,33.9,25.0,1013.2,False,47.7,289,1.8,2022,22,FP1
0 days 00:15:17.007000,33.9,26.0,1013.2,False,47.5,295,2.2,2022,22,FP1
0 days 00:16:17.010000,33.9,27.0,1013.0,False,47.4,279,1.8,2022,22,FP1
0 days 00:17:17.009000,34.0,26.0,1013.0,False,47.3,284,2.0,2022,22,FP1
0 days 00:18:17.008000,34.0,24.0,1013.0,False,47.3,279,2.0,2022,22,FP1
0 days 00:19:17.028000,34.1,24.0,1013.0,False,47.1,282,1.6,2022,22,FP1
0 days 00:20:17.046000,34.1,24.0,1013.0,False,46.7,306,2.2,2022,22,FP1
0 days 00:21:17.031000,34.3,24.0,1013.0,False,46.7,310,2.0,2022,22,FP1
0 days 00:22:17.055000,34.3,24.0,1013.0,False,47.4,294,1.8,2022,22,FP1
0 days 00:23:17.060000,34.2,24.0,1013.2,False,47.4,317,2.0,2022,22,FP1
0 days 00:24:17.054000,34.1,25.0,1013.0,False,47.7,292,1.3,2022,22,FP1
0 days 00:25:17.082000,34.1,25.0,1013.0,False,47.7,289,1.7,2022,22,FP1
0 days 00:26:17.090000,34.1,24.0,1013.0,False,47.3,309,2.2,2022,22,FP1
0 days 00:27:17.089000,34.2,25.0,1013.0,False,47.3,310,2.0,2022,22,FP1
0 days 00:28:17.085000,34.1,25.0,1013.0,False,46.9,271,1.5,2022,22,FP1
0 days 00:29:17.093000,34.0,25.0,1013.0,False,46.7,295,1.7,2022,22,FP1
0 days 00:30:17.089000,34.0,25.0,1013.0,False,46.2,281,1.8,2022,22,FP1
0 days 00:31:17.088000,34.0,25.0,1013.0,False,45.9,302,2.0,2022,22,FP1
0 days 00:32:17.085000,33.9,25.0,1013.0,False,45.5,292,1.7,2022,22,FP1
0 days 00:33:17.091000,33.8,25.0,1013.0,False,45.2,278,1.5,2022,22,FP1
0 days 00:34:17.129000,33.8,25.0,1013.0,False,45.4,274,1.6,2022,22,FP1
0 days 00:35:17.086000,33.8,25.0,1013.0,False,45.2,261,1.7,2022,22,FP1
0 days 00:36:17.086000,33.8,25.0,1013.0,False,44.9,271,2.0,2022,22,FP1
0 days 00:37:17.085000,33.8,25.0,1013.0,False,44.8,285,1.7,2022,22,FP1
0 days 00:38:17.089000,33.8,26.0,1013.0,False,44.5,268,1.6,2022,22,FP1
0 days 00:39:17.087000,33.8,25.0,1013.0,False,44.5,279,2.0,2022,22,FP1
0 days 00:40:17.094000,33.8,25.0,1013.0,False,45.2,261,2.0,2022,22,FP1
0 days 00:41:17.088000,33.9,26.0,1013.0,False,45.3,259,1.7,2022,22,FP1
0 days 00:42:17.085000,33.8,25.0,1013.0,False,45.5,292,1.7,2022,22,FP1
0 days 00:43:17.090000,33.9,26.0,1013.0,False,45.5,270,2.0,2022,22,FP1
0 days 00:44:17.088000,34.0,25.0,1013.0,False,45.5,280,1.8,2022,22,FP1
0 days 00:45:17.091000,34.0,26.0,1013.0,False,45.1,277,1.7,2022,22,FP1
0 days 00:46:17.089000,34.0,26.0,1013.0,False,45.1,255,1.6,2022,22,FP1
0 days 00:47:17.086000,34.1,26.0,1013.0,False,45.5,266,1.3,2022,22,FP1
0 days 00:48:17.090000,34.1,26.0,1013.0,False,45.4,280,1.6,2022,22,FP1
0 days 00:49:17.088000,34.1,25.0,1013.0,False,45.2,269,2.0,2022,22,FP1
0 days 00:50:17.087000,34.2,25.0,1012.9,False,45.1,269,1.8,2022,22,FP1
0 days 00:51:17.091000,34.2,27.0,1013.0,False,45.0,266,2.0,2022,22,FP1
0 days 00:52:17.088000,34.2,26.0,1013.0,False,45.1,260,2.2,2022,22,FP1
0 days 00:53:17.090000,34.1,26.0,1013.0,False,45.2,259,1.8,2022,22,FP1
0 days 00:54:17.087000,34.2,26.0,1012.9,False,45.2,265,1.7,2022,22,FP1
0 days 00:55:17.095000,34.1,26.0,1012.9,False,45.0,274,1.8,2022,22,FP1
0 days 00:56:17.096000,34.2,26.0,1013.0,False,45.0,283,1.7,2022,22,FP1
0 days 00:57:17.089000,34.1,27.0,1012.9,False,44.7,262,1.8,2022,22,FP1
0 days 00:58:17.091000,34.0,27.0,1012.9,False,44.7,273,0.8,2022,22,FP1
0 days 00:59:17.086000,34.2,25.0,1013.0,False,44.7,286,2.0,2022,22,FP1
0 days 01:00:17.090000,34.2,25.0,1012.9,False,45.1,269,1.8,2022,22,FP1
0 days 01:01:17.089000,34.3,26.0,1012.9,False,45.2,297,1.7,2022,22,FP1
0 days 01:02:17.092000,34.2,25.0,1012.9,False,44.8,314,2.2,2022,22,FP1
0 days 01:03:17.088000,34.1,24.0,1013.0,False,44.8,297,1.7,2022,22,FP1
0 days 01:04:17.086000,34.1,26.0,1012.9,False,45.8,275,1.7,2022,22,FP1
0 days 01:05:17.088000,34.2,24.0,1012.9,False,45.7,294,1.7,2022,22,FP1
0 days 01:06:17.089000,34.3,24.0,1012.9,False,45.7,314,2.0,2022,22,FP1
0 days 01:07:17.088000,34.2,25.0,1012.9,False,45.7,310,2.0,2022,22,FP1
0 days 01:08:17.086000,34.2,25.0,1013.0,False,45.6,290,2.0,2022,22,FP1
0 days 01:09:17.088000,34.1,25.0,1012.9,False,45.6,281,1.7,2022,22,FP1
0 days 01:10:17.088000,34.2,24.0,1013.0,False,45.5,301,1.5,2022,22,FP1
0 days 01:11:17.099000,34.2,24.0,1013.0,False,45.7,298,1.5,2022,22,FP1
0 days 01:12:17.101000,34.2,24.0,1012.9,False,45.7,328,2.0,2022,22,FP1
0 days 01:13:17.096000,34.2,24.0,1012.9,False,45.4,297,1.8,2022,22,FP1
0 days 01:14:17.087000,34.2,24.0,1013.0,False,45.4,300,1.2,2022,22,FP1
0 days 01:15:17.087000,34.2,24.0,1012.9,False,45.4,301,2.0,2022,22,FP1
0 days 01:16:17.093000,34.1,25.0,1012.9,False,45.5,264,1.7,2022,22,FP1
0 days 01:17:17.090000,34.1,24.0,1012.9,False,45.3,266,1.7,2022,22,FP1
0 days 01:18:17.088000,34.1,23.0,1012.9,False,44.8,265,1.7,2022,22,FP1
0 days 01:19:17.087000,34.1,23.0,1012.9,False,44.7,277,2.0,2022,22,FP1
0 days 01:20:17.089000,34.1,24.0,1012.9,False,44.8,271,1.7,2022,22,FP1
0 days 01:21:17.093000,34.1,24.0,1012.9,False,44.8,272,1.7,2022,22,FP1
0 days 00:00:33.860000,27.5,11.0,1017.4,False,42.7,336,3.2,2023,1,FP1
0 days 00:01:33.859000,27.5,11.0,1017.2,False,42.6,345,2.7,2023,1,FP1
0 days 00:02:33.873000,27.6,12.0,1017.4,False,42.6,340,2.7,2023,1,FP1
0 days 00:03:33.888000,27.6,12.0,1017.2,False,42.4,342,2.7,2023,1,FP1
0 days 00:04:33.887000,27.6,12.0,1017.4,False,42.4,341,3.4,2023,1,FP1
0 days 00:05:33.886000,27.4,12.0,1017.4,False,42.4,339,3.4,2023,1,FP1
0 days 00:06:33.885000,27.4,12.0,1017.4,False,42.2,350,3.2,2023,1,FP1
0 days 00:07:33.884000,27.3,12.0,1017.2,False,42.2,359,3.4,2023,1,FP1
0 days 00:08:33.898000,27.2,11.0,1017.5,False,42.2,352,3.5,2023,1,FP1
0 days 00:09:33.913000,27.2,11.0,1017.2,False,42.1,335,3.2,2023,1,FP1
0 days 00:10:33.912000,27.3,11.0,1017.4,False,41.9,331,3.0,2023,1,FP1
0 days 00:11:33.926000,27.3,12.0,1017.2,False,41.9,9,2.9,2023,1,FP1
0 days 00:12:33.925000,27.3,12.0,1017.2,False,41.8,350,2.2,2023,1,FP1
0 days 00:13:33.924000,27.3,12.0,1017.4,False,42.0,346,2.5,2023,1,FP1
0 days 00:14:33.954000,27.4,12.0,1017.2,False,42.0,347,2.7,2023,1,FP1
0 days 00:15:33.937000,27.4,11.0,1017.4,False,41.9,349,2.5,2023,1,FP1
0 days 00:16:33.968000,27.4,11.0,1017.2,False,41.8,341,2.4,2023,1,FP1
0 days 00:17:33.982000,27.3,11.0,1017.2,False,41.8,351,3.5,2023,1,FP1
0 days 00:18:33.981000,27.3,11.0,1017.4,False,41.8,350,2.9,2023,1,FP1
0 days 00:19:33.980000,27.3,11.0,1017.2,False,41.7,350,2.5,2023,1,FP1
0 days 00:20:33.979000,27.4,11.0,1017.2,False,41.6,352,2.7,2023,1,FP1
0 days 00:21:33.978000,27.4,12.0,1017.2,False,41.4,353,2.9,2023,1,FP1
0 days 00:22:33.992000,27.3,12.0,1017.4,False,41.4,345,2.2,2023,1,FP1
0 days 00:23:33.991000,27.3,12.0,1017.4,False,41.2,354,2.2,2023,1,FP1
0 days 00:24:34.006000,27.3,12.0,1017.2,False,41.4,349,2.2,2023,1,FP1
0 days 00:25:34.020000,27.3,12.0,1017.2,False,41.3,345,3.2,2023,1,FP1
0 days 00:26:34.004000,27.3,12.0,1017.4,False,41.3,351,2.5,2023,1,FP1
0 days 00:27:34.003000,27.1,12.0,1017.4,False,41.2,338,2.5,2023,1,FP1
0 days 00:28:34.002000,27.2,12.0,1017.4,False,41.1,334,2.7,2023,1,FP1
0 days 00:29:34.016000,27.0,12.0,1017.2,False,41.1,10,2.2,2023,1,FP1
0 days 00:30:34.031000,27.2,12.0,1017.4,False,41.1,0,2.0,2023,1,FP1
0 days 00:31:34.045000,27.3,12.0,1017.4,False,41.1,341,2.5,2023,1,FP1
0 days 00:32:34.044000,27.3,13.0,1017.4,False,41.1,355,2.4,2023,1,FP1
0 days 00:33:34.043000,27.2,13.0,1017.4,False,41.0,342,2.5,2023,1,FP1
0 days 00:34:34.042000,27.0,13.0,1017.2,False,40.9,0,2.4,2023,1,FP1
0 days 00:35:34.056000,27.0,13.0,1017.4,False,40.9,342,2.0,2023,1,FP1
0 days 00:36:34.055000,27.1,12.0,1017.2,False,41.0,339,2.2,2023,1,FP1
0 days 00:37:34.070000,27.1,12.0,1017.2,False,41.0,338,2.2,2023,1,FP1
0 days 00:38:34.069000,27.0,12.0,1017.2,False,41.0,9,2.9,2023,1,FP1
0 days 00:39:34.068000,27.1,13.0,1017.2,False,40.9,339,2.5,2023,1,FP1
0 days 00:40:34.067000,27.1,13.0,1017.2,False,40.8,344,3.5,2023,1,FP1
0 days 00:41:34.066000,27.3,13.0,1017.2,False,40.5,349,3.0,2023,1,FP1
0 days 00:42:34.064000,27.1,13.0,1017.2,False,40.4,357,3.4,2023,1,FP1
0 days 00:43:34.063000,27.1,13.0,1017.4,False,40.4,359,2.7,2023,1,FP1
0 days 00:44:34.078000,27.0,13.0,1017.2,False,40.3,21,2.5,2023,1,FP1
0 days 00:45:34.077000,27.0,13.0,1017.2,False,40.3,2,2.2,2023,1,FP1
0 days 00:46:34.076000,27.0,13.0,1017.2,False,40.3,347,2.2,2023,1,FP1
0 days 00:47:34.075000,27.0,13.0,1017.2,False,40.4,351,1.8,2023,1,FP1
0 days 00:48:34.089000,27.0,13.0,1017.2,False,40.3,333,2.4,2023,1,FP1
0 days 00:49:34.072000,26.9,13.0,1017.2,False,40.1,340,3.4,2023,1,FP1
0 days 00:50:34.071000,26.9,14.0,1017.2,False,39.9,349,2.2,2023,1,FP1
0 days 00:51:34.070000,27.0,14.0,1017.4,False,39.9,10,1.7,2023,1,FP1
0 days 00:52:34.069000,26.9,14.0,1017.4,False,40.1,359,2.5,2023,1,FP1
0 days 00:53:34.068000,26.9,13.0,1017.2,False,40.0,343,3.5,2023,1,FP1
0 days 00:54:34.067000,26.8,13.0,1017.4,False,39.9,343,2.4,2023,1,FP1
0 days 00:55:34.066000,26.8,12.0,1017.5,False,39.8,351,2.4,2023,1,FP1
0 days 00:56:34.081000,26.7,12.0,1017.2,False,39.9,340,2.2,2023,1,FP1
0 days 00:57:34.079000,26.7,12.0,1017.2,False,39.9,340,3.0,2023,1,FP1
0 days 00:58:34.078000,26.7,12.0,1017.2,False,39.9,340,3.0,2023,1,FP1
0 days 00:59:34.077000,26.8,12.0,1017.2,False,39.9,340,3.0,2023,1,FP1
0 days 01:00:34.076000,26.6,12.0,1017.2,False,39.9,340,3.0,2023,1,FP1
0 days 01:01:34.075000,26.6,12.0,1017.2,False,39.9,340,3.0,2023,1,FP1
0 days 01:02:34.074000,26.7,12.0,1017.4,False,39.3,344,2.2,2023,1,FP1
0 days 01:03:34.073000,26.6,12.0,1017.4,False,39.3,349,2.7,2023,1,FP1
0 days 01:04:34.072000,26.6,12.0,1017.4,False,39.2,338,1.8,2023,1,FP1
0 days 01:05:34.071000,26.6,12.0,1017.4,False,39.2,331,2.0,2023,1,FP1
0 days 01:06:34.085000,26.7,12.0,1017.4,False,39.3,345,1.7,2023,1,FP1
0 days 01:07:34.069000,26.7,11.0,1017.4,False,39.3,349,1.8,2023,1,FP1
0 days 01:08:34.068000,26.7,12.0,1017.4,False,39.2,341,2.7,2023,1,FP1
0 days 01:09:34.082000,26.7,12.0,1017.4,False,38.9,0,2.2,2023,1,FP1
0 days 01:10:34.081000,26.6,12.0,1017.2,False,38.9,3,2.2,2023,1,FP1
0 days 01:11:34.080000,26.5,12.0,1017.4,False,38.9,344,2.0,2023,1,FP1
0 days 01:12:34.079000,26.6,12.0,1017.4,False,38.9,345,2.4,2023,1,FP1
0 days 01:13:34.078000,26.6,12.0,1017.4,False,38.8,344,2.2,2023,1,FP1
0 days 01:14:34.092000,26.5,12.0,1017.5,False,38.7,341,2.0,2023,1,FP1
0 days 01:15:34.076000,26.5,12.0,1017.4,False,38.6,328,2.0,2023,1,FP1
0 days 01:16:34.090000,26.5,13.0,1017.4,False,38.5,335,1.7,2023,1,FP1
0 days 01:17:34.073000,26.5,13.0,1017.4,False,38.4,351,2.4,2023,1,FP1
0 days 01:18:34.072000,26.5,13.0,1017.5,False,38.4,338,2.5,2023,1,FP1
0 days 01:19:34.071000,26.4,13.0,1017.4,False,38.4,340,2.5,2023,1,FP1
0 days 01:20:34.070000,26.3,14.0,1017.5,False,38.3,348,3.2,2023,1,FP1
0 days 01:21:34.069000,26.3,14.0,1017.2,False,38.0,346,2.9,2023,1,FP1
0 days 01:22:34.084000,26.3,14.0,1017.4,False,37.8,350,2.7,2023,1,FP1
0 days 01:23:34.067000,26.3,13.0,1017.5,False,38.0,1,2.5,2023,1,FP1
0 days 00:00:50.372000,26.8,54.0,1008.9,False,45.5,340,2.7,2023,2,FP1
0 days 00:01:50.371000,26.7,54.0,1008.9,False,45.5,321,3.2,2023,2,FP1
0 days 00:02:50.370000,26.8,52.0,1008.7,False,45.5,323,3.0,2023,2,FP1
0 days 00:03:50.369000,26.8,51.0,1008.7,False,45.5,341,3.0,2023,2,FP1
0 days 00:04:50.384000,26.8,53.0,1008.9,False,45.5,335,3.5,2023,2,FP1
0 days 00:05:50.383000,26.9,53.0,1008.9,False,45.5,335,3.5,2023,2,FP1
0 days 00:06:50.381000,26.8,54.0,1008.9,False,45.5,335,3.0,2023,2,FP1
0 days 00:07:50.380000,26.8,54.0,1008.9,False,45.5,330,2.5,2023,2,FP1
0 days 00:08:50.379000,26.7,54.0,1008.9,False,45.5,324,3.7,2023,2,FP1
0 days 00:09:50.378000,26.7,54.0,1008.9,False,45.5,332,3.9,2023,2,FP1
0 days 00:10:50.377000,26.6,55.0,1008.9,False,45.5,334,3.4,2023,2,FP1
0 days 00:11:50.376000,26.7,55.0,1008.9,False,45.5,337,2.9,2023,2,FP1
0 days 00:12:50.391000,26.8,54.0,1008.9,False,45.5,328,3.2,2023,2,FP1
0 days 00:13:50.374000,26.7,54.0,1008.7,False,45.5,333,3.7,2023,2,FP1
0 days 00:14:50.373000,26.7,53.0,1008.7,False,45.5,334,3.7,2023,2,FP1
0 days 00:15:50.372000,26.7,54.0,1008.7,False,45.5,326,3.2,2023,2,FP1
0 days 00:16:50.371000,26.7,54.0,1008.9,False,44.0,329,3.0,2023,2,FP1
0 days 00:17:50.370000,26.6,55.0,1008.9,False,44.0,337,3.2,2023,2,FP1
0 days 00:18:50.384000,26.7,54.0,1008.9,False,44.0,320,4.0,2023,2,FP1
0 days 00:19:50.617000,26.6,54.0,1008.9,False,44.0,342,3.0,2023,2,FP1
0 days 00:20:50.382000,26.7,54.0,1008.9,False,44.0,335,2.5,2023,2,FP1
0 days 00:21:50.381000,26.7,52.0,1008.9,False,44.0,340,3.0,2023,2,FP1
0 days 00:22:50.802000,26.7,51.0,1008.9,False,44.0,339,2.9,2023,2,FP1
0 days 00:23:50.379000,26.8,52.0,1008.9,False,44.0,327,2.5,2023,2,FP1
0 days 00:24:50.378000,26.9,51.0,1008.7,False,44.0,327,3.2,2023,2,FP1
0 days 00:25:50.377000,26.9,49.0,1008.9,False,44.0,340,3.5,2023,2,FP1
0 days 00:26:50.376000,26.9,51.0,1008.9,False,44.0,326,2.7,2023,2,FP1
0 days 00:27:50.421000,26.9,52.0,1008.7,False,44.0,321,3.4,2023,2,FP1
0 days 00:28:50.373000,26.8,50.0,1008.9,False,44.0,330,3.2,2023,2,FP1
0 days 00:29:50.372000,26.8,50.0,1008.9,False,44.0,342,2.7,2023,2,FP1
0 days 00:30:50.371000,26.9,51.0,1009.0,False,44.0,329,2.9,2023,2,FP1
0 days 00:31:50.370000,26.9,50.0,1009.0,False,44.0,333,1.8,2023,2,FP1
0 days 00:32:50.385000,27.0,51.0,1008.9,False,44.0,327,3.0,2023,2,FP1
0 days 00:33:50.384000,26.9,53.0,1008.9,False,44.0,337,2.2,2023,2,FP1
0 days 00:34:50.382000,26.8,54.0,1008.9,False,44.0,333,3.4,2023,2,FP1
0 days 00:35:50.397000,26.8,55.0,1009.0,False,44.0,326,3.0,2023,2,FP1
0 days 00:36:50.380000,26.9,55.0,1009.0,False,44.0,338,2.5,2023,2,FP1
0 days 00:37:50.379000,26.8,54.0,1008.9,False,42.5,332,4.3,2023,2,FP1
0 days 00:38:50.378000,26.7,55.0,1009.0,False,42.5,332,3.9,2023,2,FP1
0 days 00:39:50.377000,26.6,54.0,1009.0,False,42.5,336,4.8,2023,2,FP1
0 days 00:40:50.376000,26.6,56.0,1008.9,False,42.5,318,2.2,2023,2,FP1
0 days 00:41:50.375000,26.7,56.0,1009.0,False,42.5,339,2.7,2023,2,FP1
0 days 00:42:50.374000,26.6,55.0,1009.0,False,42.5,342,2.9,2023,2,FP1
0 days 00:43:50.373000,26.7,55.0,1009.0,False,42.5,331,2.5,2023,2,FP1
0 days 00:44:50.372000,26.7,55.0,1009.0,False,42.5,332,4.0,2023,2,FP1
0 days 00:45:50.371000,26.6,55.0,1009.0,False,42.5,335,5.1,2023,2,FP1
0 days 00:46:50.385000,26.6,56.0,1009.0,False,42.5,343,4.0,2023,2,FP1
0 days 00:47:50.400000,26.6,56.0,1009.0,False,42.5,342,2.5,2023,2,FP1
0 days 00:48:50.383000,26.6,56.0,1009.0,False,42.5,333,2.7,2023,2,FP1
0 days 00:49:50.382000,26.6,57.0,1009.0,False,42.5,328,4.3,2023,2,FP1
0 days 00:50:50.381000,26.6,56.0,1008.9,False,42.0,334,3.7,2023,2,FP1
0 days 00:51:50.395000,26.6,56.0,1008.9,False,42.0,327,3.7,2023,2,FP1
0 days 00:52:50.379000,26.6,56.0,1009.0,False,42.0,328,3.7,2023,2,FP1
0 days 00:53:50.378000,26.5,57.0,1009.0,False,42.0,334,3.5,2023,2,FP1
0 days 00:54:50.392000,26.5,55.0,1009.0,False,42.0,329,2.4,2023,2,FP1
0 days 00:55:50.375000,26.5,53.0,1009.0,False,42.0,327,3.7,2023,2,FP1
0 days 00:56:50.374000,26.6,54.0,1009.0,False,42.0,325,3.7,2023,2,FP1
0 days 00:57:50.374000,26.6,54.0,1009.0,False,42.0,341,3.5,2023,2,FP1
0 days 00:58:50.372000,26.6,54.0,1008.9,False,42.0,332,4.8,2023,2,FP1
0 days 00:59:50.387000,26.5,54.0,1009.0,False,41.0,336,4.8,2023,2,FP1
0 days 01:00:50.386000,26.5,54.0,1009.0,False,41.0,330,3.2,2023,2,FP1
0 days 01:01:50.385000,26.5,54.0,1009.0,False,41.0,332,2.9,2023,2,FP1
0 days 01:02:50.383000,26.6,54.0,1009.0,False,41.0,332,4.0,2023,2,FP1
0 days 01:03:50.382000,26.6,55.0,1009.0,False,41.0,335,3.2,2023,2,FP1
0 days 01:04:50.381000,26.5,56.0,1009.0,False,40.5,333,4.0,2023,2,FP1
0 days 01:05:50.380000,26.5,55.0,1009.0,False,40.5,331,3.7,2023,2,FP1
0 days 01:06:50.379000,26.5,55.0,1009.0,False,40.5,334,4.3,2023,2,FP1
0 days 01:07:50.378000,26.5,55.0,1009.0,False,40.5,344,2.7,2023,2,FP1
0 days 01:08:50.408000,26.5,55.0,1009.0,False,40.5,333,2.0,2023,2,FP1
0 days 01:09:50.376000,26.5,55.0,1009.0,False,40.5,331,1.8,2023,2,FP1
0 days 01:10:50.375000,26.6,55.0,1009.0,False,40.5,323,2.2,2023,2,FP1
0 days 01:11:50.374000,26.6,55.0,1009.0,False,40.5,333,2.5,2023,2,FP1
0 days 01:12:50.373000,26.5,55.0,1009.0,False,40.0,356,2.7,2023,2,FP1
0 days 01:13:50.403000,26.5,56.0,1009.0,False,40.0,325,2.7,2023,2,FP1
0 days 01:14:50.386000,26.6,57.0,1009.0,False,40.0,358,2.4,2023,2,FP1
0 days 01:15:50.385000,26.5,57.0,1009.0,False,40.0,330,3.2,2023,2,FP1
0 days 01:16:50.400000,26.5,57.0,1009.0,False,40.0,337,4.0,2023,2,FP1
0 days 01:17:50.399000,26.6,57.0,1009.0,False,40.0,333,3.7,2023,2,FP1
0 days 01:18:50.413000,26.5,58.0,1009.0,False,40.0,341,3.7,2023,2,FP1
0 days 01:19:50.428000,26.5,58.0,1009.0,False,40.0,341,3.7,2023,2,FP1
0 days 01:20:50.427000,26.4,58.0,1009.0,False,40.0,328,3.7,2023,2,FP1
0 days 01:21:50.441000,26.4,58.0,1009.0,False,39.5,327,4.1,2023,2,FP1
0 days 00:00:07.218000,17.9,65.0,1012.5,False,31.0,125,1.0,2023,3,FP1
0 days 00:01:07.217000,17.9,63.0,1012.5,False,31.2,277,0.6,2023,3,FP1
0 days 00:02:07.232000,17.9,63.0,1012.5,False,31.2,0,0.4,2023,3,FP1
0 days 00:03:07.247000,17.9,62.0,1012.5,False,31.2,194,0.8,2023,3,FP1
0 days 00:04:07.262000,17.9,62.0,1012.5,False,31.1,115,1.1,2023,3,FP1
0 days 00:05:07.293000,17.8,63.0,1012.5,False,31.1,27,0.8,2023,3,FP1
0 days 00:06:07.292000,17.8,63.0,1012.7,False,30.9,0,0.8,2023,3,FP1
0 days 00:07:07.307000,17.7,63.0,1012.7,False,30.7,230,0.8,2023,3,FP1
0 days 00:08:07.306000,17.7,63.0,1012.5,False,29.9,178,1.6,2023,3,FP1
0 days 00:09:07.306000,17.8,64.0,1012.5,False,29.6,0,0.8,2023,3,FP1
0 days 00:10:07.305000,17.7,64.0,1012.7,False,29.6,217,1.0,2023,3,FP1
0 days 00:11:07.304000,17.7,64.0,1012.5,False,29.6,174,1.8,2023,3,FP1
0 days 00:12:07.335000,17.6,64.0,1012.7,False,29.6,263,1.1,2023,3,FP1
0 days 00:13:07.303000,17.6,64.0,1012.7,False,29.6,262,1.6,2023,3,FP1
0 days 00:14:07.302000,17.5,65.0,1012.7,False,29.4,181,1.0,2023,3,FP1
0 days 00:15:07.317000,17.6,65.0,1012.5,False,29.4,4,0.6,2023,3,FP1
0 days 00:16:07.317000,17.5,64.0,1012.5,False,30.0,223,1.2,2023,3,FP1
0 days 00:17:07.300000,17.6,64.0,1012.5,False,30.0,230,1.0,2023,3,FP1
0 days 00:18:07.300000,17.6,65.0,1012.5,False,29.9,117,1.8,2023,3,FP1
0 days 00:19:07.314000,17.6,65.0,1012.5,False,29.8,0,0.8,2023,3,FP1
0 days 00:20:07.329000,17.6,64.0,1012.5,False,29.8,153,0.3,2023,3,FP1
0 days 00:21:07.344000,17.6,64.0,1012.5,False,30.3,343,0.6,2023,3,FP1
0 days 00:22:07.328000,17.6,63.0,1012.5,False,29.9,170,0.8,2023,3,FP1
0 days 00:23:07.312000,17.7,63.0,1012.5,False,29.3,106,0.5,2023,3,FP1
0 days 00:24:07.327000,17.7,63.0,1012.5,False,29.3,190,0.6,2023,3,FP1
0 days 00:25:07.326000,17.7,63.0,1012.5,False,30.1,189,1.8,2023,3,FP1
0 days 00:26:07.325000,17.8,63.0,1012.5,False,30.6,245,1.5,2023,3,FP1
0 days 00:27:07.325000,17.9,62.0,1012.5,False,31.1,304,1.3,2023,3,FP1
0 days 00:28:07.324000,18.0,62.0,1012.5,False,31.4,200,0.6,2023,3,FP1
0 days 00:29:07.339000,17.9,63.0,1012.5,False,31.6,189,2.2,2023,3,FP1
0 days 00:30:07.323000,18.0,63.0,1012.5,False,31.5,234,1.0,2023,3,FP1
0 days 00:31:07.337000,18.1,62.0,1012.5,False,31.5,156,0.5,2023,3,FP1
0 days 00:32:07.321000,18.1,61.0,1012.5,False,32.9,204,1.1,2023,3,FP1
0 days 00:33:07.320000,18.2,61.0,1012.5,False,33.3,278,1.0,2023,3,FP1
0 days 00:34:07.320000,18.3,61.0,1012.5,False,33.3,261,1.7,2023,3,FP1
0 days 00:35:07.475000,18.3,61.0,1012.5,False,33.4,246,1.2,2023,3,FP1
0 days 00:36:07.334000,18.3,60.0,1012.5,False,33.5,200,1.5,2023,3,FP1
0 days 00:37:07.349000,18.2,61.0,1012.5,False,32.7,0,2.2,2023,3,FP1
0 days 00:38:07.333000,18.2,63.0,1012.5,False,32.7,284,0.6,2023,3,FP1
0 days 00:39:07.332000,18.2,62.0,1012.5,False,33.2,253,0.6,2023,3,FP1
0 days 00:40:07.394000,18.2,61.0,1012.5,False,33.8,245,2.0,2023,3,FP1
0 days 00:41:07.331000,18.3,61.0,1012.5,False,34.0,166,2.5,2023,3,FP1
0 days 00:42:07.345000,18.2,62.0,1012.5,False,33.6,265,2.0,2023,3,FP1
0 days 00:43:07.360000,18.2,63.0,1012.5,False,33.5,260,2.2,2023,3,FP1
0 days 00:44:07.375000,18.2,63.0,1012.5,False,33.5,189,1.8,2023,3,FP1
0 days 00:45:07.375000,18.3,63.0,1012.5,False,33.6,288,2.2,2023,3,FP1
0 days 00:58:42.990000,18.3,61.0,1012.2,False,33.8,259,0.8,2023,3,FP1
0 days 00:59:29.396000,18.5,60.0,1012.2,False,34.3,176,1.7,2023,3,FP1
0 days 01:00:29.411000,18.5,60.0,1012.5,False,34.3,301,1.3,2023,3,FP1
0 days 01:01:29.410000,18.5,61.0,1012.4,False,34.6,0,1.2,2023,3,FP1
0 days 01:02:29.425000,18.5,60.0,1012.4,False,34.6,0,1.0,2023,3,FP1
0 days 01:03:29.425000,18.6,59.0,1012.4,False,35.5,254,1.3,2023,3,FP1
0 days 01:04:29.424000,18.5,59.0,1012.4,False,35.5,322,2.2,2023,3,FP1
0 days 01:05:29.439000,18.5,59.0,1012.4,False,35.9,259,0.6,2023,3,FP1
0 days 01:06:29.454000,18.6,59.0,1012.4,False,36.1,141,0.4,2023,3,FP1
0 days 01:07:29.453000,18.8,58.0,1012.4,False,36.5,156,1.6,2023,3,FP1
0 days 01:08:29.468000,18.7,58.0,1012.2,False,36.7,168,0.8,2023,3,FP1
0 days 01:09:29.467000,18.7,58.0,1012.2,False,36.4,24,1.1,2023,3,FP1
0 days 01:10:29.482000,18.7,57.0,1012.4,False,36.0,0,0.6,2023,3,FP1
0 days 01:11:29.482000,18.6,57.0,1012.2,False,35.3,149,0.8,2023,3,FP1
0 days 01:12:29.481000,18.5,58.0,1012.2,False,35.5,292,0.6,2023,3,FP1
0 days 01:13:29.480000,18.7,57.0,1012.2,False,36.2,261,0.8,2023,3,FP1
0 days 00:01:01.265000,19.6,78.0,1013.0,False,43.0,249,0.6,2023,4,FP1
0 days 00:02:01.265000,19.6,77.0,1013.0,False,43.3,71,1.1,2023,4,FP1
0 days 00:03:01.264000,19.6,77.0,1013.2,False,43.2,227,0.8,2023,4,FP1
0 days 00:04:01.263000,19.6,77.0,1013.2,False,43.3,26,1.1,2023,4,FP1
0 days 00:05:01.278000,19.6,77.0,1013.0,False,43.3,288,1.8,2023,4,FP1
0 days 00:06:01.293000,19.8,78.0,1013.0,False,43.3,0,1.1,2023,4,FP1
0 days 00:07:01.292000,19.8,77.0,1013.0,False,43.5,314,0.8,2023,4,FP1
0 days 00:08:01.292000,19.9,77.0,1013.0,False,43.6,256,1.0,2023,4,FP1
0 days 00:09:01.307000,20.0,77.0,1013.0,False,43.9,293,1.3,2023,4,FP1
0 days 00:10:01.322000,20.0,77.0,1013.0,False,43.9,286,1.3,2023,4,FP1
0 days 00:11:01.337000,20.1,76.0,1013.0,False,44.1,277,0.6,2023,4,FP1
0 days 00:12:01.336000,20.1,75.0,1013.0,False,44.2,9,1.0,2023,4,FP1
0 days 00:13:01.335000,20.1,76.0,1013.0,False,44.2,266,1.3,2023,4,FP1
0 days 00:14:01.335000,20.1,76.0,1013.0,False,44.2,105,1.0,2023,4,FP1
0 days 00:15:01.350000,20.1,77.0,1013.0,False,44.4,266,0.8,2023,4,FP1
0 days 00:16:01.333000,20.1,77.0,1013.0,False,44.4,257,0.8,2023,4,FP1
0 days 00:17:01.333000,20.2,76.0,1013.0,False,44.6,87,1.6,2023,4,FP1
0 days 00:18:01.332000,20.3,77.0,1013.0,False,44.6,42,1.2,2023,4,FP1
0 days 00:19:01.331000,20.3,77.0,1013.0,False,44.7,291,1.0,2023,4,FP1
0 days 00:20:01.330000,20.4,76.0,1012.9,False,44.7,263,1.2,2023,4,FP1
0 days 00:21:01.330000,20.6,75.0,1012.9,False,44.6,276,0.6,2023,4,FP1
0 days 00:22:01.329000,20.9,76.0,1013.0,False,44.5,247,1.3,2023,4,FP1
0 days 00:23:01.328000,20.9,76.0,1013.0,False,44.4,245,1.8,2023,4,FP1
0 days 00:24:01.328000,20.9,76.0,1012.9,False,44.2,285,1.7,2023,4,FP1
0 days 00:25:01.327000,20.7,77.0,1012.9,False,44.6,255,1.5,2023,4,FP1
0 days 00:26:01.358000,20.7,78.0,1012.9,False,44.3,266,1.6,2023,4,FP1
0 days 00:27:01.357000,20.7,78.0,1012.9,False,44.3,270,1.3,2023,4,FP1
0 days 00:28:01.372000,20.8,77.0,1013.0,False,44.4,270,2.0,2023,4,FP1
0 days 00:29:01.387000,20.8,78.0,1012.9,False,44.2,260,1.6,2023,4,FP1
0 days 00:30:01.386000,20.8,78.0,1012.9,False,44.1,280,1.7,2023,4,FP1
0 days 00:31:01.386000,20.7,78.0,1012.9,False,44.4,294,1.6,2023,4,FP1
0 days 00:32:01.385000,20.8,78.0,1013.0,False,44.4,263,1.7,2023,4,FP1
0 days 00:33:01.384000,20.8,77.0,1012.7,False,44.4,194,0.8,2023,4,FP1
0 days 00:34:01.384000,20.6,77.0,1012.9,False,44.5,149,1.2,2023,4,FP1
0 days 00:35:01.398000,20.6,77.0,1012.9,False,44.4,0,1.3,2023,4,FP1
0 days 00:36:01.382000,20.6,78.0,1012.9,False,44.6,343,0.8,2023,4,FP1
0 days 00:37:01.397000,20.7,78.0,1012.9,False,44.7,162,1.3,2023,4,FP1
0 days 00:38:01.412000,20.6,77.0,1012.9,False,44.9,106,1.2,2023,4,FP1
0 days 00:39:01.427000,20.6,77.0,1012.7,False,44.8,340,0.8,2023,4,FP1
0 days 00:40:01.442000,20.9,77.0,1012.7,False,44.7,332,1.1,2023,4,FP1
0 days 00:41:01.426000,21.0,76.0,1012.9,False,44.7,283,1.5,2023,4,FP1
0 days 00:42:01.441000,20.9,77.0,1012.9,False,45.1,151,1.2,2023,4,FP1
0 days 00:43:01.440000,20.8,77.0,1012.7,False,45.2,24,1.1,2023,4,FP1
0 days 00:44:01.486000,20.8,76.0,1012.7,False,45.2,325,1.2,2023,4,FP1
0 days 00:45:01.454000,20.8,76.0,1012.7,False,45.4,352,1.1,2023,4,FP1
0 days 00:46:01.453000,20.8,76.0,1012.9,False,45.4,317,0.6,2023,4,FP1
0 days 00:47:01.453000,20.9,75.0,1012.7,False,45.2,235,0.6,2023,4,FP1
0 days 00:48:01.468000,21.0,75.0,1012.9,False,45.2,270,1.0,2023,4,FP1
0 days 00:49:01.467000,21.0,75.0,1012.9,False,45.2,344,1.0,2023,4,FP1
0 days 00:50:01.482000,21.0,75.0,1012.7,False,45.2,229,1.3,2023,4,FP1
0 days 00:51:01.481000,21.0,75.0,1012.9,False,45.3,281,1.3,2023,4,FP1
0 days 00:52:01.481000,21.2,74.0,1012.7,False,45.3,255,1.2,2023,4,FP1
0 days 00:53:01.496000,21.1,75.0,1012.7,False,45.3,287,1.1,2023,4,FP1
0 days 00:54:01.511000,21.0,75.0,1012.7,False,45.0,269,1.2,2023,4,FP1
0 days 00:55:01.510000,21.0,75.0,1012.7,False,45.0,254,1.0,2023,4,FP1
0 days 00:56:01.525000,21.0,75.0,1012.7,False,45.0,271,1.1,2023,4,FP1
0 days 00:57:01.540000,21.1,75.0,1012.7,False,45.1,245,1.2,2023,4,FP1
0 days 00:58:01.555000,21.3,74.0,1012.7,False,45.2,0,0.6,2023,4,FP1
0 days 00:59:01.570000,21.1,74.0,1012.7,False,45.2,227,1.0,2023,4,FP1
0 days 01:00:01.585000,21.0,74.0,1012.7,False,44.3,128,1.2,2023,4,FP1
0 days 01:01:01.584000,21.0,75.0,1012.7,False,44.3,273,0.8,2023,4,FP1
0 days 01:02:01.724000,21.1,75.0,1012.7,False,44.3,279,0.8,2023,4,FP1
0 days 01:03:01.583000,21.0,76.0,1012.7,False,44.3,36,1.2,2023,4,FP1
0 days 01:04:01.582000,20.8,75.0,1012.7,False,44.8,277,0.8,2023,4,FP1
0 days 01:05:01.581000,20.9,76.0,1012.7,False,44.9,268,1.2,2023,4,FP1
0 days 01:06:01.581000,20.8,76.0,1012.7,False,44.9,253,1.2,2023,4,FP1
0 days 01:07:01.580000,20.9,76.0,1012.7,False,44.7,153,1.0,2023,4,FP1
0 days 01:08:01.579000,20.9,77.0,1012.7,False,44.3,239,1.6,2023,4,FP1
0 days 01:09:01.594000,20.9,76.0,1012.7,False,44.3,263,1.5,2023,4,FP1
0 days 01:10:01.625000,20.9,77.0,1012.7,False,44.3,291,1.1,2023,4,FP1
0 days 01:11:01.608000,20.8,77.0,1012.7,False,44.2,279,1.3,2023,4,FP1
0 days 01:12:01.623000,20.8,77.0,1012.7,False,44.5,286,1.2,2023,4,FP1
0 days 01:13:01.638000,20.8,77.0,1012.7,False,44.5,229,0.8,2023,4,FP1
0 days 01:14:01.638000,20.6,76.0,1012.5,False,44.4,260,0.8,2023,4,FP1
0 days 01:15:01.637000,20.6,76.0,1012.5,False,44.4,102,1.5,2023,4,FP1
0 days 01:16:01.636000,20.6,76.0,1012.7,False,44.2,284,1.2,2023,4,FP1
0 days 01:17:01.651000,20.6,77.0,1012.5,False,44.2,239,1.1,2023,4,FP1
0 days 01:18:01.666000,20.6,77.0,1012.5,False,44.4,254,1.1,2023,4,FP1
0 days 01:19:01.681000,20.6,76.0,1012.5,False,44.1,263,1.1,2023,4,FP1
0 days 01:20:01.680000,20.6,76.0,1012.5,False,44.1,321,1.1,2023,4,FP1
0 days 01:21:01.742000,20.5,76.0,1012.5,False,44.3,288,1.0,2023,4,FP1
0 days 01:22:01.679000,20.5,77.0,1012.5,False,44.3,315,1.2,2023,4,FP1
0 days 01:23:01.694000,20.5,77.0,1012.5,False,44.3,0,1.2,2023,4,FP1
0 days 00:00:14.094000,29.4,46.0,1017.7,False,48.7,143,2.2,2023,5,FP1
0 days 00:01:14.093000,29.4,47.0,1017.9,False,49.1,132,2.0,2023,5,FP1
0 days 00:02:14.108000,29.3,48.0,1017.7,False,50.0,140,4.0,2023,5,FP1
0 days 00:03:14.092000,29.4,49.0,1017.7,False,49.1,140,3.7,2023,5,FP1
0 days 00:04:14.091000,29.4,49.0,1017.7,False,49.1,134,4.1,2023,5,FP1
0 days 00:05:14.106000,29.4,49.0,1017.7,False,48.4,131,2.7,2023,5,FP1
0 days 00:06:14.105000,29.2,50.0,1017.7,False,47.6,138,2.5,2023,5,FP1
0 days 00:07:14.105000,29.1,49.0,1017.7,False,48.7,132,3.9,2023,5,FP1
0 days 00:08:14.104000,29.1,48.0,1017.7,False,48.7,137,3.2,2023,5,FP1
0 days 00:09:14.103000,29.3,48.0,1017.7,False,48.7,144,2.7,2023,5,FP1
0 days 00:10:14.103000,29.4,47.0,1017.5,False,49.0,140,3.4,2023,5,FP1
0 days 00:11:14.118000,29.5,47.0,1017.5,False,48.8,143,3.4,2023,5,FP1
0 days 00:12:14.148000,29.4,47.0,1017.5,False,48.5,157,3.7,2023,5,FP1
0 days 00:13:14.147000,29.4,47.0,1017.5,False,48.5,125,3.7,2023,5,FP1
0 days 00:14:14.147000,29.5,46.0,1017.7,False,48.7,158,2.7,2023,5,FP1
0 days 00:15:14.146000,29.5,45.0,1017.5,False,48.7,157,1.7,2023,5,FP1
0 days 00:16:14.161000,29.4,46.0,1017.5,False,49.8,142,2.7,2023,5,FP1
0 days 00:17:14.176000,29.2,46.0,1017.5,False,49.9,141,3.9,2023,5,FP1
0 days 00:18:14.191000,29.3,47.0,1017.5,False,49.8,129,1.7,2023,5,FP1
0 days 00:19:14.190000,29.2,46.0,1017.7,False,50.4,140,1.7,2023,5,FP1
0 days 00:20:14.190000,29.5,44.0,1017.7,False,50.4,157,2.2,2023,5,FP1
0 days 00:21:14.189000,29.6,44.0,1017.5,False,50.4,119,1.8,2023,5,FP1
0 days 00:22:14.188000,29.7,44.0,1017.7,False,50.4,136,2.2,2023,5,FP1
0 days 00:23:14.188000,29.9,44.0,1017.5,False,50.3,94,2.4,2023,5,FP1
0 days 00:24:14.187000,29.9,46.0,1017.7,False,49.7,318,2.2,2023,5,FP1
0 days 00:25:14.202000,29.9,46.0,1017.7,False,49.7,122,0.6,2023,5,FP1
0 days 00:26:14.217000,29.7,45.0,1017.7,False,50.5,132,3.5,2023,5,FP1
0 days 00:27:14.216000,29.7,45.0,1017.7,False,50.5,153,4.5,2023,5,FP1
0 days 00:28:14.215000,29.7,45.0,1017.7,False,49.5,140,3.4,2023,5,FP1
0 days 00:29:14.215000,29.6,46.0,1017.7,False,49.5,124,3.7,2023,5,FP1
0 days 00:30:14.214000,29.6,45.0,1017.7,False,48.5,113,3.5,2023,5,FP1
0 days 00:31:14.229000,29.6,47.0,1017.7,False,48.4,146,3.5,2023,5,FP1
0 days 00:32:14.228000,29.5,47.0,1017.7,False,48.4,129,3.7,2023,5,FP1
0 days 00:33:14.228000,29.5,48.0,1017.7,False,48.8,141,2.5,2023,5,FP1
0 days 00:34:14.227000,29.5,48.0,1017.7,False,49.0,141,1.3,2023,5,FP1
0 days 00:35:14.226000,29.5,48.0,1017.7,False,49.1,95,3.0,2023,5,FP1
0 days 00:36:14.226000,29.5,47.0,1017.5,False,49.1,129,2.7,2023,5,FP1
0 days 00:37:14.225000,29.6,46.0,1017.7,False,50.5,133,3.4,2023,5,FP1
0 days 00:38:14.224000,29.5,46.0,1017.7,False,50.2,109,3.5,2023,5,FP1
0 days 00:39:14.224000,29.3,46.0,1017.7,False,48.4,108,3.2,2023,5,FP1
0 days 00:40:14.223000,29.3,46.0,1017.7,False,49.1,107,2.9,2023,5,FP1
0 days 00:41:14.222000,29.3,46.0,1017.5,False,49.1,130,3.4,2023,5,FP1
0 days 00:42:14.222000,29.3,47.0,1017.5,False,49.0,115,2.5,2023,5,FP1
0 days 00:43:14.221000,29.4,47.0,1017.5,False,49.0,131,2.7,2023,5,FP1
0 days 00:44:14.220000,29.4,47.0,1017.5,False,49.1,148,2.4,2023,5,FP1
0 days 00:45:14.220000,29.4,48.0,1017.5,False,49.1,32,1.8,2023,5,FP1
0 days 00:46:14.219000,29.4,47.0,1017.5,False,49.1,116,2.0,2023,5,FP1
0 days 00:47:14.218000,29.6,47.0,1017.7,False,50.0,133,3.7,2023,5,FP1
0 days 00:48:14.218000,29.6,47.0,1017.7,False,50.0,139,3.5,2023,5,FP1
0 days 00:49:14.217000,29.5,46.0,1017.5,False,49.0,140,4.4,2023,5,FP1
0 days 00:50:14.216000,29.4,47.0,1017.5,False,49.0,136,3.7,2023,5,FP1
0 days 00:51:14.216000,29.5,47.0,1017.5,False,49.0,134,2.7,2023,5,FP1
0 days 00:52:14.231000,29.4,46.0,1017.5,False,49.7,122,2.4,2023,5,FP1
0 days 00:53:14.214000,29.4,46.0,1017.5,False,50.0,143,4.0,2023,5,FP1
0 days 00:54:14.214000,29.4,46.0,1017.5,False,50.1,146,3.5,2023,5,FP1
0 days 00:55:14.213000,29.3,46.0,1017.5,False,50.1,158,3.2,2023,5,FP1
0 days 00:56:14.228000,29.2,47.0,1017.5,False,50.1,147,2.5,2023,5,FP1
0 days 00:57:14.227000,29.3,47.0,1017.5,False,48.9,141,3.5,2023,5,FP1
0 days 00:58:14.227000,29.3,46.0,1017.5,False,48.9,136,3.2,2023,5,FP1
0 days 00:59:14.226000,29.2,46.0,1017.5,False,49.7,117,3.0,2023,5,FP1
0 days 01:00:14.241000,29.1,46.0,1017.5,False,49.7,153,3.0,2023,5,FP1
0 days 01:01:14.271000,29.4,46.0,1017.5,False,49.9,128,4.3,2023,5,FP1
0 days 01:02:14.271000,29.5,47.0,1017.4,False,49.7,101,2.0,2023,5,FP1
0 days 01:03:14.270000,29.5,47.0,1017.5,False,49.2,129,2.0,2023,5,FP1
0 days 01:04:14.269000,29.6,46.0,1017.5,False,49.4,111,2.4,2023,5,FP1
0 days 01:05:14.269000,29.6,46.0,1017.5,False,50.2,127,2.7,2023,5,FP1
0 days 01:06:14.268000,29.5,46.0,1017.4,False,49.7,114,2.7,2023,5,FP1
0 days 01:07:14.283000,29.5,46.0,1017.5,False,49.1,162,2.5,2023,5,FP1
0 days 01:08:14.298000,29.5,45.0,1017.5,False,49.1,135,2.4,2023,5,FP1
0 days 01:09:14.313000,29.6,45.0,1017.5,False,49.2,138,2.7,2023,5,FP1
0 days 01:10:14.312000,29.4,47.0,1017.5,False,49.2,145,3.2,2023,5,FP1
0 days 01:11:14.312000,29.4,47.0,1017.5,False,49.0,157,3.0,2023,5,FP1
0 days 01:12:14.327000,29.5,47.0,1017.4,False,49.0,112,2.5,2023,5,FP1
0 days 01:13:14.310000,29.4,47.0,1017.4,False,49.5,164,2.2,2023,5,FP1
0 days 01:14:14.310000,29.5,47.0,1017.4,False,48.9,169,2.5,2023,5,FP1
0 days 01:15:14.309000,29.5,47.0,1017.4,False,49.5,200,2.2,2023,5,FP1
0 days 01:16:14.324000,29.6,46.0,1017.4,False,49.5,131,1.1,2023,5,FP1
0 days 01:17:14.339000,29.6,45.0,1017.2,False,49.5,152,2.2,2023,5,FP1
0 days 01:18:14.323000,29.6,45.0,1017.2,False,50.1,130,1.6,2023,5,FP1
0 days 01:19:14.337000,29.6,45.0,1017.4,False,50.1,129,3.2,2023,5,FP1
0 days 01:20:14.337000,29.6,46.0,1017.2,False,49.4,136,2.5,2023,5,FP1
0 days 00:00:30.117000,25.9,37.0,1018.7,False,46.9,309,0.6,2023,6,FP1
0 days 00:01:30.116000,26.1,37.0,1018.7,False,46.9,338,0.8,2023,6,FP1
0 days 00:02:30.131000,26.3,37.0,1018.7,False,47.3,0,0.8,2023,6,FP1
0 days 00:03:30.162000,26.2,36.0,1018.7,False,47.5,44,0.0,2023,6,FP1
0 days 00:04:30.161000,26.3,36.0,1018.9,False,47.6,98,0.6,2023,6,FP1
0 days 00:05:30.160000,26.3,36.0,1018.7,False,47.2,0,0.0,2023,6,FP1
0 days 00:06:30.175000,26.4,36.0,1018.7,False,47.3,266,0.0,2023,6,FP1
0 days 00:07:30.159000,26.5,35.0,1018.7,False,47.7,214,1.0,2023,6,FP1
0 days 00:08:30.174000,26.4,35.0,1018.5,False,48.1,154,1.0,2023,6,FP1
0 days 00:09:30.173000,26.5,36.0,1018.7,False,48.1,142,0.8,2023,6,FP1
0 days 00:10:30.188000,26.4,36.0,1018.7,False,47.5,158,1.1,2023,6,FP1
0 days 00:11:30.172000,26.3,38.0,1018.7,False,47.1,150,1.0,2023,6,FP1
0 days 00:12:30.187000,26.1,38.0,1018.7,False,47.1,60,1.0,2023,6,FP1
0 days 00:13:30.202000,26.2,38.0,1018.5,False,47.1,311,0.4,2023,6,FP1
0 days 00:14:30.217000,26.1,39.0,1018.7,False,46.6,150,0.6,2023,6,FP1
0 days 00:15:30.232000,26.1,39.0,1018.7,False,47.1,137,0.8,2023,6,FP1
0 days 00:16:30.231000,26.1,39.0,1018.7,False,47.2,142,0.6,2023,6,FP1
0 days 00:17:30.230000,26.1,40.0,1018.5,False,47.2,114,0.6,2023,6,FP1
0 days 00:18:30.245000,26.1,40.0,1018.5,False,46.8,44,0.5,2023,6,FP1
0 days 00:19:30.260000,26.3,39.0,1018.5,False,46.9,149,0.8,2023,6,FP1
0 days 00:20:30.244000,26.5,38.0,1018.7,False,46.8,309,1.1,2023,6,FP1
0 days 00:21:30.259000,26.4,38.0,1018.7,False,46.5,19,0.8,2023,6,FP1
0 days 00:22:30.242000,26.5,37.0,1018.7,False,46.5,99,1.2,2023,6,FP1
0 days 00:23:30.242000,26.2,37.0,1018.7,False,46.6,0,0.6,2023,6,FP1
0 days 00:24:30.288000,26.3,37.0,1018.5,False,46.2,45,0.5,2023,6,FP1
0 days 00:25:30.256000,26.7,37.0,1018.7,False,46.2,154,1.1,2023,6,FP1
0 days 00:26:30.240000,26.7,38.0,1018.5,False,46.1,133,0.8,2023,6,FP1
0 days 00:27:30.239000,26.7,37.0,1018.5,False,45.8,98,0.6,2023,6,FP1
0 days 00:28:30.254000,26.5,37.0,1018.5,False,45.8,79,0.8,2023,6,FP1
0 days 00:29:30.253000,26.4,38.0,1018.7,False,45.4,0,0.6,2023,6,FP1
0 days 00:30:30.253000,26.4,38.0,1018.5,False,45.0,69,0.5,2023,6,FP1
0 days 00:31:30.252000,26.5,38.0,1018.5,False,45.2,45,0.5,2023,6,FP1
0 days 00:32:30.251000,26.5,38.0,1018.5,False,45.5,95,1.1,2023,6,FP1
0 days 00:33:30.251000,26.5,38.0,1018.5,False,45.5,156,1.3,2023,6,FP1
0 days 00:34:30.250000,26.3,38.0,1018.7,False,45.5,35,1.2,2023,6,FP1
0 days 00:35:30.249000,26.2,39.0,1018.5,False,45.5,301,0.5,2023,6,FP1
0 days 00:36:30.249000,26.3,38.0,1018.5,False,45.8,136,0.6,2023,6,FP1
0 days 00:37:30.248000,26.4,37.0,1018.5,False,45.7,180,0.8,2023,6,FP1
0 days 00:38:30.247000,26.3,37.0,1018.5,False,45.7,139,0.8,2023,6,FP1
0 days 00:39:30.247000,26.3,38.0,1018.5,False,45.7,133,1.2,2023,6,FP1
0 days 00:40:30.246000,26.3,38.0,1018.5,False,45.9,140,1.6,2023,6,FP1
0 days 00:41:30.245000,26.3,38.0,1018.5,False,46.2,28,0.6,2023,6,FP1
0 days 00:42:30.260000,26.4,37.0,1018.5,False,46.5,195,1.3,2023,6,FP1
0 days 00:43:30.259000,26.2,39.0,1018.5,False,46.5,347,0.6,2023,6,FP1
0 days 00:44:30.321000,26.0,40.0,1018.5,False,45.8,95,0.6,2023,6,FP1
0 days 00:45:30.321000,26.0,40.0,1018.5,False,45.8,70,1.0,2023,6,FP1
0 days 00:46:30.320000,26.0,40.0,1018.5,False,45.3,151,1.1,2023,6,FP1
0 days 00:47:30.288000,26.0,40.0,1018.5,False,46.4,80,0.6,2023,6,FP1
0 days 00:48:30.303000,26.2,39.0,1018.5,False,46.7,80,0.4,2023,6,FP1
0 days 00:49:30.302000,26.3,38.0,1018.5,False,46.7,146,1.2,2023,6,FP1
0 days 00:50:30.302000,26.3,38.0,1018.4,False,46.7,200,0.4,2023,6,FP1
0 days 00:51:30.301000,26.4,38.0,1018.5,False,46.7,100,1.2,2023,6,FP1
0 days 00:52:30.316000,26.5,37.0,1018.5,False,47.1,49,0.5,2023,6,FP1
0 days 00:53:30.331000,26.4,36.0,1018.5,False,47.1,260,0.6,2023,6,FP1
0 days 00:54:30.346000,26.4,36.0,1018.5,False,47.2,0,1.6,2023,6,FP1
0 days 00:55:30.361000,26.3,37.0,1018.5,False,47.0,163,0.5,2023,6,FP1
0 days 00:56:30.344000,26.1,38.0,1018.5,False,46.5,142,0.6,2023,6,FP1
0 days 00:57:30.344000,26.2,38.0,1018.5,False,46.7,57,0.5,2023,6,FP1
0 days 00:58:30.343000,26.2,38.0,1018.5,False,47.0,23,0.6,2023,6,FP1
0 days 00:59:30.342000,26.1,39.0,1018.5,False,46.4,172,0.6,2023,6,FP1
0 days 01:00:30.357000,26.3,38.0,1018.4,False,46.4,179,0.4,2023,6,FP1
0 days 01:01:30.372000,26.4,36.0,1018.4,False,46.9,153,0.6,2023,6,FP1
0 days 01:02:30.372000,26.5,36.0,1018.5,False,46.9,127,1.2,2023,6,FP1
0 days 01:03:30.371000,26.6,37.0,1018.4,False,46.9,176,0.5,2023,6,FP1
0 days 01:04:30.370000,26.7,36.0,1018.4,False,46.8,149,0.6,2023,6,FP1
0 days 01:05:30.369000,26.7,36.0,1018.5,False,46.8,206,1.2,2023,6,FP1
0 days 01:06:30.369000,26.8,34.0,1018.4,False,47.5,57,0.8,2023,6,FP1
0 days 01:07:30.368000,26.6,34.0,1018.4,False,46.8,70,1.2,2023,6,FP1
0 days 01:08:30.383000,26.5,36.0,1018.4,False,46.0,88,0.8,2023,6,FP1
0 days 01:09:30.398000,26.5,36.0,1018.4,False,45.9,161,0.8,2023,6,FP1
0 days 01:10:30.397000,26.5,36.0,1018.4,False,45.9,112,0.8,2023,6,FP1
0 days 01:11:30.428000,26.6,36.0,1018.4,False,46.0,110,1.1,2023,6,FP1
0 days 01:12:30.412000,26.6,35.0,1018.2,False,46.8,0,1.0,2023,6,FP1
0 days 00:00:25.218000,24.4,53.0,999.7,False,38.2,261,0.6,2023,7,FP1
0 days 00:01:25.217000,24.5,53.0,999.7,False,40.3,331,1.0,2023,7,FP1
0 days 00:02:25.216000,24.5,53.0,999.7,False,40.3,324,0.8,2023,7,FP1
0 days 00:03:25.230000,24.5,54.0,999.5,False,40.2,0,0.6,2023,7,FP1
0 days 00:04:25.229000,24.6,53.0,999.5,False,41.9,202,0.6,2023,7,FP1
0 days 00:05:25.244000,24.7,51.0,999.5,False,42.0,251,1.0,2023,7,FP1
0 days 00:06:25.243000,24.9,52.0,999.5,False,42.0,249,1.2,2023,7,FP1
0 days 00:07:25.257000,25.1,52.0,999.5,False,42.4,0,1.1,2023,7,FP1
0 days 00:08:25.256000,25.1,50.0,999.5,False,42.5,0,0.6,2023,7,FP1
0 days 00:09:25.255000,25.0,49.0,999.5,False,42.4,218,0.8,2023,7,FP1
0 days 00:10:25.254000,25.1,50.0,999.5,False,42.2,224,0.8,2023,7,FP1
0 days 00:11:25.284000,25.1,50.0,999.5,False,42.3,234,1.8,2023,7,FP1
0 days 00:12:25.252000,25.0,51.0,999.5,False,42.0,232,2.0,2023,7,FP1
0 days 00:13:25.251000,24.8,52.0,999.5,False,41.4,237,1.7,2023,7,FP1
0 days 00:14:25.250000,24.7,53.0,999.5,False,41.4,231,0.6,2023,7,FP1
0 days 00:15:25.249000,24.9,51.0,999.5,False,41.7,208,1.7,2023,7,FP1
0 days 00:16:25.263000,25.0,51.0,999.5,False,41.9,0,1.5,2023,7,FP1
0 days 00:17:25.262000,25.0,52.0,999.5,False,41.7,0,1.1,2023,7,FP1
0 days 00:18:25.261000,25.0,51.0,999.5,False,41.7,137,1.2,2023,7,FP1
0 days 00:19:25.260000,25.0,51.0,999.5,False,42.0,30,1.2,2023,7,FP1
0 days 00:20:25.259000,25.0,51.0,999.5,False,42.4,342,1.3,2023,7,FP1
0 days 00:21:25.258000,25.0,52.0,999.4,False,42.4,68,1.2,2023,7,FP1
0 days 00:22:25.257000,25.0,51.0,999.4,False,42.1,30,1.1,2023,7,FP1
0 days 00:23:25.256000,25.1,51.0,999.5,False,42.1,234,0.8,2023,7,FP1
0 days 00:24:25.270000,25.2,52.0,999.5,False,41.8,72,1.0,2023,7,FP1
0 days 00:25:25.285000,25.4,51.0,999.5,False,42.1,296,0.6,2023,7,FP1
0 days 00:26:25.284000,25.5,51.0,999.5,False,42.6,289,1.2,2023,7,FP1
0 days 00:27:25.423000,25.2,51.0,999.5,False,43.0,203,1.2,2023,7,FP1
0 days 00:28:25.281000,25.1,51.0,999.4,False,43.1,218,1.6,2023,7,FP1
0 days 00:29:25.280000,25.1,52.0,999.4,False,42.7,284,1.2,2023,7,FP1
0 days 00:30:25.279000,25.1,51.0,999.5,False,42.6,223,1.3,2023,7,FP1
0 days 00:31:25.278000,25.2,52.0,999.4,False,43.1,0,1.2,2023,7,FP1
0 days 00:32:25.277000,25.2,51.0,999.4,False,43.3,322,1.2,2023,7,FP1
0 days 00:33:25.276000,25.2,51.0,999.4,False,43.1,253,1.1,2023,7,FP1
0 days 00:34:25.291000,25.1,51.0,999.4,False,42.7,206,1.3,2023,7,FP1
0 days 00:35:25.290000,25.0,52.0,999.4,False,42.4,150,1.0,2023,7,FP1
0 days 00:36:25.288000,25.2,54.0,999.4,False,42.3,202,1.2,2023,7,FP1
0 days 00:37:25.287000,25.1,53.0,999.4,False,42.5,190,0.6,2023,7,FP1
0 days 00:38:25.286000,25.1,52.0,999.2,False,42.5,227,1.2,2023,7,FP1
0 days 00:39:25.301000,25.2,53.0,999.4,False,42.4,266,1.5,2023,7,FP1
0 days 00:40:25.284000,25.1,54.0,999.4,False,42.1,206,1.0,2023,7,FP1
0 days 00:41:25.283000,25.0,54.0,999.2,False,42.1,285,1.2,2023,7,FP1
0 days 00:42:25.298000,24.9,54.0,999.2,False,42.1,286,1.0,2023,7,FP1
0 days 00:43:25.281000,24.8,53.0,999.2,False,42.5,64,1.2,2023,7,FP1
0 days 00:44:25.295000,24.7,53.0,999.2,False,42.7,269,1.2,2023,7,FP1
0 days 00:45:25.294000,24.7,51.0,999.4,False,43.2,308,1.0,2023,7,FP1
0 days 00:46:25.293000,24.5,50.0,999.2,False,43.2,185,1.6,2023,7,FP1
0 days 00:47:25.292000,24.6,51.0,999.4,False,43.5,214,1.2,2023,7,FP1
0 days 00:48:25.291000,24.7,51.0,999.4,False,43.0,197,1.5,2023,7,FP1
0 days 00:49:25.306000,24.6,53.0,999.2,False,42.6,198,0.8,2023,7,FP1
0 days 00:50:25.289000,24.7,53.0,999.4,False,42.6,211,1.2,2023,7,FP1
0 days 00:51:25.288000,24.7,52.0,999.2,False,44.0,205,1.2,2023,7,FP1
0 days 00:52:25.287000,24.6,52.0,999.4,False,43.6,206,2.2,2023,7,FP1
0 days 00:53:25.286000,24.6,53.0,999.4,False,43.1,196,1.3,2023,7,FP1
0 days 00:54:25.300000,24.7,52.0,999.2,False,43.2,212,1.6,2023,7,FP1
0 days 00:55:25.299000,24.7,53.0,999.2,False,43.5,337,0.8,2023,7,FP1
0 days 00:56:25.298000,24.7,52.0,999.2,False,43.8,202,1.0,2023,7,FP1
0 days 00:57:25.297000,24.8,51.0,999.4,False,43.4,254,1.1,2023,7,FP1
0 days 00:58:25.296000,24.8,51.0,999.4,False,43.6,189,1.5,2023,7,FP1
0 days 00:59:25.295000,24.8,50.0,999.2,False,43.3,171,2.0,2023,7,FP1
0 days 01:00:25.294000,24.9,51.0,999.4,False,43.4,205,0.8,2023,7,FP1
0 days 01:01:25.293000,24.9,51.0,999.2,False,43.3,191,2.5,2023,7,FP1
0 days 01:02:25.307000,24.9,52.0,999.4,False,43.1,176,2.2,2023,7,FP1
0 days 01:03:25.306000,25.0,52.0,999.4,False,43.1,238,1.2,2023,7,FP1
0 days 01:04:25.305000,25.0,52.0,999.2,False,43.2,239,1.6,2023,7,FP1
0 days 01:05:25.304000,24.9,51.0,999.4,False,43.7,224,2.4,2023,7,FP1
0 days 01:06:25.318000,24.7,52.0,999.4,False,43.3,205,1.7,2023,7,FP1
0 days 01:07:25.302000,24.6,53.0,999.2,False,43.5,26,1.0,2023,7,FP1
0 days 01:08:25.332000,24.6,51.0,999.4,False,43.8,294,1.6,2023,7,FP1
0 days 01:09:25.300000,24.6,52.0,999.2,False,42.8,291,1.2,2023,7,FP1
0 days 01:10:25.298000,24.5,52.0,999.2,False,42.4,284,1.1,2023,7,FP1
0 days 01:11:25.297000,24.6,52.0,999.2,False,42.1,302,1.0,2023,7,FP1
0 days 01:12:25.296000,24.5,50.0,999.2,False,42.1,346,1.2,2023,7,FP1
0 days 01:13:25.311000,24.5,51.0,999.2,False,41.1,75,1.1,2023,7,FP1
0 days 01:14:25.310000,24.5,51.0,999.2,False,40.7,110,1.2,2023,7,FP1
0 days 01:15:25.309000,24.3,52.0,999.2,False,39.6,260,0.8,2023,7,FP1
0 days 01:16:25.308000,24.2,53.0,999.2,False,39.1,229,1.2,2023,7,FP1
0 days 01:17:25.306000,24.2,54.0,999.0,False,38.9,11,1.0,2023,7,FP1
0 days 01:18:25.305000,24.0,54.0,999.2,False,38.1,266,1.1,2023,7,FP1
0 days 01:19:25.304000,23.9,55.0,999.2,False,37.7,259,1.5,2023,7,FP1
0 days 01:20:25.303000,23.9,54.0,999.2,False,37.5,323,1.3,2023,7,FP1
0 days 01:21:25.333000,23.7,55.0,999.2,False,36.7,241,1.2,2023,7,FP1
0 days 00:00:46.679000,20.0,68.0,1004.7,False,30.2,312,1.2,2023,8,FP1
0 days 00:01:46.710000,20.1,68.0,1004.7,False,30.2,312,1.2,2023,8,FP1
0 days 00:02:46.693000,20.1,68.0,1004.9,False,30.6,319,1.3,2023,8,FP1
0 days 00:03:46.724000,20.2,67.0,1004.9,False,31.0,322,1.3,2023,8,FP1
0 days 00:04:46.739000,20.4,67.0,1004.7,False,30.6,321,1.2,2023,8,FP1
0 days 00:05:46.707000,20.3,67.0,1004.7,False,30.4,322,1.2,2023,8,FP1
0 days 00:06:46.737000,20.3,68.0,1004.7,False,30.5,325,1.7,2023,8,FP1
0 days 00:07:46.752000,20.3,68.0,1004.7,False,30.5,325,1.7,2023,8,FP1
0 days 00:08:46.767000,20.3,67.0,1004.7,False,31.6,316,2.0,2023,8,FP1
0 days 00:09:46.766000,20.4,67.0,1004.7,False,31.6,316,2.0,2023,8,FP1
0 days 00:10:46.766000,20.5,67.0,1004.7,False,31.6,316,2.0,2023,8,FP1
0 days 00:11:46.781000,20.6,66.0,1004.5,False,31.7,315,1.5,2023,8,FP1
0 days 00:12:46.780000,20.6,66.0,1004.5,False,32.2,330,1.6,2023,8,FP1
0 days 00:13:46.779000,20.8,66.0,1004.5,False,32.2,328,1.3,2023,8,FP1
0 days 00:14:46.779000,20.8,65.0,1004.5,False,32.7,325,1.8,2023,8,FP1
0 days 00:15:46.794000,20.9,65.0,1004.5,False,32.7,325,1.8,2023,8,FP1
0 days 00:16:46.809000,21.0,65.0,1004.5,False,32.7,325,1.8,2023,8,FP1
0 days 00:17:46.823000,21.0,65.0,1004.5,False,32.7,325,1.8,2023,8,FP1
0 days 00:18:46.823000,21.0,65.0,1004.5,False,32.7,325,1.8,2023,8,FP1
0 days 00:19:46.822000,21.1,66.0,1004.5,False,34.2,311,1.2,2023,8,FP1
0 days 00:20:46.837000,21.1,66.0,1004.5,False,34.4,15,1.2,2023,8,FP1
0 days 00:21:46.836000,21.1,66.0,1004.4,False,34.4,340,1.5,2023,8,FP1
0 days 00:22:46.851000,21.0,65.0,1004.4,False,34.6,318,1.8,2023,8,FP1
0 days 00:23:46.835000,21.0,64.0,1004.4,False,34.8,331,1.8,2023,8,FP1
0 days 00:24:46.834000,21.1,64.0,1004.4,False,34.5,320,1.2,2023,8,FP1
0 days 00:25:46.834000,21.2,64.0,1004.2,False,34.4,316,1.2,2023,8,FP1
0 days 00:26:46.833000,21.3,64.0,1004.4,False,34.6,318,1.3,2023,8,FP1
0 days 00:27:46.832000,21.4,64.0,1004.4,False,34.6,318,1.3,2023,8,FP1
0 days 00:28:46.847000,21.2,64.0,1004.4,False,34.5,274,0.8,2023,8,FP1
0 days 00:29:46.862000,21.3,64.0,1004.4,False,34.8,317,0.6,2023,8,FP1
0 days 00:30:46.861000,21.1,64.0,1004.4,False,35.0,279,0.8,2023,8,FP1
0 days 00:31:46.845000,21.0,64.0,1004.4,False,35.0,188,1.2,2023,8,FP1
0 days 00:32:46.860000,21.0,64.0,1004.4,False,35.0,194,1.1,2023,8,FP1
0 days 00:33:46.859000,20.9,65.0,1004.2,False,35.2,209,0.6,2023,8,FP1
0 days 00:34:46.874000,21.1,64.0,1004.2,False,35.2,148,0.5,2023,8,FP1
0 days 00:35:46.858000,21.3,64.0,1004.4,False,35.6,183,0.6,2023,8,FP1
0 days 00:36:46.857000,21.4,63.0,1004.4,False,36.0,195,0.8,2023,8,FP1
0 days 00:37:46.857000,21.4,63.0,1004.2,False,36.0,148,0.8,2023,8,FP1
0 days 00:38:46.856000,21.4,64.0,1004.2,False,36.0,141,0.6,2023,8,FP1
0 days 00:39:46.871000,21.5,66.0,1004.2,False,36.0,178,1.2,2023,8,FP1
0 days 00:40:46.854000,21.5,66.0,1004.2,False,36.0,178,1.2,2023,8,FP1
0 days 00:41:46.854000,21.6,66.0,1004.2,False,36.3,166,1.2,2023,8,FP1
0 days 00:42:46.869000,21.5,65.0,1004.4,False,36.5,164,1.0,2023,8,FP1
0 days 00:43:46.852000,21.5,64.0,1004.2,False,36.6,160,1.1,2023,8,FP1
0 days 00:44:46.867000,21.6,64.0,1004.2,False,36.5,352,0.8,2023,8,FP1
0 days 00:45:46.867000,21.5,65.0,1004.2,False,36.5,326,0.6,2023,8,FP1
0 days 00:46:46.866000,21.5,65.0,1004.2,False,36.5,326,0.6,2023,8,FP1
0 days 00:47:46.865000,21.5,65.0,1004.2,False,35.7,295,1.0,2023,8,FP1
0 days 00:48:46.865000,21.4,65.0,1004.2,False,35.8,11,0.6,2023,8,FP1
0 days 00:49:46.880000,21.5,65.0,1004.2,False,36.0,225,0.0,2023,8,FP1
0 days 00:50:46.879000,21.7,65.0,1004.2,False,36.7,177,0.8,2023,8,FP1
0 days 00:51:46.894000,21.7,62.0,1004.2,False,36.9,143,1.2,2023,8,FP1
0 days 00:52:46.893000,21.6,63.0,1004.0,False,36.8,114,1.3,2023,8,FP1
0 days 00:53:46.908000,21.6,64.0,1004.2,False,36.8,133,1.2,2023,8,FP1
0 days 00:54:46.923000,21.5,64.0,1004.2,False,37.1,122,1.6,2023,8,FP1
0 days 00:55:46.907000,21.4,65.0,1004.0,False,37.1,124,1.2,2023,8,FP1
0 days 00:56:46.937000,21.3,66.0,1004.0,False,36.9,163,1.3,2023,8,FP1
0 days 00:57:46.952000,21.4,66.0,1004.0,False,37.1,159,1.1,2023,8,FP1
0 days 00:58:46.967000,21.5,66.0,1004.0,False,37.2,137,0.8,2023,8,FP1
0 days 00:59:46.966000,21.6,65.0,1004.0,False,37.2,161,0.8,2023,8,FP1
0 days 01:00:46.966000,21.6,65.0,1004.0,False,37.2,161,0.8,2023,8,FP1
0 days 01:01:46.965000,21.6,64.0,1004.0,False,36.8,91,1.1,2023,8,FP1
0 days 01:02:46.980000,21.6,64.0,1004.0,False,36.8,138,1.0,2023,8,FP1
0 days 01:03:46.979000,21.6,65.0,1004.0,False,37.2,162,1.0,2023,8,FP1
0 days 01:04:46.994000,21.5,65.0,1004.0,False,37.3,160,0.8,2023,8,FP1
0 days 00:00:27.113000,27.0,39.0,932.9,False,44.4,0,0.8,2023,9,FP1
0 days 00:01:27.127000,27.0,39.0,933.0,False,44.4,100,0.6,2023,9,FP1
0 days 00:02:27.126000,27.0,39.0,933.0,False,44.4,77,1.2,2023,9,FP1
0 days 00:03:27.125000,26.9,38.0,932.9,False,44.1,98,1.2,2023,9,FP1
0 days 00:04:27.124000,26.9,38.0,933.0,False,44.5,87,1.1,2023,9,FP1
0 days 00:05:27.107000,26.9,38.0,933.0,False,44.1,344,1.8,2023,9,FP1
0 days 00:06:27.122000,26.8,38.0,932.9,False,44.5,35,0.8,2023,9,FP1
0 days 00:07:27.121000,26.7,38.0,932.9,False,44.8,344,0.4,2023,9,FP1
0 days 00:08:27.135000,26.6,38.0,932.9,False,45.0,0,0.6,2023,9,FP1
0 days 00:09:27.119000,26.6,38.0,932.9,False,45.2,91,0.6,2023,9,FP1
0 days 00:10:27.118000,26.6,38.0,932.9,False,45.4,52,0.8,2023,9,FP1
0 days 00:11:27.132000,26.8,37.0,932.7,False,45.8,243,0.3,2023,9,FP1
0 days 00:12:27.162000,26.9,37.0,932.7,False,45.8,272,1.1,2023,9,FP1
0 days 00:13:27.177000,26.9,38.0,932.7,False,45.4,194,0.8,2023,9,FP1
0 days 00:14:27.176000,27.0,38.0,932.7,False,45.4,77,1.1,2023,9,FP1
0 days 00:15:27.190000,26.9,38.0,932.7,False,45.9,106,1.2,2023,9,FP1
0 days 00:16:27.205000,27.0,38.0,932.7,False,46.0,91,1.0,2023,9,FP1
0 days 00:17:27.219000,27.0,38.0,932.7,False,46.6,99,1.2,2023,9,FP1
0 days 00:18:27.218000,27.3,38.0,932.7,False,46.7,92,2.5,2023,9,FP1
0 days 00:19:27.233000,27.4,38.0,932.7,False,46.7,76,2.4,2023,9,FP1
0 days 00:20:27.263000,27.5,37.0,932.7,False,46.7,82,2.0,2023,9,FP1
0 days 00:21:27.262000,27.5,37.0,932.7,False,47.1,54,1.7,2023,9,FP1
0 days 00:22:27.261000,27.6,33.0,932.7,False,47.7,67,2.5,2023,9,FP1
0 days 00:23:27.291000,27.7,35.0,932.5,False,47.6,83,2.0,2023,9,FP1
0 days 00:24:27.306000,27.6,35.0,932.7,False,47.2,44,2.2,2023,9,FP1
0 days 00:25:27.305000,27.8,35.0,932.7,False,47.2,76,1.2,2023,9,FP1
0 days 00:26:27.304000,27.6,35.0,932.7,False,47.5,343,0.6,2023,9,FP1
0 days 00:27:27.318000,27.9,34.0,932.7,False,47.6,0,1.0,2023,9,FP1
0 days 00:28:27.301000,28.1,34.0,932.5,False,47.6,111,0.4,2023,9,FP1
0 days 00:29:27.300000,28.3,34.0,932.5,False,47.6,111,0.4,2023,9,FP1
0 days 00:30:27.330000,28.4,33.0,932.5,False,48.2,266,1.7,2023,9,FP1
0 days 00:31:27.329000,28.4,33.0,932.5,False,48.2,255,1.0,2023,9,FP1
0 days 00:32:27.328000,28.1,33.0,932.7,False,47.2,245,1.2,2023,9,FP1
0 days 00:33:27.343000,28.0,34.0,932.5,False,47.2,335,1.3,2023,9,FP1
0 days 00:34:27.357000,28.0,35.0,932.5,False,46.9,170,1.0,2023,9,FP1
0 days 00:35:27.372000,27.8,34.0,932.5,False,47.3,355,1.0,2023,9,FP1
0 days 00:36:27.371000,27.8,35.0,932.5,False,47.3,118,0.4,2023,9,FP1
0 days 00:37:27.370000,27.9,35.0,932.5,False,47.3,350,0.8,2023,9,FP1
0 days 00:38:27.384000,28.0,35.0,932.5,False,47.3,50,0.8,2023,9,FP1
0 days 00:39:27.399000,28.1,35.0,932.5,False,47.5,29,0.6,2023,9,FP1
0 days 00:40:27.398000,28.3,35.0,932.4,False,47.6,78,0.6,2023,9,FP1
0 days 00:41:27.428000,28.2,33.0,932.4,False,47.8,85,1.7,2023,9,FP1
0 days 00:42:27.443000,28.1,31.0,932.4,False,47.8,46,1.5,2023,9,FP1
0 days 00:43:27.457000,27.9,33.0,932.5,False,46.9,220,0.6,2023,9,FP1
0 days 00:44:27.457000,27.9,33.0,932.4,False,46.9,192,1.0,2023,9,FP1
0 days 00:45:27.471000,28.0,34.0,932.4,False,47.3,113,0.6,2023,9,FP1
0 days 00:46:27.470000,28.2,34.0,932.2,False,48.0,61,1.2,2023,9,FP1
0 days 00:47:27.484000,28.3,33.0,932.4,False,48.0,274,0.8,2023,9,FP1
0 days 00:48:27.483000,28.1,34.0,932.2,False,47.8,100,0.5,2023,9,FP1
0 days 00:49:27.482000,28.2,34.0,932.2,False,48.0,98,1.3,2023,9,FP1
0 days 00:50:27.481000,28.3,33.0,932.4,False,48.2,23,1.7,2023,9,FP1
0 days 00:51:27.495000,28.3,33.0,932.4,False,48.2,26,1.3,2023,9,FP1
0 days 00:52:27.494000,28.3,33.0,932.2,False,48.0,72,1.6,2023,9,FP1
0 days 00:53:27.493000,28.3,33.0,932.2,False,49.1,60,1.7,2023,9,FP1
0 days 00:54:27.493000,28.4,32.0,932.2,False,49.1,20,1.6,2023,9,FP1
0 days 00:55:27.491000,28.2,33.0,932.2,False,47.8,34,1.8,2023,9,FP1
0 days 00:56:27.506000,28.2,35.0,932.4,False,48.4,77,1.0,2023,9,FP1
0 days 00:57:27.505000,28.4,35.0,932.2,False,49.5,137,0.8,2023,9,FP1
0 days 00:58:27.535000,28.4,35.0,932.4,False,49.5,87,1.2,2023,9,FP1
0 days 00:59:27.534000,28.4,35.0,932.2,False,48.2,6,2.0,2023,9,FP1
0 days 01:00:27.533000,28.4,35.0,932.4,False,47.8,0,1.0,2023,9,FP1
0 days 01:01:27.532000,28.4,35.0,932.4,False,47.0,78,0.6,2023,9,FP1
0 days 01:02:27.531000,28.4,36.0,932.2,False,47.8,203,1.2,2023,9,FP1
0 days 01:03:27.529000,28.2,36.0,932.2,False,47.8,92,1.2,2023,9,FP1
0 days 01:04:27.528000,28.3,36.0,932.2,False,46.8,79,1.8,2023,9,FP1
0 days 01:05:27.527000,28.2,36.0,932.2,False,46.5,89,2.0,2023,9,FP1
0 days 01:06:27.526000,28.3,36.0,932.2,False,47.1,64,1.5,2023,9,FP1
0 days 01:07:27.541000,28.4,35.0,932.2,False,48.1,134,2.0,2023,9,FP1
0 days 01:08:27.524000,28.4,35.0,932.2,False,48.2,75,1.3,2023,9,FP1
0 days 01:09:27.523000,28.3,35.0,932.2,False,48.3,109,1.2,2023,9,FP1
0 days 01:10:27.538000,28.5,32.0,932.2,False,48.4,74,1.2,2023,9,FP1
0 days 01:11:27.537000,28.3,33.0,932.2,False,48.4,276,1.2,2023,9,FP1
0 days 01:12:27.536000,28.3,36.0,932.2,False,48.2,156,0.8,2023,9,FP1
0 days 01:13:27.534000,28.4,36.0,932.2,False,47.8,321,0.6,2023,9,FP1
0 days 01:14:27.533000,28.4,35.0,932.2,False,48.1,208,0.5,2023,9,FP1
0 days 01:15:27.532000,28.4,34.0,932.2,False,48.1,65,1.3,2023,9,FP1
0 days 01:16:27.547000,28.4,34.0,932.2,False,48.9,34,1.2,2023,9,FP1
0 days 01:17:27.577000,28.5,34.0,932.2,False,49.0,44,2.2,2023,9,FP1
0 days 01:18:27.576000,28.5,33.0,932.2,False,48.1,197,1.1,2023,9,FP1
0 days 01:19:27.575000,28.5,32.0,932.2,False,47.8,349,1.6,2023,9,FP1
0 days 01:20:27.589000,28.5,32.0,932.2,False,47.7,16,1.0,2023,9,FP1
0 days 01:21:27.588000,28.4,32.0,932.2,False,47.7,101,1.0,2023,9,FP1
0 days 01:22:27.587000,28.5,32.0,932.2,False,47.7,342,0.4,2023,9,FP1
0 days 01:23:27.586000,28.4,32.0,932.0,False,47.7,18,0.8,2023,9,FP1
0 days 00:01:00.185000,23.0,44.0,999.0,False,38.7,207,3.5,2023,10,FP1
0 days 00:02:00.184000,23.1,44.0,999.0,False,38.7,226,2.7,2023,10,FP1
0 days 00:03:00.184000,23.1,44.0,999.0,False,38.7,268,2.7,2023,10,FP1
0 days 00:04:00.183000,23.0,45.0,999.0,False,38.7,264,2.2,2023,10,FP1
0 days 00:05:00.182000,23.0,45.0,999.0,False,39.1,236,1.8,2023,10,FP1
0 days 00:06:00.197000,23.2,44.0,998.9,False,39.4,242,2.0,2023,10,FP1
0 days 00:07:00.181000,23.3,43.0,998.9,False,39.5,241,2.2,2023,10,FP1
0 days 00:08:00.180000,23.3,44.0,998.9,False,39.5,245,1.2,2023,10,FP1
0 days 00:09:00.195000,23.2,44.0,998.9,False,39.3,257,1.7,2023,10,FP1
0 days 00:10:00.195000,23.1,44.0,998.9,False,39.8,248,1.8,2023,10,FP1
0 days 00:11:00.272000,23.2,43.0,998.9,False,39.9,231,1.8,2023,10,FP1
0 days 00:12:00.193000,23.2,43.0,998.7,False,39.9,203,3.0,2023,10,FP1
0 days 00:13:00.224000,23.1,43.0,998.9,False,39.9,198,3.0,2023,10,FP1
0 days 00:14:00.223000,23.0,44.0,998.7,False,39.8,216,3.7,2023,10,FP1
0 days 00:15:00.238000,23.0,45.0,998.7,False,39.7,205,4.0,2023,10,FP1
0 days 00:16:00.238000,23.1,43.0,998.9,False,39.7,256,2.7,2023,10,FP1
0 days 00:17:00.252000,23.3,44.0,998.7,False,39.7,219,2.0,2023,10,FP1
0 days 00:18:00.283000,23.5,43.0,998.7,False,39.8,200,2.2,2023,10,FP1
0 days 00:19:00.298000,23.5,44.0,998.9,False,39.9,194,3.9,2023,10,FP1
0 days 00:20:00.282000,23.6,44.0,998.9,False,39.9,200,3.0,2023,10,FP1
0 days 00:21:00.281000,23.5,44.0,998.9,False,39.6,220,3.0,2023,10,FP1
0 days 00:22:00.280000,23.4,44.0,998.9,False,39.3,190,2.5,2023,10,FP1
0 days 00:23:00.280000,23.5,45.0,998.7,False,39.4,224,2.0,2023,10,FP1
0 days 00:24:00.295000,23.5,43.0,998.7,False,39.7,245,2.0,2023,10,FP1
0 days 00:25:00.294000,23.4,43.0,998.7,False,39.7,230,1.6,2023,10,FP1
0 days 00:26:00.293000,23.5,44.0,998.7,False,39.5,203,3.0,2023,10,FP1
0 days 00:27:00.324000,23.5,43.0,998.9,False,39.6,196,3.2,2023,10,FP1
0 days 00:28:00.323000,23.4,44.0,998.9,False,39.6,235,4.0,2023,10,FP1
0 days 00:29:00.323000,23.5,44.0,998.7,False,39.5,271,3.0,2023,10,FP1
0 days 00:30:00.337000,23.5,42.0,998.7,False,39.6,244,2.5,2023,10,FP1
0 days 00:31:00.321000,23.7,41.0,998.7,False,40.4,268,1.7,2023,10,FP1
0 days 00:32:00.321000,23.7,42.0,998.9,False,40.5,223,1.8,2023,10,FP1
0 days 00:33:00.320000,23.8,40.0,998.7,False,40.5,272,2.0,2023,10,FP1
0 days 00:34:00.319000,23.7,41.0,998.9,False,40.5,267,1.8,2023,10,FP1
0 days 00:35:00.319000,23.7,41.0,998.7,False,40.4,212,1.7,2023,10,FP1
0 days 00:36:00.333000,23.6,41.0,998.7,False,40.4,192,2.5,2023,10,FP1
0 days 00:37:00.333000,23.7,43.0,998.9,False,40.4,257,2.5,2023,10,FP1
0 days 00:38:00.316000,23.8,41.0,998.7,False,40.2,329,2.7,2023,10,FP1
0 days 00:39:00.331000,23.8,41.0,998.9,False,40.2,195,0.8,2023,10,FP1
0 days 00:40:00.331000,23.7,42.0,998.7,False,40.5,213,3.4,2023,10,FP1
0 days 00:41:00.314000,23.7,43.0,998.7,False,40.2,195,3.7,2023,10,FP1
0 days 00:42:00.329000,23.6,43.0,998.7,False,40.2,194,3.5,2023,10,FP1
0 days 00:43:00.329000,23.8,42.0,998.7,False,40.0,210,3.9,2023,10,FP1
0 days 00:44:00.344000,23.9,43.0,998.7,False,40.3,190,2.7,2023,10,FP1
0 days 00:45:00.327000,23.9,42.0,998.7,False,40.4,189,3.7,2023,10,FP1
0 days 00:46:00.327000,23.9,43.0,998.7,False,40.4,221,3.4,2023,10,FP1
0 days 00:47:00.326000,23.9,42.0,998.7,False,40.3,219,3.0,2023,10,FP1
0 days 00:48:00.325000,23.8,42.0,998.7,False,40.3,286,3.2,2023,10,FP1
0 days 00:49:00.325000,23.8,42.0,998.7,False,40.6,241,1.7,2023,10,FP1
0 days 00:50:00.324000,23.9,42.0,998.7,False,40.8,244,2.7,2023,10,FP1
0 days 00:51:00.339000,23.9,41.0,998.7,False,41.0,249,2.5,2023,10,FP1
0 days 00:52:00.338000,24.0,41.0,998.7,False,41.0,287,2.2,2023,10,FP1
0 days 00:53:00.338000,24.2,40.0,998.7,False,41.0,224,1.6,2023,10,FP1
0 days 00:54:00.337000,24.2,41.0,998.7,False,41.0,203,1.1,2023,10,FP1
0 days 00:55:00.336000,24.1,40.0,998.5,False,40.8,330,2.9,2023,10,FP1
0 days 00:56:00.336000,24.1,41.0,998.7,False,40.8,262,2.0,2023,10,FP1
0 days 00:57:00.351000,24.1,40.0,998.7,False,40.8,201,2.5,2023,10,FP1
0 days 00:58:00.350000,24.3,39.0,998.7,False,41.4,242,3.0,2023,10,FP1
0 days 00:59:00.349000,24.4,39.0,998.7,False,41.2,269,2.4,2023,10,FP1
0 days 01:00:00.364000,24.3,39.0,998.7,False,41.2,261,1.7,2023,10,FP1
0 days 01:01:00.379000,24.3,39.0,998.7,False,41.1,206,1.2,2023,10,FP1
0 days 01:02:00.378000,24.3,40.0,998.7,False,41.3,229,2.5,2023,10,FP1
0 days 01:03:00.393000,24.4,40.0,998.7,False,41.1,230,2.7,2023,10,FP1
0 days 01:04:00.393000,24.3,40.0,998.7,False,41.1,194,3.5,2023,10,FP1
0 days 01:05:00.376000,24.0,40.0,998.7,False,41.0,198,3.0,2023,10,FP1
0 days 01:06:00.391000,24.0,40.0,998.7,False,41.0,204,2.4,2023,10,FP1
0 days 01:07:00.391000,24.1,40.0,998.7,False,40.9,188,1.7,2023,10,FP1
0 days 01:08:00.390000,24.2,40.0,998.7,False,41.3,192,2.5,2023,10,FP1
0 days 01:09:00.389000,24.4,41.0,998.5,False,41.3,200,2.0,2023,10,FP1
0 days 01:10:00.404000,24.4,42.0,998.7,False,41.0,224,1.2,2023,10,FP1
0 days 01:11:00.404000,24.3,40.0,998.5,False,41.3,246,3.2,2023,10,FP1
0 days 01:12:00.434000,24.4,40.0,998.5,False,41.5,224,2.5,2023,10,FP1
0 days 01:13:00.434000,24.4,41.0,998.5,False,41.4,260,2.5,2023,10,FP1
0 days 01:14:00.433000,24.4,39.0,998.5,False,41.4,254,2.9,2023,10,FP1
0 days 01:15:00.448000,24.5,39.0,998.5,False,41.9,256,1.7,2023,10,FP1
0 days 01:16:00.463000,24.6,39.0,998.5,False,42.0,347,1.2,2023,10,FP1
0 days 01:17:00.478000,24.7,40.0,998.5,False,42.0,235,1.2,2023,10,FP1
0 days 01:18:00.461000,24.8,40.0,998.5,False,42.0,251,2.0,2023,10,FP1
0 days 01:19:00.476000,24.8,40.0,998.5,False,42.0,251,2.0,2023,10,FP1
0 days 01:20:00.476000,24.7,39.0,998.5,False,41.8,263,2.5,2023,10,FP1
0 days 01:21:00.475000,24.7,39.0,998.5,False,41.9,245,2.2,2023,10,FP1
0 days 00:00:42.265000,24.8,51.0,985.0,False,37.5,139,2.0,2023,11,FP1
0 days 00:01:42.264000,24.7,51.0,985.0,False,37.1,105,1.2,2023,11,FP1
0 days 00:02:42.264000,24.7,51.0,985.0,False,36.8,97,1.7,2023,11,FP1
0 days 00:03:42.279000,24.6,51.0,984.9,False,36.8,76,2.0,2023,11,FP1
0 days 00:04:42.278000,24.7,49.0,985.0,False,36.8,112,1.7,2023,11,FP1
0 days 00:05:42.262000,24.7,50.0,985.0,False,36.8,81,1.5,2023,11,FP1
0 days 00:06:42.277000,24.5,51.0,985.0,False,36.2,101,2.0,2023,11,FP1
0 days 00:07:42.292000,24.5,50.0,984.9,False,36.2,97,2.0,2023,11,FP1
0 days 00:08:42.307000,24.4,51.0,985.0,False,36.0,87,1.8,2023,11,FP1
0 days 00:09:42.337000,24.5,51.0,984.9,False,36.1,103,2.4,2023,11,FP1
0 days 00:10:42.321000,24.5,51.0,984.7,False,35.8,106,1.8,2023,11,FP1
0 days 00:11:42.320000,24.5,52.0,984.9,False,35.4,105,2.7,2023,11,FP1
0 days 00:12:42.320000,24.5,52.0,984.7,False,35.4,99,2.4,2023,11,FP1
0 days 00:13:42.319000,24.4,52.0,984.7,False,35.3,91,1.8,2023,11,FP1
0 days 00:14:42.318000,24.4,53.0,985.0,False,35.3,99,2.4,2023,11,FP1
0 days 00:15:42.333000,24.3,53.0,984.9,False,35.2,97,1.7,2023,11,FP1
0 days 00:16:42.364000,24.2,53.0,984.9,False,35.1,105,1.5,2023,11,FP1
0 days 00:17:42.347000,24.1,53.0,985.0,False,34.8,126,2.0,2023,11,FP1
0 days 00:18:42.362000,24.1,53.0,985.0,False,34.8,109,1.7,2023,11,FP1
0 days 00:19:42.362000,24.1,52.0,985.0,False,34.9,96,1.8,2023,11,FP1
0 days 00:20:42.377000,24.1,53.0,984.7,False,35.0,100,2.2,2023,11,FP1
0 days 00:21:42.360000,24.1,53.0,984.9,False,35.0,100,1.7,2023,11,FP1
0 days 00:22:42.375000,24.1,53.0,984.7,False,35.0,107,1.7,2023,11,FP1
0 days 00:23:42.359000,24.1,53.0,984.9,False,35.0,95,2.4,2023,11,FP1
0 days 00:24:42.358000,24.0,53.0,984.7,False,34.2,94,1.7,2023,11,FP1
0 days 00:25:42.405000,24.0,53.0,984.9,False,33.9,97,2.0,2023,11,FP1
0 days 00:26:42.357000,24.0,54.0,984.7,False,33.9,93,2.4,2023,11,FP1
0 days 00:27:42.356000,23.9,54.0,984.7,False,33.5,96,2.0,2023,11,FP1
0 days 00:28:42.356000,23.8,55.0,984.7,True,33.3,113,1.8,2023,11,FP1
0 days 00:29:42.371000,23.8,56.0,984.7,True,33.1,96,2.5,2023,11,FP1
0 days 00:30:42.354000,23.7,56.0,984.9,True,32.1,112,2.5,2023,11,FP1
0 days 00:31:42.369000,23.6,59.0,984.7,True,31.7,99,3.0,2023,11,FP1
0 days 00:32:42.369000,23.6,61.0,984.7,True,30.0,110,2.0,2023,11,FP1
0 days 00:33:42.368000,23.5,61.0,984.9,True,29.8,106,2.7,2023,11,FP1
0 days 00:34:42.367000,23.3,64.0,984.9,True,29.1,102,2.0,2023,11,FP1
0 days 00:35:42.367000,23.2,63.0,984.7,True,29.1,101,1.8,2023,11,FP1
0 days 00:36:42.366000,23.1,62.0,984.7,True,28.5,98,2.0,2023,11,FP1
0 days 00:37:42.365000,22.9,63.0,984.7,True,28.6,113,2.0,2023,11,FP1
0 days 00:38:42.380000,22.8,63.0,984.9,True,28.6,97,1.7,2023,11,FP1
0 days 00:39:42.364000,22.8,63.0,984.9,True,28.5,115,2.0,2023,11,FP1
0 days 00:40:42.379000,22.8,65.0,985.0,True,28.2,100,2.2,2023,11,FP1
0 days 00:41:42.363000,22.8,64.0,985.0,True,28.1,105,1.6,2023,11,FP1
0 days 00:42:42.362000,22.8,65.0,985.0,True,28.1,115,1.6,2023,11,FP1
0 days 00:43:42.377000,22.7,65.0,985.0,True,27.9,107,1.5,2023,11,FP1
0 days 00:44:42.392000,22.6,65.0,985.2,True,27.9,105,1.1,2023,11,FP1
0 days 00:45:42.407000,22.6,66.0,985.2,True,27.9,91,1.2,2023,11,FP1
0 days 00:46:42.422000,22.6,65.0,985.2,True,27.9,103,1.2,2023,11,FP1
0 days 00:47:42.437000,22.5,66.0,985.2,True,28.0,132,0.8,2023,11,FP1
0 days 00:48:42.452000,22.6,66.0,985.2,True,28.1,142,0.5,2023,11,FP1
0 days 00:49:42.467000,22.6,69.0,985.2,True,28.1,0,0.4,2023,11,FP1
0 days 00:50:42.466000,22.6,67.0,985.2,True,27.8,132,0.8,2023,11,FP1
0 days 00:51:42.465000,22.5,65.0,985.2,True,27.5,0,0.0,2023,11,FP1
0 days 00:52:42.465000,22.4,67.0,985.2,True,27.0,237,0.0,2023,11,FP1
0 days 00:53:42.480000,22.3,68.0,985.2,True,27.3,221,1.1,2023,11,FP1
0 days 00:54:42.464000,22.2,69.0,985.2,True,27.5,269,0.8,2023,11,FP1
0 days 00:55:42.494000,22.2,71.0,985.2,True,27.5,57,0.5,2023,11,FP1
0 days 00:56:42.478000,22.0,70.0,985.2,True,27.5,267,0.8,2023,11,FP1
0 days 00:57:42.508000,21.9,70.0,985.0,True,26.8,272,1.2,2023,11,FP1
0 days 00:58:42.508000,21.8,71.0,985.2,True,26.8,276,1.5,2023,11,FP1
0 days 00:59:42.507000,21.8,70.0,985.2,True,26.8,269,1.6,2023,11,FP1
0 days 01:00:42.506000,21.7,70.0,985.2,True,26.7,258,1.7,2023,11,FP1
0 days 01:01:42.521000,21.6,71.0,985.0,False,26.7,262,1.7,2023,11,FP1
0 days 01:02:42.521000,21.6,71.0,985.2,False,26.8,265,1.6,2023,11,FP1
0 days 01:03:42.504000,21.6,76.0,985.0,False,26.8,276,1.1,2023,11,FP1
0 days 01:04:42.504000,21.6,71.0,985.0,False,26.8,263,1.1,2023,11,FP1
0 days 01:05:42.519000,21.6,72.0,985.0,False,27.1,269,1.5,2023,11,FP1
0 days 01:06:42.518000,21.6,74.0,985.0,False,27.2,230,0.8,2023,11,FP1
0 days 01:07:42.549000,21.7,74.0,985.0,False,27.5,179,0.8,2023,11,FP1
0 days 01:08:42.564000,21.7,74.0,985.0,False,27.6,105,0.6,2023,11,FP1
0 days 01:09:42.563000,21.7,72.0,985.0,True,27.6,130,0.8,2023,11,FP1
0 days 01:10:42.562000,21.8,70.0,985.0,True,27.5,146,0.6,2023,11,FP1
0 days 01:11:42.562000,21.9,68.0,985.0,True,27.5,125,0.8,2023,11,FP1
0 days 01:12:42.561000,22.0,69.0,984.9,True,27.4,108,0.8,2023,11,FP1
0 days 01:13:42.576000,22.0,69.0,984.9,True,27.4,147,1.1,2023,11,FP1
0 days 01:14:42.591000,22.0,70.0,984.9,True,27.5,146,1.2,2023,11,FP1
0 days 01:15:42.590000,22.0,70.0,985.0,True,27.6,164,1.1,2023,11,FP1
0 days 01:16:42.605000,22.1,69.0,985.0,True,27.9,119,0.8,2023,11,FP1
0 days 01:17:42.621000,22.1,68.0,985.0,True,27.9,128,0.8,2023,11,FP1
0 days 01:18:42.635000,22.3,69.0,985.0,True,28.2,125,0.8,2023,11,FP1
0 days 01:19:42.634000,22.3,67.0,985.0,True,28.2,136,1.0,2023,11,FP1
0 days 01:20:42.634000,22.4,68.0,985.0,True,28.2,110,0.6,2023,11,FP1
0 days 01:21:42.649000,22.4,69.0,984.9,True,28.5,0,0.6,2023,11,FP1
0 days 01:22:42.648000,22.4,67.0,985.0,True,28.7,153,0.5,2023,11,FP1
0 days 01:23:42.647000,22.4,70.0,985.0,True,28.7,164,1.0,2023,11,FP1
0 days 01:24:42.647000,22.6,69.0,984.9,True,29.3,96,0.8,2023,11,FP1
0 days 01:25:42.646000,22.6,69.0,984.9,True,29.9,139,0.8,2023,11,FP1
0 days 01:26:42.677000,22.7,68.0,985.0,True,30.5,135,0.8,2023,11,FP1
0 days 01:27:42.660000,22.8,69.0,984.9,False,30.5,98,0.8,2023,11,FP1
0 days 01:28:42.675000,22.8,69.0,984.7,False,30.5,110,0.6,2023,11,FP1
0 days 01:29:42.690000,23.0,71.0,984.9,False,30.7,127,1.1,2023,11,FP1
0 days 01:30:42.690000,22.9,69.0,984.9,False,30.2,120,0.6,2023,11,FP1
0 days 01:31:42.705000,23.0,67.0,984.9,False,30.2,118,0.8,2023,11,FP1
0 days 01:32:42.704000,23.0,69.0,984.9,False,30.2,122,1.0,2023,11,FP1
0 days 01:33:42.703000,23.1,67.0,984.9,False,30.2,117,1.6,2023,11,FP1
0 days 01:34:42.703000,23.1,67.0,984.9,False,29.6,88,1.2,2023,11,FP1
0 days 01:35:42.717000,23.1,67.0,984.7,False,29.7,153,0.5,2023,11,FP1
0 days 01:36:42.732000,23.2,67.0,984.7,False,30.3,140,1.0,2023,11,FP1
0 days 01:37:42.747000,23.2,68.0,984.9,True,30.5,153,1.2,2023,11,FP1
0 days 01:38:42.747000,23.4,67.0,984.9,True,30.9,88,1.0,2023,11,FP1
0 days 01:39:42.777000,23.4,66.0,984.7,False,31.0,123,1.1,2023,11,FP1
0 days 01:40:42.777000,23.5,66.0,984.7,False,31.3,100,1.2,2023,11,FP1
0 days 01:41:42.776000,23.6,66.0,984.7,False,31.1,149,0.8,2023,11,FP1
0 days 01:42:42.775000,23.6,64.0,984.7,False,30.9,141,1.3,2023,11,FP1
0 days 01:43:42.775000,23.6,68.0,984.7,False,29.8,120,1.2,2023,11,FP1
0 days 01:44:42.790000,23.6,64.0,984.7,False,29.8,112,1.3,2023,11,FP1
0 days 01:45:42.789000,23.6,67.0,984.7,False,29.8,133,1.3,2023,11,FP1
0 days 01:46:42.788000,23.5,65.0,984.7,False,28.9,122,1.1,2023,11,FP1
0 days 01:47:42.787000,23.5,65.0,984.7,False,28.9,128,2.0,2023,11,FP1
0 days 01:48:42.787000,23.4,66.0,984.9,False,28.6,146,1.7,2023,11,FP1
0 days 01:49:42.786000,23.4,67.0,984.7,False,28.1,138,1.8,2023,11,FP1
0 days 01:50:42.801000,23.3,67.0,984.7,False,28.2,199,1.1,2023,11,FP1
0 days 01:51:42.785000,23.3,68.0,984.9,False,28.2,218,0.6,2023,11,FP1
0 days 01:52:42.784000,23.3,68.0,984.9,False,28.4,185,0.8,2023,11,FP1
0 days 01:53:42.783000,23.2,66.0,984.9,False,28.4,153,1.2,2023,11,FP1
0 days 01:54:42.783000,23.2,67.0,984.9,False,28.2,317,0.8,2023,11,FP1
0 days 01:55:42.782000,23.2,65.0,984.9,False,28.5,264,1.6,2023,11,FP1
0 days 01:56:42.781000,23.2,65.0,984.9,False,28.5,246,1.3,2023,11,FP1
0 days 01:57:42.781000,23.2,66.0,985.0,False,27.9,268,1.6,2023,11,FP1
0 days 01:58:42.796000,23.3,65.0,985.0,False,27.9,258,2.0,2023,11,FP1
0 days 01:59:42.779000,23.3,64.0,985.0,False,27.5,284,2.4,2023,11,FP1
0 days 02:00:42.794000,23.2,65.0,985.2,False,27.5,260,2.2,2023,11,FP1
0 days 02:01:42.794000,23.2,66.0,985.2,False,26.9,266,1.7,2023,11,FP1
0 days 02:02:42.793000,23.2,66.0,985.2,False,26.9,274,2.0,2023,11,FP1
0 days 02:03:42.792000,23.0,66.0,985.2,False,26.9,273,2.2,2023,11,FP1
0 days 02:04:42.792000,22.9,66.0,985.2,False,26.5,270,3.0,2023,11,FP1
0 days 02:05:42.791000,22.9,66.0,985.2,False,26.2,263,2.9,2023,11,FP1
0 days 02:06:42.790000,22.9,66.0,985.2,False,26.0,282,2.0,2023,11,FP1
0 days 02:07:42.790000,22.9,67.0,985.2,False,26.0,267,2.2,2023,11,FP1
0 days 02:08:42.789000,22.9,66.0,985.2,False,26.0,282,2.7,2023,11,FP1
0 days 02:09:42.788000,22.9,66.0,985.2,False,26.1,268,2.0,2023,11,FP1
0 days 02:10:42.803000,22.8,65.0,985.2,False,25.8,283,3.0,2023,11,FP1
0 days 02:11:42.803000,22.8,65.0,985.2,False,25.6,255,2.0,2023,11,FP1
0 days 02:12:42.802000,22.7,66.0,985.2,False,25.6,275,2.0,2023,11,FP1
0 days 02:13:42.801000,22.7,64.0,985.2,False,25.8,286,2.7,2023,11,FP1
0 days 02:14:42.801000,22.7,65.0,985.2,False,25.8,271,1.8,2023,11,FP1
0 days 02:15:42.800000,22.7,65.0,985.2,False,25.9,258,2.5,2023,11,FP1
0 days 02:16:42.846000,22.6,65.0,985.2,False,25.9,258,2.7,2023,11,FP1
0 days 02:17:42.799000,22.6,65.0,985.2,False,25.9,272,2.0,2023,11,FP1
0 days 02:18:42.798000,22.6,66.0,985.2,False,26.0,210,2.0,2023,11,FP1
0 days 02:19:42.969000,22.6,65.0,985.2,False,26.6,280,1.6,2023,11,FP1
0 days 02:20:42.797000,22.6,64.0,985.2,False,26.6,266,1.8,2023,11,FP1
0 days 02:21:42.812000,22.7,62.0,985.2,False,26.6,270,2.4,2023,11,FP1
0 days 02:22:42.795000,22.8,62.0,985.2,False,26.2,113,1.8,2023,11,FP1
0 days 02:23:42.795000,22.8,61.0,985.2,False,26.2,266,1.3,2023,11,FP1
0 days 02:24:42.794000,22.8,59.0,985.0,False,26.7,260,2.4,2023,11,FP1
0 days 02:25:42.809000,22.8,60.0,985.0,False,26.8,177,1.8,2023,11,FP1
0 days 02:26:42.808000,22.8,60.0,984.9,False,27.1,270,0.8,2023,11,FP1
0 days 02:27:42.807000,22.9,59.0,984.9,False,27.9,130,0.8,2023,11,FP1
0 days 00:00:11.877000,17.9,94.0,961.7,True,22.0,124,0.6,2023,12,FP1
0 days 00:01:11.892000,17.9,94.0,961.7,True,22.2,127,0.6,2023,12,FP1
0 days 00:02:11.891000,17.9,94.0,961.7,True,22.0,136,1.2,2023,12,FP1
0 days 00:03:11.905000,18.0,94.0,961.5,True,22.0,129,1.6,2023,12,FP1
0 days 00:04:11.904000,18.0,94.0,961.5,True,22.0,55,0.8,2023,12,FP1
0 days 00:05:11.919000,18.0,94.0,961.7,True,22.0,136,0.6,2023,12,FP1
0 days 00:06:11.918000,18.0,94.0,961.5,True,22.0,148,0.8,2023,12,FP1
0 days 00:07:11.932000,18.0,94.0,961.7,True,22.1,130,1.1,2023,12,FP1
0 days 00:08:11.931000,18.0,94.0,961.7,True,22.2,288,1.2,2023,12,FP1
0 days 00:09:11.930000,17.9,94.0,961.5,True,22.3,120,0.4,2023,12,FP1
0 days 00:10:11.929000,18.0,94.0,961.7,True,22.4,152,0.6,2023,12,FP1
0 days 00:11:11.928000,18.0,93.0,961.7,True,22.4,55,0.6,2023,12,FP1
0 days 00:12:11.927000,18.0,94.0,961.5,True,22.7,113,0.6,2023,12,FP1
0 days 00:13:11.926000,18.0,94.0,961.7,True,22.7,135,0.8,2023,12,FP1
0 days 00:14:11.925000,18.0,94.0,961.5,True,22.6,143,1.3,2023,12,FP1
0 days 00:15:11.939000,18.0,94.0,961.5,True,22.6,105,1.0,2023,12,FP1
0 days 00:16:11.923000,18.1,94.0,961.5,True,22.6,77,0.8,2023,12,FP1
0 days 00:17:11.922000,18.1,94.0,961.7,True,22.6,152,1.0,2023,12,FP1
0 days 00:18:11.920000,18.1,94.0,961.5,True,22.6,148,1.1,2023,12,FP1
0 days 00:19:11.935000,18.1,94.0,961.5,True,22.6,113,1.2,2023,12,FP1
0 days 00:20:11.934000,18.1,94.0,961.5,True,22.6,112,1.8,2023,12,FP1
0 days 00:21:11.949000,18.1,93.0,961.5,True,22.5,139,1.7,2023,12,FP1
0 days 00:22:11.947000,18.1,94.0,961.7,True,22.2,129,2.4,2023,12,FP1
0 days 00:23:11.946000,18.1,94.0,961.5,True,21.7,116,2.5,2023,12,FP1
0 days 00:24:11.977000,18.1,93.0,961.5,True,21.5,137,1.2,2023,12,FP1
0 days 00:25:11.991000,18.1,94.0,961.5,True,21.5,94,1.0,2023,12,FP1
0 days 00:26:12.021000,18.1,94.0,961.5,True,21.3,350,0.6,2023,12,FP1
0 days 00:27:12.036000,18.0,94.0,961.5,True,21.6,149,0.6,2023,12,FP1
0 days 00:28:12.052000,18.1,94.0,961.7,True,21.7,0,0.8,2023,12,FP1
0 days 00:29:12.067000,18.1,94.0,961.5,True,21.9,140,1.3,2023,12,FP1
0 days 00:30:12.050000,18.1,94.0,961.7,True,22.2,229,1.2,2023,12,FP1
0 days 00:31:12.065000,18.1,93.0,961.5,True,22.3,82,0.8,2023,12,FP1
0 days 00:32:12.064000,18.1,93.0,961.5,True,22.4,256,2.0,2023,12,FP1
0 days 00:33:12.063000,18.0,95.0,961.5,True,22.7,210,1.2,2023,12,FP1
0 days 00:34:12.061000,18.3,93.0,961.5,True,23.0,9,1.1,2023,12,FP1
0 days 00:35:12.060000,18.3,94.0,961.5,True,23.0,140,0.6,2023,12,FP1
0 days 00:36:12.075000,18.3,94.0,961.5,True,23.4,120,1.2,2023,12,FP1
0 days 00:37:12.058000,18.4,94.0,961.5,True,23.8,0,1.2,2023,12,FP1
0 days 00:38:12.073000,18.5,94.0,961.5,True,23.8,164,1.7,2023,12,FP1
0 days 00:39:12.072000,18.4,94.0,961.5,True,23.8,133,1.2,2023,12,FP1
0 days 00:40:12.102000,18.3,93.0,961.5,True,23.4,140,1.0,2023,12,FP1
0 days 00:41:12.117000,18.3,94.0,961.5,True,23.2,350,1.2,2023,12,FP1
0 days 00:42:12.115000,18.3,93.0,961.5,True,23.0,206,0.8,2023,12,FP1
0 days 00:43:12.114000,18.3,93.0,961.5,True,22.8,352,0.5,2023,12,FP1
0 days 00:44:12.113000,18.1,93.0,961.5,True,22.7,281,1.6,2023,12,FP1
0 days 00:45:12.128000,18.1,93.0,961.5,True,22.7,167,0.8,2023,12,FP1
0 days 00:46:12.142000,18.0,94.0,961.5,True,22.6,171,1.3,2023,12,FP1
0 days 00:47:12.141000,18.0,94.0,961.5,True,22.7,153,1.8,2023,12,FP1
0 days 00:48:12.125000,17.9,93.0,961.5,True,22.7,126,1.0,2023,12,FP1
0 days 00:49:12.155000,17.8,94.0,961.5,True,22.9,135,1.3,2023,12,FP1
0 days 00:50:12.169000,17.8,93.0,961.5,True,22.7,133,1.3,2023,12,FP1
0 days 00:51:12.184000,17.7,93.0,961.5,True,22.7,134,1.6,2023,12,FP1
0 days 00:52:12.199000,17.7,93.0,961.5,True,22.6,148,0.5,2023,12,FP1
0 days 00:53:12.198000,17.7,94.0,961.5,True,22.6,154,1.6,2023,12,FP1
0 days 00:54:12.196000,17.8,93.0,961.5,True,22.5,53,1.2,2023,12,FP1
0 days 00:55:12.195000,17.8,93.0,961.5,True,22.4,102,0.8,2023,12,FP1
0 days 00:56:12.210000,17.8,94.0,961.5,True,21.8,135,2.0,2023,12,FP1
0 days 00:57:12.193000,17.9,93.0,961.5,True,21.7,83,1.7,2023,12,FP1
0 days 00:58:12.192000,17.9,94.0,961.5,True,21.7,133,1.7,2023,12,FP1
0 days 00:59:12.207000,17.8,94.0,961.7,True,21.6,194,2.4,2023,12,FP1
0 days 01:00:12.206000,17.8,93.0,961.5,True,21.7,128,2.0,2023,12,FP1
0 days 01:01:12.205000,17.8,94.0,961.5,True,21.5,134,2.4,2023,12,FP1
0 days 01:02:12.219000,17.8,93.0,961.5,True,21.4,160,1.5,2023,12,FP1
0 days 01:03:12.203000,17.8,94.0,961.5,True,21.5,66,1.2,2023,12,FP1
0 days 01:04:12.202000,17.8,94.0,961.5,True,21.4,130,1.1,2023,12,FP1
0 days 01:05:12.201000,17.9,94.0,961.7,True,21.5,257,1.5,2023,12,FP1
0 days 01:06:12.200000,17.8,93.0,961.7,True,21.2,0,1.2,2023,12,FP1
0 days 01:07:12.214000,17.9,95.0,961.5,True,21.2,170,1.7,2023,12,FP1
0 days 01:08:12.229000,17.8,94.0,961.7,True,21.1,169,1.7,2023,12,FP1
0 days 01:09:12.228000,17.9,94.0,961.5,True,21.1,0,0.6,2023,12,FP1
0 days 01:10:12.258000,17.9,94.0,961.7,True,21.2,311,0.0,2023,12,FP1
0 days 01:11:12.257000,17.9,94.0,961.5,True,21.4,134,1.1,2023,12,FP1
0 days 01:12:12.256000,17.9,94.0,961.7,True,21.5,141,1.0,2023,12,FP1
0 days 01:13:12.255000,17.8,94.0,961.5,True,21.5,125,2.7,2023,12,FP1
0 days 01:14:12.254000,17.8,94.0,961.7,True,21.4,109,1.7,2023,12,FP1
0 days 01:15:12.252000,17.8,94.0,961.7,True,21.1,101,0.8,2023,12,FP1
0 days 01:16:12.251000,17.8,95.0,961.7,True,20.9,97,1.2,2023,12,FP1
0 days 01:17:12.282000,17.8,94.0,961.7,True,20.8,149,1.1,2023,12,FP1
0 days 01:18:12.281000,17.9,95.0,961.5,True,20.8,142,0.8,2023,12,FP1
0 days 01:19:12.295000,17.9,95.0,961.5,True,20.8,142,0.8,2023,12,FP1
0 days 01:20:12.310000,17.9,95.0,961.7,True,20.8,330,0.6,2023,12,FP1
0 days 01:21:12.309000,17.9,94.0,961.5,True,21.0,148,0.8,2023,12,FP1
0 days 01:22:12.308000,17.9,95.0,961.7,True,21.0,134,0.8,2023,12,FP1
0 days 01:23:12.307000,18.0,95.0,961.5,True,21.4,118,0.6,2023,12,FP1
0 days 01:24:12.337000,18.0,95.0,961.5,True,21.5,118,1.2,2023,12,FP1
0 days 01:25:12.320000,18.0,95.0,961.5,True,21.8,166,1.1,2023,12,FP1
0 days 01:26:12.335000,17.9,94.0,961.7,True,21.8,106,0.8,2023,12,FP1
0 days 01:27:12.349000,18.0,95.0,961.7,True,21.8,113,0.6,2023,12,FP1
0 days 00:00:35.208000,20.4,80.0,1007.5,False,30.6,14,1.2,2023,13,FP1
0 days 00:01:35.223000,20.4,80.0,1007.5,False,30.4,22,1.7,2023,13,FP1
0 days 00:02:35.222000,20.4,80.0,1007.5,False,30.4,343,1.6,2023,13,FP1
0 days 00:03:35.221000,20.2,81.0,1007.5,False,30.4,54,0.8,2023,13,FP1
0 days 00:04:35.235000,20.3,80.0,1007.5,False,30.4,23,1.0,2023,13,FP1
0 days 00:05:35.250000,20.3,80.0,1007.5,False,30.4,47,2.0,2023,13,FP1
0 days 00:06:35.264000,20.3,81.0,1007.5,False,30.1,49,1.1,2023,13,FP1
0 days 00:07:35.263000,20.3,80.0,1007.5,False,30.7,23,1.3,2023,13,FP1
0 days 00:08:35.293000,20.3,80.0,1007.5,False,30.7,43,2.5,2023,13,FP1
0 days 00:09:35.292000,20.3,81.0,1007.5,False,30.5,52,2.0,2023,13,FP1
0 days 00:10:35.307000,20.4,80.0,1007.4,False,30.5,41,1.6,2023,13,FP1
0 days 00:11:35.306000,20.3,80.0,1007.5,False,30.4,14,2.2,2023,13,FP1
0 days 00:12:35.305000,20.3,80.0,1007.5,False,30.4,35,1.7,2023,13,FP1
0 days 00:13:35.304000,20.4,81.0,1007.5,False,30.3,24,2.2,2023,13,FP1
0 days 00:14:35.318000,20.3,81.0,1007.5,False,30.3,39,1.0,2023,13,FP1
0 days 00:15:35.301000,20.4,80.0,1007.5,False,30.2,25,2.0,2023,13,FP1
0 days 00:16:35.300000,20.4,80.0,1007.4,False,30.4,37,1.7,2023,13,FP1
0 days 00:17:35.315000,20.5,80.0,1007.4,False,30.5,44,1.7,2023,13,FP1
0 days 00:18:35.314000,20.5,79.0,1007.5,False,31.1,18,0.6,2023,13,FP1
0 days 00:19:35.313000,20.6,79.0,1007.4,False,31.1,36,1.8,2023,13,FP1
0 days 00:20:35.312000,20.7,78.0,1007.4,False,31.5,19,2.2,2023,13,FP1
0 days 00:21:35.311000,20.7,79.0,1007.4,False,31.8,50,2.5,2023,13,FP1
0 days 00:22:35.310000,20.7,78.0,1007.2,False,32.1,27,2.0,2023,13,FP1
0 days 00:23:35.308000,20.8,78.0,1007.5,False,31.7,36,1.6,2023,13,FP1
0 days 00:24:35.307000,20.8,78.0,1007.4,False,31.7,28,1.5,2023,13,FP1
0 days 00:25:35.306000,20.9,78.0,1007.5,False,32.3,0,1.2,2023,13,FP1
0 days 00:26:35.305000,21.1,77.0,1007.2,False,33.0,65,1.6,2023,13,FP1
0 days 00:27:35.304000,21.1,77.0,1007.4,False,33.3,39,1.1,2023,13,FP1
0 days 00:28:35.334000,21.2,76.0,1007.4,False,33.6,5,1.7,2023,13,FP1
0 days 00:29:35.349000,21.2,76.0,1007.4,False,33.7,39,1.7,2023,13,FP1
0 days 00:30:35.348000,21.2,77.0,1007.4,False,33.7,37,1.6,2023,13,FP1
0 days 00:31:35.362000,21.2,77.0,1007.4,False,34.0,34,1.7,2023,13,FP1
0 days 00:32:35.533000,21.3,77.0,1007.2,False,34.0,33,1.2,2023,13,FP1
0 days 00:33:35.360000,21.2,77.0,1007.4,False,33.9,5,0.8,2023,13,FP1
0 days 00:34:35.375000,21.3,76.0,1007.4,False,33.9,67,1.2,2023,13,FP1
0 days 00:35:35.405000,21.3,76.0,1007.2,False,34.3,46,1.3,2023,13,FP1
0 days 00:36:35.419000,21.2,75.0,1007.4,False,34.7,25,2.2,2023,13,FP1
0 days 00:37:35.418000,21.2,76.0,1007.4,False,34.5,30,2.2,2023,13,FP1
0 days 00:38:35.433000,21.2,77.0,1007.4,False,34.5,46,2.4,2023,13,FP1
0 days 00:39:35.432000,21.0,76.0,1007.4,False,34.2,47,2.5,2023,13,FP1
0 days 00:40:35.446000,21.0,77.0,1007.2,False,33.9,33,2.0,2023,13,FP1
0 days 00:41:35.445000,20.9,77.0,1007.4,False,33.8,21,2.2,2023,13,FP1
0 days 00:42:35.444000,20.9,77.0,1007.2,False,33.9,31,2.0,2023,13,FP1
0 days 00:43:35.443000,20.8,77.0,1007.4,False,34.2,23,2.0,2023,13,FP1
0 days 00:44:35.442000,20.8,78.0,1007.4,False,34.3,18,1.7,2023,13,FP1
0 days 00:45:35.441000,20.9,77.0,1007.4,False,34.3,24,2.2,2023,13,FP1
0 days 00:46:35.440000,21.0,77.0,1007.2,False,34.8,37,2.0,2023,13,FP1
0 days 00:47:35.454000,21.1,77.0,1007.4,False,35.4,28,1.7,2023,13,FP1
0 days 00:48:35.438000,21.2,76.0,1007.5,False,35.4,54,1.6,2023,13,FP1
0 days 00:49:35.452000,21.2,75.0,1007.5,False,35.9,24,1.3,2023,13,FP1
0 days 00:50:35.451000,21.1,75.0,1007.2,False,35.7,52,1.2,2023,13,FP1
0 days 00:51:35.450000,21.2,75.0,1007.2,False,35.8,24,2.2,2023,13,FP1
0 days 00:52:35.433000,21.1,75.0,1007.2,False,36.0,32,2.5,2023,13,FP1
0 days 00:53:35.448000,21.1,75.0,1007.4,False,36.1,43,2.5,2023,13,FP1
0 days 00:54:35.447000,21.1,75.0,1007.2,False,36.2,41,2.2,2023,13,FP1
0 days 00:55:35.446000,21.1,76.0,1007.4,False,36.2,50,2.0,2023,13,FP1
0 days 00:56:35.445000,21.1,75.0,1007.2,False,36.4,29,1.7,2023,13,FP1
0 days 00:57:35.444000,21.1,75.0,1007.4,False,36.4,38,2.5,2023,13,FP1
0 days 00:58:35.458000,21.1,75.0,1007.4,False,36.2,38,2.0,2023,13,FP1
0 days 00:59:35.457000,21.0,75.0,1007.5,False,36.2,28,2.5,2023,13,FP1
0 days 01:00:35.456000,21.0,75.0,1007.4,False,36.2,26,2.2,2023,13,FP1
0 days 01:01:35.439000,21.0,76.0,1007.4,False,36.0,46,2.0,2023,13,FP1
0 days 01:02:35.454000,21.0,76.0,1007.4,False,36.0,46,2.0,2023,13,FP1
0 days 01:03:35.453000,21.0,75.0,1007.2,False,36.5,47,2.0,2023,13,FP1
0 days 01:04:35.452000,21.0,76.0,1007.4,False,35.8,26,3.2,2023,13,FP1
0 days 01:05:35.466000,20.9,76.0,1007.4,False,35.4,34,2.7,2023,13,FP1
0 days 01:06:35.465000,20.9,76.0,1007.4,False,35.4,78,2.2,2023,13,FP1
0 days 01:07:35.448000,20.9,75.0,1007.4,False,35.5,42,1.2,2023,13,FP1
0 days 01:08:35.447000,21.0,75.0,1007.4,False,35.5,20,1.6,2023,13,FP1
0 days 01:09:35.462000,21.0,75.0,1007.2,False,35.2,63,1.2,2023,13,FP1
0 days 01:10:35.461000,21.0,75.0,1007.4,False,35.2,51,1.3,2023,13,FP1
0 days 01:11:35.460000,21.0,75.0,1007.4,False,35.3,34,1.0,2023,13,FP1
0 days 01:12:35.459000,21.0,75.0,1007.2,False,35.3,17,0.8,2023,13,FP1
0 days 01:13:35.458000,20.9,74.0,1007.4,False,35.4,8,1.5,2023,13,FP1
0 days 01:14:35.472000,20.9,75.0,1007.5,False,35.4,13,2.0,2023,13,FP1
0 days 01:15:35.471000,20.9,75.0,1007.4,False,35.1,38,2.7,2023,13,FP1
0 days 01:16:35.501000,20.9,75.0,1007.4,False,35.1,46,2.2,2023,13,FP1
0 days 01:17:35.516000,20.9,76.0,1007.4,False,35.0,52,2.2,2023,13,FP1
0 days 01:18:35.515000,21.0,76.0,1007.4,False,35.5,38,2.0,2023,13,FP1
0 days 01:19:35.514000,21.0,76.0,1007.5,False,35.6,31,3.2,2023,13,FP1
0 days 01:20:35.512000,20.9,76.0,1007.5,False,35.1,54,2.5,2023,13,FP1
0 days 00:00:25.881000,24.9,50.0,997.7,False,40.8,153,2.0,2023,14,FP1
0 days 00:01:25.896000,25.0,50.0,997.7,False,40.8,248,1.7,2023,14,FP1
0 days 00:02:25.895000,25.0,51.0,997.5,False,40.8,276,1.3,2023,14,FP1
0 days 00:03:25.894000,25.0,50.0,997.7,False,40.5,0,0.6,2023,14,FP1
0 days 00:04:25.893000,25.0,51.0,997.7,False,40.5,146,1.3,2023,14,FP1
0 days 00:05:25.891000,25.0,50.0,997.7,False,40.8,225,1.7,2023,14,FP1
0 days 00:06:25.906000,25.1,49.0,997.7,False,41.2,207,0.6,2023,14,FP1
0 days 00:07:25.905000,25.1,49.0,997.5,False,39.7,152,1.1,2023,14,FP1
0 days 00:08:25.904000,25.0,48.0,997.7,False,38.8,180,1.2,2023,14,FP1
0 days 00:09:25.903000,25.0,49.0,997.5,False,38.2,180,1.2,2023,14,FP1
0 days 00:10:25.902000,25.0,50.0,997.5,False,37.5,193,1.1,2023,14,FP1
0 days 00:11:25.901000,25.0,50.0,997.7,False,37.5,151,1.2,2023,14,FP1
0 days 00:12:25.900000,25.0,50.0,997.7,False,37.3,215,0.8,2023,14,FP1
0 days 00:13:25.899000,25.0,52.0,997.7,False,37.2,169,1.7,2023,14,FP1
0 days 00:14:25.898000,24.9,52.0,997.7,False,36.3,320,0.6,2023,14,FP1
0 days 00:15:25.897000,24.9,53.0,997.7,False,36.4,161,1.1,2023,14,FP1
0 days 00:16:25.911000,24.9,53.0,997.7,False,36.4,152,1.1,2023,14,FP1
0 days 00:17:25.910000,24.9,52.0,997.5,False,36.4,232,0.8,2023,14,FP1
0 days 00:18:25.909000,24.9,52.0,997.5,False,36.1,193,0.6,2023,14,FP1
0 days 00:19:25.908000,24.9,52.0,997.5,False,36.0,153,0.8,2023,14,FP1
0 days 00:20:25.907000,24.9,52.0,997.5,False,36.3,150,1.7,2023,14,FP1
0 days 00:21:25.906000,24.9,51.0,997.5,False,36.4,156,1.6,2023,14,FP1
0 days 00:22:25.905000,24.8,51.0,997.5,False,36.4,143,1.2,2023,14,FP1
0 days 00:23:25.919000,24.9,51.0,997.5,False,36.4,159,1.5,2023,14,FP1
0 days 00:24:25.934000,24.9,52.0,997.5,False,36.1,146,1.7,2023,14,FP1
0 days 00:25:25.949000,24.9,52.0,997.5,False,36.0,176,1.6,2023,14,FP1
0 days 00:26:25.963000,24.9,52.0,997.5,False,35.9,150,1.2,2023,14,FP1
0 days 00:27:25.962000,24.9,51.0,997.5,False,35.7,103,1.5,2023,14,FP1
0 days 00:28:25.961000,24.9,51.0,997.5,False,35.7,167,0.8,2023,14,FP1
0 days 00:29:25.976000,24.9,52.0,997.5,False,35.6,117,0.4,2023,14,FP1
0 days 00:30:25.990000,24.9,52.0,997.5,False,35.6,143,1.2,2023,14,FP1
0 days 00:31:25.989000,24.9,51.0,997.5,False,36.5,147,1.3,2023,14,FP1
0 days 00:32:26.004000,25.0,50.0,997.5,False,37.5,146,1.1,2023,14,FP1
0 days 00:33:26.003000,25.1,50.0,997.5,False,37.8,110,0.8,2023,14,FP1
0 days 00:34:26.017000,25.2,50.0,997.4,False,38.0,161,1.3,2023,14,FP1
0 days 00:35:26.001000,25.3,50.0,997.5,False,39.0,160,0.6,2023,14,FP1
0 days 00:36:26,25.4,50.0,997.5,False,39.1,143,0.8,2023,14,FP1
0 days 00:37:26.014000,25.4,50.0,997.5,False,39.1,146,2.0,2023,14,FP1
0 days 00:38:26.013000,25.5,50.0,997.5,False,38.8,183,1.3,2023,14,FP1
0 days 00:39:26.012000,25.5,50.0,997.5,False,38.6,213,1.2,2023,14,FP1
0 days 00:40:26.027000,25.6,51.0,997.5,False,37.4,160,0.6,2023,14,FP1
0 days 00:41:26.010000,25.5,50.0,997.4,False,37.1,194,0.0,2023,14,FP1
0 days 00:42:26.009000,25.6,50.0,997.5,False,36.9,164,0.8,2023,14,FP1
0 days 00:43:26.023000,25.6,49.0,997.5,False,37.0,148,1.5,2023,14,FP1
0 days 00:44:26.022000,25.6,49.0,997.5,False,37.0,144,1.7,2023,14,FP1
0 days 00:45:26.053000,25.6,50.0,997.5,False,39.6,148,2.2,2023,14,FP1
0 days 00:46:26.052000,25.6,49.0,997.5,False,39.8,173,2.2,2023,14,FP1
0 days 00:47:26.050000,25.6,50.0,997.5,False,39.7,186,1.3,2023,14,FP1
0 days 00:48:26.049000,25.6,50.0,997.5,False,38.9,173,1.2,2023,14,FP1
0 days 00:49:26.048000,25.5,49.0,997.5,False,37.5,201,0.6,2023,14,FP1
0 days 00:50:26.063000,25.4,50.0,997.5,False,37.3,242,1.3,2023,14,FP1
0 days 00:51:26.046000,25.4,50.0,997.5,False,38.0,177,1.3,2023,14,FP1
0 days 00:52:26.045000,25.5,49.0,997.5,False,38.0,0,0.8,2023,14,FP1
0 days 00:53:26.044000,25.5,50.0,997.5,False,37.3,207,0.6,2023,14,FP1
0 days 00:54:26.059000,25.4,50.0,997.5,False,36.9,170,1.1,2023,14,FP1
0 days 00:55:26.073000,25.3,50.0,997.4,False,36.8,183,0.6,2023,14,FP1
0 days 00:56:26.088000,25.2,51.0,997.5,False,36.4,192,1.2,2023,14,FP1
0 days 00:57:26.102000,25.2,51.0,997.5,False,36.4,187,1.5,2023,14,FP1
0 days 00:58:26.101000,25.2,51.0,997.5,False,36.4,226,0.5,2023,14,FP1
0 days 00:59:26.100000,25.3,50.0,997.5,False,36.2,0,0.6,2023,14,FP1
0 days 01:00:26.099000,25.3,50.0,997.5,False,36.1,202,0.0,2023,14,FP1
0 days 01:01:26.098000,25.2,50.0,997.5,False,35.8,208,0.8,2023,14,FP1
0 days 01:02:26.097000,25.3,50.0,997.5,False,35.5,108,0.5,2023,14,FP1
0 days 01:03:26.112000,25.3,51.0,997.4,False,35.5,128,0.6,2023,14,FP1
0 days 01:04:26.111000,25.3,50.0,997.5,False,35.5,165,0.8,2023,14,FP1
0 days 01:05:26.110000,25.3,50.0,997.5,False,35.7,144,1.6,2023,14,FP1
0 days 01:06:26.109000,25.2,51.0,997.4,False,35.5,138,2.5,2023,14,FP1
0 days 01:07:26.108000,25.2,50.0,997.4,False,35.5,147,2.0,2023,14,FP1
0 days 01:08:26.106000,25.3,51.0,997.4,False,35.5,176,1.7,2023,14,FP1
0 days 01:09:26.105000,25.4,52.0,997.5,False,35.2,162,1.8,2023,14,FP1
0 days 01:10:26.104000,25.3,51.0,997.5,False,35.2,138,1.3,2023,14,FP1
0 days 01:11:26.119000,25.3,51.0,997.5,False,35.0,177,0.8,2023,14,FP1
0 days 01:12:26.118000,25.3,50.0,997.4,False,35.0,161,1.7,2023,14,FP1
0 days 01:13:26.117000,25.2,50.0,997.5,False,35.0,195,1.2,2023,14,FP1
0 days 01:14:26.116000,25.3,50.0,997.5,False,34.9,169,1.1,2023,14,FP1
0 days 01:15:26.115000,25.3,50.0,997.5,False,34.9,206,1.3,2023,14,FP1
0 days 01:16:26.114000,25.3,49.0,997.5,False,34.7,51,1.2,2023,14,FP1
0 days 01:17:26.113000,25.3,50.0,997.5,False,34.3,199,0.8,2023,14,FP1
0 days 01:18:26.112000,25.3,50.0,997.5,False,34.3,206,1.5,2023,14,FP1
0 days 01:19:26.111000,25.3,50.0,997.5,False,36.4,251,1.0,2023,14,FP1
0 days 01:20:26.125000,25.3,51.0,997.4,False,36.9,199,0.6,2023,14,FP1
0 days 01:21:26.108000,25.4,50.0,997.5,False,37.6,304,0.8,2023,14,FP1
0 days 01:22:26.139000,25.5,50.0,997.4,False,37.6,243,1.0,2023,14,FP1
0 days 00:00:12.218000,32.0,60.0,1007.7,False,45.7,161,2.0,2023,15,FP1
0 days 00:01:12.217000,32.0,61.0,1007.7,False,45.5,168,2.4,2023,15,FP1
0 days 00:02:12.215000,32.0,60.0,1007.7,False,45.1,163,2.9,2023,15,FP1
0 days 00:03:12.214000,32.1,60.0,1007.7,False,45.1,163,3.2,2023,15,FP1
0 days 00:04:12.213000,32.0,61.0,1007.7,False,45.2,157,3.0,2023,15,FP1
0 days 00:05:12.212000,32.0,61.0,1007.7,False,45.2,186,2.2,2023,15,FP1
0 days 00:06:12.211000,32.0,61.0,1007.7,False,44.8,198,2.5,2023,15,FP1
0 days 00:07:12.210000,32.0,61.0,1007.7,False,44.8,189,1.7,2023,15,FP1
0 days 00:08:12.209000,32.0,61.0,1007.7,False,45.5,184,2.0,2023,15,FP1
0 days 00:09:12.224000,32.1,61.0,1007.7,False,45.5,166,1.8,2023,15,FP1
0 days 00:10:12.207000,32.1,61.0,1007.7,False,45.4,163,1.7,2023,15,FP1
0 days 00:11:12.222000,32.1,61.0,1007.7,False,45.3,183,2.2,2023,15,FP1
0 days 00:12:12.221000,32.1,61.0,1007.7,False,45.2,163,1.8,2023,15,FP1
0 days 00:13:12.219000,32.1,61.0,1007.9,False,45.1,187,2.2,2023,15,FP1
0 days 00:14:12.218000,32.0,61.0,1007.7,False,45.0,151,2.5,2023,15,FP1
0 days 00:15:12.217000,32.0,62.0,1007.7,False,44.4,165,2.4,2023,15,FP1
0 days 00:16:12.216000,32.0,62.0,1007.7,False,44.3,184,1.7,2023,15,FP1
0 days 00:17:12.231000,31.9,62.0,1007.7,False,44.3,178,1.7,2023,15,FP1
0 days 00:18:12.230000,31.9,62.0,1007.7,False,44.4,166,1.7,2023,15,FP1
0 days 00:19:12.229000,32.0,63.0,1007.7,False,44.2,157,2.0,2023,15,FP1
0 days 00:20:12.228000,31.9,62.0,1007.7,False,43.8,164,2.2,2023,15,FP1
0 days 00:21:12.227000,31.9,63.0,1007.7,False,43.9,179,2.5,2023,15,FP1
0 days 00:22:12.226000,31.9,63.0,1007.7,False,43.9,177,2.0,2023,15,FP1
0 days 00:23:12.240000,31.9,63.0,1007.7,False,44.0,112,2.0,2023,15,FP1
0 days 00:24:12.239000,32.0,63.0,1007.7,False,44.0,173,1.6,2023,15,FP1
0 days 00:25:12.222000,31.9,62.0,1007.7,False,43.5,182,2.5,2023,15,FP1
0 days 00:26:12.221000,31.9,63.0,1007.7,False,43.5,184,3.0,2023,15,FP1
0 days 00:27:12.236000,31.9,63.0,1007.7,False,43.5,180,2.5,2023,15,FP1
0 days 00:28:12.235000,31.8,63.0,1007.7,False,43.3,180,3.2,2023,15,FP1
0 days 00:29:12.234000,31.7,64.0,1007.7,False,42.9,185,2.7,2023,15,FP1
0 days 00:30:12.233000,31.6,64.0,1007.7,False,43.3,182,3.0,2023,15,FP1
0 days 00:31:12.247000,31.5,64.0,1007.7,False,43.3,180,2.5,2023,15,FP1
0 days 00:32:12.231000,31.6,64.0,1007.7,False,43.3,172,2.5,2023,15,FP1
0 days 00:33:12.230000,31.5,64.0,1007.9,False,43.1,170,2.5,2023,15,FP1
0 days 00:34:12.229000,31.6,64.0,1007.9,False,43.0,177,2.7,2023,15,FP1
0 days 00:35:12.228000,31.5,64.0,1007.9,False,42.4,177,3.0,2023,15,FP1
0 days 00:36:12.227000,31.4,64.0,1007.9,False,42.4,174,3.0,2023,15,FP1
0 days 00:37:12.241000,31.4,64.0,1007.9,False,42.6,177,2.5,2023,15,FP1
0 days 00:38:12.240000,31.4,65.0,1008.0,False,42.6,169,2.0,2023,15,FP1
0 days 00:39:12.239000,31.3,64.0,1007.9,False,42.8,195,2.2,2023,15,FP1
0 days 00:40:12.238000,31.3,64.0,1008.0,False,42.8,172,2.5,2023,15,FP1
0 days 00:41:12.237000,31.3,65.0,1008.0,False,42.8,160,2.2,2023,15,FP1
0 days 00:42:12.236000,31.3,65.0,1007.9,False,42.6,177,2.0,2023,15,FP1
0 days 00:43:12.235000,31.3,65.0,1008.0,False,42.6,165,2.5,2023,15,FP1
0 days 00:44:12.234000,31.2,65.0,1008.0,False,42.6,177,1.8,2023,15,FP1
0 days 00:45:12.233000,31.1,65.0,1008.0,False,42.6,180,2.4,2023,15,FP1
0 days 00:46:12.247000,31.1,65.0,1008.0,False,42.6,176,1.7,2023,15,FP1
0 days 00:47:12.246000,31.1,64.0,1008.0,False,42.3,164,1.8,2023,15,FP1
0 days 00:48:12.245000,31.0,64.0,1008.0,False,42.3,195,2.7,2023,15,FP1
0 days 00:49:12.244000,31.0,65.0,1008.0,False,42.3,161,1.7,2023,15,FP1
0 days 00:50:12.243000,31.0,65.0,1008.0,False,42.3,170,2.0,2023,15,FP1
0 days 00:51:12.258000,31.1,64.0,1008.0,False,42.2,183,2.5,2023,15,FP1
0 days 00:52:12.241000,31.1,65.0,1008.2,False,42.0,163,2.2,2023,15,FP1
0 days 00:53:12.240000,31.1,64.0,1008.2,False,42.2,175,2.2,2023,15,FP1
0 days 00:54:12.254000,31.1,65.0,1008.2,False,42.3,173,2.7,2023,15,FP1
0 days 00:55:12.253000,31.1,65.0,1008.2,False,42.3,182,2.0,2023,15,FP1
0 days 00:56:12.252000,31.1,65.0,1008.2,False,41.8,175,2.2,2023,15,FP1
0 days 00:57:12.251000,31.1,64.0,1008.2,False,42.1,185,2.2,2023,15,FP1
0 days 00:58:12.235000,31.1,64.0,1008.2,False,42.1,178,3.0,2023,15,FP1
0 days 00:59:12.249000,31.1,64.0,1008.2,False,41.9,185,2.2,2023,15,FP1
0 days 01:00:12.248000,31.0,64.0,1008.2,False,41.9,168,3.0,2023,15,FP1
0 days 01:01:12.247000,31.1,64.0,1008.2,False,41.7,170,2.4,2023,15,FP1
0 days 01:02:12.246000,31.0,64.0,1008.2,False,41.7,175,1.6,2023,15,FP1
0 days 01:03:12.261000,31.0,64.0,1008.2,False,41.7,183,2.2,2023,15,FP1
0 days 01:04:12.259000,31.0,65.0,1008.2,False,41.5,172,2.5,2023,15,FP1
0 days 01:05:12.258000,31.0,65.0,1008.2,False,41.4,190,2.2,2023,15,FP1
0 days 01:06:12.257000,31.0,65.0,1008.2,False,41.4,190,2.2,2023,15,FP1
0 days 01:07:12.256000,31.0,65.0,1008.2,False,41.4,171,2.5,2023,15,FP1
0 days 01:08:12.255000,31.0,65.0,1008.2,False,41.4,188,2.4,2023,15,FP1
0 days 01:09:12.254000,31.0,65.0,1008.2,False,41.5,184,2.2,2023,15,FP1
0 days 01:10:12.253000,31.0,65.0,1008.2,False,41.7,182,1.7,2023,15,FP1
0 days 01:11:12.268000,31.0,65.0,1008.2,False,41.8,184,2.4,2023,15,FP1
0 days 01:12:12.251000,31.0,65.0,1008.2,False,41.5,185,2.5,2023,15,FP1
0 days 01:13:12.266000,31.0,65.0,1008.2,False,41.5,179,2.4,2023,15,FP1
0 days 01:14:12.265000,31.0,66.0,1008.2,False,41.6,179,2.2,2023,15,FP1
0 days 01:15:12.263000,31.0,66.0,1008.2,False,41.6,178,2.2,2023,15,FP1
0 days 01:16:12.262000,31.0,66.0,1008.2,False,41.7,166,2.0,2023,15,FP1
0 days 01:17:12.261000,31.0,65.0,1008.4,False,41.6,173,2.2,2023,15,FP1
0 days 01:18:12.260000,31.0,66.0,1008.2,False,41.4,184,2.4,2023,15,FP1
0 days 01:19:12.259000,31.0,66.0,1008.2,False,41.4,165,2.2,2023,15,FP1
0 days 01:20:12.258000,31.0,65.0,1008.2,False,41.4,172,2.2,2023,15,FP1
0 days 01:21:12.257000,31.0,65.0,1008.4,False,41.3,173,2.0,2023,15,FP1
0 days 00:00:08.484000,28.0,74.0,1007.7,False,37.2,151,1.6,2023,16,FP1
0 days 00:01:08.499000,28.0,73.0,1007.5,False,37.7,151,0.8,2023,16,FP1
0 days 00:02:08.483000,27.9,74.0,1007.5,False,37.8,158,2.0,2023,16,FP1
0 days 00:03:08.498000,27.9,74.0,1007.5,False,37.7,150,2.2,2023,16,FP1
0 days 00:04:08.497000,28.0,74.0,1007.5,False,37.5,136,1.3,2023,16,FP1
0 days 00:05:08.497000,27.9,74.0,1007.5,False,37.3,158,1.5,2023,16,FP1
0 days 00:06:08.496000,27.8,75.0,1007.5,False,36.9,154,1.3,2023,16,FP1
0 days 00:07:08.495000,27.8,75.0,1007.5,False,36.9,174,0.8,2023,16,FP1
0 days 00:08:08.495000,27.8,74.0,1007.5,False,37.2,149,1.3,2023,16,FP1
0 days 00:09:08.509000,27.8,74.0,1007.4,False,37.7,148,2.0,2023,16,FP1
0 days 00:10:08.524000,27.8,74.0,1007.5,False,37.7,153,2.5,2023,16,FP1
0 days 00:11:08.524000,27.7,74.0,1007.5,False,38.1,149,2.7,2023,16,FP1
0 days 00:12:08.523000,27.7,75.0,1007.5,False,37.6,141,2.2,2023,16,FP1
0 days 00:13:08.538000,27.7,74.0,1007.5,False,37.1,132,1.8,2023,16,FP1
0 days 00:14:08.553000,27.7,75.0,1007.5,False,36.8,137,1.1,2023,16,FP1
0 days 00:15:08.568000,27.6,74.0,1007.5,False,36.8,130,0.6,2023,16,FP1
0 days 00:16:08.567000,27.6,74.0,1007.5,False,36.8,127,1.0,2023,16,FP1
0 days 00:17:08.582000,27.7,73.0,1007.5,False,36.8,110,1.1,2023,16,FP1
0 days 00:18:08.597000,27.8,72.0,1007.5,False,36.9,108,0.6,2023,16,FP1
0 days 00:19:08.581000,27.8,72.0,1007.4,False,37.0,83,1.0,2023,16,FP1
0 days 00:20:08.596000,27.8,71.0,1007.4,False,37.2,66,0.8,2023,16,FP1
0 days 00:21:08.611000,27.9,71.0,1007.4,False,36.9,97,0.8,2023,16,FP1
0 days 00:22:08.594000,28.0,72.0,1007.2,False,37.0,0,0.4,2023,16,FP1
0 days 00:23:08.594000,28.0,71.0,1007.2,False,37.0,137,0.0,2023,16,FP1
0 days 00:24:08.593000,28.0,71.0,1007.2,False,37.0,137,0.0,2023,16,FP1
0 days 00:25:08.608000,28.1,71.0,1007.2,False,36.9,327,0.4,2023,16,FP1
0 days 00:26:08.607000,28.1,71.0,1007.4,False,37.1,312,0.6,2023,16,FP1
0 days 00:27:08.622000,28.1,70.0,1007.2,False,37.1,121,0.6,2023,16,FP1
0 days 00:28:08.637000,28.1,71.0,1007.4,False,36.8,91,0.3,2023,16,FP1
0 days 00:29:08.637000,28.2,71.0,1007.2,False,36.8,288,0.4,2023,16,FP1
0 days 00:30:08.636000,28.2,70.0,1007.2,False,37.5,0,0.6,2023,16,FP1
0 days 00:31:08.635000,28.2,69.0,1007.2,False,37.9,188,0.4,2023,16,FP1
0 days 00:32:08.650000,28.2,69.0,1007.2,False,38.0,172,0.6,2023,16,FP1
0 days 00:33:08.634000,28.2,69.0,1007.2,False,38.0,172,0.6,2023,16,FP1
0 days 00:34:08.633000,28.3,70.0,1007.2,False,37.8,159,0.8,2023,16,FP1
0 days 00:35:08.633000,28.3,70.0,1007.2,False,37.7,139,0.8,2023,16,FP1
0 days 00:36:08.632000,28.3,71.0,1007.2,False,37.7,73,1.0,2023,16,FP1
0 days 00:37:08.647000,28.3,71.0,1007.2,False,37.6,62,0.8,2023,16,FP1
0 days 00:38:08.662000,28.4,71.0,1007.2,False,37.6,153,0.5,2023,16,FP1
0 days 00:39:08.661000,28.5,70.0,1007.2,False,37.6,0,0.4,2023,16,FP1
0 days 00:40:08.676000,28.5,70.0,1007.2,False,38.6,113,0.4,2023,16,FP1
0 days 00:41:08.675000,28.7,70.0,1007.2,False,38.6,86,0.6,2023,16,FP1
0 days 00:42:08.675000,28.7,69.0,1007.2,False,38.9,0,0.3,2023,16,FP1
0 days 00:43:08.674000,28.6,68.0,1007.2,False,39.0,323,0.0,2023,16,FP1
0 days 00:44:08.705000,28.6,66.0,1007.0,False,39.0,286,1.6,2023,16,FP1
0 days 00:45:08.704000,28.6,67.0,1007.2,False,38.9,283,1.6,2023,16,FP1
0 days 00:46:08.719000,28.5,67.0,1007.2,False,38.6,279,1.0,2023,16,FP1
0 days 00:47:08.734000,28.5,67.0,1007.0,False,38.3,272,1.1,2023,16,FP1
0 days 00:48:08.749000,28.4,67.0,1007.0,False,38.0,323,1.0,2023,16,FP1
0 days 00:49:08.764000,28.4,67.0,1007.2,False,37.7,288,1.6,2023,16,FP1
0 days 00:50:08.779000,28.4,65.0,1007.0,False,37.7,280,1.8,2023,16,FP1
0 days 00:51:08.762000,28.3,65.0,1007.0,False,37.9,281,2.0,2023,16,FP1
0 days 00:52:08.777000,28.4,65.0,1007.0,False,37.9,292,1.8,2023,16,FP1
0 days 00:53:08.777000,28.4,65.0,1007.0,False,37.9,292,2.5,2023,16,FP1
0 days 00:54:08.792000,28.4,65.0,1007.0,False,37.9,290,2.7,2023,16,FP1
0 days 00:55:08.791000,28.3,65.0,1007.0,False,38.0,274,2.0,2023,16,FP1
0 days 00:56:08.790000,28.3,65.0,1007.2,False,37.9,296,3.0,2023,16,FP1
0 days 00:57:08.790000,28.3,65.0,1007.0,False,37.9,288,2.0,2023,16,FP1
0 days 00:58:08.789000,28.3,66.0,1007.0,False,38.0,285,2.2,2023,16,FP1
0 days 00:59:08.788000,28.4,66.0,1007.0,False,38.2,303,2.0,2023,16,FP1
0 days 01:00:08.788000,28.3,65.0,1007.0,False,38.3,285,1.2,2023,16,FP1
0 days 01:01:08.787000,28.2,65.0,1007.0,False,38.4,289,2.7,2023,16,FP1
0 days 01:02:08.786000,28.2,66.0,1007.0,False,38.4,288,1.7,2023,16,FP1
0 days 01:03:08.801000,28.2,65.0,1007.0,False,38.4,287,2.0,2023,16,FP1
0 days 01:04:08.816000,28.2,66.0,1007.0,False,37.9,316,1.0,2023,16,FP1
0 days 01:05:08.831000,28.2,67.0,1007.0,False,37.8,297,0.8,2023,16,FP1
0 days 01:06:08.830000,28.1,66.0,1007.0,False,37.8,12,0.6,2023,16,FP1
0 days 01:07:08.845000,28.1,67.0,1007.0,False,37.9,315,0.8,2023,16,FP1
0 days 01:08:08.845000,28.1,67.0,1007.0,False,37.9,290,1.1,2023,16,FP1
0 days 01:09:08.860000,28.0,66.0,1007.0,False,37.4,4,1.2,2023,16,FP1
0 days 01:10:08.859000,28.1,66.0,1007.0,False,37.4,296,0.8,2023,16,FP1
0 days 01:11:08.874000,28.0,66.0,1007.0,True,37.3,285,2.5,2023,16,FP1
0 days 01:12:08.873000,28.0,66.0,1007.0,True,37.5,278,1.6,2023,16,FP1
0 days 01:13:08.873000,28.0,67.0,1007.0,True,37.6,310,2.5,2023,16,FP1
0 days 01:14:08.888000,28.0,66.0,1007.0,True,37.7,285,1.6,2023,16,FP1
0 days 01:15:08.918000,28.0,66.0,1007.0,False,37.6,305,2.5,2023,16,FP1
0 days 01:16:08.902000,28.0,66.0,1007.0,False,37.5,288,1.8,2023,16,FP1
0 days 01:17:08.917000,28.0,65.0,1007.0,False,37.5,284,2.7,2023,16,FP1
0 days 01:18:08.916000,28.0,66.0,1006.9,False,37.5,316,3.0,2023,16,FP1
0 days 01:19:08.915000,27.9,67.0,1007.0,True,37.5,289,2.2,2023,16,FP1
0 days 01:20:08.915000,27.9,67.0,1006.9,True,37.5,291,1.6,2023,16,FP1
0 days 01:21:08.914000,27.9,67.0,1007.0,True,37.8,278,2.0,2023,16,FP1
0 days 01:22:08.913000,27.9,67.0,1007.0,True,37.8,289,1.6,2023,16,FP1
0 days 00:00:08.324000,35.6,33.0,1005.5,False,42.1,315,5.8,2023,17,FP1
0 days 00:01:08.323000,35.5,33.0,1005.5,False,42.1,311,5.3,2023,17,FP1
0 days 00:02:08.321000,35.5,32.0,1005.5,False,42.2,308,6.0,2023,17,FP1
0 days 00:03:08.320000,35.5,32.0,1005.5,False,42.1,337,5.9,2023,17,FP1
0 days 00:04:08.319000,35.5,31.0,1005.5,False,42.1,322,5.5,2023,17,FP1
0 days 00:05:08.318000,35.4,31.0,1005.5,False,42.0,316,5.8,2023,17,FP1
0 days 00:06:08.317000,35.4,31.0,1005.5,False,42.0,327,5.4,2023,17,FP1
0 days 00:07:08.332000,35.4,31.0,1005.5,False,42.0,330,5.8,2023,17,FP1
0 days 00:08:08.331000,35.4,31.0,1005.5,False,41.7,314,5.8,2023,17,FP1
0 days 00:09:08.330000,35.5,32.0,1005.5,False,41.5,320,5.5,2023,17,FP1
0 days 00:10:08.329000,35.5,32.0,1005.5,False,41.5,320,5.5,2023,17,FP1
0 days 00:11:08.328000,35.5,33.0,1005.5,False,41.4,319,4.3,2023,17,FP1
0 days 00:12:08.327000,35.5,34.0,1005.5,False,41.3,325,4.4,2023,17,FP1
0 days 00:13:08.326000,35.4,34.0,1005.5,False,41.3,320,4.1,2023,17,FP1
0 days 00:14:08.325000,35.3,34.0,1005.5,False,41.3,316,5.0,2023,17,FP1
0 days 00:15:08.323000,35.3,33.0,1005.5,False,41.0,317,6.1,2023,17,FP1
0 days 00:16:08.338000,35.2,33.0,1005.7,False,40.9,332,5.8,2023,17,FP1
0 days 00:17:08.353000,35.2,32.0,1005.5,False,41.0,313,6.0,2023,17,FP1
0 days 00:18:08.352000,35.1,32.0,1005.5,False,41.0,322,6.5,2023,17,FP1
0 days 00:19:08.335000,35.1,33.0,1005.5,False,40.9,312,6.5,2023,17,FP1
0 days 00:20:08.318000,35.1,33.0,1005.5,False,40.5,323,5.4,2023,17,FP1
0 days 00:21:08.333000,35.1,33.0,1005.5,False,40.6,329,4.5,2023,17,FP1
0 days 00:22:08.363000,35.1,33.0,1005.5,False,40.4,324,4.5,2023,17,FP1
0 days 00:23:08.331000,35.0,33.0,1005.5,False,40.4,327,4.8,2023,17,FP1
0 days 00:24:08.345000,35.0,32.0,1005.5,False,40.7,335,4.1,2023,17,FP1
0 days 00:25:08.360000,35.0,33.0,1005.5,False,40.3,336,5.4,2023,17,FP1
0 days 00:26:08.374000,35.0,33.0,1005.5,False,40.2,321,4.6,2023,17,FP1
0 days 00:27:08.358000,35.0,33.0,1005.5,False,40.1,322,4.6,2023,17,FP1
0 days 00:28:08.372000,35.0,33.0,1005.5,False,40.1,330,4.5,2023,17,FP1
0 days 00:29:08.371000,35.0,33.0,1005.5,False,40.1,326,4.3,2023,17,FP1
0 days 00:30:08.386000,35.0,34.0,1005.5,False,40.3,323,3.4,2023,17,FP1
0 days 00:31:08.385000,34.9,34.0,1005.5,False,40.3,325,3.4,2023,17,FP1
0 days 00:32:08.384000,34.9,34.0,1005.5,False,40.4,331,3.5,2023,17,FP1
0 days 00:33:08.383000,34.9,34.0,1005.5,False,40.3,327,6.0,2023,17,FP1
0 days 00:34:08.397000,34.8,34.0,1005.5,False,40.0,331,4.8,2023,17,FP1
0 days 00:35:08.381000,34.8,34.0,1005.5,False,40.0,332,5.5,2023,17,FP1
0 days 00:36:08.379000,34.8,34.0,1005.5,False,40.0,324,4.3,2023,17,FP1
0 days 00:37:08.394000,34.7,34.0,1005.5,False,40.0,331,5.4,2023,17,FP1
0 days 00:38:08.393000,34.6,34.0,1005.5,False,40.0,324,5.5,2023,17,FP1
0 days 00:39:08.392000,34.6,34.0,1005.5,False,39.9,313,5.4,2023,17,FP1
0 days 00:40:08.391000,34.6,34.0,1005.5,False,39.9,314,4.9,2023,17,FP1
0 days 00:41:08.390000,34.6,34.0,1005.5,False,39.9,322,4.4,2023,17,FP1
0 days 00:42:08.389000,34.5,34.0,1005.5,False,39.9,330,4.0,2023,17,FP1
0 days 00:43:08.388000,34.5,34.0,1005.5,False,39.6,330,4.1,2023,17,FP1
0 days 00:44:08.387000,34.5,35.0,1005.5,False,39.6,326,3.9,2023,17,FP1
0 days 00:45:08.401000,34.5,35.0,1005.5,False,39.5,332,5.5,2023,17,FP1
0 days 00:46:08.385000,34.5,35.0,1005.5,False,39.5,317,5.1,2023,17,FP1
0 days 00:47:08.399000,34.4,35.0,1005.5,False,39.5,321,4.0,2023,17,FP1
0 days 00:48:08.398000,34.4,35.0,1005.5,False,39.5,309,3.7,2023,17,FP1
0 days 00:49:08.397000,34.3,34.0,1005.5,False,39.5,325,3.7,2023,17,FP1
0 days 00:50:08.396000,34.4,35.0,1005.5,False,39.5,324,4.4,2023,17,FP1
0 days 00:51:08.395000,34.3,35.0,1005.5,False,39.4,308,4.3,2023,17,FP1
0 days 00:52:08.394000,34.3,35.0,1005.5,False,39.4,316,3.2,2023,17,FP1
0 days 00:53:08.408000,34.3,35.0,1005.5,False,39.5,317,2.5,2023,17,FP1
0 days 00:54:08.407000,34.3,34.0,1005.5,False,39.4,314,3.0,2023,17,FP1
0 days 00:55:08.406000,34.3,34.0,1005.5,False,39.4,315,3.0,2023,17,FP1
0 days 00:56:08.421000,34.3,34.0,1005.5,False,39.3,322,3.7,2023,17,FP1
0 days 00:57:08.436000,34.2,35.0,1005.4,False,39.3,322,4.5,2023,17,FP1
0 days 00:58:08.434000,34.2,35.0,1005.4,False,39.0,314,5.1,2023,17,FP1
0 days 00:59:08.449000,34.1,35.0,1005.5,False,39.0,321,4.9,2023,17,FP1
0 days 01:00:08.479000,34.0,36.0,1005.5,False,38.9,326,4.1,2023,17,FP1
0 days 01:01:08.478000,34.0,36.0,1005.5,False,38.6,323,3.7,2023,17,FP1
0 days 01:02:08.477000,34.0,36.0,1005.5,False,38.5,337,4.1,2023,17,FP1
0 days 01:03:08.492000,34.0,36.0,1005.5,False,38.8,323,4.1,2023,17,FP1
0 days 01:04:08.491000,34.0,36.0,1005.5,False,38.6,317,4.5,2023,17,FP1
0 days 01:05:08.490000,33.9,36.0,1005.5,False,38.6,325,4.8,2023,17,FP1
0 days 01:06:08.489000,33.9,36.0,1005.5,False,38.5,329,4.8,2023,17,FP1
0 days 01:07:08.487000,33.9,36.0,1005.5,False,38.5,332,5.5,2023,17,FP1
0 days 01:08:08.486000,33.9,36.0,1005.5,False,38.4,312,5.3,2023,17,FP1
0 days 01:09:08.485000,33.8,37.0,1005.5,False,38.4,321,4.5,2023,17,FP1
0 days 01:10:08.484000,33.8,37.0,1005.5,False,38.4,332,4.4,2023,17,FP1
0 days 01:11:08.483000,33.8,37.0,1005.5,False,38.2,318,3.9,2023,17,FP1
0 days 01:12:08.498000,33.7,37.0,1005.5,False,38.4,322,4.0,2023,17,FP1
0 days 01:13:08.497000,33.7,37.0,1005.5,False,38.3,326,4.1,2023,17,FP1
0 days 01:14:08.496000,33.7,37.0,1005.5,False,38.3,320,4.0,2023,17,FP1
0 days 01:15:08.495000,33.7,37.0,1005.5,False,38.3,314,4.0,2023,17,FP1
0 days 01:16:08.494000,33.7,37.0,1005.5,False,38.3,329,5.0,2023,17,FP1
0 days 01:17:08.493000,33.6,37.0,1005.7,False,38.2,333,5.3,2023,17,FP1
0 days 01:18:08.492000,33.6,37.0,1005.7,False,38.1,326,4.3,2023,17,FP1
0 days 01:19:08.490000,33.6,37.0,1005.7,False,38.1,325,4.5,2023,17,FP1
0 days 01:20:08.489000,33.5,37.0,1005.5,False,38.0,330,4.1,2023,17,FP1
0 days 01:21:08.504000,33.5,38.0,1005.5,False,38.0,320,4.9,2023,17,FP1
0 days 00:00:36.247000,31.3,20.0,997.0,False,36.7,273,1.7,2023,18,FP1
0 days 00:01:36.246000,31.4,20.0,997.0,False,36.7,23,0.6,2023,18,FP1
0 days 00:02:36.245000,31.5,21.0,997.0,False,36.7,172,0.4,2023,18,FP1
0 days 00:03:36.244000,31.5,21.0,996.9,False,36.6,183,0.6,2023,18,FP1
0 days 00:04:36.243000,31.5,21.0,996.9,False,36.6,149,0.6,2023,18,FP1
0 days 00:05:36.226000,31.6,21.0,997.0,False,36.7,274,0.4,2023,18,FP1
0 days 00:06:36.241000,31.6,19.0,996.7,False,36.9,324,0.8,2023,18,FP1
0 days 00:07:36.240000,31.6,19.0,996.7,False,37.2,233,0.6,2023,18,FP1
0 days 00:08:36.254000,31.7,19.0,996.7,False,37.3,304,0.6,2023,18,FP1
0 days 00:09:36.253000,31.7,17.0,996.7,False,37.3,294,1.3,2023,18,FP1
0 days 00:10:36.283000,31.8,17.0,996.7,False,37.6,310,2.0,2023,18,FP1
0 days 00:11:36.298000,31.9,18.0,996.7,False,37.6,290,2.5,2023,18,FP1
0 days 00:12:36.297000,32.0,18.0,996.7,False,37.6,289,2.2,2023,18,FP1
0 days 00:13:36.296000,32.0,18.0,996.7,False,37.8,297,1.8,2023,18,FP1
0 days 00:14:36.295000,32.2,17.0,996.7,False,37.8,283,1.8,2023,18,FP1
0 days 00:15:36.309000,32.2,19.0,996.7,False,37.8,281,2.0,2023,18,FP1
0 days 00:16:36.324000,32.2,18.0,996.5,False,37.9,314,2.0,2023,18,FP1
0 days 00:17:36.338000,32.1,18.0,996.5,False,37.9,266,1.5,2023,18,FP1
0 days 00:18:36.353000,32.2,18.0,996.5,False,38.1,245,1.6,2023,18,FP1
0 days 00:19:36.367000,32.1,18.0,996.5,False,38.2,304,1.1,2023,18,FP1
0 days 00:20:36.382000,32.3,18.0,996.5,False,38.4,305,1.5,2023,18,FP1
0 days 00:21:36.381000,32.3,17.0,996.5,False,38.5,264,1.0,2023,18,FP1
0 days 00:22:36.380000,32.3,17.0,996.5,False,38.5,316,1.2,2023,18,FP1
0 days 00:23:36.379000,32.5,17.0,996.5,False,38.7,135,1.2,2023,18,FP1
0 days 00:24:36.378000,32.6,17.0,996.5,False,38.9,326,0.8,2023,18,FP1
0 days 00:25:36.377000,32.5,18.0,996.5,True,38.9,301,1.6,2023,18,FP1
0 days 00:26:36.375000,32.5,18.0,996.5,True,38.5,265,1.2,2023,18,FP1
0 days 00:27:36.406000,32.5,18.0,996.5,False,38.5,278,1.2,2023,18,FP1
0 days 00:28:36.420000,32.6,16.0,996.5,False,38.9,281,1.7,2023,18,FP1
0 days 00:29:36.419000,32.5,16.0,996.5,False,39.2,296,2.5,2023,18,FP1
0 days 00:30:36.434000,32.5,15.0,996.4,False,39.2,318,2.2,2023,18,FP1
0 days 00:31:36.433000,32.5,16.0,996.4,False,39.2,253,1.0,2023,18,FP1
0 days 00:32:36.432000,32.6,15.0,996.4,False,39.1,340,1.0,2023,18,FP1
0 days 00:33:36.446000,32.8,15.0,996.4,False,39.2,262,0.8,2023,18,FP1
0 days 00:34:36.429000,33.0,16.0,996.4,False,39.4,285,2.7,2023,18,FP1
0 days 00:35:36.428000,33.0,15.0,996.4,False,39.4,286,2.7,2023,18,FP1
0 days 00:36:36.427000,33.0,15.0,996.4,False,39.3,294,2.5,2023,18,FP1
0 days 00:37:36.442000,33.0,15.0,996.2,False,39.4,319,2.2,2023,18,FP1
0 days 00:38:36.441000,33.0,15.0,996.2,False,39.4,292,1.7,2023,18,FP1
0 days 00:39:36.440000,33.1,15.0,996.2,False,39.4,296,1.2,2023,18,FP1
0 days 00:40:36.439000,33.2,15.0,996.2,False,39.4,273,2.2,2023,18,FP1
0 days 00:41:36.453000,33.2,15.0,996.2,False,39.4,307,1.7,2023,18,FP1
0 days 00:42:36.436000,33.1,15.0,996.2,False,39.4,278,1.0,2023,18,FP1
0 days 00:43:36.451000,33.0,15.0,996.2,False,39.2,0,0.4,2023,18,FP1
0 days 00:44:36.450000,33.1,15.0,996.2,False,39.3,317,0.5,2023,18,FP1
0 days 00:45:36.449000,33.1,15.0,996.2,False,39.4,282,1.2,2023,18,FP1
0 days 00:46:36.448000,33.1,15.0,996.2,False,39.8,283,1.7,2023,18,FP1
0 days 00:47:36.478000,33.1,15.0,996.0,False,39.8,311,2.5,2023,18,FP1
0 days 00:48:36.493000,33.1,15.0,996.0,False,40.0,314,2.2,2023,18,FP1
0 days 00:49:36.492000,33.2,14.0,996.0,False,40.1,286,2.5,2023,18,FP1
0 days 00:50:36.506000,33.3,15.0,996.0,False,40.1,281,2.5,2023,18,FP1
0 days 00:51:36.505000,33.4,14.0,996.0,False,40.3,320,1.8,2023,18,FP1
0 days 00:52:36.504000,33.5,14.0,996.0,False,40.3,300,1.2,2023,18,FP1
0 days 00:53:36.518000,33.5,14.0,996.0,False,40.5,261,1.0,2023,18,FP1
0 days 00:54:36.517000,33.5,14.0,996.0,False,40.5,284,2.5,2023,18,FP1
0 days 00:55:36.532000,33.5,13.0,996.0,False,40.7,312,2.4,2023,18,FP1
0 days 00:56:36.531000,33.5,14.0,996.0,False,40.8,291,3.0,2023,18,FP1
0 days 00:57:36.530000,33.5,14.0,996.0,False,40.6,276,2.7,2023,18,FP1
0 days 00:58:36.529000,33.6,14.0,996.0,False,40.6,298,2.2,2023,18,FP1
0 days 00:59:36.528000,33.7,14.0,996.0,False,40.5,324,1.5,2023,18,FP1
0 days 01:00:36.527000,33.7,14.0,996.0,False,40.6,266,2.0,2023,18,FP1
0 days 01:01:36.526000,33.6,14.0,995.9,False,40.5,293,1.5,2023,18,FP1
0 days 01:02:36.540000,33.7,14.0,995.9,False,40.5,284,1.7,2023,18,FP1
0 days 01:03:36.523000,33.7,14.0,996.0,False,40.5,293,1.7,2023,18,FP1
0 days 01:04:36.538000,33.7,14.0,995.9,False,40.6,304,0.8,2023,18,FP1
0 days 01:05:36.537000,33.8,14.0,996.0,False,40.6,289,0.8,2023,18,FP1
0 days 01:06:36.536000,33.8,14.0,996.0,False,40.9,353,1.2,2023,18,FP1
0 days 01:07:36.535000,33.9,14.0,995.9,False,40.9,0,1.2,2023,18,FP1
0 days 01:08:36.534000,33.8,13.0,995.7,False,40.9,0,0.5,2023,18,FP1
0 days 01:09:36.533000,34.0,13.0,995.9,False,40.9,52,0.0,2023,18,FP1
0 days 01:10:36.532000,34.1,13.0,995.7,False,41.1,333,0.8,2023,18,FP1
0 days 01:11:36.531000,34.1,13.0,995.7,False,41.2,322,1.1,2023,18,FP1
0 days 01:12:36.545000,34.1,14.0,995.7,False,41.2,283,1.2,2023,18,FP1
0 days 01:13:36.544000,34.1,13.0,995.7,False,41.2,270,2.0,2023,18,FP1
0 days 01:14:36.543000,34.1,13.0,995.7,False,41.4,286,1.5,2023,18,FP1
0 days 01:15:36.542000,33.9,13.0,995.7,False,41.5,286,2.7,2023,18,FP1
0 days 01:16:36.541000,33.9,13.0,995.7,False,41.4,328,2.7,2023,18,FP1
0 days 01:17:36.540000,33.8,14.0,995.7,False,41.4,321,2.4,2023,18,FP1
0 days 01:18:36.539000,33.8,14.0,995.7,False,41.5,277,1.8,2023,18,FP1
0 days 01:19:36.538000,34.0,14.0,995.7,False,41.5,294,1.2,2023,18,FP1
0 days 01:20:36.537000,34.0,14.0,995.7,False,41.7,308,1.7,2023,18,FP1
0 days 01:21:36.536000,34.1,14.0,995.5,False,41.7,332,2.2,2023,18,FP1
0 days 00:00:43.093000,22.2,52.0,783.2,False,37.9,297,1.1,2023,19,FP1
0 days 00:01:43.093000,22.2,52.0,783.2,False,37.1,284,1.7,2023,19,FP1
0 days 00:02:43.092000,22.3,52.0,783.0,False,36.7,214,1.1,2023,19,FP1
0 days 00:03:43.091000,22.1,52.0,783.0,False,36.2,346,0.6,2023,19,FP1
0 days 00:04:43.075000,22.1,51.0,783.0,False,36.2,244,0.5,2023,19,FP1
0 days 00:05:43.090000,22.2,51.0,783.0,False,37.2,175,0.6,2023,19,FP1
0 days 00:06:43.089000,22.2,51.0,783.0,False,38.8,161,1.0,2023,19,FP1
0 days 00:07:43.104000,22.4,52.0,783.0,False,39.5,129,0.8,2023,19,FP1
0 days 00:08:43.104000,22.5,51.0,783.0,False,39.5,248,0.6,2023,19,FP1
0 days 00:09:43.118000,22.6,51.0,783.0,False,40.5,317,0.8,2023,19,FP1
0 days 00:10:43.149000,22.7,50.0,783.0,False,41.5,295,1.2,2023,19,FP1
0 days 00:11:43.133000,22.8,50.0,783.0,False,41.9,247,1.7,2023,19,FP1
0 days 00:12:43.132000,22.8,49.0,782.9,False,42.0,321,1.6,2023,19,FP1
0 days 00:13:43.163000,22.7,49.0,782.7,False,42.9,262,1.7,2023,19,FP1
0 days 00:14:43.162000,22.8,48.0,782.9,False,43.0,353,1.5,2023,19,FP1
0 days 00:15:43.161000,22.8,49.0,782.9,False,43.3,255,0.6,2023,19,FP1
0 days 00:16:43.176000,23.0,48.0,782.7,False,42.9,138,0.6,2023,19,FP1
0 days 00:17:43.175000,23.0,48.0,782.7,False,43.0,124,3.0,2023,19,FP1
0 days 00:18:43.175000,23.0,48.0,782.7,False,43.6,131,3.5,2023,19,FP1
0 days 00:19:43.174000,22.9,49.0,782.9,False,43.9,134,2.4,2023,19,FP1
0 days 00:20:43.173000,23.0,50.0,782.7,False,43.6,94,2.0,2023,19,FP1
0 days 00:21:43.173000,23.2,49.0,782.7,False,43.5,139,1.5,2023,19,FP1
0 days 00:22:43.172000,23.3,48.0,782.7,False,42.0,129,2.5,2023,19,FP1
0 days 00:23:43.171000,23.1,49.0,782.7,False,42.0,145,2.4,2023,19,FP1
0 days 00:24:43.171000,23.2,49.0,782.7,False,42.3,96,1.1,2023,19,FP1
0 days 00:25:43.186000,23.3,49.0,782.7,False,43.6,66,1.6,2023,19,FP1
0 days 00:26:43.185000,23.4,49.0,782.7,False,43.6,5,1.1,2023,19,FP1
0 days 00:27:43.184000,23.4,49.0,782.7,False,43.8,0,0.0,2023,19,FP1
0 days 00:28:43.184000,23.3,47.0,782.7,False,45.0,317,0.6,2023,19,FP1
0 days 00:29:43.167000,23.5,46.0,782.7,False,45.0,292,2.0,2023,19,FP1
0 days 00:30:43.182000,23.5,47.0,782.7,False,45.4,297,2.0,2023,19,FP1
0 days 00:31:43.182000,23.4,47.0,782.7,False,45.1,254,1.1,2023,19,FP1
0 days 00:32:43.181000,23.4,47.0,782.7,False,44.9,318,0.6,2023,19,FP1
0 days 00:33:43.180000,23.4,48.0,782.7,False,45.2,259,1.7,2023,19,FP1
0 days 00:34:43.195000,23.4,48.0,782.5,False,45.8,251,3.2,2023,19,FP1
0 days 00:35:43.179000,23.5,48.0,782.7,False,45.8,294,2.5,2023,19,FP1
0 days 00:36:43.178000,23.7,48.0,782.5,False,45.7,292,2.5,2023,19,FP1
0 days 00:37:43.193000,23.9,48.0,782.5,False,45.9,286,2.2,2023,19,FP1
0 days 00:38:43.193000,24.0,47.0,782.5,False,45.9,256,1.6,2023,19,FP1
0 days 00:39:43.192000,24.1,48.0,782.5,False,46.1,278,1.2,2023,19,FP1
0 days 00:40:43.191000,24.2,47.0,782.5,False,46.3,252,1.3,2023,19,FP1
0 days 00:41:43.191000,24.1,46.0,782.4,False,47.0,297,1.8,2023,19,FP1
0 days 00:42:43.190000,23.8,47.0,782.5,False,46.5,305,1.8,2023,19,FP1
0 days 00:43:43.189000,23.6,47.0,782.5,False,45.9,238,1.7,2023,19,FP1
0 days 00:44:43.188000,23.4,48.0,782.4,False,43.8,289,1.1,2023,19,FP1
0 days 00:45:43.188000,23.3,48.0,782.4,False,42.9,244,1.2,2023,19,FP1
0 days 00:46:43.187000,23.4,47.0,782.4,False,42.7,0,0.6,2023,19,FP1
0 days 00:47:43.202000,23.5,48.0,782.4,False,42.7,104,0.5,2023,19,FP1
0 days 00:48:43.186000,23.5,47.0,782.4,False,43.6,327,0.6,2023,19,FP1
0 days 00:49:43.201000,23.6,46.0,782.2,False,43.6,203,0.6,2023,19,FP1
0 days 00:50:43.200000,23.8,46.0,782.4,False,45.1,256,1.6,2023,19,FP1
0 days 00:51:43.199000,23.9,46.0,782.2,False,45.2,231,1.3,2023,19,FP1
0 days 00:52:43.199000,24.0,46.0,782.2,False,45.4,318,1.0,2023,19,FP1
0 days 00:53:43.198000,24.0,46.0,782.2,False,45.5,308,0.8,2023,19,FP1
0 days 00:54:43.197000,24.1,47.0,782.2,False,45.5,208,1.1,2023,19,FP1
0 days 00:55:43.197000,24.1,47.0,782.2,False,45.7,187,1.3,2023,19,FP1
0 days 00:56:43.196000,24.0,46.0,782.2,False,46.4,50,1.0,2023,19,FP1
0 days 00:57:43.195000,24.1,45.0,782.2,False,46.6,273,0.4,2023,19,FP1
0 days 00:58:43.210000,24.0,44.0,782.2,False,46.5,267,0.6,2023,19,FP1
0 days 00:59:43.210000,23.8,44.0,782.2,False,45.8,114,0.8,2023,19,FP1
0 days 01:00:43.209000,23.9,44.0,782.2,False,44.3,119,1.3,2023,19,FP1
0 days 01:01:43.208000,23.9,45.0,782.2,False,43.8,134,2.5,2023,19,FP1
0 days 01:02:43.207000,23.9,45.0,782.0,False,43.8,148,0.6,2023,19,FP1
0 days 01:03:43.207000,23.9,45.0,782.2,False,44.8,191,0.5,2023,19,FP1
0 days 01:04:43.237000,24.0,45.0,782.0,False,45.1,0,0.0,2023,19,FP1
0 days 01:05:43.252000,24.1,45.0,782.0,False,45.3,316,0.5,2023,19,FP1
0 days 01:06:43.252000,24.4,45.0,782.0,False,45.6,308,0.5,2023,19,FP1
0 days 01:07:43.235000,24.4,44.0,782.0,False,45.8,208,0.8,2023,19,FP1
0 days 01:08:43.250000,24.4,44.0,782.0,False,46.2,241,1.0,2023,19,FP1
0 days 01:09:43.250000,24.6,44.0,782.0,False,46.8,250,0.5,2023,19,FP1
0 days 01:10:43.249000,24.9,43.0,782.0,False,46.8,219,0.8,2023,19,FP1
0 days 01:11:43.264000,24.9,43.0,782.0,False,47.5,342,1.5,2023,19,FP1
0 days 01:12:43.279000,24.8,42.0,781.9,False,48.0,322,0.8,2023,19,FP1
0 days 01:13:43.294000,24.9,41.0,781.9,False,48.6,7,1.1,2023,19,FP1
0 days 01:14:43.293000,24.9,42.0,781.9,False,48.6,293,0.6,2023,19,FP1
0 days 01:15:43.308000,24.9,41.0,781.7,False,46.4,334,0.8,2023,19,FP1
0 days 01:16:43.292000,24.9,40.0,781.9,False,44.8,287,0.8,2023,19,FP1
0 days 01:17:43.307000,24.8,41.0,781.9,False,43.4,286,0.8,2023,19,FP1
0 days 01:18:43.322000,24.7,42.0,781.7,False,43.4,280,1.0,2023,19,FP1
0 days 01:19:43.321000,24.7,41.0,781.7,False,43.4,42,0.8,2023,19,FP1
0 days 01:20:43.320000,24.8,41.0,781.7,False,42.5,85,0.8,2023,19,FP1
0 days 00:00:46.818000,29.2,55.0,920.0,False,40.2,34,3.0,2023,20,FP1
0 days 00:01:46.849000,29.1,55.0,920.2,False,40.2,33,3.4,2023,20,FP1
0 days 00:02:46.864000,29.2,56.0,920.2,False,40.4,9,3.7,2023,20,FP1
0 days 00:03:46.863000,29.3,55.0,920.2,False,40.7,43,2.2,2023,20,FP1
0 days 00:04:46.862000,29.3,54.0,920.2,False,41.0,15,2.5,2023,20,FP1
0 days 00:05:46.862000,29.5,54.0,920.2,False,41.0,15,3.2,2023,20,FP1
0 days 00:06:46.861000,29.6,54.0,920.2,False,41.3,23,3.7,2023,20,FP1
0 days 00:07:46.860000,29.6,54.0,920.2,False,41.3,54,4.1,2023,20,FP1
0 days 00:08:46.860000,29.7,54.0,920.2,False,41.7,359,2.2,2023,20,FP1
0 days 00:09:46.859000,29.7,54.0,920.2,False,42.6,359,3.0,2023,20,FP1
0 days 00:10:46.858000,29.7,53.0,920.2,False,42.6,22,3.0,2023,20,FP1
0 days 00:11:46.858000,29.8,52.0,920.2,False,42.8,13,3.2,2023,20,FP1
0 days 00:12:46.873000,29.8,53.0,920.0,False,43.0,23,3.4,2023,20,FP1
0 days 00:13:46.888000,29.8,53.0,920.0,False,43.3,21,3.7,2023,20,FP1
0 days 00:14:46.887000,29.8,54.0,920.0,False,43.3,27,4.0,2023,20,FP1
0 days 00:15:46.886000,30.0,53.0,920.2,False,43.3,25,3.2,2023,20,FP1
0 days 00:16:46.901000,30.0,53.0,920.0,False,43.9,19,3.2,2023,20,FP1
0 days 00:17:46.916000,30.1,53.0,920.0,False,43.7,17,3.7,2023,20,FP1
0 days 00:18:46.916000,30.0,53.0,920.0,False,43.7,17,3.7,2023,20,FP1
0 days 00:19:46.915000,29.9,53.0,920.0,False,42.2,28,3.2,2023,20,FP1
0 days 00:20:46.930000,29.8,53.0,920.0,False,42.2,28,3.2,2023,20,FP1
0 days 00:21:46.945000,29.9,53.0,920.0,False,42.8,19,3.0,2023,20,FP1
0 days 00:22:46.960000,30.0,53.0,920.0,False,43.6,7,3.2,2023,20,FP1
0 days 00:23:46.975000,30.1,52.0,920.0,False,44.0,23,3.2,2023,20,FP1
0 days 00:24:46.990000,30.2,52.0,920.0,False,44.2,22,3.2,2023,20,FP1
0 days 00:25:47.004000,30.3,52.0,920.0,False,44.4,9,3.2,2023,20,FP1
0 days 00:26:47.004000,30.4,51.0,920.0,False,45.1,26,2.9,2023,20,FP1
0 days 00:27:47.019000,30.5,51.0,920.0,False,45.1,26,2.9,2023,20,FP1
0 days 00:28:47.018000,30.5,51.0,920.0,False,45.1,26,2.9,2023,20,FP1
0 days 00:29:47.017000,30.5,51.0,920.0,False,44.8,20,3.4,2023,20,FP1
0 days 00:30:47.032000,30.5,51.0,920.0,False,44.8,20,3.4,2023,20,FP1
0 days 00:31:47.047000,30.4,50.0,920.0,False,44.3,29,4.8,2023,20,FP1
0 days 00:32:47.047000,30.3,51.0,919.9,False,44.1,14,3.7,2023,20,FP1
0 days 00:33:47.046000,30.2,52.0,919.7,False,43.4,18,3.2,2023,20,FP1
0 days 00:34:47.045000,30.2,52.0,919.9,False,43.3,18,3.0,2023,20,FP1
0 days 00:35:47.060000,30.2,51.0,919.9,False,42.6,17,3.2,2023,20,FP1
0 days 00:36:47.075000,30.2,52.0,919.9,False,42.6,7,2.5,2023,20,FP1
0 days 00:37:47.090000,30.3,52.0,919.7,False,42.0,39,2.2,2023,20,FP1
0 days 00:38:47.105000,30.3,52.0,919.9,False,41.8,9,2.4,2023,20,FP1
0 days 00:39:47.104000,30.3,52.0,919.7,False,42.0,42,2.2,2023,20,FP1
0 days 00:40:47.119000,30.3,51.0,919.7,False,41.9,26,2.4,2023,20,FP1
0 days 00:41:47.119000,30.3,51.0,919.7,False,41.9,26,2.4,2023,20,FP1
0 days 00:42:47.118000,30.3,51.0,919.7,False,42.0,36,2.4,2023,20,FP1
0 days 00:43:47.117000,30.3,51.0,919.7,False,42.0,36,2.4,2023,20,FP1
0 days 00:44:47.132000,30.4,51.0,919.7,False,42.3,26,3.0,2023,20,FP1
0 days 00:45:47.147000,30.3,51.0,919.7,False,41.8,19,3.7,2023,20,FP1
0 days 00:46:47.146000,30.2,51.0,919.7,True,41.9,32,3.7,2023,20,FP1
0 days 00:47:47.146000,30.2,51.0,919.5,True,42.1,21,3.9,2023,20,FP1
0 days 00:48:47.145000,30.3,51.0,919.5,False,42.1,21,3.7,2023,20,FP1
0 days 00:49:47.144000,30.3,51.0,919.5,False,42.1,21,3.7,2023,20,FP1
0 days 00:50:47.144000,30.4,50.0,919.5,False,42.7,24,3.5,2023,20,FP1
0 days 00:51:47.143000,30.5,50.0,919.5,False,43.3,43,3.2,2023,20,FP1
0 days 00:52:47.142000,30.6,50.0,919.5,False,43.9,31,3.9,2023,20,FP1
0 days 00:53:47.142000,30.6,50.0,919.5,False,44.0,22,3.0,2023,20,FP1
0 days 00:54:47.141000,30.6,50.0,919.5,False,44.6,34,2.5,2023,20,FP1
0 days 00:55:47.140000,30.7,50.0,919.5,False,44.6,34,2.5,2023,20,FP1
0 days 00:56:47.140000,30.8,50.0,919.5,False,44.6,34,2.5,2023,20,FP1
0 days 00:57:47.139000,31.0,50.0,919.5,False,44.6,34,2.5,2023,20,FP1
0 days 00:58:47.154000,31.1,50.0,919.5,False,44.6,34,2.5,2023,20,FP1
0 days 00:59:47.153000,31.0,50.0,919.2,False,45.7,14,3.7,2023,20,FP1
0 days 01:00:47.153000,31.0,50.0,919.2,False,45.7,14,3.7,2023,20,FP1
0 days 01:01:47.152000,31.0,50.0,919.2,False,45.7,14,3.7,2023,20,FP1
0 days 01:02:47.151000,30.9,50.0,919.2,False,45.7,14,3.7,2023,20,FP1
0 days 01:03:47.150000,30.8,50.0,919.2,False,45.7,14,3.7,2023,20,FP1
0 days 01:04:47.150000,30.9,50.0,919.2,False,45.7,14,3.7,2023,20,FP1
0 days 01:05:47.149000,31.0,48.0,919.2,False,45.7,37,3.7,2023,20,FP1
0 days 01:06:47.148000,31.0,48.0,919.2,False,45.7,37,3.7,2023,20,FP1
0 days 01:07:47.148000,30.9,48.0,919.2,False,45.7,37,3.7,2023,20,FP1
0 days 01:08:47.147000,30.9,48.0,919.2,False,45.7,37,3.7,2023,20,FP1
0 days 01:09:47.146000,30.9,48.0,919.2,False,45.7,37,3.7,2023,20,FP1
0 days 01:10:47.161000,30.8,49.0,919.5,False,45.0,18,4.5,2023,20,FP1
0 days 01:11:47.161000,30.8,49.0,919.5,False,45.0,18,4.5,2023,20,FP1
0 days 01:12:47.160000,30.7,49.0,919.5,False,45.0,18,4.5,2023,20,FP1
0 days 01:13:47.159000,30.6,50.0,919.4,False,43.7,12,5.3,2023,20,FP1
0 days 01:14:47.159000,30.6,50.0,919.4,False,43.7,12,5.3,2023,20,FP1
0 days 01:15:47.158000,30.6,50.0,919.4,False,43.7,56,2.9,2023,20,FP1
0 days 01:16:47.157000,30.6,50.0,919.4,False,43.7,56,2.9,2023,20,FP1
0 days 01:17:47.156000,30.6,50.0,919.4,False,43.7,56,2.9,2023,20,FP1
0 days 01:18:47.156000,30.7,50.0,919.4,False,43.7,56,2.9,2023,20,FP1
0 days 01:19:47.155000,30.6,50.0,919.4,False,43.7,56,2.9,2023,20,FP1
0 days 00:00:26.801000,16.7,65.0,943.5,False,18.7,0,0.8,2023,21,FP1
0 days 00:01:26.800000,16.7,65.0,943.7,False,18.7,0,0.0,2023,21,FP1
0 days 00:02:26.799000,16.7,65.0,943.5,False,18.8,0,0.0,2023,21,FP1
0 days 00:03:26.798000,16.7,65.0,943.7,False,18.8,58,0.3,2023,21,FP1
0 days 00:04:26.813000,16.7,65.0,943.5,False,18.9,113,0.0,2023,21,FP1
0 days 00:05:26.811000,16.7,65.0,943.5,False,18.9,0,0.3,2023,21,FP1
0 days 00:06:26.810000,16.7,65.0,943.5,False,18.7,53,0.0,2023,21,FP1
0 days 00:07:26.809000,16.7,65.0,943.5,False,18.7,45,0.6,2023,21,FP1
0 days 00:08:26.808000,16.6,66.0,943.7,False,18.7,58,0.6,2023,21,FP1
0 days 00:09:26.792000,16.7,66.0,943.5,False,18.8,0,0.5,2023,21,FP1
0 days 00:10:26.806000,16.7,65.0,943.5,False,18.8,0,0.0,2023,21,FP1
0 days 00:11:26.805000,16.6,66.0,943.7,False,18.8,0,0.0,2023,21,FP1
0 days 00:12:26.804000,16.6,66.0,943.7,False,18.7,0,0.0,2023,21,FP1
0 days 00:13:26.819000,16.6,66.0,943.7,False,18.8,0,0.0,2023,21,FP1
0 days 00:14:26.817000,16.6,66.0,943.7,False,18.7,102,0.4,2023,21,FP1
0 days 00:15:26.832000,16.6,66.0,943.7,False,18.7,0,0.0,2023,21,FP1
0 days 00:16:26.847000,16.7,66.0,943.7,False,18.8,226,0.0,2023,21,FP1
0 days 00:17:26.861000,16.7,66.0,943.7,False,18.7,232,0.5,2023,21,FP1
0 days 00:18:26.860000,16.7,66.0,943.7,False,18.7,214,0.6,2023,21,FP1
0 days 00:19:26.859000,16.7,66.0,943.7,False,18.7,233,0.8,2023,21,FP1
0 days 00:20:26.874000,16.7,66.0,943.7,False,18.7,227,0.8,2023,21,FP1
0 days 00:21:26.888000,16.7,66.0,943.7,False,18.8,233,1.0,2023,21,FP1
0 days 00:22:26.903000,16.8,66.0,943.7,False,18.8,230,0.8,2023,21,FP1
0 days 00:23:26.902000,16.9,66.0,943.7,False,18.8,222,1.2,2023,21,FP1
0 days 00:24:26.932000,16.9,66.0,943.7,False,18.8,226,1.0,2023,21,FP1
0 days 00:25:26.946000,16.9,65.0,943.7,False,18.8,222,1.2,2023,21,FP1
0 days 00:26:26.945000,16.8,65.0,943.7,False,18.9,204,1.1,2023,21,FP1
0 days 00:27:26.944000,16.8,65.0,943.7,False,18.7,215,1.3,2023,21,FP1
0 days 00:28:26.943000,16.7,65.0,943.7,False,18.7,208,1.1,2023,21,FP1
0 days 00:29:26.942000,16.7,65.0,943.7,False,18.6,205,1.0,2023,21,FP1
0 days 00:30:26.941000,16.7,65.0,943.7,False,18.5,199,1.0,2023,21,FP1
0 days 00:31:26.940000,16.6,65.0,943.9,False,18.5,197,1.5,2023,21,FP1
0 days 00:32:26.955000,16.6,65.0,943.9,False,18.5,197,1.5,2023,21,FP1
0 days 00:33:26.953000,16.7,65.0,943.7,False,18.5,198,1.2,2023,21,FP1
0 days 00:34:26.952000,16.7,65.0,943.7,False,18.5,199,1.2,2023,21,FP1
0 days 00:35:26.951000,16.6,65.0,943.7,False,18.5,196,1.2,2023,21,FP1
0 days 00:00:55.962000,28.3,57.0,1011.5,False,41.5,357,2.7,2023,22,FP1
0 days 00:01:55.961000,28.3,58.0,1011.4,False,41.9,339,2.0,2023,22,FP1
0 days 00:02:55.959000,28.4,58.0,1011.4,False,41.9,244,1.7,2023,22,FP1
0 days 00:03:55.958000,28.5,57.0,1011.4,False,41.8,315,1.7,2023,22,FP1
0 days 00:04:55.973000,28.6,57.0,1011.4,False,42.2,250,1.8,2023,22,FP1
0 days 00:05:55.972000,28.6,57.0,1011.4,False,42.2,256,3.0,2023,22,FP1
0 days 00:06:55.971000,28.5,57.0,1011.4,False,42.2,254,2.4,2023,22,FP1
0 days 00:07:55.985000,28.6,56.0,1011.4,False,42.7,270,2.0,2023,22,FP1
0 days 00:08:55.984000,28.5,57.0,1011.2,False,42.8,231,2.2,2023,22,FP1
0 days 00:09:56.015000,28.6,57.0,1011.4,False,41.9,250,2.5,2023,22,FP1
0 days 00:10:56.013000,28.5,56.0,1011.2,False,41.9,254,2.5,2023,22,FP1
0 days 00:11:56.012000,28.5,57.0,1011.4,False,42.2,263,2.0,2023,22,FP1
0 days 00:12:56.027000,28.6,56.0,1011.2,False,42.3,244,2.5,2023,22,FP1
0 days 00:13:56.026000,28.6,57.0,1011.2,False,42.2,262,2.7,2023,22,FP1
0 days 00:14:56.025000,28.4,59.0,1011.2,False,41.5,282,3.4,2023,22,FP1
0 days 00:15:56.024000,28.3,59.0,1011.2,False,40.8,220,2.7,2023,22,FP1
0 days 00:16:56.023000,28.2,59.0,1011.2,False,40.2,211,3.0,2023,22,FP1
0 days 00:17:56.022000,28.3,59.0,1011.2,False,39.4,249,2.5,2023,22,FP1
0 days 00:18:56.036000,28.3,59.0,1011.2,False,39.2,187,2.0,2023,22,FP1
0 days 00:19:56.051000,28.3,59.0,1011.2,False,39.4,259,2.4,2023,22,FP1
0 days 00:20:56.065000,28.5,59.0,1011.2,False,40.6,225,2.5,2023,22,FP1
0 days 00:21:56.080000,28.6,59.0,1011.2,False,41.5,233,3.0,2023,22,FP1
0 days 00:22:56.095000,28.7,60.0,1011.2,False,41.5,233,2.4,2023,22,FP1
0 days 00:23:56.109000,28.8,59.0,1011.2,False,41.3,234,1.6,2023,22,FP1
0 days 00:24:56.108000,28.6,58.0,1011.2,False,41.3,253,3.2,2023,22,FP1
0 days 00:25:56.107000,28.6,59.0,1011.2,False,41.0,229,2.9,2023,22,FP1
0 days 00:26:56.122000,28.6,58.0,1011.2,False,40.6,222,3.4,2023,22,FP1
0 days 00:27:56.136000,28.5,58.0,1011.2,False,41.0,241,3.4,2023,22,FP1
0 days 00:28:56.151000,28.5,59.0,1011.2,False,41.1,230,3.4,2023,22,FP1
0 days 00:29:56.150000,28.5,60.0,1011.0,False,41.2,191,2.4,2023,22,FP1
0 days 00:30:56.149000,28.5,59.0,1011.2,False,42.0,225,1.7,2023,22,FP1
0 days 00:31:56.148000,28.4,60.0,1011.0,False,42.0,238,3.0,2023,22,FP1
0 days 00:32:56.162000,28.5,59.0,1011.2,False,41.0,213,2.5,2023,22,FP1
0 days 00:33:56.161000,28.5,58.0,1011.2,False,40.9,233,2.7,2023,22,FP1
0 days 00:34:56.160000,28.4,59.0,1011.0,False,40.8,247,2.7,2023,22,FP1
0 days 00:35:56.159000,28.4,57.0,1011.0,False,41.1,231,2.4,2023,22,FP1
0 days 00:36:56.158000,28.4,58.0,1011.0,False,41.1,223,2.2,2023,22,FP1
0 days 00:37:56.172000,28.5,59.0,1011.0,False,40.9,204,1.7,2023,22,FP1
0 days 00:38:56.171000,28.5,59.0,1011.0,False,40.6,240,3.2,2023,22,FP1
0 days 00:39:56.186000,28.5,58.0,1011.0,False,41.2,221,3.0,2023,22,FP1
0 days 00:40:56.200000,28.4,59.0,1011.0,False,41.2,200,2.5,2023,22,FP1
0 days 00:41:56.199000,28.5,58.0,1010.9,False,41.2,226,2.7,2023,22,FP1
0 days 00:42:56.198000,28.5,57.0,1011.0,False,41.1,250,2.2,2023,22,FP1
0 days 00:43:56.197000,28.6,57.0,1011.0,False,41.1,264,2.4,2023,22,FP1
0 days 00:44:56.196000,28.7,58.0,1010.9,False,41.4,274,2.2,2023,22,FP1
0 days 00:45:56.195000,28.9,57.0,1011.0,False,41.7,309,1.7,2023,22,FP1
0 days 00:46:56.194000,28.8,56.0,1010.9,False,42.3,283,2.0,2023,22,FP1
0 days 00:47:56.193000,28.8,56.0,1010.7,False,42.3,263,1.8,2023,22,FP1
0 days 00:48:56.192000,28.8,56.0,1010.9,False,42.8,244,2.2,2023,22,FP1
0 days 00:49:56.191000,28.7,56.0,1010.9,False,41.9,240,2.5,2023,22,FP1
0 days 00:50:56.206000,28.6,56.0,1010.7,False,41.3,216,2.7,2023,22,FP1
0 days 00:51:56.204000,28.6,57.0,1010.9,False,41.3,219,2.9,2023,22,FP1
0 days 00:52:56.203000,28.6,56.0,1010.9,False,41.3,249,2.7,2023,22,FP1
0 days 00:53:56.202000,28.7,56.0,1010.7,False,41.8,231,2.0,2023,22,FP1
0 days 00:54:56.201000,28.8,56.0,1010.9,False,41.8,218,2.7,2023,22,FP1
0 days 00:55:56.200000,28.8,56.0,1010.9,False,41.3,284,2.5,2023,22,FP1
0 days 00:56:56.199000,28.9,56.0,1010.9,False,41.2,223,1.7,2023,22,FP1
0 days 00:57:56.198000,28.8,54.0,1010.9,False,41.3,229,3.5,2023,22,FP1
0 days 00:58:56.197000,28.6,56.0,1010.9,False,41.3,239,2.9,2023,22,FP1
0 days 00:59:56.196000,28.5,56.0,1010.9,False,41.1,244,2.2,2023,22,FP1
0 days 01:00:56.211000,28.6,57.0,1010.9,False,40.8,243,2.7,2023,22,FP1
0 days 01:01:56.210000,28.6,55.0,1010.9,False,41.6,267,2.5,2023,22,FP1
0 days 01:02:56.208000,28.5,55.0,1010.9,False,41.7,252,3.2,2023,22,FP1
0 days 01:03:56.207000,28.6,56.0,1010.7,False,42.2,268,2.4,2023,22,FP1
0 days 01:04:56.206000,28.6,56.0,1010.9,False,42.2,244,2.0,2023,22,FP1
0 days 01:05:56.205000,28.7,57.0,1010.7,False,42.2,247,2.2,2023,22,FP1
0 days 01:06:56.204000,28.7,58.0,1010.7,False,42.2,244,2.2,2023,22,FP1
0 days 01:07:56.203000,28.6,58.0,1010.7,False,42.2,215,3.4,2023,22,FP1
0 days 01:08:56.218000,28.6,59.0,1010.7,False,41.4,215,2.7,2023,22,FP1
0 days 01:09:56.217000,28.6,59.0,1010.7,False,40.9,211,3.0,2023,22,FP1
0 days 01:10:56.216000,28.6,60.0,1010.7,False,41.0,221,2.5,2023,22,FP1
0 days 01:11:56.215000,28.7,60.0,1010.7,False,40.9,245,2.0,2023,22,FP1
0 days 01:12:56.229000,28.7,58.0,1010.7,False,40.9,226,1.8,2023,22,FP1
0 days 01:13:56.212000,28.8,58.0,1010.7,False,40.9,245,2.0,2023,22,FP1
0 days 01:14:56.211000,28.9,57.0,1010.7,False,41.0,264,2.5,2023,22,FP1
0 days 01:15:56.226000,28.9,56.0,1010.7,False,41.0,259,2.5,2023,22,FP1
0 days 01:16:56.225000,28.8,56.0,1010.7,False,41.3,255,2.2,2023,22,FP1
0 days 01:17:56.224000,28.8,55.0,1010.7,False,41.3,278,2.5,2023,22,FP1
0 days 01:18:56.223000,28.8,54.0,1010.7,False,41.5,272,1.8,2023,22,FP1
0 days 01:19:56.222000,28.7,54.0,1010.7,False,41.8,269,2.0,2023,22,FP1
0 days 01:20:56.221000,28.6,55.0,1010.7,False,41.8,238,1.5,2023,22,FP1
0 days 00:00:44.852000,19.7,38.0,1016.2,False,35.8,84,3.7,2024,1,FP1
0 days 00:01:44.867000,19.8,38.0,1016.0,False,35.8,73,3.4,2024,1,FP1
0 days 00:02:44.873000,19.7,38.0,1016.2,False,35.9,72,4.1,2024,1,FP1
0 days 00:03:44.889000,19.7,38.0,1016.2,False,35.9,83,3.7,2024,1,FP1
0 days 00:04:44.894000,19.7,38.0,1016.1,False,35.9,89,4.0,2024,1,FP1
0 days 00:05:44.894000,19.6,38.0,1016.1,False,36.0,64,3.7,2024,1,FP1
0 days 00:06:44.888000,19.6,38.0,1016.2,False,35.8,78,2.9,2024,1,FP1
0 days 00:07:44.905000,19.5,38.0,1016.1,False,35.7,70,3.9,2024,1,FP1
0 days 00:08:44.927000,19.5,38.0,1016.1,False,35.7,83,3.3,2024,1,FP1
0 days 00:09:44.935000,19.5,39.0,1016.2,False,35.7,86,3.8,2024,1,FP1
0 days 00:10:44.938000,19.5,39.0,1016.1,False,35.7,109,3.6,2024,1,FP1
0 days 00:11:44.943000,19.5,39.0,1016.1,False,35.9,72,3.2,2024,1,FP1
0 days 00:12:44.943000,19.5,38.0,1016.2,False,35.9,58,3.2,2024,1,FP1
0 days 00:13:44.959000,19.6,37.0,1016.1,False,35.9,70,2.8,2024,1,FP1
0 days 00:14:44.958000,19.6,36.0,1016.2,False,35.7,51,3.4,2024,1,FP1
0 days 00:15:44.959000,19.6,36.0,1016.1,False,35.6,80,3.7,2024,1,FP1
0 days 00:16:44.983000,19.5,37.0,1016.2,False,35.6,75,3.0,2024,1,FP1
0 days 00:17:44.978000,19.5,38.0,1016.1,False,35.6,93,3.7,2024,1,FP1
0 days 00:18:44.979000,19.5,38.0,1016.2,False,35.6,64,2.8,2024,1,FP1
0 days 00:19:44.980000,19.5,38.0,1016.2,False,35.4,65,2.6,2024,1,FP1
0 days 00:20:44.973000,19.5,37.0,1016.2,False,35.4,62,3.1,2024,1,FP1
0 days 00:21:44.982000,19.4,38.0,1016.2,False,35.2,50,4.0,2024,1,FP1
0 days 00:22:44.966000,19.3,38.0,1016.1,False,35.2,45,3.1,2024,1,FP1
0 days 00:23:44.975000,19.6,38.0,1016.1,False,34.9,51,2.9,2024,1,FP1
0 days 00:24:44.983000,19.7,38.0,1016.0,False,34.9,66,3.6,2024,1,FP1
0 days 00:25:44.995000,19.8,38.0,1016.0,False,34.8,101,3.5,2024,1,FP1
0 days 00:26:45,19.8,38.0,1016.0,False,34.9,54,2.7,2024,1,FP1
0 days 00:27:44.992000,19.8,38.0,1016.1,False,34.9,35,3.0,2024,1,FP1
0 days 00:28:45.001000,19.8,38.0,1016.1,False,34.9,93,2.1,2024,1,FP1
0 days 00:29:45.002000,19.7,39.0,1016.2,False,34.9,95,2.7,2024,1,FP1
0 days 00:30:45.004000,19.7,39.0,1016.1,False,35.1,81,3.6,2024,1,FP1
0 days 00:31:45.020000,19.6,38.0,1016.0,False,35.1,66,2.5,2024,1,FP1
0 days 00:32:45.017000,19.5,38.0,1016.2,False,34.6,86,3.0,2024,1,FP1
0 days 00:33:45.060000,19.5,39.0,1016.0,False,34.5,96,3.2,2024,1,FP1
0 days 00:34:45.032000,19.5,40.0,1016.0,False,34.8,78,2.7,2024,1,FP1
0 days 00:35:45.038000,19.5,39.0,1016.2,False,34.8,46,3.2,2024,1,FP1
0 days 00:36:45.021000,19.5,39.0,1016.2,False,34.7,49,3.3,2024,1,FP1
0 days 00:37:45.040000,19.4,39.0,1016.0,False,34.3,57,3.4,2024,1,FP1
0 days 00:38:45.027000,19.4,40.0,1016.1,False,34.4,58,3.7,2024,1,FP1
0 days 00:39:45.039000,19.4,40.0,1016.0,False,34.4,51,3.8,2024,1,FP1
0 days 00:40:45.034000,19.3,40.0,1016.0,False,34.3,58,3.7,2024,1,FP1
0 days 00:41:45.034000,19.2,41.0,1016.0,False,34.3,53,3.8,2024,1,FP1
0 days 00:42:45.033000,19.2,40.0,1016.1,False,34.1,47,3.8,2024,1,FP1
0 days 00:43:45.034000,19.2,39.0,1016.0,False,34.2,64,3.7,2024,1,FP1
0 days 00:44:45.041000,19.2,39.0,1016.1,False,34.1,65,4.1,2024,1,FP1
0 days 00:45:45.060000,19.1,39.0,1015.9,False,33.6,39,3.6,2024,1,FP1
0 days 00:46:45.053000,19.1,40.0,1016.1,False,33.6,63,3.3,2024,1,FP1
0 days 00:47:45.063000,19.2,40.0,1015.9,False,33.6,60,3.9,2024,1,FP1
0 days 00:48:45.065000,19.2,40.0,1016.0,False,33.4,57,4.7,2024,1,FP1
0 days 00:49:45.087000,19.3,39.0,1016.1,False,33.5,47,3.7,2024,1,FP1
0 days 00:50:45.095000,19.2,39.0,1016.0,False,33.5,53,3.8,2024,1,FP1
0 days 00:51:45.085000,19.2,39.0,1016.1,False,33.4,62,3.9,2024,1,FP1
0 days 00:52:45.113000,19.2,40.0,1016.2,False,33.3,64,3.4,2024,1,FP1
0 days 00:53:45.126000,19.3,40.0,1016.1,False,33.5,62,2.3,2024,1,FP1
0 days 00:54:45.123000,19.4,40.0,1016.0,False,33.6,72,3.3,2024,1,FP1
0 days 00:55:45.123000,19.4,39.0,1016.0,False,33.8,65,3.3,2024,1,FP1
0 days 00:56:45.121000,19.4,38.0,1016.0,False,33.8,54,2.9,2024,1,FP1
0 days 00:57:45.129000,19.2,39.0,1015.9,False,33.3,58,4.1,2024,1,FP1
0 days 00:58:45.128000,19.2,40.0,1016.0,False,33.3,78,3.3,2024,1,FP1
0 days 00:59:45.124000,19.3,39.0,1016.1,False,33.1,55,3.6,2024,1,FP1
0 days 01:00:45.125000,19.3,39.0,1016.2,False,33.4,64,3.4,2024,1,FP1
0 days 01:01:45.125000,19.2,39.0,1016.1,False,33.3,66,3.3,2024,1,FP1
0 days 01:02:45.133000,19.0,38.0,1016.1,False,33.3,58,3.1,2024,1,FP1
0 days 01:03:45.123000,19.1,39.0,1016.1,False,33.2,47,2.8,2024,1,FP1
0 days 01:04:45.130000,19.2,39.0,1016.1,False,33.2,59,3.0,2024,1,FP1
0 days 01:05:45.130000,19.1,39.0,1016.1,False,32.9,66,3.7,2024,1,FP1
0 days 01:06:45.134000,19.0,40.0,1016.1,False,32.8,69,3.8,2024,1,FP1
0 days 01:07:45.125000,19.1,40.0,1016.0,False,32.9,61,3.9,2024,1,FP1
0 days 01:08:45.130000,19.1,39.0,1016.2,False,32.8,88,4.1,2024,1,FP1
0 days 01:09:45.139000,19.1,39.0,1016.1,False,32.8,73,3.6,2024,1,FP1
0 days 01:10:45.142000,19.1,40.0,1016.1,False,32.8,87,3.1,2024,1,FP1
0 days 01:11:45.159000,19.1,40.0,1016.1,False,32.8,61,3.1,2024,1,FP1
0 days 01:12:45.165000,19.2,40.0,1016.1,False,32.7,44,3.0,2024,1,FP1
0 days 01:13:45.187000,19.1,40.0,1016.1,False,32.5,49,3.3,2024,1,FP1
0 days 01:14:45.186000,19.3,38.0,1016.1,False,32.6,84,2.8,2024,1,FP1
0 days 01:15:45.188000,19.2,38.0,1016.1,False,32.6,68,3.7,2024,1,FP1
0 days 01:16:45.189000,19.2,37.0,1016.2,False,32.6,80,3.4,2024,1,FP1
0 days 01:17:45.192000,19.2,37.0,1016.3,False,32.7,60,2.4,2024,1,FP1
0 days 01:18:45.204000,19.2,39.0,1016.1,False,32.5,66,4.2,2024,1,FP1
0 days 01:19:45.207000,19.0,40.0,1016.2,False,32.0,56,3.4,2024,1,FP1
0 days 01:20:45.207000,19.0,40.0,1016.2,False,31.9,70,3.8,2024,1,FP1
0 days 01:21:45.208000,19.0,39.0,1016.3,False,32.3,58,2.3,2024,1,FP1
0 days 00:00:17.591000,27.1,54.0,1012.1,False,41.1,29,5.1,2024,2,FP1
0 days 00:01:17.591000,27.0,53.0,1012.1,False,41.1,24,6.8,2024,2,FP1
0 days 00:02:17.626000,27.0,56.0,1012.0,False,40.2,29,6.4,2024,2,FP1
0 days 00:03:17.641000,27.0,58.0,1012.0,False,40.9,28,5.7,2024,2,FP1
0 days 00:04:17.654000,26.9,58.0,1012.1,False,41.0,29,5.0,2024,2,FP1
0 days 00:05:17.648000,27.0,57.0,1012.0,False,41.6,17,5.2,2024,2,FP1
0 days 00:06:17.666000,27.0,58.0,1012.1,False,41.5,31,4.7,2024,2,FP1
0 days 00:07:17.668000,26.9,58.0,1012.1,False,41.9,27,5.2,2024,2,FP1
0 days 00:08:17.676000,26.9,58.0,1012.1,False,41.5,27,4.9,2024,2,FP1
0 days 00:09:17.678000,26.9,58.0,1012.1,False,41.3,28,4.8,2024,2,FP1
0 days 00:10:17.684000,26.9,59.0,1012.1,False,41.2,33,4.9,2024,2,FP1
0 days 00:11:17.691000,26.9,59.0,1012.0,False,41.0,32,4.7,2024,2,FP1
0 days 00:12:17.698000,26.9,57.0,1012.1,False,40.9,23,5.9,2024,2,FP1
0 days 00:13:17.712000,26.9,57.0,1012.1,False,41.6,3,4.6,2024,2,FP1
0 days 00:14:17.729000,26.9,57.0,1012.1,False,41.5,33,3.6,2024,2,FP1
0 days 00:15:17.719000,26.9,57.0,1012.1,False,41.3,20,4.9,2024,2,FP1
0 days 00:16:17.731000,26.9,57.0,1012.1,False,41.0,24,4.3,2024,2,FP1
0 days 00:17:17.732000,26.9,59.0,1012.1,False,41.0,26,5.1,2024,2,FP1
0 days 00:18:17.731000,26.9,58.0,1012.1,False,40.9,30,4.9,2024,2,FP1
0 days 00:19:17.733000,26.9,58.0,1012.2,False,40.8,22,4.6,2024,2,FP1
0 days 00:20:17.729000,26.9,58.0,1012.2,False,40.5,28,3.3,2024,2,FP1
0 days 00:21:17.723000,26.9,58.0,1012.2,False,40.2,37,3.8,2024,2,FP1
0 days 00:22:17.731000,26.9,57.0,1012.1,False,40.1,23,5.1,2024,2,FP1
0 days 00:23:17.735000,26.9,57.0,1012.2,False,40.1,27,4.3,2024,2,FP1
0 days 00:24:17.730000,26.8,56.0,1012.2,False,39.8,21,4.9,2024,2,FP1
0 days 00:25:17.727000,26.8,53.0,1012.2,False,39.5,25,5.2,2024,2,FP1
0 days 00:26:17.728000,26.9,55.0,1012.2,False,39.5,32,5.5,2024,2,FP1
0 days 00:27:17.741000,27.0,55.0,1012.2,False,39.5,18,4.1,2024,2,FP1
0 days 00:28:17.740000,26.9,55.0,1012.2,False,39.5,30,5.4,2024,2,FP1
0 days 00:29:17.737000,27.0,55.0,1012.1,False,39.5,24,6.0,2024,2,FP1
0 days 00:30:17.737000,26.9,55.0,1012.2,False,39.5,13,5.5,2024,2,FP1
0 days 00:31:17.739000,26.8,56.0,1012.2,False,40.2,25,4.7,2024,2,FP1
0 days 00:32:17.722000,26.9,56.0,1012.2,False,40.2,1,4.6,2024,2,FP1
0 days 00:33:17.745000,26.9,55.0,1012.2,False,40.2,31,4.3,2024,2,FP1
0 days 00:34:17.745000,26.9,55.0,1012.2,False,40.2,25,6.1,2024,2,FP1
0 days 00:35:17.747000,27.0,56.0,1012.3,False,40.2,29,5.0,2024,2,FP1
0 days 00:36:17.735000,26.9,57.0,1012.3,False,40.2,28,4.3,2024,2,FP1
0 days 00:37:17.740000,26.9,58.0,1012.3,False,40.2,23,3.7,2024,2,FP1
0 days 00:38:17.747000,26.9,59.0,1012.2,False,40.2,25,4.7,2024,2,FP1
0 days 00:39:17.741000,26.8,60.0,1012.3,False,39.7,23,4.7,2024,2,FP1
0 days 00:40:17.749000,26.7,60.0,1012.4,False,39.7,31,4.7,2024,2,FP1
0 days 00:41:17.742000,26.7,60.0,1012.3,False,39.7,15,3.9,2024,2,FP1
0 days 00:42:17.747000,26.7,60.0,1012.3,False,39.7,12,3.6,2024,2,FP1
0 days 00:43:17.742000,26.6,59.0,1012.2,False,39.7,21,5.3,2024,2,FP1
0 days 00:44:17.745000,26.6,58.0,1012.3,False,39.7,33,4.8,2024,2,FP1
0 days 00:45:17.741000,26.7,59.0,1012.3,False,39.7,29,3.5,2024,2,FP1
0 days 00:46:17.754000,26.7,58.0,1012.3,False,39.7,23,3.9,2024,2,FP1
0 days 00:47:17.743000,26.6,58.0,1012.3,False,39.7,34,3.7,2024,2,FP1
0 days 00:48:17.817000,26.7,58.0,1012.4,False,39.7,14,4.5,2024,2,FP1
0 days 00:49:17.756000,26.6,58.0,1012.4,False,39.7,41,4.5,2024,2,FP1
0 days 00:50:17.758000,26.7,57.0,1012.3,False,39.1,26,4.1,2024,2,FP1
0 days 00:51:17.752000,26.8,58.0,1012.4,False,39.1,23,4.4,2024,2,FP1
0 days 00:52:17.745000,26.6,57.0,1012.4,False,39.1,35,5.6,2024,2,FP1
0 days 00:53:17.825000,26.6,57.0,1012.4,False,39.1,18,5.9,2024,2,FP1
0 days 00:54:17.762000,26.6,58.0,1012.4,False,39.1,26,5.5,2024,2,FP1
0 days 00:55:17.784000,26.6,56.0,1012.4,False,39.1,22,5.4,2024,2,FP1
0 days 00:56:17.801000,26.6,56.0,1012.3,False,39.1,16,5.1,2024,2,FP1
0 days 00:57:17.794000,26.7,56.0,1012.3,False,39.1,28,4.8,2024,2,FP1
0 days 00:58:17.812000,26.7,57.0,1012.3,False,39.1,22,5.0,2024,2,FP1
0 days 00:59:17.808000,26.7,56.0,1012.3,False,39.1,25,5.2,2024,2,FP1
0 days 01:00:17.801000,26.7,56.0,1012.4,False,39.1,22,5.3,2024,2,FP1
0 days 01:01:17.809000,26.6,57.0,1012.3,False,39.1,24,5.4,2024,2,FP1
0 days 01:02:17.799000,26.6,55.0,1012.4,False,38.2,19,5.5,2024,2,FP1
0 days 01:03:17.802000,26.7,57.0,1012.3,False,38.2,27,5.2,2024,2,FP1
0 days 01:04:17.801000,26.6,58.0,1012.3,False,38.2,24,4.8,2024,2,FP1
0 days 01:05:17.851000,26.6,60.0,1012.3,False,38.2,27,4.8,2024,2,FP1
0 days 01:06:17.803000,26.6,60.0,1012.3,False,38.2,13,4.6,2024,2,FP1
0 days 01:07:17.806000,26.6,60.0,1012.2,False,38.2,28,4.2,2024,2,FP1
0 days 01:08:17.811000,26.5,61.0,1012.2,False,38.2,27,5.0,2024,2,FP1
0 days 01:09:17.809000,26.5,61.0,1012.3,False,38.2,21,4.4,2024,2,FP1
0 days 01:10:17.810000,26.5,60.0,1012.2,False,38.2,17,4.7,2024,2,FP1
0 days 01:11:17.816000,26.4,60.0,1012.2,False,38.2,29,5.1,2024,2,FP1
0 days 01:12:17.820000,26.4,61.0,1012.3,False,38.2,15,4.3,2024,2,FP1
0 days 01:13:17.811000,26.5,61.0,1012.3,False,38.2,30,3.2,2024,2,FP1
0 days 01:14:17.820000,26.5,60.0,1012.3,False,38.2,29,3.3,2024,2,FP1
0 days 01:15:17.823000,26.5,60.0,1012.3,False,38.2,25,3.5,2024,2,FP1
0 days 01:16:17.811000,26.5,59.0,1012.5,False,38.2,16,3.6,2024,2,FP1
0 days 01:17:17.817000,26.5,58.0,1012.5,False,38.2,26,5.2,2024,2,FP1
0 days 01:18:17.839000,26.4,57.0,1012.4,False,38.2,16,6.6,2024,2,FP1
0 days 01:19:17.836000,26.4,57.0,1012.4,False,38.2,37,5.9,2024,2,FP1
0 days 00:00:38.815000,18.0,63.0,1023.7,False,30.2,156,1.0,2024,3,FP1
0 days 00:01:38.824000,18.1,63.0,1023.9,False,30.4,126,1.0,2024,3,FP1
0 days 00:02:38.835000,18.1,62.0,1023.9,False,29.9,20,1.4,2024,3,FP1
0 days 00:03:38.816000,18.1,63.0,1023.9,False,29.9,158,0.8,2024,3,FP1
0 days 00:04:38.819000,18.0,64.0,1023.9,False,30.2,0,0.8,2024,3,FP1
0 days 00:05:38.823000,18.0,63.0,1023.8,False,30.6,166,1.3,2024,3,FP1
0 days 00:06:38.827000,18.0,63.0,1023.8,False,30.6,157,0.8,2024,3,FP1
0 days 00:07:38.827000,18.2,61.0,1023.9,False,30.6,1,1.4,2024,3,FP1
0 days 00:08:38.813000,18.1,62.0,1023.8,False,30.6,167,0.9,2024,3,FP1
0 days 00:09:38.831000,18.1,62.0,1023.8,False,31.0,175,0.7,2024,3,FP1
0 days 00:10:38.814000,18.0,63.0,1023.8,False,31.3,178,1.0,2024,3,FP1
0 days 00:11:38.834000,18.0,62.0,1023.9,False,31.2,176,0.6,2024,3,FP1
0 days 00:12:38.868000,18.0,62.0,1023.8,False,31.1,177,1.6,2024,3,FP1
0 days 00:13:38.825000,18.1,62.0,1023.8,False,31.0,167,1.2,2024,3,FP1
0 days 00:14:38.823000,18.0,64.0,1023.7,False,31.2,186,1.6,2024,3,FP1
0 days 00:15:38.840000,18.0,64.0,1023.7,False,31.6,267,1.2,2024,3,FP1
0 days 00:16:38.825000,18.0,63.0,1023.8,False,31.8,155,0.8,2024,3,FP1
0 days 00:17:38.846000,18.1,63.0,1023.8,False,32.0,123,1.3,2024,3,FP1
0 days 00:18:38.829000,18.2,62.0,1023.7,False,32.0,168,1.4,2024,3,FP1
0 days 00:19:38.837000,18.3,62.0,1023.8,False,32.0,141,1.3,2024,3,FP1
0 days 00:20:38.827000,18.4,62.0,1023.8,False,32.0,155,1.9,2024,3,FP1
0 days 00:21:38.840000,18.4,61.0,1023.7,False,32.3,141,1.0,2024,3,FP1
0 days 00:22:38.834000,18.3,62.0,1023.7,False,32.3,149,1.3,2024,3,FP1
0 days 00:23:38.837000,18.4,61.0,1023.7,False,32.3,165,0.8,2024,3,FP1
0 days 00:24:38.833000,18.4,62.0,1023.7,False,32.2,150,1.5,2024,3,FP1
0 days 00:25:38.836000,18.4,63.0,1023.7,False,32.3,154,1.2,2024,3,FP1
0 days 00:26:38.833000,18.5,62.0,1023.7,False,32.8,151,1.0,2024,3,FP1
0 days 00:27:38.832000,18.4,62.0,1023.7,False,32.6,181,2.0,2024,3,FP1
0 days 00:28:38.843000,18.4,62.0,1023.7,False,32.6,155,1.5,2024,3,FP1
0 days 00:29:38.846000,18.4,63.0,1023.6,False,32.7,141,2.0,2024,3,FP1
0 days 00:30:38.847000,18.5,63.0,1023.6,False,32.9,141,1.2,2024,3,FP1
0 days 00:31:38.845000,18.5,62.0,1023.7,False,33.1,101,1.3,2024,3,FP1
0 days 00:32:38.850000,18.6,61.0,1023.7,False,33.0,204,2.0,2024,3,FP1
0 days 00:33:38.852000,18.4,62.0,1023.6,False,33.0,143,0.7,2024,3,FP1
0 days 00:34:38.846000,18.5,61.0,1023.6,False,33.6,104,1.0,2024,3,FP1
0 days 00:35:38.853000,18.5,60.0,1023.6,False,33.6,129,0.6,2024,3,FP1
0 days 00:36:38.840000,18.4,60.0,1023.5,False,33.6,0,0.7,2024,3,FP1
0 days 00:37:38.848000,18.4,61.0,1023.5,False,33.7,178,1.2,2024,3,FP1
0 days 00:38:38.858000,18.4,61.0,1023.6,False,33.7,145,1.0,2024,3,FP1
0 days 00:39:38.857000,18.3,60.0,1023.5,False,33.9,0,1.0,2024,3,FP1
0 days 00:40:38.848000,18.3,61.0,1023.5,False,33.7,140,0.9,2024,3,FP1
0 days 00:41:38.854000,18.3,61.0,1023.6,False,34.0,171,2.6,2024,3,FP1
0 days 00:42:38.855000,18.3,62.0,1023.6,False,34.4,137,1.6,2024,3,FP1
0 days 00:43:38.855000,18.4,62.0,1023.6,False,34.3,229,1.9,2024,3,FP1
0 days 00:44:38.858000,18.4,61.0,1023.5,False,34.0,183,1.0,2024,3,FP1
0 days 00:45:38.863000,18.5,61.0,1023.4,False,34.3,158,0.9,2024,3,FP1
0 days 00:46:38.865000,18.5,62.0,1023.4,False,34.5,68,1.3,2024,3,FP1
0 days 00:47:38.864000,18.5,62.0,1023.5,False,34.6,0,0.8,2024,3,FP1
0 days 00:48:38.858000,18.6,60.0,1023.6,False,34.8,175,0.8,2024,3,FP1
0 days 00:49:38.864000,18.5,61.0,1023.4,False,34.7,101,1.4,2024,3,FP1
0 days 00:50:38.851000,18.6,62.0,1023.6,False,34.9,164,0.8,2024,3,FP1
0 days 00:51:38.871000,18.6,62.0,1023.4,False,34.9,163,1.7,2024,3,FP1
0 days 00:52:38.868000,18.6,61.0,1023.5,False,34.8,0,1.4,2024,3,FP1
0 days 00:53:38.868000,18.7,61.0,1023.5,False,34.9,85,1.0,2024,3,FP1
0 days 00:54:38.887000,18.6,61.0,1023.5,False,34.9,148,1.1,2024,3,FP1
0 days 00:55:38.901000,18.6,61.0,1023.4,False,34.7,175,1.5,2024,3,FP1
0 days 00:56:38.898000,18.6,61.0,1023.4,False,35.2,330,0.8,2024,3,FP1
0 days 00:57:38.904000,18.7,61.0,1023.4,False,35.2,169,1.4,2024,3,FP1
0 days 00:58:38.908000,18.7,61.0,1023.3,False,35.1,149,1.9,2024,3,FP1
0 days 00:59:38.906000,18.7,61.0,1023.4,False,35.2,63,1.7,2024,3,FP1
0 days 01:00:38.922000,18.5,61.0,1023.4,False,35.3,128,1.3,2024,3,FP1
0 days 01:01:38.926000,18.6,61.0,1023.4,False,35.4,169,0.5,2024,3,FP1
0 days 01:02:38.925000,18.6,60.0,1023.4,False,35.5,0,2.1,2024,3,FP1
0 days 01:03:38.913000,18.5,60.0,1023.4,False,35.8,151,0.9,2024,3,FP1
0 days 01:04:38.923000,18.5,60.0,1023.3,False,35.6,103,1.1,2024,3,FP1
0 days 01:05:38.923000,18.6,60.0,1023.3,False,35.8,164,1.4,2024,3,FP1
0 days 01:06:38.917000,18.8,60.0,1023.3,False,36.1,140,1.5,2024,3,FP1
0 days 01:07:38.926000,18.8,60.0,1023.4,False,36.1,150,1.2,2024,3,FP1
0 days 01:08:38.924000,18.8,61.0,1023.3,False,36.4,178,0.8,2024,3,FP1
0 days 01:09:38.918000,18.9,60.0,1023.4,False,36.2,196,0.8,2024,3,FP1
0 days 01:10:38.918000,18.9,58.0,1023.4,False,36.5,130,1.8,2024,3,FP1
0 days 01:11:38.929000,19.0,59.0,1023.3,False,36.2,116,1.1,2024,3,FP1
0 days 01:12:38.923000,19.0,58.0,1023.4,False,36.3,292,1.2,2024,3,FP1
0 days 01:13:38.929000,18.9,58.0,1023.3,False,36.3,139,1.3,2024,3,FP1
0 days 01:14:38.932000,19.0,58.0,1023.3,False,36.6,139,1.3,2024,3,FP1
0 days 01:15:38.878000,19.0,56.0,1023.3,False,36.5,126,2.0,2024,3,FP1
0 days 01:16:38.895000,19.0,56.0,1023.4,False,36.5,106,1.0,2024,3,FP1
0 days 01:17:38.919000,19.0,55.0,1023.2,False,36.8,342,2.7,2024,3,FP1
0 days 01:18:38.897000,19.0,57.0,1023.3,False,36.8,165,1.8,2024,3,FP1
0 days 01:19:38.924000,19.0,57.0,1023.3,False,36.7,154,1.5,2024,3,FP1
0 days 01:20:38.931000,19.0,58.0,1023.3,False,36.6,99,1.5,2024,3,FP1
0 days 00:00:31.235000,16.8,35.0,1013.6,False,25.6,175,0.6,2024,4,FP1
0 days 00:01:31.245000,16.7,35.0,1013.5,False,25.3,206,1.2,2024,4,FP1
0 days 00:02:31.245000,16.6,36.0,1013.6,False,25.0,175,2.4,2024,4,FP1
0 days 00:03:31.245000,16.7,36.0,1013.6,False,24.9,152,1.1,2024,4,FP1
0 days 00:04:31.245000,16.6,36.0,1013.6,False,24.8,194,0.6,2024,4,FP1
0 days 00:05:31.247000,16.7,36.0,1013.5,False,24.8,178,0.7,2024,4,FP1
0 days 00:06:31.247000,16.7,36.0,1013.5,False,24.7,161,0.4,2024,4,FP1
0 days 00:07:31.247000,16.7,36.0,1013.5,False,24.7,197,0.5,2024,4,FP1
0 days 00:08:31.252000,16.7,36.0,1013.5,False,24.8,188,1.3,2024,4,FP1
0 days 00:09:31.249000,16.6,36.0,1013.5,False,24.8,161,1.3,2024,4,FP1
0 days 00:10:31.250000,16.6,36.0,1013.5,False,24.6,174,1.2,2024,4,FP1
0 days 00:11:31.248000,16.6,36.0,1013.5,False,24.7,139,1.3,2024,4,FP1
0 days 00:12:31.252000,16.8,36.0,1013.6,False,24.8,165,1.4,2024,4,FP1
0 days 00:13:31.252000,16.8,36.0,1013.5,False,24.6,168,0.9,2024,4,FP1
0 days 00:14:31.253000,16.8,35.0,1013.6,False,24.6,118,1.1,2024,4,FP1
0 days 00:15:31.254000,16.7,35.0,1013.5,False,24.6,98,0.8,2024,4,FP1
0 days 00:16:31.253000,16.7,35.0,1013.5,False,24.6,183,0.7,2024,4,FP1
0 days 00:17:31.258000,16.8,35.0,1013.5,False,24.7,69,1.0,2024,4,FP1
0 days 00:18:31.256000,16.8,35.0,1013.4,False,24.7,10,0.9,2024,4,FP1
0 days 00:19:31.256000,16.8,36.0,1013.6,False,24.7,39,0.4,2024,4,FP1
0 days 00:20:31.255000,16.8,35.0,1013.5,False,24.8,33,0.7,2024,4,FP1
0 days 00:21:31.256000,16.9,35.0,1013.4,False,24.8,63,1.2,2024,4,FP1
0 days 00:22:31.259000,16.9,35.0,1013.5,False,25.1,352,0.7,2024,4,FP1
0 days 00:23:31.258000,16.9,35.0,1013.4,False,25.1,354,1.2,2024,4,FP1
0 days 00:24:31.303000,16.9,35.0,1013.5,False,25.0,359,1.4,2024,4,FP1
0 days 00:25:31.259000,16.8,36.0,1013.5,False,25.1,11,1.1,2024,4,FP1
0 days 00:26:31.261000,16.8,37.0,1013.5,False,25.1,353,1.2,2024,4,FP1
0 days 00:27:31.263000,16.8,35.0,1013.5,False,25.4,324,0.9,2024,4,FP1
0 days 00:28:31.262000,16.9,35.0,1013.5,False,25.6,335,1.1,2024,4,FP1
0 days 00:29:31.261000,17.0,35.0,1013.4,False,25.6,98,0.9,2024,4,FP1
0 days 00:30:31.261000,17.1,35.0,1013.4,False,25.7,42,0.5,2024,4,FP1
0 days 00:31:31.264000,17.1,36.0,1013.5,False,25.8,119,1.2,2024,4,FP1
0 days 00:32:31.268000,17.2,36.0,1013.5,False,25.8,183,1.3,2024,4,FP1
0 days 00:33:31.266000,17.1,40.0,1013.4,False,25.2,163,1.0,2024,4,FP1
0 days 00:34:31.265000,17.0,42.0,1013.4,False,25.0,172,1.1,2024,4,FP1
0 days 00:35:31.270000,17.1,42.0,1013.4,False,25.1,171,0.9,2024,4,FP1
0 days 00:36:31.267000,17.0,41.0,1013.3,False,25.1,155,1.0,2024,4,FP1
0 days 00:37:31.267000,17.0,42.0,1013.3,False,25.0,172,1.3,2024,4,FP1
0 days 00:38:31.267000,16.9,46.0,1013.3,False,24.5,175,1.4,2024,4,FP1
0 days 00:39:31.268000,16.9,45.0,1013.3,False,24.2,160,1.7,2024,4,FP1
0 days 00:40:31.269000,16.7,45.0,1013.3,False,24.2,169,1.0,2024,4,FP1
0 days 00:41:31.269000,16.7,46.0,1013.3,False,24.2,161,0.8,2024,4,FP1
0 days 00:42:31.275000,16.6,47.0,1013.2,False,24.2,166,1.0,2024,4,FP1
0 days 00:43:31.270000,16.6,48.0,1013.3,False,24.2,182,1.1,2024,4,FP1
0 days 00:44:31.267000,16.6,47.0,1013.3,False,24.1,176,1.1,2024,4,FP1
0 days 00:45:31.271000,16.5,47.0,1013.2,False,24.1,201,0.8,2024,4,FP1
0 days 00:46:31.272000,16.6,47.0,1013.2,False,24.1,190,1.4,2024,4,FP1
0 days 00:47:31.272000,16.5,47.0,1013.2,False,24.3,173,1.6,2024,4,FP1
0 days 00:48:31.273000,16.5,46.0,1013.2,False,24.2,151,1.1,2024,4,FP1
0 days 00:49:31.275000,16.5,47.0,1013.2,False,24.2,189,1.3,2024,4,FP1
0 days 00:50:31.280000,16.6,46.0,1013.3,False,24.2,174,1.4,2024,4,FP1
0 days 00:51:31.289000,16.5,47.0,1013.3,False,24.1,180,1.5,2024,4,FP1
0 days 00:52:31.305000,16.5,47.0,1013.3,False,23.8,189,1.5,2024,4,FP1
0 days 00:53:31.323000,16.5,49.0,1013.3,False,23.9,174,1.6,2024,4,FP1
0 days 00:54:31.322000,16.4,49.0,1013.2,False,23.9,194,1.5,2024,4,FP1
0 days 00:55:31.340000,16.4,49.0,1013.3,False,23.9,196,1.7,2024,4,FP1
0 days 00:56:31.341000,16.4,48.0,1013.2,False,23.7,201,1.9,2024,4,FP1
0 days 00:57:31.356000,16.4,48.0,1013.1,False,23.7,204,2.0,2024,4,FP1
0 days 00:58:31.386000,16.3,48.0,1013.1,False,23.6,205,1.9,2024,4,FP1
0 days 00:59:31.372000,16.4,48.0,1013.2,False,23.6,153,1.6,2024,4,FP1
0 days 01:00:31.374000,16.5,47.0,1013.0,False,23.8,159,1.5,2024,4,FP1
0 days 01:01:31.396000,16.5,47.0,1013.2,False,23.8,220,0.9,2024,4,FP1
0 days 01:02:31.406000,16.5,45.0,1013.2,False,23.7,197,1.8,2024,4,FP1
0 days 01:03:31.412000,16.5,47.0,1013.2,False,23.4,177,1.8,2024,4,FP1
0 days 01:04:31.409000,16.4,48.0,1013.2,False,23.4,182,1.3,2024,4,FP1
0 days 01:05:31.412000,16.4,48.0,1013.1,False,23.2,197,1.8,2024,4,FP1
0 days 01:06:31.409000,16.4,49.0,1013.2,False,23.1,197,1.9,2024,4,FP1
0 days 01:07:31.410000,16.4,48.0,1013.2,False,23.1,194,2.2,2024,4,FP1
0 days 01:08:31.420000,16.3,50.0,1013.1,False,23.0,209,2.4,2024,4,FP1
0 days 01:09:31.414000,16.2,50.0,1013.1,False,22.9,169,1.5,2024,4,FP1
0 days 01:10:31.413000,16.1,51.0,1013.1,False,23.1,194,1.9,2024,4,FP1
0 days 01:11:31.413000,16.1,52.0,1013.0,False,23.1,191,2.5,2024,4,FP1
0 days 01:12:31.415000,16.0,53.0,1013.1,False,23.1,204,2.2,2024,4,FP1
0 days 01:13:31.417000,15.9,52.0,1013.0,False,23.2,213,3.0,2024,4,FP1
0 days 01:14:31.414000,15.7,53.0,1012.9,False,23.2,196,2.3,2024,4,FP1
0 days 01:15:31.414000,15.6,53.0,1012.9,False,23.2,201,1.9,2024,4,FP1
0 days 01:16:31.414000,15.7,52.0,1012.9,False,23.4,208,1.8,2024,4,FP1
0 days 01:17:31.417000,15.6,50.0,1012.9,False,23.0,193,2.7,2024,4,FP1
0 days 01:18:31.425000,15.6,51.0,1012.9,False,22.9,197,2.5,2024,4,FP1
0 days 01:19:31.475000,15.4,52.0,1012.9,False,22.9,184,1.7,2024,4,FP1
0 days 00:00:53.411000,22.5,24.0,1010.1,False,38.9,123,1.5,2024,5,FP1
0 days 00:01:53.413000,22.5,24.0,1010.0,False,38.9,101,2.6,2024,5,FP1
0 days 00:02:53.413000,22.5,24.0,1010.0,False,38.9,151,2.9,2024,5,FP1
0 days 00:03:53.413000,22.5,25.0,1010.0,False,38.7,126,2.3,2024,5,FP1
0 days 00:04:53.416000,22.5,24.0,1010.1,False,38.5,94,1.1,2024,5,FP1
0 days 00:05:53.430000,22.5,24.0,1010.0,False,38.3,214,0.7,2024,5,FP1
0 days 00:06:53.410000,22.5,25.0,1010.0,False,38.2,267,0.9,2024,5,FP1
0 days 00:07:53.418000,22.4,25.0,1010.0,False,38.2,254,0.0,2024,5,FP1
0 days 00:08:53.416000,22.3,25.0,1010.0,False,38.5,270,1.4,2024,5,FP1
0 days 00:09:53.419000,22.3,25.0,1010.0,False,38.6,272,1.4,2024,5,FP1
0 days 00:10:53.419000,22.3,25.0,1009.9,False,38.8,285,1.2,2024,5,FP1
0 days 00:11:53.421000,22.4,25.0,1009.9,False,38.8,259,1.0,2024,5,FP1
0 days 00:12:53.420000,22.5,25.0,1009.8,False,38.5,266,0.9,2024,5,FP1
0 days 00:13:53.420000,22.6,25.0,1009.9,False,38.5,266,1.2,2024,5,FP1
0 days 00:14:53.428000,22.6,25.0,1009.8,False,38.6,250,1.2,2024,5,FP1
0 days 00:15:53.421000,22.6,25.0,1009.9,False,38.8,326,1.0,2024,5,FP1
0 days 00:16:53.421000,22.6,24.0,1009.8,False,39.3,273,1.2,2024,5,FP1
0 days 00:17:53.423000,22.7,24.0,1009.7,False,39.4,267,1.4,2024,5,FP1
0 days 00:18:53.424000,22.8,24.0,1009.8,False,39.6,54,1.0,2024,5,FP1
0 days 00:19:53.424000,22.9,24.0,1009.7,False,39.4,232,0.4,2024,5,FP1
0 days 00:20:53.426000,22.9,24.0,1009.7,False,39.0,95,0.7,2024,5,FP1
0 days 00:21:53.425000,22.9,24.0,1009.7,False,38.6,117,1.6,2024,5,FP1
0 days 00:22:53.442000,22.9,24.0,1009.6,False,38.6,117,0.9,2024,5,FP1
0 days 00:23:53.457000,22.9,23.0,1009.7,False,38.4,134,1.4,2024,5,FP1
0 days 00:24:53.461000,22.9,22.0,1009.7,False,38.4,239,0.8,2024,5,FP1
0 days 00:25:53.460000,22.9,22.0,1009.8,False,38.4,0,1.1,2024,5,FP1
0 days 00:26:53.476000,22.9,22.0,1009.7,False,39.1,97,1.2,2024,5,FP1
0 days 00:27:53.496000,22.9,22.0,1009.7,False,39.1,126,0.6,2024,5,FP1
0 days 00:28:53.492000,22.9,22.0,1009.7,False,38.5,131,1.1,2024,5,FP1
0 days 00:29:53.495000,22.9,22.0,1009.7,False,38.7,356,1.1,2024,5,FP1
0 days 00:30:53.493000,22.9,22.0,1009.6,False,38.7,36,1.1,2024,5,FP1
0 days 00:31:53.494000,23.0,22.0,1009.5,False,38.8,243,0.9,2024,5,FP1
0 days 00:32:53.495000,23.0,22.0,1009.5,False,39.3,155,1.1,2024,5,FP1
0 days 00:33:53.512000,23.1,22.0,1009.4,False,39.0,225,0.6,2024,5,FP1
0 days 00:34:53.510000,23.3,22.0,1009.4,False,39.0,146,0.9,2024,5,FP1
0 days 00:35:53.529000,23.2,22.0,1009.2,False,39.3,133,1.3,2024,5,FP1
0 days 00:36:53.528000,23.2,22.0,1009.4,False,39.9,100,1.3,2024,5,FP1
0 days 00:37:53.530000,23.2,22.0,1009.3,False,40.3,118,1.8,2024,5,FP1
0 days 00:38:53.530000,23.2,22.0,1009.3,False,40.0,111,2.0,2024,5,FP1
0 days 00:39:53.547000,23.3,23.0,1009.2,False,39.8,110,2.8,2024,5,FP1
0 days 00:40:53.549000,23.4,23.0,1009.3,False,39.7,125,1.8,2024,5,FP1
0 days 00:41:53.569000,23.4,23.0,1009.2,False,39.5,116,1.8,2024,5,FP1
0 days 00:42:53.565000,23.4,23.0,1009.2,False,39.2,100,2.6,2024,5,FP1
0 days 00:43:53.565000,23.5,22.0,1009.3,False,39.3,119,2.1,2024,5,FP1
0 days 00:44:53.565000,23.4,22.0,1009.2,False,39.8,5,1.4,2024,5,FP1
0 days 00:45:53.565000,23.2,22.0,1009.2,False,39.8,104,0.5,2024,5,FP1
0 days 00:46:53.568000,23.3,22.0,1009.3,False,39.4,79,1.8,2024,5,FP1
0 days 00:47:53.567000,23.4,22.0,1009.2,False,39.4,116,1.9,2024,5,FP1
0 days 00:48:53.568000,23.4,22.0,1009.2,False,39.4,123,1.7,2024,5,FP1
0 days 00:49:53.568000,23.5,22.0,1009.2,False,39.3,110,1.6,2024,5,FP1
0 days 00:50:53.574000,23.4,22.0,1009.2,False,39.3,126,1.8,2024,5,FP1
0 days 00:51:53.570000,23.4,23.0,1009.2,False,39.3,108,3.2,2024,5,FP1
0 days 00:52:53.571000,23.4,23.0,1009.1,False,39.4,0,2.7,2024,5,FP1
0 days 00:53:53.573000,23.4,23.0,1009.1,False,40.3,117,1.2,2024,5,FP1
0 days 00:54:53.576000,23.3,23.0,1009.2,False,40.3,111,1.6,2024,5,FP1
0 days 00:55:53.573000,23.4,22.0,1009.0,False,40.1,90,1.4,2024,5,FP1
0 days 00:56:53.577000,23.4,22.0,1009.0,False,40.3,154,0.5,2024,5,FP1
0 days 00:57:53.582000,23.4,23.0,1009.0,False,41.0,104,0.7,2024,5,FP1
0 days 00:58:53.575000,23.4,22.0,1008.9,False,41.5,103,1.1,2024,5,FP1
0 days 00:59:53.577000,23.5,21.0,1009.0,False,41.5,161,2.2,2024,5,FP1
0 days 01:00:53.585000,23.6,22.0,1009.0,False,41.4,0,0.4,2024,5,FP1
0 days 01:01:53.576000,23.6,22.0,1009.1,False,41.4,43,0.5,2024,5,FP1
0 days 01:02:53.577000,23.6,22.0,1009.0,False,41.8,40,0.8,2024,5,FP1
0 days 01:03:53.578000,23.6,22.0,1009.0,False,42.1,226,0.8,2024,5,FP1
0 days 01:04:53.578000,23.7,22.0,1009.0,False,42.1,6,0.9,2024,5,FP1
0 days 01:05:53.579000,23.7,22.0,1009.0,False,41.8,149,0.7,2024,5,FP1
0 days 01:06:53.570000,23.8,22.0,1008.9,False,40.9,186,0.6,2024,5,FP1
0 days 01:07:53.583000,23.7,22.0,1009.0,False,40.6,0,1.0,2024,5,FP1
0 days 01:08:53.584000,23.6,22.0,1008.9,False,40.4,122,0.5,2024,5,FP1
0 days 01:09:53.583000,23.7,22.0,1008.8,False,40.3,114,1.8,2024,5,FP1
0 days 01:10:53.583000,23.8,23.0,1008.8,False,40.0,141,2.1,2024,5,FP1
0 days 01:11:53.592000,23.8,23.0,1008.7,False,39.8,126,2.5,2024,5,FP1
0 days 01:12:53.585000,23.8,22.0,1008.7,False,39.5,137,2.5,2024,5,FP1
0 days 01:13:53.586000,23.6,23.0,1008.7,False,39.2,105,3.1,2024,5,FP1
0 days 01:14:53.587000,23.5,23.0,1008.7,False,39.1,163,1.8,2024,5,FP1
0 days 01:15:53.592000,23.5,23.0,1008.6,False,39.0,119,0.9,2024,5,FP1
0 days 01:16:53.587000,23.5,22.0,1008.6,False,38.9,78,1.7,2024,5,FP1
0 days 01:17:53.590000,23.5,22.0,1008.6,False,38.8,129,2.1,2024,5,FP1
0 days 01:18:53.590000,23.3,22.0,1008.5,False,38.9,226,1.2,2024,5,FP1
0 days 01:19:53.593000,23.4,22.0,1008.5,False,39.0,217,0.6,2024,5,FP1
0 days 01:20:53.591000,23.3,22.0,1008.5,False,38.9,267,0.7,2024,5,FP1
0 days 01:21:53.590000,23.3,22.0,1008.5,False,38.4,247,0.6,2024,5,FP1
0 days 00:01:00.566000,28.5,56.0,1015.6,False,49.7,148,3.0,2024,6,FP1
0 days 00:02:00.558000,28.4,58.0,1015.6,False,48.4,180,4.4,2024,6,FP1
0 days 00:03:00.567000,28.3,58.0,1015.5,False,46.6,149,2.9,2024,6,FP1
0 days 00:04:00.568000,28.3,59.0,1015.5,False,45.0,168,2.7,2024,6,FP1
0 days 00:05:00.568000,28.4,59.0,1015.5,False,47.6,152,3.0,2024,6,FP1
0 days 00:06:00.573000,28.5,58.0,1015.5,False,48.2,148,2.2,2024,6,FP1
0 days 00:07:00.571000,28.3,58.0,1015.5,False,47.9,166,2.8,2024,6,FP1
0 days 00:08:00.571000,28.3,58.0,1015.4,False,47.6,165,3.0,2024,6,FP1
0 days 00:09:00.570000,28.3,58.0,1015.5,False,47.6,171,2.9,2024,6,FP1
0 days 00:10:00.572000,28.3,57.0,1015.5,False,48.3,155,3.6,2024,6,FP1
0 days 00:11:00.570000,28.5,57.0,1015.5,False,48.7,160,3.1,2024,6,FP1
0 days 00:12:00.572000,28.6,57.0,1015.5,False,49.7,148,2.8,2024,6,FP1
0 days 00:13:00.578000,28.7,55.0,1015.6,False,49.5,165,3.2,2024,6,FP1
0 days 00:14:00.575000,28.8,55.0,1015.5,False,49.5,182,3.0,2024,6,FP1
0 days 00:15:00.578000,28.7,55.0,1015.6,False,47.4,169,2.2,2024,6,FP1
0 days 00:16:00.575000,28.6,56.0,1015.6,False,47.0,170,2.1,2024,6,FP1
0 days 00:17:00.582000,28.6,56.0,1015.5,False,46.1,156,1.3,2024,6,FP1
0 days 00:18:00.577000,28.7,54.0,1015.5,False,43.4,149,2.7,2024,6,FP1
0 days 00:19:00.578000,28.8,55.0,1015.5,False,43.4,170,3.0,2024,6,FP1
0 days 00:20:00.575000,28.6,56.0,1015.5,False,45.0,175,2.6,2024,6,FP1
0 days 00:21:00.583000,28.5,56.0,1015.5,False,44.4,163,3.3,2024,6,FP1
0 days 00:22:00.580000,28.7,57.0,1015.4,False,43.4,143,3.0,2024,6,FP1
0 days 00:23:00.581000,28.5,57.0,1015.5,False,43.4,153,3.1,2024,6,FP1
0 days 00:24:00.575000,28.6,58.0,1015.4,False,45.7,161,2.7,2024,6,FP1
0 days 00:25:00.581000,28.8,58.0,1015.4,False,47.3,172,1.7,2024,6,FP1
0 days 00:26:00.583000,28.6,57.0,1015.4,False,48.5,147,3.9,2024,6,FP1
0 days 00:27:00.582000,28.7,57.0,1015.5,False,48.5,192,3.3,2024,6,FP1
0 days 00:28:00.583000,28.7,59.0,1015.3,False,49.1,142,1.8,2024,6,FP1
0 days 00:29:00.584000,28.8,59.0,1015.4,False,50.1,169,3.8,2024,6,FP1
0 days 00:30:00.587000,28.9,57.0,1015.4,False,50.1,160,3.8,2024,6,FP1
0 days 00:31:00.587000,29.0,57.0,1015.5,False,49.1,150,3.4,2024,6,FP1
0 days 00:32:00.586000,29.0,57.0,1015.4,False,48.8,157,3.1,2024,6,FP1
0 days 00:33:00.586000,29.0,57.0,1015.3,False,49.9,176,2.9,2024,6,FP1
0 days 00:34:00.582000,29.0,58.0,1015.4,False,49.9,150,3.1,2024,6,FP1
0 days 00:35:00.590000,28.9,58.0,1015.4,False,49.3,154,3.0,2024,6,FP1
0 days 00:36:00.629000,28.8,56.0,1015.3,False,50.5,143,2.9,2024,6,FP1
0 days 00:37:00.588000,28.9,55.0,1015.3,False,51.3,142,3.0,2024,6,FP1
0 days 00:38:00.594000,29.0,55.0,1015.3,False,51.1,170,3.0,2024,6,FP1
0 days 00:39:00.589000,29.0,55.0,1015.2,False,50.6,151,4.2,2024,6,FP1
0 days 00:40:00.590000,28.7,56.0,1015.2,False,50.5,153,3.8,2024,6,FP1
0 days 00:41:00.595000,28.8,56.0,1015.2,False,50.5,153,3.8,2024,6,FP1
0 days 00:42:00.591000,28.7,57.0,1015.2,False,50.7,167,3.3,2024,6,FP1
0 days 00:43:00.596000,28.7,58.0,1015.2,False,51.8,170,2.6,2024,6,FP1
0 days 00:44:00.593000,28.9,57.0,1015.3,False,51.8,165,2.6,2024,6,FP1
0 days 00:45:00.593000,28.9,57.0,1015.3,False,51.8,165,2.6,2024,6,FP1
0 days 00:46:00.597000,28.9,56.0,1015.2,False,51.6,120,3.6,2024,6,FP1
0 days 00:47:00.603000,28.8,57.0,1015.2,False,51.8,178,2.2,2024,6,FP1
0 days 00:48:00.632000,28.9,56.0,1015.2,False,53.1,108,2.5,2024,6,FP1
0 days 00:49:00.628000,28.7,56.0,1015.2,False,52.8,143,2.7,2024,6,FP1
0 days 00:50:00.646000,28.7,57.0,1015.2,False,48.9,175,3.5,2024,6,FP1
0 days 00:51:00.659000,28.9,57.0,1015.2,False,47.8,99,3.7,2024,6,FP1
0 days 00:52:00.661000,28.8,58.0,1015.2,False,48.0,160,2.9,2024,6,FP1
0 days 00:53:00.674000,28.9,55.0,1015.2,False,50.2,165,3.1,2024,6,FP1
0 days 00:54:00.681000,29.0,54.0,1015.3,False,50.2,161,3.2,2024,6,FP1
0 days 00:55:00.684000,29.0,53.0,1015.2,False,51.0,184,3.8,2024,6,FP1
0 days 00:56:00.694000,28.9,53.0,1015.2,False,51.7,158,2.7,2024,6,FP1
0 days 00:57:00.697000,28.9,55.0,1015.2,False,52.3,180,3.3,2024,6,FP1
0 days 00:58:00.696000,29.0,56.0,1015.2,False,51.8,154,2.8,2024,6,FP1
0 days 00:59:00.698000,29.0,56.0,1015.0,False,51.6,168,4.4,2024,6,FP1
0 days 01:00:00.704000,28.9,56.0,1015.2,False,51.8,197,3.9,2024,6,FP1
0 days 01:01:00.715000,28.8,57.0,1015.2,False,52.6,188,2.2,2024,6,FP1
0 days 01:02:00.731000,28.8,57.0,1015.3,False,53.5,144,2.4,2024,6,FP1
0 days 01:03:00.732000,28.8,55.0,1015.1,False,53.5,149,2.4,2024,6,FP1
0 days 01:04:00.733000,28.9,54.0,1015.3,False,53.5,148,3.0,2024,6,FP1
0 days 01:05:00.733000,29.0,55.0,1015.1,False,53.4,162,3.9,2024,6,FP1
0 days 01:06:00.732000,29.0,54.0,1015.3,False,53.4,153,3.2,2024,6,FP1
0 days 01:07:00.734000,29.1,55.0,1015.2,False,52.8,171,1.9,2024,6,FP1
0 days 01:08:00.735000,29.0,55.0,1015.1,False,52.8,173,3.2,2024,6,FP1
0 days 01:09:00.739000,29.1,55.0,1015.0,False,52.9,180,3.1,2024,6,FP1
0 days 01:10:00.740000,29.0,55.0,1015.0,False,53.2,172,3.7,2024,6,FP1
0 days 01:11:00.737000,28.7,55.0,1015.0,False,52.9,155,4.7,2024,6,FP1
0 days 01:12:00.740000,28.6,56.0,1015.0,False,52.9,183,2.7,2024,6,FP1
0 days 01:13:00.752000,28.9,56.0,1015.0,False,53.5,147,1.6,2024,6,FP1
0 days 01:14:00.763000,29.3,56.0,1015.0,False,54.9,177,1.9,2024,6,FP1
0 days 01:15:00.786000,29.2,54.0,1015.1,False,54.4,156,3.2,2024,6,FP1
0 days 01:16:00.786000,29.3,55.0,1015.1,False,53.9,155,3.7,2024,6,FP1
0 days 01:17:00.788000,29.0,55.0,1015.1,False,53.4,154,2.4,2024,6,FP1
0 days 00:00:09.664000,23.3,35.0,1006.7,False,42.6,318,4.4,2024,7,FP1
0 days 00:01:09.685000,23.3,35.0,1006.7,False,42.6,318,4.4,2024,7,FP1
0 days 00:02:09.673000,23.3,35.0,1006.7,False,42.6,318,4.4,2024,7,FP1
0 days 00:03:09.701000,23.3,35.0,1006.7,False,42.6,318,4.4,2024,7,FP1
0 days 00:04:09.703000,23.3,35.0,1006.7,False,42.6,318,4.4,2024,7,FP1
0 days 00:05:09.681000,23.3,35.0,1006.7,False,42.6,318,4.4,2024,7,FP1
0 days 00:06:09.691000,23.3,35.0,1006.7,False,42.6,318,4.4,2024,7,FP1
0 days 00:07:09.701000,23.3,35.0,1006.7,False,42.6,318,4.4,2024,7,FP1
0 days 00:08:09.717000,23.3,35.0,1006.7,False,42.6,318,4.4,2024,7,FP1
0 days 00:09:09.691000,23.3,35.0,1006.7,False,42.6,318,4.4,2024,7,FP1
0 days 00:10:09.721000,23.3,35.0,1006.7,False,42.6,318,4.4,2024,7,FP1
0 days 00:11:09.739000,23.3,35.0,1006.7,False,42.6,318,4.4,2024,7,FP1
0 days 00:12:09.752000,23.3,35.0,1006.7,False,42.6,318,4.4,2024,7,FP1
0 days 00:13:09.770000,23.5,33.0,1007.0,False,42.9,253,5.3,2024,7,FP1
0 days 00:14:09.768000,23.7,33.0,1007.1,False,43.2,291,3.6,2024,7,FP1
0 days 00:15:09.801000,23.7,33.0,1007.0,False,43.2,320,4.0,2024,7,FP1
0 days 00:16:09.783000,23.8,34.0,1007.0,False,42.7,331,3.7,2024,7,FP1
0 days 00:17:09.801000,23.8,34.0,1007.0,False,42.9,305,2.8,2024,7,FP1
0 days 00:18:09.812000,23.8,32.0,1006.9,False,43.1,307,3.7,2024,7,FP1
0 days 00:19:09.825000,23.9,33.0,1007.1,False,42.9,274,5.0,2024,7,FP1
0 days 00:20:09.831000,23.8,31.0,1007.0,False,42.9,274,3.3,2024,7,FP1
0 days 00:21:09.824000,23.7,32.0,1007.1,False,43.3,299,3.0,2024,7,FP1
0 days 00:22:09.841000,23.6,32.0,1007.0,False,43.3,329,4.3,2024,7,FP1
0 days 00:23:09.859000,23.5,32.0,1007.0,False,43.1,318,5.1,2024,7,FP1
0 days 00:24:09.869000,23.5,32.0,1006.9,False,43.1,303,3.7,2024,7,FP1
0 days 00:25:09.859000,23.7,32.0,1007.0,False,43.2,306,3.7,2024,7,FP1
0 days 00:26:09.887000,23.7,32.0,1006.9,False,43.2,275,4.5,2024,7,FP1
0 days 00:27:09.903000,23.7,32.0,1007.0,False,43.4,287,2.9,2024,7,FP1
0 days 00:28:09.876000,23.8,31.0,1006.8,False,43.7,333,4.1,2024,7,FP1
0 days 00:29:09.885000,23.8,31.0,1006.9,False,43.6,299,4.2,2024,7,FP1
0 days 00:30:09.885000,23.8,31.0,1006.9,False,43.3,295,4.9,2024,7,FP1
0 days 00:31:09.898000,23.8,31.0,1007.0,False,43.3,294,4.4,2024,7,FP1
0 days 00:32:09.923000,23.8,31.0,1007.0,False,43.5,307,3.6,2024,7,FP1
0 days 00:33:09.904000,23.8,30.0,1007.0,False,43.6,308,4.6,2024,7,FP1
0 days 00:34:09.926000,23.9,31.0,1006.8,False,43.6,239,3.1,2024,7,FP1
0 days 00:35:09.925000,23.9,32.0,1006.8,False,43.6,321,3.5,2024,7,FP1
0 days 00:36:09.920000,24.0,31.0,1006.8,False,43.5,314,4.4,2024,7,FP1
0 days 00:37:10.072000,24.1,31.0,1006.8,False,43.5,307,4.0,2024,7,FP1
0 days 00:38:10.055000,24.1,31.0,1006.8,False,43.3,308,4.3,2024,7,FP1
0 days 00:39:10.056000,24.2,32.0,1006.8,False,43.3,278,5.3,2024,7,FP1
0 days 00:40:10.059000,24.2,32.0,1006.6,False,43.5,338,3.8,2024,7,FP1
0 days 00:41:10.072000,24.2,32.0,1006.9,False,43.7,292,3.0,2024,7,FP1
0 days 00:42:10.066000,24.2,32.0,1006.9,False,43.5,278,4.2,2024,7,FP1
0 days 00:43:10.074000,24.1,32.0,1006.9,False,43.7,275,3.8,2024,7,FP1
0 days 00:44:10.095000,24.2,32.0,1006.8,False,43.7,297,3.8,2024,7,FP1
0 days 00:45:10.081000,24.1,32.0,1006.8,False,43.7,309,3.0,2024,7,FP1
0 days 00:46:10.075000,24.3,32.0,1006.9,False,44.1,300,2.3,2024,7,FP1
0 days 00:47:10.078000,24.3,31.0,1006.8,False,43.8,299,3.6,2024,7,FP1
0 days 00:48:10.090000,24.3,31.0,1006.9,False,43.7,287,4.0,2024,7,FP1
0 days 00:49:10.108000,24.1,33.0,1006.9,False,43.4,283,4.7,2024,7,FP1
0 days 00:50:10.088000,24.1,33.0,1006.8,False,43.4,265,3.8,2024,7,FP1
0 days 00:51:10.151000,24.2,33.0,1006.9,False,43.4,274,3.8,2024,7,FP1
0 days 00:52:10.108000,24.3,34.0,1007.1,False,43.5,273,4.1,2024,7,FP1
0 days 00:53:10.124000,24.2,33.0,1006.9,False,43.9,324,4.7,2024,7,FP1
0 days 00:54:10.176000,24.2,32.0,1006.9,False,43.9,301,4.5,2024,7,FP1
0 days 00:55:10.147000,24.1,32.0,1006.9,False,43.7,312,5.2,2024,7,FP1
0 days 00:56:10.147000,24.2,32.0,1006.9,False,43.7,292,3.5,2024,7,FP1
0 days 00:57:10.142000,24.3,32.0,1006.8,False,44.1,298,3.9,2024,7,FP1
0 days 00:58:10.152000,24.3,32.0,1006.8,False,43.8,286,3.7,2024,7,FP1
0 days 00:59:10.146000,24.3,33.0,1006.8,False,43.8,317,3.4,2024,7,FP1
0 days 01:00:10.144000,24.3,33.0,1006.7,False,43.8,324,3.5,2024,7,FP1
0 days 01:01:10.148000,24.3,33.0,1006.9,False,43.9,316,3.8,2024,7,FP1
0 days 01:02:10.178000,24.3,33.0,1006.8,False,43.9,295,3.3,2024,7,FP1
0 days 01:03:10.181000,24.4,33.0,1006.7,False,44.2,289,4.4,2024,7,FP1
0 days 01:04:10.178000,24.3,32.0,1006.9,False,44.4,290,3.6,2024,7,FP1
0 days 01:05:10.169000,24.4,31.0,1006.8,False,44.5,290,3.5,2024,7,FP1
0 days 01:06:10.187000,24.4,31.0,1006.7,False,44.4,308,3.9,2024,7,FP1
0 days 01:07:10.189000,24.5,32.0,1006.8,False,44.4,281,3.1,2024,7,FP1
0 days 01:08:10.202000,24.5,32.0,1006.8,False,44.0,320,4.2,2024,7,FP1
0 days 01:09:10.217000,24.5,32.0,1007.0,False,44.0,285,4.1,2024,7,FP1
0 days 01:10:10.217000,24.5,32.0,1006.8,False,44.0,327,4.5,2024,7,FP1
0 days 01:11:10.230000,24.4,33.0,1006.8,False,44.0,263,3.6,2024,7,FP1
0 days 01:12:10.231000,24.5,32.0,1006.7,False,43.8,330,3.4,2024,7,FP1
0 days 01:13:10.250000,24.5,32.0,1006.9,False,44.0,282,3.0,2024,7,FP1
0 days 01:14:10.256000,24.5,31.0,1007.0,False,44.1,288,2.3,2024,7,FP1
0 days 01:15:10.272000,24.6,31.0,1007.0,False,44.0,296,3.7,2024,7,FP1
0 days 01:16:10.284000,24.6,32.0,1006.8,False,43.7,275,4.8,2024,7,FP1
0 days 01:17:10.292000,24.4,33.0,1006.7,False,43.8,303,3.0,2024,7,FP1
0 days 01:18:10.283000,24.4,32.0,1006.8,False,44.0,312,3.5,2024,7,FP1
0 days 00:00:55.605000,20.3,68.0,1018.4,False,37.3,18,1.5,2024,8,FP1
0 days 00:01:55.627000,20.2,68.0,1018.5,False,37.3,208,0.9,2024,8,FP1
0 days 00:02:55.622000,20.1,70.0,1018.5,False,38.1,86,0.9,2024,8,FP1
0 days 00:03:55.639000,20.0,70.0,1018.5,False,38.6,215,0.4,2024,8,FP1
0 days 00:04:55.655000,20.0,70.0,1018.5,False,38.6,188,0.3,2024,8,FP1
0 days 00:05:55.670000,20.0,70.0,1018.5,False,38.1,166,0.8,2024,8,FP1
0 days 00:06:55.689000,19.9,72.0,1018.5,False,37.7,62,0.5,2024,8,FP1
0 days 00:07:55.680000,20.0,71.0,1018.5,False,37.3,357,0.6,2024,8,FP1
0 days 00:08:55.678000,20.1,71.0,1018.5,False,37.4,13,0.4,2024,8,FP1
0 days 00:09:55.690000,20.0,69.0,1018.5,False,37.6,311,0.6,2024,8,FP1
0 days 00:10:55.690000,20.0,68.0,1018.6,False,37.3,159,0.9,2024,8,FP1
0 days 00:11:55.682000,20.0,69.0,1018.5,False,36.5,172,1.0,2024,8,FP1
0 days 00:12:55.707000,19.9,70.0,1018.5,False,36.5,156,0.9,2024,8,FP1
0 days 00:13:55.708000,20.0,70.0,1018.5,False,36.5,0,0.5,2024,8,FP1
0 days 00:14:55.714000,20.0,69.0,1018.4,False,36.5,0,0.9,2024,8,FP1
0 days 00:15:55.725000,20.0,70.0,1018.5,False,36.7,200,0.4,2024,8,FP1
0 days 00:16:55.741000,20.0,70.0,1018.6,False,36.1,217,1.0,2024,8,FP1
0 days 00:17:55.760000,20.0,70.0,1018.5,False,36.7,0,0.5,2024,8,FP1
0 days 00:18:55.825000,20.1,69.0,1018.5,False,37.1,222,1.1,2024,8,FP1
0 days 00:19:55.822000,20.3,67.0,1018.5,False,37.8,34,0.8,2024,8,FP1
0 days 00:20:55.821000,20.5,67.0,1018.7,False,36.8,207,0.5,2024,8,FP1
0 days 00:21:55.823000,20.6,67.0,1018.6,True,36.6,0,0.8,2024,8,FP1
0 days 00:22:55.838000,20.6,68.0,1018.6,True,36.5,0,0.5,2024,8,FP1
0 days 00:23:55.839000,20.6,68.0,1018.5,True,36.8,204,0.7,2024,8,FP1
0 days 00:24:55.841000,20.7,67.0,1018.5,True,37.2,174,0.7,2024,8,FP1
0 days 00:25:55.846000,20.8,65.0,1018.5,True,37.2,269,0.9,2024,8,FP1
0 days 00:26:55.845000,20.8,66.0,1018.6,True,36.6,217,1.0,2024,8,FP1
0 days 00:27:55.844000,20.8,65.0,1018.6,False,36.2,0,0.8,2024,8,FP1
0 days 00:28:55.845000,20.9,65.0,1018.5,False,36.0,199,0.3,2024,8,FP1
0 days 00:29:55.855000,20.9,66.0,1018.5,False,35.1,192,0.6,2024,8,FP1
0 days 00:30:55.864000,20.8,66.0,1018.4,False,35.2,188,0.4,2024,8,FP1
0 days 00:31:55.862000,20.8,65.0,1018.6,False,35.2,216,0.8,2024,8,FP1
0 days 00:32:55.861000,20.8,64.0,1018.3,False,35.0,205,0.4,2024,8,FP1
0 days 00:33:55.856000,20.9,64.0,1018.4,False,35.0,359,0.8,2024,8,FP1
0 days 00:34:55.862000,20.8,64.0,1018.4,False,34.7,273,0.9,2024,8,FP1
0 days 00:35:55.877000,20.8,64.0,1018.4,False,34.7,170,0.3,2024,8,FP1
0 days 00:36:55.894000,20.9,64.0,1018.3,False,34.9,192,0.7,2024,8,FP1
0 days 00:37:55.900000,20.9,63.0,1018.4,False,34.9,197,1.2,2024,8,FP1
0 days 00:38:55.900000,21.0,63.0,1018.3,False,34.2,215,0.9,2024,8,FP1
0 days 00:39:55.912000,20.9,65.0,1018.3,False,33.9,149,1.3,2024,8,FP1
0 days 00:40:55.922000,20.9,64.0,1018.3,False,34.3,268,0.8,2024,8,FP1
0 days 00:41:55.930000,20.9,64.0,1018.4,False,34.6,0,0.4,2024,8,FP1
0 days 00:42:56.113000,20.9,63.0,1018.3,False,34.5,173,0.3,2024,8,FP1
0 days 00:43:56.103000,21.0,62.0,1018.3,False,34.3,349,0.8,2024,8,FP1
0 days 00:44:56.102000,21.0,63.0,1018.3,False,33.5,12,1.4,2024,8,FP1
0 days 00:45:56.105000,20.9,64.0,1018.3,False,32.9,161,1.1,2024,8,FP1
0 days 00:46:56.103000,20.9,63.0,1018.3,False,32.8,31,0.8,2024,8,FP1
0 days 00:47:56.105000,20.7,65.0,1018.3,False,32.5,79,1.1,2024,8,FP1
0 days 00:48:56.109000,20.7,67.0,1018.1,False,32.5,73,0.6,2024,8,FP1
0 days 00:49:56.110000,20.6,67.0,1018.2,False,32.9,118,0.8,2024,8,FP1
0 days 00:50:56.108000,20.7,67.0,1018.1,False,32.9,108,0.6,2024,8,FP1
0 days 00:51:56.111000,20.8,68.0,1018.1,False,32.9,57,1.3,2024,8,FP1
0 days 00:52:56.110000,20.8,68.0,1018.2,False,33.3,236,1.2,2024,8,FP1
0 days 00:53:56.112000,20.9,68.0,1018.2,False,33.6,170,0.8,2024,8,FP1
0 days 00:54:56.112000,21.0,69.0,1018.2,False,33.7,74,0.5,2024,8,FP1
0 days 00:55:56.113000,21.0,69.0,1018.2,False,34.5,23,0.6,2024,8,FP1
0 days 00:56:56.130000,21.1,68.0,1018.2,False,34.5,77,0.6,2024,8,FP1
0 days 00:57:56.114000,21.2,68.0,1018.2,False,34.2,93,0.8,2024,8,FP1
0 days 00:58:56.116000,21.2,69.0,1018.1,False,33.8,178,0.8,2024,8,FP1
0 days 00:59:56.105000,21.1,70.0,1018.0,False,33.8,10,0.6,2024,8,FP1
0 days 01:00:56.114000,21.1,68.0,1018.0,False,34.4,6,1.5,2024,8,FP1
0 days 01:01:56.117000,21.1,68.0,1018.0,False,34.7,35,0.4,2024,8,FP1
0 days 01:02:56.116000,21.0,69.0,1018.1,False,35.2,33,0.0,2024,8,FP1
0 days 01:03:56.165000,21.0,68.0,1018.0,True,35.3,351,0.6,2024,8,FP1
0 days 01:04:56.117000,20.9,68.0,1017.9,False,36.3,24,0.8,2024,8,FP1
0 days 01:05:56.116000,20.8,67.0,1017.9,False,37.2,339,0.7,2024,8,FP1
0 days 01:06:56.121000,20.9,67.0,1017.9,False,37.2,184,1.0,2024,8,FP1
0 days 01:07:56.119000,21.0,67.0,1017.8,False,36.8,340,0.5,2024,8,FP1
0 days 01:08:56.121000,21.1,66.0,1017.8,False,36.2,0,0.4,2024,8,FP1
0 days 01:09:56.124000,21.2,67.0,1017.9,False,35.5,192,0.5,2024,8,FP1
0 days 01:10:56.123000,21.3,65.0,1017.8,False,35.5,209,0.5,2024,8,FP1
0 days 01:11:56.130000,21.5,64.0,1017.8,False,35.4,223,1.3,2024,8,FP1
0 days 01:12:56.125000,21.4,64.0,1017.8,False,35.4,218,0.9,2024,8,FP1
0 days 01:13:56.131000,21.4,63.0,1017.8,False,36.0,197,0.7,2024,8,FP1
0 days 01:14:56.126000,21.5,61.0,1017.7,False,35.7,311,0.8,2024,8,FP1
0 days 01:15:56.160000,21.5,61.0,1017.7,False,35.7,311,0.8,2024,8,FP1
0 days 01:16:56.126000,21.5,62.0,1017.7,False,35.3,352,0.8,2024,8,FP1
0 days 00:00:34.879000,17.3,88.0,999.5,False,27.5,241,0.7,2024,9,FP1
0 days 00:01:34.883000,17.3,87.0,999.4,False,27.3,245,1.5,2024,9,FP1
0 days 00:02:34.879000,17.3,88.0,999.4,False,27.0,256,0.6,2024,9,FP1
0 days 00:03:34.881000,17.2,87.0,999.3,False,27.1,236,0.4,2024,9,FP1
0 days 00:04:34.879000,17.3,87.0,999.4,False,27.2,264,1.0,2024,9,FP1
0 days 00:05:34.884000,17.4,87.0,999.4,False,27.1,238,0.7,2024,9,FP1
0 days 00:06:34.880000,17.4,88.0,999.3,False,26.8,225,0.8,2024,9,FP1
0 days 00:07:34.881000,17.5,88.0,999.3,False,26.8,242,0.7,2024,9,FP1
0 days 00:08:34.904000,17.4,88.0,999.3,False,26.7,256,0.6,2024,9,FP1
0 days 00:09:34.885000,17.4,87.0,999.3,False,27.2,0,0.6,2024,9,FP1
0 days 00:10:34.884000,17.5,88.0,999.2,False,27.6,309,0.4,2024,9,FP1
0 days 00:11:34.884000,17.5,89.0,999.2,False,28.0,60,0.0,2024,9,FP1
0 days 00:12:34.888000,17.6,88.0,999.3,False,28.6,171,0.0,2024,9,FP1
0 days 00:13:34.887000,17.8,87.0,999.1,False,28.6,256,0.5,2024,9,FP1
0 days 00:14:34.890000,17.7,87.0,999.2,False,28.2,0,0.6,2024,9,FP1
0 days 00:15:34.887000,17.8,85.0,999.2,False,28.1,245,0.6,2024,9,FP1
0 days 00:16:34.886000,17.8,85.0,999.2,False,27.9,238,0.8,2024,9,FP1
0 days 00:17:34.888000,18.0,87.0,999.2,False,27.5,226,1.0,2024,9,FP1
0 days 00:18:34.890000,17.8,86.0,999.2,False,27.4,224,1.2,2024,9,FP1
0 days 00:19:34.889000,17.8,86.0,999.2,False,27.0,226,1.4,2024,9,FP1
0 days 00:20:34.895000,17.8,88.0,999.2,False,26.9,211,0.9,2024,9,FP1
0 days 00:21:34.908000,17.9,87.0,999.0,False,26.9,250,0.7,2024,9,FP1
0 days 00:22:34.898000,17.9,85.0,998.9,False,26.9,272,0.8,2024,9,FP1
0 days 00:23:34.898000,17.9,85.0,998.9,False,26.9,272,0.8,2024,9,FP1
0 days 00:24:34.891000,17.9,85.0,998.9,True,26.0,227,1.0,2024,9,FP1
0 days 00:25:34.908000,17.8,86.0,998.8,True,25.7,15,0.6,2024,9,FP1
0 days 00:26:34.927000,17.8,85.0,998.6,True,25.5,348,1.1,2024,9,FP1
0 days 00:27:34.940000,17.7,85.0,998.5,True,25.5,328,1.2,2024,9,FP1
0 days 00:28:34.945000,17.8,86.0,998.5,True,25.7,342,1.5,2024,9,FP1
0 days 00:29:34.960000,17.8,85.0,998.4,True,25.7,355,1.1,2024,9,FP1
0 days 00:30:34.966000,17.9,86.0,998.4,True,25.8,336,1.0,2024,9,FP1
0 days 00:31:34.976000,17.9,86.0,998.4,True,26.1,353,0.9,2024,9,FP1
0 days 00:32:34.990000,18.0,87.0,998.4,True,26.5,337,0.8,2024,9,FP1
0 days 00:33:34.990000,18.0,83.0,998.4,True,26.7,280,1.0,2024,9,FP1
0 days 00:34:35.001000,17.9,82.0,998.4,True,26.7,299,1.2,2024,9,FP1
0 days 00:35:34.986000,18.0,85.0,998.6,True,27.2,228,0.8,2024,9,FP1
0 days 00:36:35.011000,18.1,86.0,998.5,True,27.5,234,0.8,2024,9,FP1
0 days 00:37:35.026000,18.1,86.0,998.5,True,27.5,234,0.8,2024,9,FP1
0 days 00:38:35.033000,18.3,84.0,998.7,False,28.1,215,1.3,2024,9,FP1
0 days 00:39:35.028000,18.5,82.0,998.6,False,28.0,219,1.5,2024,9,FP1
0 days 00:40:35.029000,18.5,85.0,998.7,False,28.1,219,0.9,2024,9,FP1
0 days 00:41:35.028000,18.4,83.0,998.5,False,28.4,229,1.6,2024,9,FP1
0 days 00:42:35.063000,18.4,82.0,998.6,False,28.4,221,1.7,2024,9,FP1
0 days 00:43:35.030000,18.5,85.0,998.5,False,28.6,218,0.9,2024,9,FP1
0 days 00:44:35.032000,18.5,82.0,998.6,False,28.7,222,2.1,2024,9,FP1
0 days 00:45:35.034000,18.5,82.0,998.6,False,29.0,213,2.7,2024,9,FP1
0 days 00:46:35.036000,18.6,81.0,998.6,False,29.2,242,2.4,2024,9,FP1
0 days 00:47:35.053000,18.6,82.0,998.5,False,29.3,229,2.5,2024,9,FP1
0 days 00:48:35.066000,18.6,80.0,998.5,False,29.8,221,2.5,2024,9,FP1
0 days 00:49:35.081000,18.8,82.0,998.4,False,30.0,238,2.8,2024,9,FP1
0 days 00:50:35.098000,18.9,82.0,998.4,False,30.0,218,2.1,2024,9,FP1
0 days 00:51:35.121000,19.0,80.0,998.4,False,29.9,214,2.8,2024,9,FP1
0 days 00:52:35.131000,18.9,78.0,998.3,False,29.7,219,2.8,2024,9,FP1
0 days 00:53:35.132000,19.0,79.0,998.2,False,30.0,204,2.3,2024,9,FP1
0 days 00:54:35.133000,18.9,79.0,998.3,False,30.1,223,2.2,2024,9,FP1
0 days 00:55:35.139000,18.9,80.0,998.3,False,30.3,195,2.1,2024,9,FP1
0 days 00:56:35.131000,19.0,79.0,998.2,False,30.3,214,1.6,2024,9,FP1
0 days 00:57:35.134000,18.9,80.0,998.2,False,30.2,243,1.8,2024,9,FP1
0 days 00:58:35.151000,18.9,80.0,998.3,False,30.5,187,1.8,2024,9,FP1
0 days 00:59:35.151000,18.9,80.0,998.3,False,30.8,221,1.9,2024,9,FP1
0 days 01:00:35.153000,18.9,81.0,998.3,False,30.9,256,1.1,2024,9,FP1
0 days 01:01:35.168000,18.9,78.0,998.2,False,30.9,223,1.7,2024,9,FP1
0 days 01:02:35.176000,18.8,83.0,998.3,False,30.8,196,0.9,2024,9,FP1
0 days 01:03:35.182000,18.8,81.0,998.2,False,31.1,175,1.4,2024,9,FP1
0 days 01:04:35.192000,18.8,81.0,998.2,False,31.1,209,1.8,2024,9,FP1
0 days 01:05:35.190000,18.7,81.0,998.2,False,30.7,197,1.0,2024,9,FP1
0 days 01:06:35.180000,18.6,83.0,998.3,False,31.2,206,1.0,2024,9,FP1
0 days 01:07:35.188000,18.5,84.0,998.3,False,31.3,207,1.2,2024,9,FP1
0 days 01:08:35.206000,18.5,80.0,998.2,False,31.4,226,0.7,2024,9,FP1
0 days 01:09:35.220000,18.5,82.0,998.2,False,31.2,181,1.4,2024,9,FP1
0 days 01:10:35.225000,18.6,82.0,998.3,False,31.2,246,1.1,2024,9,FP1
0 days 01:11:35.252000,18.5,80.0,998.3,False,31.5,194,1.0,2024,9,FP1
0 days 01:12:35.270000,18.6,81.0,998.3,False,31.7,181,1.3,2024,9,FP1
0 days 01:13:35.289000,18.8,78.0,998.3,False,31.7,178,1.7,2024,9,FP1
0 days 01:14:35.304000,18.9,82.0,998.3,False,31.7,197,0.8,2024,9,FP1
0 days 01:15:35.302000,19.0,79.0,998.3,False,32.2,231,0.8,2024,9,FP1
0 days 01:16:35.303000,19.3,77.0,998.3,False,32.2,228,1.6,2024,9,FP1
0 days 01:17:35.304000,19.3,78.0,998.3,False,31.7,244,1.4,2024,9,FP1
0 days 00:00:25.642000,27.5,37.0,1004.3,False,46.3,93,0.0,2024,10,FP1
0 days 00:01:25.662000,27.5,36.0,1004.5,False,46.4,0,0.0,2024,10,FP1
0 days 00:02:25.653000,27.5,36.0,1004.5,False,47.3,241,2.3,2024,10,FP1
0 days 00:03:25.660000,27.6,34.0,1004.4,False,47.5,226,2.0,2024,10,FP1
0 days 00:04:25.667000,27.7,35.0,1004.4,False,46.4,242,2.0,2024,10,FP1
0 days 00:05:25.669000,27.7,34.0,1004.5,False,46.4,252,2.1,2024,10,FP1
0 days 00:06:25.667000,27.6,34.0,1004.5,False,45.8,235,1.8,2024,10,FP1
0 days 00:07:25.672000,27.5,35.0,1004.5,False,45.3,238,3.2,2024,10,FP1
0 days 00:08:25.670000,27.6,35.0,1004.4,False,45.7,230,2.0,2024,10,FP1
0 days 00:09:25.666000,27.6,34.0,1004.5,False,46.0,236,1.5,2024,10,FP1
0 days 00:10:25.667000,27.6,36.0,1004.5,False,46.0,249,1.0,2024,10,FP1
0 days 00:11:25.677000,27.7,34.0,1004.5,False,46.0,234,2.5,2024,10,FP1
0 days 00:12:25.672000,27.8,34.0,1004.5,False,45.8,239,2.0,2024,10,FP1
0 days 00:13:25.678000,27.7,34.0,1004.4,False,45.7,251,0.7,2024,10,FP1
0 days 00:14:25.680000,27.6,35.0,1004.4,False,45.9,231,1.1,2024,10,FP1
0 days 00:15:25.665000,27.5,35.0,1004.5,False,46.1,245,1.8,2024,10,FP1
0 days 00:16:25.673000,27.5,35.0,1004.4,False,46.5,234,2.2,2024,10,FP1
0 days 00:17:25.674000,27.9,34.0,1004.4,False,46.9,235,2.4,2024,10,FP1
0 days 00:18:25.669000,28.0,34.0,1004.5,False,47.5,228,2.8,2024,10,FP1
0 days 00:19:25.681000,28.0,34.0,1004.5,False,47.5,228,2.8,2024,10,FP1
0 days 00:20:25.670000,28.2,34.0,1004.5,False,47.5,228,2.8,2024,10,FP1
0 days 00:21:25.685000,28.3,33.0,1004.5,False,47.5,237,2.2,2024,10,FP1
0 days 00:22:25.676000,28.4,32.0,1004.5,False,47.0,228,2.2,2024,10,FP1
0 days 00:23:25.681000,28.4,30.0,1004.5,False,46.8,259,2.8,2024,10,FP1
0 days 00:24:25.679000,28.4,32.0,1004.5,False,46.9,0,1.3,2024,10,FP1
0 days 00:25:25.673000,28.4,31.0,1004.6,False,47.3,236,1.8,2024,10,FP1
0 days 00:26:25.689000,28.5,30.0,1004.6,False,47.3,245,3.0,2024,10,FP1
0 days 00:27:25.682000,28.5,29.0,1004.6,False,46.8,237,2.9,2024,10,FP1
0 days 00:28:25.682000,28.3,30.0,1004.5,False,46.7,235,2.4,2024,10,FP1
0 days 00:29:25.690000,28.4,30.0,1004.6,False,46.5,242,2.8,2024,10,FP1
0 days 00:30:25.675000,28.5,31.0,1004.6,False,46.9,264,1.7,2024,10,FP1
0 days 00:31:25.694000,28.5,30.0,1004.5,False,46.9,232,2.9,2024,10,FP1
0 days 00:32:25.699000,28.5,31.0,1004.6,False,47.0,234,3.2,2024,10,FP1
0 days 00:33:25.706000,28.5,32.0,1004.5,False,47.0,225,2.0,2024,10,FP1
0 days 00:34:25.724000,28.5,31.0,1004.5,False,46.8,215,2.0,2024,10,FP1
0 days 00:35:25.741000,28.4,32.0,1004.6,False,46.6,0,1.1,2024,10,FP1
0 days 00:36:25.741000,28.2,33.0,1004.5,False,47.1,276,0.7,2024,10,FP1
0 days 00:37:25.750000,28.2,32.0,1004.5,False,47.5,231,1.0,2024,10,FP1
0 days 00:38:25.747000,28.2,32.0,1004.5,False,47.4,257,2.4,2024,10,FP1
0 days 00:39:25.770000,28.0,32.0,1004.4,False,47.3,229,1.8,2024,10,FP1
0 days 00:40:25.783000,28.0,33.0,1004.5,False,47.6,232,3.3,2024,10,FP1
0 days 00:41:25.789000,28.1,33.0,1004.4,False,47.7,236,3.4,2024,10,FP1
0 days 00:42:25.793000,28.2,32.0,1004.5,False,47.6,249,2.8,2024,10,FP1
0 days 00:43:25.788000,28.3,33.0,1004.5,False,47.5,228,1.2,2024,10,FP1
0 days 00:44:25.796000,28.3,32.0,1004.5,False,47.2,225,2.7,2024,10,FP1
0 days 00:45:25.817000,28.2,33.0,1004.4,False,47.4,234,3.4,2024,10,FP1
0 days 00:46:25.814000,28.3,32.0,1004.4,False,47.6,241,3.5,2024,10,FP1
0 days 00:47:25.821000,28.3,32.0,1004.4,False,47.7,243,2.7,2024,10,FP1
0 days 00:48:25.815000,28.3,32.0,1004.3,False,47.4,211,3.1,2024,10,FP1
0 days 00:49:25.829000,28.2,33.0,1004.3,False,47.4,183,2.0,2024,10,FP1
0 days 00:50:25.828000,28.1,32.0,1004.4,False,47.4,245,2.6,2024,10,FP1
0 days 00:51:25.826000,28.2,33.0,1004.4,False,48.0,232,2.1,2024,10,FP1
0 days 00:52:25.823000,28.3,34.0,1004.3,False,47.8,242,2.4,2024,10,FP1
0 days 00:53:25.828000,28.4,32.0,1004.5,False,47.8,240,2.9,2024,10,FP1
0 days 00:54:25.825000,28.4,34.0,1004.4,False,47.2,244,2.3,2024,10,FP1
0 days 00:55:25.822000,28.4,32.0,1004.3,False,47.2,235,3.3,2024,10,FP1
0 days 00:56:25.827000,28.4,33.0,1004.3,False,47.5,237,2.7,2024,10,FP1
0 days 00:57:25.835000,28.4,32.0,1004.4,False,47.5,238,2.7,2024,10,FP1
0 days 00:58:25.838000,28.5,33.0,1004.3,False,46.9,231,2.7,2024,10,FP1
0 days 00:59:25.832000,28.5,33.0,1004.2,False,47.5,232,2.7,2024,10,FP1
0 days 01:00:25.823000,28.5,33.0,1004.3,False,47.6,241,2.7,2024,10,FP1
0 days 01:01:25.827000,28.5,33.0,1004.4,False,47.7,244,2.7,2024,10,FP1
0 days 01:02:25.834000,28.4,32.0,1004.3,False,47.4,238,2.5,2024,10,FP1
0 days 01:03:25.837000,28.5,34.0,1004.3,False,47.1,227,2.6,2024,10,FP1
0 days 01:04:25.842000,28.4,34.0,1004.4,False,46.9,211,1.9,2024,10,FP1
0 days 01:05:25.829000,28.4,35.0,1004.3,False,46.9,35,0.6,2024,10,FP1
0 days 01:06:25.826000,28.3,34.0,1004.2,False,47.8,150,2.2,2024,10,FP1
0 days 01:07:25.831000,28.3,37.0,1004.2,False,47.7,96,1.5,2024,10,FP1
0 days 01:08:25.841000,28.1,38.0,1004.3,False,47.8,152,1.0,2024,10,FP1
0 days 01:09:25.836000,28.0,38.0,1004.2,False,48.0,3,0.6,2024,10,FP1
0 days 01:10:25.841000,28.1,38.0,1004.2,False,48.0,231,1.3,2024,10,FP1
0 days 01:11:25.840000,28.2,35.0,1004.2,False,48.0,239,1.8,2024,10,FP1
0 days 01:12:25.826000,28.3,36.0,1004.2,False,47.7,266,2.8,2024,10,FP1
0 days 01:13:25.833000,28.4,37.0,1004.2,False,47.7,224,2.2,2024,10,FP1
0 days 01:14:25.844000,28.3,36.0,1004.2,False,47.7,232,2.0,2024,10,FP1
0 days 01:15:25.839000,28.3,38.0,1004.1,False,47.7,150,0.6,2024,10,FP1
0 days 01:16:25.846000,28.3,37.0,1004.1,False,48.0,107,0.7,2024,10,FP1
0 days 01:17:25.835000,28.4,36.0,1004.2,False,47.8,276,1.0,2024,10,FP1
0 days 01:18:25.832000,28.5,36.0,1004.2,False,46.1,230,2.1,2024,10,FP1
0 days 01:19:25.839000,28.5,37.0,1004.2,False,46.2,259,1.7,2024,10,FP1
0 days 01:20:25.848000,28.5,38.0,1004.2,False,47.0,200,1.5,2024,10,FP1
0 days 00:00:32.583000,23.4,62.0,940.7,False,30.7,104,2.0,2024,11,FP1
0 days 00:01:32.588000,23.2,63.0,940.7,False,30.7,103,1.7,2024,11,FP1
0 days 00:02:32.581000,23.0,63.0,940.8,False,31.3,97,1.9,2024,11,FP1
0 days 00:03:32.586000,22.9,63.0,940.8,False,31.3,93,2.2,2024,11,FP1
0 days 00:04:32.589000,22.9,63.0,940.8,False,31.3,116,2.1,2024,11,FP1
0 days 00:05:32.591000,22.9,63.0,940.9,False,30.8,102,2.3,2024,11,FP1
0 days 00:06:32.598000,22.8,64.0,940.8,False,30.8,108,2.6,2024,11,FP1
0 days 00:07:32.585000,22.8,64.0,940.8,False,31.3,108,2.4,2024,11,FP1
0 days 00:08:32.601000,22.8,64.0,940.7,False,31.3,124,2.4,2024,11,FP1
0 days 00:09:32.591000,22.7,63.0,940.8,False,31.5,96,2.5,2024,11,FP1
0 days 00:10:32.593000,22.6,62.0,940.9,False,31.3,91,2.2,2024,11,FP1
0 days 00:11:32.594000,22.4,63.0,940.9,False,31.5,90,2.0,2024,11,FP1
0 days 00:12:32.591000,22.3,61.0,940.8,False,31.7,97,2.7,2024,11,FP1
0 days 00:13:32.598000,22.1,62.0,940.8,False,31.5,101,2.4,2024,11,FP1
0 days 00:14:32.592000,22.1,62.0,940.8,False,31.7,112,2.5,2024,11,FP1
0 days 00:15:32.614000,22.0,62.0,940.8,False,31.7,110,3.2,2024,11,FP1
0 days 00:16:32.590000,21.9,62.0,940.8,False,31.7,86,3.0,2024,11,FP1
0 days 00:17:32.595000,22.0,62.0,940.8,False,31.7,119,2.1,2024,11,FP1
0 days 00:18:32.593000,21.9,62.0,940.8,False,32.1,113,2.7,2024,11,FP1
0 days 00:19:32.589000,21.9,62.0,940.8,False,32.1,104,2.4,2024,11,FP1
0 days 00:20:32.595000,22.0,61.0,940.7,False,32.1,107,2.8,2024,11,FP1
0 days 00:21:32.616000,22.1,62.0,940.7,False,31.9,90,2.4,2024,11,FP1
0 days 00:22:32.619000,22.2,62.0,940.8,False,32.2,107,2.5,2024,11,FP1
0 days 00:23:32.635000,22.4,61.0,940.8,False,33.0,104,2.4,2024,11,FP1
0 days 00:24:32.643000,22.4,60.0,940.7,False,33.5,95,2.7,2024,11,FP1
0 days 00:25:32.647000,22.5,59.0,940.7,False,33.7,111,2.6,2024,11,FP1
0 days 00:26:32.652000,22.5,59.0,940.7,False,33.9,117,2.3,2024,11,FP1
0 days 00:27:32.652000,22.6,58.0,940.7,False,34.2,108,2.4,2024,11,FP1
0 days 00:28:32.647000,22.7,58.0,940.8,False,34.3,94,2.6,2024,11,FP1
0 days 00:29:32.647000,22.9,58.0,940.7,False,34.3,104,3.3,2024,11,FP1
0 days 00:30:32.650000,22.9,58.0,940.8,False,35.7,85,2.3,2024,11,FP1
0 days 00:31:32.675000,23.0,58.0,940.8,False,36.3,105,2.7,2024,11,FP1
0 days 00:32:32.678000,23.1,58.0,940.7,False,36.5,85,2.5,2024,11,FP1
0 days 00:33:32.685000,23.3,58.0,940.8,False,36.6,104,1.9,2024,11,FP1
0 days 00:34:32.690000,23.4,58.0,940.7,False,37.7,90,1.7,2024,11,FP1
0 days 00:35:32.699000,23.5,59.0,940.8,False,37.9,0,1.5,2024,11,FP1
0 days 00:36:32.697000,23.7,59.0,940.8,False,38.6,142,0.7,2024,11,FP1
0 days 00:37:32.699000,23.7,58.0,940.8,False,38.7,113,1.2,2024,11,FP1
0 days 00:38:32.708000,23.7,57.0,940.8,False,38.7,108,2.4,2024,11,FP1
0 days 00:39:32.710000,23.7,56.0,940.8,False,38.7,104,2.7,2024,11,FP1
0 days 00:40:32.710000,23.6,56.0,940.8,False,38.8,102,2.8,2024,11,FP1
0 days 00:41:32.731000,23.5,58.0,940.8,False,38.9,104,4.0,2024,11,FP1
0 days 00:42:32.743000,23.4,58.0,940.8,False,38.3,110,3.1,2024,11,FP1
0 days 00:43:32.741000,23.3,60.0,940.8,False,38.3,108,2.2,2024,11,FP1
0 days 00:44:32.743000,23.2,60.0,940.9,False,39.1,109,2.5,2024,11,FP1
0 days 00:45:32.746000,23.2,60.0,940.9,False,39.4,102,2.7,2024,11,FP1
0 days 00:46:32.744000,23.4,59.0,940.8,False,39.8,99,2.9,2024,11,FP1
0 days 00:47:32.755000,23.4,60.0,940.8,False,40.1,107,3.1,2024,11,FP1
0 days 00:48:32.747000,23.4,59.0,940.8,False,40.5,93,3.1,2024,11,FP1
0 days 00:49:32.746000,23.5,59.0,940.8,False,39.1,110,3.1,2024,11,FP1
0 days 00:50:32.747000,23.4,58.0,940.8,False,39.1,101,3.6,2024,11,FP1
0 days 00:51:32.739000,23.4,58.0,940.8,False,39.4,104,2.4,2024,11,FP1
0 days 00:52:32.745000,23.4,58.0,940.8,False,39.6,121,1.9,2024,11,FP1
0 days 00:53:32.751000,23.5,59.0,940.8,False,39.7,105,3.3,2024,11,FP1
0 days 00:54:32.751000,23.6,58.0,940.9,False,40.2,106,2.9,2024,11,FP1
0 days 00:55:32.742000,23.6,59.0,940.8,False,40.2,120,3.3,2024,11,FP1
0 days 00:56:32.755000,23.6,59.0,940.8,False,40.1,105,3.7,2024,11,FP1
0 days 00:57:32.751000,23.6,59.0,940.8,False,40.0,114,3.7,2024,11,FP1
0 days 00:58:32.758000,23.6,58.0,940.8,False,39.9,98,3.9,2024,11,FP1
0 days 00:59:32.745000,23.7,59.0,940.7,False,40.0,98,3.5,2024,11,FP1
0 days 01:00:32.753000,23.7,58.0,940.8,False,40.4,121,2.7,2024,11,FP1
0 days 01:01:32.797000,23.8,59.0,940.7,False,41.0,116,2.6,2024,11,FP1
0 days 01:02:32.755000,23.8,59.0,940.8,False,40.6,119,2.7,2024,11,FP1
0 days 01:03:32.756000,23.7,60.0,940.7,False,40.6,107,2.3,2024,11,FP1
0 days 01:04:32.759000,23.8,59.0,940.8,False,41.0,130,2.6,2024,11,FP1
0 days 01:05:32.755000,23.8,59.0,940.6,False,41.0,107,2.3,2024,11,FP1
0 days 01:06:32.753000,23.9,58.0,940.6,False,41.4,101,2.8,2024,11,FP1
0 days 01:07:32.751000,24.0,58.0,940.6,False,41.8,89,3.1,2024,11,FP1
0 days 01:08:32.754000,24.1,58.0,940.6,False,41.7,124,2.9,2024,11,FP1
0 days 01:09:32.762000,24.1,56.0,940.6,False,41.7,112,2.8,2024,11,FP1
0 days 01:10:32.764000,24.1,56.0,940.7,False,41.5,109,3.4,2024,11,FP1
0 days 01:11:32.761000,24.2,56.0,940.7,False,41.1,113,3.2,2024,11,FP1
0 days 01:12:32.771000,24.3,58.0,940.6,False,41.4,123,2.6,2024,11,FP1
0 days 01:13:32.766000,24.4,58.0,940.6,False,41.4,130,3.3,2024,11,FP1
0 days 01:14:32.767000,24.4,58.0,940.5,False,41.7,103,2.3,2024,11,FP1
0 days 01:15:32.766000,24.5,57.0,940.5,False,41.7,73,3.2,2024,11,FP1
0 days 01:16:32.760000,24.5,58.0,940.6,False,42.0,108,2.0,2024,11,FP1
0 days 01:17:32.774000,24.5,58.0,940.6,False,42.5,90,1.4,2024,11,FP1
0 days 01:18:32.848000,24.5,58.0,940.5,False,42.3,107,2.6,2024,11,FP1
0 days 00:00:07.510000,15.7,79.0,989.5,False,21.4,236,1.1,2024,12,FP1
0 days 00:01:07.490000,15.7,78.0,989.6,False,21.4,229,1.1,2024,12,FP1
0 days 00:02:07.522000,15.6,78.0,989.6,False,21.4,229,1.1,2024,12,FP1
0 days 00:03:07.539000,15.6,79.0,989.6,False,21.3,224,1.6,2024,12,FP1
0 days 00:04:07.531000,15.6,79.0,989.6,False,21.3,231,1.4,2024,12,FP1
0 days 00:05:07.539000,15.6,79.0,989.6,False,21.2,230,1.4,2024,12,FP1
0 days 00:06:07.530000,15.6,79.0,989.5,False,21.3,179,1.0,2024,12,FP1
0 days 00:07:07.537000,15.6,79.0,989.6,False,21.4,202,0.8,2024,12,FP1
0 days 00:08:07.563000,15.6,79.0,989.5,False,21.7,214,0.8,2024,12,FP1
0 days 00:09:07.541000,15.6,79.0,989.4,False,21.9,148,0.6,2024,12,FP1
0 days 00:10:07.556000,15.6,81.0,989.5,False,22.0,170,0.3,2024,12,FP1
0 days 00:11:07.579000,15.6,79.0,989.5,False,22.0,353,0.5,2024,12,FP1
0 days 00:12:07.561000,15.7,78.0,989.5,False,21.8,10,0.7,2024,12,FP1
0 days 00:13:07.568000,15.6,78.0,989.5,False,21.9,146,0.4,2024,12,FP1
0 days 00:14:07.577000,15.7,79.0,989.5,False,21.9,226,0.4,2024,12,FP1
0 days 00:15:07.583000,15.7,79.0,989.5,False,22.1,193,0.6,2024,12,FP1
0 days 00:16:07.581000,15.8,78.0,989.5,False,22.2,181,0.9,2024,12,FP1
0 days 00:17:07.601000,15.8,79.0,989.5,False,22.3,219,1.1,2024,12,FP1
0 days 00:18:07.617000,15.9,79.0,989.5,False,22.3,272,1.3,2024,12,FP1
0 days 00:19:07.618000,15.9,77.0,989.5,False,22.2,168,0.9,2024,12,FP1
0 days 00:20:07.622000,15.9,78.0,989.5,False,22.5,0,0.8,2024,12,FP1
0 days 00:21:07.628000,16.0,78.0,989.5,False,22.6,210,0.7,2024,12,FP1
0 days 00:22:07.633000,16.1,77.0,989.5,False,22.4,230,1.4,2024,12,FP1
0 days 00:23:07.648000,16.0,77.0,989.5,False,22.3,199,1.4,2024,12,FP1
0 days 00:24:07.669000,16.0,77.0,989.5,False,22.5,203,1.3,2024,12,FP1
0 days 00:25:07.659000,16.0,77.0,989.4,False,22.6,219,1.5,2024,12,FP1
0 days 00:26:07.685000,16.0,77.0,989.5,False,22.8,204,1.2,2024,12,FP1
0 days 00:27:07.691000,16.1,77.0,989.4,False,22.9,202,1.9,2024,12,FP1
0 days 00:28:07.704000,16.1,77.0,989.5,False,23.0,273,1.3,2024,12,FP1
0 days 00:29:07.716000,16.1,77.0,989.4,False,23.1,327,0.9,2024,12,FP1
0 days 00:30:07.697000,16.2,76.0,989.4,False,23.3,209,0.6,2024,12,FP1
0 days 00:31:07.705000,16.2,76.0,989.4,False,23.6,199,1.2,2024,12,FP1
0 days 00:32:07.699000,16.2,77.0,989.4,False,24.0,224,0.9,2024,12,FP1
0 days 00:33:07.708000,16.3,77.0,989.4,False,24.3,236,1.2,2024,12,FP1
0 days 00:34:07.696000,16.2,75.0,989.5,False,24.3,206,1.7,2024,12,FP1
0 days 00:35:07.709000,16.4,74.0,989.4,False,24.3,266,1.1,2024,12,FP1
0 days 00:36:07.708000,16.4,75.0,989.4,False,24.2,202,1.6,2024,12,FP1
0 days 00:37:07.720000,16.4,76.0,989.4,False,24.5,233,0.7,2024,12,FP1
0 days 00:38:07.709000,16.4,76.0,989.5,False,24.6,238,1.2,2024,12,FP1
0 days 00:39:07.710000,16.4,75.0,989.4,False,24.6,220,1.6,2024,12,FP1
0 days 00:40:07.722000,16.5,74.0,989.5,False,24.8,238,2.0,2024,12,FP1
0 days 00:41:07.696000,16.5,73.0,989.5,False,24.8,258,0.9,2024,12,FP1
0 days 00:42:07.711000,16.6,73.0,989.4,False,24.9,230,1.3,2024,12,FP1
0 days 00:43:07.722000,16.6,74.0,989.4,False,25.3,250,0.7,2024,12,FP1
0 days 00:44:07.721000,16.7,74.0,989.5,False,25.3,226,1.0,2024,12,FP1
0 days 00:45:07.720000,16.7,72.0,989.4,False,25.3,247,1.3,2024,12,FP1
0 days 00:46:07.728000,16.8,72.0,989.4,False,25.3,89,0.7,2024,12,FP1
0 days 00:47:07.734000,16.8,73.0,989.5,False,25.7,249,0.7,2024,12,FP1
0 days 00:48:07.760000,16.7,72.0,989.4,False,25.8,212,1.1,2024,12,FP1
0 days 00:49:07.778000,16.9,73.0,989.4,False,25.8,201,1.1,2024,12,FP1
0 days 00:50:07.775000,16.8,73.0,989.4,False,25.8,202,2.2,2024,12,FP1
0 days 00:51:07.792000,16.9,73.0,989.4,False,26.1,242,2.4,2024,12,FP1
0 days 00:52:07.815000,16.9,73.0,989.4,False,26.2,237,1.6,2024,12,FP1
0 days 00:53:07.814000,16.9,74.0,989.4,False,25.7,241,2.4,2024,12,FP1
0 days 00:54:07.821000,16.7,74.0,989.5,False,25.7,217,0.8,2024,12,FP1
0 days 00:55:07.835000,16.6,75.0,989.5,False,26.0,221,1.1,2024,12,FP1
0 days 00:56:07.815000,16.6,75.0,989.4,False,26.2,238,1.5,2024,12,FP1
0 days 00:57:07.833000,16.7,75.0,989.4,False,26.2,210,2.5,2024,12,FP1
0 days 00:58:07.853000,16.6,75.0,989.4,False,26.2,219,2.1,2024,12,FP1
0 days 00:59:07.862000,16.7,75.0,989.4,False,26.1,212,2.1,2024,12,FP1
0 days 01:00:07.846000,16.8,74.0,989.4,False,26.0,208,2.2,2024,12,FP1
0 days 01:01:07.852000,16.8,74.0,989.4,False,26.1,235,1.5,2024,12,FP1
0 days 01:02:07.852000,16.8,74.0,989.4,False,26.2,231,1.8,2024,12,FP1
0 days 01:03:07.866000,16.9,72.0,989.4,False,26.5,220,1.6,2024,12,FP1
0 days 01:04:07.844000,16.9,74.0,989.3,False,27.0,188,1.8,2024,12,FP1
0 days 01:05:07.851000,16.9,74.0,989.3,False,27.4,193,2.4,2024,12,FP1
0 days 01:06:07.877000,16.9,75.0,989.4,False,27.8,225,1.8,2024,12,FP1
0 days 01:07:07.899000,17.0,74.0,989.4,False,28.0,230,1.8,2024,12,FP1
0 days 01:08:07.915000,17.0,75.0,989.3,False,28.0,254,1.3,2024,12,FP1
0 days 01:09:07.923000,17.1,75.0,989.3,False,28.1,209,1.4,2024,12,FP1
0 days 01:10:07.920000,17.1,73.0,989.2,False,27.7,208,1.6,2024,12,FP1
0 days 01:11:07.954000,17.1,72.0,989.2,False,27.3,226,1.2,2024,12,FP1
0 days 01:12:07.956000,17.1,73.0,989.2,False,27.2,170,1.0,2024,12,FP1
0 days 01:13:07.965000,17.2,74.0,989.3,False,27.3,213,1.7,2024,12,FP1
0 days 01:14:07.963000,17.1,73.0,989.2,False,27.4,196,2.7,2024,12,FP1
0 days 01:15:07.956000,17.1,73.0,989.3,False,27.2,205,3.2,2024,12,FP1
0 days 01:16:07.982000,16.9,74.0,989.3,False,27.2,203,2.7,2024,12,FP1
0 days 01:17:07.996000,17.0,73.0,989.3,False,27.2,194,2.7,2024,12,FP1
0 days 01:18:08.014000,16.9,74.0,989.2,False,27.3,200,1.6,2024,12,FP1
0 days 01:19:08.026000,16.8,75.0,989.2,False,27.7,241,1.3,2024,12,FP1
0 days 01:20:08.046000,16.8,74.0,989.2,False,27.7,241,1.9,2024,12,FP1
0 days 00:00:39.501000,30.4,39.0,990.9,False,58.4,146,0.8,2024,13,FP1
0 days 00:01:39.506000,30.4,38.0,990.9,False,58.4,179,1.5,2024,13,FP1
0 days 00:02:39.523000,30.6,39.0,990.9,False,57.2,170,1.6,2024,13,FP1
0 days 00:03:39.535000,30.6,40.0,991.0,False,57.2,217,1.1,2024,13,FP1
0 days 00:04:39.536000,30.6,40.0,990.9,False,58.2,288,1.0,2024,13,FP1
0 days 00:05:39.552000,30.6,40.0,991.0,False,59.5,146,1.2,2024,13,FP1
0 days 00:06:39.554000,30.9,38.0,990.9,False,59.5,166,1.9,2024,13,FP1
0 days 00:07:39.554000,30.8,38.0,990.9,False,58.6,217,1.4,2024,13,FP1
0 days 00:08:39.554000,30.7,39.0,990.8,False,58.0,206,1.6,2024,13,FP1
0 days 00:09:39.553000,30.6,39.0,990.9,False,58.4,238,0.9,2024,13,FP1
0 days 00:10:39.555000,30.6,38.0,990.9,False,58.1,191,1.3,2024,13,FP1
0 days 00:11:39.549000,30.7,39.0,990.9,False,58.1,210,1.2,2024,13,FP1
0 days 00:12:39.557000,30.6,39.0,990.8,False,58.1,186,0.9,2024,13,FP1
0 days 00:13:39.557000,30.5,40.0,990.9,False,57.7,142,1.0,2024,13,FP1
0 days 00:14:39.560000,30.4,40.0,990.8,False,58.1,262,1.6,2024,13,FP1
0 days 00:15:39.578000,30.4,40.0,990.8,False,59.5,191,1.2,2024,13,FP1
0 days 00:16:39.608000,30.5,40.0,990.8,False,59.5,191,1.2,2024,13,FP1
0 days 00:17:39.625000,30.4,38.0,990.9,False,59.5,266,1.8,2024,13,FP1
0 days 00:18:39.623000,30.5,38.0,990.8,False,59.5,154,0.9,2024,13,FP1
0 days 00:19:39.632000,30.6,37.0,990.8,False,59.4,151,1.0,2024,13,FP1
0 days 00:20:39.643000,30.8,37.0,990.8,False,58.4,138,1.1,2024,13,FP1
0 days 00:21:39.644000,30.8,37.0,990.8,False,58.4,271,0.6,2024,13,FP1
0 days 00:22:39.644000,31.0,38.0,990.8,False,58.9,322,1.2,2024,13,FP1
0 days 00:23:39.641000,31.0,38.0,990.7,False,58.3,295,1.7,2024,13,FP1
0 days 00:24:39.644000,31.0,39.0,990.8,False,56.9,303,1.9,2024,13,FP1
0 days 00:25:39.646000,31.0,39.0,990.8,False,56.9,269,1.2,2024,13,FP1
0 days 00:26:39.649000,31.2,40.0,990.7,False,57.7,294,1.0,2024,13,FP1
0 days 00:27:39.649000,31.3,40.0,990.7,False,58.1,310,0.8,2024,13,FP1
0 days 00:28:39.647000,31.0,39.0,990.7,False,58.1,314,0.8,2024,13,FP1
0 days 00:29:39.649000,30.9,39.0,990.7,False,58.7,286,1.2,2024,13,FP1
0 days 00:30:39.651000,30.9,38.0,990.7,False,59.2,315,1.6,2024,13,FP1
0 days 00:31:39.648000,31.0,38.0,990.7,False,57.5,304,1.9,2024,13,FP1
0 days 00:32:39.647000,31.0,39.0,990.7,False,57.5,0,1.3,2024,13,FP1
0 days 00:33:39.649000,31.0,38.0,990.6,False,58.6,186,1.0,2024,13,FP1
0 days 00:34:39.650000,31.1,39.0,990.7,False,58.6,316,1.2,2024,13,FP1
0 days 00:35:39.651000,31.0,38.0,990.6,False,58.5,309,0.9,2024,13,FP1
0 days 00:36:39.712000,30.9,39.0,990.6,False,58.2,345,1.2,2024,13,FP1
0 days 00:37:39.659000,31.0,38.0,990.6,False,58.8,311,0.7,2024,13,FP1
0 days 00:38:39.651000,31.0,38.0,990.5,False,58.3,307,2.8,2024,13,FP1
0 days 00:39:39.652000,31.0,38.0,990.5,False,58.3,292,3.8,2024,13,FP1
0 days 00:40:39.660000,30.9,39.0,990.6,False,59.3,295,2.4,2024,13,FP1
0 days 00:41:39.654000,31.0,38.0,990.6,False,59.4,192,1.2,2024,13,FP1
0 days 00:42:39.654000,31.1,37.0,990.6,False,58.2,139,1.9,2024,13,FP1
0 days 00:43:39.656000,30.9,39.0,990.5,False,57.9,241,1.2,2024,13,FP1
0 days 00:44:39.647000,30.8,39.0,990.6,False,58.0,292,1.1,2024,13,FP1
0 days 00:45:39.658000,30.9,38.0,990.6,False,59.2,306,1.7,2024,13,FP1
0 days 00:46:39.671000,30.9,38.0,990.6,False,58.2,295,2.0,2024,13,FP1
0 days 00:47:39.660000,30.9,38.0,990.6,False,58.1,145,0.9,2024,13,FP1
0 days 00:48:39.661000,30.8,39.0,990.5,False,58.1,150,0.4,2024,13,FP1
0 days 00:49:39.665000,30.7,39.0,990.4,False,58.1,154,0.8,2024,13,FP1
0 days 00:50:39.660000,30.9,39.0,990.5,False,58.7,183,1.0,2024,13,FP1
0 days 00:51:39.663000,31.0,39.0,990.6,False,58.8,151,1.0,2024,13,FP1
0 days 00:52:39.668000,31.1,38.0,990.4,False,58.9,121,0.6,2024,13,FP1
0 days 00:53:39.666000,31.3,38.0,990.5,False,59.4,167,1.2,2024,13,FP1
0 days 00:54:39.666000,31.4,38.0,990.4,False,59.5,146,1.1,2024,13,FP1
0 days 00:55:39.659000,31.3,37.0,990.4,False,59.5,150,0.9,2024,13,FP1
0 days 00:56:39.667000,31.1,37.0,990.4,False,60.3,145,1.2,2024,13,FP1
0 days 00:57:39.667000,31.2,37.0,990.5,False,59.7,0,0.9,2024,13,FP1
0 days 00:58:39.670000,31.2,37.0,990.4,False,57.8,150,0.3,2024,13,FP1
0 days 00:59:39.671000,31.2,38.0,990.4,False,57.8,177,1.8,2024,13,FP1
0 days 01:00:39.675000,31.2,37.0,990.4,False,58.8,154,1.6,2024,13,FP1
0 days 01:01:39.677000,31.1,37.0,990.4,False,57.9,177,1.0,2024,13,FP1
0 days 01:02:39.736000,30.9,38.0,990.4,False,58.0,204,2.2,2024,13,FP1
0 days 01:03:39.689000,30.8,38.0,990.3,False,58.9,176,1.2,2024,13,FP1
0 days 01:04:39.705000,30.9,37.0,990.4,False,59.0,183,1.0,2024,13,FP1
0 days 01:05:39.879000,31.1,37.0,990.4,False,60.6,285,0.5,2024,13,FP1
0 days 01:06:39.877000,31.2,37.0,990.3,False,60.0,0,0.5,2024,13,FP1
0 days 01:07:39.894000,31.3,36.0,990.3,False,60.5,187,0.6,2024,13,FP1
0 days 01:08:39.895000,31.6,34.0,990.3,False,60.0,199,0.7,2024,13,FP1
0 days 01:09:39.903000,31.6,35.0,990.3,False,58.5,316,1.7,2024,13,FP1
0 days 01:10:39.919000,31.8,36.0,990.3,False,57.4,313,2.9,2024,13,FP1
0 days 01:11:39.928000,31.7,37.0,990.2,False,57.5,302,2.6,2024,13,FP1
0 days 01:12:39.930000,31.6,37.0,990.2,False,57.6,298,2.2,2024,13,FP1
0 days 01:13:39.933000,31.5,38.0,990.2,False,58.1,35,1.5,2024,13,FP1
0 days 01:14:39.931000,31.3,37.0,990.2,False,58.9,158,0.7,2024,13,FP1
0 days 01:15:39.931000,31.4,36.0,990.2,False,59.3,200,0.5,2024,13,FP1
0 days 01:16:39.932000,31.6,36.0,990.2,False,58.9,9,1.6,2024,13,FP1
0 days 01:17:39.930000,31.6,36.0,990.2,False,58.1,222,0.6,2024,13,FP1
0 days 01:18:39.931000,31.6,36.0,990.1,False,57.0,0,0.9,2024,13,FP1
0 days 01:19:39.932000,31.6,37.0,990.1,False,57.0,156,0.5,2024,13,FP1
0 days 01:20:39.937000,31.6,37.0,990.2,False,57.1,207,0.9,2024,13,FP1
0 days 01:21:39.935000,31.5,37.0,990.1,False,58.1,254,1.0,2024,13,FP1
0 days 00:00:43.033000,21.4,62.0,964.6,False,35.7,285,0.6,2024,14,FP1
0 days 00:01:43.043000,21.4,62.0,964.6,False,35.2,178,0.8,2024,14,FP1
0 days 00:02:43.054000,21.4,63.0,964.6,False,35.7,206,1.6,2024,14,FP1
0 days 00:03:43.064000,21.4,64.0,964.7,False,36.0,181,2.4,2024,14,FP1
0 days 00:04:43.066000,21.5,63.0,964.6,False,36.9,71,1.1,2024,14,FP1
0 days 00:05:43.059000,21.6,62.0,964.7,False,36.4,232,0.7,2024,14,FP1
0 days 00:06:43.071000,21.5,63.0,964.6,False,36.2,0,1.4,2024,14,FP1
0 days 00:07:43.065000,21.6,63.0,964.6,False,36.4,267,0.0,2024,14,FP1
0 days 00:08:43.111000,21.5,65.0,964.7,False,36.5,28,2.4,2024,14,FP1
0 days 00:09:43.072000,21.5,65.0,964.6,False,36.1,357,0.5,2024,14,FP1
0 days 00:10:43.077000,21.5,64.0,964.5,False,36.0,46,1.5,2024,14,FP1
0 days 00:11:43.077000,21.5,65.0,964.7,True,36.0,335,2.5,2024,14,FP1
0 days 00:12:43.064000,21.5,63.0,964.7,False,36.1,195,2.5,2024,14,FP1
0 days 00:13:43.073000,21.5,64.0,964.7,False,36.4,252,1.7,2024,14,FP1
0 days 00:14:43.075000,21.6,64.0,964.6,False,36.6,174,1.1,2024,14,FP1
0 days 00:15:43.075000,21.7,65.0,964.7,False,36.8,205,0.6,2024,14,FP1
0 days 00:16:43.074000,21.7,63.0,964.6,False,37.3,139,1.1,2024,14,FP1
0 days 00:17:43.080000,21.6,60.0,964.7,False,37.3,18,1.2,2024,14,FP1
0 days 00:18:43.081000,21.6,60.0,964.7,False,37.2,25,1.8,2024,14,FP1
0 days 00:19:43.073000,21.7,62.0,964.7,False,37.4,118,2.0,2024,14,FP1
0 days 00:20:43.084000,21.7,60.0,964.7,False,38.5,137,1.5,2024,14,FP1
0 days 00:21:43.080000,21.7,60.0,964.7,False,38.5,173,2.8,2024,14,FP1
0 days 00:22:43.083000,21.7,60.0,964.7,False,38.3,51,1.2,2024,14,FP1
0 days 00:23:43.079000,21.7,61.0,964.7,False,38.3,221,1.5,2024,14,FP1
0 days 00:24:43.082000,21.8,60.0,964.8,False,38.4,189,0.4,2024,14,FP1
0 days 00:25:43.128000,21.9,59.0,964.8,False,38.5,81,2.1,2024,14,FP1
0 days 00:26:43.070000,22.0,61.0,964.6,False,38.3,28,1.5,2024,14,FP1
0 days 00:27:43.082000,22.1,62.0,964.7,False,38.3,118,1.6,2024,14,FP1
0 days 00:28:43.087000,22.2,62.0,964.6,False,39.0,178,2.2,2024,14,FP1
0 days 00:29:43.083000,22.2,62.0,964.7,False,39.0,169,2.8,2024,14,FP1
0 days 00:30:43.091000,22.3,61.0,964.7,False,39.0,29,1.9,2024,14,FP1
0 days 00:31:43.080000,22.3,62.0,964.7,False,39.1,31,1.4,2024,14,FP1
0 days 00:32:43.082000,22.3,63.0,964.8,False,39.3,171,1.6,2024,14,FP1
0 days 00:33:43.089000,22.3,62.0,964.8,False,39.6,197,1.7,2024,14,FP1
0 days 00:34:43.091000,22.3,61.0,964.8,False,39.9,163,1.3,2024,14,FP1
0 days 00:35:43.089000,22.3,61.0,964.7,False,39.6,181,0.9,2024,14,FP1
0 days 00:36:43.087000,22.4,60.0,964.7,False,39.7,45,0.8,2024,14,FP1
0 days 00:37:43.092000,22.3,60.0,964.8,False,40.0,325,2.4,2024,14,FP1
0 days 00:38:43.097000,22.3,61.0,964.8,False,40.1,182,1.2,2024,14,FP1
0 days 00:39:43.087000,22.2,59.0,964.8,False,40.6,0,0.9,2024,14,FP1
0 days 00:40:43.094000,22.1,60.0,964.9,False,40.9,190,0.6,2024,14,FP1
0 days 00:41:43.089000,22.0,59.0,964.8,False,40.5,359,0.9,2024,14,FP1
0 days 00:42:43.095000,21.9,60.0,964.8,False,40.6,186,1.1,2024,14,FP1
0 days 00:43:43.094000,21.9,60.0,964.9,False,40.5,185,1.1,2024,14,FP1
0 days 00:44:43.128000,22.0,59.0,964.8,False,40.9,137,2.1,2024,14,FP1
0 days 00:45:43.090000,21.9,61.0,964.8,False,40.5,155,4.0,2024,14,FP1
0 days 00:46:43.111000,22.0,62.0,964.8,False,39.6,346,0.7,2024,14,FP1
0 days 00:47:43.117000,22.0,61.0,965.0,False,39.0,285,1.9,2024,14,FP1
0 days 00:48:43.125000,22.0,60.0,964.9,False,38.5,12,2.0,2024,14,FP1
0 days 00:49:43.141000,22.0,61.0,964.8,False,38.0,65,1.3,2024,14,FP1
0 days 00:50:43.143000,22.0,61.0,964.9,False,38.4,211,0.5,2024,14,FP1
0 days 00:51:43.147000,22.0,60.0,964.9,False,38.4,80,1.1,2024,14,FP1
0 days 00:52:43.152000,22.0,62.0,964.8,False,38.1,196,1.6,2024,14,FP1
0 days 00:53:43.181000,22.1,61.0,964.8,False,38.5,174,1.4,2024,14,FP1
0 days 00:54:43.182000,22.3,61.0,964.8,False,38.6,166,1.7,2024,14,FP1
0 days 00:55:43.199000,22.3,60.0,964.8,False,38.7,212,1.6,2024,14,FP1
0 days 00:56:43.215000,22.3,60.0,964.9,False,38.8,243,0.9,2024,14,FP1
0 days 00:57:43.232000,22.3,58.0,964.9,False,40.0,156,1.6,2024,14,FP1
0 days 00:58:43.229000,22.2,58.0,964.8,False,39.9,151,2.1,2024,14,FP1
0 days 00:59:43.233000,22.1,59.0,964.8,False,39.9,160,3.3,2024,14,FP1
0 days 01:00:43.226000,22.1,59.0,964.9,False,39.7,144,2.8,2024,14,FP1
0 days 01:01:43.231000,22.1,60.0,964.9,False,39.4,233,1.5,2024,14,FP1
0 days 01:02:43.221000,22.2,60.0,964.8,False,39.2,116,1.2,2024,14,FP1
0 days 01:03:43.229000,22.2,60.0,964.9,False,39.6,241,1.0,2024,14,FP1
0 days 01:04:43.227000,22.3,58.0,964.8,False,39.7,154,0.8,2024,14,FP1
0 days 01:05:43.231000,22.4,59.0,964.9,False,39.7,178,2.3,2024,14,FP1
0 days 01:06:43.228000,22.4,60.0,964.9,False,39.4,142,1.6,2024,14,FP1
0 days 01:07:43.236000,22.5,59.0,964.9,False,39.2,183,1.4,2024,14,FP1
0 days 01:08:43.263000,22.5,59.0,964.9,False,39.2,89,1.4,2024,14,FP1
0 days 01:09:43.280000,22.5,59.0,964.9,False,38.6,115,1.0,2024,14,FP1
0 days 01:10:43.285000,22.5,59.0,964.9,False,38.6,59,1.2,2024,14,FP1
0 days 01:11:43.297000,22.4,58.0,964.9,False,38.8,153,2.6,2024,14,FP1
0 days 01:12:43.296000,22.4,59.0,965.0,False,38.1,154,2.9,2024,14,FP1
0 days 01:13:43.300000,22.4,60.0,964.9,False,37.9,181,1.0,2024,14,FP1
0 days 01:14:43.301000,22.3,60.0,964.9,False,38.4,171,1.7,2024,14,FP1
0 days 01:15:43.315000,22.3,59.0,964.9,False,38.4,134,1.6,2024,14,FP1
0 days 01:16:43.338000,22.3,59.0,964.8,False,38.0,36,1.1,2024,14,FP1
0 days 01:17:43.338000,22.3,60.0,964.9,False,37.8,203,1.2,2024,14,FP1
0 days 01:18:43.377000,22.3,60.0,964.9,False,37.8,0,2.0,2024,14,FP1
0 days 01:19:43.341000,22.3,60.0,965.0,False,37.6,190,2.5,2024,14,FP1
0 days 01:20:43.337000,22.1,61.0,965.0,False,37.6,173,2.0,2024,14,FP1
0 days 01:21:43.332000,22.1,60.0,965.0,False,37.6,117,1.8,2024,14,FP1
0 days 01:22:43.360000,22.0,61.0,965.0,False,37.3,133,1.5,2024,14,FP1
0 days 00:00:22.001000,19.4,92.0,1002.6,False,21.1,214,6.0,2024,15,FP1
0 days 00:01:22.005000,19.5,91.0,1002.6,False,21.1,226,6.3,2024,15,FP1
0 days 00:02:22.003000,19.6,91.0,1002.6,False,21.1,224,7.1,2024,15,FP1
0 days 00:03:22.006000,19.6,90.0,1002.7,False,21.0,222,6.2,2024,15,FP1
0 days 00:04:22.005000,19.7,90.0,1002.7,True,20.9,214,6.6,2024,15,FP1
0 days 00:05:22.007000,19.7,90.0,1002.7,True,20.5,222,6.0,2024,15,FP1
0 days 00:06:22.004000,19.7,90.0,1002.7,True,20.5,232,5.2,2024,15,FP1
0 days 00:07:22.005000,19.6,90.0,1002.7,True,20.6,218,5.9,2024,15,FP1
0 days 00:08:22.009000,19.6,90.0,1002.8,True,20.6,222,5.9,2024,15,FP1
0 days 00:09:22.006000,19.6,90.0,1002.7,True,20.6,235,7.3,2024,15,FP1
0 days 00:10:22.008000,19.6,90.0,1002.8,True,20.6,218,7.0,2024,15,FP1
0 days 00:11:22.009000,19.5,89.0,1002.7,True,20.6,228,8.6,2024,15,FP1
0 days 00:12:22.010000,19.5,90.0,1002.7,True,20.6,226,6.3,2024,15,FP1
0 days 00:13:22.012000,19.5,90.0,1002.8,True,20.4,225,7.8,2024,15,FP1
0 days 00:14:22.010000,19.5,90.0,1002.9,True,20.3,233,7.9,2024,15,FP1
0 days 00:15:22.014000,19.5,90.0,1002.8,True,20.4,224,7.3,2024,15,FP1
0 days 00:16:22.021000,19.5,90.0,1002.8,False,20.4,228,8.5,2024,15,FP1
0 days 00:17:22.013000,19.5,90.0,1002.8,False,20.6,226,7.4,2024,15,FP1
0 days 00:18:22.020000,19.6,89.0,1002.9,False,20.7,216,8.4,2024,15,FP1
0 days 00:19:22.033000,19.6,89.0,1002.9,False,20.9,231,7.2,2024,15,FP1
0 days 00:20:22.035000,19.7,88.0,1003.0,False,20.9,219,7.0,2024,15,FP1
0 days 00:21:22.045000,19.8,88.0,1003.0,False,20.9,219,7.0,2024,15,FP1
0 days 00:22:22.048000,19.8,88.0,1003.2,False,20.8,211,6.7,2024,15,FP1
0 days 00:23:22.068000,19.9,88.0,1002.9,False,20.8,242,7.2,2024,15,FP1
0 days 00:24:22.065000,19.9,88.0,1003.1,False,20.8,237,7.8,2024,15,FP1
0 days 00:25:22.065000,19.9,87.0,1003.2,False,20.8,219,5.6,2024,15,FP1
0 days 00:26:22.065000,20.0,88.0,1003.2,False,20.8,220,5.6,2024,15,FP1
0 days 00:27:22.068000,20.0,88.0,1003.1,False,20.8,227,6.5,2024,15,FP1
0 days 00:28:22.070000,20.0,87.0,1003.1,False,20.8,234,7.3,2024,15,FP1
0 days 00:29:22.086000,20.0,88.0,1003.2,False,21.0,217,5.7,2024,15,FP1
0 days 00:30:22.084000,20.0,87.0,1003.1,False,21.0,238,5.9,2024,15,FP1
0 days 00:31:22.085000,20.0,87.0,1003.2,False,20.8,221,7.4,2024,15,FP1
0 days 00:32:22.084000,20.0,87.0,1003.1,False,20.6,210,7.8,2024,15,FP1
0 days 00:33:22.087000,20.0,87.0,1003.1,False,20.6,221,5.9,2024,15,FP1
0 days 00:34:22.102000,20.0,87.0,1003.0,False,20.7,226,5.9,2024,15,FP1
0 days 00:35:22.115000,20.0,86.0,1003.3,False,20.7,225,6.3,2024,15,FP1
0 days 00:36:22.137000,20.0,87.0,1003.2,False,20.8,222,6.9,2024,15,FP1
0 days 00:37:22.134000,20.0,86.0,1003.3,False,20.8,228,6.2,2024,15,FP1
0 days 00:38:22.133000,20.0,86.0,1003.3,False,20.8,222,7.5,2024,15,FP1
0 days 00:39:22.135000,20.0,85.0,1003.3,False,20.8,226,7.1,2024,15,FP1
0 days 00:40:22.152000,20.0,85.0,1003.3,False,20.9,225,7.4,2024,15,FP1
0 days 00:41:22.153000,20.0,86.0,1003.3,False,21.0,219,7.6,2024,15,FP1
0 days 00:42:22.161000,20.1,86.0,1003.3,False,21.3,235,5.8,2024,15,FP1
0 days 00:43:22.160000,20.1,86.0,1003.4,False,21.9,228,7.7,2024,15,FP1
0 days 00:44:22.156000,20.2,86.0,1003.5,False,22.4,219,4.7,2024,15,FP1
0 days 00:45:22.165000,20.3,85.0,1003.5,False,22.8,240,7.2,2024,15,FP1
0 days 00:46:22.176000,20.4,85.0,1003.5,False,22.3,218,6.7,2024,15,FP1
0 days 00:47:22.195000,20.4,84.0,1003.6,False,22.0,224,7.9,2024,15,FP1
0 days 00:48:22.190000,20.4,84.0,1003.6,False,22.0,233,7.2,2024,15,FP1
0 days 00:49:22.204000,20.4,82.0,1003.6,False,22.1,236,8.2,2024,15,FP1
0 days 00:50:22.206000,20.3,82.0,1003.6,False,22.2,219,7.3,2024,15,FP1
0 days 00:51:22.209000,20.3,76.0,1003.5,False,22.5,209,7.1,2024,15,FP1
0 days 00:52:22.209000,20.3,75.0,1003.7,False,22.1,216,8.7,2024,15,FP1
0 days 00:53:22.209000,20.3,75.0,1003.5,False,21.8,220,9.0,2024,15,FP1
0 days 00:54:22.211000,20.3,76.0,1003.7,False,21.8,235,9.2,2024,15,FP1
0 days 00:55:22.210000,20.3,77.0,1003.5,False,22.2,216,6.7,2024,15,FP1
0 days 00:56:22.214000,20.3,77.0,1003.6,False,22.5,204,7.1,2024,15,FP1
0 days 00:57:22.212000,20.4,78.0,1003.6,False,22.7,224,5.4,2024,15,FP1
0 days 00:58:22.214000,20.5,77.0,1003.7,False,23.1,229,8.4,2024,15,FP1
0 days 00:59:22.211000,20.6,78.0,1003.8,False,23.2,236,6.5,2024,15,FP1
0 days 01:00:22.235000,20.6,78.0,1003.7,False,23.5,221,6.0,2024,15,FP1
0 days 01:01:22.244000,20.7,78.0,1003.7,False,23.3,226,4.8,2024,15,FP1
0 days 01:02:22.262000,20.8,78.0,1003.9,False,23.3,234,8.0,2024,15,FP1
0 days 01:03:22.262000,20.8,79.0,1003.8,False,23.3,231,5.3,2024,15,FP1
0 days 01:04:22.266000,20.9,78.0,1003.7,False,23.3,213,8.4,2024,15,FP1
0 days 01:05:22.283000,21.0,79.0,1004.0,False,22.8,227,8.3,2024,15,FP1
0 days 01:06:22.295000,21.0,79.0,1004.0,False,22.8,230,8.1,2024,15,FP1
0 days 01:07:22.295000,21.0,80.0,1004.0,False,22.9,215,7.7,2024,15,FP1
0 days 01:08:22.297000,21.1,78.0,1003.8,False,23.0,225,7.0,2024,15,FP1
0 days 01:09:22.297000,21.0,78.0,1003.8,False,23.2,227,8.7,2024,15,FP1
0 days 01:10:22.301000,21.1,77.0,1003.7,False,23.2,215,9.4,2024,15,FP1
0 days 01:11:22.314000,21.2,78.0,1004.0,False,23.0,221,8.1,2024,15,FP1
0 days 01:12:22.330000,21.2,77.0,1004.0,False,22.7,225,8.0,2024,15,FP1
0 days 01:13:22.350000,21.2,78.0,1003.9,False,22.7,222,6.8,2024,15,FP1
0 days 01:14:22.366000,21.3,78.0,1004.0,False,23.1,211,7.5,2024,15,FP1
0 days 01:15:22.367000,21.3,77.0,1003.9,False,23.4,217,6.7,2024,15,FP1
0 days 01:16:22.367000,21.3,76.0,1004.0,False,23.5,225,7.8,2024,15,FP1
0 days 01:17:22.365000,21.3,77.0,1003.7,False,23.5,226,7.5,2024,15,FP1
0 days 01:18:22.388000,21.3,76.0,1004.1,False,23.6,222,6.8,2024,15,FP1
0 days 01:19:22.406000,21.3,76.0,1003.9,False,23.8,214,7.4,2024,15,FP1
0 days 01:20:22.483000,21.3,75.0,1004.0,False,23.6,231,9.6,2024,15,FP1
0 days 00:00:24.251000,32.2,40.0,996.7,False,48.7,268,1.1,2024,16,FP1
0 days 00:01:24.249000,32.2,40.0,996.6,False,49.0,203,1.3,2024,16,FP1
0 days 00:02:24.253000,32.2,40.0,996.6,False,49.5,196,1.2,2024,16,FP1
0 days 00:03:24.291000,32.3,39.0,996.6,False,49.7,4,0.8,2024,16,FP1
0 days 00:04:24.274000,32.3,39.0,996.6,False,49.2,313,1.4,2024,16,FP1
0 days 00:05:24.271000,32.2,40.0,996.6,False,49.4,3,1.2,2024,16,FP1
0 days 00:06:24.267000,32.2,39.0,996.6,False,49.7,208,0.6,2024,16,FP1
0 days 00:07:24.269000,32.4,39.0,996.6,False,50.4,278,0.8,2024,16,FP1
0 days 00:08:24.274000,32.6,38.0,996.6,False,50.4,330,0.8,2024,16,FP1
0 days 00:09:24.270000,32.6,39.0,996.6,False,49.5,244,1.4,2024,16,FP1
0 days 00:10:24.280000,32.3,39.0,996.7,False,49.0,289,1.3,2024,16,FP1
0 days 00:11:24.292000,32.3,40.0,996.5,False,49.5,321,1.6,2024,16,FP1
0 days 00:12:24.273000,32.3,40.0,996.7,False,49.9,342,1.0,2024,16,FP1
0 days 00:13:24.269000,32.3,40.0,996.6,False,49.9,316,1.2,2024,16,FP1
0 days 00:14:24.279000,32.3,40.0,996.6,False,49.6,352,1.3,2024,16,FP1
0 days 00:15:24.280000,32.4,40.0,996.6,False,49.6,23,0.6,2024,16,FP1
0 days 00:16:24.280000,32.4,40.0,996.6,False,50.0,175,0.8,2024,16,FP1
0 days 00:17:24.268000,32.5,40.0,996.6,False,50.3,217,1.0,2024,16,FP1
0 days 00:18:24.283000,32.3,39.0,996.6,False,50.4,191,1.2,2024,16,FP1
0 days 00:19:24.273000,32.5,39.0,996.6,False,50.3,217,1.0,2024,16,FP1
0 days 00:20:24.274000,32.5,39.0,996.6,False,50.3,202,1.2,2024,16,FP1
0 days 00:21:24.294000,32.4,39.0,996.6,False,50.4,209,0.9,2024,16,FP1
0 days 00:22:24.307000,32.5,38.0,996.6,False,50.6,191,1.2,2024,16,FP1
0 days 00:23:24.315000,32.6,38.0,996.5,False,50.8,208,1.6,2024,16,FP1
0 days 00:24:24.328000,32.5,38.0,996.5,False,50.6,251,0.8,2024,16,FP1
0 days 00:25:24.326000,32.5,39.0,996.5,False,50.4,105,1.0,2024,16,FP1
0 days 00:26:24.331000,32.5,39.0,996.4,False,50.3,357,0.7,2024,16,FP1
0 days 00:27:24.339000,32.4,40.0,996.6,False,50.3,211,1.5,2024,16,FP1
0 days 00:28:24.329000,32.5,40.0,996.4,False,50.5,205,1.1,2024,16,FP1
0 days 00:29:24.339000,32.5,38.0,996.5,False,50.7,210,1.7,2024,16,FP1
0 days 00:30:24.338000,32.7,38.0,996.6,False,50.6,193,1.4,2024,16,FP1
0 days 00:31:24.335000,32.7,38.0,996.5,False,50.5,258,0.5,2024,16,FP1
0 days 00:32:24.336000,32.8,38.0,996.5,False,50.4,42,0.4,2024,16,FP1
0 days 00:33:24.326000,32.8,38.0,996.4,False,50.2,69,1.0,2024,16,FP1
0 days 00:34:24.353000,32.8,39.0,996.5,False,50.5,195,0.8,2024,16,FP1
0 days 00:35:24.359000,32.7,38.0,996.5,False,50.5,179,0.7,2024,16,FP1
0 days 00:36:24.362000,32.8,38.0,996.5,False,51.1,27,0.5,2024,16,FP1
0 days 00:37:24.377000,32.8,38.0,996.4,False,50.8,0,1.2,2024,16,FP1
0 days 00:38:24.392000,32.8,38.0,996.4,False,50.8,0,1.2,2024,16,FP1
0 days 00:39:24.380000,32.7,38.0,996.4,False,50.8,320,1.8,2024,16,FP1
0 days 00:40:24.387000,32.5,37.0,996.4,False,50.8,146,0.5,2024,16,FP1
0 days 00:41:24.405000,32.5,38.0,996.3,False,51.0,236,0.0,2024,16,FP1
0 days 00:42:24.409000,32.8,38.0,996.2,False,51.1,184,0.8,2024,16,FP1
0 days 00:43:24.418000,32.8,38.0,996.3,False,51.7,223,1.3,2024,16,FP1
0 days 00:44:24.423000,32.8,38.0,996.4,False,51.7,179,1.2,2024,16,FP1
0 days 00:45:24.427000,33.0,38.0,996.3,False,51.7,195,0.9,2024,16,FP1
0 days 00:46:24.433000,33.0,38.0,996.2,False,51.6,199,1.4,2024,16,FP1
0 days 00:47:24.429000,33.1,37.0,996.3,False,51.6,0,1.1,2024,16,FP1
0 days 00:48:24.430000,33.2,38.0,996.2,False,51.3,229,1.0,2024,16,FP1
0 days 00:49:24.440000,33.3,38.0,996.2,False,51.4,264,0.9,2024,16,FP1
0 days 00:50:24.430000,33.4,37.0,996.2,False,51.7,231,2.1,2024,16,FP1
0 days 00:51:24.419000,33.4,37.0,996.2,False,51.7,256,1.5,2024,16,FP1
0 days 00:52:24.435000,33.3,37.0,996.2,False,51.0,169,1.1,2024,16,FP1
0 days 00:53:24.419000,33.3,38.0,996.2,False,51.7,258,1.0,2024,16,FP1
0 days 00:54:24.433000,33.2,38.0,996.3,False,51.5,236,1.6,2024,16,FP1
0 days 00:55:24.445000,33.2,37.0,996.2,False,51.0,236,1.6,2024,16,FP1
0 days 00:56:24.456000,33.2,38.0,996.2,False,50.8,0,0.5,2024,16,FP1
0 days 00:57:24.464000,33.1,38.0,996.2,False,50.8,200,0.4,2024,16,FP1
0 days 00:58:24.463000,32.9,38.0,996.1,False,50.8,75,0.0,2024,16,FP1
0 days 00:59:24.484000,32.9,37.0,996.1,False,50.8,8,0.5,2024,16,FP1
0 days 01:00:24.478000,32.9,38.0,996.1,False,51.1,48,0.5,2024,16,FP1
0 days 01:01:24.477000,33.0,37.0,996.1,False,51.7,10,0.6,2024,16,FP1
0 days 01:02:24.504000,33.1,36.0,996.1,False,51.8,192,0.5,2024,16,FP1
0 days 01:03:24.518000,33.2,37.0,996.1,False,51.8,195,2.0,2024,16,FP1
0 days 01:04:24.543000,33.2,37.0,996.1,False,51.8,207,1.8,2024,16,FP1
0 days 01:05:24.555000,33.3,37.0,996.1,False,51.6,207,1.3,2024,16,FP1
0 days 01:06:24.556000,33.1,37.0,996.1,False,51.2,345,0.4,2024,16,FP1
0 days 01:07:24.569000,33.0,37.0,996.1,False,51.2,289,1.0,2024,16,FP1
0 days 01:08:24.555000,33.0,37.0,996.1,False,51.5,29,0.9,2024,16,FP1
0 days 01:09:24.580000,33.0,38.0,996.1,False,51.5,299,0.7,2024,16,FP1
0 days 01:10:24.568000,33.0,38.0,996.0,False,51.6,0,0.7,2024,16,FP1
0 days 01:11:24.604000,32.9,38.0,996.0,False,51.9,269,0.4,2024,16,FP1
0 days 01:12:24.574000,33.0,37.0,996.1,False,51.9,312,1.7,2024,16,FP1
0 days 01:13:24.570000,32.9,37.0,995.9,False,51.9,260,1.6,2024,16,FP1
0 days 01:14:24.561000,33.0,37.0,996.0,False,51.9,213,1.4,2024,16,FP1
0 days 01:15:24.566000,33.0,37.0,996.1,False,51.8,252,1.7,2024,16,FP1
0 days 01:16:24.560000,33.0,37.0,996.0,False,51.8,173,0.9,2024,16,FP1
0 days 01:17:24.565000,33.0,36.0,996.0,False,52.1,289,1.3,2024,16,FP1
0 days 01:18:24.563000,33.1,36.0,996.0,False,51.9,271,1.2,2024,16,FP1
0 days 01:19:24.578000,33.0,37.0,996.1,False,51.5,148,0.5,2024,16,FP1
0 days 01:20:24.571000,33.0,36.0,996.0,False,51.6,117,0.4,2024,16,FP1
0 days 00:00:10.597000,29.6,38.0,1015.6,False,44.1,136,1.1,2024,17,FP1
0 days 00:01:10.603000,29.6,37.0,1015.5,False,44.2,97,0.9,2024,17,FP1
0 days 00:02:10.607000,29.6,37.0,1015.5,False,44.4,147,1.8,2024,17,FP1
0 days 00:03:10.599000,29.5,36.0,1015.4,False,44.7,116,1.3,2024,17,FP1
0 days 00:04:10.598000,29.5,36.0,1015.5,False,44.8,115,1.8,2024,17,FP1
0 days 00:05:10.599000,29.6,36.0,1015.5,False,45.4,131,1.1,2024,17,FP1
0 days 00:06:10.600000,29.7,36.0,1015.5,False,45.4,110,1.7,2024,17,FP1
0 days 00:07:10.601000,29.8,36.0,1015.4,False,45.2,98,1.3,2024,17,FP1
0 days 00:08:10.618000,29.9,37.0,1015.5,False,44.5,117,1.7,2024,17,FP1
0 days 00:09:10.617000,29.8,37.0,1015.5,False,43.6,65,1.4,2024,17,FP1
0 days 00:10:10.619000,29.6,38.0,1015.4,False,43.4,97,1.7,2024,17,FP1
0 days 00:11:10.619000,29.5,38.0,1015.4,False,43.0,95,2.1,2024,17,FP1
0 days 00:12:10.618000,29.4,39.0,1015.5,False,43.0,152,0.6,2024,17,FP1
0 days 00:13:10.637000,29.4,39.0,1015.4,False,42.3,190,1.0,2024,17,FP1
0 days 00:14:10.635000,29.2,40.0,1015.3,False,42.3,6,1.1,2024,17,FP1
0 days 00:15:10.624000,29.3,40.0,1015.4,False,42.5,0,0.9,2024,17,FP1
0 days 00:16:10.637000,29.2,41.0,1015.4,False,41.6,99,1.4,2024,17,FP1
0 days 00:17:10.639000,29.1,41.0,1015.4,False,41.6,67,2.3,2024,17,FP1
0 days 00:18:10.645000,29.0,42.0,1015.4,False,41.7,45,2.1,2024,17,FP1
0 days 00:19:10.640000,28.9,43.0,1015.3,False,41.7,126,1.8,2024,17,FP1
0 days 00:20:10.640000,29.0,45.0,1015.4,False,41.2,109,0.8,2024,17,FP1
0 days 00:21:10.639000,28.8,46.0,1015.4,False,41.2,252,1.9,2024,17,FP1
0 days 00:22:10.643000,29.0,46.0,1015.4,False,40.7,222,1.1,2024,17,FP1
0 days 00:23:10.640000,28.8,47.0,1015.4,False,40.0,271,1.8,2024,17,FP1
0 days 00:24:10.643000,28.7,48.0,1015.3,False,39.9,61,1.9,2024,17,FP1
0 days 00:25:10.642000,28.7,48.0,1015.3,False,39.9,71,0.8,2024,17,FP1
0 days 00:26:10.643000,28.8,48.0,1015.3,False,39.9,250,0.5,2024,17,FP1
0 days 00:27:10.645000,29.0,47.0,1015.4,False,39.9,129,1.0,2024,17,FP1
0 days 00:28:10.645000,28.9,48.0,1015.3,False,40.2,249,1.1,2024,17,FP1
0 days 00:29:10.646000,28.9,48.0,1015.4,False,40.5,73,1.4,2024,17,FP1
0 days 00:30:10.646000,28.8,47.0,1015.3,False,40.5,93,2.2,2024,17,FP1
0 days 00:31:10.648000,28.6,48.0,1015.2,False,39.8,89,2.9,2024,17,FP1
0 days 00:32:10.651000,28.3,49.0,1015.1,False,39.8,105,2.9,2024,17,FP1
0 days 00:33:10.651000,28.2,49.0,1015.2,False,40.5,60,1.7,2024,17,FP1
0 days 00:34:10.643000,28.3,49.0,1015.2,False,41.2,104,1.4,2024,17,FP1
0 days 00:35:10.651000,28.3,50.0,1015.1,False,41.2,77,2.4,2024,17,FP1
0 days 00:36:10.652000,28.0,50.0,1015.1,False,41.2,106,2.4,2024,17,FP1
0 days 00:37:10.653000,28.3,50.0,1015.1,False,41.8,353,1.4,2024,17,FP1
0 days 00:38:10.653000,28.3,50.0,1015.1,False,42.0,267,1.8,2024,17,FP1
0 days 00:39:10.655000,28.5,50.0,1015.3,False,41.2,36,1.5,2024,17,FP1
0 days 00:40:10.645000,28.7,50.0,1015.1,False,41.7,210,1.5,2024,17,FP1
0 days 00:41:10.657000,28.8,50.0,1015.2,False,41.7,243,1.0,2024,17,FP1
0 days 00:42:10.657000,28.9,49.0,1015.2,False,42.0,319,1.7,2024,17,FP1
0 days 00:43:10.658000,28.9,50.0,1015.2,False,41.6,93,0.9,2024,17,FP1
0 days 00:44:10.657000,28.9,50.0,1015.1,False,42.0,113,1.8,2024,17,FP1
0 days 00:45:10.660000,28.9,49.0,1015.0,False,41.8,88,2.5,2024,17,FP1
0 days 00:46:10.659000,28.7,48.0,1015.2,False,42.5,81,2.2,2024,17,FP1
0 days 00:47:10.661000,28.4,49.0,1015.2,False,42.5,28,1.9,2024,17,FP1
0 days 00:48:10.661000,28.3,49.0,1015.2,False,42.6,101,2.1,2024,17,FP1
0 days 00:49:10.660000,28.2,49.0,1015.1,False,43.1,95,3.2,2024,17,FP1
0 days 00:50:10.651000,28.2,48.0,1015.1,False,43.0,302,3.0,2024,17,FP1
0 days 00:51:10.662000,28.0,47.0,1015.1,False,43.7,128,1.4,2024,17,FP1
0 days 00:52:10.662000,28.3,45.0,1015.1,False,44.3,105,1.5,2024,17,FP1
0 days 00:53:10.665000,28.5,44.0,1015.1,False,44.5,39,0.8,2024,17,FP1
0 days 00:54:10.667000,28.9,41.0,1015.1,False,45.4,55,0.7,2024,17,FP1
0 days 00:55:10.665000,29.2,40.0,1015.1,False,45.5,137,1.6,2024,17,FP1
0 days 00:56:10.667000,29.5,35.0,1015.1,False,45.5,120,3.1,2024,17,FP1
0 days 00:57:10.666000,29.2,35.0,1015.1,False,45.2,102,2.8,2024,17,FP1
0 days 00:58:10.668000,29.0,34.0,1015.1,False,45.6,61,1.9,2024,17,FP1
0 days 00:59:10.668000,29.0,34.0,1015.1,False,45.6,120,1.6,2024,17,FP1
0 days 01:00:10.670000,29.0,36.0,1015.0,False,45.6,103,2.8,2024,17,FP1
0 days 01:01:10.670000,28.8,35.0,1015.1,False,45.6,72,3.5,2024,17,FP1
0 days 01:02:10.672000,28.9,35.0,1015.1,False,45.8,114,1.5,2024,17,FP1
0 days 01:03:10.670000,29.1,34.0,1015.1,False,45.8,92,1.5,2024,17,FP1
0 days 01:04:10.671000,29.2,33.0,1015.1,False,45.8,108,2.2,2024,17,FP1
0 days 01:05:10.678000,29.1,33.0,1015.0,False,45.5,82,1.9,2024,17,FP1
0 days 01:06:10.672000,29.2,33.0,1015.0,False,45.3,119,2.2,2024,17,FP1
0 days 01:07:10.673000,29.2,33.0,1015.1,False,45.4,39,1.9,2024,17,FP1
0 days 01:08:10.674000,29.0,32.0,1015.1,False,45.4,130,2.0,2024,17,FP1
0 days 01:09:10.679000,29.1,32.0,1014.9,False,45.4,79,1.3,2024,17,FP1
0 days 01:10:10.676000,29.3,32.0,1015.1,False,46.0,83,0.8,2024,17,FP1
0 days 01:11:10.678000,29.5,31.0,1014.9,False,46.0,237,1.5,2024,17,FP1
0 days 01:12:10.678000,29.7,31.0,1014.9,False,45.8,139,1.5,2024,17,FP1
0 days 01:13:10.677000,29.8,31.0,1015.0,False,45.8,0,0.6,2024,17,FP1
0 days 01:14:10.681000,30.0,31.0,1015.0,False,46.1,44,0.8,2024,17,FP1
0 days 01:15:10.680000,30.3,31.0,1015.0,False,46.2,225,1.1,2024,17,FP1
0 days 01:16:10.680000,30.4,31.0,1014.9,False,46.2,205,1.2,2024,17,FP1
0 days 01:17:10.685000,30.4,30.0,1015.1,False,46.2,0,1.0,2024,17,FP1
0 days 01:18:10.685000,30.4,30.0,1015.0,False,46.2,67,0.8,2024,17,FP1
0 days 01:19:10.682000,30.6,29.0,1015.0,False,46.1,101,2.0,2024,17,FP1
0 days 01:20:10.682000,30.4,28.0,1015.0,False,46.1,57,1.3,2024,17,FP1
0 days 01:21:10.683000,30.1,28.0,1015.0,False,45.9,102,1.7,2024,17,FP1
0 days 01:22:10.683000,30.1,27.0,1015.0,False,45.5,113,3.0,2024,17,FP1
0 days 01:23:10.684000,30.1,28.0,1014.9,False,45.6,58,2.7,2024,17,FP1
0 days 01:24:10.686000,29.8,28.0,1015.0,False,45.7,102,1.6,2024,17,FP1
0 days 01:25:10.687000,29.7,28.0,1014.9,False,45.7,116,2.8,2024,17,FP1
0 days 01:26:10.689000,29.7,26.0,1014.9,False,46.1,78,2.1,2024,17,FP1
0 days 01:27:10.688000,29.6,27.0,1014.9,False,46.1,202,3.4,2024,17,FP1
0 days 01:28:10.691000,29.7,27.0,1014.9,False,46.1,135,1.5,2024,17,FP1
0 days 01:29:10.689000,29.7,27.0,1014.9,False,46.2,277,0.9,2024,17,FP1
0 days 01:30:10.692000,30.0,27.0,1014.9,False,46.2,77,1.5,2024,17,FP1
0 days 01:31:10.692000,30.2,27.0,1015.0,False,45.8,100,2.2,2024,17,FP1
0 days 00:00:10.665000,31.3,65.0,1005.5,False,38.4,187,1.7,2024,18,FP1
0 days 00:01:10.677000,31.3,65.0,1005.4,False,38.3,178,1.6,2024,18,FP1
0 days 00:02:10.681000,31.3,65.0,1005.5,False,38.3,193,1.6,2024,18,FP1
0 days 00:03:10.689000,31.3,65.0,1005.5,False,38.3,177,1.6,2024,18,FP1
0 days 00:04:10.684000,31.4,65.0,1005.4,False,38.5,200,1.5,2024,18,FP1
0 days 00:05:10.683000,31.3,65.0,1005.4,False,38.5,188,1.6,2024,18,FP1
0 days 00:06:10.694000,31.3,65.0,1005.4,False,38.5,179,1.6,2024,18,FP1
0 days 00:07:10.717000,31.3,65.0,1005.4,False,38.3,182,1.2,2024,18,FP1
0 days 00:08:10.718000,31.3,64.0,1005.5,False,38.8,187,1.9,2024,18,FP1
0 days 00:09:10.713000,31.3,64.0,1005.4,False,38.3,181,1.9,2024,18,FP1
0 days 00:10:10.722000,31.3,65.0,1005.4,False,38.0,182,1.8,2024,18,FP1
0 days 00:11:10.721000,31.3,65.0,1005.4,False,38.0,187,2.2,2024,18,FP1
0 days 00:12:10.712000,31.3,65.0,1005.3,False,38.0,185,2.6,2024,18,FP1
0 days 00:13:10.732000,31.3,65.0,1005.4,False,38.0,182,2.3,2024,18,FP1
0 days 00:14:10.759000,31.3,65.0,1005.5,False,37.9,191,2.3,2024,18,FP1
0 days 00:15:10.719000,31.2,65.0,1005.4,False,37.7,183,2.2,2024,18,FP1
0 days 00:16:10.719000,31.2,65.0,1005.5,False,37.7,188,1.9,2024,18,FP1
0 days 00:17:10.718000,31.3,65.0,1005.5,False,37.9,184,2.0,2024,18,FP1
0 days 00:18:10.727000,31.4,65.0,1005.4,False,38.5,184,2.8,2024,18,FP1
0 days 00:19:10.726000,31.4,64.0,1005.5,False,38.5,192,3.3,2024,18,FP1
0 days 00:20:10.728000,31.5,64.0,1005.5,False,38.1,184,3.1,2024,18,FP1
0 days 00:21:10.733000,31.4,64.0,1005.5,False,38.1,186,2.5,2024,18,FP1
0 days 00:22:10.724000,31.4,64.0,1005.5,False,38.1,187,2.9,2024,18,FP1
0 days 00:23:10.723000,31.5,64.0,1005.5,False,38.0,186,3.3,2024,18,FP1
0 days 00:24:10.738000,31.5,64.0,1005.5,False,38.0,185,3.1,2024,18,FP1
0 days 00:25:10.733000,31.5,64.0,1005.6,False,37.9,189,2.7,2024,18,FP1
0 days 00:26:10.733000,31.4,64.0,1005.7,False,37.8,185,2.8,2024,18,FP1
0 days 00:27:10.721000,31.5,65.0,1005.6,False,37.1,180,2.3,2024,18,FP1
0 days 00:28:10.727000,31.5,66.0,1005.6,False,37.1,198,2.0,2024,18,FP1
0 days 00:29:10.729000,31.5,65.0,1005.7,False,36.6,214,2.0,2024,18,FP1
0 days 00:30:10.839000,31.5,66.0,1005.7,False,37.0,190,1.3,2024,18,FP1
0 days 00:31:10.820000,31.4,66.0,1005.7,False,37.3,191,2.8,2024,18,FP1
0 days 00:32:10.821000,31.4,66.0,1005.7,False,37.4,190,2.5,2024,18,FP1
0 days 00:33:10.839000,31.4,67.0,1005.6,False,37.2,184,2.5,2024,18,FP1
0 days 00:34:10.838000,31.4,67.0,1005.6,False,37.6,185,2.5,2024,18,FP1
0 days 00:35:10.866000,31.5,66.0,1005.6,False,37.7,188,2.8,2024,18,FP1
0 days 00:36:10.866000,31.4,65.0,1005.7,False,37.7,187,2.2,2024,18,FP1
0 days 00:37:10.853000,31.4,66.0,1005.7,False,37.4,195,2.3,2024,18,FP1
0 days 00:38:10.858000,31.3,65.0,1005.6,False,37.4,187,1.2,2024,18,FP1
0 days 00:39:10.862000,31.3,66.0,1005.6,False,37.0,190,2.1,2024,18,FP1
0 days 00:40:10.869000,31.3,65.0,1005.6,False,36.8,186,2.4,2024,18,FP1
0 days 00:41:10.867000,31.3,66.0,1005.7,False,36.6,192,2.4,2024,18,FP1
0 days 00:42:10.881000,31.2,66.0,1005.7,False,36.7,195,1.9,2024,18,FP1
0 days 00:43:10.898000,31.2,66.0,1005.6,False,37.1,203,2.0,2024,18,FP1
0 days 00:44:10.906000,31.2,66.0,1005.7,False,37.0,194,2.0,2024,18,FP1
0 days 00:45:10.970000,31.2,65.0,1005.6,False,36.9,183,2.6,2024,18,FP1
0 days 00:46:10.936000,31.2,66.0,1005.6,False,37.1,185,3.2,2024,18,FP1
0 days 00:47:10.949000,31.3,65.0,1005.6,False,37.2,186,3.1,2024,18,FP1
0 days 00:48:10.952000,31.4,65.0,1005.5,False,37.3,187,2.9,2024,18,FP1
0 days 00:49:10.972000,31.4,64.0,1005.6,False,37.3,191,2.3,2024,18,FP1
0 days 00:50:10.969000,31.4,64.0,1005.6,False,36.9,182,2.7,2024,18,FP1
0 days 00:51:10.964000,31.3,64.0,1005.6,False,36.7,189,2.5,2024,18,FP1
0 days 00:52:10.979000,31.3,64.0,1005.6,False,36.3,188,2.7,2024,18,FP1
0 days 00:53:10.991000,31.3,64.0,1005.5,False,36.6,187,2.9,2024,18,FP1
0 days 00:54:10.989000,31.3,63.0,1005.5,False,36.6,185,3.4,2024,18,FP1
0 days 00:55:11.005000,31.3,64.0,1005.6,False,36.6,186,2.7,2024,18,FP1
0 days 00:56:10.991000,31.4,63.0,1005.6,False,36.5,184,3.1,2024,18,FP1
0 days 00:57:11.004000,31.4,63.0,1005.6,False,36.4,193,2.3,2024,18,FP1
0 days 00:58:11.008000,31.3,63.0,1005.6,False,36.3,181,2.3,2024,18,FP1
0 days 00:59:11.006000,31.3,64.0,1005.7,False,36.3,186,2.5,2024,18,FP1
0 days 01:00:11.001000,31.3,64.0,1005.8,False,36.3,192,2.5,2024,18,FP1
0 days 01:01:11.014000,31.3,63.0,1005.7,False,36.3,191,2.7,2024,18,FP1
0 days 01:02:11.010000,31.3,63.0,1005.6,False,36.2,188,2.8,2024,18,FP1
0 days 01:03:11.010000,31.3,63.0,1005.8,False,36.2,186,2.7,2024,18,FP1
0 days 01:04:11.013000,31.3,63.0,1005.7,False,36.2,207,2.6,2024,18,FP1
0 days 01:05:10.994000,31.4,63.0,1005.7,False,35.7,192,2.6,2024,18,FP1
0 days 01:06:11.013000,31.3,63.0,1005.8,False,35.6,190,2.9,2024,18,FP1
0 days 01:07:11.010000,31.4,63.0,1005.8,False,36.0,185,3.0,2024,18,FP1
0 days 01:08:11.014000,31.4,63.0,1005.8,False,36.1,189,2.7,2024,18,FP1
0 days 01:09:11.008000,31.3,64.0,1005.9,False,36.0,190,2.8,2024,18,FP1
0 days 01:10:11.016000,31.4,63.0,1005.8,False,35.9,186,2.6,2024,18,FP1
0 days 01:11:11.020000,31.4,63.0,1005.8,False,36.0,192,3.0,2024,18,FP1
0 days 01:12:11.016000,31.4,63.0,1005.9,False,36.0,191,3.2,2024,18,FP1
0 days 01:13:11.028000,31.4,63.0,1005.9,False,35.9,186,3.1,2024,18,FP1
0 days 01:14:11.014000,31.5,63.0,1005.8,False,35.9,188,3.1,2024,18,FP1
0 days 01:15:11.019000,31.4,63.0,1005.7,False,35.9,192,3.1,2024,18,FP1
0 days 01:16:11.016000,31.4,63.0,1005.7,False,35.8,183,3.2,2024,18,FP1
0 days 01:17:11.021000,31.4,63.0,1005.8,False,35.7,180,2.9,2024,18,FP1
0 days 01:18:11.018000,31.3,64.0,1005.8,False,35.7,189,1.9,2024,18,FP1
0 days 01:19:11.019000,31.3,64.0,1005.8,False,35.7,181,2.1,2024,18,FP1
0 days 00:00:24.033000,23.5,56.0,1004.9,False,33.9,168,3.1,2024,19,FP1
0 days 00:01:24.046000,23.6,56.0,1005.0,False,33.9,168,3.5,2024,19,FP1
0 days 00:02:24.060000,23.7,56.0,1004.9,False,35.4,156,4.8,2024,19,FP1
0 days 00:03:24.081000,23.8,56.0,1004.8,False,35.5,142,4.2,2024,19,FP1
0 days 00:04:24.080000,24.0,56.0,1004.8,False,36.2,144,3.3,2024,19,FP1
0 days 00:05:24.086000,24.0,56.0,1004.8,False,36.2,165,3.5,2024,19,FP1
0 days 00:06:24.111000,24.1,55.0,1004.8,False,35.6,162,4.2,2024,19,FP1
0 days 00:07:24.102000,24.3,56.0,1004.8,False,35.8,151,5.2,2024,19,FP1
0 days 00:08:24.113000,24.4,55.0,1004.7,False,36.3,168,5.4,2024,19,FP1
0 days 00:09:24.129000,24.4,55.0,1004.8,False,36.5,160,4.3,2024,19,FP1
0 days 00:10:24.133000,24.5,54.0,1004.8,False,37.1,157,4.4,2024,19,FP1
0 days 00:11:24.129000,24.6,54.0,1004.8,False,37.5,143,3.8,2024,19,FP1
0 days 00:12:24.131000,24.8,54.0,1004.7,False,37.6,155,3.5,2024,19,FP1
0 days 00:13:24.146000,24.8,54.0,1004.7,False,37.8,174,4.3,2024,19,FP1
0 days 00:14:24.149000,24.8,54.0,1004.7,False,37.8,152,3.9,2024,19,FP1
0 days 00:15:24.164000,24.8,54.0,1004.7,False,37.8,174,4.4,2024,19,FP1
0 days 00:16:24.159000,24.8,54.0,1004.6,False,37.8,169,5.2,2024,19,FP1
0 days 00:17:24.165000,24.9,54.0,1004.6,False,37.9,150,3.3,2024,19,FP1
0 days 00:18:24.167000,24.9,54.0,1004.5,False,38.2,163,3.8,2024,19,FP1
0 days 00:19:24.322000,24.8,53.0,1004.6,False,38.3,175,3.1,2024,19,FP1
0 days 00:20:24.341000,24.8,53.0,1004.6,False,38.6,182,1.8,2024,19,FP1
0 days 00:21:24.357000,25.0,53.0,1004.6,False,38.6,168,3.0,2024,19,FP1
0 days 00:22:24.361000,25.1,53.0,1004.6,False,38.7,177,3.0,2024,19,FP1
0 days 00:23:24.375000,25.1,53.0,1004.5,False,37.7,168,3.7,2024,19,FP1
0 days 00:24:24.389000,25.0,54.0,1004.5,False,37.3,142,3.3,2024,19,FP1
0 days 00:25:24.405000,25.1,53.0,1004.5,False,37.8,166,2.5,2024,19,FP1
0 days 00:26:24.421000,25.1,53.0,1004.4,False,37.9,173,3.2,2024,19,FP1
0 days 00:27:24.424000,25.2,53.0,1004.5,False,37.9,140,2.4,2024,19,FP1
0 days 00:28:24.427000,25.4,53.0,1004.3,False,38.6,136,2.1,2024,19,FP1
0 days 00:29:24.423000,25.4,53.0,1004.4,False,38.6,180,3.1,2024,19,FP1
0 days 00:30:24.429000,25.4,53.0,1004.4,False,38.5,151,3.7,2024,19,FP1
0 days 00:31:24.427000,25.4,52.0,1004.4,False,38.5,169,3.5,2024,19,FP1
0 days 00:32:24.426000,25.1,52.0,1004.4,False,37.6,151,3.4,2024,19,FP1
0 days 00:33:24.429000,25.1,52.0,1004.3,False,37.0,154,2.8,2024,19,FP1
0 days 00:34:24.433000,25.1,53.0,1004.4,False,37.8,165,2.9,2024,19,FP1
0 days 00:35:24.428000,25.2,52.0,1004.3,False,38.1,152,3.6,2024,19,FP1
0 days 00:36:24.429000,25.1,52.0,1004.3,False,37.5,157,3.0,2024,19,FP1
0 days 00:37:24.442000,25.1,53.0,1004.3,False,37.3,162,2.9,2024,19,FP1
0 days 00:38:24.438000,25.1,52.0,1004.3,False,36.8,169,3.6,2024,19,FP1
0 days 00:39:24.433000,25.1,52.0,1004.3,False,36.4,155,3.7,2024,19,FP1
0 days 00:40:24.432000,25.0,53.0,1004.2,False,36.1,162,3.6,2024,19,FP1
0 days 00:41:24.433000,25.1,53.0,1004.3,False,36.1,171,3.2,2024,19,FP1
0 days 00:42:24.434000,25.1,53.0,1004.3,False,36.5,161,3.2,2024,19,FP1
0 days 00:43:24.435000,25.1,53.0,1004.1,False,36.2,172,3.0,2024,19,FP1
0 days 00:44:24.439000,25.2,53.0,1004.1,False,36.2,172,3.8,2024,19,FP1
0 days 00:45:24.435000,25.2,53.0,1004.1,False,36.2,161,4.8,2024,19,FP1
0 days 00:46:24.437000,25.1,53.0,1004.1,False,36.2,168,3.9,2024,19,FP1
0 days 00:47:24.435000,25.3,53.0,1004.1,False,36.9,148,2.9,2024,19,FP1
0 days 00:48:24.436000,25.5,52.0,1004.1,False,36.9,186,2.7,2024,19,FP1
0 days 00:49:24.438000,25.7,52.0,1004.1,False,36.8,151,2.4,2024,19,FP1
0 days 00:50:24.445000,25.7,52.0,1004.0,False,36.7,171,4.1,2024,19,FP1
0 days 00:51:24.447000,25.5,52.0,1004.0,False,36.3,150,2.4,2024,19,FP1
0 days 00:52:24.432000,25.5,53.0,1003.9,False,36.3,182,2.9,2024,19,FP1
0 days 00:53:24.441000,25.5,53.0,1003.9,False,35.9,147,1.9,2024,19,FP1
0 days 00:54:24.441000,25.5,53.0,1003.9,False,36.1,128,2.0,2024,19,FP1
0 days 00:55:24.445000,25.4,52.0,1003.8,False,36.2,177,1.9,2024,19,FP1
0 days 00:56:24.459000,25.5,52.0,1003.7,False,36.4,165,2.0,2024,19,FP1
0 days 00:57:24.443000,25.7,51.0,1003.8,False,36.4,177,1.4,2024,19,FP1
0 days 00:58:24.446000,25.8,51.0,1003.8,False,36.2,155,2.4,2024,19,FP1
0 days 00:59:24.449000,25.8,51.0,1003.8,False,36.2,159,3.4,2024,19,FP1
0 days 01:00:24.450000,25.8,51.0,1003.6,False,36.2,140,3.9,2024,19,FP1
0 days 01:01:24.448000,25.8,51.0,1003.7,False,35.8,169,3.1,2024,19,FP1
0 days 01:02:24.467000,25.8,51.0,1003.8,False,35.5,160,3.4,2024,19,FP1
0 days 01:03:24.475000,25.8,51.0,1003.7,False,35.4,153,3.6,2024,19,FP1
0 days 01:04:24.498000,25.9,51.0,1003.7,False,35.6,164,3.3,2024,19,FP1
0 days 01:05:24.497000,26.0,50.0,1003.5,False,36.0,140,4.5,2024,19,FP1
0 days 01:06:24.498000,26.1,50.0,1003.7,False,36.0,168,2.9,2024,19,FP1
0 days 01:07:24.497000,26.1,50.0,1003.5,False,36.3,144,3.2,2024,19,FP1
0 days 01:08:24.517000,26.2,49.0,1003.6,False,36.4,142,4.0,2024,19,FP1
0 days 01:09:24.517000,26.3,49.0,1003.6,False,36.4,149,4.2,2024,19,FP1
0 days 01:10:24.517000,26.3,48.0,1003.5,False,36.3,153,3.7,2024,19,FP1
0 days 01:11:24.522000,26.3,49.0,1003.6,False,35.9,166,2.2,2024,19,FP1
0 days 01:12:24.532000,26.3,48.0,1003.6,False,35.9,160,2.3,2024,19,FP1
0 days 01:13:24.548000,26.4,48.0,1003.6,False,36.2,158,2.6,2024,19,FP1
0 days 01:14:24.566000,26.3,48.0,1003.6,False,36.2,156,3.0,2024,19,FP1
0 days 01:15:24.583000,26.3,49.0,1003.6,False,36.0,162,3.2,2024,19,FP1
0 days 01:16:24.582000,26.2,49.0,1003.5,False,35.9,144,2.9,2024,19,FP1
0 days 01:17:24.587000,26.3,49.0,1003.5,False,35.9,140,3.8,2024,19,FP1
0 days 01:18:24.587000,26.3,48.0,1003.5,False,35.9,140,3.3,2024,19,FP1
0 days 01:19:24.588000,26.3,48.0,1003.6,False,36.1,154,3.8,2024,19,FP1
0 days 01:20:24.587000,26.1,47.0,1003.5,False,36.0,130,3.4,2024,19,FP1
0 days 00:00:48.921000,17.8,57.0,785.1,False,42.1,130,0.9,2024,20,FP1
0 days 00:01:48.922000,17.8,56.0,785.2,False,42.4,153,2.0,2024,20,FP1
0 days 00:02:48.922000,17.9,56.0,785.1,False,42.5,140,1.2,2024,20,FP1
0 days 00:03:48.922000,17.9,57.0,785.2,False,42.8,141,3.6,2024,20,FP1
0 days 00:04:48.925000,17.7,57.0,785.0,False,43.0,131,1.9,2024,20,FP1
0 days 00:05:48.926000,17.6,56.0,785.1,False,43.0,138,2.7,2024,20,FP1
0 days 00:06:48.932000,17.6,56.0,785.1,False,43.0,120,2.3,2024,20,FP1
0 days 00:07:48.927000,17.8,54.0,785.1,False,43.0,147,2.4,2024,20,FP1
0 days 00:08:48.926000,18.0,54.0,785.0,False,43.1,154,3.9,2024,20,FP1
0 days 00:09:48.928000,18.1,54.0,785.0,False,43.1,128,3.5,2024,20,FP1
0 days 00:10:48.926000,18.3,52.0,785.1,False,43.2,66,2.1,2024,20,FP1
0 days 00:11:48.928000,18.4,51.0,785.1,False,43.2,117,1.7,2024,20,FP1
0 days 00:12:48.928000,18.4,51.0,785.0,False,43.2,145,2.8,2024,20,FP1
0 days 00:13:48.941000,18.4,52.0,785.0,False,43.2,188,2.2,2024,20,FP1
0 days 00:14:48.937000,18.4,52.0,785.1,False,43.2,314,1.5,2024,20,FP1
0 days 00:15:48.946000,18.4,51.0,785.0,False,43.5,26,0.9,2024,20,FP1
0 days 00:16:48.962000,18.5,51.0,784.9,False,43.9,259,1.4,2024,20,FP1
0 days 00:17:48.978000,18.5,52.0,784.9,False,43.9,285,2.0,2024,20,FP1
0 days 00:18:48.982000,18.5,52.0,784.9,False,43.9,288,2.5,2024,20,FP1
0 days 00:19:48.981000,18.6,51.0,784.9,False,43.9,125,2.5,2024,20,FP1
0 days 00:20:48.985000,18.7,50.0,784.9,False,44.2,247,1.3,2024,20,FP1
0 days 00:21:48.984000,18.9,50.0,784.9,False,44.0,200,0.9,2024,20,FP1
0 days 00:22:48.999000,19.0,49.0,784.8,False,44.5,128,1.1,2024,20,FP1
0 days 00:23:49.018000,19.0,50.0,784.9,False,44.9,245,0.7,2024,20,FP1
0 days 00:24:49.030000,19.1,50.0,784.9,False,45.2,302,1.2,2024,20,FP1
0 days 00:25:49.034000,19.1,49.0,784.8,False,45.4,336,0.7,2024,20,FP1
0 days 00:26:49.033000,19.0,49.0,784.8,False,45.4,312,1.1,2024,20,FP1
0 days 00:27:49.037000,19.0,49.0,784.7,False,45.5,222,0.8,2024,20,FP1
0 days 00:28:49.056000,19.2,49.0,784.7,False,45.7,35,2.2,2024,20,FP1
0 days 00:29:49.052000,19.3,48.0,784.7,False,45.9,108,1.5,2024,20,FP1
0 days 00:30:49.069000,19.4,46.0,784.7,False,44.9,114,1.7,2024,20,FP1
0 days 00:31:49.069000,19.5,46.0,784.7,False,44.8,101,1.3,2024,20,FP1
0 days 00:32:49.078000,19.5,46.0,784.6,False,44.8,271,0.6,2024,20,FP1
0 days 00:33:49.070000,19.6,45.0,784.6,False,45.0,344,1.4,2024,20,FP1
0 days 00:34:49.070000,19.5,45.0,784.6,False,45.0,287,1.2,2024,20,FP1
0 days 00:35:49.072000,19.4,47.0,784.6,False,45.1,276,2.0,2024,20,FP1
0 days 00:36:49.074000,19.4,48.0,784.6,False,45.3,267,2.8,2024,20,FP1
0 days 00:37:49.075000,19.4,48.0,784.7,False,45.6,56,3.0,2024,20,FP1
0 days 00:38:49.075000,19.5,46.0,784.6,False,45.8,89,1.7,2024,20,FP1
0 days 00:39:49.077000,19.5,45.0,784.6,False,45.8,232,0.6,2024,20,FP1
0 days 00:40:49.075000,19.5,45.0,784.6,False,46.0,264,1.3,2024,20,FP1
0 days 00:41:49.078000,19.7,44.0,784.5,False,45.5,299,1.8,2024,20,FP1
0 days 00:42:49.079000,19.6,43.0,784.6,False,46.0,306,1.2,2024,20,FP1
0 days 00:43:49.077000,19.6,42.0,784.5,False,46.0,307,0.8,2024,20,FP1
0 days 00:44:49.265000,19.5,43.0,784.6,False,46.3,297,1.0,2024,20,FP1
0 days 00:45:49.267000,19.6,43.0,784.6,False,46.3,326,1.1,2024,20,FP1
0 days 00:46:49.268000,19.8,43.0,784.5,False,46.3,26,1.5,2024,20,FP1
0 days 00:47:49.283000,19.9,42.0,784.5,False,46.6,18,0.6,2024,20,FP1
0 days 00:48:49.287000,20.0,42.0,784.4,False,46.6,164,1.5,2024,20,FP1
0 days 00:49:49.299000,20.1,42.0,784.4,False,46.6,174,2.9,2024,20,FP1
0 days 00:50:49.315000,20.0,43.0,784.5,False,46.6,99,1.5,2024,20,FP1
0 days 00:51:49.317000,19.9,42.0,784.5,False,47.0,190,1.3,2024,20,FP1
0 days 00:52:49.318000,19.9,41.0,784.5,False,47.0,342,0.9,2024,20,FP1
0 days 00:53:49.349000,19.9,40.0,784.4,False,46.4,279,1.2,2024,20,FP1
0 days 00:54:49.336000,20.2,41.0,784.3,False,46.3,159,1.2,2024,20,FP1
0 days 00:55:49.335000,20.5,40.0,784.4,False,46.4,97,0.8,2024,20,FP1
0 days 00:56:49.338000,20.6,40.0,784.4,False,47.1,299,0.8,2024,20,FP1
0 days 00:57:49.336000,20.5,39.0,784.3,False,47.7,265,1.8,2024,20,FP1
0 days 00:58:49.343000,20.5,39.0,784.3,False,47.7,158,1.3,2024,20,FP1
0 days 00:59:49.339000,20.5,38.0,784.2,False,47.4,300,1.4,2024,20,FP1
0 days 01:00:49.340000,20.6,38.0,784.3,False,47.4,151,1.2,2024,20,FP1
0 days 01:01:49.338000,20.6,37.0,784.3,False,47.9,285,1.7,2024,20,FP1
0 days 01:02:49.339000,20.7,36.0,784.3,False,47.7,269,0.8,2024,20,FP1
0 days 01:03:49.381000,20.9,37.0,784.3,False,47.6,273,0.9,2024,20,FP1
0 days 01:04:49.342000,20.8,35.0,784.2,False,47.6,283,1.9,2024,20,FP1
0 days 01:05:49.341000,20.7,37.0,784.2,False,47.5,0,0.9,2024,20,FP1
0 days 01:06:49.341000,20.7,37.0,784.3,False,47.5,340,0.8,2024,20,FP1
0 days 01:07:49.345000,20.8,39.0,784.2,False,47.4,294,2.2,2024,20,FP1
0 days 01:08:49.346000,20.8,40.0,784.2,False,47.5,293,2.4,2024,20,FP1
0 days 01:09:49.345000,20.8,40.0,784.1,False,47.3,283,1.5,2024,20,FP1
0 days 01:10:49.347000,20.8,39.0,784.0,False,47.6,314,2.5,2024,20,FP1
0 days 01:11:49.351000,20.7,38.0,784.2,False,47.6,339,2.3,2024,20,FP1
0 days 01:12:49.365000,20.8,38.0,784.2,False,47.6,214,1.4,2024,20,FP1
0 days 01:13:49.365000,21.0,37.0,784.1,False,47.6,207,1.2,2024,20,FP1
0 days 01:14:49.365000,21.0,37.0,784.0,False,47.6,231,2.0,2024,20,FP1
0 days 01:15:49.365000,21.0,37.0,784.0,False,47.8,332,1.1,2024,20,FP1
0 days 01:16:49.373000,21.1,36.0,784.0,False,48.1,222,1.0,2024,20,FP1
0 days 01:17:49.383000,21.0,35.0,784.0,False,48.2,293,1.5,2024,20,FP1
0 days 01:18:49.397000,21.0,34.0,784.0,False,48.6,142,1.8,2024,20,FP1
0 days 00:00:03.585000,26.0,50.0,928.3,False,49.7,9,0.7,2024,21,FP1
0 days 00:01:03.586000,25.8,51.0,928.3,False,49.7,166,0.0,2024,21,FP1
0 days 00:02:03.594000,25.8,52.0,928.3,False,50.3,0,0.5,2024,21,FP1
0 days 00:03:03.590000,25.8,51.0,928.4,False,50.8,108,0.0,2024,21,FP1
0 days 00:04:03.583000,25.8,50.0,928.3,False,51.3,25,0.6,2024,21,FP1
0 days 00:05:03.584000,25.9,49.0,928.2,False,51.6,81,1.2,2024,21,FP1
0 days 00:06:03.599000,26.0,48.0,928.3,False,51.8,272,0.6,2024,21,FP1
0 days 00:07:03.588000,26.1,49.0,928.2,False,51.8,254,0.4,2024,21,FP1
0 days 00:08:03.602000,26.3,52.0,928.2,False,51.1,198,1.1,2024,21,FP1
0 days 00:09:03.588000,26.4,53.0,928.1,False,51.1,0,1.8,2024,21,FP1
0 days 00:10:03.588000,26.4,54.0,928.1,False,51.5,167,0.6,2024,21,FP1
0 days 00:11:03.596000,26.3,53.0,928.2,False,51.9,207,1.0,2024,21,FP1
0 days 00:12:03.602000,26.4,53.0,928.2,False,52.0,135,0.7,2024,21,FP1
0 days 00:13:03.604000,26.4,52.0,928.2,False,52.0,157,0.6,2024,21,FP1
0 days 00:14:03.615000,26.4,53.0,928.2,False,52.6,159,0.8,2024,21,FP1
0 days 00:15:03.606000,26.4,53.0,928.1,False,52.6,0,0.6,2024,21,FP1
0 days 00:16:03.603000,26.4,53.0,928.1,False,52.5,176,0.7,2024,21,FP1
0 days 00:17:03.603000,26.3,53.0,928.2,False,52.1,135,1.4,2024,21,FP1
0 days 00:18:03.605000,26.1,54.0,928.2,False,52.8,212,0.8,2024,21,FP1
0 days 00:19:03.604000,26.0,53.0,928.2,False,53.1,187,1.2,2024,21,FP1
0 days 00:20:03.608000,26.1,54.0,928.1,False,53.2,175,1.4,2024,21,FP1
0 days 00:21:03.606000,26.1,54.0,928.2,False,53.2,195,1.4,2024,21,FP1
0 days 00:22:03.609000,26.1,54.0,928.2,False,53.0,290,1.8,2024,21,FP1
0 days 00:23:03.605000,26.1,53.0,928.1,False,52.4,322,0.7,2024,21,FP1
0 days 00:24:03.604000,26.1,53.0,928.2,False,52.4,186,0.4,2024,21,FP1
0 days 00:25:03.605000,26.1,53.0,928.1,False,52.7,86,0.4,2024,21,FP1
0 days 00:26:03.605000,26.1,54.0,928.1,False,52.7,27,0.6,2024,21,FP1
0 days 00:27:03.605000,26.1,53.0,928.2,False,53.2,339,0.7,2024,21,FP1
0 days 00:28:03.610000,26.0,52.0,928.1,False,53.8,80,1.1,2024,21,FP1
0 days 00:29:03.607000,26.2,53.0,928.2,False,53.0,322,0.7,2024,21,FP1
0 days 00:30:03.608000,26.1,54.0,928.1,False,52.8,335,0.3,2024,21,FP1
0 days 00:31:03.607000,26.1,53.0,928.1,False,54.5,174,0.6,2024,21,FP1
0 days 00:32:03.613000,26.2,53.0,928.0,False,54.6,272,0.7,2024,21,FP1
0 days 00:33:03.619000,26.1,53.0,928.1,False,54.2,350,0.6,2024,21,FP1
0 days 00:34:03.627000,26.1,54.0,928.1,False,53.6,189,1.7,2024,21,FP1
0 days 00:35:03.612000,26.0,55.0,928.2,False,53.6,206,1.4,2024,21,FP1
0 days 00:36:03.623000,25.9,56.0,928.1,False,53.8,197,1.9,2024,21,FP1
0 days 00:37:03.616000,25.9,56.0,928.0,False,53.8,217,1.9,2024,21,FP1
0 days 00:38:03.627000,25.9,57.0,928.0,False,54.0,178,0.8,2024,21,FP1
0 days 00:39:03.628000,26.0,56.0,928.0,False,54.8,181,1.0,2024,21,FP1
0 days 00:40:03.630000,25.9,56.0,928.1,False,55.0,201,1.7,2024,21,FP1
0 days 00:41:03.609000,25.8,56.0,928.1,False,55.0,183,0.9,2024,21,FP1
0 days 00:42:03.617000,25.9,56.0,928.0,False,55.0,189,0.9,2024,21,FP1
0 days 00:43:03.620000,25.8,56.0,928.0,False,55.2,166,1.4,2024,21,FP1
0 days 00:44:03.627000,25.8,55.0,928.1,False,55.2,166,0.9,2024,21,FP1
0 days 00:45:03.628000,25.7,55.0,928.0,False,55.6,177,1.0,2024,21,FP1
0 days 00:46:03.626000,25.8,55.0,928.0,False,55.2,190,1.2,2024,21,FP1
0 days 00:47:03.629000,25.9,56.0,928.0,False,55.2,206,1.7,2024,21,FP1
0 days 00:48:03.632000,25.8,57.0,928.0,False,55.1,205,1.9,2024,21,FP1
0 days 00:49:03.640000,26.0,57.0,928.0,False,54.9,172,1.5,2024,21,FP1
0 days 00:50:03.658000,26.0,57.0,927.9,False,55.5,142,1.1,2024,21,FP1
0 days 00:51:03.677000,25.9,57.0,928.0,False,55.5,172,1.0,2024,21,FP1
0 days 00:52:03.665000,25.8,57.0,927.9,False,55.3,125,0.6,2024,21,FP1
0 days 00:53:03.677000,26.0,56.0,927.9,False,55.6,226,0.6,2024,21,FP1
0 days 00:54:03.671000,26.1,56.0,927.9,False,55.4,84,0.7,2024,21,FP1
0 days 00:55:03.675000,26.3,55.0,927.9,False,55.6,291,0.7,2024,21,FP1
0 days 00:56:03.671000,26.4,55.0,927.9,False,53.5,193,0.8,2024,21,FP1
0 days 00:57:03.832000,26.4,56.0,927.9,False,54.6,197,1.0,2024,21,FP1
0 days 00:58:03.816000,26.3,55.0,927.9,False,54.6,180,1.6,2024,21,FP1
0 days 00:59:03.839000,26.3,57.0,927.9,False,54.7,195,0.7,2024,21,FP1
0 days 01:00:03.854000,26.2,58.0,927.9,False,53.8,182,1.2,2024,21,FP1
0 days 01:01:03.857000,26.1,58.0,927.8,False,54.9,180,1.4,2024,21,FP1
0 days 01:02:03.866000,26.3,58.0,927.9,False,55.6,216,1.0,2024,21,FP1
0 days 01:03:03.857000,26.3,57.0,927.8,False,55.6,199,0.7,2024,21,FP1
0 days 01:04:03.859000,26.2,57.0,927.8,False,55.6,182,1.6,2024,21,FP1
0 days 01:05:03.866000,26.2,57.0,927.8,False,55.6,171,1.5,2024,21,FP1
0 days 01:06:03.878000,26.0,57.0,927.8,False,55.8,185,1.7,2024,21,FP1
0 days 01:07:03.876000,25.9,58.0,927.7,False,55.1,165,1.5,2024,21,FP1
0 days 01:08:03.875000,25.9,58.0,927.8,False,55.0,226,1.7,2024,21,FP1
0 days 01:09:03.878000,25.9,59.0,927.8,False,55.3,213,1.5,2024,21,FP1
0 days 01:10:03.892000,26.1,58.0,927.6,False,57.2,208,1.1,2024,21,FP1
0 days 01:11:03.879000,26.3,57.0,927.8,False,57.1,211,1.6,2024,21,FP1
0 days 01:12:03.891000,26.4,58.0,927.7,False,55.8,161,2.1,2024,21,FP1
0 days 01:13:03.904000,26.3,58.0,927.8,False,56.7,167,1.4,2024,21,FP1
0 days 01:14:03.893000,26.3,58.0,927.7,False,57.1,178,1.4,2024,21,FP1
0 days 01:15:03.905000,26.4,57.0,927.7,False,57.5,218,1.4,2024,21,FP1
0 days 01:16:03.896000,26.4,57.0,927.6,False,57.5,221,1.2,2024,21,FP1
0 days 01:17:03.891000,26.4,57.0,927.7,False,57.0,180,1.4,2024,21,FP1
0 days 01:18:03.902000,26.3,57.0,927.7,False,57.0,178,1.7,2024,21,FP1
0 days 01:19:03.889000,26.3,58.0,927.7,False,56.8,174,1.2,2024,21,FP1
0 days 01:20:03.896000,26.1,59.0,927.6,False,57.5,177,1.8,2024,21,FP1
0 days 01:21:03.894000,26.0,58.0,927.6,False,56.7,188,1.7,2024,21,FP1
0 days 00:00:10.820000,14.6,18.0,947.2,False,16.4,205,1.0,2024,22,FP1
0 days 00:01:10.833000,14.6,17.0,947.3,False,16.5,219,1.2,2024,22,FP1
0 days 00:02:10.840000,14.6,17.0,947.2,False,16.5,210,1.4,2024,22,FP1
0 days 00:03:10.840000,14.6,17.0,947.3,False,16.5,220,1.1,2024,22,FP1
0 days 00:04:10.934000,14.6,17.0,947.3,False,16.5,219,0.9,2024,22,FP1
0 days 00:05:10.950000,14.6,17.0,947.3,False,16.5,225,0.8,2024,22,FP1
0 days 00:06:10.948000,14.6,17.0,947.4,False,16.4,216,0.9,2024,22,FP1
0 days 00:07:10.960000,14.6,17.0,947.3,False,16.4,214,1.0,2024,22,FP1
0 days 00:08:10.979000,14.6,17.0,947.3,False,16.4,223,1.2,2024,22,FP1
0 days 00:09:10.978000,14.6,18.0,947.3,False,16.4,218,1.1,2024,22,FP1
0 days 00:10:10.976000,14.6,18.0,947.3,False,16.3,218,1.0,2024,22,FP1
0 days 00:11:10.978000,14.5,19.0,947.4,False,16.3,226,1.1,2024,22,FP1
0 days 00:12:10.981000,14.5,19.0,947.4,False,16.2,215,1.1,2024,22,FP1
0 days 00:13:10.983000,14.4,19.0,947.4,False,16.2,215,1.0,2024,22,FP1
0 days 00:14:10.981000,14.4,19.0,947.5,False,16.2,220,1.1,2024,22,FP1
0 days 00:15:10.980000,14.4,19.0,947.5,False,16.2,223,1.1,2024,22,FP1
0 days 00:16:10.983000,14.3,19.0,947.4,False,16.2,240,1.0,2024,22,FP1
0 days 00:17:10.989000,14.3,19.0,947.5,False,16.2,207,1.1,2024,22,FP1
0 days 00:18:10.988000,14.2,19.0,947.5,False,16.0,215,1.1,2024,22,FP1
0 days 00:19:10.984000,14.2,19.0,947.5,False,16.1,223,0.9,2024,22,FP1
0 days 00:20:11.046000,14.3,19.0,947.4,False,16.0,221,1.2,2024,22,FP1
0 days 00:21:10.984000,14.3,19.0,947.4,False,16.0,220,1.3,2024,22,FP1
0 days 00:22:11.004000,14.3,19.0,947.4,False,16.0,218,1.0,2024,22,FP1
0 days 00:23:10.996000,14.4,19.0,947.4,False,16.0,213,0.9,2024,22,FP1
0 days 00:24:11.008000,14.3,19.0,947.4,False,16.0,197,0.9,2024,22,FP1
0 days 00:25:10.991000,14.4,19.0,947.5,False,15.9,192,0.8,2024,22,FP1
0 days 00:26:10.989000,14.4,19.0,947.5,False,15.9,146,0.5,2024,22,FP1
0 days 00:27:10.991000,14.4,19.0,947.5,False,15.9,213,0.8,2024,22,FP1
0 days 00:28:10.994000,14.3,20.0,947.5,False,15.9,218,0.7,2024,22,FP1
0 days 00:29:10.993000,14.2,20.0,947.4,False,15.9,227,0.6,2024,22,FP1
0 days 00:30:10.990000,14.3,20.0,947.4,False,15.9,222,1.0,2024,22,FP1
0 days 00:31:10.994000,14.3,20.0,947.4,False,15.9,222,1.1,2024,22,FP1
0 days 00:32:10.992000,14.3,20.0,947.5,False,15.8,235,1.2,2024,22,FP1
0 days 00:33:10.993000,14.3,20.0,947.5,False,15.8,232,1.1,2024,22,FP1
0 days 00:34:10.993000,14.3,20.0,947.5,False,15.7,223,1.1,2024,22,FP1
0 days 00:35:10.993000,14.3,19.0,947.5,False,15.7,213,1.3,2024,22,FP1
0 days 00:36:11.005000,14.3,20.0,947.5,False,15.7,210,1.0,2024,22,FP1
0 days 00:37:10.993000,14.2,20.0,947.5,False,15.7,206,0.8,2024,22,FP1
0 days 00:38:10.995000,14.2,20.0,947.5,False,15.7,208,0.9,2024,22,FP1
0 days 00:39:10.993000,14.2,20.0,947.5,False,15.7,189,0.9,2024,22,FP1
0 days 00:40:10.996000,14.1,20.0,947.6,False,15.7,186,0.8,2024,22,FP1
0 days 00:41:10.994000,14.1,20.0,947.5,False,15.7,192,0.7,2024,22,FP1
0 days 00:42:10.994000,14.1,20.0,947.5,False,15.7,194,0.8,2024,22,FP1
0 days 00:43:10.994000,14.1,20.0,947.4,False,15.6,196,0.8,2024,22,FP1
0 days 00:44:10.992000,14.0,20.0,947.6,False,15.6,219,0.9,2024,22,FP1
0 days 00:45:10.997000,14.0,20.0,947.5,False,15.6,212,1.0,2024,22,FP1
0 days 00:46:11.005000,14.0,20.0,947.5,False,15.5,239,0.8,2024,22,FP1
0 days 00:47:11.004000,14.1,20.0,947.5,False,15.6,196,1.1,2024,22,FP1
0 days 00:48:10.998000,14.0,20.0,947.6,False,15.5,215,0.9,2024,22,FP1
0 days 00:49:11.022000,14.0,20.0,947.6,False,15.5,218,1.3,2024,22,FP1
0 days 00:50:10.999000,14.0,20.0,947.6,False,15.5,210,1.1,2024,22,FP1
0 days 00:51:10.999000,14.0,20.0,947.5,False,15.5,236,1.1,2024,22,FP1
0 days 00:52:10.997000,14.0,20.0,947.5,False,15.4,221,1.1,2024,22,FP1
0 days 00:53:10.999000,13.9,20.0,947.5,False,15.4,213,1.0,2024,22,FP1
0 days 00:54:11.019000,13.7,20.0,947.5,False,15.4,225,1.1,2024,22,FP1
0 days 00:55:11,13.8,20.0,947.4,False,15.4,201,1.0,2024,22,FP1
0 days 00:56:11.025000,13.8,20.0,947.6,False,15.4,197,0.9,2024,22,FP1
0 days 00:57:11.027000,13.7,20.0,947.5,False,15.4,213,1.0,2024,22,FP1
0 days 00:58:11.022000,13.8,20.0,947.6,False,15.4,192,1.0,2024,22,FP1
0 days 00:59:11.044000,13.8,20.0,947.5,False,15.4,188,1.0,2024,22,FP1
0 days 01:00:11.046000,13.7,20.0,947.6,False,15.4,201,0.8,2024,22,FP1
0 days 01:01:11.063000,13.8,20.0,947.5,False,15.4,166,0.9,2024,22,FP1
0 days 01:02:11.070000,13.9,20.0,947.5,False,15.4,242,0.8,2024,22,FP1
0 days 01:03:11.073000,13.8,20.0,947.5,False,15.3,160,0.6,2024,22,FP1
0 days 01:04:11.081000,13.8,20.0,947.5,False,15.3,201,0.9,2024,22,FP1
0 days 01:05:11.090000,13.8,20.0,947.5,False,15.2,219,0.9,2024,22,FP1
0 days 01:06:11.108000,13.7,21.0,947.5,False,15.3,222,0.8,2024,22,FP1
0 days 01:07:11.108000,13.7,21.0,947.5,False,15.2,196,0.7,2024,22,FP1
0 days 01:08:11.128000,13.7,21.0,947.5,False,15.2,206,0.9,2024,22,FP1
0 days 01:09:11.115000,13.6,21.0,947.5,False,15.2,230,0.8,2024,22,FP1
0 days 01:10:11.139000,13.6,20.0,947.5,False,15.2,220,1.0,2024,22,FP1
0 days 01:11:11.147000,13.6,20.0,947.6,False,15.1,209,1.0,2024,22,FP1
0 days 01:12:11.149000,13.5,21.0,947.5,False,15.0,215,1.7,2024,22,FP1
0 days 01:13:11.141000,13.4,21.0,947.5,False,14.9,217,1.2,2024,22,FP1
0 days 01:14:11.150000,13.4,21.0,947.5,False,14.9,201,1.5,2024,22,FP1
0 days 01:15:11.148000,13.4,21.0,947.5,False,15.0,219,1.1,2024,22,FP1
0 days 01:16:11.151000,13.5,21.0,947.5,False,15.0,232,1.0,2024,22,FP1
0 days 01:17:11.160000,13.5,21.0,947.6,False,15.0,217,1.0,2024,22,FP1
0 days 01:18:11.150000,13.6,21.0,947.6,False,15.0,216,1.1,2024,22,FP1
0 days 01:19:11.155000,13.5,21.0,947.6,False,15.0,193,1.3,2024,22,FP1
0 days 01:20:11.155000,13.4,21.0,947.5,False,15.0,234,0.8,2024,22,FP1
0 days 01:21:11.156000,13.4,22.0,947.6,False,15.0,214,0.9,2024,22,FP1
0 days 01:22:11.152000,13.3,22.0,947.7,False,15.0,221,1.3,2024,22,FP1
0 days 00:00:26.712000,21.2,51.0,1017.7,False,26.7,359,3.5,2024,23,FP1
0 days 00:01:26.730000,21.3,51.0,1017.7,False,26.7,6,4.4,2024,23,FP1
0 days 00:02:26.732000,21.2,51.0,1017.7,False,26.5,350,4.6,2024,23,FP1
0 days 00:03:26.742000,21.2,52.0,1017.8,False,26.4,351,5.1,2024,23,FP1
0 days 00:04:26.744000,21.1,53.0,1017.8,False,26.4,355,4.8,2024,23,FP1
0 days 00:05:26.759000,21.1,53.0,1017.7,False,26.4,10,5.0,2024,23,FP1
0 days 00:06:26.760000,21.1,54.0,1017.8,False,26.3,354,4.4,2024,23,FP1
0 days 00:07:26.759000,21.0,54.0,1017.8,False,26.0,336,4.6,2024,23,FP1
0 days 00:08:26.763000,21.0,55.0,1017.9,False,26.0,2,4.3,2024,23,FP1
0 days 00:09:26.762000,20.9,55.0,1017.8,False,26.3,5,4.1,2024,23,FP1
0 days 00:10:26.771000,20.9,55.0,1017.9,False,26.2,357,5.0,2024,23,FP1
0 days 00:11:26.763000,20.9,55.0,1017.9,False,26.2,353,4.2,2024,23,FP1
0 days 00:12:26.779000,20.9,55.0,1018.0,False,26.1,347,3.6,2024,23,FP1
0 days 00:13:26.795000,20.8,55.0,1017.9,False,26.1,15,3.7,2024,23,FP1
0 days 00:14:26.811000,20.8,55.0,1017.9,False,26.1,357,4.1,2024,23,FP1
0 days 00:15:26.829000,20.8,55.0,1017.8,False,26.1,9,3.8,2024,23,FP1
0 days 00:16:26.829000,20.7,56.0,1017.9,False,26.0,350,4.3,2024,23,FP1
0 days 00:17:26.843000,20.6,56.0,1018.1,False,25.9,359,4.2,2024,23,FP1
0 days 00:18:26.848000,20.6,56.0,1018.0,False,25.9,346,4.1,2024,23,FP1
0 days 00:19:26.844000,20.6,56.0,1018.0,False,25.9,349,3.4,2024,23,FP1
0 days 00:20:26.847000,20.6,56.0,1018.0,False,25.8,346,3.3,2024,23,FP1
0 days 00:21:26.847000,20.6,56.0,1018.1,False,25.9,347,3.6,2024,23,FP1
0 days 00:22:26.851000,20.5,57.0,1018.0,False,25.9,8,3.4,2024,23,FP1
0 days 00:23:26.850000,20.5,57.0,1018.0,False,25.9,14,3.3,2024,23,FP1
0 days 00:24:26.850000,20.5,57.0,1018.1,False,25.8,19,3.8,2024,23,FP1
0 days 00:25:26.851000,20.5,58.0,1017.9,False,25.7,353,3.3,2024,23,FP1
0 days 00:26:26.856000,20.5,58.0,1018.1,False,25.7,0,3.8,2024,23,FP1
0 days 00:27:26.843000,20.4,58.0,1018.1,False,25.6,20,2.8,2024,23,FP1
0 days 00:28:26.889000,20.5,58.0,1018.1,False,25.7,288,2.9,2024,23,FP1
0 days 00:29:26.858000,20.5,58.0,1018.1,False,25.6,6,2.8,2024,23,FP1
0 days 00:30:26.843000,20.4,58.0,1018.2,False,25.6,6,2.8,2024,23,FP1
0 days 00:31:26.855000,20.4,58.0,1018.2,False,25.6,357,3.6,2024,23,FP1
0 days 00:32:26.856000,20.4,58.0,1018.1,False,25.5,2,3.9,2024,23,FP1
0 days 00:33:26.865000,20.4,58.0,1018.1,False,25.5,349,3.5,2024,23,FP1
0 days 00:34:26.856000,20.4,58.0,1018.2,False,25.5,3,3.0,2024,23,FP1
0 days 00:35:26.859000,20.4,59.0,1018.2,False,25.5,0,3.7,2024,23,FP1
0 days 00:36:26.858000,20.3,59.0,1018.2,False,25.3,8,3.9,2024,23,FP1
0 days 00:37:26.860000,20.3,59.0,1018.2,False,25.4,10,3.6,2024,23,FP1
0 days 00:38:26.852000,20.3,59.0,1018.1,False,25.3,3,3.4,2024,23,FP1
0 days 00:39:26.860000,20.2,59.0,1018.2,False,25.3,2,3.4,2024,23,FP1
0 days 00:40:26.861000,20.2,59.0,1018.1,False,25.3,343,3.6,2024,23,FP1
0 days 00:41:26.865000,20.2,59.0,1018.2,False,25.1,10,3.7,2024,23,FP1
0 days 00:42:26.868000,20.2,59.0,1018.1,False,25.1,353,3.3,2024,23,FP1
0 days 00:43:26.864000,20.2,59.0,1018.2,False,25.2,12,4.0,2024,23,FP1
0 days 00:44:26.865000,20.1,59.0,1018.2,False,25.2,1,4.2,2024,23,FP1
0 days 00:45:26.869000,20.1,59.0,1018.1,False,25.1,4,3.3,2024,23,FP1
0 days 00:46:26.897000,20.1,59.0,1018.2,False,25.1,5,4.2,2024,23,FP1
0 days 00:47:26.913000,20.2,59.0,1018.1,False,25.1,1,4.1,2024,23,FP1
0 days 00:48:26.914000,20.2,59.0,1018.2,False,25.0,1,3.6,2024,23,FP1
0 days 00:49:26.915000,20.1,59.0,1018.2,False,25.0,5,3.0,2024,23,FP1
0 days 00:50:26.930000,20.1,59.0,1018.2,False,24.9,17,3.6,2024,23,FP1
0 days 00:51:26.947000,20.1,59.0,1018.3,False,24.9,7,4.3,2024,23,FP1
0 days 00:52:26.962000,20.1,59.0,1018.3,False,24.9,9,3.3,2024,23,FP1
0 days 00:53:26.968000,20.1,59.0,1018.2,False,24.9,7,3.3,2024,23,FP1
0 days 00:54:26.996000,20.1,59.0,1018.2,False,24.8,353,2.9,2024,23,FP1
0 days 00:55:26.966000,20.1,59.0,1018.2,False,24.9,1,2.9,2024,23,FP1
0 days 00:56:26.966000,20.0,59.0,1018.3,False,24.8,9,2.3,2024,23,FP1
0 days 00:57:26.987000,20.1,59.0,1018.3,False,24.9,343,2.1,2024,23,FP1
0 days 00:58:26.998000,20.1,59.0,1018.2,False,24.9,10,1.8,2024,23,FP1
0 days 00:59:26.999000,20.0,59.0,1018.3,False,24.9,16,2.4,2024,23,FP1
0 days 01:00:27.002000,20.0,59.0,1018.3,False,24.6,331,2.6,2024,23,FP1
0 days 01:01:27.001000,20.0,59.0,1018.3,False,24.6,348,1.9,2024,23,FP1
0 days 01:02:27.001000,20.0,60.0,1018.3,False,24.5,9,2.4,2024,23,FP1
0 days 01:03:27.004000,20.0,60.0,1018.3,False,24.5,11,2.6,2024,23,FP1
0 days 01:04:27.002000,20.0,60.0,1018.3,False,24.6,12,2.9,2024,23,FP1
0 days 01:05:27.003000,19.9,60.0,1018.3,False,24.6,1,3.7,2024,23,FP1
0 days 01:06:27.003000,19.9,60.0,1018.3,False,24.5,6,2.6,2024,23,FP1
0 days 01:07:27.004000,19.9,60.0,1018.3,False,24.5,10,3.2,2024,23,FP1
0 days 01:08:27.005000,19.9,61.0,1018.3,False,24.5,350,3.4,2024,23,FP1
0 days 01:09:26.995000,19.9,61.0,1018.4,False,24.5,357,2.9,2024,23,FP1
0 days 01:10:27.007000,19.9,61.0,1018.4,False,24.5,8,3.1,2024,23,FP1
0 days 01:11:27.007000,19.8,61.0,1018.3,False,24.5,13,2.7,2024,23,FP1
0 days 01:12:27.010000,19.8,61.0,1018.5,False,24.6,334,2.1,2024,23,FP1
0 days 01:13:27.009000,19.8,61.0,1018.3,False,24.6,341,2.0,2024,23,FP1
0 days 01:14:27.011000,19.8,61.0,1018.4,False,24.4,19,1.8,2024,23,FP1
0 days 01:15:27.013000,19.8,61.0,1018.4,False,24.5,12,2.2,2024,23,FP1
0 days 01:16:27.014000,19.8,60.0,1018.4,False,24.5,328,1.8,2024,23,FP1
0 days 01:17:27.027000,19.8,60.0,1018.4,False,24.6,357,2.6,2024,23,FP1
0 days 01:18:27.029000,19.8,60.0,1018.3,False,24.4,11,2.0,2024,23,FP1
0 days 01:19:27.029000,19.8,60.0,1018.4,False,24.4,4,1.9,2024,23,FP1
0 days 01:20:27.049000,19.8,60.0,1018.3,False,24.3,10,2.6,2024,23,FP1
0 days 00:00:32.828000,27.9,56.0,1017.4,False,42.2,299,1.5,2024,24,FP1
0 days 00:01:32.847000,28.0,56.0,1017.3,False,42.5,107,3.5,2024,24,FP1
0 days 00:02:32.851000,27.9,56.0,1017.3,False,42.2,37,1.3,2024,24,FP1
0 days 00:03:32.868000,27.9,56.0,1017.3,False,42.3,299,1.7,2024,24,FP1
0 days 00:04:32.881000,27.9,56.0,1017.2,False,42.3,153,1.4,2024,24,FP1
0 days 00:05:32.885000,27.9,57.0,1017.3,False,42.3,110,2.0,2024,24,FP1
0 days 00:06:32.913000,27.9,56.0,1017.2,False,42.0,299,2.0,2024,24,FP1
0 days 00:07:32.909000,28.0,56.0,1017.3,False,42.4,284,2.3,2024,24,FP1
0 days 00:08:32.923000,28.0,57.0,1017.3,False,42.4,312,2.1,2024,24,FP1
0 days 00:09:32.904000,28.0,57.0,1017.3,False,42.3,323,2.4,2024,24,FP1
0 days 00:10:32.932000,27.9,56.0,1017.2,False,42.4,134,1.7,2024,24,FP1
0 days 00:11:32.948000,27.9,57.0,1017.1,False,41.7,112,3.2,2024,24,FP1
0 days 00:12:32.944000,27.9,57.0,1017.1,False,42.0,106,2.9,2024,24,FP1
0 days 00:13:32.966000,27.9,57.0,1017.2,False,42.0,101,2.0,2024,24,FP1
0 days 00:14:32.956000,27.8,57.0,1017.2,False,42.0,113,3.4,2024,24,FP1
0 days 00:15:32.984000,27.8,57.0,1017.1,False,41.8,209,2.6,2024,24,FP1
0 days 00:16:32.996000,27.8,58.0,1017.2,False,41.8,94,2.1,2024,24,FP1
0 days 00:17:33.018000,27.8,57.0,1017.1,False,42.1,119,2.2,2024,24,FP1
0 days 00:18:33.017000,27.8,57.0,1017.1,False,41.8,111,3.4,2024,24,FP1
0 days 00:19:33.009000,27.9,57.0,1017.2,False,41.8,197,0.9,2024,24,FP1
0 days 00:20:33.029000,27.9,57.0,1017.1,False,41.9,268,1.7,2024,24,FP1
0 days 00:21:33.044000,28.1,56.0,1017.1,False,42.7,287,0.9,2024,24,FP1
0 days 00:22:33.051000,28.1,55.0,1017.1,False,42.1,290,2.5,2024,24,FP1
0 days 00:23:33.065000,28.1,56.0,1017.1,False,42.4,298,1.8,2024,24,FP1
0 days 00:24:33.063000,28.2,56.0,1017.1,False,42.5,281,1.8,2024,24,FP1
0 days 00:25:33.067000,28.3,55.0,1017.1,False,42.5,115,2.5,2024,24,FP1
0 days 00:26:33.081000,28.2,55.0,1017.1,False,42.5,305,1.8,2024,24,FP1
0 days 00:27:34.008000,28.2,55.0,1017.0,False,42.5,176,1.0,2024,24,FP1
0 days 00:28:33.093000,28.1,55.0,1017.0,False,42.0,110,2.7,2024,24,FP1
0 days 00:29:33.098000,28.1,55.0,1017.0,False,41.6,111,3.6,2024,24,FP1
0 days 00:30:33.696000,28.0,56.0,1016.9,False,41.6,166,3.5,2024,24,FP1
0 days 00:31:33.092000,27.9,57.0,1017.0,False,41.7,285,1.6,2024,24,FP1
0 days 00:32:33.099000,27.9,57.0,1017.1,False,41.9,310,2.2,2024,24,FP1
0 days 00:33:33.106000,28.0,56.0,1016.9,False,41.9,329,1.7,2024,24,FP1
0 days 00:34:33.106000,27.9,57.0,1017.0,False,41.5,290,2.1,2024,24,FP1
0 days 00:35:33.100000,28.0,56.0,1017.0,False,41.5,287,2.7,2024,24,FP1
0 days 00:36:33.116000,28.0,57.0,1017.0,False,41.7,331,2.1,2024,24,FP1
0 days 00:37:33.132000,27.9,57.0,1017.1,False,41.4,301,1.6,2024,24,FP1
0 days 00:38:33.145000,27.9,57.0,1017.0,False,41.4,122,1.8,2024,24,FP1
0 days 00:39:33.162000,28.0,56.0,1016.9,False,41.6,95,2.3,2024,24,FP1
0 days 00:40:33.157000,28.0,56.0,1017.0,False,41.5,118,2.4,2024,24,FP1
0 days 00:41:33.157000,28.0,56.0,1016.9,False,41.5,0,1.9,2024,24,FP1
0 days 00:42:33.931000,28.0,56.0,1016.9,False,42.0,176,1.3,2024,24,FP1
0 days 00:43:33.151000,28.1,55.0,1017.0,False,41.8,315,1.5,2024,24,FP1
0 days 00:44:34.047000,28.1,55.0,1017.0,False,41.3,333,3.1,2024,24,FP1
0 days 00:45:33.152000,28.0,56.0,1016.9,False,41.3,310,1.6,2024,24,FP1
0 days 00:46:33.152000,28.0,57.0,1016.9,False,41.4,317,1.4,2024,24,FP1
0 days 00:47:33.178000,27.9,56.0,1016.9,False,41.7,305,2.2,2024,24,FP1
0 days 00:48:33.187000,28.0,56.0,1016.9,False,41.7,292,2.2,2024,24,FP1
0 days 00:49:33.180000,28.0,57.0,1016.9,False,41.5,114,1.3,2024,24,FP1
0 days 00:50:33.187000,28.0,56.0,1016.9,False,41.7,294,1.6,2024,24,FP1
0 days 00:51:33.967000,28.0,56.0,1016.9,False,41.9,321,2.7,2024,24,FP1
0 days 00:52:33.196000,27.9,57.0,1017.0,False,41.9,311,1.8,2024,24,FP1
0 days 00:53:33.202000,28.0,56.0,1016.9,False,41.7,289,2.2,2024,24,FP1
0 days 00:54:33.196000,28.0,56.0,1016.9,False,41.7,113,2.8,2024,24,FP1
0 days 00:55:33.202000,27.9,55.0,1016.9,False,41.6,306,1.6,2024,24,FP1
0 days 00:56:33.198000,27.9,56.0,1016.9,False,41.9,279,1.4,2024,24,FP1
0 days 00:57:33.876000,28.0,55.0,1016.9,False,41.4,309,2.7,2024,24,FP1
0 days 00:58:33.202000,27.9,55.0,1016.9,False,41.2,282,2.0,2024,24,FP1
0 days 00:59:33.202000,27.9,56.0,1016.9,False,40.9,322,1.8,2024,24,FP1
0 days 01:00:33.189000,28.0,56.0,1016.8,False,41.1,284,2.0,2024,24,FP1
0 days 01:01:33.203000,28.0,57.0,1016.9,False,41.1,0,2.2,2024,24,FP1
0 days 01:02:33.204000,27.9,57.0,1016.8,False,41.2,288,2.0,2024,24,FP1
0 days 01:03:33.206000,27.9,57.0,1016.8,False,41.2,249,2.3,2024,24,FP1
0 days 01:04:33.197000,27.9,55.0,1016.8,False,40.8,148,1.5,2024,24,FP1
0 days 01:05:33.204000,27.8,56.0,1016.8,False,40.7,100,2.0,2024,24,FP1
0 days 01:06:33.206000,27.8,56.0,1016.8,False,40.7,276,1.4,2024,24,FP1
0 days 01:07:33.214000,27.8,56.0,1016.9,False,41.2,287,2.1,2024,24,FP1
0 days 01:08:34.026000,27.8,56.0,1016.8,False,41.1,292,2.3,2024,24,FP1
0 days 01:09:33.213000,27.8,56.0,1016.8,False,41.0,273,2.2,2024,24,FP1
0 days 01:10:33.213000,27.9,56.0,1016.7,False,40.8,297,1.9,2024,24,FP1
0 days 01:11:33.214000,27.9,56.0,1016.6,False,40.8,159,1.0,2024,24,FP1
0 days 01:12:33.217000,27.9,56.0,1016.7,False,40.9,134,2.2,2024,24,FP1
0 days 01:13:33.205000,27.9,56.0,1016.8,False,40.8,151,2.2,2024,24,FP1
0 days 01:14:33.211000,27.9,56.0,1016.8,False,40.7,144,1.6,2024,24,FP1
0 days 01:15:33.216000,27.9,56.0,1016.7,False,40.0,106,2.9,2024,24,FP1
0 days 01:16:33.216000,27.9,56.0,1016.7,False,40.4,107,3.1,2024,24,FP1
0 days 01:17:34.056000,27.9,56.0,1016.7,False,40.3,134,1.9,2024,24,FP1
0 days 01:18:33.210000,27.9,56.0,1016.8,False,40.5,110,1.6,2024,24,FP1
0 days 01:19:33.216000,27.9,56.0,1016.7,False,39.9,110,3.3,2024,24,FP1
0 days 01:20:33.220000,27.9,57.0,1016.6,False,39.9,152,3.1,2024,24,FP1
0 days 01:21:33.222000,27.9,57.0,1016.8,False,40.7,112,2.4,2024,24,FP1
0 days 00:00:44.686000,23.8,48.0,1018.4,False,39.3,0,0.0,2025,1,FP1
0 days 00:01:44.676000,24.0,50.0,1018.4,False,39.2,5,0.3,2025,1,FP1
0 days 00:02:44.701000,24.0,51.0,1018.3,False,39.4,0,0.5,2025,1,FP1
0 days 00:03:44.690000,24.0,51.0,1018.3,False,40.1,267,0.4,2025,1,FP1
0 days 00:04:44.699000,24.1,50.0,1018.4,False,40.1,0,1.0,2025,1,FP1
0 days 00:05:44.702000,24.1,51.0,1018.3,False,40.1,181,0.5,2025,1,FP1
0 days 00:06:44.701000,24.2,50.0,1018.3,False,40.1,79,0.6,2025,1,FP1
0 days 00:07:44.701000,24.3,48.0,1018.2,False,40.2,297,0.4,2025,1,FP1
0 days 00:08:44.693000,24.3,48.0,1018.2,False,39.7,253,0.5,2025,1,FP1
0 days 00:09:44.703000,24.2,48.0,1018.1,False,39.5,10,1.0,2025,1,FP1
0 days 00:10:44.719000,24.2,48.0,1018.2,False,39.6,235,0.9,2025,1,FP1
0 days 00:11:44.739000,24.2,51.0,1018.2,False,40.0,196,1.8,2025,1,FP1
0 days 00:12:44.727000,24.1,50.0,1018.2,False,40.2,0,0.7,2025,1,FP1
0 days 00:13:44.747000,24.3,49.0,1018.2,False,40.3,226,0.5,2025,1,FP1
0 days 00:14:44.782000,24.4,50.0,1018.2,False,40.1,0,0.0,2025,1,FP1
0 days 00:15:44.766000,24.5,50.0,1018.2,False,40.0,129,0.8,2025,1,FP1
0 days 00:16:44.768000,24.5,50.0,1018.2,False,40.4,266,1.1,2025,1,FP1
0 days 00:17:44.769000,24.6,50.0,1018.2,False,40.4,0,1.0,2025,1,FP1
0 days 00:18:44.792000,24.7,50.0,1018.2,False,40.7,243,0.4,2025,1,FP1
0 days 00:19:44.820000,24.6,48.0,1018.2,False,41.4,201,0.7,2025,1,FP1
0 days 00:20:44.793000,24.5,46.0,1018.3,False,41.5,168,0.3,2025,1,FP1
0 days 00:21:44.771000,24.5,47.0,1018.3,False,41.4,157,0.9,2025,1,FP1
0 days 00:22:44.795000,24.5,47.0,1018.4,False,41.2,219,1.1,2025,1,FP1
0 days 00:23:44.786000,24.5,46.0,1018.2,False,41.4,278,0.6,2025,1,FP1
0 days 00:24:44.785000,24.7,45.0,1018.2,False,41.2,126,0.0,2025,1,FP1
0 days 00:25:44.784000,24.8,45.0,1018.3,False,41.4,96,0.7,2025,1,FP1
0 days 00:26:44.813000,24.8,45.0,1018.0,False,41.6,121,1.0,2025,1,FP1
0 days 00:27:44.847000,24.8,46.0,1018.2,False,41.3,185,0.8,2025,1,FP1
0 days 00:28:44.826000,24.8,46.0,1018.3,False,41.3,0,1.0,2025,1,FP1
0 days 00:29:44.848000,24.8,46.0,1018.3,False,41.5,127,0.5,2025,1,FP1
0 days 00:30:44.843000,24.8,46.0,1018.3,False,41.7,142,1.0,2025,1,FP1
0 days 00:31:44.860000,24.8,45.0,1018.3,False,41.8,139,1.0,2025,1,FP1
0 days 00:32:44.866000,24.8,45.0,1018.3,False,41.8,0,0.0,2025,1,FP1
0 days 00:33:44.877000,24.8,46.0,1018.4,False,42.1,105,1.0,2025,1,FP1
0 days 00:34:44.878000,24.7,44.0,1018.4,False,42.1,199,0.8,2025,1,FP1
0 days 00:35:44.898000,24.6,46.0,1018.4,False,42.0,248,0.0,2025,1,FP1
0 days 00:36:44.893000,24.6,46.0,1018.4,False,41.7,228,0.7,2025,1,FP1
0 days 00:37:44.879000,24.5,46.0,1018.4,False,41.7,166,0.3,2025,1,FP1
0 days 00:38:44.918000,24.3,46.0,1018.3,False,41.9,129,0.7,2025,1,FP1
0 days 00:39:44.918000,24.3,47.0,1018.3,False,42.4,180,1.0,2025,1,FP1
0 days 00:40:44.919000,24.3,47.0,1018.3,False,42.4,260,1.2,2025,1,FP1
0 days 00:41:44.935000,24.3,47.0,1018.3,False,42.4,0,0.7,2025,1,FP1
0 days 00:42:44.963000,24.4,47.0,1018.3,False,42.5,92,0.4,2025,1,FP1
0 days 00:43:44.959000,24.4,47.0,1018.2,False,42.7,121,1.2,2025,1,FP1
0 days 00:44:44.984000,24.3,47.0,1018.2,False,42.8,113,1.6,2025,1,FP1
0 days 00:45:44.968000,24.1,48.0,1018.2,False,42.2,115,1.1,2025,1,FP1
0 days 00:46:45.005000,24.2,48.0,1018.1,False,42.2,169,1.2,2025,1,FP1
0 days 00:47:45.015000,24.2,49.0,1018.1,False,42.8,0,2.1,2025,1,FP1
0 days 00:48:45.025000,24.2,49.0,1018.1,False,43.0,183,0.4,2025,1,FP1
0 days 00:49:45.019000,24.3,48.0,1018.2,False,42.5,0,0.7,2025,1,FP1
0 days 00:50:45.053000,24.4,48.0,1018.2,False,42.5,123,0.5,2025,1,FP1
0 days 00:51:45.067000,24.5,47.0,1018.2,False,43.0,143,0.5,2025,1,FP1
0 days 00:52:45.061000,24.5,47.0,1018.2,False,43.0,108,0.5,2025,1,FP1
0 days 00:53:45.063000,24.5,47.0,1018.0,False,43.2,132,1.1,2025,1,FP1
0 days 00:54:45.084000,24.5,47.0,1018.0,False,43.1,0,0.6,2025,1,FP1
0 days 00:55:45.069000,24.5,47.0,1018.0,False,42.9,97,0.5,2025,1,FP1
0 days 00:56:45.045000,24.5,47.0,1018.0,False,42.9,108,0.7,2025,1,FP1
0 days 00:57:45.064000,24.5,47.0,1018.0,False,42.9,199,1.3,2025,1,FP1
0 days 00:58:45.075000,24.4,47.0,1017.9,False,42.9,104,2.3,2025,1,FP1
0 days 00:59:45.106000,24.2,48.0,1018.0,False,42.9,275,0.8,2025,1,FP1
0 days 01:00:45.122000,24.0,49.0,1017.9,False,43.1,131,2.1,2025,1,FP1
0 days 01:01:45.157000,24.0,48.0,1017.9,False,43.0,102,1.2,2025,1,FP1
0 days 01:02:45.174000,24.0,50.0,1017.9,False,43.0,111,0.9,2025,1,FP1
0 days 01:03:45.132000,24.0,48.0,1017.8,False,43.1,101,1.1,2025,1,FP1
0 days 01:04:45.132000,24.0,49.0,1017.9,False,43.2,232,1.5,2025,1,FP1
0 days 01:05:45.136000,24.0,50.0,1017.9,False,43.2,0,1.0,2025,1,FP1
0 days 01:06:45.133000,24.2,48.0,1018.0,False,43.7,98,1.1,2025,1,FP1
0 days 01:07:45.160000,24.3,48.0,1018.1,False,44.1,132,0.6,2025,1,FP1
0 days 01:08:45.181000,24.5,47.0,1017.9,False,44.3,180,1.2,2025,1,FP1
0 days 01:09:45.190000,24.5,47.0,1017.8,False,44.4,116,1.6,2025,1,FP1
0 days 01:10:45.199000,24.6,46.0,1017.9,False,44.5,276,1.6,2025,1,FP1
0 days 01:11:45.198000,24.6,46.0,1017.9,False,44.4,128,0.9,2025,1,FP1
0 days 01:12:45.197000,24.6,46.0,1018.0,False,44.6,153,1.1,2025,1,FP1
0 days 01:13:45.199000,24.5,46.0,1018.0,False,44.3,180,0.7,2025,1,FP1
0 days 01:14:45.225000,24.5,47.0,1018.0,False,44.3,141,0.8,2025,1,FP1
0 days 01:15:45.215000,24.6,47.0,1018.0,False,44.0,121,0.8,2025,1,FP1
0 days 01:16:45.239000,24.6,49.0,1017.9,False,43.7,126,1.1,2025,1,FP1
0 days 01:17:45.260000,24.6,51.0,1018.0,False,44.0,113,1.3,2025,1,FP1
0 days 01:18:45.247000,24.6,52.0,1018.0,False,44.0,58,1.3,2025,1,FP1
0 days 01:19:45.284000,24.5,54.0,1017.8,False,43.5,323,1.2,2025,1,FP1
0 days 01:20:45.287000,24.3,54.0,1017.9,False,43.2,0,0.9,2025,1,FP1
0 days 00:00:34.335000,22.1,23.0,1020.8,False,32.8,237,2.5,2025,2,FP1
0 days 00:01:34.362000,22.1,23.0,1020.7,False,32.6,245,2.8,2025,2,FP1
0 days 00:02:34.362000,22.1,22.0,1020.9,False,33.0,235,2.7,2025,2,FP1
0 days 00:03:34.379000,22.1,22.0,1020.8,False,33.0,249,1.8,2025,2,FP1
0 days 00:04:34.404000,22.2,22.0,1020.8,False,33.1,236,1.9,2025,2,FP1
0 days 00:05:34.401000,22.2,22.0,1020.8,False,33.4,253,3.4,2025,2,FP1
0 days 00:06:34.408000,22.3,22.0,1020.8,False,33.2,240,4.0,2025,2,FP1
0 days 00:07:34.413000,22.2,22.0,1020.9,False,33.2,242,4.2,2025,2,FP1
0 days 00:08:34.423000,22.3,22.0,1020.9,False,32.8,249,3.8,2025,2,FP1
0 days 00:09:34.430000,22.3,20.0,1020.8,False,33.0,242,4.1,2025,2,FP1
0 days 00:10:34.413000,22.3,20.0,1020.8,False,33.2,227,3.9,2025,2,FP1
0 days 00:11:34.423000,22.4,19.0,1020.7,False,33.3,236,5.1,2025,2,FP1
0 days 00:12:34.433000,22.4,20.0,1020.7,False,33.5,231,3.2,2025,2,FP1
0 days 00:13:34.470000,22.3,20.0,1020.7,False,33.5,211,4.2,2025,2,FP1
0 days 00:14:34.453000,22.3,20.0,1020.7,False,33.7,234,2.2,2025,2,FP1
0 days 00:15:34.459000,22.4,20.0,1020.6,False,33.8,245,3.7,2025,2,FP1
0 days 00:16:34.545000,22.4,20.0,1020.7,False,33.9,237,2.4,2025,2,FP1
0 days 00:17:34.460000,22.5,20.0,1020.6,False,34.1,236,3.0,2025,2,FP1
0 days 00:18:34.463000,22.5,21.0,1020.6,False,34.2,207,3.5,2025,2,FP1
0 days 00:19:34.470000,22.5,21.0,1020.6,False,34.2,0,1.4,2025,2,FP1
0 days 00:20:34.471000,22.5,21.0,1020.6,False,34.4,230,1.5,2025,2,FP1
0 days 00:21:34.477000,22.8,22.0,1020.6,False,34.5,251,2.1,2025,2,FP1
0 days 00:22:34.502000,22.8,22.0,1020.5,False,34.5,230,2.6,2025,2,FP1
0 days 00:23:34.488000,22.8,22.0,1020.6,False,34.6,220,2.0,2025,2,FP1
0 days 00:24:34.506000,22.8,22.0,1020.4,False,34.7,265,1.0,2025,2,FP1
0 days 00:25:34.514000,22.7,22.0,1020.6,False,35.0,118,1.3,2025,2,FP1
0 days 00:26:34.528000,22.5,21.0,1020.5,False,35.0,200,1.6,2025,2,FP1
0 days 00:27:34.529000,22.6,20.0,1020.5,False,35.1,263,1.8,2025,2,FP1
0 days 00:28:34.543000,22.7,20.0,1020.5,False,35.4,230,1.1,2025,2,FP1
0 days 00:29:34.548000,22.8,18.0,1020.4,False,35.5,207,1.3,2025,2,FP1
0 days 00:30:34.549000,23.0,19.0,1020.5,False,35.5,213,1.0,2025,2,FP1
0 days 00:31:34.554000,23.0,19.0,1020.5,False,35.6,213,1.2,2025,2,FP1
0 days 00:32:34.553000,23.0,18.0,1020.5,False,35.6,209,1.9,2025,2,FP1
0 days 00:33:34.551000,22.9,19.0,1020.4,False,35.8,102,2.1,2025,2,FP1
0 days 00:34:34.550000,22.8,19.0,1020.4,False,35.8,238,1.9,2025,2,FP1
0 days 00:35:34.549000,22.8,18.0,1020.3,False,36.0,233,3.6,2025,2,FP1
0 days 00:36:34.551000,22.8,18.0,1020.4,False,36.0,237,1.5,2025,2,FP1
0 days 00:37:34.552000,22.8,19.0,1020.3,False,36.1,230,3.9,2025,2,FP1
0 days 00:38:34.552000,22.8,19.0,1020.3,False,36.2,239,2.8,2025,2,FP1
0 days 00:39:34.556000,22.8,19.0,1020.3,False,36.4,231,3.3,2025,2,FP1
0 days 00:40:34.555000,22.8,19.0,1020.2,False,36.6,268,2.0,2025,2,FP1
0 days 00:41:34.554000,22.8,19.0,1020.2,False,36.7,239,2.9,2025,2,FP1
0 days 00:42:34.554000,22.9,19.0,1020.3,False,36.7,249,3.3,2025,2,FP1
0 days 00:43:34.554000,22.8,19.0,1020.3,False,36.8,234,4.6,2025,2,FP1
0 days 00:44:34.555000,22.9,19.0,1020.3,False,36.8,246,3.6,2025,2,FP1
0 days 00:45:34.552000,22.9,18.0,1020.4,False,36.8,237,4.2,2025,2,FP1
0 days 00:46:34.556000,22.9,18.0,1020.3,False,36.9,240,4.1,2025,2,FP1
0 days 00:47:34.573000,22.8,19.0,1020.4,False,36.9,207,4.0,2025,2,FP1
0 days 00:48:34.585000,22.8,20.0,1020.3,False,37.1,200,2.3,2025,2,FP1
0 days 00:49:34.584000,22.9,20.0,1020.2,False,37.2,153,2.4,2025,2,FP1
0 days 00:50:34.592000,22.8,20.0,1020.2,False,37.4,237,1.0,2025,2,FP1
0 days 00:51:34.600000,22.8,19.0,1020.2,False,37.5,290,1.1,2025,2,FP1
0 days 00:52:34.608000,22.9,19.0,1020.2,False,37.5,271,1.1,2025,2,FP1
0 days 00:53:34.607000,22.9,20.0,1020.2,False,37.8,255,1.9,2025,2,FP1
0 days 00:54:34.626000,22.9,19.0,1020.2,False,37.8,241,2.7,2025,2,FP1
0 days 00:55:34.626000,23.0,18.0,1020.2,False,37.5,239,3.7,2025,2,FP1
0 days 00:56:34.634000,23.0,19.0,1020.2,False,37.5,246,4.3,2025,2,FP1
0 days 00:57:34.674000,23.0,18.0,1020.2,False,37.4,239,4.1,2025,2,FP1
0 days 00:58:34.688000,23.0,19.0,1020.1,False,37.4,246,3.5,2025,2,FP1
0 days 00:59:34.688000,22.9,19.0,1020.1,False,37.5,205,3.2,2025,2,FP1
0 days 01:00:34.696000,22.8,19.0,1020.1,False,37.7,238,3.0,2025,2,FP1
0 days 01:01:34.694000,22.8,19.0,1020.2,False,37.7,230,3.2,2025,2,FP1
0 days 01:02:34.694000,22.9,19.0,1020.0,False,37.8,226,3.6,2025,2,FP1
0 days 01:03:34.700000,23.0,19.0,1020.2,False,37.8,203,3.9,2025,2,FP1
0 days 01:04:34.715000,22.9,20.0,1020.0,False,38.0,251,2.9,2025,2,FP1
0 days 01:05:34.730000,23.0,19.0,1020.0,False,38.0,245,4.2,2025,2,FP1
0 days 01:06:34.742000,23.0,19.0,1019.8,False,38.1,250,3.8,2025,2,FP1
0 days 01:07:34.741000,22.9,19.0,1019.9,False,38.1,242,3.1,2025,2,FP1
0 days 01:08:34.745000,22.9,19.0,1019.8,False,38.1,240,3.9,2025,2,FP1
0 days 01:09:34.740000,22.8,19.0,1019.7,False,38.2,235,3.2,2025,2,FP1
0 days 01:10:34.789000,22.8,20.0,1019.9,False,38.2,210,1.9,2025,2,FP1
0 days 01:11:34.793000,22.9,20.0,1019.8,False,38.4,124,1.2,2025,2,FP1
0 days 01:12:34.896000,23.1,20.0,1019.8,False,38.5,225,0.9,2025,2,FP1
0 days 01:13:34.856000,23.2,20.0,1019.8,False,38.7,233,1.3,2025,2,FP1
0 days 01:14:34.873000,23.3,20.0,1019.8,False,38.8,236,2.0,2025,2,FP1
0 days 01:15:34.876000,23.2,19.0,1019.8,False,38.9,192,2.9,2025,2,FP1
0 days 01:16:34.891000,23.1,20.0,1019.8,False,38.9,267,1.3,2025,2,FP1
0 days 01:17:34.891000,23.3,19.0,1019.8,False,39.1,251,2.1,2025,2,FP1
0 days 01:18:34.916000,23.4,18.0,1019.8,False,39.2,235,3.3,2025,2,FP1
0 days 01:19:34.909000,23.4,19.0,1019.8,False,39.1,255,3.4,2025,2,FP1
0 days 01:20:34.918000,23.4,19.0,1019.8,False,39.1,251,3.6,2025,2,FP1
0 days 01:21:34.920000,23.3,18.0,1019.8,False,39.1,239,3.6,2025,2,FP1
0 days 00:00:47.055000,13.0,44.0,1012.2,False,34.1,281,4.3,2025,3,FP1
0 days 00:01:47.074000,13.1,43.0,1012.0,False,34.3,297,4.0,2025,3,FP1
0 days 00:02:47.087000,13.2,43.0,1012.1,False,34.4,284,4.5,2025,3,FP1
0 days 00:03:47.087000,13.3,42.0,1012.1,False,34.3,267,4.8,2025,3,FP1
0 days 00:04:47.124000,13.3,43.0,1012.2,False,34.3,292,3.7,2025,3,FP1
0 days 00:05:47.124000,13.1,43.0,1011.9,False,34.3,336,4.5,2025,3,FP1
0 days 00:06:47.137000,13.2,43.0,1011.9,False,34.3,316,4.0,2025,3,FP1
0 days 00:07:47.160000,13.2,43.0,1011.9,False,34.9,275,3.1,2025,3,FP1
0 days 00:08:47.153000,13.3,42.0,1012.0,False,34.9,291,4.3,2025,3,FP1
0 days 00:09:47.168000,13.3,42.0,1012.0,False,34.7,291,5.3,2025,3,FP1
0 days 00:10:47.189000,13.3,42.0,1011.9,False,34.7,295,4.5,2025,3,FP1
0 days 00:11:47.203000,13.2,42.0,1011.8,False,34.8,326,4.9,2025,3,FP1
0 days 00:12:47.235000,13.3,42.0,1012.0,False,34.9,287,4.4,2025,3,FP1
0 days 00:13:47.220000,13.5,41.0,1011.8,False,35.1,293,4.8,2025,3,FP1
0 days 00:14:47.265000,13.5,42.0,1011.9,False,35.0,301,4.0,2025,3,FP1
0 days 00:15:47.284000,13.6,41.0,1012.0,False,35.0,273,3.3,2025,3,FP1
0 days 00:16:47.283000,13.5,41.0,1011.8,False,35.1,292,4.0,2025,3,FP1
0 days 00:17:47.282000,13.6,42.0,1011.9,False,35.3,309,3.4,2025,3,FP1
0 days 00:18:47.269000,13.5,41.0,1011.8,False,35.3,290,5.4,2025,3,FP1
0 days 00:19:47.269000,13.5,41.0,1011.9,False,35.5,302,4.1,2025,3,FP1
0 days 00:20:47.285000,13.5,41.0,1011.9,False,35.6,289,4.8,2025,3,FP1
0 days 00:21:47.302000,13.6,41.0,1012.0,False,35.6,287,3.9,2025,3,FP1
0 days 00:22:47.271000,13.6,41.0,1011.9,False,35.5,294,5.5,2025,3,FP1
0 days 00:23:47.271000,13.8,41.0,1011.9,False,35.4,284,3.8,2025,3,FP1
0 days 00:24:47.273000,13.8,41.0,1012.0,False,35.4,319,4.7,2025,3,FP1
0 days 00:25:47.286000,13.7,41.0,1011.7,False,35.3,284,4.9,2025,3,FP1
0 days 00:26:47.296000,13.7,41.0,1011.9,False,35.3,267,4.2,2025,3,FP1
0 days 00:27:47.323000,13.6,42.0,1011.8,False,35.9,277,3.4,2025,3,FP1
0 days 00:28:47.336000,13.6,42.0,1011.9,False,35.9,290,3.7,2025,3,FP1
0 days 00:29:47.337000,13.6,41.0,1011.8,False,35.9,268,3.0,2025,3,FP1
0 days 00:30:47.319000,13.7,41.0,1011.9,False,36.0,299,4.4,2025,3,FP1
0 days 00:31:47.355000,13.6,42.0,1011.7,False,36.2,292,3.4,2025,3,FP1
0 days 00:32:47.341000,13.7,41.0,1011.9,False,36.2,276,6.1,2025,3,FP1
0 days 00:33:47.352000,13.8,42.0,1011.8,False,36.1,274,4.1,2025,3,FP1
0 days 00:34:47.355000,13.6,43.0,1011.9,False,36.2,287,5.6,2025,3,FP1
0 days 00:35:47.357000,13.4,44.0,1011.8,False,36.3,271,4.5,2025,3,FP1
0 days 00:36:47.356000,13.3,44.0,1011.8,False,36.2,285,4.3,2025,3,FP1
0 days 00:37:47.376000,13.4,45.0,1011.6,False,36.2,282,6.2,2025,3,FP1
0 days 00:38:47.377000,13.4,45.0,1011.8,False,36.2,288,6.2,2025,3,FP1
0 days 00:39:47.375000,13.6,44.0,1011.8,False,36.2,281,6.3,2025,3,FP1
0 days 00:40:47.375000,13.8,42.0,1011.7,False,35.8,295,5.8,2025,3,FP1
0 days 00:41:47.391000,13.7,43.0,1011.8,False,35.8,290,4.2,2025,3,FP1
0 days 00:42:47.390000,13.6,41.0,1011.7,False,35.8,294,5.4,2025,3,FP1
0 days 00:43:47.396000,13.6,41.0,1011.8,False,35.9,305,4.2,2025,3,FP1
0 days 00:44:47.384000,13.6,42.0,1011.7,False,36.1,288,3.8,2025,3,FP1
0 days 00:45:47.384000,13.7,42.0,1011.8,False,36.3,312,3.6,2025,3,FP1
0 days 00:46:47.414000,13.8,42.0,1011.7,False,36.2,280,4.8,2025,3,FP1
0 days 00:47:47.412000,13.8,42.0,1011.8,False,36.2,289,5.2,2025,3,FP1
0 days 00:48:47.402000,13.6,42.0,1011.8,False,36.4,334,3.7,2025,3,FP1
0 days 00:49:47.418000,13.6,42.0,1011.6,False,36.5,295,4.1,2025,3,FP1
0 days 00:50:47.423000,13.5,42.0,1011.7,False,36.9,285,5.6,2025,3,FP1
0 days 00:51:47.433000,13.6,42.0,1011.7,False,36.8,286,6.4,2025,3,FP1
0 days 00:52:47.434000,13.7,42.0,1011.8,False,36.6,286,5.2,2025,3,FP1
0 days 00:53:47.434000,13.5,43.0,1011.5,False,36.5,292,4.6,2025,3,FP1
0 days 00:54:47.438000,13.5,42.0,1011.8,False,36.6,284,5.5,2025,3,FP1
0 days 00:55:47.436000,13.6,41.0,1011.7,False,36.5,289,4.5,2025,3,FP1
0 days 00:56:47.435000,13.7,41.0,1011.7,False,36.3,272,4.1,2025,3,FP1
0 days 00:57:47.441000,13.7,41.0,1011.8,False,36.3,292,5.1,2025,3,FP1
0 days 00:58:47.441000,13.8,40.0,1011.6,False,36.3,294,4.7,2025,3,FP1
0 days 00:59:47.441000,13.8,40.0,1011.7,False,36.4,283,4.3,2025,3,FP1
0 days 01:00:47.438000,13.8,40.0,1011.7,False,36.5,287,5.5,2025,3,FP1
0 days 01:01:47.444000,13.6,40.0,1011.6,False,36.5,284,6.2,2025,3,FP1
0 days 01:02:47.443000,13.5,41.0,1011.5,False,36.3,279,6.5,2025,3,FP1
0 days 01:03:47.445000,13.4,41.0,1011.7,False,36.3,274,6.6,2025,3,FP1
0 days 01:04:47.442000,13.4,41.0,1011.6,False,36.5,287,5.5,2025,3,FP1
0 days 01:05:47.440000,13.4,42.0,1011.6,False,36.5,280,4.9,2025,3,FP1
0 days 01:06:47.449000,13.4,42.0,1011.6,False,36.5,312,5.0,2025,3,FP1
0 days 01:07:47.447000,13.7,42.0,1011.7,False,36.5,306,4.6,2025,3,FP1
0 days 01:08:47.478000,13.7,42.0,1011.4,False,36.5,283,5.1,2025,3,FP1
0 days 01:09:47.492000,13.8,42.0,1011.6,False,36.9,282,3.6,2025,3,FP1
0 days 01:10:47.496000,14.0,40.0,1011.5,False,36.9,292,3.4,2025,3,FP1
0 days 01:11:47.487000,14.2,40.0,1011.5,False,36.8,309,4.1,2025,3,FP1
0 days 01:12:47.495000,14.2,40.0,1011.5,False,37.0,292,4.3,2025,3,FP1
0 days 01:13:47.497000,14.1,39.0,1011.5,False,37.0,285,3.7,2025,3,FP1
0 days 01:14:47.512000,14.1,39.0,1011.5,False,37.0,287,6.2,2025,3,FP1
0 days 01:15:47.517000,14.0,40.0,1011.6,False,37.0,287,5.5,2025,3,FP1
0 days 01:16:47.578000,13.9,41.0,1011.5,False,37.0,286,5.3,2025,3,FP1
0 days 01:17:47.549000,13.9,40.0,1011.5,False,37.3,286,4.4,2025,3,FP1
0 days 01:18:47.550000,13.8,41.0,1011.5,False,37.3,289,3.2,2025,3,FP1
0 days 01:19:47.557000,13.9,41.0,1011.5,False,37.3,289,3.2,2025,3,FP1
0 days 01:20:47.540000,14.0,41.0,1011.3,False,36.7,285,5.2,2025,3,FP1
0 days 00:00:15.363000,34.9,25.0,1001.4,False,48.7,0,1.9,2025,4,FP1
0 days 00:01:15.391000,35.1,24.0,1001.4,False,48.7,14,2.9,2025,4,FP1
0 days 00:02:15.395000,35.0,24.0,1001.3,False,48.2,14,2.9,2025,4,FP1
0 days 00:03:15.411000,35.0,25.0,1001.3,False,48.2,5,2.4,2025,4,FP1
0 days 00:04:15.395000,35.1,28.0,1001.4,False,47.9,22,1.9,2025,4,FP1
0 days 00:05:15.413000,35.0,29.0,1001.4,False,47.3,34,2.5,2025,4,FP1
0 days 00:06:15.413000,34.8,26.0,1001.3,False,47.5,26,1.4,2025,4,FP1
0 days 00:07:15.407000,35.0,25.0,1001.2,False,48.4,19,1.1,2025,4,FP1
0 days 00:08:15.419000,35.0,25.0,1001.2,False,48.4,12,2.2,2025,4,FP1
0 days 00:09:15.433000,35.0,26.0,1001.3,False,48.1,130,1.9,2025,4,FP1
0 days 00:10:15.434000,35.1,26.0,1001.2,False,48.4,89,1.4,2025,4,FP1
0 days 00:11:15.463000,35.1,26.0,1001.2,False,48.0,4,1.0,2025,4,FP1
0 days 00:12:15.466000,35.0,25.0,1001.3,False,48.0,45,2.4,2025,4,FP1
0 days 00:13:15.449000,35.1,25.0,1001.2,False,48.0,14,2.8,2025,4,FP1
0 days 00:14:15.466000,35.1,25.0,1001.2,False,47.9,359,2.5,2025,4,FP1
0 days 00:15:15.452000,35.2,26.0,1001.2,False,47.8,30,2.3,2025,4,FP1
0 days 00:16:15.453000,35.1,27.0,1001.1,False,47.8,356,1.7,2025,4,FP1
0 days 00:17:15.468000,35.1,26.0,1001.2,False,47.9,3,1.6,2025,4,FP1
0 days 00:18:15.456000,35.0,26.0,1001.2,False,48.2,21,1.8,2025,4,FP1
0 days 00:19:15.472000,35.0,25.0,1001.2,False,48.2,177,1.0,2025,4,FP1
0 days 00:20:15.485000,35.0,25.0,1001.2,False,48.2,346,1.3,2025,4,FP1
0 days 00:21:15.502000,35.1,25.0,1001.1,False,48.2,33,2.2,2025,4,FP1
0 days 00:22:15.502000,35.0,25.0,1001.1,False,48.0,116,1.9,2025,4,FP1
0 days 00:23:15.517000,35.1,25.0,1001.2,False,47.5,11,1.5,2025,4,FP1
0 days 00:24:15.504000,35.1,25.0,1001.0,False,47.3,2,1.9,2025,4,FP1
0 days 00:25:15.526000,35.1,26.0,1001.2,False,47.1,27,1.8,2025,4,FP1
0 days 00:26:15.520000,35.2,26.0,1001.2,False,47.5,340,1.7,2025,4,FP1
0 days 00:27:15.521000,35.3,27.0,1001.1,False,47.6,8,1.5,2025,4,FP1
0 days 00:28:15.534000,35.2,25.0,1001.1,False,47.6,15,1.6,2025,4,FP1
0 days 00:29:15.544000,35.3,25.0,1001.0,False,47.5,16,2.9,2025,4,FP1
0 days 00:30:15.553000,35.3,25.0,1001.1,False,47.5,30,1.8,2025,4,FP1
0 days 00:31:15.556000,35.3,26.0,1001.0,False,47.5,14,2.6,2025,4,FP1
0 days 00:32:15.554000,35.3,27.0,1001.2,False,47.2,12,2.9,2025,4,FP1
0 days 00:33:15.546000,35.3,26.0,1001.2,False,47.0,1,2.3,2025,4,FP1
0 days 00:34:15.544000,35.3,24.0,1001.1,False,47.4,15,1.9,2025,4,FP1
0 days 00:35:15.543000,35.3,26.0,1001.1,False,47.5,10,2.1,2025,4,FP1
0 days 00:36:15.549000,35.3,26.0,1001.2,False,47.5,358,2.7,2025,4,FP1
0 days 00:37:15.573000,35.4,25.0,1001.2,False,47.4,8,1.9,2025,4,FP1
0 days 00:38:15.579000,35.3,25.0,1001.2,False,47.6,352,1.4,2025,4,FP1
0 days 00:39:15.600000,35.3,25.0,1001.2,False,47.6,14,1.4,2025,4,FP1
0 days 00:40:15.638000,35.3,24.0,1001.2,False,47.6,18,1.8,2025,4,FP1
0 days 00:41:15.660000,35.2,25.0,1001.1,False,47.6,27,2.7,2025,4,FP1
0 days 00:42:15.674000,35.1,24.0,1001.1,False,47.2,7,1.7,2025,4,FP1
0 days 00:43:15.675000,35.1,26.0,1001.1,False,46.9,33,2.1,2025,4,FP1
0 days 00:44:15.692000,35.0,26.0,1001.1,False,46.7,358,2.9,2025,4,FP1
0 days 00:45:15.692000,35.0,26.0,1001.2,False,46.7,10,1.4,2025,4,FP1
0 days 00:46:15.694000,35.0,25.0,1001.1,False,46.7,7,1.7,2025,4,FP1
0 days 00:47:15.681000,35.0,26.0,1001.1,False,46.4,3,2.6,2025,4,FP1
0 days 00:48:15.693000,35.0,26.0,1001.1,False,46.4,55,1.6,2025,4,FP1
0 days 00:49:15.698000,35.0,26.0,1001.0,False,46.9,336,1.0,2025,4,FP1
0 days 00:50:15.695000,35.2,24.0,1001.1,False,47.3,40,1.1,2025,4,FP1
0 days 00:51:15.696000,35.2,23.0,1000.9,False,47.3,35,1.8,2025,4,FP1
0 days 00:52:15.726000,35.3,21.0,1001.0,False,47.0,12,2.3,2025,4,FP1
0 days 00:53:15.744000,35.3,22.0,1001.1,False,47.0,16,2.9,2025,4,FP1
0 days 00:54:15.759000,35.3,22.0,1001.1,False,46.9,17,2.9,2025,4,FP1
0 days 00:55:15.839000,35.2,23.0,1001.1,False,46.6,33,2.3,2025,4,FP1
0 days 00:56:15.798000,35.2,22.0,1001.1,False,46.6,28,1.5,2025,4,FP1
0 days 00:57:15.796000,35.2,23.0,1001.1,False,46.6,25,1.4,2025,4,FP1
0 days 00:58:15.793000,35.2,23.0,1001.2,False,46.9,0,1.5,2025,4,FP1
0 days 00:59:15.808000,35.2,23.0,1001.1,False,46.9,33,1.7,2025,4,FP1
0 days 01:00:15.782000,35.3,23.0,1001.2,False,46.4,61,0.7,2025,4,FP1
0 days 01:01:15.782000,35.1,24.0,1001.2,False,46.3,3,2.0,2025,4,FP1
0 days 01:02:15.804000,35.1,23.0,1001.1,False,45.9,13,1.6,2025,4,FP1
0 days 01:03:15.841000,35.0,21.0,1001.2,False,46.1,12,2.7,2025,4,FP1
0 days 01:04:15.816000,35.1,23.0,1001.1,False,46.4,19,2.0,2025,4,FP1
0 days 01:05:15.815000,35.0,22.0,1001.1,False,46.3,18,2.0,2025,4,FP1
0 days 01:06:15.818000,35.0,21.0,1001.1,False,46.4,15,2.3,2025,4,FP1
0 days 01:07:15.803000,35.0,22.0,1001.1,False,46.3,18,2.5,2025,4,FP1
0 days 01:08:15.818000,35.0,22.0,1001.0,False,46.2,45,2.1,2025,4,FP1
0 days 01:09:15.823000,35.2,22.0,1001.1,False,46.2,130,1.2,2025,4,FP1
0 days 01:10:15.838000,35.3,21.0,1001.2,False,46.2,20,1.1,2025,4,FP1
0 days 01:11:15.843000,35.3,22.0,1001.1,False,46.1,8,1.9,2025,4,FP1
0 days 01:12:15.841000,35.3,23.0,1001.0,False,46.0,6,1.8,2025,4,FP1
0 days 01:13:15.839000,35.3,23.0,1001.1,False,45.7,3,2.3,2025,4,FP1
0 days 01:14:15.839000,35.3,23.0,1001.1,False,45.7,15,1.3,2025,4,FP1
0 days 01:15:15.839000,35.3,23.0,1001.1,False,45.7,23,1.3,2025,4,FP1
0 days 01:16:15.864000,35.4,23.0,1001.1,False,45.8,22,1.5,2025,4,FP1
0 days 01:17:15.869000,35.4,21.0,1001.1,False,45.9,24,1.6,2025,4,FP1
0 days 01:18:15.875000,35.5,18.0,1001.1,False,45.9,25,2.3,2025,4,FP1
0 days 01:19:15.889000,35.4,17.0,1001.2,False,45.9,19,2.5,2025,4,FP1
0 days 00:00:53.463000,27.8,73.0,1006.7,False,51.3,268,2.2,2025,5,FP1
0 days 00:01:53.439000,27.9,73.0,1006.7,False,51.0,308,1.5,2025,5,FP1
0 days 00:02:53.452000,27.9,72.0,1006.7,False,51.0,297,1.7,2025,5,FP1
0 days 00:03:53.456000,28.0,71.0,1006.7,False,51.7,292,1.5,2025,5,FP1
0 days 00:04:53.446000,28.0,71.0,1006.7,False,51.2,333,1.6,2025,5,FP1
0 days 00:05:53.454000,28.0,71.0,1006.7,False,51.2,333,1.6,2025,5,FP1
0 days 00:06:53.446000,28.0,71.0,1006.7,False,50.5,289,1.3,2025,5,FP1
0 days 00:07:53.463000,28.0,71.0,1006.7,False,50.3,281,1.5,2025,5,FP1
0 days 00:08:53.459000,28.0,71.0,1006.6,False,50.2,293,1.6,2025,5,FP1
0 days 00:09:53.448000,28.0,71.0,1006.6,False,50.2,293,1.6,2025,5,FP1
0 days 00:10:53.456000,28.1,70.0,1006.7,False,49.9,274,1.8,2025,5,FP1
0 days 00:11:53.456000,28.0,71.0,1006.6,False,49.8,261,2.4,2025,5,FP1
0 days 00:12:53.457000,28.1,71.0,1006.6,False,49.1,289,1.5,2025,5,FP1
0 days 00:13:53.458000,28.0,70.0,1006.6,False,49.6,358,1.9,2025,5,FP1
0 days 00:14:53.459000,28.0,71.0,1006.7,False,49.0,260,1.6,2025,5,FP1
0 days 00:15:53.459000,28.0,71.0,1006.7,False,48.9,304,1.2,2025,5,FP1
0 days 00:16:53.458000,28.0,72.0,1006.7,False,49.6,287,1.6,2025,5,FP1
0 days 00:17:53.460000,28.0,72.0,1006.7,False,49.3,284,1.5,2025,5,FP1
0 days 00:18:53.458000,28.0,72.0,1006.7,False,49.3,296,2.0,2025,5,FP1
0 days 00:19:53.457000,28.0,72.0,1006.7,False,49.0,270,1.6,2025,5,FP1
0 days 00:20:53.463000,27.9,71.0,1006.7,False,49.0,290,1.3,2025,5,FP1
0 days 00:21:53.487000,27.9,71.0,1006.6,False,48.8,323,2.7,2025,5,FP1
0 days 00:22:53.456000,27.9,71.0,1006.7,False,49.0,323,1.4,2025,5,FP1
0 days 00:23:53.470000,27.9,72.0,1006.6,False,49.0,293,2.3,2025,5,FP1
0 days 00:24:53.464000,27.9,72.0,1006.6,False,48.6,289,2.2,2025,5,FP1
0 days 00:25:53.465000,27.9,72.0,1006.6,False,48.1,283,1.8,2025,5,FP1
0 days 00:26:53.468000,28.0,71.0,1006.6,False,47.8,333,1.1,2025,5,FP1
0 days 00:27:53.468000,28.0,71.0,1006.6,False,48.1,263,1.3,2025,5,FP1
0 days 00:28:53.469000,28.0,71.0,1006.7,False,48.3,280,2.2,2025,5,FP1
0 days 00:29:53.474000,28.0,72.0,1006.7,False,47.8,298,2.1,2025,5,FP1
0 days 00:30:53.467000,28.0,72.0,1006.7,False,47.6,291,2.3,2025,5,FP1
0 days 00:31:53.476000,28.0,73.0,1006.6,False,47.3,320,2.7,2025,5,FP1
0 days 00:32:53.507000,28.0,72.0,1006.6,False,47.8,309,1.3,2025,5,FP1
0 days 00:33:53.509000,28.0,71.0,1006.6,False,47.9,276,1.5,2025,5,FP1
0 days 00:34:53.510000,28.1,70.0,1006.6,False,48.1,290,1.7,2025,5,FP1
0 days 00:35:53.511000,28.1,70.0,1006.5,False,48.2,348,1.4,2025,5,FP1
0 days 00:36:53.512000,28.1,69.0,1006.6,False,47.2,299,2.9,2025,5,FP1
0 days 00:37:53.512000,28.0,69.0,1006.6,False,47.2,290,1.8,2025,5,FP1
0 days 00:38:53.528000,28.0,67.0,1006.6,False,47.0,262,2.3,2025,5,FP1
0 days 00:39:53.533000,28.0,67.0,1006.6,False,47.0,283,1.8,2025,5,FP1
0 days 00:40:53.524000,28.0,67.0,1006.6,False,46.8,297,1.4,2025,5,FP1
0 days 00:41:53.526000,28.0,66.0,1006.6,False,46.8,267,1.0,2025,5,FP1
0 days 00:42:53.532000,28.1,65.0,1006.7,False,46.8,282,0.8,2025,5,FP1
0 days 00:43:53.517000,28.3,64.0,1006.6,False,46.8,301,1.4,2025,5,FP1
0 days 00:44:53.520000,28.2,65.0,1006.7,False,46.7,295,1.9,2025,5,FP1
0 days 00:45:53.528000,28.2,66.0,1006.6,False,46.3,354,2.1,2025,5,FP1
0 days 00:46:53.544000,28.1,65.0,1006.7,False,46.7,323,0.9,2025,5,FP1
0 days 00:47:53.551000,28.1,65.0,1006.6,False,46.5,293,1.1,2025,5,FP1
0 days 00:48:53.551000,28.0,65.0,1006.7,False,46.0,260,2.2,2025,5,FP1
0 days 00:49:53.583000,28.0,65.0,1006.7,False,46.0,260,2.2,2025,5,FP1
0 days 00:50:53.568000,28.0,67.0,1006.6,False,45.9,281,2.2,2025,5,FP1
0 days 00:51:53.588000,28.1,67.0,1006.7,False,45.8,276,1.8,2025,5,FP1
0 days 00:52:53.588000,28.1,68.0,1006.6,False,45.8,265,2.2,2025,5,FP1
0 days 00:53:53.606000,28.1,68.0,1006.6,False,45.9,322,1.7,2025,5,FP1
0 days 00:54:53.601000,28.0,69.0,1006.7,False,45.8,282,2.2,2025,5,FP1
0 days 00:55:53.616000,28.0,67.0,1006.7,False,45.8,281,1.6,2025,5,FP1
0 days 00:56:53.612000,28.0,67.0,1006.6,False,45.7,252,1.8,2025,5,FP1
0 days 00:57:53.613000,28.0,68.0,1006.7,False,44.6,283,1.5,2025,5,FP1
0 days 00:58:53.615000,28.1,68.0,1006.7,False,45.3,266,1.5,2025,5,FP1
0 days 00:59:53.611000,28.3,68.0,1006.7,False,45.3,0,0.6,2025,5,FP1
0 days 01:00:53.610000,28.3,67.0,1006.7,False,45.3,291,0.3,2025,5,FP1
0 days 01:01:53.608000,28.3,68.0,1006.7,False,44.2,280,1.6,2025,5,FP1
0 days 01:02:53.607000,28.3,68.0,1006.6,False,43.9,349,1.6,2025,5,FP1
0 days 01:03:53.623000,28.3,68.0,1006.6,False,44.4,4,1.1,2025,5,FP1
0 days 01:04:53.609000,28.4,67.0,1006.6,False,44.7,272,1.0,2025,5,FP1
0 days 01:05:53.607000,28.3,67.0,1006.6,False,43.8,309,2.4,2025,5,FP1
0 days 01:06:53.611000,28.3,68.0,1006.8,False,44.0,282,1.9,2025,5,FP1
0 days 01:07:53.639000,28.2,69.0,1006.8,False,44.0,358,1.7,2025,5,FP1
0 days 01:08:53.639000,28.2,70.0,1006.7,False,44.1,270,1.5,2025,5,FP1
0 days 01:09:53.657000,28.2,68.0,1006.7,False,43.9,296,1.8,2025,5,FP1
0 days 01:10:53.666000,28.2,68.0,1006.7,False,44.1,267,1.4,2025,5,FP1
0 days 01:11:53.685000,28.1,69.0,1006.7,False,43.8,275,1.1,2025,5,FP1
0 days 01:12:53.707000,28.0,68.0,1006.8,False,43.5,356,1.1,2025,5,FP1
0 days 01:13:53.725000,28.0,67.0,1006.7,False,43.4,322,1.2,2025,5,FP1
0 days 01:14:53.732000,28.0,67.0,1006.7,False,43.7,284,1.0,2025,5,FP1
0 days 01:15:53.744000,28.0,68.0,1006.7,False,43.7,272,1.2,2025,5,FP1
0 days 01:16:53.751000,28.0,66.0,1006.7,False,43.4,281,1.5,2025,5,FP1
0 days 01:17:53.761000,28.0,66.0,1006.7,False,43.4,268,1.7,2025,5,FP1
0 days 01:18:53.772000,28.0,66.0,1006.7,False,43.4,244,1.4,2025,5,FP1
0 days 01:19:53.779000,28.0,65.0,1006.8,False,43.4,279,1.4,2025,5,FP1
0 days 00:00:40.092000,27.1,50.0,1018.1,False,37.2,123,1.6,2025,6,FP1
0 days 00:01:40.087000,27.3,50.0,1018.0,False,37.6,122,2.4,2025,6,FP1
0 days 00:02:40.090000,27.3,49.0,1018.1,False,37.4,113,2.0,2025,6,FP1
0 days 00:03:40.087000,27.3,50.0,1018.0,False,37.4,100,2.9,2025,6,FP1
0 days 00:04:40.095000,27.3,51.0,1018.1,False,37.1,118,2.5,2025,6,FP1
0 days 00:05:40.426000,27.2,52.0,1018.0,False,37.1,116,3.0,2025,6,FP1
0 days 00:06:40.126000,27.2,52.0,1018.1,False,37.8,116,1.9,2025,6,FP1
0 days 00:07:40.127000,27.3,53.0,1018.1,False,37.4,115,3.1,2025,6,FP1
0 days 00:08:40.148000,27.2,53.0,1018.1,False,37.3,101,2.5,2025,6,FP1
0 days 00:09:40.166000,27.1,54.0,1018.1,False,37.3,105,1.7,2025,6,FP1
0 days 00:10:40.223000,27.1,54.0,1018.1,False,38.2,116,1.0,2025,6,FP1
0 days 00:11:41.274000,27.3,53.0,1018.1,False,38.5,105,1.8,2025,6,FP1
0 days 00:12:40.338000,27.5,50.0,1018.1,False,38.6,99,2.1,2025,6,FP1
0 days 00:13:40.160000,27.3,50.0,1018.1,False,38.4,107,1.9,2025,6,FP1
0 days 00:14:40.153000,27.3,51.0,1017.9,False,38.4,112,2.3,2025,6,FP1
0 days 00:15:41.007000,27.4,52.0,1017.9,False,38.7,112,1.6,2025,6,FP1
0 days 00:16:40.170000,27.3,52.0,1018.0,False,38.6,99,2.6,2025,6,FP1
0 days 00:17:40.172000,27.3,52.0,1017.9,False,38.8,108,1.9,2025,6,FP1
0 days 00:18:40.178000,27.4,52.0,1017.9,False,38.7,129,2.6,2025,6,FP1
0 days 00:19:40.250000,27.4,52.0,1018.0,False,39.2,0,0.7,2025,6,FP1
0 days 00:20:40.167000,27.5,51.0,1018.0,False,39.3,347,0.0,2025,6,FP1
0 days 00:21:40.195000,27.6,50.0,1018.0,False,39.3,65,1.2,2025,6,FP1
0 days 00:22:40.218000,27.6,50.0,1018.1,False,38.7,83,1.7,2025,6,FP1
0 days 00:23:40.966000,27.5,50.0,1018.1,False,38.4,99,1.9,2025,6,FP1
0 days 00:24:40.231000,27.5,51.0,1017.9,False,38.3,127,3.3,2025,6,FP1
0 days 00:25:40.239000,27.5,50.0,1017.9,False,38.1,116,3.2,2025,6,FP1
0 days 00:26:40.249000,27.5,50.0,1018.0,False,38.1,120,3.0,2025,6,FP1
0 days 00:27:41.221000,27.4,51.0,1018.0,False,38.3,100,3.2,2025,6,FP1
0 days 00:28:41.288000,27.5,51.0,1018.0,False,38.8,1,2.9,2025,6,FP1
0 days 00:29:40.295000,27.5,52.0,1017.9,False,39.6,51,1.6,2025,6,FP1
0 days 00:30:40.424000,27.4,52.0,1017.9,False,40.2,336,2.0,2025,6,FP1
0 days 00:31:40.463000,27.4,52.0,1017.9,False,40.2,0,1.4,2025,6,FP1
0 days 00:32:40.520000,27.5,52.0,1017.9,False,39.8,338,0.9,2025,6,FP1
0 days 00:33:41.060000,27.6,52.0,1017.9,False,39.7,343,1.4,2025,6,FP1
0 days 00:34:41.123000,27.7,52.0,1017.8,False,39.9,273,2.0,2025,6,FP1
0 days 00:35:40.344000,27.6,52.0,1017.8,False,40.1,328,1.2,2025,6,FP1
0 days 00:36:40.380000,27.6,52.0,1017.8,False,39.7,275,1.1,2025,6,FP1
0 days 00:37:40.395000,27.5,52.0,1017.7,False,39.7,163,0.6,2025,6,FP1
0 days 00:38:40.396000,27.5,52.0,1017.7,False,40.2,290,0.6,2025,6,FP1
0 days 00:39:40.946000,27.5,51.0,1017.7,False,40.4,272,0.4,2025,6,FP1
0 days 00:40:40.481000,27.6,51.0,1017.7,False,40.4,105,0.8,2025,6,FP1
0 days 00:41:40.545000,27.8,51.0,1017.7,False,40.3,86,1.5,2025,6,FP1
0 days 00:42:40.414000,27.9,50.0,1017.7,False,40.3,110,1.6,2025,6,FP1
0 days 00:43:40.419000,27.9,51.0,1017.7,False,40.4,78,1.2,2025,6,FP1
0 days 00:44:40.423000,27.9,51.0,1017.6,False,40.2,99,0.5,2025,6,FP1
0 days 00:45:41.248000,27.9,51.0,1017.6,False,40.8,297,0.8,2025,6,FP1
0 days 00:46:40.461000,27.9,50.0,1017.6,False,40.8,300,1.3,2025,6,FP1
0 days 00:47:40.485000,27.9,50.0,1017.6,False,40.8,277,1.2,2025,6,FP1
0 days 00:48:41.452000,27.9,50.0,1017.6,False,41.2,10,0.5,2025,6,FP1
0 days 00:49:40.468000,28.0,49.0,1017.5,False,42.9,332,0.0,2025,6,FP1
0 days 00:50:40.475000,28.2,49.0,1017.5,False,43.5,151,0.8,2025,6,FP1
0 days 00:51:40.663000,28.3,48.0,1017.4,False,45.0,77,1.6,2025,6,FP1
0 days 00:52:40.484000,28.5,46.0,1017.4,False,45.0,140,2.0,2025,6,FP1
0 days 00:53:41.261000,28.5,47.0,1017.4,False,45.7,132,0.8,2025,6,FP1
0 days 00:54:40.486000,28.6,46.0,1017.4,False,46.1,112,1.5,2025,6,FP1
0 days 00:55:40.503000,28.7,45.0,1017.4,False,46.1,101,2.4,2025,6,FP1
0 days 00:56:40.504000,28.8,46.0,1017.4,False,44.7,113,3.1,2025,6,FP1
0 days 00:57:40.520000,28.6,47.0,1017.3,False,44.2,91,2.2,2025,6,FP1
0 days 00:58:40.527000,28.4,48.0,1017.4,False,43.2,147,1.5,2025,6,FP1
0 days 00:59:40.501000,28.2,49.0,1017.3,False,43.0,117,2.7,2025,6,FP1
0 days 01:00:40.505000,28.3,49.0,1017.3,False,42.7,146,2.4,2025,6,FP1
0 days 01:01:41.204000,28.3,49.0,1017.2,False,43.0,158,1.9,2025,6,FP1
0 days 01:02:40.539000,28.3,49.0,1017.3,False,43.8,105,2.4,2025,6,FP1
0 days 01:03:40.550000,28.3,51.0,1017.3,False,45.1,322,3.0,2025,6,FP1
0 days 01:04:40.869000,28.4,51.0,1017.2,False,46.2,106,1.5,2025,6,FP1
0 days 01:05:40.601000,28.4,52.0,1017.2,False,46.2,107,2.8,2025,6,FP1
0 days 01:06:40.608000,28.5,52.0,1017.2,False,46.2,176,1.5,2025,6,FP1
0 days 01:07:41.029000,28.5,51.0,1017.1,False,47.3,0,0.4,2025,6,FP1
0 days 01:08:40.627000,28.6,49.0,1017.2,False,48.4,203,0.8,2025,6,FP1
0 days 01:09:40.645000,28.6,48.0,1017.2,False,49.3,175,0.5,2025,6,FP1
0 days 01:10:41.204000,28.8,47.0,1017.1,False,49.1,151,0.5,2025,6,FP1
0 days 01:11:40.630000,29.0,46.0,1017.2,False,49.9,154,0.7,2025,6,FP1
0 days 01:12:40.817000,29.0,45.0,1017.0,False,49.9,114,1.2,2025,6,FP1
0 days 01:13:40.673000,29.1,47.0,1017.1,False,48.2,114,4.2,2025,6,FP1
0 days 01:14:41.427000,28.9,49.0,1017.1,False,47.5,113,5.8,2025,6,FP1
0 days 01:15:40.681000,28.8,50.0,1017.1,False,47.9,111,4.5,2025,6,FP1
0 days 01:16:40.675000,28.5,50.0,1017.2,False,48.1,110,4.1,2025,6,FP1
0 days 01:17:40.690000,28.3,50.0,1017.1,False,48.3,136,2.6,2025,6,FP1
0 days 00:00:27.953000,19.0,32.0,1007.9,False,40.9,116,3.0,2025,7,FP1
0 days 00:01:27.951000,19.1,33.0,1008.0,False,40.2,105,2.6,2025,7,FP1
0 days 00:02:27.952000,19.0,34.0,1008.0,False,38.2,173,2.2,2025,7,FP1
0 days 00:03:27.964000,19.0,35.0,1008.0,False,38.0,93,2.2,2025,7,FP1
0 days 00:04:27.964000,18.8,36.0,1008.0,False,38.7,141,2.5,2025,7,FP1
0 days 00:05:27.981000,18.8,36.0,1007.9,False,38.7,139,4.5,2025,7,FP1
0 days 00:06:27.991000,18.6,37.0,1007.9,False,37.5,124,3.4,2025,7,FP1
0 days 00:07:27.997000,18.6,36.0,1008.0,False,37.5,130,4.3,2025,7,FP1
0 days 00:08:28.009000,18.7,35.0,1007.9,False,37.6,130,3.5,2025,7,FP1
0 days 00:09:28.012000,18.8,34.0,1008.0,False,38.6,138,2.6,2025,7,FP1
0 days 00:10:28.021000,18.8,34.0,1008.0,False,39.0,114,3.5,2025,7,FP1
0 days 00:11:28.033000,18.8,34.0,1008.0,False,39.3,127,2.5,2025,7,FP1
0 days 00:12:28.019000,18.8,32.0,1007.9,False,39.5,131,3.2,2025,7,FP1
0 days 00:13:28.032000,19.0,31.0,1008.0,False,39.8,137,3.2,2025,7,FP1
0 days 00:14:28.047000,19.0,33.0,1008.0,False,40.1,107,2.4,2025,7,FP1
0 days 00:15:28.033000,18.9,33.0,1008.0,False,40.4,111,2.7,2025,7,FP1
0 days 00:16:28.033000,18.8,33.0,1007.9,False,40.5,140,2.0,2025,7,FP1
0 days 00:17:28.030000,18.9,34.0,1007.9,False,40.6,150,2.9,2025,7,FP1
0 days 00:18:28.043000,19.0,32.0,1007.9,False,40.5,122,2.4,2025,7,FP1
0 days 00:19:28.041000,19.2,32.0,1008.0,False,40.3,126,3.3,2025,7,FP1
0 days 00:20:28.028000,19.2,32.0,1007.9,False,39.8,127,3.7,2025,7,FP1
0 days 00:21:28.030000,19.3,32.0,1007.9,False,39.8,127,3.7,2025,7,FP1
0 days 00:22:28.038000,19.2,32.0,1008.0,False,40.0,148,2.8,2025,7,FP1
0 days 00:23:28.029000,19.2,32.0,1007.9,False,40.0,163,1.9,2025,7,FP1
0 days 00:24:28.027000,19.3,34.0,1007.9,False,40.1,114,2.4,2025,7,FP1
0 days 00:25:28.037000,19.4,32.0,1007.9,False,40.1,122,3.3,2025,7,FP1
0 days 00:26:28.038000,19.6,32.0,1007.8,False,40.0,120,2.6,2025,7,FP1
0 days 00:27:28.067000,19.6,33.0,1007.9,False,40.1,128,3.1,2025,7,FP1
0 days 00:28:28.041000,19.6,33.0,1008.0,False,40.2,136,3.3,2025,7,FP1
0 days 00:29:28.045000,19.6,31.0,1007.9,False,40.0,118,3.2,2025,7,FP1
0 days 00:30:28.052000,19.5,30.0,1008.0,False,39.9,138,3.7,2025,7,FP1
0 days 00:31:28.055000,19.5,30.0,1008.0,False,39.5,109,4.1,2025,7,FP1
0 days 00:32:28.084000,19.4,30.0,1008.0,False,39.5,109,4.1,2025,7,FP1
0 days 00:33:28.085000,19.3,32.0,1008.0,False,39.3,121,4.3,2025,7,FP1
0 days 00:34:28.094000,19.3,32.0,1008.0,False,39.3,120,4.0,2025,7,FP1
0 days 00:35:28.083000,19.3,32.0,1008.0,False,39.3,120,4.0,2025,7,FP1
0 days 00:36:28.093000,19.3,33.0,1007.9,False,39.2,134,4.5,2025,7,FP1
0 days 00:37:28.090000,19.2,33.0,1007.9,False,39.3,141,4.3,2025,7,FP1
0 days 00:38:28.104000,19.2,33.0,1007.9,False,39.3,141,4.3,2025,7,FP1
0 days 00:39:28.143000,19.2,34.0,1008.0,False,39.4,133,4.6,2025,7,FP1
0 days 00:40:28.145000,19.3,33.0,1007.9,False,39.4,118,3.5,2025,7,FP1
0 days 00:41:28.142000,19.2,33.0,1007.9,False,39.4,118,3.5,2025,7,FP1
0 days 00:42:28.146000,19.2,34.0,1008.0,False,39.5,134,2.6,2025,7,FP1
0 days 00:43:28.147000,19.2,33.0,1007.9,False,39.4,138,2.3,2025,7,FP1
0 days 00:44:28.164000,19.2,34.0,1008.0,False,39.5,104,3.6,2025,7,FP1
0 days 00:45:28.170000,19.3,33.0,1008.0,False,40.0,153,2.8,2025,7,FP1
0 days 00:46:28.180000,19.4,32.0,1008.0,False,40.0,149,3.6,2025,7,FP1
0 days 00:47:28.177000,19.4,32.0,1008.0,False,40.0,149,3.6,2025,7,FP1
0 days 00:48:28.169000,19.4,33.0,1007.9,False,39.5,128,3.2,2025,7,FP1
0 days 00:49:28.168000,19.5,34.0,1007.9,False,39.5,125,2.5,2025,7,FP1
0 days 00:50:28.178000,19.4,34.0,1007.9,False,39.5,125,2.5,2025,7,FP1
0 days 00:51:28.178000,19.4,32.0,1007.8,False,39.3,108,3.8,2025,7,FP1
0 days 00:52:28.182000,19.5,32.0,1007.9,False,39.1,126,3.0,2025,7,FP1
0 days 00:53:28.186000,19.6,32.0,1007.9,False,39.1,126,3.0,2025,7,FP1
0 days 00:54:28.202000,19.6,33.0,1008.0,False,38.8,101,2.6,2025,7,FP1
0 days 00:55:28.186000,19.6,32.0,1008.0,False,39.6,128,2.7,2025,7,FP1
0 days 00:56:28.181000,19.5,32.0,1008.0,False,39.6,128,2.7,2025,7,FP1
0 days 00:57:28.190000,19.5,30.0,1008.0,False,39.5,124,3.4,2025,7,FP1
0 days 00:58:28.187000,19.4,31.0,1008.1,False,39.4,138,4.0,2025,7,FP1
0 days 00:59:28.210000,19.4,31.0,1008.1,False,39.4,138,4.0,2025,7,FP1
0 days 01:00:28.195000,19.5,31.0,1007.9,False,39.1,144,3.8,2025,7,FP1
0 days 01:01:28.245000,19.6,31.0,1008.0,False,39.1,128,2.3,2025,7,FP1
0 days 01:02:28.253000,19.7,31.0,1008.0,False,39.1,128,2.3,2025,7,FP1
0 days 01:03:28.265000,19.6,32.0,1008.0,False,40.3,125,2.2,2025,7,FP1
0 days 01:04:28.260000,19.8,31.0,1008.0,False,40.3,124,2.3,2025,7,FP1
0 days 01:05:28.266000,19.7,31.0,1008.0,False,40.3,124,2.3,2025,7,FP1
0 days 01:06:28.276000,19.6,32.0,1008.0,False,39.8,120,4.0,2025,7,FP1
0 days 01:07:28.280000,19.8,31.0,1008.0,False,40.0,130,3.5,2025,7,FP1
0 days 01:08:28.280000,19.8,31.0,1008.0,False,40.0,130,3.5,2025,7,FP1
0 days 01:09:28.284000,19.8,30.0,1008.0,False,39.7,118,3.1,2025,7,FP1
0 days 01:10:28.296000,19.6,31.0,1007.9,False,39.5,112,3.0,2025,7,FP1
0 days 01:11:28.323000,19.6,31.0,1008.0,False,39.5,147,3.4,2025,7,FP1
0 days 01:12:28.332000,19.5,32.0,1007.9,False,39.5,124,3.1,2025,7,FP1
0 days 01:13:28.321000,19.5,30.0,1008.1,False,39.6,126,4.2,2025,7,FP1
0 days 01:14:28.329000,19.6,30.0,1007.9,False,39.5,125,3.6,2025,7,FP1
0 days 01:15:28.327000,19.5,31.0,1007.9,False,39.6,130,3.4,2025,7,FP1
0 days 00:00:08.142000,22.3,40.0,1010.5,False,42.0,178,0.6,2025,8,FP1
0 days 00:01:08.142000,22.3,39.0,1010.5,False,41.5,198,0.5,2025,8,FP1
0 days 00:02:08.158000,22.3,39.0,1010.6,False,40.6,190,0.8,2025,8,FP1
0 days 00:03:08.148000,22.2,40.0,1010.7,False,40.3,210,1.1,2025,8,FP1
0 days 00:04:08.164000,22.1,41.0,1010.7,False,40.2,337,0.6,2025,8,FP1
0 days 00:05:08.196000,22.0,41.0,1010.6,False,39.9,347,0.8,2025,8,FP1
0 days 00:06:08.196000,22.0,41.0,1010.7,False,39.5,320,0.9,2025,8,FP1
0 days 00:07:08.212000,22.1,41.0,1010.6,False,39.6,328,1.3,2025,8,FP1
0 days 00:08:08.220000,22.1,41.0,1010.7,False,39.5,319,1.3,2025,8,FP1
0 days 00:09:08.233000,22.0,42.0,1010.7,False,39.5,204,1.1,2025,8,FP1
0 days 00:10:08.246000,21.9,42.0,1010.7,False,38.8,336,0.6,2025,8,FP1
0 days 00:11:08.232000,21.9,43.0,1010.7,False,38.8,345,1.6,2025,8,FP1
0 days 00:12:08.237000,21.8,43.0,1010.7,False,39.7,353,1.3,2025,8,FP1
0 days 00:13:08.237000,21.7,43.0,1010.7,False,40.4,4,1.2,2025,8,FP1
0 days 00:14:08.253000,21.7,41.0,1010.8,False,40.4,305,1.1,2025,8,FP1
0 days 00:15:08.254000,21.7,40.0,1010.7,False,39.8,193,0.3,2025,8,FP1
0 days 00:16:08.270000,21.8,40.0,1010.7,False,39.8,183,0.7,2025,8,FP1
0 days 00:17:08.286000,21.6,40.0,1010.8,False,39.2,355,1.0,2025,8,FP1
0 days 00:18:08.271000,21.6,41.0,1010.8,False,37.6,191,1.0,2025,8,FP1
0 days 00:19:08.287000,21.5,43.0,1010.8,False,38.4,77,1.2,2025,8,FP1
0 days 00:20:08.303000,21.5,43.0,1010.9,False,37.9,178,0.8,2025,8,FP1
0 days 00:21:08.316000,21.4,43.0,1010.7,False,37.8,0,1.0,2025,8,FP1
0 days 00:22:08.332000,21.5,42.0,1010.8,False,37.6,9,0.5,2025,8,FP1
0 days 00:23:08.323000,21.5,42.0,1010.8,False,37.1,183,0.4,2025,8,FP1
0 days 00:24:08.339000,21.5,44.0,1010.8,False,37.0,247,0.6,2025,8,FP1
0 days 00:25:08.356000,21.6,43.0,1010.8,False,37.1,293,0.0,2025,8,FP1
0 days 00:26:08.340000,21.6,43.0,1010.8,False,36.7,302,0.7,2025,8,FP1
0 days 00:27:08.356000,21.4,41.0,1010.8,False,37.1,76,0.8,2025,8,FP1
0 days 00:28:08.342000,21.3,42.0,1010.8,False,37.1,68,0.7,2025,8,FP1
0 days 00:29:08.348000,21.2,43.0,1010.8,False,36.9,259,0.5,2025,8,FP1
0 days 00:30:08.348000,21.1,43.0,1010.8,False,36.6,36,0.5,2025,8,FP1
0 days 00:31:08.349000,21.1,43.0,1010.8,False,36.7,324,0.4,2025,8,FP1
0 days 00:32:08.349000,21.3,43.0,1010.8,False,38.4,212,0.7,2025,8,FP1
0 days 00:33:08.357000,21.5,41.0,1010.8,False,39.1,319,1.1,2025,8,FP1
0 days 00:34:08.363000,21.5,40.0,1010.8,False,39.5,217,0.7,2025,8,FP1
0 days 00:35:08.363000,21.7,41.0,1010.8,False,39.1,208,0.6,2025,8,FP1
0 days 00:36:08.379000,21.7,39.0,1010.9,False,38.6,0,0.5,2025,8,FP1
0 days 00:37:08.380000,21.9,40.0,1010.8,False,38.1,23,0.3,2025,8,FP1
0 days 00:38:08.375000,21.9,40.0,1010.8,False,37.9,188,0.6,2025,8,FP1
0 days 00:39:08.376000,21.6,41.0,1010.8,False,37.3,77,0.8,2025,8,FP1
0 days 00:40:08.392000,21.5,41.0,1010.8,False,37.5,90,0.8,2025,8,FP1
0 days 00:41:08.377000,21.6,42.0,1010.8,False,36.8,236,0.8,2025,8,FP1
0 days 00:42:08.389000,21.6,43.0,1010.9,False,36.8,312,0.5,2025,8,FP1
0 days 00:43:08.420000,21.5,43.0,1010.8,False,36.6,6,0.9,2025,8,FP1
0 days 00:44:08.389000,21.3,44.0,1010.8,False,36.6,19,0.7,2025,8,FP1
0 days 00:45:08.390000,21.2,45.0,1010.9,False,36.4,235,0.9,2025,8,FP1
0 days 00:46:08.391000,21.1,44.0,1010.8,False,36.8,0,0.4,2025,8,FP1
0 days 00:47:08.407000,21.1,43.0,1010.8,False,36.8,233,0.5,2025,8,FP1
0 days 00:48:08.440000,21.0,43.0,1010.8,False,36.9,25,0.4,2025,8,FP1
0 days 00:49:08.417000,21.1,44.0,1010.8,False,36.4,333,0.4,2025,8,FP1
0 days 00:50:08.429000,21.1,43.0,1010.8,False,35.5,308,1.0,2025,8,FP1
0 days 00:51:08.430000,21.1,45.0,1010.8,False,35.5,0,0.5,2025,8,FP1
0 days 00:52:08.446000,21.0,45.0,1010.9,False,35.9,0,1.0,2025,8,FP1
0 days 00:53:08.446000,20.8,46.0,1010.8,False,36.1,282,0.6,2025,8,FP1
0 days 00:54:08.446000,20.8,45.0,1010.8,False,36.2,324,0.8,2025,8,FP1
0 days 00:55:08.447000,20.9,44.0,1010.8,False,36.5,0,2.0,2025,8,FP1
0 days 00:56:08.463000,20.9,45.0,1010.8,False,36.5,300,0.7,2025,8,FP1
0 days 00:57:08.497000,20.8,45.0,1010.8,False,37.6,0,0.6,2025,8,FP1
0 days 00:58:08.488000,20.9,45.0,1010.8,False,38.0,173,0.5,2025,8,FP1
0 days 00:59:08.504000,21.0,44.0,1010.9,False,38.0,177,0.5,2025,8,FP1
0 days 01:00:08.504000,21.0,44.0,1010.8,False,37.8,196,1.0,2025,8,FP1
0 days 01:01:08.520000,21.1,44.0,1010.9,False,37.4,188,1.1,2025,8,FP1
0 days 01:02:08.521000,21.1,45.0,1010.9,False,38.0,269,0.8,2025,8,FP1
0 days 01:03:08.522000,21.2,44.0,1010.8,False,37.0,193,0.6,2025,8,FP1
0 days 01:04:08.533000,21.2,45.0,1010.9,False,37.0,0,0.8,2025,8,FP1
0 days 01:05:08.549000,21.0,45.0,1010.8,False,37.7,29,0.5,2025,8,FP1
0 days 01:06:08.549000,21.1,44.0,1010.9,False,38.2,0,1.1,2025,8,FP1
0 days 01:07:08.550000,21.1,44.0,1010.9,False,38.9,337,0.6,2025,8,FP1
0 days 01:08:08.566000,21.2,44.0,1010.9,False,39.9,0,0.4,2025,8,FP1
0 days 01:09:08.582000,21.2,44.0,1010.9,False,40.7,198,0.6,2025,8,FP1
0 days 01:10:08.582000,21.2,42.0,1010.9,False,40.8,273,1.2,2025,8,FP1
0 days 01:11:08.583000,21.4,43.0,1010.8,False,40.4,336,0.5,2025,8,FP1
0 days 01:12:08.599000,21.5,44.0,1010.9,False,40.8,235,1.0,2025,8,FP1
0 days 01:13:08.584000,21.5,43.0,1010.9,False,41.1,167,0.7,2025,8,FP1
0 days 01:14:08.584000,21.5,43.0,1011.0,False,41.2,235,0.7,2025,8,FP1
0 days 01:15:08.590000,21.5,43.0,1010.9,False,41.3,164,1.1,2025,8,FP1
0 days 01:16:08.589000,21.4,43.0,1010.9,False,39.3,171,0.8,2025,8,FP1
0 days 01:17:08.591000,21.5,43.0,1010.9,False,39.2,312,0.5,2025,8,FP1
0 days 01:18:08.598000,21.4,44.0,1010.9,False,39.1,339,0.5,2025,8,FP1
0 days 01:19:08.614000,21.4,44.0,1010.9,False,39.1,312,0.7,2025,8,FP1
0 days 01:20:08.646000,21.5,43.0,1010.9,False,39.3,330,0.9,2025,8,FP1
0 days 01:21:08.655000,21.7,43.0,1010.9,False,39.3,325,1.8,2025,8,FP1
0 days 00:00:24.667000,30.2,36.0,1006.2,False,46.7,190,1.2,2025,9,FP1
0 days 00:01:24.674000,30.1,36.0,1006.2,False,46.9,199,1.4,2025,9,FP1
0 days 00:02:24.693000,30.1,36.0,1006.2,False,46.8,172,1.0,2025,9,FP1
0 days 00:03:24.698000,30.0,38.0,1006.2,False,47.1,196,0.8,2025,9,FP1
0 days 00:04:24.705000,30.0,36.0,1006.2,False,47.4,207,1.5,2025,9,FP1
0 days 00:05:24.705000,30.0,36.0,1006.2,False,47.5,301,1.7,2025,9,FP1
0 days 00:06:24.697000,30.1,37.0,1006.2,False,47.5,282,0.9,2025,9,FP1
0 days 00:07:24.692000,30.1,36.0,1006.1,False,47.5,222,0.9,2025,9,FP1
0 days 00:08:24.700000,30.1,36.0,1006.3,False,47.8,219,1.0,2025,9,FP1
0 days 00:09:24.696000,30.1,36.0,1006.2,False,47.7,184,1.7,2025,9,FP1
0 days 00:10:24.692000,30.2,35.0,1006.2,False,47.5,234,2.2,2025,9,FP1
0 days 00:11:24.697000,30.1,37.0,1006.2,False,47.5,208,1.2,2025,9,FP1
0 days 00:12:24.695000,30.1,37.0,1006.3,False,47.6,204,1.3,2025,9,FP1
0 days 00:13:24.693000,30.1,36.0,1006.2,False,47.8,246,1.4,2025,9,FP1
0 days 00:14:24.703000,30.1,38.0,1006.3,False,47.9,198,2.1,2025,9,FP1
0 days 00:15:24.698000,30.1,36.0,1006.2,False,47.9,225,1.0,2025,9,FP1
0 days 00:16:24.697000,30.2,36.0,1006.3,False,47.9,203,1.7,2025,9,FP1
0 days 00:17:24.696000,30.1,35.0,1006.2,False,47.9,224,1.6,2025,9,FP1
0 days 00:18:24.704000,30.2,36.0,1006.1,False,47.9,0,1.1,2025,9,FP1
0 days 00:19:24.698000,30.3,36.0,1006.1,False,48.0,200,1.0,2025,9,FP1
0 days 00:20:24.703000,30.3,35.0,1006.2,False,48.3,183,1.2,2025,9,FP1
0 days 00:21:24.711000,30.2,35.0,1006.2,False,48.6,292,1.3,2025,9,FP1
0 days 00:22:24.704000,30.2,35.0,1006.2,False,48.7,319,1.1,2025,9,FP1
0 days 00:23:24.704000,30.3,36.0,1006.2,False,48.5,354,0.9,2025,9,FP1
0 days 00:24:24.711000,30.2,35.0,1006.2,False,48.3,54,0.9,2025,9,FP1
0 days 00:25:24.702000,30.3,37.0,1006.2,False,48.4,192,0.6,2025,9,FP1
0 days 00:26:24.707000,30.4,36.0,1006.2,False,48.8,208,1.1,2025,9,FP1
0 days 00:27:24.708000,30.4,35.0,1006.3,False,48.6,176,1.7,2025,9,FP1
0 days 00:28:24.704000,30.4,35.0,1006.2,False,48.6,223,1.6,2025,9,FP1
0 days 00:29:24.708000,30.5,34.0,1006.2,False,48.8,199,1.4,2025,9,FP1
0 days 00:30:24.707000,30.5,35.0,1006.2,False,48.8,260,1.7,2025,9,FP1
0 days 00:31:24.715000,30.5,35.0,1006.2,False,48.5,196,1.0,2025,9,FP1
0 days 00:32:24.708000,30.5,35.0,1006.2,False,48.5,182,1.1,2025,9,FP1
0 days 00:33:24.723000,30.4,35.0,1006.2,False,49.0,159,0.9,2025,9,FP1
0 days 00:34:24.709000,30.4,36.0,1006.2,False,49.0,211,1.3,2025,9,FP1
0 days 00:35:24.710000,30.3,34.0,1006.2,False,49.0,210,1.2,2025,9,FP1
0 days 00:36:24.715000,30.4,34.0,1006.2,False,48.8,170,1.3,2025,9,FP1
0 days 00:37:24.715000,30.4,35.0,1006.2,False,48.8,212,1.5,2025,9,FP1
0 days 00:38:24.715000,30.3,34.0,1006.0,False,48.7,169,1.8,2025,9,FP1
0 days 00:39:24.717000,30.4,35.0,1006.2,False,48.3,205,1.7,2025,9,FP1
0 days 00:40:24.716000,30.4,34.0,1006.1,False,48.7,107,1.7,2025,9,FP1
0 days 00:41:24.720000,30.4,35.0,1006.2,False,48.8,226,0.8,2025,9,FP1
0 days 00:42:24.717000,30.3,34.0,1006.1,False,48.8,175,1.5,2025,9,FP1
0 days 00:43:24.718000,30.3,34.0,1006.1,False,48.8,206,2.0,2025,9,FP1
0 days 00:44:24.721000,30.2,33.0,1006.1,False,48.9,221,1.9,2025,9,FP1
0 days 00:45:24.716000,30.3,32.0,1006.1,False,49.4,209,1.6,2025,9,FP1
0 days 00:46:24.720000,30.2,34.0,1006.2,False,49.1,204,2.2,2025,9,FP1
0 days 00:47:24.731000,30.2,35.0,1006.2,False,49.0,207,1.2,2025,9,FP1
0 days 00:48:24.720000,30.1,35.0,1006.2,False,49.1,198,1.1,2025,9,FP1
0 days 00:49:24.723000,30.1,35.0,1006.1,False,49.1,206,1.4,2025,9,FP1
0 days 00:50:24.725000,30.2,34.0,1006.0,False,49.1,201,1.3,2025,9,FP1
0 days 00:51:24.721000,30.2,34.0,1006.1,False,48.8,187,1.4,2025,9,FP1
0 days 00:52:24.724000,30.4,35.0,1006.1,False,48.9,209,1.6,2025,9,FP1
0 days 00:53:24.725000,30.3,33.0,1006.2,False,48.8,212,2.1,2025,9,FP1
0 days 00:54:24.728000,30.3,33.0,1006.1,False,48.7,206,1.2,2025,9,FP1
0 days 00:55:24.727000,30.1,33.0,1006.2,False,49.0,202,1.4,2025,9,FP1
0 days 00:56:24.729000,30.1,33.0,1006.0,False,49.1,199,1.2,2025,9,FP1
0 days 00:57:24.730000,30.2,34.0,1006.1,False,49.8,203,1.5,2025,9,FP1
0 days 00:58:24.729000,30.3,33.0,1006.1,False,49.9,190,1.6,2025,9,FP1
0 days 00:59:24.731000,30.4,32.0,1006.1,False,49.9,166,1.5,2025,9,FP1
0 days 01:00:24.732000,30.5,31.0,1006.1,False,49.9,191,1.5,2025,9,FP1
0 days 01:01:24.732000,30.6,32.0,1006.1,False,50.0,125,0.9,2025,9,FP1
0 days 01:02:24.746000,30.7,32.0,1006.1,False,50.1,321,1.3,2025,9,FP1
0 days 01:03:24.746000,30.6,32.0,1005.9,False,50.1,209,1.4,2025,9,FP1
0 days 01:04:24.751000,30.7,32.0,1006.0,False,50.2,108,1.2,2025,9,FP1
0 days 01:05:24.754000,30.8,33.0,1005.9,False,50.2,189,1.1,2025,9,FP1
0 days 01:06:24.753000,30.8,32.0,1006.0,False,50.1,18,0.7,2025,9,FP1
0 days 01:07:24.770000,30.6,31.0,1005.9,False,50.1,269,1.7,2025,9,FP1
0 days 01:08:24.774000,30.8,30.0,1006.0,False,49.8,51,1.2,2025,9,FP1
0 days 01:09:24.781000,30.8,30.0,1005.9,False,49.8,226,0.7,2025,9,FP1
0 days 01:10:24.784000,30.9,29.0,1006.0,False,50.2,20,0.7,2025,9,FP1
0 days 01:11:24.786000,31.0,30.0,1006.0,False,50.2,25,1.8,2025,9,FP1
0 days 01:12:24.792000,31.0,29.0,1005.9,False,49.6,33,2.2,2025,9,FP1
0 days 01:13:24.787000,30.9,30.0,1006.0,False,49.6,22,2.1,2025,9,FP1
0 days 01:14:24.790000,30.8,30.0,1005.9,False,49.7,34,2.4,2025,9,FP1
0 days 01:15:24.819000,30.9,30.0,1005.9,False,49.6,32,2.0,2025,9,FP1
0 days 01:16:24.808000,30.8,31.0,1005.7,False,49.6,34,2.8,2025,9,FP1
0 days 01:17:24.836000,30.8,32.0,1005.9,False,49.2,201,1.8,2025,9,FP1
0 days 01:18:24.852000,30.7,31.0,1005.8,False,49.2,338,1.2,2025,9,FP1
0 days 01:19:24.870000,30.7,30.0,1005.9,False,49.6,0,1.6,2025,9,FP1
0 days 00:00:35.985000,16.1,44.0,1021.1,False,41.4,193,2.0,2025,10,FP1
0 days 00:01:36.019000,16.1,44.0,1021.1,False,41.4,193,2.0,2025,10,FP1
0 days 00:02:36.014000,16.1,43.0,1021.0,False,41.4,190,1.2,2025,10,FP1
0 days 00:03:36.014000,16.0,44.0,1021.1,False,41.4,202,2.6,2025,10,FP1
0 days 00:04:36.002000,16.0,45.0,1021.1,False,41.4,201,3.0,2025,10,FP1
0 days 00:05:36.002000,16.0,44.0,1021.1,False,41.2,199,2.5,2025,10,FP1
0 days 00:06:36.018000,16.0,44.0,1021.1,False,40.6,210,3.0,2025,10,FP1
0 days 00:07:36.050000,16.1,43.0,1021.1,False,40.8,184,2.4,2025,10,FP1
0 days 00:08:36.050000,16.2,44.0,1021.1,False,40.8,193,2.7,2025,10,FP1
0 days 00:09:36.048000,16.4,43.0,1021.0,False,40.0,195,2.3,2025,10,FP1
0 days 00:10:36.073000,16.5,45.0,1021.1,False,40.0,218,2.1,2025,10,FP1
0 days 00:11:36.058000,16.4,45.0,1021.1,False,40.3,240,1.8,2025,10,FP1
0 days 00:12:36.049000,16.3,44.0,1021.0,False,41.0,191,1.7,2025,10,FP1
0 days 00:13:36.065000,16.3,46.0,1021.1,False,41.2,199,2.5,2025,10,FP1
0 days 00:14:36.081000,16.3,44.0,1021.0,False,41.6,203,2.8,2025,10,FP1
0 days 00:15:36.082000,16.4,44.0,1020.9,False,41.6,190,3.1,2025,10,FP1
0 days 00:16:36.066000,16.3,44.0,1021.0,False,41.6,192,2.9,2025,10,FP1
0 days 00:17:36.082000,16.2,45.0,1021.0,False,41.7,204,2.6,2025,10,FP1
0 days 00:18:36.099000,16.2,46.0,1021.0,False,41.7,186,3.2,2025,10,FP1
0 days 00:19:36.084000,16.3,47.0,1021.0,False,42.0,188,2.4,2025,10,FP1
0 days 00:20:36.084000,16.5,45.0,1021.0,False,42.2,204,2.0,2025,10,FP1
0 days 00:21:36.087000,16.6,45.0,1021.1,False,42.2,194,3.0,2025,10,FP1
0 days 00:22:36.088000,16.6,45.0,1021.0,False,42.2,179,1.2,2025,10,FP1
0 days 00:23:36.082000,16.7,42.0,1021.0,False,42.3,202,2.0,2025,10,FP1
0 days 00:24:36.083000,16.7,44.0,1020.9,False,42.4,184,2.0,2025,10,FP1
0 days 00:25:36.083000,16.7,43.0,1021.0,False,42.4,213,1.9,2025,10,FP1
0 days 00:26:36.090000,16.8,44.0,1020.9,False,42.4,204,2.3,2025,10,FP1
0 days 00:27:36.097000,16.8,45.0,1020.9,False,42.5,190,1.4,2025,10,FP1
0 days 00:28:36.097000,16.8,44.0,1021.0,False,42.6,174,0.9,2025,10,FP1
0 days 00:29:36.097000,16.8,41.0,1020.9,False,42.7,189,1.5,2025,10,FP1
0 days 00:30:36.098000,16.7,44.0,1020.9,False,42.5,218,2.6,2025,10,FP1
0 days 00:31:36.098000,16.8,43.0,1020.9,False,42.6,188,1.4,2025,10,FP1
0 days 00:32:36.099000,16.7,43.0,1020.9,False,42.9,221,2.4,2025,10,FP1
0 days 00:33:36.099000,16.6,42.0,1020.9,False,42.8,204,3.1,2025,10,FP1
0 days 00:34:36.084000,16.6,44.0,1020.9,False,42.6,204,2.6,2025,10,FP1
0 days 00:35:36.100000,16.7,44.0,1020.9,False,42.5,216,2.8,2025,10,FP1
0 days 00:36:36.094000,16.6,44.0,1020.9,False,42.6,208,2.8,2025,10,FP1
0 days 00:37:36.095000,16.5,45.0,1020.9,False,42.7,211,2.8,2025,10,FP1
0 days 00:38:36.095000,16.5,46.0,1020.8,False,42.7,191,2.8,2025,10,FP1
0 days 00:39:36.096000,16.5,45.0,1020.9,False,43.0,202,2.7,2025,10,FP1
0 days 00:40:36.087000,16.6,46.0,1020.9,False,43.0,192,1.6,2025,10,FP1
0 days 00:41:36.119000,16.6,43.0,1020.9,False,43.2,249,1.8,2025,10,FP1
0 days 00:42:36.104000,16.7,44.0,1021.0,False,43.2,173,1.1,2025,10,FP1
0 days 00:43:36.104000,16.7,43.0,1020.8,False,43.0,168,1.6,2025,10,FP1
0 days 00:44:36.105000,16.8,44.0,1020.9,False,43.3,165,0.9,2025,10,FP1
0 days 00:45:36.105000,17.0,44.0,1020.9,False,43.3,223,2.0,2025,10,FP1
0 days 00:46:36.106000,17.0,43.0,1020.9,False,43.3,210,2.0,2025,10,FP1
0 days 00:47:36.106000,17.0,43.0,1020.8,False,43.3,251,2.0,2025,10,FP1
0 days 00:48:36.106000,17.1,44.0,1020.8,False,43.1,45,1.0,2025,10,FP1
0 days 00:49:36.091000,17.1,43.0,1020.9,False,43.0,181,2.0,2025,10,FP1
0 days 00:50:36.107000,17.0,42.0,1020.8,False,43.1,203,2.6,2025,10,FP1
0 days 00:51:36.105000,16.9,43.0,1020.7,False,42.9,197,2.4,2025,10,FP1
0 days 00:52:36.105000,16.9,44.0,1020.9,False,42.9,203,2.2,2025,10,FP1
0 days 00:53:36.106000,16.9,43.0,1020.8,False,43.2,197,3.0,2025,10,FP1
0 days 00:54:36.106000,16.9,43.0,1020.8,False,43.2,208,3.1,2025,10,FP1
0 days 00:55:36.122000,16.9,45.0,1020.9,False,43.1,224,2.1,2025,10,FP1
0 days 00:56:36.122000,16.9,44.0,1020.9,False,43.2,244,1.8,2025,10,FP1
0 days 00:57:36.107000,16.9,43.0,1020.9,False,43.4,208,2.4,2025,10,FP1
0 days 00:58:36.108000,17.1,44.0,1020.9,False,43.5,240,1.9,2025,10,FP1
0 days 00:59:36.108000,17.1,43.0,1020.8,False,43.5,228,2.4,2025,10,FP1
0 days 01:00:36.109000,16.9,43.0,1020.8,False,43.5,205,2.5,2025,10,FP1
0 days 01:01:36.125000,16.8,43.0,1020.8,False,43.3,236,2.7,2025,10,FP1
0 days 01:02:36.110000,16.7,43.0,1020.8,False,43.2,209,2.1,2025,10,FP1
0 days 01:03:36.110000,16.7,45.0,1020.7,False,43.3,192,2.0,2025,10,FP1
0 days 01:04:36.142000,16.8,44.0,1020.8,False,43.2,207,2.4,2025,10,FP1
0 days 01:05:36.111000,16.8,44.0,1020.7,False,43.4,214,3.2,2025,10,FP1
0 days 01:06:36.111000,16.7,45.0,1020.8,False,43.4,208,2.9,2025,10,FP1
0 days 01:07:36.112000,16.8,45.0,1020.8,False,43.4,207,2.3,2025,10,FP1
0 days 01:08:36.112000,16.8,45.0,1020.8,False,43.5,227,2.4,2025,10,FP1
0 days 01:09:36.113000,16.8,44.0,1020.7,False,43.6,200,2.6,2025,10,FP1
0 days 01:10:36.113000,16.6,45.0,1020.7,False,43.6,199,2.0,2025,10,FP1
0 days 01:11:36.113000,16.8,43.0,1020.6,False,43.8,178,1.8,2025,10,FP1
0 days 01:12:36.114000,16.9,44.0,1020.7,False,44.0,179,2.1,2025,10,FP1
0 days 01:13:36.120000,17.0,42.0,1020.7,False,44.0,194,1.4,2025,10,FP1
0 days 01:14:36.137000,16.9,43.0,1020.6,False,43.8,213,2.6,2025,10,FP1
0 days 01:15:36.122000,17.0,43.0,1020.7,False,43.8,201,2.0,2025,10,FP1
0 days 01:16:36.129000,17.0,43.0,1020.6,False,44.0,196,1.8,2025,10,FP1
0 days 01:17:36.129000,17.1,42.0,1020.7,False,44.0,189,1.9,2025,10,FP1
0 days 01:18:36.136000,17.2,42.0,1020.8,False,44.0,188,2.8,2025,10,FP1
0 days 01:19:36.127000,17.2,44.0,1020.8,False,44.1,190,2.7,2025,10,FP1
