Time,AirTemp,Humidity,Pressure,Rainfall,TrackTemp,WindDirection,WindSpeed,RACEYEAR,RACENUMBER,SESSIONTYPE
0 days 00:00:54.687000,17.7,47.0,1016.5,False,24.6,1,0.8,2022,1,FP2
0 days 00:01:54.700000,17.7,47.0,1016.5,False,24.6,7,0.7,2022,1,FP2
0 days 00:02:54.701000,17.7,48.0,1016.5,False,24.5,9,1.0,2022,1,FP2
0 days 00:03:54.722000,17.7,48.0,1016.5,False,24.4,3,0.9,2022,1,FP2
0 days 00:04:54.732000,17.6,48.0,1016.5,False,24.4,351,0.6,2022,1,FP2
0 days 00:05:54.751000,17.6,48.0,1016.5,False,24.3,34,0.6,2022,1,FP2
0 days 00:06:54.771000,17.6,48.0,1016.7,False,24.3,352,0.7,2022,1,FP2
0 days 00:07:54.773000,17.7,49.0,1016.7,False,24.3,2,0.7,2022,1,FP2
0 days 00:08:54.772000,17.7,49.0,1016.7,False,24.3,2,0.7,2022,1,FP2
0 days 00:09:54.768000,17.6,49.0,1016.7,False,24.1,359,0.6,2022,1,FP2
0 days 00:10:54.764000,17.6,49.0,1016.7,False,24.1,26,0.5,2022,1,FP2
0 days 00:11:54.772000,17.5,49.0,1016.7,False,24.1,9,0.7,2022,1,FP2
0 days 00:12:54.786000,17.6,49.0,1016.7,False,24.1,31,0.8,2022,1,FP2
0 days 00:13:54.798000,17.6,49.0,1016.7,False,24.0,22,0.7,2022,1,FP2
0 days 00:14:54.800000,17.6,49.0,1016.7,False,24.0,40,0.6,2022,1,FP2
0 days 00:15:54.796000,17.5,49.0,1016.7,False,24.0,40,0.6,2022,1,FP2
0 days 00:16:54.794000,17.5,49.0,1016.7,False,24.0,8,0.6,2022,1,FP2
0 days 00:17:54.794000,17.5,50.0,1016.7,False,24.0,15,0.6,2022,1,FP2
0 days 00:18:54.797000,17.5,50.0,1016.7,False,24.0,17,0.8,2022,1,FP2
0 days 00:19:54.797000,17.5,50.0,1016.7,False,24.0,14,0.6,2022,1,FP2
0 days 00:20:54.797000,17.5,50.0,1016.7,False,23.9,19,0.5,2022,1,FP2
0 days 00:21:54.794000,17.5,49.0,1016.7,False,23.8,19,0.4,2022,1,FP2
0 days 00:22:54.793000,17.5,49.0,1016.7,False,23.7,357,0.7,2022,1,FP2
0 days 00:23:54.794000,17.4,49.0,1016.7,False,23.6,8,0.7,2022,1,FP2
0 days 00:24:54.794000,17.4,49.0,1016.7,False,23.5,4,0.8,2022,1,FP2
0 days 00:25:54.793000,17.4,49.0,1016.7,False,23.6,21,0.8,2022,1,FP2
0 days 00:26:54.794000,17.5,49.0,1016.7,False,23.4,54,0.4,2022,1,FP2
0 days 00:27:54.794000,17.5,49.0,1016.7,False,23.6,8,0.5,2022,1,FP2
0 days 00:28:54.796000,17.5,49.0,1016.7,False,23.6,13,0.4,2022,1,FP2
0 days 00:29:54.796000,17.4,48.0,1016.7,False,23.6,12,0.4,2022,1,FP2
0 days 00:30:54.797000,17.4,48.0,1016.7,False,23.7,43,0.5,2022,1,FP2
0 days 00:31:54.794000,17.5,48.0,1016.7,False,23.6,21,0.4,2022,1,FP2
0 days 00:32:54.795000,17.5,48.0,1016.7,False,23.6,16,0.5,2022,1,FP2
0 days 00:33:54.797000,17.4,48.0,1016.7,False,23.6,351,0.6,2022,1,FP2
0 days 00:34:54.799000,17.4,48.0,1016.7,False,23.4,18,0.6,2022,1,FP2
0 days 00:35:54.805000,17.4,48.0,1016.7,False,23.4,51,0.5,2022,1,FP2
0 days 00:36:54.795000,17.4,48.0,1016.7,False,23.4,15,0.6,2022,1,FP2
0 days 00:37:54.802000,17.4,48.0,1016.9,False,23.2,21,0.6,2022,1,FP2
0 days 00:38:54.794000,17.4,48.0,1016.7,False,23.1,4,0.7,2022,1,FP2
0 days 00:39:54.796000,17.4,48.0,1016.9,False,23.1,357,0.6,2022,1,FP2
0 days 00:40:54.796000,17.4,48.0,1016.9,False,23.1,4,0.6,2022,1,FP2
0 days 00:41:54.795000,17.4,47.0,1017.0,False,23.1,352,0.5,2022,1,FP2
0 days 00:42:54.794000,17.3,47.0,1017.0,False,23.0,48,0.5,2022,1,FP2
0 days 00:43:54.795000,17.4,47.0,1016.7,False,23.0,12,0.6,2022,1,FP2
0 days 00:44:54.802000,17.4,47.0,1016.9,False,23.0,23,0.6,2022,1,FP2
0 days 00:45:54.815000,17.3,47.0,1016.9,False,22.9,20,0.4,2022,1,FP2
0 days 00:46:54.825000,17.4,46.0,1016.7,False,22.9,32,0.8,2022,1,FP2
0 days 00:47:54.832000,17.4,47.0,1016.7,False,22.9,8,0.6,2022,1,FP2
0 days 00:48:54.826000,17.4,47.0,1016.9,False,22.9,30,0.6,2022,1,FP2
0 days 00:49:54.826000,17.4,48.0,1016.9,False,22.8,28,0.6,2022,1,FP2
0 days 00:50:54.840000,17.3,47.0,1016.9,False,22.9,27,0.4,2022,1,FP2
0 days 00:51:54.832000,17.4,47.0,1016.9,False,23.0,19,0.5,2022,1,FP2
0 days 00:52:54.834000,17.4,47.0,1016.9,False,23.0,47,0.8,2022,1,FP2
0 days 00:53:54.860000,17.4,48.0,1016.9,False,23.0,21,0.5,2022,1,FP2
0 days 00:54:54.859000,17.3,48.0,1017.0,False,22.7,359,0.6,2022,1,FP2
0 days 00:55:54.875000,17.3,48.0,1016.9,False,22.8,3,0.6,2022,1,FP2
0 days 00:56:54.909000,17.3,48.0,1016.9,False,22.7,348,0.6,2022,1,FP2
0 days 00:57:54.921000,17.3,48.0,1016.9,False,22.6,13,0.5,2022,1,FP2
0 days 00:58:54.920000,17.4,48.0,1017.0,False,22.6,18,0.4,2022,1,FP2
0 days 00:59:54.924000,17.3,48.0,1016.9,False,22.6,54,0.6,2022,1,FP2
0 days 01:00:54.922000,17.4,48.0,1016.9,False,22.6,18,0.5,2022,1,FP2
0 days 01:01:54.933000,17.4,48.0,1016.7,False,22.6,17,0.3,2022,1,FP2
0 days 01:02:54.924000,17.3,48.0,1016.9,False,22.6,9,0.6,2022,1,FP2
0 days 01:03:54.921000,17.3,48.0,1017.0,False,22.5,10,0.6,2022,1,FP2
0 days 01:04:54.920000,17.3,48.0,1017.0,False,22.5,10,0.6,2022,1,FP2
0 days 01:05:54.919000,17.3,48.0,1016.7,False,22.4,10,0.4,2022,1,FP2
0 days 01:06:54.921000,17.3,48.0,1017.0,False,22.4,17,0.4,2022,1,FP2
0 days 01:07:54.934000,17.4,48.0,1016.9,False,22.4,2,0.3,2022,1,FP2
0 days 01:08:54.920000,17.4,47.0,1017.0,False,22.5,3,0.4,2022,1,FP2
0 days 01:09:54.915000,17.4,47.0,1016.9,False,22.5,22,0.6,2022,1,FP2
0 days 01:10:54.923000,17.3,47.0,1016.9,False,22.4,22,0.5,2022,1,FP2
0 days 01:11:54.932000,17.3,47.0,1016.7,False,22.4,30,0.4,2022,1,FP2
0 days 01:12:54.920000,17.4,47.0,1016.7,False,22.5,11,0.6,2022,1,FP2
0 days 01:13:54.940000,17.4,47.0,1016.9,False,22.5,50,0.3,2022,1,FP2
0 days 01:14:54.920000,17.4,47.0,1016.7,False,22.5,347,0.5,2022,1,FP2
0 days 01:15:54.921000,17.4,47.0,1016.7,False,22.3,7,0.5,2022,1,FP2
0 days 01:16:54.920000,17.3,47.0,1016.9,False,22.2,5,0.3,2022,1,FP2
0 days 01:17:54.920000,17.4,47.0,1016.9,False,22.3,13,0.5,2022,1,FP2
0 days 01:18:54.921000,17.4,47.0,1016.7,False,22.3,18,0.4,2022,1,FP2
0 days 01:19:54.923000,17.4,47.0,1016.7,False,22.2,8,0.4,2022,1,FP2
0 days 01:20:54.921000,17.3,46.0,1017.0,False,22.2,49,0.5,2022,1,FP2
0 days 00:00:52.537000,21.8,55.0,1015.2,False,24.8,341,3.2,2022,2,FP2
0 days 00:01:52.545000,21.9,55.0,1015.0,False,24.9,338,3.5,2022,2,FP2
0 days 00:02:52.553000,21.8,55.0,1015.2,False,24.9,335,3.0,2022,2,FP2
0 days 00:03:52.571000,21.8,55.0,1015.2,False,24.8,329,3.2,2022,2,FP2
0 days 00:04:52.570000,21.8,55.0,1015.2,False,24.8,330,3.5,2022,2,FP2
0 days 00:05:52.603000,21.8,55.0,1015.2,False,24.8,336,2.7,2022,2,FP2
0 days 00:06:52.558000,21.8,55.0,1015.2,False,24.7,314,4.0,2022,2,FP2
0 days 00:07:52.585000,21.8,55.0,1015.2,False,24.8,347,3.0,2022,2,FP2
0 days 00:08:52.603000,21.9,55.0,1015.0,False,24.8,348,2.9,2022,2,FP2
0 days 00:09:52.617000,21.9,55.0,1015.2,False,24.7,344,3.0,2022,2,FP2
0 days 00:10:52.639000,21.9,55.0,1015.2,False,24.7,341,3.4,2022,2,FP2
0 days 00:11:52.651000,21.8,55.0,1015.2,False,24.7,347,3.2,2022,2,FP2
0 days 00:12:52.649000,21.8,55.0,1015.2,False,24.6,331,3.9,2022,2,FP2
0 days 00:13:52.649000,21.8,55.0,1015.2,False,24.6,347,3.2,2022,2,FP2
0 days 00:14:52.650000,21.8,55.0,1015.4,False,24.6,343,2.0,2022,2,FP2
0 days 00:15:52.647000,21.8,55.0,1015.2,False,24.6,297,3.9,2022,2,FP2
0 days 00:16:52.647000,21.8,55.0,1015.2,False,24.6,345,3.4,2022,2,FP2
0 days 00:17:52.647000,21.8,55.0,1015.2,False,24.6,336,3.2,2022,2,FP2
0 days 00:18:52.648000,21.8,55.0,1015.2,False,24.6,353,3.4,2022,2,FP2
0 days 00:19:52.649000,21.9,55.0,1015.4,False,24.6,330,2.9,2022,2,FP2
0 days 00:20:52.646000,21.8,55.0,1015.2,False,24.6,328,3.7,2022,2,FP2
0 days 00:21:52.647000,21.8,55.0,1015.4,False,24.7,330,3.9,2022,2,FP2
0 days 00:22:52.648000,21.8,55.0,1015.2,False,24.6,336,3.7,2022,2,FP2
0 days 00:23:52.647000,21.8,55.0,1015.2,False,24.6,326,3.9,2022,2,FP2
0 days 00:24:52.646000,21.9,55.0,1015.4,False,24.6,329,3.4,2022,2,FP2
0 days 00:25:52.647000,21.8,55.0,1015.4,False,24.6,318,3.5,2022,2,FP2
0 days 00:26:52.649000,21.8,55.0,1015.4,False,24.6,337,3.4,2022,2,FP2
0 days 00:27:52.648000,21.8,55.0,1015.4,False,24.6,338,4.6,2022,2,FP2
0 days 00:28:52.667000,21.8,55.0,1015.4,False,24.5,328,4.0,2022,2,FP2
0 days 00:29:52.687000,21.8,56.0,1015.5,False,24.5,343,3.2,2022,2,FP2
0 days 00:30:52.696000,21.8,56.0,1015.4,False,24.4,318,3.4,2022,2,FP2
0 days 00:31:52.699000,21.8,56.0,1015.5,False,24.4,328,4.5,2022,2,FP2
0 days 00:32:52.702000,21.8,56.0,1015.5,False,24.4,340,4.3,2022,2,FP2
0 days 00:33:52.710000,21.8,56.0,1015.5,False,24.4,328,3.4,2022,2,FP2
0 days 00:34:52.713000,21.8,56.0,1015.5,False,24.4,329,3.5,2022,2,FP2
0 days 00:35:52.725000,21.9,56.0,1015.5,False,24.4,334,3.7,2022,2,FP2
0 days 00:36:52.725000,22.0,56.0,1015.5,False,24.5,11,3.0,2022,2,FP2
0 days 00:37:52.747000,22.0,56.0,1015.5,False,24.5,341,2.2,2022,2,FP2
0 days 00:38:52.746000,21.9,56.0,1015.5,False,24.4,332,3.7,2022,2,FP2
0 days 00:39:52.745000,21.9,56.0,1015.5,False,24.4,322,3.7,2022,2,FP2
0 days 00:40:52.740000,22.0,56.0,1015.5,False,24.4,349,3.0,2022,2,FP2
0 days 00:41:52.745000,22.0,56.0,1015.5,False,24.4,333,3.2,2022,2,FP2
0 days 00:42:52.742000,22.0,56.0,1015.5,False,24.4,346,2.9,2022,2,FP2
0 days 00:43:52.757000,22.0,55.0,1015.5,False,24.3,356,2.5,2022,2,FP2
0 days 00:44:52.766000,22.0,55.0,1015.4,False,24.4,320,2.2,2022,2,FP2
0 days 00:45:52.767000,22.0,56.0,1015.5,False,24.3,344,3.5,2022,2,FP2
0 days 00:46:52.778000,21.9,56.0,1015.5,False,24.3,336,3.4,2022,2,FP2
0 days 00:47:52.777000,21.9,55.0,1015.5,False,24.2,333,4.3,2022,2,FP2
0 days 00:48:52.785000,21.9,56.0,1015.5,False,24.2,328,4.5,2022,2,FP2
0 days 00:49:52.778000,21.8,56.0,1015.5,False,24.1,337,3.2,2022,2,FP2
0 days 00:50:52.789000,21.8,56.0,1015.5,False,24.1,337,3.2,2022,2,FP2
0 days 00:51:52.772000,21.8,56.0,1015.5,False,24.1,348,3.2,2022,2,FP2
0 days 00:52:52.777000,21.7,56.0,1015.4,False,24.1,337,3.5,2022,2,FP2
0 days 00:53:52.773000,21.8,56.0,1015.5,False,24.1,326,3.0,2022,2,FP2
0 days 00:54:52.788000,21.8,56.0,1015.5,False,24.2,335,3.7,2022,2,FP2
0 days 00:55:52.775000,21.8,56.0,1015.5,False,24.2,305,4.0,2022,2,FP2
0 days 00:56:52.776000,21.8,56.0,1015.5,False,24.0,309,3.0,2022,2,FP2
0 days 00:57:52.786000,21.8,56.0,1015.5,False,24.0,337,3.2,2022,2,FP2
0 days 00:58:52.774000,21.8,56.0,1015.5,False,24.2,349,2.7,2022,2,FP2
0 days 00:59:52.789000,21.8,56.0,1015.5,False,24.2,348,2.7,2022,2,FP2
0 days 01:00:52.790000,21.9,56.0,1015.5,False,24.2,343,2.7,2022,2,FP2
0 days 01:01:52.789000,21.9,56.0,1015.5,False,24.1,322,3.9,2022,2,FP2
0 days 01:02:52.789000,21.8,56.0,1015.5,False,24.1,341,3.0,2022,2,FP2
0 days 01:03:52.828000,21.8,56.0,1015.5,False,24.1,345,3.9,2022,2,FP2
0 days 01:04:52.788000,21.9,56.0,1015.5,False,24.1,340,2.5,2022,2,FP2
0 days 01:05:52.797000,21.9,56.0,1015.5,False,24.1,338,2.9,2022,2,FP2
0 days 01:06:52.803000,21.9,56.0,1015.5,False,24.0,345,3.5,2022,2,FP2
0 days 01:07:52.805000,21.9,56.0,1015.5,False,24.0,327,3.0,2022,2,FP2
0 days 01:08:52.821000,21.8,56.0,1015.5,False,24.0,9,2.7,2022,2,FP2
0 days 01:09:52.823000,21.8,56.0,1015.5,False,23.9,333,3.2,2022,2,FP2
0 days 01:10:52.821000,21.7,56.0,1015.5,False,23.9,346,4.5,2022,2,FP2
0 days 01:11:52.811000,21.7,57.0,1015.5,False,23.9,314,4.1,2022,2,FP2
0 days 01:12:52.829000,21.7,57.0,1015.5,False,23.8,353,3.9,2022,2,FP2
0 days 01:13:52.833000,21.7,57.0,1015.5,False,23.9,333,2.5,2022,2,FP2
0 days 01:14:52.837000,21.7,57.0,1015.7,False,23.7,340,3.0,2022,2,FP2
0 days 01:15:52.835000,21.7,57.0,1015.7,False,23.9,344,2.2,2022,2,FP2
0 days 01:16:52.838000,21.8,57.0,1015.5,False,23.9,326,2.7,2022,2,FP2
0 days 01:17:52.840000,21.8,57.0,1015.5,False,23.9,4,2.2,2022,2,FP2
0 days 01:18:52.852000,21.8,57.0,1015.7,False,23.9,333,2.5,2022,2,FP2
0 days 01:19:52.870000,21.8,57.0,1015.7,False,23.9,341,3.2,2022,2,FP2
0 days 01:20:52.867000,21.8,57.0,1015.7,False,24.0,334,2.4,2022,2,FP2
0 days 01:21:52.875000,21.8,57.0,1015.7,False,24.1,316,3.4,2022,2,FP2
0 days 01:22:52.884000,21.8,57.0,1015.7,False,24.1,346,3.4,2022,2,FP2
0 days 01:23:52.897000,21.8,57.0,1015.7,False,23.9,332,2.0,2022,2,FP2
0 days 01:24:52.898000,21.8,57.0,1015.7,False,23.9,328,2.0,2022,2,FP2
0 days 01:25:52.890000,21.8,57.0,1015.7,False,24.0,341,2.7,2022,2,FP2
0 days 01:26:52.898000,21.8,57.0,1015.7,False,23.9,340,3.5,2022,2,FP2
0 days 01:27:52.902000,21.8,57.0,1015.9,False,23.7,330,2.2,2022,2,FP2
0 days 01:28:52.903000,21.8,57.0,1015.7,False,23.7,327,4.0,2022,2,FP2
0 days 01:29:52.900000,21.7,57.0,1015.7,False,23.7,348,3.7,2022,2,FP2
0 days 01:30:52.906000,21.8,57.0,1015.7,False,23.7,332,2.0,2022,2,FP2
0 days 01:31:52.899000,21.7,57.0,1015.7,False,23.7,339,3.7,2022,2,FP2
0 days 01:32:52.908000,21.7,57.0,1015.7,False,23.8,350,4.0,2022,2,FP2
0 days 01:33:52.899000,21.7,57.0,1015.7,False,23.8,317,2.7,2022,2,FP2
0 days 01:34:52.915000,21.7,57.0,1015.7,False,23.8,322,3.2,2022,2,FP2
0 days 01:35:52.900000,21.6,57.0,1015.7,False,23.7,336,3.5,2022,2,FP2
0 days 01:36:52.904000,21.6,57.0,1015.9,False,23.6,348,3.0,2022,2,FP2
0 days 00:00:18.875000,20.9,61.0,1020.0,False,32.3,251,0.5,2022,3,FP2
0 days 00:01:18.879000,21.0,61.0,1020.0,False,32.4,149,0.0,2022,3,FP2
0 days 00:02:18.894000,21.1,61.0,1020.0,False,32.4,149,0.5,2022,3,FP2
0 days 00:03:18.893000,21.1,61.0,1020.0,False,32.4,0,0.8,2022,3,FP2
0 days 00:04:18.908000,21.1,63.0,1020.0,False,31.8,151,0.0,2022,3,FP2
0 days 00:05:18.924000,21.1,63.0,1020.0,False,31.6,257,0.5,2022,3,FP2
0 days 00:06:18.925000,21.2,64.0,1019.9,False,31.5,259,0.6,2022,3,FP2
0 days 00:07:18.939000,21.1,64.0,1020.0,False,31.5,245,0.6,2022,3,FP2
0 days 00:08:18.961000,21.1,65.0,1020.0,False,31.2,269,0.6,2022,3,FP2
0 days 00:09:18.940000,21.1,65.0,1020.0,False,31.0,305,0.3,2022,3,FP2
0 days 00:10:18.956000,21.1,65.0,1020.0,False,30.9,0,0.5,2022,3,FP2
0 days 00:11:18.956000,21.0,65.0,1020.0,False,30.8,0,0.6,2022,3,FP2
0 days 00:12:18.963000,21.0,64.0,1020.0,False,30.7,267,0.6,2022,3,FP2
0 days 00:13:18.956000,20.9,65.0,1020.0,False,30.6,229,0.8,2022,3,FP2
0 days 00:14:18.958000,20.8,65.0,1020.0,False,30.2,321,0.4,2022,3,FP2
0 days 00:15:18.972000,20.8,66.0,1020.0,False,30.2,0,0.0,2022,3,FP2
0 days 00:16:18.952000,20.8,66.0,1020.0,False,30.0,61,0.0,2022,3,FP2
0 days 00:17:18.965000,20.7,66.0,1020.0,False,30.0,0,0.4,2022,3,FP2
0 days 00:18:18.965000,20.7,66.0,1020.0,False,30.0,226,0.4,2022,3,FP2
0 days 00:19:18.955000,20.8,66.0,1020.0,False,29.6,0,0.0,2022,3,FP2
0 days 00:20:18.967000,20.9,67.0,1020.0,False,29.6,125,0.4,2022,3,FP2
0 days 00:21:18.954000,20.9,67.0,1019.9,False,29.8,147,0.8,2022,3,FP2
0 days 00:22:18.962000,20.8,67.0,1020.0,False,30.1,128,0.6,2022,3,FP2
0 days 00:23:18.954000,20.8,67.0,1020.0,False,30.0,114,1.5,2022,3,FP2
0 days 00:24:18.967000,20.8,68.0,1019.9,False,29.7,74,0.5,2022,3,FP2
0 days 00:25:18.955000,20.8,68.0,1019.9,False,29.7,0,0.8,2022,3,FP2
0 days 00:26:18.969000,20.8,67.0,1020.0,False,29.5,95,0.8,2022,3,FP2
0 days 00:27:18.954000,20.8,68.0,1019.9,False,29.3,103,0.8,2022,3,FP2
0 days 00:28:18.953000,20.7,68.0,1019.9,False,29.0,341,1.2,2022,3,FP2
0 days 00:29:18.962000,20.5,68.0,1020.0,False,29.1,0,0.8,2022,3,FP2
0 days 00:30:18.959000,20.5,68.0,1019.9,False,29.1,0,0.8,2022,3,FP2
0 days 00:31:18.963000,20.5,68.0,1019.9,False,29.0,111,1.0,2022,3,FP2
0 days 00:32:18.956000,20.5,68.0,1019.9,False,29.0,131,0.8,2022,3,FP2
0 days 00:33:18.953000,20.5,68.0,1019.9,False,28.9,85,0.8,2022,3,FP2
0 days 00:34:18.953000,20.4,69.0,1019.9,False,28.8,106,0.6,2022,3,FP2
0 days 00:35:18.971000,20.5,69.0,1020.0,False,28.7,133,0.8,2022,3,FP2
0 days 00:36:18.961000,20.4,70.0,1019.9,False,28.6,142,1.0,2022,3,FP2
0 days 00:37:18.953000,20.4,70.0,1019.9,False,28.5,109,0.8,2022,3,FP2
0 days 00:38:18.972000,20.4,70.0,1019.9,False,28.5,133,1.2,2022,3,FP2
0 days 00:39:18.987000,20.4,71.0,1019.9,False,28.5,111,1.3,2022,3,FP2
0 days 00:40:19.008000,20.4,70.0,1019.9,False,28.5,126,1.3,2022,3,FP2
0 days 00:41:19.002000,20.5,69.0,1019.7,False,29.0,78,0.8,2022,3,FP2
0 days 00:42:19.014000,20.5,69.0,1019.7,False,29.0,107,1.0,2022,3,FP2
0 days 00:43:19.001000,20.5,69.0,1019.7,False,29.1,322,0.4,2022,3,FP2
0 days 00:44:19.001000,20.4,68.0,1019.7,False,29.5,143,1.1,2022,3,FP2
0 days 00:45:19.021000,20.4,67.0,1019.7,False,29.6,123,1.2,2022,3,FP2
0 days 00:46:19.019000,20.4,67.0,1019.7,False,29.5,0,1.5,2022,3,FP2
0 days 00:47:19.033000,20.4,66.0,1019.7,False,29.5,117,1.2,2022,3,FP2
0 days 00:48:19.089000,20.5,66.0,1019.7,False,29.3,127,1.0,2022,3,FP2
0 days 00:49:19.076000,20.6,66.0,1019.7,False,29.5,0,1.0,2022,3,FP2
0 days 00:50:19.079000,20.7,66.0,1019.7,False,29.5,114,0.4,2022,3,FP2
0 days 00:51:19.080000,20.8,65.0,1019.7,False,29.4,0,1.2,2022,3,FP2
0 days 00:52:19.100000,20.8,65.0,1019.7,False,29.4,0,0.8,2022,3,FP2
0 days 00:53:19.080000,20.8,64.0,1019.7,False,29.1,0,0.6,2022,3,FP2
0 days 00:54:19.081000,20.8,65.0,1019.7,False,29.1,127,0.5,2022,3,FP2
0 days 00:55:19.077000,20.8,65.0,1019.7,False,29.1,129,1.0,2022,3,FP2
0 days 00:56:19.098000,20.9,64.0,1019.7,False,29.1,0,1.0,2022,3,FP2
0 days 00:57:19.081000,20.9,65.0,1019.7,False,29.1,109,0.5,2022,3,FP2
0 days 00:58:19.077000,20.9,64.0,1019.7,False,28.7,0,1.6,2022,3,FP2
0 days 00:59:19.081000,20.8,66.0,1019.7,False,28.5,154,0.8,2022,3,FP2
0 days 01:00:19.081000,20.8,65.0,1019.7,False,28.5,127,0.6,2022,3,FP2
0 days 01:01:19.079000,20.9,65.0,1019.7,False,28.6,146,0.6,2022,3,FP2
0 days 01:02:19.079000,20.9,65.0,1019.7,False,28.7,0,1.2,2022,3,FP2
0 days 01:03:19.080000,20.9,66.0,1019.7,False,28.7,125,0.6,2022,3,FP2
0 days 01:04:19.078000,20.9,65.0,1019.7,False,28.7,113,1.0,2022,3,FP2
0 days 01:05:19.079000,20.9,65.0,1019.7,False,28.8,0,1.6,2022,3,FP2
0 days 01:06:19.079000,20.9,64.0,1019.7,False,28.4,133,0.6,2022,3,FP2
0 days 01:07:19.078000,20.9,64.0,1019.7,False,28.0,151,1.2,2022,3,FP2
0 days 01:08:19.079000,20.9,66.0,1019.7,False,28.0,127,0.8,2022,3,FP2
0 days 01:09:19.099000,20.9,65.0,1019.7,False,27.9,121,0.8,2022,3,FP2
0 days 01:10:19.080000,20.9,66.0,1019.7,False,27.8,133,1.0,2022,3,FP2
0 days 01:11:19.079000,20.9,65.0,1019.7,False,28.1,129,1.8,2022,3,FP2
0 days 01:12:19.099000,20.9,65.0,1019.7,False,28.6,157,1.1,2022,3,FP2
0 days 01:13:19.080000,20.9,65.0,1019.7,False,28.5,0,1.0,2022,3,FP2
0 days 01:14:19.097000,21.0,65.0,1019.7,False,28.5,107,0.5,2022,3,FP2
0 days 01:15:19.105000,20.9,65.0,1019.7,False,28.3,103,0.4,2022,3,FP2
0 days 01:16:19.091000,20.9,65.0,1019.7,False,28.3,93,0.8,2022,3,FP2
0 days 01:17:19.079000,21.0,65.0,1019.7,False,28.2,111,1.2,2022,3,FP2
0 days 01:18:19.081000,21.0,66.0,1019.7,False,28.0,146,1.0,2022,3,FP2
0 days 00:00:29.575000,19.1,52.0,1003.0,False,31.3,262,2.5,2022,4,FP2
0 days 00:01:29.578000,19.2,50.0,1003.0,False,31.5,226,2.7,2022,4,FP2
0 days 00:02:29.574000,19.2,50.0,1003.0,False,31.4,261,3.0,2022,4,FP2
0 days 00:03:29.577000,19.2,49.0,1003.0,False,31.3,255,2.7,2022,4,FP2
0 days 00:04:29.577000,19.2,49.0,1003.0,False,31.1,264,2.7,2022,4,FP2
0 days 00:05:29.578000,19.2,49.0,1003.0,False,31.1,253,3.0,2022,4,FP2
0 days 00:06:29.577000,19.1,50.0,1003.0,False,31.0,245,2.2,2022,4,FP2
0 days 00:07:29.575000,19.1,52.0,1003.0,False,31.0,261,3.0,2022,4,FP2
0 days 00:08:29.583000,19.1,50.0,1003.2,False,31.0,246,3.0,2022,4,FP2
0 days 00:09:29.574000,19.1,51.0,1003.2,False,31.0,272,2.7,2022,4,FP2
0 days 00:10:29.576000,19.1,51.0,1003.2,False,31.0,270,2.5,2022,4,FP2
0 days 00:11:29.575000,19.1,51.0,1003.2,False,31.6,266,1.7,2022,4,FP2
0 days 00:12:29.575000,19.1,49.0,1003.2,False,31.4,247,3.2,2022,4,FP2
0 days 00:13:29.575000,19.0,50.0,1003.2,False,31.0,259,2.4,2022,4,FP2
0 days 00:14:29.581000,19.2,49.0,1003.2,False,30.8,248,2.5,2022,4,FP2
0 days 00:15:29.579000,19.2,50.0,1003.2,False,31.0,163,2.2,2022,4,FP2
0 days 00:16:29.583000,19.1,49.0,1003.2,False,31.0,186,1.5,2022,4,FP2
0 days 00:17:29.579000,19.1,48.0,1003.2,False,31.0,202,2.4,2022,4,FP2
0 days 00:18:29.583000,19.1,48.0,1003.0,False,31.4,276,2.4,2022,4,FP2
0 days 00:19:29.578000,19.1,49.0,1003.2,False,31.5,244,2.7,2022,4,FP2
0 days 00:20:29.582000,19.2,49.0,1003.2,False,31.2,255,3.5,2022,4,FP2
0 days 00:21:29.570000,19.2,48.0,1003.2,False,31.0,228,2.7,2022,4,FP2
0 days 00:22:29.578000,19.1,48.0,1003.2,False,31.3,227,1.7,2022,4,FP2
0 days 00:23:29.576000,19.1,49.0,1003.2,False,31.4,246,3.2,2022,4,FP2
0 days 00:24:29.576000,19.2,48.0,1003.2,False,31.4,208,3.4,2022,4,FP2
0 days 00:25:29.587000,19.1,47.0,1003.2,False,31.2,170,1.2,2022,4,FP2
0 days 00:26:29.582000,19.0,48.0,1003.2,False,31.2,190,1.5,2022,4,FP2
0 days 00:27:29.686000,18.9,48.0,1003.2,False,31.0,229,2.7,2022,4,FP2
0 days 00:28:29.581000,18.9,47.0,1003.2,False,30.9,250,2.4,2022,4,FP2
0 days 00:29:29.574000,18.8,48.0,1003.4,False,30.9,102,2.5,2022,4,FP2
0 days 00:30:29.576000,18.8,48.0,1003.0,False,30.9,0,2.2,2022,4,FP2
0 days 00:31:30.178000,18.9,49.0,1003.2,False,31.0,108,0.8,2022,4,FP2
0 days 00:32:29.577000,19.0,49.0,1003.2,False,30.9,291,0.8,2022,4,FP2
0 days 00:33:29.575000,19.1,48.0,1003.2,False,31.0,90,2.0,2022,4,FP2
0 days 00:34:29.577000,19.0,48.0,1003.2,False,31.0,99,2.5,2022,4,FP2
0 days 00:35:29.572000,19.2,49.0,1003.2,False,31.2,354,1.3,2022,4,FP2
0 days 00:36:29.576000,19.3,48.0,1003.2,False,31.0,102,1.8,2022,4,FP2
0 days 00:37:29.575000,19.2,48.0,1003.2,False,31.0,242,2.4,2022,4,FP2
0 days 00:38:29.579000,19.3,48.0,1003.2,False,31.0,200,2.5,2022,4,FP2
0 days 00:39:29.576000,19.4,48.0,1003.2,False,31.2,223,2.0,2022,4,FP2
0 days 00:40:29.589000,19.2,48.0,1003.2,False,31.2,268,1.7,2022,4,FP2
0 days 00:41:29.577000,19.3,50.0,1003.0,False,31.0,253,1.7,2022,4,FP2
0 days 00:42:29.576000,19.4,48.0,1003.2,False,31.2,262,1.2,2022,4,FP2
0 days 00:43:29.574000,19.3,49.0,1003.2,False,31.1,312,1.7,2022,4,FP2
0 days 00:44:29.578000,19.2,48.0,1003.0,False,31.1,232,1.2,2022,4,FP2
0 days 00:45:29.575000,19.3,48.0,1003.0,False,30.8,232,2.7,2022,4,FP2
0 days 00:46:29.577000,19.2,48.0,1003.0,False,30.7,227,2.2,2022,4,FP2
0 days 00:47:29.568000,19.3,49.0,1003.0,False,30.6,244,2.0,2022,4,FP2
0 days 00:48:29.578000,19.2,48.0,1003.0,False,30.5,233,3.9,2022,4,FP2
0 days 00:49:29.580000,19.1,48.0,1003.0,False,30.4,229,1.6,2022,4,FP2
0 days 00:50:29.577000,19.1,48.0,1003.0,False,30.3,238,1.7,2022,4,FP2
0 days 00:51:29.578000,19.1,49.0,1003.2,False,30.4,358,1.7,2022,4,FP2
0 days 00:52:29.580000,19.3,50.0,1003.0,False,30.7,249,1.7,2022,4,FP2
0 days 00:53:29.578000,19.3,49.0,1003.0,False,30.7,179,3.4,2022,4,FP2
0 days 00:54:29.577000,19.3,49.0,1003.2,False,30.7,246,3.0,2022,4,FP2
0 days 00:55:29.578000,19.3,48.0,1003.0,False,30.5,245,3.7,2022,4,FP2
0 days 00:56:29.584000,19.3,48.0,1003.0,False,30.5,243,3.9,2022,4,FP2
0 days 00:57:29.615000,19.3,48.0,1003.2,False,30.4,347,3.2,2022,4,FP2
0 days 00:58:29.578000,19.3,48.0,1003.2,False,30.4,253,1.8,2022,4,FP2
0 days 00:59:29.586000,19.4,48.0,1003.2,False,30.4,243,1.7,2022,4,FP2
0 days 01:00:29.581000,19.3,48.0,1003.2,False,30.7,207,2.4,2022,4,FP2
0 days 01:01:29.585000,19.3,48.0,1003.2,False,30.5,236,2.0,2022,4,FP2
0 days 01:02:29.576000,19.3,48.0,1003.2,False,30.5,245,2.4,2022,4,FP2
0 days 01:03:29.575000,19.4,47.0,1003.2,False,30.5,234,2.2,2022,4,FP2
0 days 01:04:29.579000,19.3,47.0,1003.2,False,30.7,252,2.9,2022,4,FP2
0 days 01:05:29.575000,19.4,47.0,1003.2,False,30.7,313,2.4,2022,4,FP2
0 days 01:06:29.566000,19.4,47.0,1003.2,False,30.6,258,1.2,2022,4,FP2
0 days 01:07:29.581000,19.5,47.0,1003.0,False,30.7,20,1.2,2022,4,FP2
0 days 01:08:29.576000,19.6,47.0,1003.2,False,30.6,130,0.8,2022,4,FP2
0 days 01:09:29.575000,19.6,46.0,1003.2,False,30.6,239,2.0,2022,4,FP2
0 days 01:10:29.572000,19.6,46.0,1003.0,False,30.5,84,0.8,2022,4,FP2
0 days 01:11:29.568000,19.5,47.0,1003.0,False,30.5,241,1.2,2022,4,FP2
0 days 01:12:29.576000,19.5,47.0,1003.2,False,30.6,288,1.7,2022,4,FP2
0 days 01:13:29.581000,19.6,47.0,1003.0,False,31.0,242,2.0,2022,4,FP2
0 days 01:14:29.587000,19.5,46.0,1003.2,False,30.5,0,1.7,2022,4,FP2
0 days 01:15:29.578000,19.5,47.0,1003.0,False,30.4,276,0.6,2022,4,FP2
0 days 01:16:29.579000,19.6,47.0,1003.0,False,30.3,116,1.2,2022,4,FP2
0 days 01:17:29.580000,19.5,48.0,1003.0,False,30.4,79,2.2,2022,4,FP2
0 days 01:18:29.582000,19.5,47.0,1003.0,False,30.5,33,2.9,2022,4,FP2
0 days 01:19:29.576000,19.5,47.0,1003.0,False,30.5,102,1.8,2022,4,FP2
0 days 01:20:29.574000,19.5,48.0,1003.0,False,30.5,77,2.2,2022,4,FP2
0 days 01:21:29.574000,19.5,49.0,1003.0,False,30.5,251,1.5,2022,4,FP2
0 days 01:22:29.592000,19.6,48.0,1003.0,False,30.5,254,3.0,2022,4,FP2
0 days 00:00:23.509000,32.0,57.0,1011.4,False,41.4,175,3.9,2022,5,FP2
0 days 00:01:23.509000,32.0,58.0,1011.4,False,41.5,160,3.0,2022,5,FP2
0 days 00:02:23.511000,32.0,57.0,1011.4,False,42.0,153,2.9,2022,5,FP2
0 days 00:03:23.510000,32.2,56.0,1011.4,False,43.5,170,2.4,2022,5,FP2
0 days 00:04:23.512000,32.2,56.0,1011.5,False,44.0,136,2.9,2022,5,FP2
0 days 00:05:23.510000,32.3,56.0,1011.5,False,43.7,161,2.7,2022,5,FP2
0 days 00:06:23.517000,32.5,56.0,1011.4,False,43.3,143,2.0,2022,5,FP2
0 days 00:07:23.508000,32.5,56.0,1011.4,False,43.3,131,2.7,2022,5,FP2
0 days 00:08:23.513000,32.5,56.0,1011.4,False,43.2,174,2.2,2022,5,FP2
0 days 00:09:23.509000,32.5,57.0,1011.4,False,42.4,168,3.5,2022,5,FP2
0 days 00:10:23.508000,32.4,58.0,1011.4,False,42.5,145,2.5,2022,5,FP2
0 days 00:11:23.509000,32.3,57.0,1011.4,False,42.9,160,2.2,2022,5,FP2
0 days 00:12:23.509000,32.3,56.0,1011.4,False,42.8,160,2.2,2022,5,FP2
0 days 00:13:23.508000,32.3,56.0,1011.4,False,42.2,162,2.9,2022,5,FP2
0 days 00:14:23.515000,32.2,58.0,1011.5,False,41.3,138,2.2,2022,5,FP2
0 days 00:15:23.525000,32.0,57.0,1011.4,False,41.2,164,3.2,2022,5,FP2
0 days 00:16:23.541000,32.0,58.0,1011.4,False,41.1,168,2.2,2022,5,FP2
0 days 00:17:23.556000,31.9,58.0,1011.5,False,41.0,160,2.2,2022,5,FP2
0 days 00:18:23.574000,31.8,58.0,1011.4,False,41.0,187,2.4,2022,5,FP2
0 days 00:19:23.571000,31.9,57.0,1011.4,False,41.1,161,2.5,2022,5,FP2
0 days 00:20:23.609000,32.0,57.0,1011.4,False,41.6,183,2.5,2022,5,FP2
0 days 00:21:23.618000,32.1,58.0,1011.5,False,41.9,171,2.5,2022,5,FP2
0 days 00:22:23.619000,32.1,58.0,1011.4,False,42.0,160,3.0,2022,5,FP2
0 days 00:23:23.619000,32.2,57.0,1011.4,False,42.5,177,1.8,2022,5,FP2
0 days 00:24:23.618000,32.3,57.0,1011.4,False,42.1,181,2.2,2022,5,FP2
0 days 00:25:23.634000,32.5,56.0,1011.4,False,41.7,198,1.6,2022,5,FP2
0 days 00:26:23.637000,32.6,55.0,1011.5,False,41.7,133,1.2,2022,5,FP2
0 days 00:27:23.635000,32.6,55.0,1011.5,False,41.9,152,0.5,2022,5,FP2
0 days 00:28:23.633000,32.8,55.0,1011.5,False,42.4,347,0.5,2022,5,FP2
0 days 00:29:23.634000,33.0,53.0,1011.5,False,42.8,0,0.5,2022,5,FP2
0 days 00:30:23.652000,32.9,53.0,1011.5,False,42.5,2,0.8,2022,5,FP2
0 days 00:31:23.647000,32.9,52.0,1011.5,False,42.5,163,1.3,2022,5,FP2
0 days 00:32:23.625000,32.8,51.0,1011.5,False,42.5,36,1.0,2022,5,FP2
0 days 00:33:23.637000,33.1,49.0,1011.5,False,43.4,19,0.8,2022,5,FP2
0 days 00:34:23.645000,33.2,46.0,1011.5,False,43.9,173,0.8,2022,5,FP2
0 days 00:35:23.635000,33.3,47.0,1011.5,False,43.9,182,1.2,2022,5,FP2
0 days 00:36:23.635000,33.2,47.0,1011.5,False,43.2,166,1.3,2022,5,FP2
0 days 00:37:23.634000,33.2,47.0,1011.4,False,42.6,150,0.8,2022,5,FP2
0 days 00:38:23.646000,33.2,44.0,1011.5,False,42.9,96,0.8,2022,5,FP2
0 days 00:39:23.637000,33.3,42.0,1011.5,False,42.9,72,1.2,2022,5,FP2
0 days 00:40:23.636000,33.3,42.0,1011.5,False,43.3,96,1.7,2022,5,FP2
0 days 00:41:23.635000,33.4,43.0,1011.4,False,43.2,175,1.0,2022,5,FP2
0 days 00:42:23.832000,33.5,42.0,1011.5,False,43.1,228,0.6,2022,5,FP2
0 days 00:43:23.648000,33.5,41.0,1011.5,False,42.9,324,0.5,2022,5,FP2
0 days 00:44:23.637000,33.5,40.0,1011.5,False,43.0,346,0.6,2022,5,FP2
0 days 00:45:23.635000,33.6,39.0,1011.5,False,43.0,91,1.7,2022,5,FP2
0 days 00:46:23.637000,33.7,39.0,1011.4,False,43.0,355,1.3,2022,5,FP2
0 days 00:47:23.637000,33.8,39.0,1011.5,False,42.7,347,1.5,2022,5,FP2
0 days 00:48:23.649000,33.7,39.0,1011.5,False,42.6,286,0.4,2022,5,FP2
0 days 00:49:23.670000,33.9,38.0,1011.5,False,43.1,236,0.6,2022,5,FP2
0 days 00:50:23.687000,33.9,38.0,1011.5,False,43.2,0,0.5,2022,5,FP2
0 days 00:51:23.681000,33.9,38.0,1011.5,False,42.4,359,1.0,2022,5,FP2
0 days 00:52:23.704000,34.0,38.0,1011.4,False,42.3,320,1.3,2022,5,FP2
0 days 00:53:23.735000,34.0,38.0,1011.4,False,42.5,283,1.6,2022,5,FP2
0 days 00:54:23.729000,34.1,38.0,1011.5,False,42.6,327,0.8,2022,5,FP2
0 days 00:55:23.729000,33.9,38.0,1011.4,False,42.6,20,1.2,2022,5,FP2
0 days 00:56:23.745000,33.9,38.0,1011.4,False,42.0,0,1.0,2022,5,FP2
0 days 00:57:23.767000,33.9,39.0,1011.4,False,42.0,347,0.3,2022,5,FP2
0 days 00:58:23.762000,33.8,39.0,1011.2,False,41.8,206,1.2,2022,5,FP2
0 days 00:59:23.759000,33.5,40.0,1011.4,False,41.4,120,0.6,2022,5,FP2
0 days 01:00:23.763000,33.5,40.0,1011.5,False,41.4,134,0.5,2022,5,FP2
0 days 01:01:23.761000,33.7,41.0,1011.2,False,40.2,159,0.8,2022,5,FP2
0 days 01:02:23.769000,33.5,41.0,1011.4,False,39.8,135,1.2,2022,5,FP2
0 days 01:03:23.760000,33.3,43.0,1011.4,False,39.3,104,0.8,2022,5,FP2
0 days 01:04:23.762000,33.3,43.0,1011.4,False,38.9,98,0.6,2022,5,FP2
0 days 01:05:23.763000,33.3,42.0,1011.5,False,38.8,81,0.5,2022,5,FP2
0 days 01:06:23.775000,33.3,41.0,1011.4,False,38.9,111,1.2,2022,5,FP2
0 days 01:07:23.761000,33.2,41.0,1011.4,False,39.6,143,1.3,2022,5,FP2
0 days 01:08:23.769000,33.2,41.0,1011.4,False,39.6,146,1.1,2022,5,FP2
0 days 01:09:23.764000,33.1,41.0,1011.5,False,39.3,179,1.2,2022,5,FP2
0 days 01:10:23.769000,33.2,43.0,1011.5,False,39.3,318,1.2,2022,5,FP2
0 days 01:11:23.769000,33.3,42.0,1011.5,False,39.7,313,0.8,2022,5,FP2
0 days 01:12:23.768000,33.4,41.0,1011.5,False,40.0,338,1.2,2022,5,FP2
0 days 01:13:23.772000,33.5,40.0,1011.5,False,40.1,278,1.2,2022,5,FP2
0 days 01:14:23.762000,33.6,40.0,1011.5,False,40.6,8,1.3,2022,5,FP2
0 days 01:15:23.762000,33.7,40.0,1011.5,False,40.6,247,1.6,2022,5,FP2
0 days 01:16:23.762000,33.7,39.0,1011.7,False,40.2,0,0.6,2022,5,FP2
0 days 01:17:23.763000,33.7,39.0,1011.5,False,40.1,335,0.3,2022,5,FP2
0 days 01:18:23.770000,33.6,39.0,1011.7,False,40.0,20,1.3,2022,5,FP2
0 days 01:19:23.761000,33.6,39.0,1011.7,False,40.0,39,0.8,2022,5,FP2
0 days 01:20:23.762000,33.5,39.0,1011.7,False,40.0,88,1.2,2022,5,FP2
0 days 01:21:23.762000,33.4,39.0,1011.7,False,39.5,15,1.2,2022,5,FP2
0 days 00:00:03.336000,31.1,31.0,1008.5,False,45.2,170,4.0,2022,6,FP2
0 days 00:01:03.332000,31.1,29.0,1008.7,False,45.2,181,3.2,2022,6,FP2
0 days 00:02:03.333000,30.9,30.0,1008.5,False,45.1,176,4.0,2022,6,FP2
0 days 00:03:03.333000,30.9,28.0,1008.5,False,45.1,182,2.7,2022,6,FP2
0 days 00:04:03.333000,30.9,29.0,1008.7,False,45.1,162,3.5,2022,6,FP2
0 days 00:05:03.356000,30.9,30.0,1008.7,False,45.1,192,3.9,2022,6,FP2
0 days 00:06:03.438000,30.8,28.0,1008.7,False,45.4,196,2.7,2022,6,FP2
0 days 00:07:03.334000,30.9,29.0,1008.7,False,45.4,183,3.5,2022,6,FP2
0 days 00:08:03.333000,31.0,30.0,1008.7,False,45.3,173,2.5,2022,6,FP2
0 days 00:09:03.335000,30.9,28.0,1008.7,False,45.1,189,3.2,2022,6,FP2
0 days 00:10:03.333000,30.8,28.0,1008.7,False,45.3,160,3.9,2022,6,FP2
0 days 00:11:03.333000,30.8,28.0,1008.7,False,45.2,181,3.7,2022,6,FP2
0 days 00:12:03.337000,30.7,28.0,1008.5,False,45.1,171,3.2,2022,6,FP2
0 days 00:13:03.350000,30.7,28.0,1008.7,False,45.2,178,3.5,2022,6,FP2
0 days 00:14:03.348000,30.7,28.0,1008.5,False,45.2,186,2.9,2022,6,FP2
0 days 00:15:03.350000,30.8,29.0,1008.7,False,44.9,177,2.7,2022,6,FP2
0 days 00:16:03.366000,30.7,27.0,1008.5,False,44.9,161,3.4,2022,6,FP2
0 days 00:17:03.372000,30.8,28.0,1008.7,False,44.9,175,3.4,2022,6,FP2
0 days 00:18:03.364000,30.7,29.0,1008.7,False,44.8,169,3.5,2022,6,FP2
0 days 00:19:03.364000,30.8,29.0,1008.7,False,44.3,166,2.5,2022,6,FP2
0 days 00:20:03.384000,30.9,27.0,1008.7,False,44.3,195,3.5,2022,6,FP2
0 days 00:21:03.385000,31.0,27.0,1008.7,False,45.1,173,3.5,2022,6,FP2
0 days 00:22:03.382000,31.0,28.0,1008.5,False,45.1,197,3.5,2022,6,FP2
0 days 00:23:03.397000,31.0,26.0,1008.7,False,44.6,171,3.2,2022,6,FP2
0 days 00:24:03.424000,31.0,26.0,1008.5,False,44.4,164,3.9,2022,6,FP2
0 days 00:25:03.440000,30.9,27.0,1008.7,False,44.5,174,3.7,2022,6,FP2
0 days 00:26:03.412000,30.8,27.0,1008.7,False,44.5,167,2.7,2022,6,FP2
0 days 00:27:03.431000,30.9,28.0,1008.7,False,44.5,35,1.6,2022,6,FP2
0 days 00:28:03.460000,30.8,27.0,1008.7,False,44.8,169,1.8,2022,6,FP2
0 days 00:29:03.448000,30.8,26.0,1008.5,False,44.5,161,3.2,2022,6,FP2
0 days 00:30:03.461000,30.8,27.0,1008.7,False,44.2,167,2.9,2022,6,FP2
0 days 00:31:03.461000,30.7,27.0,1008.7,False,44.4,148,2.2,2022,6,FP2
0 days 00:32:03.462000,30.8,27.0,1008.7,False,44.5,178,1.8,2022,6,FP2
0 days 00:33:03.460000,30.9,27.0,1008.7,False,44.3,167,3.2,2022,6,FP2
0 days 00:34:03.475000,31.0,28.0,1008.5,False,44.2,159,3.0,2022,6,FP2
0 days 00:35:03.467000,30.9,27.0,1008.7,False,44.0,192,2.5,2022,6,FP2
0 days 00:36:03.463000,30.9,27.0,1008.7,False,44.0,190,2.5,2022,6,FP2
0 days 00:37:03.463000,30.8,27.0,1008.7,False,44.0,156,3.0,2022,6,FP2
0 days 00:38:03.460000,30.9,27.0,1008.7,False,44.0,165,2.7,2022,6,FP2
0 days 00:39:03.525000,30.8,28.0,1008.7,False,44.0,159,3.2,2022,6,FP2
0 days 00:40:03.461000,30.8,28.0,1008.7,False,44.0,167,2.7,2022,6,FP2
0 days 00:41:03.460000,30.8,27.0,1008.5,False,43.8,174,4.4,2022,6,FP2
0 days 00:42:03.462000,30.8,28.0,1008.7,False,43.4,163,3.4,2022,6,FP2
0 days 00:43:03.462000,30.8,28.0,1008.5,False,43.4,173,3.0,2022,6,FP2
0 days 00:44:03.465000,30.8,27.0,1008.7,False,43.2,163,3.5,2022,6,FP2
0 days 00:45:03.466000,30.9,27.0,1008.7,False,43.4,175,3.0,2022,6,FP2
0 days 00:46:03.495000,30.8,28.0,1008.7,False,43.3,159,2.7,2022,6,FP2
0 days 00:47:03.508000,30.7,28.0,1008.7,False,43.3,161,4.0,2022,6,FP2
0 days 00:48:03.508000,30.6,28.0,1008.5,False,43.3,188,3.5,2022,6,FP2
0 days 00:49:03.508000,30.6,28.0,1008.7,False,43.0,175,3.7,2022,6,FP2
0 days 00:50:03.511000,30.4,27.0,1008.7,False,43.0,173,3.7,2022,6,FP2
0 days 00:51:03.507000,30.5,28.0,1008.5,False,43.0,169,3.2,2022,6,FP2
0 days 00:52:03.510000,30.5,27.0,1008.5,False,42.9,194,3.0,2022,6,FP2
0 days 00:53:03.510000,30.5,27.0,1008.5,False,42.9,164,3.9,2022,6,FP2
0 days 00:54:03.499000,30.6,27.0,1008.5,False,42.8,152,3.5,2022,6,FP2
0 days 00:55:03.533000,30.5,28.0,1008.5,False,42.5,161,2.7,2022,6,FP2
0 days 00:56:03.539000,30.5,28.0,1008.5,False,42.7,187,4.4,2022,6,FP2
0 days 00:57:03.541000,30.6,27.0,1008.5,False,42.8,174,4.0,2022,6,FP2
0 days 00:58:03.547000,30.6,27.0,1008.5,False,42.8,167,2.9,2022,6,FP2
0 days 00:59:03.575000,30.6,28.0,1008.5,False,42.7,156,4.1,2022,6,FP2
0 days 01:00:03.586000,30.6,28.0,1008.5,False,42.7,191,3.2,2022,6,FP2
0 days 01:01:03.592000,30.6,28.0,1008.5,False,42.7,161,2.7,2022,6,FP2
0 days 01:02:03.581000,30.5,28.0,1008.5,False,42.5,150,1.7,2022,6,FP2
0 days 01:03:03.590000,30.5,28.0,1008.5,False,42.6,143,1.5,2022,6,FP2
0 days 01:04:03.588000,30.6,27.0,1008.5,False,42.8,91,1.2,2022,6,FP2
0 days 01:05:03.589000,30.7,27.0,1008.5,False,43.1,155,1.1,2022,6,FP2
0 days 01:06:03.593000,30.8,27.0,1008.5,False,43.1,176,2.0,2022,6,FP2
0 days 01:07:03.589000,30.8,27.0,1008.5,False,42.8,153,1.7,2022,6,FP2
0 days 01:08:03.588000,30.7,28.0,1008.5,False,42.7,160,2.2,2022,6,FP2
0 days 01:09:03.598000,30.8,27.0,1008.5,False,42.5,157,2.5,2022,6,FP2
0 days 01:10:03.593000,30.5,27.0,1008.5,False,42.5,0,1.3,2022,6,FP2
0 days 01:11:03.590000,30.5,27.0,1008.5,False,42.3,121,1.7,2022,6,FP2
0 days 01:12:03.592000,30.6,27.0,1008.5,False,42.3,161,1.2,2022,6,FP2
0 days 01:13:03.591000,30.6,27.0,1008.5,False,42.4,170,2.5,2022,6,FP2
0 days 01:14:03.590000,30.6,27.0,1008.5,False,42.6,326,1.7,2022,6,FP2
0 days 01:15:03.594000,30.6,27.0,1008.5,False,42.5,173,0.6,2022,6,FP2
0 days 01:16:03.598000,30.6,27.0,1008.5,False,42.3,174,0.6,2022,6,FP2
0 days 01:17:03.589000,30.7,27.0,1008.4,False,42.3,165,1.0,2022,6,FP2
0 days 01:18:03.596000,30.8,27.0,1008.5,False,42.0,187,1.7,2022,6,FP2
0 days 01:19:03.588000,30.7,27.0,1008.4,False,42.0,171,2.5,2022,6,FP2
0 days 01:20:03.590000,30.7,27.0,1008.5,False,42.2,137,2.7,2022,6,FP2
0 days 01:21:03.590000,30.7,27.0,1008.5,False,41.5,155,1.5,2022,6,FP2
0 days 00:00:15.736000,30.7,29.0,1013.4,False,53.4,240,0.8,2022,7,FP2
0 days 00:01:15.768000,30.7,29.0,1013.2,False,53.4,277,0.3,2022,7,FP2
0 days 00:02:15.778000,30.7,28.0,1013.2,False,53.6,257,0.0,2022,7,FP2
0 days 00:03:15.794000,30.7,27.0,1013.2,False,53.6,274,0.4,2022,7,FP2
0 days 00:04:15.798000,30.7,27.0,1013.2,False,53.5,214,0.5,2022,7,FP2
0 days 00:05:15.811000,30.8,28.0,1013.2,False,53.1,227,0.5,2022,7,FP2
0 days 00:06:15.824000,30.6,28.0,1013.2,False,52.9,0,0.5,2022,7,FP2
0 days 00:07:15.833000,30.5,28.0,1013.2,False,53.1,0,0.0,2022,7,FP2
0 days 00:08:15.816000,30.7,27.0,1013.2,False,53.2,297,0.0,2022,7,FP2
0 days 00:09:15.824000,30.9,26.0,1013.2,False,53.4,240,0.4,2022,7,FP2
0 days 00:10:15.824000,30.8,27.0,1013.2,False,53.4,0,0.6,2022,7,FP2
0 days 00:11:15.831000,30.7,27.0,1013.2,False,53.0,252,0.0,2022,7,FP2
0 days 00:12:15.815000,30.8,27.0,1013.2,False,53.0,190,0.8,2022,7,FP2
0 days 00:13:15.830000,30.7,27.0,1013.0,False,52.7,185,0.8,2022,7,FP2
0 days 00:14:15.824000,30.7,27.0,1013.0,False,52.7,0,0.6,2022,7,FP2
0 days 00:15:15.826000,30.7,26.0,1013.0,False,52.8,0,0.0,2022,7,FP2
0 days 00:16:15.824000,30.8,26.0,1013.0,False,52.9,249,0.4,2022,7,FP2
0 days 00:17:15.827000,30.8,25.0,1013.2,False,52.8,287,0.6,2022,7,FP2
0 days 00:18:15.828000,30.7,26.0,1013.0,False,52.7,190,0.8,2022,7,FP2
0 days 00:19:15.826000,30.7,27.0,1013.0,False,52.6,0,0.0,2022,7,FP2
0 days 00:20:15.826000,30.9,25.0,1013.0,False,52.6,197,0.0,2022,7,FP2
0 days 00:21:15.828000,31.0,25.0,1013.0,False,52.6,20,0.4,2022,7,FP2
0 days 00:22:15.835000,31.1,25.0,1013.0,False,52.1,204,0.8,2022,7,FP2
0 days 00:23:15.828000,31.1,26.0,1012.9,False,51.9,192,1.5,2022,7,FP2
0 days 00:24:15.824000,31.0,27.0,1013.0,False,51.9,190,1.7,2022,7,FP2
0 days 00:25:15.831000,31.0,28.0,1012.9,False,51.1,191,1.7,2022,7,FP2
0 days 00:26:15.830000,30.9,28.0,1013.0,False,50.7,180,1.7,2022,7,FP2
0 days 00:27:15.829000,30.9,27.0,1013.0,False,50.9,179,1.7,2022,7,FP2
0 days 00:28:15.828000,30.9,27.0,1012.9,False,50.6,173,1.7,2022,7,FP2
0 days 00:29:15.837000,30.7,27.0,1012.9,False,50.5,182,1.8,2022,7,FP2
0 days 00:30:15.827000,30.7,28.0,1012.9,False,50.4,179,1.6,2022,7,FP2
0 days 00:31:15.830000,30.7,28.0,1012.7,False,50.3,186,1.7,2022,7,FP2
0 days 00:32:15.829000,30.6,28.0,1012.9,False,50.2,187,1.3,2022,7,FP2
0 days 00:33:15.830000,30.4,29.0,1012.9,False,50.2,182,1.1,2022,7,FP2
0 days 00:34:15.817000,30.3,29.0,1012.9,False,50.2,182,1.0,2022,7,FP2
0 days 00:35:15.831000,30.2,30.0,1012.7,False,50.2,193,1.6,2022,7,FP2
0 days 00:36:15.831000,30.1,30.0,1012.9,False,50.2,189,1.2,2022,7,FP2
0 days 00:37:15.831000,30.1,30.0,1012.7,False,50.2,0,0.8,2022,7,FP2
0 days 00:38:15.826000,30.3,29.0,1012.7,False,50.2,189,0.0,2022,7,FP2
0 days 00:39:15.823000,30.4,29.0,1012.7,False,50.7,212,1.1,2022,7,FP2
0 days 00:40:15.829000,30.3,30.0,1012.7,False,50.7,226,0.5,2022,7,FP2
0 days 00:41:15.830000,30.4,30.0,1012.7,False,50.8,187,1.1,2022,7,FP2
0 days 00:42:15.827000,30.5,30.0,1012.7,False,50.7,184,1.2,2022,7,FP2
0 days 00:43:15.828000,30.5,30.0,1012.7,False,50.7,184,1.2,2022,7,FP2
0 days 00:44:15.828000,30.6,30.0,1012.7,False,50.7,187,1.6,2022,7,FP2
0 days 00:45:15.849000,30.7,28.0,1012.7,False,50.0,175,0.8,2022,7,FP2
0 days 00:46:15.828000,30.8,28.0,1012.7,False,50.0,175,0.8,2022,7,FP2
0 days 00:47:15.831000,30.8,28.0,1012.7,False,49.6,185,1.3,2022,7,FP2
0 days 00:48:15.831000,30.9,28.0,1012.7,False,49.5,180,2.2,2022,7,FP2
0 days 00:49:15.824000,30.9,29.0,1012.7,False,49.5,181,2.4,2022,7,FP2
0 days 00:50:15.832000,30.8,29.0,1012.5,False,49.4,182,1.2,2022,7,FP2
0 days 00:51:15.828000,30.8,30.0,1012.7,False,48.7,185,1.7,2022,7,FP2
0 days 00:52:15.848000,30.7,30.0,1012.5,False,48.7,183,1.8,2022,7,FP2
0 days 00:53:15.849000,30.6,30.0,1012.5,False,48.7,183,1.8,2022,7,FP2
0 days 00:54:15.862000,30.6,29.0,1012.7,False,48.9,180,0.5,2022,7,FP2
0 days 00:55:15.861000,30.7,30.0,1012.7,False,48.9,189,1.1,2022,7,FP2
0 days 00:56:15.877000,30.8,28.0,1012.5,False,48.8,204,1.8,2022,7,FP2
0 days 00:57:15.876000,30.7,29.0,1012.7,False,48.6,169,1.0,2022,7,FP2
0 days 00:58:15.876000,30.7,29.0,1012.5,False,48.5,173,0.8,2022,7,FP2
0 days 00:59:15.891000,30.7,30.0,1012.5,False,48.3,191,2.0,2022,7,FP2
0 days 01:00:15.894000,30.7,30.0,1012.5,False,48.2,179,2.2,2022,7,FP2
0 days 01:01:15.909000,30.6,30.0,1012.5,False,48.0,196,1.5,2022,7,FP2
0 days 01:02:15.922000,30.6,30.0,1012.5,False,48.1,178,0.8,2022,7,FP2
0 days 01:03:15.922000,30.6,29.0,1012.5,False,48.2,186,1.5,2022,7,FP2
0 days 01:04:15.943000,30.5,30.0,1012.5,False,48.1,179,1.3,2022,7,FP2
0 days 01:05:15.956000,30.5,30.0,1012.5,False,48.0,180,1.3,2022,7,FP2
0 days 01:06:15.957000,30.5,30.0,1012.5,False,48.0,185,0.6,2022,7,FP2
0 days 01:07:15.955000,30.5,29.0,1012.5,False,48.0,190,0.4,2022,7,FP2
0 days 01:08:15.960000,30.5,30.0,1012.5,False,47.9,177,1.5,2022,7,FP2
0 days 01:09:15.948000,30.6,29.0,1012.5,False,48.0,191,0.8,2022,7,FP2
0 days 01:10:15.964000,30.7,29.0,1012.5,False,47.9,92,1.2,2022,7,FP2
0 days 01:11:15.957000,30.7,29.0,1012.5,False,47.7,184,0.5,2022,7,FP2
0 days 01:12:15.957000,30.6,30.0,1012.5,False,47.4,174,1.6,2022,7,FP2
0 days 01:13:15.955000,30.6,29.0,1012.5,False,47.1,181,2.4,2022,7,FP2
0 days 01:14:15.963000,30.5,31.0,1012.5,False,46.8,179,1.7,2022,7,FP2
0 days 01:15:15.981000,30.3,30.0,1012.5,False,46.7,172,0.6,2022,7,FP2
0 days 01:16:16.004000,30.4,30.0,1012.5,False,46.7,179,1.3,2022,7,FP2
0 days 01:17:16.011000,30.3,31.0,1012.5,False,46.7,0,1.2,2022,7,FP2
0 days 01:18:16.030000,30.3,28.0,1012.5,False,46.7,164,0.6,2022,7,FP2
0 days 01:19:16.039000,30.3,31.0,1012.4,False,46.7,183,1.3,2022,7,FP2
0 days 01:20:16.051000,30.2,30.0,1012.5,False,46.6,239,1.2,2022,7,FP2
0 days 01:21:16.053000,30.2,29.0,1012.5,False,46.6,172,0.3,2022,7,FP2
0 days 01:22:16.066000,30.1,28.0,1012.4,False,46.6,4,0.8,2022,7,FP2
0 days 00:00:33.958000,24.5,48.0,1015.4,False,36.8,67,1.2,2022,8,FP2
0 days 00:01:33.952000,24.4,48.0,1015.2,False,36.9,346,2.2,2022,8,FP2
0 days 00:02:33.952000,24.3,49.0,1015.2,False,36.9,121,1.0,2022,8,FP2
0 days 00:03:33.955000,24.4,48.0,1015.4,False,36.7,300,1.3,2022,8,FP2
0 days 00:04:33.956000,24.5,47.0,1015.4,False,37.0,297,1.1,2022,8,FP2
0 days 00:05:33.955000,24.4,48.0,1015.5,False,37.0,141,1.2,2022,8,FP2
0 days 00:06:33.956000,24.3,48.0,1015.2,False,36.6,223,1.2,2022,8,FP2
0 days 00:07:33.953000,24.4,49.0,1015.4,False,35.7,70,1.6,2022,8,FP2
0 days 00:08:33.956000,24.3,49.0,1015.2,False,35.7,74,1.2,2022,8,FP2
0 days 00:09:33.955000,24.3,49.0,1015.2,False,35.9,27,2.0,2022,8,FP2
0 days 00:10:33.953000,24.3,49.0,1015.2,False,35.9,108,1.8,2022,8,FP2
0 days 00:11:33.954000,24.2,49.0,1015.2,False,35.6,225,1.6,2022,8,FP2
0 days 00:12:33.956000,24.2,49.0,1015.2,False,35.5,331,1.1,2022,8,FP2
0 days 00:13:33.956000,24.3,49.0,1015.2,False,35.5,298,1.2,2022,8,FP2
0 days 00:14:33.954000,24.3,49.0,1015.4,False,36.0,20,1.2,2022,8,FP2
0 days 00:15:33.956000,24.2,49.0,1015.2,False,36.0,57,2.0,2022,8,FP2
0 days 00:16:33.957000,24.3,49.0,1015.4,False,35.6,39,1.0,2022,8,FP2
0 days 00:17:33.954000,24.5,48.0,1015.2,False,35.7,320,1.1,2022,8,FP2
0 days 00:18:33.954000,24.4,48.0,1015.2,False,35.7,14,1.5,2022,8,FP2
0 days 00:19:33.954000,24.4,49.0,1015.2,False,35.5,21,2.2,2022,8,FP2
0 days 00:20:33.954000,24.4,49.0,1015.4,False,35.4,25,1.5,2022,8,FP2
0 days 00:21:33.956000,24.4,49.0,1015.2,False,35.5,238,1.0,2022,8,FP2
0 days 00:22:33.957000,24.4,49.0,1015.5,False,35.4,341,1.6,2022,8,FP2
0 days 00:23:33.952000,24.4,49.0,1015.4,False,35.4,271,2.0,2022,8,FP2
0 days 00:24:33.953000,24.4,49.0,1015.5,False,35.2,129,2.2,2022,8,FP2
0 days 00:25:33.956000,24.5,49.0,1015.2,False,35.0,280,1.6,2022,8,FP2
0 days 00:26:33.956000,24.4,50.0,1015.4,False,34.7,282,1.2,2022,8,FP2
0 days 00:27:33.953000,24.4,49.0,1015.4,False,34.7,354,1.7,2022,8,FP2
0 days 00:28:33.969000,24.4,49.0,1015.5,False,35.0,243,1.2,2022,8,FP2
0 days 00:29:33.954000,24.4,49.0,1015.5,False,34.9,21,1.6,2022,8,FP2
0 days 00:30:33.957000,24.3,50.0,1015.4,False,34.7,188,1.8,2022,8,FP2
0 days 00:31:33.972000,24.3,50.0,1015.2,False,34.2,313,1.1,2022,8,FP2
0 days 00:32:33.984000,24.2,51.0,1015.5,False,34.2,62,2.2,2022,8,FP2
0 days 00:33:33.972000,24.1,51.0,1015.5,False,33.9,292,0.6,2022,8,FP2
0 days 00:34:33.974000,24.0,51.0,1015.4,False,33.7,222,2.0,2022,8,FP2
0 days 00:35:33.973000,24.0,51.0,1015.5,False,33.9,337,1.7,2022,8,FP2
0 days 00:36:33.990000,24.0,52.0,1015.4,False,33.2,325,1.2,2022,8,FP2
0 days 00:37:34.002000,23.6,52.0,1015.2,False,33.3,185,1.7,2022,8,FP2
0 days 00:38:34.003000,23.6,52.0,1015.2,False,33.3,148,1.8,2022,8,FP2
0 days 00:39:34.004000,23.8,52.0,1015.2,False,33.3,105,1.2,2022,8,FP2
0 days 00:40:34.014000,23.7,52.0,1015.4,False,33.3,60,1.2,2022,8,FP2
0 days 00:41:34.006000,23.7,53.0,1015.4,False,33.0,0,1.5,2022,8,FP2
0 days 00:42:34.017000,23.7,52.0,1015.5,False,32.9,9,0.6,2022,8,FP2
0 days 00:43:34.006000,23.7,52.0,1015.4,False,33.0,319,1.2,2022,8,FP2
0 days 00:44:34.002000,23.7,53.0,1015.4,False,33.0,290,1.5,2022,8,FP2
0 days 00:45:34.003000,23.8,53.0,1015.5,False,32.7,42,0.8,2022,8,FP2
0 days 00:46:34.015000,23.8,53.0,1015.4,False,32.7,345,1.0,2022,8,FP2
0 days 00:47:34.016000,23.8,53.0,1015.5,False,32.7,113,1.3,2022,8,FP2
0 days 00:48:34.017000,23.8,54.0,1015.4,False,32.4,258,1.3,2022,8,FP2
0 days 00:49:34.020000,23.8,54.0,1015.5,False,32.4,153,0.8,2022,8,FP2
0 days 00:50:34.035000,23.8,54.0,1015.5,False,32.6,233,1.2,2022,8,FP2
0 days 00:51:34.054000,23.9,54.0,1015.5,False,32.0,119,1.7,2022,8,FP2
0 days 00:52:34.068000,23.9,55.0,1015.5,False,32.0,221,1.1,2022,8,FP2
0 days 00:53:34.083000,23.8,54.0,1015.5,False,32.6,73,0.8,2022,8,FP2
0 days 00:54:34.084000,23.8,54.0,1015.5,False,32.6,0,1.2,2022,8,FP2
0 days 00:55:34.087000,23.7,54.0,1015.5,False,32.5,95,0.8,2022,8,FP2
0 days 00:56:34.084000,23.6,55.0,1015.4,False,32.1,262,1.5,2022,8,FP2
0 days 00:57:34.086000,23.6,56.0,1015.5,False,31.8,31,2.2,2022,8,FP2
0 days 00:58:34.087000,23.6,56.0,1015.4,False,31.6,314,1.7,2022,8,FP2
0 days 00:59:34.090000,23.5,56.0,1015.4,False,31.5,58,1.2,2022,8,FP2
0 days 01:00:34.083000,23.6,57.0,1015.5,False,31.5,58,0.8,2022,8,FP2
0 days 01:01:34.083000,23.6,56.0,1015.5,False,31.5,0,1.2,2022,8,FP2
0 days 01:02:34.084000,23.5,56.0,1015.5,False,32.3,260,1.6,2022,8,FP2
0 days 01:03:34.083000,23.6,56.0,1015.5,False,31.5,228,1.2,2022,8,FP2
0 days 01:04:34.084000,23.6,56.0,1015.5,False,31.5,131,1.1,2022,8,FP2
0 days 01:05:34.083000,23.6,56.0,1015.5,False,31.5,152,1.3,2022,8,FP2
0 days 01:06:34.083000,23.6,56.0,1015.5,False,31.7,258,1.2,2022,8,FP2
0 days 01:07:34.099000,23.5,57.0,1015.5,False,31.1,234,1.3,2022,8,FP2
0 days 01:08:34.088000,23.6,56.0,1015.5,False,31.3,216,1.6,2022,8,FP2
0 days 01:09:34.084000,23.6,56.0,1015.5,False,31.4,236,0.6,2022,8,FP2
0 days 01:10:34.083000,23.6,56.0,1015.7,False,31.3,197,2.0,2022,8,FP2
0 days 01:11:34.084000,23.6,56.0,1015.5,False,31.2,266,1.1,2022,8,FP2
0 days 01:12:34.083000,23.5,57.0,1015.5,False,31.0,83,1.5,2022,8,FP2
0 days 01:13:34.087000,23.5,57.0,1015.5,False,30.9,239,2.0,2022,8,FP2
0 days 01:14:34.081000,23.5,57.0,1015.7,False,30.9,0,1.6,2022,8,FP2
0 days 01:15:34.084000,23.5,57.0,1015.5,False,30.7,334,0.5,2022,8,FP2
0 days 01:16:34.084000,23.5,58.0,1015.5,False,30.7,103,1.1,2022,8,FP2
0 days 01:17:34.084000,23.4,58.0,1015.7,False,30.2,328,0.8,2022,8,FP2
0 days 01:18:34.084000,23.4,58.0,1015.7,False,30.2,74,1.2,2022,8,FP2
0 days 01:19:34.083000,23.4,58.0,1015.5,False,30.2,92,1.2,2022,8,FP2
0 days 01:20:34.097000,23.4,58.0,1015.5,False,30.4,349,1.5,2022,8,FP2
0 days 01:21:34.087000,23.3,58.0,1015.5,False,30.6,15,1.0,2022,8,FP2
0 days 01:22:34.086000,23.3,58.0,1015.5,False,30.4,149,1.0,2022,8,FP2
0 days 00:00:40.233000,26.8,35.0,995.5,False,42.6,200,2.4,2022,9,FP2
0 days 00:01:40.235000,26.8,35.0,995.5,False,43.1,299,2.0,2022,9,FP2
0 days 00:02:40.234000,26.8,35.0,995.5,False,43.2,87,2.0,2022,9,FP2
0 days 00:03:40.236000,26.8,37.0,995.4,False,43.0,347,1.8,2022,9,FP2
0 days 00:04:40.249000,26.8,35.0,995.5,False,42.9,335,1.7,2022,9,FP2
0 days 00:05:40.250000,26.8,35.0,995.5,False,42.9,129,1.2,2022,9,FP2
0 days 00:06:40.252000,26.9,35.0,995.5,False,43.1,203,1.6,2022,9,FP2
0 days 00:07:40.264000,26.8,34.0,995.2,False,43.3,180,2.0,2022,9,FP2
0 days 00:08:40.264000,26.8,35.0,995.5,False,43.2,266,2.7,2022,9,FP2
0 days 00:09:40.266000,26.7,35.0,995.2,False,43.2,163,2.4,2022,9,FP2
0 days 00:10:40.268000,26.8,36.0,995.2,False,43.2,20,1.7,2022,9,FP2
0 days 00:11:40.265000,26.7,35.0,995.0,False,43.1,77,2.5,2022,9,FP2
0 days 00:12:40.266000,26.6,36.0,995.2,False,43.1,0,1.7,2022,9,FP2
0 days 00:13:40.267000,26.7,36.0,995.2,False,41.6,155,1.6,2022,9,FP2
0 days 00:14:40.267000,26.6,37.0,995.2,False,41.6,113,2.2,2022,9,FP2
0 days 00:15:40.271000,26.7,38.0,995.2,False,41.5,338,1.1,2022,9,FP2
0 days 00:16:40.288000,26.6,37.0,995.2,False,41.4,179,0.8,2022,9,FP2
0 days 00:17:40.275000,26.7,37.0,995.2,False,41.8,27,2.5,2022,9,FP2
0 days 00:18:40.270000,26.7,37.0,995.2,False,42.1,75,1.2,2022,9,FP2
0 days 00:19:40.265000,26.7,37.0,995.2,False,42.5,338,2.0,2022,9,FP2
0 days 00:20:40.267000,26.8,36.0,995.2,False,42.5,149,2.2,2022,9,FP2
0 days 00:21:40.267000,26.8,37.0,995.2,False,42.0,294,2.0,2022,9,FP2
0 days 00:22:40.275000,26.8,36.0,995.2,False,41.1,357,2.2,2022,9,FP2
0 days 00:23:40.267000,26.7,37.0,995.2,False,40.3,64,2.2,2022,9,FP2
0 days 00:24:40.281000,26.5,37.0,995.0,False,40.1,9,2.5,2022,9,FP2
0 days 00:25:40.271000,26.5,37.0,995.2,False,39.7,69,1.6,2022,9,FP2
0 days 00:26:40.267000,26.5,37.0,995.0,False,39.5,163,1.2,2022,9,FP2
0 days 00:27:40.260000,26.4,38.0,995.0,False,39.4,155,1.5,2022,9,FP2
0 days 00:28:40.267000,26.6,38.0,995.2,False,39.3,291,1.6,2022,9,FP2
0 days 00:29:40.267000,26.6,39.0,995.0,False,38.9,175,1.7,2022,9,FP2
0 days 00:30:40.267000,26.6,39.0,995.2,False,38.9,113,2.0,2022,9,FP2
0 days 00:31:40.270000,26.4,38.0,995.0,False,38.8,339,1.7,2022,9,FP2
0 days 00:32:40.271000,26.3,39.0,995.2,False,38.8,342,1.8,2022,9,FP2
0 days 00:33:40.266000,26.2,40.0,995.2,False,38.8,31,1.3,2022,9,FP2
0 days 00:34:40.267000,26.1,40.0,995.0,False,38.0,125,2.2,2022,9,FP2
0 days 00:35:40.276000,26.0,40.0,995.2,False,38.0,149,2.5,2022,9,FP2
0 days 00:36:40.273000,26.0,40.0,995.2,False,38.1,119,3.0,2022,9,FP2
0 days 00:37:40.281000,26.0,40.0,995.2,False,38.1,150,1.6,2022,9,FP2
0 days 00:38:40.293000,25.9,41.0,995.2,False,38.0,181,0.6,2022,9,FP2
0 days 00:39:40.267000,25.8,41.0,995.2,False,37.7,35,1.7,2022,9,FP2
0 days 00:40:40.281000,25.8,41.0,995.2,False,37.6,150,1.7,2022,9,FP2
0 days 00:41:40.266000,25.8,41.0,995.0,False,37.3,102,1.2,2022,9,FP2
0 days 00:42:40.285000,25.8,41.0,995.2,False,37.3,197,1.3,2022,9,FP2
0 days 00:43:40.279000,25.7,40.0,995.0,False,37.3,107,1.7,2022,9,FP2
0 days 00:44:40.269000,25.7,40.0,995.2,False,37.1,185,2.4,2022,9,FP2
0 days 00:45:40.276000,25.9,41.0,995.2,False,37.1,41,2.5,2022,9,FP2
0 days 00:46:40.277000,26.0,41.0,995.0,False,37.1,159,1.7,2022,9,FP2
0 days 00:47:40.303000,26.2,41.0,995.2,False,37.1,200,2.0,2022,9,FP2
0 days 00:48:40.269000,26.2,42.0,995.2,False,37.1,185,1.7,2022,9,FP2
0 days 00:49:40.268000,26.2,42.0,995.2,False,37.1,153,2.7,2022,9,FP2
0 days 00:50:40.265000,26.0,43.0,995.2,False,36.9,133,2.0,2022,9,FP2
0 days 00:51:40.270000,26.0,42.0,995.0,False,36.9,103,2.7,2022,9,FP2
0 days 00:52:40.268000,25.9,43.0,995.0,False,36.9,115,2.0,2022,9,FP2
0 days 00:53:40.270000,25.7,43.0,995.2,False,36.7,173,1.2,2022,9,FP2
0 days 00:54:40.267000,25.6,44.0,995.0,False,36.7,190,2.7,2022,9,FP2
0 days 00:55:40.276000,25.5,43.0,995.0,False,36.3,139,2.5,2022,9,FP2
0 days 00:56:40.269000,25.4,44.0,995.0,False,36.1,174,2.2,2022,9,FP2
0 days 00:57:40.268000,25.3,44.0,995.0,False,35.8,123,2.4,2022,9,FP2
0 days 00:58:40.266000,25.3,44.0,995.2,False,35.6,117,2.0,2022,9,FP2
0 days 00:59:40.270000,25.2,45.0,995.2,False,35.5,250,1.3,2022,9,FP2
0 days 01:00:40.269000,25.3,44.0,995.0,False,35.5,95,1.2,2022,9,FP2
0 days 01:01:40.268000,25.4,45.0,995.0,False,35.3,157,2.2,2022,9,FP2
0 days 01:02:40.270000,25.4,44.0,995.0,False,35.4,185,1.6,2022,9,FP2
0 days 01:03:40.279000,25.5,44.0,995.2,False,35.4,71,4.1,2022,9,FP2
0 days 01:04:40.267000,25.4,44.0,995.0,False,35.4,173,2.0,2022,9,FP2
0 days 01:05:40.269000,25.5,44.0,995.2,False,35.2,118,2.7,2022,9,FP2
0 days 01:06:40.279000,25.5,44.0,995.0,False,35.2,206,2.4,2022,9,FP2
0 days 01:07:40.267000,25.6,45.0,995.2,False,35.1,190,1.5,2022,9,FP2
0 days 01:08:40.267000,25.5,45.0,995.2,False,35.1,187,1.8,2022,9,FP2
0 days 01:09:40.269000,25.5,44.0,995.2,False,35.2,130,1.5,2022,9,FP2
0 days 01:10:40.268000,25.6,44.0,995.2,False,35.2,7,3.2,2022,9,FP2
0 days 01:11:40.267000,25.7,44.0,995.2,False,35.2,87,2.0,2022,9,FP2
0 days 01:12:40.283000,25.7,45.0,995.2,False,35.6,351,1.7,2022,9,FP2
0 days 01:13:40.275000,25.8,45.0,995.2,False,35.7,0,1.2,2022,9,FP2
0 days 01:14:40.267000,25.6,46.0,995.2,False,35.7,160,2.2,2022,9,FP2
0 days 01:15:40.298000,25.5,45.0,995.2,False,35.7,164,1.2,2022,9,FP2
0 days 01:16:40.267000,25.5,45.0,995.2,False,35.5,59,1.6,2022,9,FP2
0 days 01:17:40.280000,25.4,46.0,995.2,False,35.4,94,1.3,2022,9,FP2
0 days 01:18:40.275000,25.4,45.0,995.0,False,35.3,174,1.7,2022,9,FP2
0 days 01:19:40.271000,25.3,46.0,995.2,False,34.9,359,1.7,2022,9,FP2
0 days 01:20:40.267000,25.2,46.0,995.2,False,34.9,163,1.1,2022,9,FP2
0 days 00:00:41.431000,19.5,43.0,998.5,False,31.2,252,3.9,2022,10,FP2
0 days 00:01:41.418000,19.7,43.0,998.5,False,31.2,250,3.2,2022,10,FP2
0 days 00:02:41.430000,19.8,44.0,998.5,False,30.9,221,3.4,2022,10,FP2
0 days 00:03:41.428000,19.9,45.0,998.5,False,30.6,244,3.2,2022,10,FP2
0 days 00:04:41.429000,19.7,45.0,998.5,False,30.6,253,3.7,2022,10,FP2
0 days 00:05:41.444000,19.6,45.0,998.4,False,29.8,235,3.4,2022,10,FP2
0 days 00:06:41.437000,19.4,46.0,998.5,False,29.4,247,2.7,2022,10,FP2
0 days 00:07:41.432000,19.3,47.0,998.5,False,29.7,245,4.0,2022,10,FP2
0 days 00:08:41.437000,19.2,47.0,998.5,False,30.4,280,3.7,2022,10,FP2
0 days 00:09:41.431000,19.2,46.0,998.5,False,31.2,229,5.1,2022,10,FP2
0 days 00:10:41.429000,19.3,47.0,998.5,False,31.3,258,4.0,2022,10,FP2
0 days 00:11:41.428000,19.3,47.0,998.5,False,31.3,247,4.8,2022,10,FP2
0 days 00:12:41.431000,19.3,49.0,998.5,False,31.0,253,4.5,2022,10,FP2
0 days 00:13:41.424000,19.3,49.0,998.7,False,31.0,278,3.4,2022,10,FP2
0 days 00:14:41.431000,19.3,48.0,998.7,False,31.0,257,3.0,2022,10,FP2
0 days 00:15:41.431000,19.5,48.0,998.5,False,31.3,258,2.7,2022,10,FP2
0 days 00:16:41.447000,19.5,48.0,998.5,False,31.7,259,3.0,2022,10,FP2
0 days 00:17:41.607000,19.4,48.0,998.7,False,32.0,253,3.7,2022,10,FP2
0 days 00:18:41.431000,19.5,48.0,998.7,False,32.5,221,5.3,2022,10,FP2
0 days 00:19:41.429000,19.3,48.0,998.7,False,32.5,259,5.1,2022,10,FP2
0 days 00:20:41.429000,19.2,49.0,998.7,False,32.1,252,4.4,2022,10,FP2
0 days 00:21:41.430000,19.2,50.0,998.7,False,32.2,259,4.1,2022,10,FP2
0 days 00:22:41.431000,19.2,49.0,998.5,False,32.1,261,3.2,2022,10,FP2
0 days 00:23:41.431000,19.2,49.0,998.7,False,31.6,252,4.8,2022,10,FP2
0 days 00:24:41.438000,19.3,50.0,998.7,False,31.5,244,4.5,2022,10,FP2
0 days 00:25:41.433000,19.1,49.0,998.7,False,31.5,231,4.8,2022,10,FP2
0 days 00:26:41.445000,19.2,49.0,998.7,False,31.5,251,4.5,2022,10,FP2
0 days 00:27:41.449000,19.2,49.0,998.7,False,31.5,237,5.3,2022,10,FP2
0 days 00:28:41.446000,19.1,51.0,998.7,False,31.1,222,3.0,2022,10,FP2
0 days 00:29:41.446000,19.1,50.0,998.7,False,30.8,198,3.2,2022,10,FP2
0 days 00:30:41.446000,18.8,50.0,998.7,False,30.3,241,4.3,2022,10,FP2
0 days 00:31:41.447000,18.7,51.0,998.7,False,30.2,240,4.1,2022,10,FP2
0 days 00:32:41.462000,18.7,52.0,998.7,False,30.2,252,4.0,2022,10,FP2
0 days 00:33:41.483000,18.9,52.0,998.7,False,30.0,245,3.2,2022,10,FP2
0 days 00:34:41.499000,18.9,51.0,998.9,False,30.0,268,2.7,2022,10,FP2
0 days 00:35:41.494000,18.8,51.0,998.9,False,29.9,260,2.9,2022,10,FP2
0 days 00:36:41.507000,18.8,51.0,998.9,False,29.6,278,3.2,2022,10,FP2
0 days 00:37:41.509000,18.7,51.0,998.9,False,29.6,248,3.2,2022,10,FP2
0 days 00:38:41.513000,18.5,52.0,998.9,False,29.6,244,4.4,2022,10,FP2
0 days 00:39:41.533000,18.5,51.0,998.9,False,29.6,220,3.2,2022,10,FP2
0 days 00:40:41.540000,18.4,51.0,998.9,False,29.6,266,3.7,2022,10,FP2
0 days 00:41:41.539000,18.3,51.0,998.9,False,29.8,259,4.4,2022,10,FP2
0 days 00:42:41.539000,18.5,51.0,999.0,False,30.0,255,3.2,2022,10,FP2
0 days 00:43:41.562000,18.5,51.0,998.9,False,30.1,206,3.9,2022,10,FP2
0 days 00:44:41.568000,18.5,50.0,998.7,False,30.1,205,4.5,2022,10,FP2
0 days 00:45:41.560000,18.6,51.0,998.7,False,30.1,260,4.4,2022,10,FP2
0 days 00:46:41.572000,18.6,51.0,999.0,False,30.2,221,4.6,2022,10,FP2
0 days 00:47:41.569000,18.5,51.0,999.0,False,30.4,197,4.0,2022,10,FP2
0 days 00:48:41.573000,18.5,51.0,999.0,False,30.5,256,3.5,2022,10,FP2
0 days 00:49:41.573000,18.6,51.0,998.9,False,31.3,231,4.5,2022,10,FP2
0 days 00:50:41.573000,18.6,49.0,999.0,False,31.5,203,4.6,2022,10,FP2
0 days 00:51:41.582000,18.7,50.0,999.0,False,31.3,255,4.8,2022,10,FP2
0 days 00:52:41.604000,18.7,51.0,999.0,False,31.3,201,5.0,2022,10,FP2
0 days 00:53:41.600000,18.9,50.0,998.9,False,31.5,200,5.8,2022,10,FP2
0 days 00:54:41.590000,18.9,49.0,998.9,False,30.9,233,6.5,2022,10,FP2
0 days 00:55:41.602000,18.9,51.0,999.0,False,30.8,210,5.0,2022,10,FP2
0 days 00:56:41.642000,18.9,51.0,999.0,False,30.4,240,5.3,2022,10,FP2
0 days 00:57:41.618000,18.8,52.0,999.0,False,30.2,276,4.3,2022,10,FP2
0 days 00:58:41.636000,18.6,51.0,999.0,False,30.1,237,4.3,2022,10,FP2
0 days 00:59:41.658000,18.7,51.0,999.0,False,30.2,246,3.9,2022,10,FP2
0 days 01:00:41.658000,18.5,51.0,999.0,False,29.7,206,3.9,2022,10,FP2
0 days 01:01:41.664000,18.5,50.0,999.0,False,29.6,212,5.4,2022,10,FP2
0 days 01:02:41.663000,18.4,51.0,999.0,False,29.6,206,4.3,2022,10,FP2
0 days 01:03:41.656000,18.4,52.0,999.0,False,29.6,238,4.3,2022,10,FP2
0 days 01:04:41.650000,18.3,52.0,999.0,False,29.5,264,3.7,2022,10,FP2
0 days 01:05:41.660000,18.3,52.0,999.2,False,29.4,250,4.0,2022,10,FP2
0 days 01:06:41.657000,18.2,52.0,999.2,False,29.4,271,4.1,2022,10,FP2
0 days 01:07:41.653000,18.2,52.0,999.2,False,29.4,245,4.8,2022,10,FP2
0 days 01:08:41.653000,18.0,52.0,999.2,False,29.4,245,3.4,2022,10,FP2
0 days 01:09:41.649000,17.9,52.0,999.2,False,29.2,241,3.9,2022,10,FP2
0 days 01:10:41.654000,17.9,53.0,999.2,False,29.0,249,3.0,2022,10,FP2
0 days 01:11:41.684000,18.1,54.0,999.2,False,28.9,220,3.7,2022,10,FP2
0 days 01:12:41.659000,18.0,54.0,999.2,False,28.9,240,3.5,2022,10,FP2
0 days 01:13:41.682000,17.9,53.0,999.2,False,28.8,242,4.6,2022,10,FP2
0 days 01:14:41.667000,17.9,53.0,999.2,False,28.8,251,3.2,2022,10,FP2
0 days 01:15:41.666000,18.0,53.0,999.2,False,28.8,234,3.2,2022,10,FP2
0 days 01:16:41.680000,17.9,54.0,999.2,False,28.8,252,4.4,2022,10,FP2
0 days 01:17:41.680000,18.0,53.0,999.2,False,28.8,259,4.3,2022,10,FP2
0 days 01:18:41.683000,18.0,53.0,999.2,False,28.9,259,4.4,2022,10,FP2
0 days 01:19:41.681000,18.0,54.0,999.2,False,28.9,264,3.0,2022,10,FP2
0 days 01:20:41.697000,18.1,54.0,999.2,False,28.9,238,3.0,2022,10,FP2
0 days 00:00:07.223000,19.1,44.0,945.5,False,32.3,55,0.6,2022,11,FP2
0 days 00:01:07.223000,19.3,43.0,945.5,False,32.0,0,0.6,2022,11,FP2
0 days 00:02:07.224000,19.3,43.0,945.5,False,31.6,127,0.0,2022,11,FP2
0 days 00:03:07.240000,19.3,44.0,945.5,False,31.3,111,1.1,2022,11,FP2
0 days 00:04:07.239000,19.6,44.0,945.5,False,31.8,99,2.0,2022,11,FP2
0 days 00:05:07.253000,19.7,44.0,945.7,False,32.8,101,2.5,2022,11,FP2
0 days 00:06:07.255000,19.6,42.0,945.7,False,33.4,116,2.7,2022,11,FP2
0 days 00:07:07.253000,19.3,43.0,945.5,False,32.8,102,1.6,2022,11,FP2
0 days 00:08:07.257000,19.1,44.0,945.5,False,32.3,83,1.2,2022,11,FP2
0 days 00:09:07.260000,19.2,44.0,945.5,False,32.3,105,0.6,2022,11,FP2
0 days 00:10:07.255000,19.3,45.0,945.5,False,32.5,105,1.2,2022,11,FP2
0 days 00:11:07.253000,19.4,43.0,945.5,False,33.3,75,2.0,2022,11,FP2
0 days 00:12:07.252000,19.4,44.0,945.5,False,33.9,123,1.5,2022,11,FP2
0 days 00:13:07.253000,19.4,44.0,945.5,False,34.0,77,1.1,2022,11,FP2
0 days 00:14:07.254000,19.3,44.0,945.5,False,34.0,77,2.0,2022,11,FP2
0 days 00:15:07.270000,19.3,44.0,945.5,False,34.0,57,1.3,2022,11,FP2
0 days 00:16:07.270000,19.6,44.0,945.5,False,35.2,109,1.7,2022,11,FP2
0 days 00:17:07.287000,19.7,43.0,945.5,False,35.2,68,1.5,2022,11,FP2
0 days 00:18:07.299000,19.8,43.0,945.4,False,35.6,77,1.3,2022,11,FP2
0 days 00:19:07.301000,20.0,41.0,945.5,False,36.3,69,2.2,2022,11,FP2
0 days 00:20:07.307000,20.1,40.0,945.4,False,36.7,76,3.9,2022,11,FP2
0 days 00:21:07.303000,19.8,42.0,945.4,False,36.8,69,3.2,2022,11,FP2
0 days 00:22:07.301000,19.8,43.0,945.4,False,36.9,101,1.5,2022,11,FP2
0 days 00:23:07.298000,19.8,43.0,945.4,False,36.9,80,1.3,2022,11,FP2
0 days 00:24:07.324000,20.1,42.0,945.4,False,37.9,96,1.8,2022,11,FP2
0 days 00:25:07.301000,20.0,40.0,945.4,False,37.9,85,2.7,2022,11,FP2
0 days 00:26:07.294000,19.9,41.0,945.4,False,36.1,81,3.9,2022,11,FP2
0 days 00:27:07.304000,19.6,41.0,945.2,False,35.8,65,2.7,2022,11,FP2
0 days 00:28:07.301000,19.6,44.0,945.4,False,35.6,73,2.4,2022,11,FP2
0 days 00:29:07.302000,19.6,44.0,945.2,False,35.6,105,1.7,2022,11,FP2
0 days 00:30:07.317000,19.6,45.0,945.2,False,34.6,94,2.5,2022,11,FP2
0 days 00:31:07.321000,19.6,43.0,945.2,False,34.6,85,2.7,2022,11,FP2
0 days 00:32:07.331000,19.5,42.0,945.4,False,34.0,95,3.7,2022,11,FP2
0 days 00:33:07.348000,19.4,42.0,945.4,False,33.5,73,2.5,2022,11,FP2
0 days 00:34:07.349000,19.3,43.0,945.4,False,33.1,100,2.2,2022,11,FP2
0 days 00:35:07.348000,19.3,44.0,945.2,False,33.1,90,1.8,2022,11,FP2
0 days 00:36:07.367000,19.3,44.0,945.4,False,32.8,88,1.8,2022,11,FP2
0 days 00:37:07.386000,19.2,43.0,945.2,False,32.8,63,1.7,2022,11,FP2
0 days 00:38:07.382000,19.2,43.0,945.2,False,32.5,64,1.7,2022,11,FP2
0 days 00:39:07.381000,19.2,45.0,945.4,False,32.5,87,1.7,2022,11,FP2
0 days 00:40:07.386000,19.2,44.0,945.4,False,32.8,85,1.8,2022,11,FP2
0 days 00:41:08.020000,19.2,44.0,945.4,False,32.7,112,1.7,2022,11,FP2
0 days 00:42:07.391000,19.5,44.0,945.2,False,32.7,85,1.5,2022,11,FP2
0 days 00:43:07.417000,19.6,43.0,945.2,False,33.1,70,2.7,2022,11,FP2
0 days 00:44:07.388000,19.7,43.0,945.2,False,34.2,82,2.0,2022,11,FP2
0 days 00:45:07.381000,19.7,43.0,945.4,False,34.6,92,1.5,2022,11,FP2
0 days 00:46:07.386000,19.7,44.0,945.2,False,35.1,92,0.8,2022,11,FP2
0 days 00:47:07.383000,19.8,42.0,945.2,False,35.9,49,1.8,2022,11,FP2
0 days 00:48:07.387000,19.8,42.0,945.2,False,36.2,79,1.1,2022,11,FP2
0 days 00:49:07.390000,19.8,42.0,945.2,False,36.2,79,1.1,2022,11,FP2
0 days 00:50:07.403000,19.9,41.0,945.2,False,36.5,119,1.2,2022,11,FP2
0 days 00:51:07.383000,20.1,41.0,945.2,False,36.5,71,1.8,2022,11,FP2
0 days 00:52:07.382000,20.2,41.0,945.2,False,35.2,75,1.7,2022,11,FP2
0 days 00:53:07.391000,20.4,42.0,945.2,False,34.8,77,1.8,2022,11,FP2
0 days 00:54:07.431000,20.4,42.0,945.2,False,33.9,104,1.7,2022,11,FP2
0 days 00:55:07.385000,20.5,42.0,945.2,False,33.9,93,2.2,2022,11,FP2
0 days 00:56:07.383000,20.6,41.0,945.2,False,33.9,81,2.2,2022,11,FP2
0 days 00:57:07.390000,20.4,40.0,945.2,False,33.3,60,3.0,2022,11,FP2
0 days 00:58:07.399000,20.3,41.0,945.0,False,33.2,68,2.2,2022,11,FP2
0 days 00:59:07.455000,20.3,42.0,945.2,False,33.2,111,2.0,2022,11,FP2
0 days 01:00:07.428000,20.3,43.0,945.2,False,33.4,83,2.2,2022,11,FP2
0 days 01:01:07.430000,20.4,43.0,945.2,False,34.7,93,2.0,2022,11,FP2
0 days 01:02:07.438000,20.3,43.0,945.2,False,35.6,87,2.2,2022,11,FP2
0 days 01:03:07.444000,20.4,42.0,945.2,False,35.7,104,2.7,2022,11,FP2
0 days 01:04:07.443000,20.4,42.0,945.0,False,35.7,109,2.2,2022,11,FP2
0 days 01:05:07.442000,20.5,43.0,945.0,False,35.8,95,1.7,2022,11,FP2
0 days 01:06:07.461000,20.5,42.0,945.2,False,35.8,98,1.6,2022,11,FP2
0 days 01:07:07.473000,20.5,40.0,945.2,False,36.7,34,1.2,2022,11,FP2
0 days 01:08:07.491000,20.5,40.0,945.2,False,36.7,34,1.2,2022,11,FP2
0 days 01:09:07.504000,20.4,39.0,945.0,False,36.3,117,1.1,2022,11,FP2
0 days 01:10:07.513000,20.3,40.0,945.0,False,36.1,88,0.8,2022,11,FP2
0 days 01:11:07.506000,20.4,40.0,945.0,False,36.0,345,1.0,2022,11,FP2
0 days 01:12:07.495000,20.4,38.0,945.0,False,36.0,60,0.8,2022,11,FP2
0 days 01:13:07.524000,20.3,38.0,945.0,False,35.9,44,0.8,2022,11,FP2
0 days 01:14:07.537000,20.3,38.0,945.0,False,35.0,10,1.0,2022,11,FP2
0 days 01:15:07.554000,20.3,39.0,945.0,False,34.7,237,0.5,2022,11,FP2
0 days 01:16:07.552000,20.1,39.0,945.0,False,34.4,258,1.0,2022,11,FP2
0 days 01:17:07.562000,19.9,41.0,945.0,False,33.5,88,0.6,2022,11,FP2
0 days 01:18:07.572000,20.0,41.0,945.0,False,33.6,74,1.7,2022,11,FP2
0 days 01:19:07.564000,20.1,40.0,945.0,False,34.0,84,2.0,2022,11,FP2
0 days 01:20:07.585000,19.9,41.0,945.0,False,33.8,90,1.3,2022,11,FP2
0 days 00:00:20.455000,30.4,31.0,968.2,False,55.7,57,1.2,2022,12,FP2
0 days 00:01:20.459000,30.7,29.0,968.2,False,56.0,39,1.3,2022,12,FP2
0 days 00:02:20.451000,30.6,27.0,968.4,False,56.0,193,2.0,2022,12,FP2
0 days 00:03:20.454000,30.7,27.0,968.2,False,56.3,81,1.2,2022,12,FP2
0 days 00:04:20.456000,30.8,29.0,968.2,False,55.8,180,1.6,2022,12,FP2
0 days 00:05:20.460000,30.8,29.0,968.2,False,55.5,82,1.8,2022,12,FP2
0 days 00:06:20.454000,30.6,29.0,968.2,False,55.5,159,2.2,2022,12,FP2
0 days 00:07:20.454000,30.6,31.0,968.2,False,55.5,147,2.0,2022,12,FP2
0 days 00:08:20.455000,30.3,29.0,968.2,False,54.8,87,1.7,2022,12,FP2
0 days 00:09:20.455000,30.3,29.0,968.2,False,55.0,76,1.8,2022,12,FP2
0 days 00:10:20.455000,30.4,29.0,968.2,False,55.1,34,1.8,2022,12,FP2
0 days 00:11:20.456000,30.4,30.0,968.2,False,55.6,57,1.3,2022,12,FP2
0 days 00:12:20.456000,30.4,30.0,968.2,False,55.7,49,2.2,2022,12,FP2
0 days 00:13:20.469000,30.4,31.0,968.2,False,55.7,55,2.0,2022,12,FP2
0 days 00:14:20.456000,30.5,32.0,968.2,False,55.0,28,2.4,2022,12,FP2
0 days 00:15:20.462000,30.5,31.0,968.2,False,55.0,318,1.6,2022,12,FP2
0 days 00:16:20.672000,30.5,31.0,968.2,False,55.2,84,1.7,2022,12,FP2
0 days 00:17:20.656000,30.5,32.0,968.2,False,54.5,132,2.5,2022,12,FP2
0 days 00:18:20.664000,30.5,33.0,968.2,False,54.8,78,1.7,2022,12,FP2
0 days 00:19:20.674000,30.6,32.0,968.0,False,55.1,159,0.6,2022,12,FP2
0 days 00:20:20.693000,30.7,31.0,968.2,False,55.1,157,1.2,2022,12,FP2
0 days 00:21:20.711000,30.8,32.0,968.2,False,55.1,130,1.6,2022,12,FP2
0 days 00:22:20.710000,30.9,32.0,968.2,False,55.1,106,1.7,2022,12,FP2
0 days 00:23:20.712000,30.8,31.0,968.0,False,54.9,118,2.4,2022,12,FP2
0 days 00:24:20.710000,30.6,29.0,968.2,False,54.5,101,2.7,2022,12,FP2
0 days 00:25:20.709000,30.7,31.0,968.2,False,54.0,148,2.0,2022,12,FP2
0 days 00:26:20.765000,30.7,32.0,968.2,False,54.0,40,1.8,2022,12,FP2
0 days 00:27:20.709000,30.6,32.0,968.2,False,54.0,175,1.6,2022,12,FP2
0 days 00:28:20.711000,30.5,33.0,968.2,False,54.0,91,1.1,2022,12,FP2
0 days 00:29:20.709000,30.5,31.0,968.0,False,54.2,80,2.5,2022,12,FP2
0 days 00:30:20.719000,30.4,30.0,968.2,False,54.2,115,2.7,2022,12,FP2
0 days 00:31:20.712000,30.5,29.0,968.2,False,54.2,92,2.4,2022,12,FP2
0 days 00:32:20.711000,30.6,28.0,968.2,False,54.3,66,1.5,2022,12,FP2
0 days 00:33:20.709000,30.7,28.0,968.2,False,54.5,121,1.2,2022,12,FP2
0 days 00:34:20.702000,30.8,28.0,968.2,False,54.5,105,1.1,2022,12,FP2
0 days 00:35:20.710000,30.9,28.0,968.2,False,54.1,137,1.3,2022,12,FP2
0 days 00:36:20.711000,30.7,29.0,968.2,False,54.1,135,1.3,2022,12,FP2
0 days 00:37:20.706000,30.6,28.0,968.2,False,53.4,76,2.0,2022,12,FP2
0 days 00:38:20.697000,30.6,29.0,968.0,False,53.4,75,2.0,2022,12,FP2
0 days 00:39:20.720000,30.5,30.0,968.2,False,53.4,130,1.7,2022,12,FP2
0 days 00:40:20.709000,30.4,30.0,968.0,False,53.2,140,1.6,2022,12,FP2
0 days 00:41:20.711000,30.6,28.0,968.2,False,53.3,127,2.0,2022,12,FP2
0 days 00:42:20.712000,30.5,26.0,968.2,False,53.5,89,1.7,2022,12,FP2
0 days 00:43:20.709000,30.5,27.0,968.2,False,53.4,153,1.6,2022,12,FP2
0 days 00:44:20.714000,30.6,29.0,968.0,False,53.2,108,1.2,2022,12,FP2
0 days 00:45:20.713000,30.6,30.0,968.0,False,53.4,137,1.7,2022,12,FP2
0 days 00:46:20.710000,30.6,28.0,968.0,False,53.0,182,2.9,2022,12,FP2
0 days 00:47:20.727000,30.6,29.0,968.2,False,53.1,59,1.7,2022,12,FP2
0 days 00:48:20.712000,30.6,30.0,968.2,False,53.1,103,2.0,2022,12,FP2
0 days 00:49:20.712000,30.6,29.0,968.0,False,53.3,81,1.7,2022,12,FP2
0 days 00:50:20.709000,30.7,30.0,968.0,False,53.3,106,1.1,2022,12,FP2
0 days 00:51:20.711000,30.6,28.0,968.0,False,52.9,86,1.2,2022,12,FP2
0 days 00:52:20.719000,30.6,29.0,968.2,False,52.6,95,1.2,2022,12,FP2
0 days 00:53:20.713000,30.7,29.0,968.2,False,52.6,113,2.5,2022,12,FP2
0 days 00:54:20.731000,30.5,30.0,968.0,False,52.5,113,2.5,2022,12,FP2
0 days 00:55:20.708000,30.5,30.0,968.2,False,52.5,107,1.2,2022,12,FP2
0 days 00:56:20.728000,30.3,30.0,968.0,False,52.3,86,2.5,2022,12,FP2
0 days 00:57:20.714000,30.2,31.0,968.2,False,52.4,163,1.2,2022,12,FP2
0 days 00:58:20.712000,30.5,32.0,968.2,False,52.3,92,1.1,2022,12,FP2
0 days 00:59:20.713000,30.5,31.0,968.0,False,52.3,152,2.0,2022,12,FP2
0 days 01:00:20.716000,30.5,33.0,968.2,False,51.9,101,2.2,2022,12,FP2
0 days 01:01:20.715000,30.4,34.0,968.2,False,51.7,172,2.2,2022,12,FP2
0 days 01:02:20.713000,30.4,34.0,968.0,False,52.0,135,2.2,2022,12,FP2
0 days 01:03:20.713000,30.4,35.0,968.2,False,51.7,132,1.7,2022,12,FP2
0 days 01:04:20.715000,30.4,36.0,968.0,False,51.7,68,1.3,2022,12,FP2
0 days 01:05:20.712000,30.4,37.0,968.2,False,51.4,92,1.3,2022,12,FP2
0 days 01:06:20.710000,30.5,37.0,968.0,False,51.5,125,1.0,2022,12,FP2
0 days 01:07:20.727000,30.4,37.0,968.2,False,51.4,175,2.0,2022,12,FP2
0 days 01:08:20.710000,30.4,38.0,968.2,False,51.3,150,2.2,2022,12,FP2
0 days 01:09:20.723000,30.4,39.0,968.2,False,51.2,149,3.2,2022,12,FP2
0 days 01:10:20.712000,30.2,40.0,968.2,False,51.2,124,1.7,2022,12,FP2
0 days 01:11:20.711000,30.1,40.0,968.0,False,50.9,125,1.5,2022,12,FP2
0 days 01:12:20.716000,30.0,40.0,968.2,False,50.9,120,2.2,2022,12,FP2
0 days 01:13:20.712000,29.9,40.0,968.2,False,50.8,63,1.1,2022,12,FP2
0 days 01:14:20.725000,30.0,40.0,968.0,False,50.5,118,1.2,2022,12,FP2
0 days 01:15:20.713000,30.0,40.0,968.0,False,50.8,121,2.2,2022,12,FP2
0 days 01:16:20.712000,29.8,41.0,968.0,False,50.5,123,2.0,2022,12,FP2
0 days 01:17:20.710000,29.9,41.0,968.2,False,50.4,133,1.7,2022,12,FP2
0 days 01:18:20.711000,30.0,39.0,968.2,False,50.4,171,1.8,2022,12,FP2
0 days 01:19:20.713000,30.1,39.0,968.2,False,50.7,134,1.3,2022,12,FP2
0 days 01:20:20.712000,29.8,40.0,968.0,False,50.4,75,2.2,2022,12,FP2
0 days 00:01:00.414000,33.3,26.0,985.5,False,49.9,97,2.9,2022,13,FP2
0 days 00:02:00.430000,33.1,26.0,985.7,False,50.4,108,1.7,2022,13,FP2
0 days 00:03:00.445000,33.1,26.0,985.5,False,50.4,146,2.9,2022,13,FP2
0 days 00:04:00.464000,33.2,26.0,985.7,False,50.4,93,3.2,2022,13,FP2
0 days 00:05:00.464000,33.2,26.0,985.7,False,49.5,130,2.7,2022,13,FP2
0 days 00:06:00.464000,33.2,26.0,985.5,False,49.4,312,1.7,2022,13,FP2
0 days 00:07:00.463000,33.3,26.0,985.5,False,49.4,97,0.8,2022,13,FP2
0 days 00:08:00.466000,33.2,26.0,985.5,False,49.5,154,1.2,2022,13,FP2
0 days 00:09:00.465000,33.2,26.0,985.7,False,50.0,99,1.6,2022,13,FP2
0 days 00:10:00.462000,33.0,26.0,985.5,False,50.0,133,1.8,2022,13,FP2
0 days 00:11:00.452000,33.1,25.0,985.5,False,49.5,81,1.7,2022,13,FP2
0 days 00:12:00.470000,33.0,25.0,985.5,False,49.5,81,1.7,2022,13,FP2
0 days 00:13:00.462000,33.0,26.0,985.5,False,49.7,101,1.7,2022,13,FP2
0 days 00:14:00.479000,33.0,26.0,985.5,False,49.7,98,2.5,2022,13,FP2
0 days 00:15:00.497000,33.0,26.0,985.5,False,49.7,87,2.5,2022,13,FP2
0 days 00:16:00.546000,33.0,26.0,985.5,False,49.7,130,2.0,2022,13,FP2
0 days 00:17:00.512000,33.0,26.0,985.5,False,49.7,160,1.7,2022,13,FP2
0 days 00:18:00.527000,32.9,26.0,985.5,False,49.2,116,1.7,2022,13,FP2
0 days 00:19:00.543000,32.8,26.0,985.5,False,49.2,289,0.8,2022,13,FP2
0 days 00:20:00.558000,32.8,26.0,985.5,False,49.2,100,1.3,2022,13,FP2
0 days 00:21:00.566000,32.8,26.0,985.5,False,49.3,132,2.9,2022,13,FP2
0 days 00:22:00.571000,32.9,26.0,985.5,False,49.4,121,2.7,2022,13,FP2
0 days 00:23:00.562000,32.9,26.0,985.5,False,49.4,132,2.0,2022,13,FP2
0 days 00:24:00.574000,33.0,25.0,985.4,False,48.9,102,1.0,2022,13,FP2
0 days 00:25:00.588000,33.0,25.0,985.4,False,48.9,94,0.4,2022,13,FP2
0 days 00:26:00.594000,33.0,25.0,985.5,False,48.8,90,1.2,2022,13,FP2
0 days 00:27:00.605000,32.9,25.0,985.5,False,48.8,139,1.7,2022,13,FP2
0 days 00:28:00.589000,32.9,25.0,985.5,False,49.1,120,1.7,2022,13,FP2
0 days 00:29:00.592000,33.0,26.0,985.4,False,48.9,104,2.7,2022,13,FP2
0 days 00:30:00.607000,33.1,26.0,985.4,False,48.7,99,2.4,2022,13,FP2
0 days 00:31:00.599000,33.2,25.0,985.4,False,48.7,97,2.5,2022,13,FP2
0 days 00:32:00.626000,33.2,25.0,985.2,False,48.6,109,2.4,2022,13,FP2
0 days 00:33:00.591000,33.2,25.0,985.4,False,48.6,109,2.2,2022,13,FP2
0 days 00:34:00.606000,33.1,25.0,985.4,False,48.4,111,2.0,2022,13,FP2
0 days 00:35:00.607000,33.1,26.0,985.4,False,48.0,94,1.5,2022,13,FP2
0 days 00:36:00.593000,33.1,25.0,985.4,False,48.2,122,1.2,2022,13,FP2
0 days 00:37:00.606000,33.0,25.0,985.2,False,48.2,122,1.7,2022,13,FP2
0 days 00:38:00.595000,33.1,25.0,985.2,False,47.7,103,0.8,2022,13,FP2
0 days 00:39:00.594000,33.2,25.0,985.2,False,47.8,119,1.2,2022,13,FP2
0 days 00:40:00.592000,33.1,25.0,985.2,False,47.8,95,1.2,2022,13,FP2
0 days 00:41:00.593000,33.2,25.0,985.2,False,47.8,94,2.5,2022,13,FP2
0 days 00:42:00.592000,33.2,25.0,985.2,False,48.5,123,2.0,2022,13,FP2
0 days 00:43:00.615000,33.2,25.0,985.2,False,48.5,127,2.2,2022,13,FP2
0 days 00:44:00.593000,33.1,25.0,985.2,False,47.9,90,2.0,2022,13,FP2
0 days 00:45:00.594000,33.1,25.0,985.2,False,47.9,126,2.2,2022,13,FP2
0 days 00:46:00.597000,33.2,25.0,985.2,False,47.9,114,1.7,2022,13,FP2
0 days 00:47:00.593000,33.3,25.0,985.2,False,48.0,101,2.5,2022,13,FP2
0 days 00:48:00.597000,33.3,25.0,985.2,False,47.8,117,2.0,2022,13,FP2
0 days 00:49:00.599000,33.4,25.0,985.2,False,47.5,94,2.2,2022,13,FP2
0 days 00:50:00.608000,33.5,25.0,985.2,False,47.6,78,1.7,2022,13,FP2
0 days 00:51:00.607000,33.6,24.0,985.2,False,47.7,130,1.3,2022,13,FP2
0 days 00:52:00.622000,33.5,24.0,985.2,False,47.3,117,1.3,2022,13,FP2
0 days 00:53:00.638000,33.7,24.0,985.2,False,47.3,117,1.3,2022,13,FP2
0 days 00:54:00.638000,33.7,24.0,985.2,False,47.3,115,0.8,2022,13,FP2
0 days 00:55:00.636000,33.8,24.0,985.2,False,47.3,121,1.5,2022,13,FP2
0 days 00:56:00.663000,33.6,25.0,985.2,False,46.2,126,0.5,2022,13,FP2
0 days 00:57:00.671000,33.5,25.0,985.2,False,46.1,125,0.6,2022,13,FP2
0 days 00:58:00.687000,33.4,25.0,985.2,False,46.2,149,0.8,2022,13,FP2
0 days 00:59:00.696000,33.4,25.0,985.2,False,46.2,167,0.8,2022,13,FP2
0 days 01:00:00.691000,33.3,25.0,985.2,False,46.3,0,0.6,2022,13,FP2
0 days 01:01:00.687000,33.4,25.0,985.2,False,46.3,169,0.6,2022,13,FP2
0 days 01:02:00.687000,33.3,25.0,985.0,False,46.3,79,1.1,2022,13,FP2
0 days 01:03:00.702000,33.4,25.0,985.2,False,46.5,153,2.4,2022,13,FP2
0 days 01:04:00.703000,33.4,25.0,985.2,False,46.7,123,1.5,2022,13,FP2
0 days 01:05:00.718000,33.7,25.0,985.2,False,46.5,117,1.3,2022,13,FP2
0 days 01:06:00.724000,33.8,24.0,985.2,False,46.5,231,1.2,2022,13,FP2
0 days 01:07:00.735000,33.8,25.0,985.2,False,45.7,144,1.6,2022,13,FP2
0 days 01:08:00.749000,33.8,25.0,985.0,False,45.5,139,2.0,2022,13,FP2
0 days 01:09:00.750000,33.6,25.0,985.0,False,45.5,147,2.0,2022,13,FP2
0 days 01:10:00.838000,33.6,25.0,985.2,False,45.7,140,2.5,2022,13,FP2
0 days 01:11:00.765000,33.5,25.0,985.2,False,45.4,145,2.2,2022,13,FP2
0 days 01:12:00.767000,33.4,26.0,985.0,False,45.4,132,1.8,2022,13,FP2
0 days 01:13:00.766000,33.3,25.0,985.0,False,45.1,147,2.5,2022,13,FP2
0 days 01:14:00.766000,33.2,25.0,985.2,False,45.1,132,1.5,2022,13,FP2
0 days 01:15:00.775000,33.2,25.0,985.0,False,45.1,189,1.7,2022,13,FP2
0 days 01:16:00.820000,33.1,25.0,985.2,False,44.9,121,1.7,2022,13,FP2
0 days 01:17:00.783000,33.0,25.0,985.0,False,44.9,132,1.2,2022,13,FP2
0 days 01:18:00.780000,33.0,25.0,985.2,False,44.9,331,1.8,2022,13,FP2
0 days 01:19:00.790000,33.1,24.0,985.0,False,44.9,83,0.5,2022,13,FP2
0 days 01:20:00.785000,33.1,24.0,985.0,False,44.5,98,0.6,2022,13,FP2
0 days 01:21:00.784000,33.1,25.0,985.0,False,44.1,0,0.8,2022,13,FP2
0 days 01:22:00.808000,33.1,25.0,985.0,False,43.3,0,0.0,2022,13,FP2
0 days 00:00:40.807000,18.2,83.0,968.0,False,22.0,347,2.4,2022,14,FP2
0 days 00:01:40.819000,18.3,83.0,968.0,False,21.9,303,1.5,2022,14,FP2
0 days 00:02:40.823000,18.3,84.0,968.0,False,21.9,344,1.6,2022,14,FP2
0 days 00:03:40.820000,18.3,83.0,968.0,False,21.9,288,1.6,2022,14,FP2
0 days 00:04:40.824000,18.2,83.0,968.0,False,21.8,327,2.5,2022,14,FP2
0 days 00:05:40.822000,18.2,83.0,968.0,False,21.7,331,1.6,2022,14,FP2
0 days 00:06:40.822000,18.2,83.0,968.0,False,21.8,312,2.4,2022,14,FP2
0 days 00:07:40.826000,18.1,83.0,968.0,False,21.9,298,2.7,2022,14,FP2
0 days 00:08:40.822000,18.1,84.0,968.0,False,21.7,333,2.4,2022,14,FP2
0 days 00:09:40.822000,18.1,83.0,968.2,False,21.7,304,2.4,2022,14,FP2
0 days 00:10:40.819000,18.1,83.0,968.0,False,21.7,284,2.4,2022,14,FP2
0 days 00:11:40.819000,18.1,84.0,968.2,False,21.6,350,2.4,2022,14,FP2
0 days 00:12:40.824000,18.1,84.0,968.0,False,21.8,312,1.8,2022,14,FP2
0 days 00:13:40.822000,18.1,84.0,968.0,False,21.8,344,1.7,2022,14,FP2
0 days 00:14:40.825000,18.1,84.0,968.0,False,21.7,359,1.3,2022,14,FP2
0 days 00:15:40.824000,18.1,83.0,968.0,False,21.8,341,1.2,2022,14,FP2
0 days 00:16:40.829000,18.1,84.0,968.2,False,21.8,314,1.8,2022,14,FP2
0 days 00:17:40.822000,18.1,84.0,968.0,False,21.8,7,1.2,2022,14,FP2
0 days 00:18:40.840000,18.0,84.0,968.0,False,21.8,347,1.1,2022,14,FP2
0 days 00:19:40.853000,18.0,83.0,968.0,False,21.8,330,1.2,2022,14,FP2
0 days 00:20:40.867000,18.0,84.0,968.0,False,21.6,319,1.7,2022,14,FP2
0 days 00:21:40.868000,18.0,84.0,968.0,False,21.7,357,2.2,2022,14,FP2
0 days 00:22:40.867000,18.0,84.0,968.0,False,21.7,336,2.2,2022,14,FP2
0 days 00:23:40.870000,18.1,84.0,968.0,False,21.7,319,2.0,2022,14,FP2
0 days 00:24:40.876000,18.1,84.0,968.0,False,21.7,346,2.0,2022,14,FP2
0 days 00:25:40.870000,18.1,84.0,968.0,False,21.8,328,1.5,2022,14,FP2
0 days 00:26:40.891000,18.2,84.0,968.0,False,21.9,345,1.2,2022,14,FP2
0 days 00:27:40.869000,18.1,84.0,968.0,False,22.1,296,2.0,2022,14,FP2
0 days 00:28:40.887000,18.1,84.0,968.0,False,22.3,349,1.3,2022,14,FP2
0 days 00:29:40.904000,18.1,84.0,968.0,False,22.3,335,1.5,2022,14,FP2
0 days 00:30:40.930000,18.2,84.0,968.0,False,22.3,284,1.2,2022,14,FP2
0 days 00:31:40.992000,18.2,84.0,968.0,False,22.2,319,1.0,2022,14,FP2
0 days 00:32:40.924000,18.2,84.0,968.0,False,22.4,313,1.1,2022,14,FP2
0 days 00:33:40.937000,18.2,84.0,968.0,False,22.4,327,1.6,2022,14,FP2
0 days 00:34:40.957000,18.2,84.0,968.0,False,22.3,289,1.3,2022,14,FP2
0 days 00:35:40.989000,18.2,84.0,968.0,False,22.2,323,1.2,2022,14,FP2
0 days 00:36:40.960000,18.3,84.0,968.0,False,22.0,295,1.0,2022,14,FP2
0 days 00:37:40.970000,18.2,83.0,968.0,False,22.3,314,1.3,2022,14,FP2
0 days 00:38:40.965000,18.2,84.0,968.0,False,22.3,333,1.3,2022,14,FP2
0 days 00:39:40.957000,18.2,84.0,968.0,False,22.1,316,2.5,2022,14,FP2
0 days 00:40:40.951000,18.2,84.0,968.0,False,22.1,338,2.4,2022,14,FP2
0 days 00:41:40.958000,18.2,84.0,968.0,False,21.8,8,1.3,2022,14,FP2
0 days 00:42:40.962000,18.2,84.0,968.0,False,21.9,330,1.8,2022,14,FP2
0 days 00:43:40.971000,18.2,84.0,968.0,False,22.0,315,1.3,2022,14,FP2
0 days 00:44:40.980000,18.2,84.0,968.0,False,21.7,318,1.8,2022,14,FP2
0 days 00:45:40.995000,18.1,84.0,968.0,False,21.7,326,1.7,2022,14,FP2
0 days 00:46:40.994000,18.1,84.0,968.0,False,21.8,306,1.2,2022,14,FP2
0 days 00:47:40.998000,18.2,84.0,968.0,False,22.0,18,1.1,2022,14,FP2
0 days 00:48:40.997000,18.1,84.0,968.0,False,22.0,353,1.2,2022,14,FP2
0 days 00:49:40.996000,18.1,84.0,968.0,False,21.8,337,2.0,2022,14,FP2
0 days 00:50:41.005000,18.1,84.0,968.0,False,21.5,321,1.3,2022,14,FP2
0 days 00:51:40.999000,18.1,84.0,968.0,False,21.5,313,1.0,2022,14,FP2
0 days 00:52:40.995000,18.1,84.0,968.0,False,21.5,325,1.2,2022,14,FP2
0 days 00:53:40.998000,18.1,84.0,968.0,False,21.5,329,1.3,2022,14,FP2
0 days 00:54:40.995000,18.1,85.0,968.2,False,21.5,338,1.5,2022,14,FP2
0 days 00:55:41.016000,18.0,85.0,968.0,False,21.3,339,1.1,2022,14,FP2
0 days 00:56:41.018000,18.0,85.0,968.0,False,21.3,324,0.8,2022,14,FP2
0 days 00:57:41.027000,17.9,85.0,968.2,False,21.3,329,1.2,2022,14,FP2
0 days 00:58:41.042000,17.9,85.0,968.2,False,21.2,324,1.2,2022,14,FP2
0 days 00:59:41.042000,17.8,85.0,968.0,False,21.2,309,1.2,2022,14,FP2
0 days 01:00:41.052000,17.8,86.0,968.0,False,21.2,308,1.0,2022,14,FP2
0 days 01:01:41.055000,17.7,85.0,968.0,False,21.2,300,1.6,2022,14,FP2
0 days 01:02:41.042000,17.7,86.0,968.0,False,21.2,296,1.5,2022,14,FP2
0 days 01:03:41.042000,17.7,86.0,968.0,False,21.0,328,0.8,2022,14,FP2
0 days 01:04:41.043000,17.7,86.0,968.0,False,21.0,257,1.7,2022,14,FP2
0 days 01:05:41.042000,17.7,86.0,968.0,False,20.9,350,1.7,2022,14,FP2
0 days 01:06:41.063000,17.6,86.0,968.0,False,20.9,318,1.1,2022,14,FP2
0 days 01:07:41.073000,17.6,86.0,968.0,False,20.9,345,1.5,2022,14,FP2
0 days 01:08:41.073000,17.5,86.0,968.0,False,20.8,3,1.2,2022,14,FP2
0 days 01:09:41.073000,17.5,86.0,967.9,False,20.7,322,2.0,2022,14,FP2
0 days 01:10:41.076000,17.5,87.0,968.0,False,20.7,314,2.2,2022,14,FP2
0 days 01:11:41.074000,17.5,87.0,968.0,False,20.6,330,1.8,2022,14,FP2
0 days 01:12:41.074000,17.4,87.0,968.0,False,20.5,343,2.0,2022,14,FP2
0 days 01:13:41.074000,17.4,87.0,968.0,False,20.5,326,2.0,2022,14,FP2
0 days 01:14:41.074000,17.4,87.0,968.0,False,20.5,324,2.0,2022,14,FP2
0 days 01:15:41.073000,17.3,87.0,968.0,False,20.4,317,1.7,2022,14,FP2
0 days 01:16:41.075000,17.3,87.0,967.9,False,20.4,284,1.7,2022,14,FP2
0 days 01:17:41.086000,17.3,87.0,968.0,False,20.5,319,2.5,2022,14,FP2
0 days 01:18:41.072000,17.3,88.0,968.0,False,20.4,301,2.5,2022,14,FP2
0 days 01:19:41.079000,17.2,88.0,968.0,False,20.4,295,2.5,2022,14,FP2
0 days 01:20:41.076000,17.2,88.0,968.0,False,20.4,313,1.8,2022,14,FP2
0 days 01:21:41.078000,17.2,88.0,968.0,False,20.5,319,1.7,2022,14,FP2
0 days 01:22:41.082000,17.3,89.0,968.0,False,20.5,329,1.0,2022,14,FP2
0 days 01:23:41.076000,17.3,88.0,967.9,False,20.5,330,1.2,2022,14,FP2
0 days 00:00:42.537000,25.9,32.0,1012.7,False,36.3,1,1.7,2022,15,FP2
0 days 00:01:42.536000,26.0,32.0,1012.7,False,36.3,340,2.0,2022,15,FP2
0 days 00:02:42.536000,25.9,33.0,1012.7,False,36.5,193,1.6,2022,15,FP2
0 days 00:03:42.531000,25.8,33.0,1012.5,False,36.6,257,1.2,2022,15,FP2
0 days 00:04:42.537000,25.9,33.0,1012.5,False,36.7,36,0.8,2022,15,FP2
0 days 00:05:42.535000,25.8,33.0,1012.5,False,36.8,30,1.3,2022,15,FP2
0 days 00:06:42.535000,25.9,33.0,1012.5,False,36.8,312,2.5,2022,15,FP2
0 days 00:07:42.534000,25.9,33.0,1012.5,False,36.7,5,1.2,2022,15,FP2
0 days 00:08:42.534000,25.9,33.0,1012.5,False,36.8,66,1.5,2022,15,FP2
0 days 00:09:42.534000,26.0,32.0,1012.5,False,36.8,283,0.8,2022,15,FP2
0 days 00:10:42.534000,26.0,33.0,1012.5,False,36.9,350,0.6,2022,15,FP2
0 days 00:11:42.537000,26.1,32.0,1012.5,False,37.1,305,1.3,2022,15,FP2
0 days 00:12:42.535000,26.1,32.0,1012.5,False,37.4,318,1.2,2022,15,FP2
0 days 00:13:42.535000,26.2,32.0,1012.5,False,37.4,284,0.4,2022,15,FP2
0 days 00:14:42.534000,26.2,31.0,1012.5,False,37.5,5,1.7,2022,15,FP2
0 days 00:15:42.538000,26.1,31.0,1012.5,False,37.4,289,1.7,2022,15,FP2
0 days 00:16:42.537000,26.0,31.0,1012.5,False,37.5,184,1.7,2022,15,FP2
0 days 00:17:42.551000,26.2,31.0,1012.5,False,37.5,199,0.5,2022,15,FP2
0 days 00:18:42.566000,26.2,31.0,1012.5,False,37.3,0,1.0,2022,15,FP2
0 days 00:19:42.594000,26.3,30.0,1012.5,False,37.2,242,0.8,2022,15,FP2
0 days 00:20:42.595000,26.3,30.0,1012.4,False,37.1,187,1.3,2022,15,FP2
0 days 00:22:42.592000,26.3,30.0,1012.4,False,37.2,205,3.2,2022,15,FP2
0 days 00:23:42.599000,26.3,30.0,1012.5,False,37.2,234,2.5,2022,15,FP2
0 days 00:24:42.625000,26.3,30.0,1012.4,False,37.1,215,1.7,2022,15,FP2
0 days 00:25:42.638000,26.3,30.0,1012.5,False,37.1,243,1.6,2022,15,FP2
0 days 00:26:42.643000,26.4,30.0,1012.5,False,37.1,242,0.8,2022,15,FP2
0 days 00:27:42.656000,26.5,29.0,1012.4,False,37.3,341,1.1,2022,15,FP2
0 days 00:28:42.658000,26.5,29.0,1012.4,False,37.1,0,1.0,2022,15,FP2
0 days 00:29:42.646000,26.4,29.0,1012.2,False,37.1,346,1.0,2022,15,FP2
0 days 00:30:42.659000,26.4,29.0,1012.4,False,37.1,0,1.8,2022,15,FP2
0 days 00:31:42.657000,26.3,30.0,1012.4,False,37.0,229,0.6,2022,15,FP2
0 days 00:32:42.654000,26.3,29.0,1012.5,False,36.9,267,0.8,2022,15,FP2
0 days 00:33:42.656000,26.1,30.0,1012.2,False,36.8,331,1.2,2022,15,FP2
0 days 00:34:42.658000,26.1,30.0,1012.4,False,36.8,253,0.6,2022,15,FP2
0 days 00:35:42.657000,26.1,30.0,1012.2,False,36.8,325,1.1,2022,15,FP2
0 days 00:36:42.653000,26.1,30.0,1012.4,False,36.7,212,0.8,2022,15,FP2
0 days 00:37:42.655000,26.1,29.0,1012.4,False,36.7,179,0.4,2022,15,FP2
0 days 00:38:42.655000,26.0,29.0,1012.4,False,36.6,202,1.7,2022,15,FP2
0 days 00:39:42.657000,26.0,29.0,1012.2,False,36.6,296,2.2,2022,15,FP2
0 days 00:40:42.656000,26.0,29.0,1012.2,False,36.6,215,1.2,2022,15,FP2
0 days 00:41:42.656000,26.0,29.0,1012.2,False,36.5,186,1.2,2022,15,FP2
0 days 00:42:42.656000,26.0,29.0,1012.2,False,36.4,217,0.8,2022,15,FP2
0 days 00:43:42.655000,26.0,29.0,1012.2,False,35.6,150,1.0,2022,15,FP2
0 days 00:44:44.349000,26.0,29.0,1012.2,False,35.6,218,2.0,2022,15,FP2
0 days 00:45:42.655000,26.0,29.0,1012.2,False,35.6,8,1.7,2022,15,FP2
0 days 00:46:42.658000,25.9,30.0,1012.2,False,35.7,292,0.6,2022,15,FP2
0 days 00:47:42.662000,25.9,30.0,1012.2,False,35.7,220,1.1,2022,15,FP2
0 days 00:48:43.252000,26.0,30.0,1012.2,False,35.9,238,1.2,2022,15,FP2
0 days 00:49:42.657000,26.0,30.0,1012.4,False,35.9,211,0.6,2022,15,FP2
0 days 00:50:42.656000,26.1,29.0,1012.4,False,36.0,289,1.1,2022,15,FP2
0 days 00:51:42.663000,26.1,29.0,1012.4,False,36.0,174,1.3,2022,15,FP2
0 days 00:52:42.657000,26.1,29.0,1012.2,False,36.2,212,0.8,2022,15,FP2
0 days 00:53:42.657000,26.3,29.0,1012.2,False,36.2,325,1.0,2022,15,FP2
0 days 00:54:42.657000,26.4,29.0,1012.2,False,36.3,7,0.8,2022,15,FP2
0 days 00:55:42.658000,26.2,29.0,1012.0,False,36.3,347,1.1,2022,15,FP2
0 days 00:56:42.658000,26.2,29.0,1012.2,False,36.3,0,1.2,2022,15,FP2
0 days 00:57:42.660000,26.2,29.0,1012.0,False,36.3,15,0.6,2022,15,FP2
0 days 00:58:42.657000,26.3,29.0,1012.2,False,36.2,234,1.2,2022,15,FP2
0 days 00:59:42.664000,26.3,29.0,1012.0,False,36.2,212,2.2,2022,15,FP2
0 days 01:00:42.658000,26.2,29.0,1012.0,False,36.2,105,1.0,2022,15,FP2
0 days 01:01:42.658000,26.1,29.0,1012.2,False,36.2,73,0.8,2022,15,FP2
0 days 01:02:42.657000,26.1,29.0,1012.0,False,35.8,103,1.1,2022,15,FP2
0 days 01:03:42.660000,26.0,29.0,1012.0,False,35.7,332,0.6,2022,15,FP2
0 days 01:04:42.658000,26.0,30.0,1012.0,False,35.9,246,0.8,2022,15,FP2
0 days 01:05:42.656000,26.0,30.0,1012.0,False,35.8,307,0.8,2022,15,FP2
0 days 01:06:42.659000,25.9,30.0,1012.0,False,35.8,359,1.1,2022,15,FP2
0 days 01:07:42.659000,25.9,31.0,1012.0,False,35.5,315,1.7,2022,15,FP2
0 days 01:08:42.657000,25.8,31.0,1012.0,False,35.5,327,1.1,2022,15,FP2
0 days 01:09:42.658000,25.8,31.0,1012.0,False,35.5,283,0.8,2022,15,FP2
0 days 01:10:42.649000,25.9,31.0,1012.0,False,35.6,153,0.8,2022,15,FP2
0 days 01:11:42.651000,25.9,31.0,1012.0,False,35.7,340,0.8,2022,15,FP2
0 days 01:12:42.658000,25.9,31.0,1012.2,False,35.7,0,1.2,2022,15,FP2
0 days 01:13:42.659000,25.9,30.0,1012.0,False,35.7,193,1.2,2022,15,FP2
0 days 01:14:42.669000,25.8,30.0,1012.0,False,35.7,202,1.6,2022,15,FP2
0 days 01:15:42.658000,25.9,30.0,1012.0,False,35.5,107,1.5,2022,15,FP2
0 days 01:16:42.660000,25.9,30.0,1012.2,False,35.5,121,1.2,2022,15,FP2
0 days 01:17:42.658000,25.8,30.0,1012.0,False,35.2,78,1.1,2022,15,FP2
0 days 00:00:27.292000,27.3,43.0,989.2,False,37.4,1,0.5,2022,16,FP2
0 days 00:01:27.295000,27.4,43.0,989.2,False,37.3,118,0.6,2022,16,FP2
0 days 00:02:27.333000,27.4,43.0,989.2,False,37.3,159,1.1,2022,16,FP2
0 days 00:03:27.322000,27.3,42.0,989.2,False,37.4,196,1.7,2022,16,FP2
0 days 00:04:27.325000,27.3,43.0,989.2,False,37.5,339,0.8,2022,16,FP2
0 days 00:05:27.327000,27.3,44.0,989.2,False,37.5,297,0.8,2022,16,FP2
0 days 00:06:27.326000,27.3,44.0,989.2,False,36.9,315,1.2,2022,16,FP2
0 days 00:07:27.323000,27.3,43.0,989.2,False,37.5,335,0.8,2022,16,FP2
0 days 00:08:27.327000,27.3,43.0,989.2,False,37.6,0,1.1,2022,16,FP2
0 days 00:09:27.327000,27.0,43.0,989.2,False,37.6,173,0.8,2022,16,FP2
0 days 00:10:27.323000,27.0,43.0,989.2,False,37.8,168,2.0,2022,16,FP2
0 days 00:11:27.341000,27.7,43.0,989.2,False,38.3,154,2.0,2022,16,FP2
0 days 00:12:27.345000,27.6,42.0,989.2,False,38.4,0,0.4,2022,16,FP2
0 days 00:13:27.358000,27.5,43.0,989.2,False,38.1,299,0.4,2022,16,FP2
0 days 00:14:27.358000,27.4,43.0,989.2,False,38.0,0,0.6,2022,16,FP2
0 days 00:15:27.361000,27.4,43.0,989.2,False,38.2,212,0.5,2022,16,FP2
0 days 00:16:27.372000,27.4,42.0,989.0,False,38.1,266,0.6,2022,16,FP2
0 days 00:17:27.385000,27.2,42.0,989.2,False,38.1,89,0.4,2022,16,FP2
0 days 00:18:27.407000,27.2,42.0,989.2,False,38.0,176,0.6,2022,16,FP2
0 days 00:19:27.409000,27.3,42.0,989.2,False,38.3,185,0.8,2022,16,FP2
0 days 00:20:27.403000,27.5,42.0,989.2,False,38.8,185,1.5,2022,16,FP2
0 days 00:21:27.403000,27.6,41.0,989.2,False,38.8,194,2.0,2022,16,FP2
0 days 00:22:27.404000,27.8,41.0,989.2,False,38.6,197,1.8,2022,16,FP2
0 days 00:23:27.404000,27.9,41.0,989.0,False,38.4,207,1.7,2022,16,FP2
0 days 00:24:27.405000,28.0,41.0,989.2,False,38.4,161,2.0,2022,16,FP2
0 days 00:25:27.403000,27.9,41.0,989.0,False,38.4,212,3.0,2022,16,FP2
0 days 00:26:27.418000,27.8,42.0,989.2,False,38.4,156,1.7,2022,16,FP2
0 days 00:27:27.419000,27.7,42.0,989.2,False,38.4,188,1.8,2022,16,FP2
0 days 00:28:27.445000,27.6,42.0,989.2,False,38.1,172,1.6,2022,16,FP2
0 days 00:29:27.465000,27.6,41.0,989.2,False,38.2,170,1.8,2022,16,FP2
0 days 00:30:27.457000,27.6,42.0,989.2,False,38.2,0,0.6,2022,16,FP2
0 days 00:31:27.450000,27.4,42.0,989.2,False,38.1,0,0.0,2022,16,FP2
0 days 00:32:27.451000,27.4,42.0,989.2,False,37.3,293,0.0,2022,16,FP2
0 days 00:33:27.461000,27.5,42.0,989.2,False,37.4,0,0.3,2022,16,FP2
0 days 00:34:27.452000,27.5,41.0,989.2,False,37.7,259,0.6,2022,16,FP2
0 days 00:35:27.450000,27.5,42.0,989.2,False,37.6,0,0.3,2022,16,FP2
0 days 00:36:27.456000,27.5,41.0,989.2,False,37.4,325,0.0,2022,16,FP2
0 days 00:37:27.454000,27.4,42.0,989.2,False,37.5,334,0.8,2022,16,FP2
0 days 00:38:27.450000,27.4,42.0,989.0,False,37.3,59,0.8,2022,16,FP2
0 days 00:39:27.457000,27.4,42.0,989.2,False,37.6,61,0.8,2022,16,FP2
0 days 00:40:27.479000,27.4,41.0,989.0,False,37.5,261,0.8,2022,16,FP2
0 days 00:41:27.468000,27.3,41.0,989.2,False,37.5,169,0.8,2022,16,FP2
0 days 00:42:27.480000,27.4,40.0,989.0,False,37.5,194,1.7,2022,16,FP2
0 days 00:43:27.484000,27.6,39.0,989.2,False,38.0,182,1.3,2022,16,FP2
0 days 00:44:27.498000,27.6,40.0,989.0,False,37.9,186,1.0,2022,16,FP2
0 days 00:45:27.502000,27.6,40.0,989.2,False,37.5,192,1.2,2022,16,FP2
0 days 00:46:27.511000,27.7,41.0,989.0,False,37.5,172,1.5,2022,16,FP2
0 days 00:47:27.536000,27.6,41.0,989.0,False,37.7,178,1.5,2022,16,FP2
0 days 00:48:27.530000,27.7,40.0,989.0,False,37.9,0,1.2,2022,16,FP2
0 days 00:49:27.529000,27.6,39.0,989.0,False,37.9,251,0.5,2022,16,FP2
0 days 00:50:27.531000,27.5,40.0,989.0,False,37.9,141,0.4,2022,16,FP2
0 days 00:51:27.530000,27.5,40.0,989.0,False,37.1,199,0.6,2022,16,FP2
0 days 00:52:27.535000,27.6,40.0,989.0,False,37.1,0,0.8,2022,16,FP2
0 days 00:53:27.522000,27.6,40.0,989.0,False,37.2,206,0.5,2022,16,FP2
0 days 00:54:27.529000,27.6,40.0,989.0,False,37.2,186,1.5,2022,16,FP2
0 days 00:55:27.529000,27.5,41.0,989.0,False,37.3,172,2.2,2022,16,FP2
0 days 00:56:27.533000,27.5,39.0,989.0,False,37.3,178,1.8,2022,16,FP2
0 days 00:57:27.550000,27.6,39.0,989.0,False,37.4,197,1.8,2022,16,FP2
0 days 00:58:27.531000,27.7,40.0,989.0,False,37.3,0,1.7,2022,16,FP2
0 days 00:59:27.532000,27.7,39.0,989.0,False,37.1,216,0.5,2022,16,FP2
0 days 01:00:27.530000,27.7,39.0,989.0,False,37.0,147,1.0,2022,16,FP2
0 days 01:01:27.562000,27.6,39.0,989.0,False,36.8,186,1.0,2022,16,FP2
0 days 01:02:27.531000,27.7,39.0,989.0,False,36.7,206,0.8,2022,16,FP2
0 days 01:03:27.523000,27.8,39.0,989.0,False,36.7,161,1.1,2022,16,FP2
0 days 01:04:27.532000,27.8,39.0,989.0,False,36.5,225,1.1,2022,16,FP2
0 days 01:05:27.543000,27.8,39.0,989.0,False,36.6,202,0.6,2022,16,FP2
0 days 01:06:27.532000,27.8,39.0,989.0,False,36.6,228,1.3,2022,16,FP2
0 days 01:07:27.530000,27.8,38.0,988.9,False,36.6,40,1.1,2022,16,FP2
0 days 01:08:27.546000,27.8,38.0,989.0,False,36.5,203,1.5,2022,16,FP2
0 days 01:09:27.562000,27.8,39.0,989.0,False,36.6,61,0.8,2022,16,FP2
0 days 01:10:27.580000,27.7,39.0,988.9,False,36.6,207,1.6,2022,16,FP2
0 days 01:11:27.596000,27.7,39.0,988.7,False,36.6,209,1.2,2022,16,FP2
0 days 01:12:27.594000,27.7,39.0,988.9,False,36.7,206,1.2,2022,16,FP2
0 days 01:13:27.609000,27.8,38.0,988.7,False,36.5,244,1.5,2022,16,FP2
0 days 01:14:27.627000,27.7,38.0,988.7,False,36.4,187,1.2,2022,16,FP2
0 days 01:15:27.625000,27.7,38.0,988.7,False,36.0,209,0.8,2022,16,FP2
0 days 01:16:27.640000,27.7,38.0,988.7,False,36.0,121,1.2,2022,16,FP2
0 days 01:17:27.661000,27.6,39.0,988.7,False,35.9,200,1.1,2022,16,FP2
0 days 01:18:27.656000,27.7,38.0,988.7,False,35.9,76,1.2,2022,16,FP2
0 days 01:19:27.657000,27.6,38.0,988.9,False,36.0,65,0.6,2022,16,FP2
0 days 01:20:27.657000,27.6,38.0,988.7,False,36.0,252,0.6,2022,16,FP2
0 days 00:00:10.220000,29.2,77.0,1008.4,False,33.5,119,0.6,2022,17,FP2
0 days 00:01:10.222000,29.2,77.0,1008.2,False,33.4,279,0.5,2022,17,FP2
0 days 00:02:10.250000,29.2,77.0,1008.2,False,33.2,208,0.4,2022,17,FP2
0 days 00:03:10.267000,29.2,77.0,1008.4,False,33.4,229,0.8,2022,17,FP2
0 days 00:04:10.267000,29.2,78.0,1008.4,False,33.2,277,0.8,2022,17,FP2
0 days 00:05:10.264000,29.2,78.0,1008.4,False,33.4,170,0.8,2022,17,FP2
0 days 00:06:10.282000,29.1,78.0,1008.5,False,33.7,197,0.5,2022,17,FP2
0 days 00:07:10.298000,29.1,78.0,1008.4,False,33.7,224,0.8,2022,17,FP2
0 days 00:08:10.296000,29.1,78.0,1008.4,False,33.5,301,1.0,2022,17,FP2
0 days 00:09:10.299000,29.1,78.0,1008.4,False,33.5,0,0.5,2022,17,FP2
0 days 00:10:10.303000,29.1,79.0,1008.5,False,33.2,109,0.4,2022,17,FP2
0 days 00:11:10.297000,29.1,78.0,1008.5,False,33.4,0,0.4,2022,17,FP2
0 days 00:12:10.299000,29.1,78.0,1008.4,False,33.4,275,0.0,2022,17,FP2
0 days 00:13:10.298000,29.1,78.0,1008.5,False,32.9,0,0.4,2022,17,FP2
0 days 00:14:10.296000,29.1,79.0,1008.5,False,33.9,187,0.3,2022,17,FP2
0 days 00:15:10.300000,29.1,78.0,1008.5,False,33.9,0,0.0,2022,17,FP2
0 days 00:16:10.317000,29.1,79.0,1008.5,False,33.7,165,0.6,2022,17,FP2
0 days 00:17:10.303000,29.1,78.0,1008.5,False,34.0,173,0.8,2022,17,FP2
0 days 00:18:10.304000,29.1,78.0,1008.5,False,33.9,174,0.5,2022,17,FP2
0 days 00:19:10.301000,29.1,78.0,1008.5,False,33.9,141,0.3,2022,17,FP2
0 days 00:20:10.298000,29.2,78.0,1008.5,False,33.5,163,0.5,2022,17,FP2
0 days 00:21:10.300000,29.1,78.0,1008.5,False,33.5,169,0.6,2022,17,FP2
0 days 00:22:10.299000,29.3,78.0,1008.5,False,34.0,228,0.8,2022,17,FP2
0 days 00:23:10.301000,29.3,78.0,1008.5,False,34.1,159,0.8,2022,17,FP2
0 days 00:24:10.299000,29.4,78.0,1008.5,False,34.0,182,0.6,2022,17,FP2
0 days 00:25:10.298000,29.4,78.0,1008.5,False,34.0,165,1.2,2022,17,FP2
0 days 00:26:10.303000,29.4,78.0,1008.7,False,34.0,192,0.8,2022,17,FP2
0 days 00:27:10.289000,29.4,78.0,1008.7,False,33.8,167,0.8,2022,17,FP2
0 days 00:28:10.301000,29.4,78.0,1008.7,False,34.0,186,1.0,2022,17,FP2
0 days 00:29:10.298000,29.5,77.0,1008.7,False,34.0,166,1.1,2022,17,FP2
0 days 00:30:10.300000,29.4,78.0,1008.7,False,34.0,160,0.8,2022,17,FP2
0 days 00:31:10.303000,29.4,77.0,1008.7,False,33.9,173,1.3,2022,17,FP2
0 days 00:32:10.301000,29.5,77.0,1008.7,False,33.9,187,0.6,2022,17,FP2
0 days 00:33:10.314000,29.5,77.0,1008.7,False,33.7,190,0.8,2022,17,FP2
0 days 00:34:10.364000,29.5,77.0,1008.7,False,33.5,146,0.6,2022,17,FP2
0 days 00:35:10.329000,29.5,77.0,1008.9,False,33.4,191,0.4,2022,17,FP2
0 days 00:36:10.347000,29.4,77.0,1008.7,False,33.4,175,0.4,2022,17,FP2
0 days 00:37:10.345000,29.4,77.0,1008.7,False,33.4,169,0.6,2022,17,FP2
0 days 00:38:10.348000,29.4,77.0,1008.7,False,33.0,181,0.6,2022,17,FP2
0 days 00:39:10.358000,29.4,77.0,1008.7,False,33.1,0,0.4,2022,17,FP2
0 days 00:40:10.346000,29.4,78.0,1008.7,False,33.1,169,0.4,2022,17,FP2
0 days 00:41:10.347000,29.4,78.0,1008.9,False,33.1,0,0.0,2022,17,FP2
0 days 00:42:10.348000,29.4,78.0,1008.7,False,33.1,140,0.6,2022,17,FP2
0 days 00:43:10.346000,29.3,78.0,1008.9,False,32.4,0,0.4,2022,17,FP2
0 days 00:44:10.373000,29.2,78.0,1008.9,False,32.9,156,0.4,2022,17,FP2
0 days 00:45:10.363000,29.3,79.0,1008.9,False,33.0,149,1.0,2022,17,FP2
0 days 00:46:10.359000,29.4,78.0,1008.9,False,33.3,0,0.6,2022,17,FP2
0 days 00:47:10.380000,29.4,78.0,1009.0,False,33.3,215,0.8,2022,17,FP2
0 days 00:48:10.397000,29.4,78.0,1009.0,False,33.2,174,1.2,2022,17,FP2
0 days 00:49:10.394000,29.3,78.0,1008.9,False,33.4,167,0.6,2022,17,FP2
0 days 00:50:10.395000,29.4,78.0,1009.0,False,33.5,177,0.6,2022,17,FP2
0 days 00:51:10.394000,29.4,78.0,1009.0,False,33.5,162,1.1,2022,17,FP2
0 days 00:52:10.430000,29.4,78.0,1009.0,False,33.4,162,1.1,2022,17,FP2
0 days 00:53:10.421000,29.4,78.0,1009.0,False,33.4,173,1.2,2022,17,FP2
0 days 00:54:10.424000,29.4,78.0,1008.9,False,33.4,167,0.8,2022,17,FP2
0 days 00:55:10.426000,29.4,77.0,1008.9,False,33.1,180,1.0,2022,17,FP2
0 days 00:56:10.431000,29.4,77.0,1009.0,False,33.2,178,0.6,2022,17,FP2
0 days 00:57:10.425000,29.4,77.0,1009.0,False,33.2,170,0.8,2022,17,FP2
0 days 00:58:10.428000,29.5,77.0,1009.0,False,33.1,212,0.5,2022,17,FP2
0 days 00:59:10.428000,29.4,77.0,1009.0,False,32.6,178,0.4,2022,17,FP2
0 days 01:00:10.428000,29.4,77.0,1009.0,False,32.6,125,0.5,2022,17,FP2
0 days 01:01:10.425000,29.4,77.0,1009.0,False,32.1,0,0.6,2022,17,FP2
0 days 01:02:10.430000,29.3,78.0,1009.0,False,32.9,167,0.5,2022,17,FP2
0 days 01:03:10.424000,29.4,78.0,1009.0,False,33.2,181,0.8,2022,17,FP2
0 days 01:04:10.425000,29.4,77.0,1009.0,False,33.3,158,0.8,2022,17,FP2
0 days 01:05:10.425000,29.4,77.0,1009.0,False,33.0,0,0.6,2022,17,FP2
0 days 01:06:10.426000,29.4,78.0,1009.0,False,33.0,201,0.5,2022,17,FP2
0 days 01:07:10.436000,29.4,78.0,1009.0,False,33.1,162,0.6,2022,17,FP2
0 days 01:08:10.425000,29.4,77.0,1009.0,False,33.1,152,0.4,2022,17,FP2
0 days 01:09:10.441000,29.5,77.0,1009.0,False,33.1,0,1.0,2022,17,FP2
0 days 01:10:10.457000,29.5,77.0,1009.2,False,33.3,0,0.6,2022,17,FP2
0 days 01:11:10.474000,29.6,77.0,1009.2,False,33.3,190,0.5,2022,17,FP2
0 days 01:12:10.482000,29.5,77.0,1009.2,False,33.3,218,0.8,2022,17,FP2
0 days 01:13:10.493000,29.6,77.0,1009.2,False,33.2,168,0.8,2022,17,FP2
0 days 01:14:10.487000,29.5,77.0,1009.2,False,32.9,185,1.0,2022,17,FP2
0 days 01:15:10.505000,29.5,77.0,1009.2,False,32.8,186,1.1,2022,17,FP2
0 days 01:16:10.522000,29.6,77.0,1009.2,False,32.8,0,0.8,2022,17,FP2
0 days 01:17:10.520000,29.6,77.0,1009.2,False,32.8,152,0.8,2022,17,FP2
0 days 01:18:10.536000,29.6,77.0,1009.4,False,33.1,166,0.8,2022,17,FP2
0 days 01:19:10.554000,29.6,77.0,1009.2,False,33.0,206,1.1,2022,17,FP2
0 days 01:20:10.557000,29.6,77.0,1009.2,False,32.3,214,0.8,2022,17,FP2
0 days 01:21:10.551000,29.5,77.0,1009.4,False,32.2,177,0.3,2022,17,FP2
0 days 01:22:10.552000,29.5,78.0,1009.2,False,32.9,0,0.6,2022,17,FP2
0 days 00:00:38.494000,15.5,94.0,1007.4,True,19.0,64,0.6,2022,18,FP2
0 days 00:01:38.519000,15.5,94.0,1007.4,True,19.0,228,0.6,2022,18,FP2
0 days 00:02:38.494000,15.6,94.0,1007.4,True,18.9,0,0.5,2022,18,FP2
0 days 00:03:38.509000,15.5,94.0,1007.4,True,19.0,329,0.8,2022,18,FP2
0 days 00:04:38.509000,15.5,94.0,1007.2,True,18.9,37,0.8,2022,18,FP2
0 days 00:05:38.526000,15.5,94.0,1007.5,True,19.0,55,0.8,2022,18,FP2
0 days 00:06:38.545000,15.5,94.0,1007.2,True,19.0,29,0.6,2022,18,FP2
0 days 00:07:38.559000,15.5,94.0,1007.4,True,19.0,12,1.2,2022,18,FP2
0 days 00:08:38.555000,15.5,94.0,1007.5,True,19.0,155,1.0,2022,18,FP2
0 days 00:09:38.555000,15.5,94.0,1007.5,True,19.0,3,0.6,2022,18,FP2
0 days 00:10:38.560000,15.5,94.0,1007.5,True,19.0,212,1.0,2022,18,FP2
0 days 00:11:38.559000,15.5,94.0,1007.5,True,19.0,40,0.3,2022,18,FP2
0 days 00:12:38.555000,15.5,94.0,1007.7,True,19.1,60,0.5,2022,18,FP2
0 days 00:13:38.560000,15.5,94.0,1007.7,True,19.1,29,0.6,2022,18,FP2
0 days 00:14:38.551000,15.5,94.0,1007.7,True,19.1,0,0.5,2022,18,FP2
0 days 00:15:38.573000,15.6,94.0,1007.5,True,19.1,320,0.0,2022,18,FP2
0 days 00:16:38.589000,15.6,94.0,1007.7,True,19.1,342,0.0,2022,18,FP2
0 days 00:17:38.588000,15.6,94.0,1007.7,True,19.1,336,0.6,2022,18,FP2
0 days 00:18:38.595000,15.6,94.0,1007.9,True,19.2,331,0.8,2022,18,FP2
0 days 00:19:38.588000,15.7,94.0,1008.0,True,19.2,295,0.8,2022,18,FP2
0 days 00:20:38.590000,15.7,94.0,1008.0,True,19.3,325,0.8,2022,18,FP2
0 days 00:21:38.588000,15.7,94.0,1008.0,True,19.3,325,1.1,2022,18,FP2
0 days 00:22:38.598000,15.7,94.0,1008.0,True,19.3,340,1.2,2022,18,FP2
0 days 00:23:38.594000,15.7,94.0,1007.9,True,19.3,331,1.6,2022,18,FP2
0 days 00:24:38.588000,15.7,94.0,1007.9,True,19.1,349,1.5,2022,18,FP2
0 days 00:25:38.588000,15.8,94.0,1007.9,True,19.1,345,1.2,2022,18,FP2
0 days 00:26:38.586000,15.7,94.0,1007.9,True,19.0,341,1.5,2022,18,FP2
0 days 00:27:38.588000,15.7,94.0,1007.7,True,18.9,4,1.5,2022,18,FP2
0 days 00:28:38.588000,15.7,94.0,1007.7,True,18.9,354,1.6,2022,18,FP2
0 days 00:29:38.588000,15.7,94.0,1007.7,True,18.9,352,1.2,2022,18,FP2
0 days 00:30:38.588000,15.8,94.0,1007.7,True,18.8,8,1.3,2022,18,FP2
0 days 00:31:38.591000,15.7,94.0,1007.7,True,18.8,353,1.6,2022,18,FP2
0 days 00:32:38.591000,15.8,94.0,1007.7,True,18.9,352,1.3,2022,18,FP2
0 days 00:33:38.592000,15.7,94.0,1007.7,True,18.9,340,1.7,2022,18,FP2
0 days 00:34:38.589000,15.9,94.0,1007.5,True,18.9,0,1.2,2022,18,FP2
0 days 00:35:38.589000,15.9,95.0,1007.5,True,18.8,358,1.2,2022,18,FP2
0 days 00:36:38.591000,15.9,94.0,1007.5,True,18.9,1,1.2,2022,18,FP2
0 days 00:37:38.588000,15.9,94.0,1007.4,True,18.9,12,1.5,2022,18,FP2
0 days 00:38:38.599000,15.9,95.0,1007.2,True,18.9,12,1.0,2022,18,FP2
0 days 00:39:38.588000,15.9,94.0,1007.2,True,19.0,349,0.6,2022,18,FP2
0 days 00:40:38.587000,15.9,94.0,1007.2,True,19.0,39,0.6,2022,18,FP2
0 days 00:41:38.590000,15.9,94.0,1007.2,True,18.9,315,0.8,2022,18,FP2
0 days 00:42:38.587000,15.9,95.0,1007.4,True,18.9,359,0.8,2022,18,FP2
0 days 00:43:38.593000,15.9,94.0,1007.4,True,19.0,2,1.2,2022,18,FP2
0 days 00:44:38.588000,15.9,95.0,1007.2,True,19.1,345,1.0,2022,18,FP2
0 days 00:45:38.587000,15.9,95.0,1007.2,True,19.0,330,0.8,2022,18,FP2
0 days 00:46:38.592000,15.9,95.0,1007.2,True,19.0,313,0.8,2022,18,FP2
0 days 00:47:38.589000,15.9,95.0,1007.2,True,19.0,350,1.2,2022,18,FP2
0 days 00:48:38.586000,15.9,94.0,1007.2,False,19.0,321,1.0,2022,18,FP2
0 days 00:49:38.588000,15.9,95.0,1007.4,False,19.0,335,1.0,2022,18,FP2
0 days 00:50:38.599000,15.9,94.0,1007.2,False,19.0,12,1.6,2022,18,FP2
0 days 00:51:38.598000,15.9,95.0,1007.4,False,19.1,20,1.2,2022,18,FP2
0 days 00:52:38.589000,15.9,95.0,1007.4,False,19.1,359,1.7,2022,18,FP2
0 days 00:53:38.599000,15.9,95.0,1007.4,False,19.1,336,1.7,2022,18,FP2
0 days 00:54:38.598000,16.0,95.0,1007.4,False,19.1,4,1.2,2022,18,FP2
0 days 00:55:38.588000,15.9,95.0,1007.4,False,19.1,338,1.2,2022,18,FP2
0 days 00:56:38.588000,16.0,95.0,1007.4,False,19.1,6,1.7,2022,18,FP2
0 days 00:57:38.590000,15.9,95.0,1007.4,True,19.1,352,2.4,2022,18,FP2
0 days 00:58:38.585000,15.9,95.0,1007.5,True,19.1,335,1.6,2022,18,FP2
0 days 00:59:38.588000,15.9,95.0,1007.5,True,19.1,358,1.6,2022,18,FP2
0 days 01:00:38.589000,15.9,95.0,1007.5,True,19.2,334,1.8,2022,18,FP2
0 days 01:01:38.589000,15.9,95.0,1007.4,True,19.2,339,1.7,2022,18,FP2
0 days 01:02:38.582000,15.9,95.0,1007.5,True,19.2,334,2.0,2022,18,FP2
0 days 01:03:38.587000,15.9,95.0,1007.5,True,19.2,328,1.7,2022,18,FP2
0 days 01:04:38.588000,15.9,95.0,1007.5,True,19.1,346,2.4,2022,18,FP2
0 days 01:05:38.589000,15.9,95.0,1007.5,True,19.0,353,1.7,2022,18,FP2
0 days 01:06:38.588000,15.9,95.0,1007.5,True,19.1,353,1.6,2022,18,FP2
0 days 01:07:38.585000,15.9,95.0,1007.5,True,19.1,12,1.7,2022,18,FP2
0 days 01:08:38.588000,15.9,95.0,1007.5,False,19.0,3,2.2,2022,18,FP2
0 days 01:09:38.586000,15.8,95.0,1007.5,True,19.0,353,2.2,2022,18,FP2
0 days 01:10:38.597000,15.8,95.0,1007.4,True,18.9,349,2.0,2022,18,FP2
0 days 01:11:38.588000,15.8,95.0,1007.4,True,18.9,354,1.5,2022,18,FP2
0 days 01:12:38.588000,15.8,95.0,1007.4,True,18.9,357,1.6,2022,18,FP2
0 days 01:13:38.627000,15.8,95.0,1007.4,True,18.8,332,1.5,2022,18,FP2
0 days 01:14:38.605000,15.8,95.0,1007.2,True,18.8,342,1.6,2022,18,FP2
0 days 01:15:38.589000,15.8,95.0,1007.2,True,18.9,345,1.7,2022,18,FP2
0 days 01:16:38.588000,15.8,95.0,1007.2,True,18.9,2,1.3,2022,18,FP2
0 days 01:17:38.589000,15.8,95.0,1007.2,True,18.9,9,1.2,2022,18,FP2
0 days 01:18:38.587000,15.8,95.0,1007.2,True,18.9,340,1.2,2022,18,FP2
0 days 01:19:38.585000,15.9,95.0,1007.2,True,18.9,351,0.8,2022,18,FP2
0 days 01:20:38.605000,15.9,95.0,1007.2,True,19.0,350,0.8,2022,18,FP2
0 days 01:21:38.587000,15.8,95.0,1007.2,True,19.0,352,0.6,2022,18,FP2
0 days 01:22:38.586000,15.9,95.0,1007.2,True,18.9,91,0.5,2022,18,FP2
0 days 01:23:38.587000,15.9,95.0,1007.2,True,18.9,47,0.3,2022,18,FP2
0 days 01:24:38.595000,15.9,95.0,1007.5,True,19.0,103,0.8,2022,18,FP2
0 days 01:25:38.586000,15.9,95.0,1007.5,True,18.9,346,0.6,2022,18,FP2
0 days 01:26:38.589000,15.9,95.0,1007.5,True,18.9,352,0.8,2022,18,FP2
0 days 01:27:38.624000,16.0,95.0,1007.4,True,18.9,349,1.5,2022,18,FP2
0 days 01:28:38.601000,15.9,95.0,1007.4,True,18.8,0,1.2,2022,18,FP2
0 days 01:29:38.587000,15.9,95.0,1007.4,True,18.8,9,0.8,2022,18,FP2
0 days 01:30:38.586000,15.9,95.0,1007.4,True,18.8,358,1.2,2022,18,FP2
0 days 01:31:38.587000,15.9,95.0,1007.2,True,18.8,337,1.0,2022,18,FP2
0 days 01:32:38.587000,15.9,95.0,1007.2,True,18.8,345,1.2,2022,18,FP2
0 days 01:33:38.586000,15.9,95.0,1007.4,True,18.7,359,1.0,2022,18,FP2
0 days 01:34:38.586000,15.9,95.0,1007.4,True,18.8,345,1.0,2022,18,FP2
0 days 01:35:38.586000,15.9,95.0,1007.4,True,18.8,344,1.5,2022,18,FP2
0 days 01:36:38.587000,15.9,95.0,1007.5,True,18.6,341,1.7,2022,18,FP2
0 days 01:37:38.588000,15.9,95.0,1007.5,True,18.7,322,1.5,2022,18,FP2
0 days 01:38:38.591000,16.0,95.0,1007.5,True,18.7,351,1.3,2022,18,FP2
0 days 01:39:38.597000,15.9,95.0,1007.5,True,18.7,359,1.5,2022,18,FP2
0 days 01:40:38.588000,15.9,95.0,1007.5,True,18.7,7,1.2,2022,18,FP2
0 days 01:41:38.588000,15.9,95.0,1007.5,True,18.7,322,1.1,2022,18,FP2
0 days 01:42:38.589000,15.9,95.0,1007.7,True,18.7,344,1.2,2022,18,FP2
0 days 01:43:38.588000,15.9,95.0,1007.7,False,18.7,357,1.7,2022,18,FP2
0 days 01:44:38.588000,15.9,95.0,1007.7,False,18.7,316,1.3,2022,18,FP2
0 days 01:45:38.587000,15.9,95.0,1007.7,False,18.7,335,1.0,2022,18,FP2
0 days 01:46:38.587000,15.9,95.0,1007.7,True,18.7,331,1.2,2022,18,FP2
0 days 01:47:38.586000,15.9,95.0,1007.7,True,18.5,341,1.2,2022,18,FP2
0 days 01:48:38.587000,16.0,95.0,1007.9,True,18.5,358,1.2,2022,18,FP2
0 days 01:49:38.587000,16.0,95.0,1007.7,True,18.5,353,1.1,2022,18,FP2
0 days 01:50:38.588000,15.9,95.0,1007.7,True,18.6,15,1.2,2022,18,FP2
0 days 01:51:38.586000,15.9,95.0,1007.7,True,18.6,344,0.6,2022,18,FP2
0 days 00:00:23.057000,29.7,28.0,993.9,False,37.4,115,3.2,2022,19,FP2
0 days 00:01:23.059000,29.5,28.0,994.0,False,37.4,126,1.8,2022,19,FP2
0 days 00:02:23.061000,29.5,28.0,994.0,False,37.2,102,2.2,2022,19,FP2
0 days 00:03:23.062000,29.7,28.0,993.9,False,37.1,134,2.4,2022,19,FP2
0 days 00:04:23.058000,29.7,29.0,993.9,False,37.1,107,2.0,2022,19,FP2
0 days 00:05:23.055000,29.7,29.0,993.9,False,37.2,135,1.7,2022,19,FP2
0 days 00:06:23.046000,29.8,29.0,993.9,False,37.2,107,2.2,2022,19,FP2
0 days 00:07:23.061000,29.7,29.0,993.9,False,37.0,115,3.9,2022,19,FP2
0 days 00:08:23.056000,29.7,29.0,993.7,False,37.1,94,6.0,2022,19,FP2
0 days 00:09:23.072000,29.6,30.0,993.7,False,36.9,87,5.5,2022,19,FP2
0 days 00:10:23.083000,29.3,30.0,993.7,False,37.1,98,4.4,2022,19,FP2
0 days 00:11:23.074000,29.3,30.0,993.9,False,37.1,126,4.1,2022,19,FP2
0 days 00:12:23.122000,29.4,30.0,993.7,False,36.9,85,5.3,2022,19,FP2
0 days 00:13:23.073000,29.4,30.0,993.7,False,36.7,116,5.5,2022,19,FP2
0 days 00:14:23.088000,29.5,30.0,993.9,False,36.8,121,4.3,2022,19,FP2
0 days 00:15:23.113000,29.5,29.0,993.9,False,36.8,161,3.0,2022,19,FP2
0 days 00:16:23.103000,29.6,29.0,993.7,False,36.6,121,2.5,2022,19,FP2
0 days 00:17:23.104000,29.6,29.0,993.9,False,36.4,71,2.0,2022,19,FP2
0 days 00:18:23.114000,29.7,29.0,993.7,False,36.4,153,1.5,2022,19,FP2
0 days 00:19:23.134000,29.6,29.0,993.7,False,36.4,177,1.5,2022,19,FP2
0 days 00:20:23.152000,29.7,28.0,993.9,False,36.6,131,1.7,2022,19,FP2
0 days 00:21:23.153000,29.6,28.0,993.7,False,36.5,88,1.5,2022,19,FP2
0 days 00:22:23.156000,29.7,28.0,993.9,False,36.5,318,0.6,2022,19,FP2
0 days 00:23:23.227000,29.8,27.0,993.9,False,36.5,7,1.2,2022,19,FP2
0 days 00:24:23.157000,29.9,28.0,993.7,False,36.4,309,1.8,2022,19,FP2
0 days 00:25:23.151000,29.9,28.0,993.7,False,36.4,88,0.6,2022,19,FP2
0 days 00:26:23.171000,29.9,27.0,993.7,False,36.2,108,1.7,2022,19,FP2
0 days 00:27:23.168000,29.8,27.0,993.9,False,36.2,73,1.7,2022,19,FP2
0 days 00:28:23.163000,29.7,27.0,993.7,False,36.0,100,1.3,2022,19,FP2
0 days 00:29:23.166000,29.6,27.0,993.7,False,36.1,118,2.7,2022,19,FP2
0 days 00:30:23.161000,29.6,27.0,993.7,False,36.1,110,4.1,2022,19,FP2
0 days 00:31:23.152000,29.5,27.0,993.7,False,36.1,107,3.5,2022,19,FP2
0 days 00:32:23.172000,29.4,28.0,993.7,False,36.2,106,4.5,2022,19,FP2
0 days 00:33:23.189000,29.4,28.0,993.7,False,36.1,108,3.5,2022,19,FP2
0 days 00:34:23.203000,29.4,28.0,993.7,False,36.0,117,3.0,2022,19,FP2
0 days 00:35:23.184000,29.4,28.0,993.7,False,35.9,106,4.0,2022,19,FP2
0 days 00:36:23.183000,29.4,29.0,993.7,False,35.8,108,4.0,2022,19,FP2
0 days 00:37:23.187000,29.4,29.0,993.7,False,35.8,131,2.0,2022,19,FP2
0 days 00:38:23.199000,29.4,28.0,993.7,False,35.6,45,1.6,2022,19,FP2
0 days 00:39:23.193000,29.5,27.0,993.7,False,35.6,350,1.5,2022,19,FP2
0 days 00:40:23.184000,29.5,27.0,993.5,False,35.5,330,2.7,2022,19,FP2
0 days 00:41:23.188000,29.5,27.0,993.7,False,35.3,337,2.7,2022,19,FP2
0 days 00:42:23.219000,29.5,27.0,993.7,False,35.4,280,1.1,2022,19,FP2
0 days 00:43:23.183000,29.6,27.0,993.7,False,35.4,12,1.5,2022,19,FP2
0 days 00:44:23.183000,29.6,27.0,993.7,False,35.4,186,1.1,2022,19,FP2
0 days 00:45:23.189000,29.6,27.0,993.7,False,35.2,149,1.1,2022,19,FP2
0 days 00:46:23.184000,29.6,27.0,993.7,False,35.2,282,1.2,2022,19,FP2
0 days 00:47:23.184000,29.6,28.0,993.7,False,35.2,353,1.7,2022,19,FP2
0 days 00:48:23.211000,29.6,28.0,993.7,False,35.1,100,1.0,2022,19,FP2
0 days 00:49:23.224000,29.7,28.0,993.7,False,35.0,103,2.2,2022,19,FP2
0 days 00:50:23.243000,29.6,28.0,993.7,False,35.0,113,2.7,2022,19,FP2
0 days 00:51:23.269000,29.5,28.0,993.7,False,34.9,115,2.7,2022,19,FP2
0 days 00:52:23.249000,29.5,28.0,993.7,False,34.9,115,1.7,2022,19,FP2
0 days 00:53:23.247000,29.5,28.0,993.9,False,34.7,102,2.0,2022,19,FP2
0 days 00:54:23.266000,29.5,28.0,993.7,False,34.7,142,2.2,2022,19,FP2
0 days 00:55:23.266000,29.4,28.0,993.9,False,34.8,102,1.7,2022,19,FP2
0 days 00:56:23.296000,29.5,28.0,993.7,False,34.8,108,1.8,2022,19,FP2
0 days 00:57:23.281000,29.3,28.0,993.7,False,34.7,115,2.2,2022,19,FP2
0 days 00:58:23.285000,29.4,28.0,993.7,False,34.7,108,2.0,2022,19,FP2
0 days 00:59:23.279000,29.4,28.0,993.7,False,34.7,111,2.5,2022,19,FP2
0 days 01:00:23.299000,29.4,28.0,993.7,False,34.5,116,2.9,2022,19,FP2
0 days 01:01:23.318000,29.4,28.0,993.7,False,34.4,98,3.7,2022,19,FP2
0 days 01:02:23.367000,29.4,28.0,993.7,False,34.3,109,3.5,2022,19,FP2
0 days 01:03:23.323000,29.3,29.0,993.7,False,34.3,115,3.5,2022,19,FP2
0 days 01:04:23.314000,29.1,29.0,993.7,False,34.2,122,3.4,2022,19,FP2
0 days 01:05:23.311000,29.2,29.0,993.7,False,34.1,111,3.0,2022,19,FP2
0 days 01:06:23.315000,29.2,29.0,993.7,False,34.1,102,3.7,2022,19,FP2
0 days 01:07:23.313000,29.0,29.0,993.7,False,34.1,106,3.0,2022,19,FP2
0 days 01:08:23.304000,29.0,29.0,993.7,False,33.7,134,3.5,2022,19,FP2
0 days 01:09:23.317000,29.0,29.0,993.7,False,33.5,101,2.0,2022,19,FP2
0 days 01:10:23.317000,29.0,29.0,993.7,False,33.4,103,1.7,2022,19,FP2
0 days 01:11:23.330000,29.1,29.0,993.5,False,33.4,108,2.0,2022,19,FP2
0 days 01:12:23.313000,29.2,29.0,993.7,False,33.1,120,1.7,2022,19,FP2
0 days 01:13:23.324000,29.2,29.0,993.7,False,33.1,108,1.5,2022,19,FP2
0 days 01:14:23.315000,29.1,29.0,993.7,False,33.1,0,1.5,2022,19,FP2
0 days 01:15:23.324000,29.2,29.0,993.7,False,33.1,111,1.2,2022,19,FP2
0 days 01:16:23.314000,29.1,28.0,993.7,False,33.0,90,1.2,2022,19,FP2
0 days 01:17:23.573000,29.0,28.0,993.7,False,32.9,185,1.2,2022,19,FP2
0 days 01:18:23.332000,29.1,28.0,993.7,False,33.0,297,0.8,2022,19,FP2
0 days 01:19:23.316000,29.2,27.0,993.7,False,33.0,189,1.1,2022,19,FP2
0 days 01:20:23.313000,29.2,27.0,993.7,False,33.0,211,1.2,2022,19,FP2
0 days 01:21:23.313000,29.2,27.0,993.7,False,32.9,75,0.8,2022,19,FP2
0 days 01:22:23.311000,29.2,27.0,993.9,False,32.9,106,1.1,2022,19,FP2
0 days 01:23:23.313000,29.1,28.0,993.9,False,32.8,125,1.2,2022,19,FP2
0 days 01:24:23.315000,29.1,28.0,993.7,False,32.7,110,1.7,2022,19,FP2
0 days 01:25:23.311000,29.0,28.0,993.7,False,32.6,263,2.2,2022,19,FP2
0 days 01:26:23.323000,29.0,28.0,993.9,False,32.5,142,1.7,2022,19,FP2
0 days 01:27:23.313000,29.0,28.0,993.9,False,32.3,139,1.3,2022,19,FP2
0 days 01:28:23.312000,28.9,28.0,993.7,False,32.3,134,1.5,2022,19,FP2
0 days 01:29:23.328000,28.9,28.0,993.9,False,32.2,136,1.2,2022,19,FP2
0 days 01:30:23.349000,28.8,29.0,994.0,False,32.0,72,1.6,2022,19,FP2
0 days 01:31:23.369000,28.8,29.0,993.9,False,31.9,87,1.1,2022,19,FP2
0 days 01:32:23.367000,28.9,29.0,993.9,False,31.9,143,1.0,2022,19,FP2
0 days 01:33:23.379000,28.8,28.0,993.9,False,31.8,130,2.0,2022,19,FP2
0 days 01:34:23.381000,28.8,28.0,993.9,False,31.8,226,1.3,2022,19,FP2
0 days 01:35:23.379000,28.7,29.0,993.7,False,31.7,100,1.1,2022,19,FP2
0 days 01:36:23.377000,28.6,29.0,993.9,False,31.7,158,1.8,2022,19,FP2
0 days 01:37:23.390000,28.6,29.0,994.0,False,31.7,105,1.6,2022,19,FP2
0 days 01:38:23.417000,28.6,29.0,993.7,False,31.6,147,1.2,2022,19,FP2
0 days 01:39:23.408000,28.6,29.0,993.9,False,31.6,154,1.7,2022,19,FP2
0 days 01:40:23.423000,28.5,30.0,993.7,False,31.6,133,1.0,2022,19,FP2
0 days 01:41:23.408000,28.4,30.0,993.9,False,31.5,104,1.3,2022,19,FP2
0 days 01:42:23.409000,28.4,30.0,993.9,False,31.5,111,1.5,2022,19,FP2
0 days 01:43:23.481000,28.4,30.0,993.9,False,31.4,101,1.0,2022,19,FP2
0 days 01:44:23.424000,28.3,30.0,993.9,False,31.4,113,2.2,2022,19,FP2
0 days 01:45:23.450000,28.3,30.0,993.9,False,31.4,91,2.7,2022,19,FP2
0 days 01:46:23.441000,28.2,30.0,993.7,False,31.4,114,2.5,2022,19,FP2
0 days 01:47:23.440000,28.2,30.0,993.9,False,31.5,115,2.7,2022,19,FP2
0 days 00:01:02.085000,26.0,36.0,781.2,False,43.0,57,2.0,2022,20,FP2
0 days 00:02:02.085000,25.8,36.0,781.2,False,42.4,329,1.2,2022,20,FP2
0 days 00:03:02.098000,25.7,36.0,781.4,False,41.3,69,0.4,2022,20,FP2
0 days 00:04:02.115000,25.7,36.0,781.2,False,41.2,59,0.8,2022,20,FP2
0 days 00:05:02.132000,25.7,36.0,781.2,False,40.5,93,1.2,2022,20,FP2
0 days 00:06:02.133000,25.7,36.0,781.2,False,40.6,100,2.4,2022,20,FP2
0 days 00:07:02.132000,25.6,35.0,781.2,False,40.1,86,2.4,2022,20,FP2
0 days 00:08:02.146000,25.6,36.0,781.2,False,39.9,84,2.5,2022,20,FP2
0 days 00:09:02.133000,25.5,36.0,781.2,False,39.6,166,1.7,2022,20,FP2
0 days 00:10:02.130000,25.5,36.0,781.2,False,39.6,62,1.7,2022,20,FP2
0 days 00:11:02.133000,25.4,36.0,781.2,False,39.6,86,1.7,2022,20,FP2
0 days 00:12:02.146000,25.5,36.0,781.4,False,39.7,87,2.0,2022,20,FP2
0 days 00:13:02.180000,25.6,36.0,781.4,False,39.6,80,2.2,2022,20,FP2
0 days 00:14:02.163000,25.6,36.0,781.2,False,39.5,81,2.5,2022,20,FP2
0 days 00:15:02.181000,25.5,35.0,781.2,False,39.5,71,2.4,2022,20,FP2
0 days 00:16:02.180000,25.4,36.0,781.4,False,39.8,83,1.3,2022,20,FP2
0 days 00:17:02.182000,25.7,36.0,781.2,False,39.9,88,2.0,2022,20,FP2
0 days 00:18:02.196000,25.8,35.0,781.2,False,40.4,105,2.5,2022,20,FP2
0 days 00:19:02.210000,25.8,35.0,781.2,False,40.4,105,2.5,2022,20,FP2
0 days 00:20:02.227000,25.8,35.0,781.2,False,40.4,105,2.5,2022,20,FP2
0 days 00:21:02.225000,25.9,35.0,781.2,False,40.4,105,2.5,2022,20,FP2
0 days 00:22:02.248000,25.9,35.0,781.2,False,40.4,105,2.5,2022,20,FP2
0 days 00:23:02.258000,26.0,35.0,781.2,False,40.4,105,2.5,2022,20,FP2
0 days 00:24:02.264000,26.1,35.0,781.2,False,40.4,105,2.5,2022,20,FP2
0 days 00:25:02.265000,26.4,35.0,781.2,False,40.4,105,2.5,2022,20,FP2
0 days 00:26:02.955000,26.4,35.0,781.2,False,40.4,105,2.5,2022,20,FP2
0 days 00:27:02.259000,26.4,35.0,781.2,False,40.4,105,2.5,2022,20,FP2
0 days 00:28:02.263000,26.2,35.0,781.2,False,40.4,105,2.5,2022,20,FP2
0 days 00:29:02.258000,26.3,35.0,781.2,False,40.4,105,2.5,2022,20,FP2
0 days 00:30:02.275000,26.2,35.0,781.2,False,40.4,105,2.5,2022,20,FP2
0 days 00:31:02.260000,26.2,35.0,781.2,False,40.4,105,2.5,2022,20,FP2
0 days 00:32:02.259000,26.1,35.0,781.2,False,40.4,105,2.5,2022,20,FP2
0 days 00:33:02.258000,26.0,35.0,781.2,False,40.4,105,2.5,2022,20,FP2
0 days 00:34:02.302000,26.1,35.0,781.2,False,40.4,105,2.5,2022,20,FP2
0 days 00:35:02.294000,26.5,35.0,781.2,False,40.4,105,2.5,2022,20,FP2
0 days 00:36:02.320000,26.6,35.0,781.2,False,40.4,105,2.5,2022,20,FP2
0 days 00:37:02.320000,26.8,35.0,781.2,False,40.4,105,2.5,2022,20,FP2
0 days 00:38:02.374000,26.8,35.0,781.2,False,40.4,105,2.5,2022,20,FP2
0 days 00:39:02.490000,26.8,34.0,781.2,False,0.0,42,0.6,2022,20,FP2
0 days 00:40:02.352000,26.6,34.0,781.2,False,0.0,356,1.1,2022,20,FP2
0 days 00:41:02.353000,26.6,34.0,781.2,False,0.0,356,1.1,2022,20,FP2
0 days 00:42:02.378000,26.5,34.0,781.2,False,0.0,356,1.1,2022,20,FP2
0 days 00:43:02.385000,26.5,34.0,781.2,False,0.0,356,1.1,2022,20,FP2
0 days 00:44:02.388000,26.5,34.0,781.2,False,0.0,356,1.1,2022,20,FP2
0 days 00:45:02.413000,26.8,34.0,781.2,False,0.0,356,1.1,2022,20,FP2
0 days 00:46:02.384000,26.9,34.0,781.2,False,0.0,356,1.1,2022,20,FP2
0 days 00:47:02.393000,26.7,34.0,781.2,False,0.0,356,1.1,2022,20,FP2
0 days 00:48:02.414000,26.8,34.0,781.2,False,0.0,356,1.1,2022,20,FP2
0 days 00:49:02.416000,26.7,34.0,781.2,False,0.0,356,1.1,2022,20,FP2
0 days 00:50:02.386000,26.6,34.0,781.2,False,0.0,356,1.1,2022,20,FP2
0 days 00:51:02.388000,26.6,34.0,781.2,False,0.0,356,1.1,2022,20,FP2
0 days 00:52:02.389000,26.6,34.0,781.2,False,0.0,356,1.1,2022,20,FP2
0 days 00:53:02.388000,26.6,34.0,781.2,False,0.0,356,1.1,2022,20,FP2
0 days 00:54:02.390000,26.4,34.0,781.2,False,0.0,356,1.1,2022,20,FP2
0 days 00:55:02.387000,26.2,33.0,781.0,False,40.4,59,1.3,2022,20,FP2
0 days 00:56:02.393000,26.3,34.0,781.2,False,40.4,101,2.2,2022,20,FP2
0 days 00:57:02.387000,26.0,34.0,781.2,False,40.2,86,1.2,2022,20,FP2
0 days 00:58:02.388000,25.9,34.0,781.2,False,40.2,84,1.7,2022,20,FP2
0 days 00:59:02.389000,25.8,34.0,781.2,False,40.1,79,1.8,2022,20,FP2
0 days 01:00:02.390000,25.8,34.0,781.2,False,40.1,83,2.2,2022,20,FP2
0 days 01:01:02.386000,25.6,34.0,781.2,False,40.1,77,1.8,2022,20,FP2
0 days 01:02:02.389000,25.6,34.0,781.2,False,40.1,87,1.8,2022,20,FP2
0 days 01:03:02.385000,25.6,34.0,781.2,False,40.0,83,2.4,2022,20,FP2
0 days 01:04:02.390000,25.6,34.0,781.2,False,40.0,63,2.2,2022,20,FP2
0 days 01:05:02.391000,25.5,35.0,781.2,False,40.0,101,1.2,2022,20,FP2
0 days 01:06:02.389000,25.4,35.0,781.2,False,40.0,79,1.5,2022,20,FP2
0 days 01:07:02.397000,25.4,35.0,781.2,False,40.0,83,1.5,2022,20,FP2
0 days 01:08:02.391000,25.5,35.0,781.2,False,39.8,84,1.6,2022,20,FP2
0 days 01:09:02.391000,25.4,35.0,781.2,False,38.8,131,1.7,2022,20,FP2
0 days 01:10:02.391000,25.4,35.0,781.2,False,38.5,88,1.2,2022,20,FP2
0 days 01:11:02.394000,25.4,35.0,781.2,False,38.1,88,1.3,2022,20,FP2
0 days 01:12:02.391000,25.5,34.0,781.2,False,37.3,90,1.0,2022,20,FP2
0 days 01:13:02.420000,25.5,34.0,781.2,False,36.9,68,1.7,2022,20,FP2
0 days 01:14:02.390000,25.5,35.0,781.2,False,36.5,343,1.0,2022,20,FP2
0 days 01:15:02.395000,25.5,35.0,781.2,False,36.5,69,0.6,2022,20,FP2
0 days 01:16:02.392000,25.5,34.0,781.2,False,36.9,122,0.6,2022,20,FP2
0 days 01:17:02.391000,25.7,35.0,781.2,False,36.9,0,0.5,2022,20,FP2
0 days 01:18:02.428000,25.7,34.0,781.2,False,36.7,77,0.6,2022,20,FP2
0 days 01:19:02.392000,25.6,35.0,781.2,False,36.6,128,1.1,2022,20,FP2
0 days 01:20:02.387000,25.6,34.0,781.2,False,36.6,87,0.6,2022,20,FP2
0 days 01:21:02.389000,25.6,34.0,781.2,False,36.6,44,1.5,2022,20,FP2
0 days 01:22:02.389000,25.7,33.0,781.2,False,36.6,6,0.8,2022,20,FP2
0 days 01:23:02.417000,25.7,34.0,781.2,False,36.5,309,0.6,2022,20,FP2
0 days 01:24:02.394000,25.6,34.0,781.0,False,36.5,60,0.0,2022,20,FP2
0 days 01:25:02.392000,25.6,34.0,781.2,False,36.4,83,1.3,2022,20,FP2
0 days 01:26:02.402000,25.7,34.0,781.2,False,36.4,148,1.0,2022,20,FP2
0 days 01:27:02.392000,25.6,34.0,781.2,False,36.3,95,0.6,2022,20,FP2
0 days 01:28:02.389000,25.6,33.0,781.2,False,36.3,119,1.1,2022,20,FP2
0 days 01:29:02.398000,25.8,34.0,781.2,False,36.1,76,0.8,2022,20,FP2
0 days 01:30:02.390000,25.7,34.0,781.2,False,36.1,77,0.6,2022,20,FP2
0 days 01:31:02.396000,25.8,33.0,781.2,False,36.2,0,1.5,2022,20,FP2
0 days 01:32:02.398000,25.8,34.0,781.2,False,36.1,96,0.6,2022,20,FP2
0 days 01:33:02.412000,25.6,34.0,781.2,False,36.1,350,1.1,2022,20,FP2
0 days 01:34:02.390000,25.7,33.0,781.2,False,36.1,0,0.6,2022,20,FP2
0 days 01:35:02.390000,25.7,33.0,781.2,False,36.0,145,0.4,2022,20,FP2
0 days 01:36:02.405000,25.7,34.0,781.2,False,35.9,96,0.3,2022,20,FP2
0 days 01:37:02.416000,25.7,34.0,781.2,False,35.9,94,0.0,2022,20,FP2
0 days 01:38:02.408000,25.7,34.0,781.2,False,35.9,79,0.8,2022,20,FP2
0 days 01:39:02.418000,25.7,34.0,781.4,False,36.0,96,1.2,2022,20,FP2
0 days 01:40:02.428000,25.6,34.0,781.2,False,36.0,97,1.0,2022,20,FP2
0 days 01:41:02.442000,25.6,35.0,781.2,False,35.9,88,0.6,2022,20,FP2
0 days 01:42:02.446000,25.6,35.0,781.2,False,35.7,95,0.6,2022,20,FP2
0 days 01:43:02.454000,25.6,35.0,781.2,False,35.7,0,0.4,2022,20,FP2
0 days 01:44:02.458000,25.6,35.0,781.4,False,35.8,0,0.4,2022,20,FP2
0 days 01:45:02.478000,25.6,36.0,781.2,False,35.8,0,0.5,2022,20,FP2
0 days 00:00:51.954000,24.0,62.0,925.2,False,38.9,179,0.8,2022,21,FP2
0 days 00:01:51.961000,24.0,62.0,925.2,False,38.9,167,1.2,2022,21,FP2
0 days 00:02:51.956000,23.9,63.0,925.2,False,39.2,0,1.3,2022,21,FP2
0 days 00:03:51.962000,24.0,62.0,925.0,False,39.4,0,0.0,2022,21,FP2
0 days 00:04:51.959000,24.2,61.0,925.2,False,39.7,84,0.0,2022,21,FP2
0 days 00:05:51.955000,24.5,60.0,925.2,False,40.4,31,0.8,2022,21,FP2
0 days 00:06:51.970000,24.5,59.0,925.0,False,42.9,41,2.0,2022,21,FP2
0 days 00:07:51.962000,24.3,61.0,925.0,False,44.1,182,0.8,2022,21,FP2
0 days 00:08:51.959000,24.5,61.0,925.0,False,44.5,171,1.2,2022,21,FP2
0 days 00:09:51.959000,24.6,60.0,925.0,False,44.8,59,0.6,2022,21,FP2
0 days 00:10:51.955000,24.8,59.0,925.0,False,46.6,168,0.6,2022,21,FP2
0 days 00:11:51.957000,24.8,59.0,925.0,False,47.1,190,1.2,2022,21,FP2
0 days 00:12:51.954000,24.9,57.0,925.0,False,47.5,83,0.8,2022,21,FP2
0 days 00:13:51.956000,24.9,57.0,925.0,False,48.1,211,0.8,2022,21,FP2
0 days 00:14:51.958000,24.9,57.0,925.0,False,48.1,124,1.5,2022,21,FP2
0 days 00:15:51.972000,25.0,58.0,925.0,False,45.6,197,1.1,2022,21,FP2
0 days 00:16:51.963000,24.9,58.0,925.0,False,44.7,195,1.1,2022,21,FP2
0 days 00:17:51.958000,24.9,57.0,925.0,False,43.7,125,1.6,2022,21,FP2
0 days 00:18:51.959000,24.9,57.0,925.0,False,44.1,124,1.1,2022,21,FP2
0 days 00:19:51.961000,24.9,56.0,925.0,False,46.0,83,1.1,2022,21,FP2
0 days 00:20:51.958000,25.0,56.0,924.9,False,47.6,45,1.1,2022,21,FP2
0 days 00:21:51.955000,25.4,55.0,924.7,False,47.9,143,1.2,2022,21,FP2
0 days 00:22:51.957000,25.4,54.0,924.9,False,48.6,39,1.1,2022,21,FP2
0 days 00:23:51.966000,25.5,53.0,924.7,False,48.5,202,1.0,2022,21,FP2
0 days 00:24:51.958000,25.6,53.0,924.7,False,48.6,151,0.8,2022,21,FP2
0 days 00:25:51.965000,25.6,53.0,924.7,False,48.8,4,1.0,2022,21,FP2
0 days 00:26:51.957000,25.6,53.0,924.7,False,49.7,6,1.6,2022,21,FP2
0 days 00:27:51.961000,25.8,52.0,924.7,False,49.8,4,1.5,2022,21,FP2
0 days 00:28:51.959000,25.9,51.0,924.7,False,49.9,348,1.7,2022,21,FP2
0 days 00:29:51.962000,25.9,51.0,924.7,False,49.9,342,1.7,2022,21,FP2
0 days 00:30:51.959000,25.9,52.0,924.7,False,50.0,91,2.0,2022,21,FP2
0 days 00:31:51.956000,25.9,51.0,924.7,False,49.8,75,2.0,2022,21,FP2
0 days 00:32:51.968000,25.9,51.0,924.7,False,49.8,357,1.5,2022,21,FP2
0 days 00:33:51.962000,25.9,50.0,924.9,False,50.1,132,1.1,2022,21,FP2
0 days 00:34:51.964000,25.9,51.0,924.7,False,50.1,88,1.5,2022,21,FP2
0 days 00:35:51.968000,25.9,50.0,924.5,False,50.2,112,1.0,2022,21,FP2
0 days 00:36:51.961000,25.9,50.0,924.7,False,50.2,40,0.8,2022,21,FP2
0 days 00:37:51.961000,25.9,51.0,924.7,False,50.3,1,1.0,2022,21,FP2
0 days 00:38:51.966000,25.9,51.0,924.5,False,50.6,341,1.8,2022,21,FP2
0 days 00:39:51.956000,26.0,51.0,924.7,False,50.5,312,1.2,2022,21,FP2
0 days 00:40:51.973000,26.0,53.0,924.5,False,49.9,0,1.5,2022,21,FP2
0 days 00:41:51.963000,26.0,54.0,924.5,False,50.4,205,2.0,2022,21,FP2
0 days 00:42:51.967000,25.7,55.0,924.7,False,50.4,171,1.7,2022,21,FP2
0 days 00:43:51.966000,25.8,56.0,924.7,False,50.4,224,1.6,2022,21,FP2
0 days 00:44:51.958000,25.6,58.0,924.7,False,49.6,245,0.8,2022,21,FP2
0 days 00:45:51.957000,25.7,58.0,924.7,False,49.6,119,1.6,2022,21,FP2
0 days 00:46:51.960000,25.6,57.0,924.7,False,51.1,323,0.6,2022,21,FP2
0 days 00:47:51.962000,25.6,57.0,924.7,False,50.1,326,0.6,2022,21,FP2
0 days 00:48:51.961000,25.6,56.0,924.5,False,50.2,142,0.8,2022,21,FP2
0 days 00:49:51.963000,25.6,56.0,924.5,False,49.7,150,1.2,2022,21,FP2
0 days 00:50:51.963000,25.6,57.0,924.5,False,49.5,179,1.5,2022,21,FP2
0 days 00:51:51.969000,25.4,57.0,924.5,False,48.0,175,1.1,2022,21,FP2
0 days 00:52:51.964000,25.4,58.0,924.7,False,48.0,334,0.6,2022,21,FP2
0 days 00:53:51.959000,25.7,56.0,924.7,False,49.7,0,0.6,2022,21,FP2
0 days 00:54:51.975000,25.9,55.0,924.5,False,49.7,358,0.8,2022,21,FP2
0 days 00:55:51.984000,25.9,55.0,924.5,False,49.7,358,0.8,2022,21,FP2
0 days 00:56:51.968000,26.0,56.0,924.7,False,52.1,327,0.8,2022,21,FP2
0 days 00:57:51.970000,26.0,54.0,924.5,False,51.9,256,1.2,2022,21,FP2
0 days 00:58:51.961000,25.9,54.0,924.5,False,51.9,242,0.6,2022,21,FP2
0 days 00:59:52.325000,25.8,56.0,924.5,False,51.8,159,0.8,2022,21,FP2
0 days 01:00:51.963000,25.8,56.0,924.5,False,50.4,336,0.8,2022,21,FP2
0 days 01:01:51.974000,25.8,55.0,924.5,False,51.3,177,1.5,2022,21,FP2
0 days 01:02:51.986000,25.8,57.0,924.5,False,50.9,184,1.6,2022,21,FP2
0 days 01:03:51.977000,25.7,58.0,924.7,False,50.9,189,2.0,2022,21,FP2
0 days 01:04:51.971000,25.6,59.0,924.7,False,50.3,232,1.7,2022,21,FP2
0 days 01:05:51.965000,25.6,59.0,924.7,False,50.3,257,1.2,2022,21,FP2
0 days 01:06:51.967000,25.7,56.0,924.5,False,51.8,227,1.1,2022,21,FP2
0 days 01:07:51.986000,25.7,55.0,924.5,False,52.4,87,1.2,2022,21,FP2
0 days 01:08:51.995000,25.7,55.0,924.5,False,52.5,126,1.1,2022,21,FP2
0 days 01:09:51.982000,25.6,55.0,924.5,False,52.5,0,1.6,2022,21,FP2
0 days 01:10:51.996000,25.4,56.0,924.5,False,52.2,218,2.0,2022,21,FP2
0 days 01:11:52.532000,25.4,57.0,924.5,False,51.3,201,2.5,2022,21,FP2
0 days 01:12:51.995000,25.3,58.0,924.5,False,51.2,155,2.0,2022,21,FP2
0 days 01:13:52.028000,25.4,58.0,924.7,False,51.1,57,0.8,2022,21,FP2
0 days 01:14:51.993000,25.5,55.0,924.5,False,51.4,166,0.8,2022,21,FP2
0 days 01:15:52.017000,25.5,55.0,924.7,False,51.9,165,1.2,2022,21,FP2
0 days 01:16:52.029000,25.5,55.0,924.5,False,51.9,177,0.6,2022,21,FP2
0 days 01:17:51.964000,25.5,55.0,924.5,False,52.2,282,1.2,2022,21,FP2
0 days 01:18:51.961000,25.6,55.0,924.5,False,52.5,190,1.1,2022,21,FP2
0 days 01:19:51.964000,25.5,56.0,924.5,False,53.5,165,1.7,2022,21,FP2
0 days 01:20:51.958000,25.3,57.0,924.5,False,51.6,200,1.7,2022,21,FP2
0 days 01:21:51.961000,25.3,57.0,924.5,False,51.6,188,1.2,2022,21,FP2
0 days 00:00:17.808000,31.6,45.0,1012.9,False,38.1,50,2.4,2022,22,FP2
0 days 00:01:17.804000,31.5,45.0,1012.9,False,38.2,300,1.7,2022,22,FP2
0 days 00:02:17.807000,31.5,45.0,1012.7,False,38.0,329,2.0,2022,22,FP2
0 days 00:03:17.808000,31.5,45.0,1012.7,False,38.0,314,1.7,2022,22,FP2
0 days 00:04:17.808000,31.5,46.0,1012.7,False,38.0,305,1.6,2022,22,FP2
0 days 00:05:17.807000,31.4,47.0,1012.9,False,38.0,313,1.1,2022,22,FP2
0 days 00:06:17.811000,31.3,47.0,1012.9,False,37.7,318,1.3,2022,22,FP2
0 days 00:07:17.817000,31.3,49.0,1012.9,False,37.8,314,1.7,2022,22,FP2
0 days 00:08:17.805000,31.3,49.0,1012.7,False,37.5,307,1.7,2022,22,FP2
0 days 00:09:17.816000,31.2,50.0,1012.9,False,37.2,302,1.6,2022,22,FP2
0 days 00:10:17.807000,31.1,49.0,1012.9,False,37.1,344,1.8,2022,22,FP2
0 days 00:11:17.808000,31.1,50.0,1013.0,False,37.1,322,1.5,2022,22,FP2
0 days 00:12:17.816000,31.0,50.0,1013.0,False,37.1,310,1.5,2022,22,FP2
0 days 00:13:17.813000,31.0,50.0,1013.0,False,37.1,330,1.8,2022,22,FP2
0 days 00:14:17.807000,31.0,51.0,1013.0,False,37.1,310,1.7,2022,22,FP2
0 days 00:15:17.807000,30.9,51.0,1013.0,False,37.1,341,2.0,2022,22,FP2
0 days 00:16:17.808000,30.8,52.0,1013.0,False,37.1,307,2.0,2022,22,FP2
0 days 00:17:17.824000,30.8,52.0,1013.0,False,37.0,299,1.8,2022,22,FP2
0 days 00:18:17.833000,30.7,53.0,1013.0,False,36.8,303,2.0,2022,22,FP2
0 days 00:19:17.835000,30.6,54.0,1013.0,False,36.8,299,2.0,2022,22,FP2
0 days 00:20:17.839000,30.6,53.0,1013.0,False,36.8,322,1.6,2022,22,FP2
0 days 00:21:17.853000,30.5,53.0,1013.0,False,37.0,331,1.7,2022,22,FP2
0 days 00:22:17.859000,30.5,53.0,1013.0,False,37.0,316,1.8,2022,22,FP2
0 days 00:23:17.854000,30.5,54.0,1013.0,False,36.7,309,2.5,2022,22,FP2
0 days 00:24:17.855000,30.4,54.0,1013.0,False,36.6,322,1.8,2022,22,FP2
0 days 00:25:17.877000,30.4,55.0,1013.0,False,36.6,316,1.8,2022,22,FP2
0 days 00:26:17.856000,30.3,55.0,1013.0,False,36.6,1,1.7,2022,22,FP2
0 days 00:27:17.864000,30.3,55.0,1013.0,False,36.5,315,1.7,2022,22,FP2
0 days 00:28:17.855000,30.3,54.0,1013.0,False,36.4,329,1.5,2022,22,FP2
0 days 00:29:17.860000,30.3,54.0,1013.2,False,36.6,330,1.6,2022,22,FP2
0 days 00:30:17.859000,30.3,54.0,1013.0,False,36.6,331,1.7,2022,22,FP2
0 days 00:31:17.870000,30.3,53.0,1013.2,False,36.5,351,1.5,2022,22,FP2
0 days 00:32:17.886000,30.2,54.0,1013.2,False,36.2,307,1.8,2022,22,FP2
0 days 00:33:17.885000,30.2,54.0,1013.0,False,36.4,337,2.0,2022,22,FP2
0 days 00:34:17.899000,30.0,54.0,1013.2,False,36.4,329,1.8,2022,22,FP2
0 days 00:35:17.906000,29.9,54.0,1013.0,False,36.3,313,2.0,2022,22,FP2
0 days 00:36:17.902000,29.9,55.0,1013.2,False,36.1,317,1.2,2022,22,FP2
0 days 00:37:17.919000,29.9,55.0,1013.2,False,36.1,334,1.5,2022,22,FP2
0 days 00:38:17.932000,29.9,55.0,1013.2,False,35.9,355,1.5,2022,22,FP2
0 days 00:39:17.938000,29.9,56.0,1013.0,False,35.9,9,1.2,2022,22,FP2
0 days 00:40:17.931000,29.8,56.0,1013.2,False,35.9,29,1.2,2022,22,FP2
0 days 00:41:17.935000,29.8,56.0,1013.2,False,35.9,315,1.5,2022,22,FP2
0 days 00:42:17.933000,29.7,56.0,1013.2,False,35.8,12,1.6,2022,22,FP2
0 days 00:43:17.938000,29.7,56.0,1013.2,False,35.9,310,1.5,2022,22,FP2
0 days 00:44:17.931000,29.8,56.0,1013.2,False,35.9,311,1.3,2022,22,FP2
0 days 00:45:17.947000,29.7,56.0,1013.2,False,35.9,341,2.0,2022,22,FP2
0 days 00:46:17.948000,29.7,56.0,1013.2,False,35.9,328,1.1,2022,22,FP2
0 days 00:47:17.957000,29.7,56.0,1013.2,False,35.9,296,1.5,2022,22,FP2
0 days 00:48:17.949000,29.7,57.0,1013.4,False,35.8,315,1.3,2022,22,FP2
0 days 00:49:17.966000,29.7,58.0,1013.4,False,35.7,339,1.7,2022,22,FP2
0 days 00:50:17.964000,29.5,58.0,1013.2,False,35.7,311,1.3,2022,22,FP2
0 days 00:51:17.983000,29.5,58.0,1013.2,False,35.5,331,1.2,2022,22,FP2
0 days 00:52:17.979000,29.5,58.0,1013.2,False,35.5,13,1.5,2022,22,FP2
0 days 00:53:17.979000,29.5,59.0,1013.2,False,35.5,22,1.0,2022,22,FP2
0 days 00:54:17.997000,29.5,59.0,1013.2,False,35.4,348,1.5,2022,22,FP2
0 days 00:55:18.003000,29.4,59.0,1013.2,False,35.4,318,1.3,2022,22,FP2
0 days 00:56:17.996000,29.4,58.0,1013.4,False,35.4,29,1.5,2022,22,FP2
0 days 00:57:17.994000,29.4,59.0,1013.4,False,35.3,342,1.1,2022,22,FP2
0 days 00:58:18.009000,29.4,59.0,1013.5,False,35.1,317,1.2,2022,22,FP2
0 days 00:59:18.028000,29.4,59.0,1013.5,False,35.2,324,1.7,2022,22,FP2
0 days 01:00:18.044000,29.4,59.0,1013.4,False,35.1,331,1.3,2022,22,FP2
0 days 01:01:18.055000,29.4,59.0,1013.4,False,35.1,311,1.3,2022,22,FP2
0 days 01:02:18.060000,29.3,59.0,1013.4,False,35.1,311,1.7,2022,22,FP2
0 days 01:03:18.056000,29.3,58.0,1013.5,False,35.0,330,1.2,2022,22,FP2
0 days 01:04:18.057000,29.3,58.0,1013.5,False,35.1,303,1.3,2022,22,FP2
0 days 01:05:18.060000,29.3,58.0,1013.4,False,35.2,324,1.6,2022,22,FP2
0 days 01:06:18.059000,29.3,59.0,1013.5,False,35.1,316,1.2,2022,22,FP2
0 days 01:07:18.059000,29.4,59.0,1013.4,False,35.1,303,1.2,2022,22,FP2
0 days 01:08:18.058000,29.4,59.0,1013.5,False,34.9,314,1.5,2022,22,FP2
0 days 01:09:18.060000,29.3,60.0,1013.5,False,34.8,326,1.7,2022,22,FP2
0 days 01:10:18.057000,29.3,60.0,1013.5,False,34.6,314,1.2,2022,22,FP2
0 days 01:11:18.064000,29.2,60.0,1013.5,False,34.6,318,1.7,2022,22,FP2
0 days 01:12:18.099000,29.2,60.0,1013.5,False,34.7,301,1.5,2022,22,FP2
0 days 01:13:18.093000,29.2,61.0,1013.5,False,34.7,299,1.7,2022,22,FP2
0 days 01:14:18.091000,29.2,61.0,1013.5,False,34.6,316,1.6,2022,22,FP2
0 days 01:15:18.093000,29.2,61.0,1013.5,False,34.7,344,1.6,2022,22,FP2
0 days 01:16:18.113000,29.2,61.0,1013.5,False,34.7,298,1.0,2022,22,FP2
0 days 01:17:18.116000,29.2,61.0,1013.5,False,34.7,298,1.0,2022,22,FP2
0 days 01:18:18.117000,29.2,62.0,1013.5,False,34.4,304,1.7,2022,22,FP2
0 days 01:19:18.105000,29.2,62.0,1013.5,False,34.3,322,1.2,2022,22,FP2
0 days 01:20:18.104000,29.2,62.0,1013.5,False,34.4,304,1.2,2022,22,FP2
0 days 01:21:18.107000,29.1,62.0,1013.5,False,34.4,20,1.1,2022,22,FP2
0 days 00:00:37.452000,23.6,21.0,1018.0,False,28.5,337,1.5,2023,1,FP2
0 days 00:01:37.451000,23.5,21.0,1018.0,False,28.5,340,1.6,2023,1,FP2
0 days 00:02:37.451000,23.5,21.0,1018.0,False,28.4,341,1.7,2023,1,FP2
0 days 00:03:37.466000,23.5,20.0,1018.0,False,28.4,337,1.5,2023,1,FP2
0 days 00:04:37.481000,23.5,21.0,1018.0,False,28.3,334,1.6,2023,1,FP2
0 days 00:05:37.464000,23.4,20.0,1018.0,False,28.3,339,2.0,2023,1,FP2
0 days 00:06:37.463000,23.4,20.0,1018.0,False,28.2,344,1.6,2023,1,FP2
0 days 00:07:37.463000,23.4,20.0,1018.2,False,28.2,342,1.5,2023,1,FP2
0 days 00:08:37.462000,23.4,20.0,1018.2,False,28.2,336,1.6,2023,1,FP2
0 days 00:09:37.461000,23.3,20.0,1018.2,False,28.1,340,1.7,2023,1,FP2
0 days 00:10:37.507000,23.3,20.0,1018.2,False,28.0,346,1.6,2023,1,FP2
0 days 00:11:37.460000,23.3,20.0,1018.2,False,28.0,340,1.5,2023,1,FP2
0 days 00:12:37.459000,23.4,20.0,1018.2,False,28.0,356,1.2,2023,1,FP2
0 days 00:13:37.474000,23.3,20.0,1018.2,False,28.0,0,1.2,2023,1,FP2
0 days 00:14:37.458000,23.3,20.0,1018.2,False,27.9,345,1.2,2023,1,FP2
0 days 00:15:37.457000,23.3,20.0,1018.2,False,27.9,344,1.2,2023,1,FP2
0 days 00:16:37.456000,23.3,20.0,1018.2,False,27.9,346,1.3,2023,1,FP2
0 days 00:17:37.456000,23.3,20.0,1018.2,False,27.8,343,1.8,2023,1,FP2
0 days 00:18:37.455000,23.2,20.0,1018.2,False,27.7,342,1.7,2023,1,FP2
0 days 00:19:37.454000,23.2,20.0,1018.4,False,27.6,353,1.1,2023,1,FP2
0 days 00:20:37.453000,23.2,20.0,1018.2,False,27.7,12,0.6,2023,1,FP2
0 days 00:21:37.453000,23.2,20.0,1018.2,False,27.7,337,0.6,2023,1,FP2
0 days 00:22:37.468000,23.3,20.0,1018.4,False,27.8,144,0.6,2023,1,FP2
0 days 00:23:37.451000,23.3,20.0,1018.4,False,27.8,21,0.6,2023,1,FP2
0 days 00:24:37.451000,23.3,20.0,1018.4,False,27.6,203,0.6,2023,1,FP2
0 days 00:25:37.466000,23.3,20.0,1018.4,False,27.6,16,0.3,2023,1,FP2
0 days 00:26:37.496000,23.3,20.0,1018.4,False,27.6,20,0.3,2023,1,FP2
0 days 00:27:37.480000,23.2,20.0,1018.4,False,27.6,0,0.6,2023,1,FP2
0 days 00:28:37.526000,23.2,21.0,1018.5,False,27.5,23,0.6,2023,1,FP2
0 days 00:29:37.494000,23.1,21.0,1018.5,False,27.4,350,0.6,2023,1,FP2
0 days 00:30:37.509000,23.1,21.0,1018.5,False,27.3,57,1.0,2023,1,FP2
0 days 00:31:37.508000,23.1,21.0,1018.5,False,27.4,340,1.2,2023,1,FP2
0 days 00:32:37.523000,23.1,21.0,1018.5,False,27.3,342,1.1,2023,1,FP2
0 days 00:33:37.538000,23.1,21.0,1018.5,False,27.2,332,1.2,2023,1,FP2
0 days 00:34:37.553000,23.1,21.0,1018.5,False,27.2,345,1.2,2023,1,FP2
0 days 00:35:37.583000,23.1,21.0,1018.5,False,27.1,345,1.7,2023,1,FP2
0 days 00:36:37.583000,23.0,21.0,1018.5,False,27.0,341,1.7,2023,1,FP2
0 days 00:37:37.582000,23.0,21.0,1018.5,False,26.9,332,1.5,2023,1,FP2
0 days 00:38:37.581000,23.0,22.0,1018.5,False,26.9,348,1.2,2023,1,FP2
0 days 00:39:37.581000,22.9,22.0,1018.5,False,26.9,325,1.2,2023,1,FP2
0 days 00:40:37.580000,22.9,22.0,1018.5,False,26.9,328,1.3,2023,1,FP2
0 days 00:41:37.579000,22.9,22.0,1018.5,False,26.8,16,1.2,2023,1,FP2
0 days 00:42:37.594000,23.0,22.0,1018.5,False,26.8,219,1.1,2023,1,FP2
0 days 00:43:37.578000,23.0,22.0,1018.5,False,26.8,226,0.4,2023,1,FP2
0 days 00:44:37.593000,23.0,22.0,1018.5,False,26.9,341,1.0,2023,1,FP2
0 days 00:45:37.592000,23.0,22.0,1018.5,False,26.7,339,1.0,2023,1,FP2
0 days 00:46:37.591000,22.9,22.0,1018.5,False,26.7,310,0.3,2023,1,FP2
0 days 00:47:37.575000,22.9,23.0,1018.5,False,26.7,261,0.5,2023,1,FP2
0 days 00:48:37.590000,22.8,23.0,1018.5,False,26.7,348,0.6,2023,1,FP2
0 days 00:49:37.589000,22.8,23.0,1018.7,False,26.8,351,1.3,2023,1,FP2
0 days 00:50:37.589000,22.8,23.0,1018.5,False,26.7,343,1.3,2023,1,FP2
0 days 00:51:37.588000,22.8,24.0,1018.7,False,26.5,332,1.3,2023,1,FP2
0 days 00:52:37.587000,22.8,24.0,1018.5,False,26.5,340,1.3,2023,1,FP2
0 days 00:53:37.586000,22.7,24.0,1018.5,False,26.4,342,1.2,2023,1,FP2
0 days 00:54:37.586000,22.6,24.0,1018.7,False,26.4,336,1.2,2023,1,FP2
0 days 00:55:37.585000,22.6,25.0,1018.7,False,26.4,356,1.2,2023,1,FP2
0 days 00:56:37.584000,22.5,25.0,1018.7,False,26.4,4,1.1,2023,1,FP2
0 days 00:57:37.584000,22.5,25.0,1018.7,False,26.4,351,0.8,2023,1,FP2
0 days 00:58:37.583000,22.5,25.0,1018.7,False,26.4,17,0.8,2023,1,FP2
0 days 00:59:37.582000,22.5,26.0,1018.7,False,26.4,343,1.2,2023,1,FP2
0 days 01:00:37.581000,22.5,26.0,1018.7,False,26.3,328,1.6,2023,1,FP2
0 days 01:01:37.581000,22.5,26.0,1018.7,False,26.3,339,1.6,2023,1,FP2
0 days 01:02:37.580000,22.5,26.0,1018.7,False,26.3,350,0.6,2023,1,FP2
0 days 01:03:37.579000,22.5,26.0,1018.7,False,26.3,13,1.0,2023,1,FP2
0 days 01:04:37.579000,22.5,27.0,1018.7,False,26.3,3,0.8,2023,1,FP2
0 days 01:05:37.594000,22.5,27.0,1018.7,False,26.2,22,1.2,2023,1,FP2
0 days 01:06:37.577000,22.5,27.0,1018.7,False,26.1,53,1.2,2023,1,FP2
0 days 01:07:37.592000,22.4,27.0,1018.7,False,26.1,20,1.1,2023,1,FP2
0 days 01:08:37.576000,22.4,28.0,1018.7,False,26.1,15,1.1,2023,1,FP2
0 days 01:09:37.591000,22.4,28.0,1018.7,False,26.1,30,0.8,2023,1,FP2
0 days 01:10:37.590000,22.4,28.0,1018.7,False,26.0,20,1.0,2023,1,FP2
0 days 01:11:37.589000,22.3,28.0,1018.7,False,26.0,356,0.8,2023,1,FP2
0 days 01:12:37.573000,22.3,28.0,1018.7,False,26.0,294,0.8,2023,1,FP2
0 days 01:13:37.588000,22.3,28.0,1018.9,False,26.1,0,0.8,2023,1,FP2
0 days 01:14:37.587000,22.3,28.0,1018.7,False,25.9,277,0.3,2023,1,FP2
0 days 01:15:37.587000,22.3,28.0,1018.9,False,26.1,10,0.4,2023,1,FP2
0 days 01:16:37.586000,22.3,28.0,1018.9,False,26.1,1,1.0,2023,1,FP2
0 days 01:17:37.585000,22.3,29.0,1019.0,False,26.0,287,1.0,2023,1,FP2
0 days 01:18:37.584000,22.2,29.0,1019.0,False,26.0,358,0.8,2023,1,FP2
0 days 01:19:37.584000,22.2,29.0,1018.9,False,25.9,342,0.6,2023,1,FP2
0 days 01:20:37.583000,22.2,29.0,1019.0,False,25.7,356,1.3,2023,1,FP2
0 days 01:21:37.598000,22.2,29.0,1019.0,False,25.7,336,1.0,2023,1,FP2
0 days 01:22:37.582000,22.2,29.0,1019.0,False,25.8,352,1.2,2023,1,FP2
0 days 01:23:37.581000,22.1,29.0,1019.0,False,25.8,12,0.6,2023,1,FP2
0 days 01:24:37.580000,22.1,29.0,1019.0,False,25.8,330,0.8,2023,1,FP2
0 days 00:00:50.765000,25.9,51.0,1009.5,False,31.8,303,1.3,2023,2,FP2
0 days 00:01:50.812000,26.0,51.0,1009.5,False,31.8,322,1.7,2023,2,FP2
0 days 00:02:50.811000,26.0,51.0,1009.5,False,31.8,320,1.8,2023,2,FP2
0 days 00:03:50.795000,26.0,51.0,1009.5,False,31.6,337,2.2,2023,2,FP2
0 days 00:04:50.794000,26.0,51.0,1009.5,False,31.5,318,1.8,2023,2,FP2
0 days 00:05:50.809000,25.9,51.0,1009.5,False,31.4,311,1.7,2023,2,FP2
0 days 00:06:50.808000,26.0,51.0,1009.5,False,31.5,322,2.0,2023,2,FP2
0 days 00:07:50.823000,26.0,51.0,1009.5,False,31.1,325,2.5,2023,2,FP2
0 days 00:08:50.822000,25.9,51.0,1009.5,False,31.2,327,2.4,2023,2,FP2
0 days 00:09:50.837000,25.9,51.0,1009.5,False,31.2,309,1.8,2023,2,FP2
0 days 00:10:50.852000,25.9,51.0,1009.5,False,31.5,319,1.5,2023,2,FP2
0 days 00:11:50.852000,26.0,51.0,1009.5,False,31.3,304,1.6,2023,2,FP2
0 days 00:12:50.851000,26.0,51.0,1009.5,False,31.3,325,1.7,2023,2,FP2
0 days 00:13:50.850000,26.0,51.0,1009.5,False,31.3,305,2.2,2023,2,FP2
0 days 00:14:50.850000,25.9,51.0,1009.5,False,31.3,316,2.5,2023,2,FP2
0 days 00:15:50.849000,25.9,51.0,1009.5,False,31.3,312,1.7,2023,2,FP2
0 days 00:16:50.848000,25.9,51.0,1009.5,False,31.2,325,1.7,2023,2,FP2
0 days 00:17:50.863000,25.9,51.0,1009.7,False,31.3,326,1.8,2023,2,FP2
0 days 00:18:50.862000,25.9,50.0,1009.5,False,31.4,325,1.7,2023,2,FP2
0 days 00:19:50.893000,26.0,51.0,1009.5,False,31.3,308,1.8,2023,2,FP2
0 days 00:20:50.892000,26.1,51.0,1009.5,False,31.4,267,0.3,2023,2,FP2
0 days 00:21:50.876000,26.2,50.0,1009.7,False,31.6,318,0.6,2023,2,FP2
0 days 00:22:50.891000,26.3,50.0,1009.7,False,31.7,331,0.5,2023,2,FP2
0 days 00:23:50.875000,26.3,50.0,1009.7,False,31.7,294,0.6,2023,2,FP2
0 days 00:24:50.890000,26.4,49.0,1009.7,False,31.7,277,0.8,2023,2,FP2
0 days 00:25:50.889000,26.4,49.0,1009.7,False,31.6,11,0.8,2023,2,FP2
0 days 00:26:50.904000,26.5,49.0,1009.5,False,31.6,314,1.2,2023,2,FP2
0 days 00:27:50.934000,26.4,49.0,1009.5,False,31.2,360,1.5,2023,2,FP2
0 days 00:28:50.949000,26.4,49.0,1009.5,False,30.9,312,0.8,2023,2,FP2
0 days 00:29:50.933000,26.4,49.0,1009.7,False,30.9,299,1.7,2023,2,FP2
0 days 00:30:50.932000,26.4,49.0,1009.5,False,31.5,315,1.8,2023,2,FP2
0 days 00:31:50.932000,26.3,50.0,1009.5,False,31.0,296,1.2,2023,2,FP2
0 days 00:32:50.931000,26.3,50.0,1009.5,False,31.0,321,1.6,2023,2,FP2
0 days 00:33:50.930000,26.2,50.0,1009.7,False,31.0,314,1.7,2023,2,FP2
0 days 00:34:50.930000,26.1,50.0,1009.7,False,30.9,320,1.7,2023,2,FP2
0 days 00:35:50.929000,26.0,50.0,1009.5,False,30.8,307,2.0,2023,2,FP2
0 days 00:36:50.928000,26.0,50.0,1009.5,False,30.8,319,2.0,2023,2,FP2
0 days 00:37:50.927000,26.0,50.0,1009.7,False,30.8,327,1.1,2023,2,FP2
0 days 00:38:50.927000,26.0,50.0,1009.5,False,30.8,302,0.6,2023,2,FP2
0 days 00:39:50.926000,26.0,50.0,1009.7,False,30.9,302,1.2,2023,2,FP2
0 days 00:40:50.925000,26.1,50.0,1009.7,False,31.0,274,0.8,2023,2,FP2
0 days 00:41:50.925000,26.1,50.0,1009.7,False,31.0,51,0.6,2023,2,FP2
0 days 00:42:50.940000,26.1,50.0,1009.7,False,31.0,299,0.6,2023,2,FP2
0 days 00:43:50.970000,26.1,49.0,1009.7,False,31.0,47,1.1,2023,2,FP2
0 days 00:44:50.985000,26.1,50.0,1009.7,False,31.0,293,0.8,2023,2,FP2
0 days 00:45:50.984000,26.1,50.0,1009.7,False,31.0,296,0.6,2023,2,FP2
0 days 00:46:51.015000,26.3,49.0,1009.7,False,30.8,101,1.3,2023,2,FP2
0 days 00:47:51.014000,26.2,49.0,1009.7,False,31.0,312,0.8,2023,2,FP2
0 days 00:48:51.014000,26.3,49.0,1009.7,False,31.0,0,1.0,2023,2,FP2
0 days 00:49:51.013000,26.3,49.0,1009.7,False,31.0,287,0.6,2023,2,FP2
0 days 00:50:51.012000,26.4,49.0,1009.7,False,31.0,333,0.8,2023,2,FP2
0 days 00:51:51.043000,26.3,49.0,1009.7,False,30.8,302,0.8,2023,2,FP2
0 days 00:52:51.089000,26.2,49.0,1009.7,False,30.6,11,1.0,2023,2,FP2
0 days 00:53:51.057000,26.1,49.0,1009.7,False,30.8,327,0.6,2023,2,FP2
0 days 00:54:51.056000,26.1,49.0,1009.7,False,30.8,316,0.6,2023,2,FP2
0 days 00:55:51.056000,26.0,49.0,1009.7,False,30.8,288,2.0,2023,2,FP2
0 days 00:56:51.055000,26.0,49.0,1009.7,False,30.6,308,2.0,2023,2,FP2
0 days 00:57:51.054000,26.1,49.0,1009.7,False,30.6,322,2.0,2023,2,FP2
0 days 00:58:51.694000,26.1,50.0,1009.7,False,30.6,314,1.6,2023,2,FP2
0 days 00:59:51.053000,26.1,50.0,1009.7,False,30.6,284,1.1,2023,2,FP2
0 days 01:00:51.052000,26.2,50.0,1009.7,False,30.8,55,0.8,2023,2,FP2
0 days 01:01:51.052000,26.3,49.0,1009.7,False,31.1,301,0.6,2023,2,FP2
0 days 01:02:51.051000,26.4,49.0,1009.7,False,31.1,264,1.1,2023,2,FP2
0 days 01:03:51.050000,26.5,49.0,1009.9,False,31.0,290,0.8,2023,2,FP2
0 days 01:04:51.050000,26.5,49.0,1009.9,False,31.0,291,0.8,2023,2,FP2
0 days 01:05:51.049000,26.5,49.0,1009.9,False,30.9,116,1.1,2023,2,FP2
0 days 01:06:51.079000,26.5,49.0,1009.9,False,31.0,0,0.5,2023,2,FP2
0 days 01:07:51.063000,26.5,49.0,1009.9,False,31.0,263,0.5,2023,2,FP2
0 days 01:08:51.062000,26.5,49.0,1010.0,False,30.8,284,1.1,2023,2,FP2
0 days 01:09:51.062000,26.5,49.0,1009.9,False,30.5,181,1.7,2023,2,FP2
0 days 01:10:51.077000,26.5,49.0,1009.7,False,30.5,111,1.0,2023,2,FP2
0 days 01:11:51.076000,26.4,50.0,1010.0,False,30.5,125,0.5,2023,2,FP2
0 days 01:12:51.092000,26.5,50.0,1010.0,False,30.7,55,0.8,2023,2,FP2
0 days 01:13:51.121000,26.5,50.0,1010.0,False,30.7,252,0.8,2023,2,FP2
0 days 01:14:51.105000,26.5,50.0,1010.0,False,30.6,262,0.8,2023,2,FP2
0 days 01:15:51.104000,26.5,50.0,1010.0,False,30.6,184,0.6,2023,2,FP2
0 days 01:16:51.104000,26.5,50.0,1010.0,False,30.5,270,1.2,2023,2,FP2
0 days 01:17:51.103000,26.5,50.0,1010.0,False,30.4,291,1.2,2023,2,FP2
0 days 01:18:51.118000,26.5,50.0,1010.0,False,30.4,44,1.0,2023,2,FP2
0 days 01:19:51.133000,26.4,50.0,1010.0,False,30.4,301,0.6,2023,2,FP2
0 days 01:20:51.132000,26.3,50.0,1010.0,False,30.5,336,0.8,2023,2,FP2
0 days 01:21:51.132000,26.2,51.0,1010.0,False,30.3,319,0.8,2023,2,FP2
0 days 01:22:51.131000,26.3,51.0,1010.0,False,30.4,321,1.6,2023,2,FP2
0 days 00:00:29.723000,16.8,73.0,1012.2,False,27.7,191,1.8,2023,3,FP2
0 days 00:01:29.722000,16.8,73.0,1012.2,False,27.7,0,1.3,2023,3,FP2
0 days 00:02:29.721000,16.7,74.0,1012.2,False,27.7,153,1.1,2023,3,FP2
0 days 00:03:29.720000,16.7,73.0,1012.2,False,27.4,145,0.8,2023,3,FP2
0 days 00:04:29.718000,16.7,73.0,1012.4,False,27.1,322,1.5,2023,3,FP2
0 days 00:05:29.717000,16.6,73.0,1012.2,False,26.8,160,0.6,2023,3,FP2
0 days 00:06:29.732000,16.6,74.0,1012.2,False,26.9,149,1.5,2023,3,FP2
0 days 00:07:29.747000,16.5,74.0,1012.2,False,26.9,7,1.2,2023,3,FP2
0 days 00:08:29.761000,16.5,73.0,1012.2,False,26.6,110,0.8,2023,3,FP2
0 days 00:09:29.776000,16.5,74.0,1012.4,False,26.6,161,1.2,2023,3,FP2
0 days 00:10:29.775000,16.4,74.0,1012.2,False,26.5,116,1.0,2023,3,FP2
0 days 00:11:29.789000,16.4,74.0,1012.2,False,26.5,0,1.8,2023,3,FP2
0 days 00:12:29.788000,16.3,74.0,1012.2,False,26.5,159,0.6,2023,3,FP2
0 days 00:13:29.803000,16.4,74.0,1012.4,False,26.5,215,1.1,2023,3,FP2
0 days 00:14:29.802000,16.4,74.0,1012.2,False,26.5,146,0.8,2023,3,FP2
0 days 00:15:29.800000,16.4,75.0,1012.4,False,26.5,184,1.7,2023,3,FP2
0 days 00:16:29.799000,16.4,75.0,1012.4,False,26.4,152,1.2,2023,3,FP2
0 days 00:17:29.798000,16.4,75.0,1012.4,False,26.3,171,1.7,2023,3,FP2
0 days 00:18:29.797000,16.4,75.0,1012.5,False,26.4,359,1.7,2023,3,FP2
0 days 00:19:29.796000,16.4,76.0,1012.4,False,26.2,139,1.6,2023,3,FP2
0 days 00:20:29.795000,16.4,76.0,1012.4,False,26.5,117,1.7,2023,3,FP2
0 days 00:21:29.794000,16.4,74.0,1012.5,False,26.5,0,1.5,2023,3,FP2
0 days 00:22:29.793000,16.4,73.0,1012.5,False,26.4,120,1.5,2023,3,FP2
0 days 00:23:29.792000,16.4,72.0,1012.5,False,26.1,0,2.0,2023,3,FP2
0 days 00:24:29.806000,16.3,73.0,1012.4,False,26.0,153,1.0,2023,3,FP2
0 days 00:25:29.790000,16.3,73.0,1012.5,False,25.9,7,2.0,2023,3,FP2
0 days 00:26:29.804000,16.3,72.0,1012.5,False,25.9,0,1.7,2023,3,FP2
0 days 00:27:29.803000,16.4,72.0,1012.5,False,25.9,0,2.2,2023,3,FP2
0 days 00:28:29.802000,16.4,72.0,1012.5,True,25.8,160,2.5,2023,3,FP2
0 days 00:29:29.801000,16.4,72.0,1012.5,True,25.8,153,0.8,2023,3,FP2
0 days 00:30:29.800000,16.4,73.0,1012.5,True,25.6,148,0.8,2023,3,FP2
0 days 00:31:29.799000,16.4,73.0,1012.5,True,25.4,135,1.6,2023,3,FP2
0 days 00:32:29.798000,16.4,73.0,1012.5,True,25.3,159,1.7,2023,3,FP2
0 days 00:33:29.812000,16.4,73.0,1012.5,True,25.1,277,2.2,2023,3,FP2
0 days 00:34:29.796000,16.4,73.0,1012.5,True,25.1,163,1.3,2023,3,FP2
0 days 00:35:29.795000,16.4,74.0,1012.5,True,25.1,144,1.6,2023,3,FP2
0 days 00:36:29.793000,16.4,74.0,1012.5,True,24.3,0,0.8,2023,3,FP2
0 days 00:37:29.824000,16.4,75.0,1012.5,True,23.8,0,1.2,2023,3,FP2
0 days 00:38:29.823000,16.3,76.0,1012.5,True,23.8,236,2.0,2023,3,FP2
0 days 00:39:29.853000,16.3,76.0,1012.5,False,23.6,279,2.2,2023,3,FP2
0 days 00:40:29.852000,16.2,77.0,1012.7,False,23.6,134,0.8,2023,3,FP2
0 days 00:41:29.851000,16.1,77.0,1012.7,False,23.6,287,1.7,2023,3,FP2
0 days 00:42:29.850000,16.0,77.0,1012.7,False,23.6,182,1.2,2023,3,FP2
0 days 00:43:29.849000,15.9,77.0,1012.7,True,23.5,46,1.7,2023,3,FP2
0 days 00:44:29.847000,15.9,78.0,1012.7,True,23.5,148,1.6,2023,3,FP2
0 days 00:45:29.846000,15.9,78.0,1012.5,True,23.3,146,1.2,2023,3,FP2
0 days 00:46:29.845000,15.9,79.0,1012.7,True,23.1,145,1.0,2023,3,FP2
0 days 00:47:29.844000,15.8,80.0,1012.7,True,22.9,331,1.7,2023,3,FP2
0 days 00:48:29.843000,15.7,81.0,1012.7,True,22.7,269,1.1,2023,3,FP2
0 days 00:49:29.842000,15.7,80.0,1012.9,True,22.7,140,0.8,2023,3,FP2
0 days 00:50:29.857000,15.6,81.0,1012.7,True,22.4,160,1.1,2023,3,FP2
0 days 00:51:29.856000,15.6,80.0,1012.7,True,22.4,347,2.2,2023,3,FP2
0 days 00:52:29.870000,15.5,80.0,1012.9,True,22.4,289,1.6,2023,3,FP2
0 days 00:53:29.885000,15.4,80.0,1012.7,True,22.4,174,1.0,2023,3,FP2
0 days 00:54:29.899000,15.5,82.0,1012.7,True,22.3,146,1.0,2023,3,FP2
0 days 00:55:29.898000,15.5,82.0,1012.7,True,22.0,123,1.2,2023,3,FP2
0 days 00:56:29.913000,15.5,83.0,1012.7,True,21.7,152,2.0,2023,3,FP2
0 days 00:57:29.911000,15.5,83.0,1012.7,True,21.6,95,1.6,2023,3,FP2
0 days 00:58:29.910000,15.4,84.0,1012.9,True,21.6,144,0.8,2023,3,FP2
0 days 00:59:29.925000,15.4,84.0,1012.9,True,21.6,161,1.1,2023,3,FP2
0 days 01:00:29.924000,15.4,83.0,1012.7,True,21.4,80,1.0,2023,3,FP2
0 days 01:01:29.923000,15.3,82.0,1012.7,True,21.4,42,0.6,2023,3,FP2
0 days 01:02:29.922000,15.4,82.0,1012.7,True,21.6,156,0.8,2023,3,FP2
0 days 01:03:29.921000,15.3,83.0,1012.7,True,21.6,325,1.2,2023,3,FP2
0 days 01:04:29.920000,15.3,83.0,1012.9,True,21.6,152,1.8,2023,3,FP2
0 days 01:05:29.934000,15.3,83.0,1012.9,True,21.4,166,1.6,2023,3,FP2
0 days 01:06:29.949000,15.3,83.0,1012.7,True,21.3,160,1.6,2023,3,FP2
0 days 01:07:29.948000,15.3,83.0,1012.9,False,21.2,155,0.8,2023,3,FP2
0 days 01:08:29.978000,15.3,83.0,1012.9,False,21.2,147,1.0,2023,3,FP2
0 days 01:09:29.977000,15.3,82.0,1012.9,False,20.8,286,1.1,2023,3,FP2
0 days 01:10:29.976000,15.2,82.0,1012.9,False,20.8,0,1.0,2023,3,FP2
0 days 01:11:29.975000,15.2,83.0,1012.9,False,20.6,0,1.2,2023,3,FP2
0 days 01:12:29.973000,15.1,82.0,1013.0,False,20.5,152,1.0,2023,3,FP2
0 days 01:13:29.972000,15.1,81.0,1013.0,False,20.5,149,1.8,2023,3,FP2
0 days 01:14:29.971000,15.1,81.0,1013.0,False,20.5,0,0.6,2023,3,FP2
0 days 01:15:29.970000,15.1,81.0,1013.0,False,20.5,0,0.8,2023,3,FP2
0 days 01:16:29.985000,15.0,81.0,1013.0,False,20.5,153,0.8,2023,3,FP2
0 days 01:17:29.968000,15.1,80.0,1013.0,False,20.5,169,1.2,2023,3,FP2
0 days 01:18:29.983000,15.1,78.0,1013.0,False,20.5,98,1.7,2023,3,FP2
0 days 01:19:29.982000,15.1,78.0,1013.0,False,20.3,152,1.2,2023,3,FP2
0 days 01:20:29.965000,15.1,79.0,1013.0,False,20.3,168,0.8,2023,3,FP2
0 days 01:21:29.979000,15.1,79.0,1013.0,False,20.3,146,1.2,2023,3,FP2
0 days 00:00:29.266000,28.4,53.0,1016.7,False,39.3,132,3.5,2023,5,FP2
0 days 00:01:29.265000,28.3,53.0,1016.7,False,39.4,133,3.0,2023,5,FP2
0 days 00:02:29.264000,28.3,53.0,1016.7,False,40.3,111,2.2,2023,5,FP2
0 days 00:03:29.264000,28.4,52.0,1016.5,False,41.2,135,3.2,2023,5,FP2
0 days 00:04:29.263000,28.5,52.0,1016.7,False,41.5,150,3.7,2023,5,FP2
0 days 00:05:29.278000,28.5,51.0,1016.7,False,41.8,113,3.2,2023,5,FP2
0 days 00:06:29.277000,28.5,51.0,1016.7,False,41.8,142,4.0,2023,5,FP2
0 days 00:07:29.276000,28.5,51.0,1016.7,False,41.1,114,4.0,2023,5,FP2
0 days 00:08:29.291000,28.5,51.0,1016.7,False,40.9,114,3.7,2023,5,FP2
0 days 00:09:29.306000,28.4,51.0,1016.7,False,40.8,146,2.9,2023,5,FP2
0 days 00:10:29.306000,28.5,51.0,1016.7,False,40.8,144,2.7,2023,5,FP2
0 days 00:11:29.321000,28.5,50.0,1016.7,False,41.4,123,2.0,2023,5,FP2
0 days 00:12:29.351000,28.6,50.0,1016.7,False,41.5,137,2.9,2023,5,FP2
0 days 00:13:29.351000,28.5,50.0,1016.7,False,41.5,110,3.0,2023,5,FP2
0 days 00:14:29.350000,28.5,51.0,1016.9,False,41.2,141,2.5,2023,5,FP2
0 days 00:15:29.349000,28.5,51.0,1016.7,False,41.3,151,4.5,2023,5,FP2
0 days 00:16:29.364000,28.6,52.0,1016.7,False,41.3,137,4.3,2023,5,FP2
0 days 00:17:29.363000,28.5,53.0,1016.7,False,40.6,163,3.4,2023,5,FP2
0 days 00:18:29.394000,28.5,53.0,1016.7,False,40.6,79,3.7,2023,5,FP2
0 days 00:19:29.393000,28.6,54.0,1016.9,False,40.8,135,1.3,2023,5,FP2
0 days 00:20:29.424000,28.6,52.0,1016.9,False,40.9,140,3.2,2023,5,FP2
0 days 00:21:29.392000,28.7,53.0,1016.9,False,40.6,121,3.2,2023,5,FP2
0 days 00:22:29.391000,28.7,53.0,1016.9,False,40.6,128,2.2,2023,5,FP2
0 days 00:23:29.390000,28.6,53.0,1016.9,False,40.8,159,2.7,2023,5,FP2
0 days 00:24:29.390000,28.7,53.0,1016.9,False,40.8,144,2.7,2023,5,FP2
0 days 00:25:29.389000,28.7,52.0,1016.9,False,40.8,125,3.5,2023,5,FP2
0 days 00:26:29.389000,28.5,52.0,1016.9,False,40.1,153,3.5,2023,5,FP2
0 days 00:27:29.388000,28.5,54.0,1017.0,False,39.7,143,2.5,2023,5,FP2
0 days 00:28:29.387000,28.4,56.0,1017.0,False,39.9,98,3.0,2023,5,FP2
0 days 00:29:29.402000,28.4,55.0,1017.0,False,39.9,130,1.7,2023,5,FP2
0 days 00:30:29.386000,28.5,54.0,1017.0,False,40.5,138,1.2,2023,5,FP2
0 days 00:31:29.401000,28.6,53.0,1017.0,False,41.1,112,2.7,2023,5,FP2
0 days 00:32:29.384000,28.5,53.0,1017.0,False,41.0,129,2.7,2023,5,FP2
0 days 00:33:29.399000,28.6,53.0,1017.0,False,40.5,119,3.7,2023,5,FP2
0 days 00:34:29.399000,28.6,53.0,1017.0,False,40.5,133,3.2,2023,5,FP2
0 days 00:35:29.382000,28.5,54.0,1017.0,False,40.1,193,3.0,2023,5,FP2
0 days 00:36:29.991000,28.4,55.0,1016.9,False,39.2,150,2.4,2023,5,FP2
0 days 00:37:29.397000,28.3,57.0,1017.0,False,39.1,123,2.7,2023,5,FP2
0 days 00:38:29.380000,28.3,57.0,1016.9,False,39.4,138,3.5,2023,5,FP2
0 days 00:39:29.395000,28.1,58.0,1017.0,False,39.6,143,1.7,2023,5,FP2
0 days 00:40:29.395000,28.2,57.0,1016.9,False,39.0,163,4.4,2023,5,FP2
0 days 00:41:29.394000,28.1,57.0,1016.9,False,39.0,141,3.7,2023,5,FP2
0 days 00:42:29.393000,28.0,57.0,1017.0,False,39.2,107,2.9,2023,5,FP2
0 days 00:43:29.392000,28.0,56.0,1016.9,False,39.4,161,3.2,2023,5,FP2
0 days 00:44:29.392000,27.9,57.0,1016.7,False,39.1,107,2.5,2023,5,FP2
0 days 00:45:29.407000,27.8,56.0,1016.7,False,39.1,94,1.8,2023,5,FP2
0 days 00:46:29.406000,27.9,56.0,1016.9,False,39.1,184,3.4,2023,5,FP2
0 days 00:47:29.421000,27.8,57.0,1016.9,False,38.9,163,3.9,2023,5,FP2
0 days 00:48:29.420000,27.8,59.0,1016.9,False,37.6,146,3.4,2023,5,FP2
0 days 00:49:29.435000,27.7,59.0,1016.7,False,38.0,154,3.5,2023,5,FP2
0 days 00:50:29.435000,27.8,59.0,1016.9,False,37.1,152,4.5,2023,5,FP2
0 days 00:51:29.434000,27.9,59.0,1016.9,False,37.0,72,3.0,2023,5,FP2
0 days 00:52:29.464000,27.8,59.0,1016.7,False,37.0,182,2.0,2023,5,FP2
0 days 00:53:29.464000,27.8,59.0,1016.9,False,37.0,140,1.7,2023,5,FP2
0 days 00:54:29.463000,27.8,58.0,1016.7,False,36.6,142,3.5,2023,5,FP2
0 days 00:55:29.478000,27.8,57.0,1016.7,False,36.6,132,5.0,2023,5,FP2
0 days 00:56:29.493000,27.7,58.0,1016.7,False,36.7,151,4.1,2023,5,FP2
0 days 00:57:29.508000,27.7,58.0,1016.7,False,36.5,140,4.0,2023,5,FP2
0 days 00:58:29.523000,27.6,59.0,1016.7,False,36.3,144,3.7,2023,5,FP2
0 days 00:59:29.522000,27.5,59.0,1016.7,False,36.3,169,3.7,2023,5,FP2
0 days 01:00:29.522000,27.6,59.0,1016.7,False,36.5,151,3.2,2023,5,FP2
0 days 01:01:29.521000,27.7,59.0,1016.7,False,36.5,149,4.5,2023,5,FP2
0 days 01:02:29.520000,27.7,59.0,1016.7,False,36.4,144,3.4,2023,5,FP2
0 days 01:03:29.519000,27.7,59.0,1016.7,False,36.6,131,2.9,2023,5,FP2
0 days 01:04:29.519000,27.8,59.0,1016.7,False,36.8,138,2.0,2023,5,FP2
0 days 01:05:29.518000,27.7,58.0,1016.7,False,37.0,230,2.7,2023,5,FP2
0 days 01:06:29.517000,27.6,58.0,1016.7,False,36.8,139,2.7,2023,5,FP2
0 days 01:07:29.517000,27.7,58.0,1016.7,False,36.5,91,2.2,2023,5,FP2
0 days 01:08:29.516000,27.7,58.0,1016.7,False,36.8,147,4.1,2023,5,FP2
0 days 01:09:29.515000,27.7,58.0,1016.7,False,36.8,168,5.0,2023,5,FP2
0 days 01:10:29.530000,27.6,59.0,1016.7,False,36.1,152,3.5,2023,5,FP2
0 days 01:11:29.514000,27.5,59.0,1016.7,False,36.2,151,4.0,2023,5,FP2
0 days 01:12:29.514000,27.5,59.0,1016.7,False,36.1,152,3.5,2023,5,FP2
0 days 01:13:29.513000,27.5,60.0,1016.7,False,36.3,132,2.2,2023,5,FP2
0 days 01:14:29.528000,27.5,59.0,1016.7,False,36.5,150,3.4,2023,5,FP2
0 days 01:15:29.511000,27.5,59.0,1016.7,False,36.5,144,3.5,2023,5,FP2
0 days 01:16:29.511000,27.6,58.0,1016.7,False,36.0,125,4.5,2023,5,FP2
0 days 01:17:29.526000,27.6,58.0,1016.5,False,35.9,110,2.7,2023,5,FP2
0 days 01:18:29.525000,27.6,58.0,1016.7,False,35.8,53,1.7,2023,5,FP2
0 days 01:19:29.509000,27.6,58.0,1016.7,False,36.2,159,3.0,2023,5,FP2
0 days 01:20:29.508000,27.6,58.0,1016.5,False,35.8,113,3.7,2023,5,FP2
0 days 01:21:29.523000,27.6,58.0,1016.5,False,35.8,151,1.3,2023,5,FP2
0 days 00:00:11.511000,26.7,34.0,1017.5,False,45.7,304,1.2,2023,6,FP2
0 days 00:01:11.526000,26.7,34.0,1017.5,False,45.9,303,1.8,2023,6,FP2
0 days 00:02:11.510000,26.6,34.0,1017.5,False,46.3,314,1.3,2023,6,FP2
0 days 00:03:11.509000,26.5,34.0,1017.5,False,46.1,306,0.8,2023,6,FP2
0 days 00:04:11.509000,26.5,35.0,1017.5,False,45.5,303,1.6,2023,6,FP2
0 days 00:05:11.555000,26.5,35.0,1017.5,False,45.5,291,1.5,2023,6,FP2
0 days 00:06:11.539000,26.5,35.0,1017.5,False,45.7,303,1.7,2023,6,FP2
0 days 00:07:11.554000,26.5,35.0,1017.5,False,45.7,327,1.2,2023,6,FP2
0 days 00:08:11.553000,26.6,35.0,1017.5,False,45.9,51,1.2,2023,6,FP2
0 days 00:09:11.552000,26.7,34.0,1017.5,False,46.1,66,1.0,2023,6,FP2
0 days 00:10:11.551000,26.6,33.0,1017.5,False,45.7,0,0.6,2023,6,FP2
0 days 00:11:11.567000,26.7,34.0,1017.5,False,45.7,326,1.7,2023,6,FP2
0 days 00:12:11.566000,26.6,33.0,1017.5,False,45.6,325,2.4,2023,6,FP2
0 days 00:13:11.565000,26.5,34.0,1017.5,False,45.5,181,0.6,2023,6,FP2
0 days 00:14:11.580000,26.6,34.0,1017.5,False,45.4,294,0.6,2023,6,FP2
0 days 00:15:11.579000,26.7,34.0,1017.4,False,45.5,299,0.8,2023,6,FP2
0 days 00:16:11.579000,26.7,33.0,1017.5,False,45.8,295,1.5,2023,6,FP2
0 days 00:17:11.578000,26.8,33.0,1017.5,False,45.9,316,1.7,2023,6,FP2
0 days 00:18:11.593000,26.8,33.0,1017.4,False,45.9,97,0.8,2023,6,FP2
0 days 00:19:11.608000,26.9,33.0,1017.4,False,45.9,219,0.0,2023,6,FP2
0 days 00:20:11.607000,26.9,33.0,1017.5,False,45.6,132,1.0,2023,6,FP2
0 days 00:21:11.622000,27.0,32.0,1017.2,False,45.6,238,0.5,2023,6,FP2
0 days 00:22:11.606000,27.1,31.0,1017.4,False,44.8,154,1.1,2023,6,FP2
0 days 00:23:11.605000,27.1,32.0,1017.4,False,44.6,162,0.8,2023,6,FP2
0 days 00:24:11.605000,27.1,32.0,1017.4,False,44.2,102,1.2,2023,6,FP2
0 days 00:25:11.604000,27.2,31.0,1017.2,False,44.5,79,0.6,2023,6,FP2
0 days 00:26:11.603000,27.2,31.0,1017.4,False,44.5,162,0.6,2023,6,FP2
0 days 00:27:11.603000,27.3,31.0,1017.2,False,44.2,96,1.3,2023,6,FP2
0 days 00:28:11.617000,27.3,31.0,1017.2,False,43.8,72,0.6,2023,6,FP2
0 days 00:29:11.617000,27.3,32.0,1017.4,False,43.5,189,0.8,2023,6,FP2
0 days 00:30:11.632000,27.2,32.0,1017.4,False,42.8,2,0.6,2023,6,FP2
0 days 00:31:11.647000,27.0,33.0,1017.4,False,42.8,78,1.0,2023,6,FP2
0 days 00:32:11.693000,26.9,33.0,1017.4,False,42.7,284,1.0,2023,6,FP2
0 days 00:33:11.645000,26.8,33.0,1017.2,False,42.7,159,0.5,2023,6,FP2
0 days 00:34:11.645000,26.7,33.0,1017.4,False,42.7,105,0.6,2023,6,FP2
0 days 00:35:11.644000,26.8,32.0,1017.2,False,43.2,299,0.5,2023,6,FP2
0 days 00:36:11.643000,26.8,32.0,1017.2,False,43.2,256,1.1,2023,6,FP2
0 days 00:37:11.643000,26.9,31.0,1017.4,False,43.2,185,0.3,2023,6,FP2
0 days 00:38:11.642000,26.9,32.0,1017.4,False,42.9,320,0.8,2023,6,FP2
0 days 00:39:11.641000,26.8,32.0,1017.2,False,42.6,123,1.1,2023,6,FP2
0 days 00:40:11.641000,26.8,32.0,1017.4,False,42.6,226,0.5,2023,6,FP2
0 days 00:41:11.640000,26.9,32.0,1017.2,False,42.6,276,1.2,2023,6,FP2
0 days 00:42:11.639000,27.0,32.0,1017.2,False,43.3,282,0.8,2023,6,FP2
0 days 00:43:11.639000,27.0,31.0,1017.2,False,43.2,168,1.3,2023,6,FP2
0 days 00:44:11.638000,27.0,31.0,1017.2,False,43.2,268,1.6,2023,6,FP2
0 days 00:45:11.637000,27.0,31.0,1017.2,False,42.7,250,0.6,2023,6,FP2
0 days 00:46:11.637000,27.0,32.0,1017.4,False,42.5,21,0.8,2023,6,FP2
0 days 00:47:11.636000,27.0,32.0,1017.5,False,42.5,300,0.6,2023,6,FP2
0 days 00:48:11.635000,27.0,31.0,1017.2,False,41.8,4,1.0,2023,6,FP2
0 days 00:49:11.635000,26.9,32.0,1017.2,False,41.8,165,0.6,2023,6,FP2
0 days 00:50:11.650000,27.0,32.0,1017.2,False,41.9,115,1.1,2023,6,FP2
0 days 00:51:11.649000,27.1,31.0,1017.2,False,42.0,188,0.6,2023,6,FP2
0 days 00:52:11.648000,27.1,31.0,1017.2,False,41.8,0,1.0,2023,6,FP2
0 days 00:53:11.648000,27.2,31.0,1017.2,False,42.0,137,0.4,2023,6,FP2
0 days 00:54:11.647000,27.2,31.0,1017.2,False,42.3,152,1.0,2023,6,FP2
0 days 00:55:11.646000,27.1,30.0,1017.2,False,41.8,143,1.0,2023,6,FP2
0 days 00:56:11.645000,27.1,31.0,1017.2,False,41.5,315,0.6,2023,6,FP2
0 days 00:57:11.660000,27.1,30.0,1017.2,False,41.3,320,1.3,2023,6,FP2
0 days 00:58:11.644000,27.0,31.0,1017.2,False,41.3,47,0.8,2023,6,FP2
0 days 00:59:11.643000,27.0,31.0,1017.2,False,41.3,299,0.8,2023,6,FP2
0 days 01:00:11.643000,27.0,31.0,1017.2,False,41.6,303,1.0,2023,6,FP2
0 days 01:01:11.642000,26.9,31.0,1017.2,False,41.4,246,0.8,2023,6,FP2
0 days 01:02:11.657000,26.8,32.0,1017.2,False,41.4,315,1.1,2023,6,FP2
0 days 01:03:11.641000,26.8,32.0,1017.2,False,41.1,277,0.5,2023,6,FP2
0 days 01:04:11.640000,26.8,32.0,1017.0,False,41.1,146,0.6,2023,6,FP2
0 days 01:05:11.639000,26.7,32.0,1017.0,False,41.3,318,2.0,2023,6,FP2
0 days 01:06:11.639000,26.7,33.0,1017.0,False,40.9,112,0.8,2023,6,FP2
0 days 01:07:11.654000,26.7,33.0,1017.0,False,40.9,60,0.8,2023,6,FP2
0 days 01:08:11.653000,26.9,32.0,1017.2,False,41.4,12,1.0,2023,6,FP2
0 days 01:09:11.637000,26.9,32.0,1017.0,False,41.4,170,0.8,2023,6,FP2
0 days 01:10:11.652000,26.8,32.0,1017.0,False,40.8,150,0.6,2023,6,FP2
0 days 01:11:11.651000,26.9,32.0,1017.2,False,40.6,328,0.6,2023,6,FP2
0 days 01:12:11.650000,26.9,32.0,1017.0,False,40.5,80,0.6,2023,6,FP2
0 days 01:13:11.650000,26.9,33.0,1017.0,False,40.1,149,0.8,2023,6,FP2
0 days 01:14:11.649000,26.9,33.0,1017.0,False,40.1,108,0.8,2023,6,FP2
0 days 01:15:11.648000,26.8,33.0,1017.0,False,39.6,32,0.8,2023,6,FP2
0 days 01:16:11.648000,26.8,34.0,1017.0,False,39.5,309,1.5,2023,6,FP2
0 days 01:17:11.647000,26.7,34.0,1017.0,False,39.5,180,1.0,2023,6,FP2
0 days 01:18:11.646000,26.7,34.0,1017.0,False,39.5,138,1.2,2023,6,FP2
0 days 01:19:11.646000,26.8,33.0,1017.0,False,39.8,27,0.6,2023,6,FP2
0 days 01:20:11.645000,26.7,33.0,1017.0,False,40.1,327,0.5,2023,6,FP2
0 days 00:00:24.906000,23.9,54.0,998.5,False,37.1,179,1.2,2023,7,FP2
0 days 00:01:24.905000,24.0,54.0,998.5,False,37.1,49,1.3,2023,7,FP2
0 days 00:02:24.905000,24.0,54.0,998.4,False,37.5,268,1.1,2023,7,FP2
0 days 00:03:24.904000,24.2,53.0,998.5,False,37.5,230,1.2,2023,7,FP2
0 days 00:04:24.903000,24.2,53.0,998.4,False,36.9,239,1.5,2023,7,FP2
0 days 00:05:24.902000,24.1,54.0,998.5,False,36.1,236,1.7,2023,7,FP2
0 days 00:06:24.902000,24.2,54.0,998.4,False,35.7,177,1.6,2023,7,FP2
0 days 00:07:24.901000,24.1,54.0,998.4,False,36.0,226,1.6,2023,7,FP2
0 days 00:08:24.900000,24.0,54.0,998.4,False,36.0,205,1.0,2023,7,FP2
0 days 00:09:24.915000,23.9,53.0,998.4,False,36.4,206,1.7,2023,7,FP2
0 days 00:10:24.915000,23.8,54.0,998.4,False,36.4,201,2.2,2023,7,FP2
0 days 00:11:24.914000,24.0,54.0,998.4,False,36.5,222,1.3,2023,7,FP2
0 days 00:12:24.913000,24.0,55.0,998.4,False,36.6,260,2.0,2023,7,FP2
0 days 00:13:24.913000,24.0,55.0,998.4,False,36.6,0,1.2,2023,7,FP2
0 days 00:14:24.912000,24.1,53.0,998.2,False,36.8,236,1.2,2023,7,FP2
0 days 00:15:24.911000,24.1,54.0,998.4,False,36.9,220,2.0,2023,7,FP2
0 days 00:16:24.911000,24.1,54.0,998.2,False,36.9,228,1.8,2023,7,FP2
0 days 00:17:24.910000,24.0,54.0,998.2,False,36.8,287,1.8,2023,7,FP2
0 days 00:18:24.909000,24.0,54.0,998.2,False,36.6,227,1.7,2023,7,FP2
0 days 00:19:24.908000,24.0,54.0,998.2,False,36.6,239,1.8,2023,7,FP2
0 days 00:20:24.923000,23.9,54.0,998.2,False,36.5,207,1.8,2023,7,FP2
0 days 00:21:24.907000,23.9,54.0,998.4,False,36.9,165,1.0,2023,7,FP2
0 days 00:22:24.906000,24.1,54.0,998.2,False,36.9,64,0.8,2023,7,FP2
0 days 00:23:24.921000,24.1,53.0,998.4,False,37.5,51,1.6,2023,7,FP2
0 days 00:24:24.921000,24.0,53.0,998.2,False,37.4,312,0.8,2023,7,FP2
0 days 00:25:24.920000,24.0,52.0,998.4,False,37.3,203,1.7,2023,7,FP2
0 days 00:26:24.919000,23.9,53.0,998.4,False,36.6,233,2.0,2023,7,FP2
0 days 00:27:24.919000,23.8,53.0,998.4,False,36.1,204,2.0,2023,7,FP2
0 days 00:28:24.918000,23.7,54.0,998.4,False,35.4,203,1.3,2023,7,FP2
0 days 00:29:24.917000,23.8,54.0,998.4,False,34.7,205,2.0,2023,7,FP2
0 days 00:30:24.917000,23.7,55.0,998.4,False,34.7,231,1.6,2023,7,FP2
0 days 00:31:24.932000,23.6,54.0,998.4,False,34.7,228,1.5,2023,7,FP2
0 days 00:32:24.946000,23.5,55.0,998.5,False,34.1,210,1.6,2023,7,FP2
0 days 00:33:24.946000,23.3,56.0,998.5,False,33.3,207,1.7,2023,7,FP2
0 days 00:34:24.945000,23.3,56.0,998.4,False,33.3,227,1.2,2023,7,FP2
0 days 00:35:24.929000,23.3,56.0,998.4,False,33.8,217,1.2,2023,7,FP2
0 days 00:36:24.928000,23.3,55.0,998.5,False,33.9,229,1.3,2023,7,FP2
0 days 00:37:24.927000,23.2,54.0,998.5,False,33.9,199,1.3,2023,7,FP2
0 days 00:38:24.942000,23.2,55.0,998.5,False,34.2,204,1.6,2023,7,FP2
0 days 00:39:24.926000,23.2,55.0,998.5,False,34.3,257,1.1,2023,7,FP2
0 days 00:40:24.925000,23.3,54.0,998.5,False,34.3,229,1.1,2023,7,FP2
0 days 00:41:24.925000,23.4,53.0,998.5,False,35.0,226,1.5,2023,7,FP2
0 days 00:42:24.955000,23.5,52.0,998.5,False,35.4,191,1.2,2023,7,FP2
0 days 00:43:24.939000,23.5,52.0,998.5,False,35.6,159,1.2,2023,7,FP2
0 days 00:44:24.938000,23.6,53.0,998.5,False,35.1,196,1.2,2023,7,FP2
0 days 00:45:24.938000,23.6,53.0,998.5,False,35.0,193,1.2,2023,7,FP2
0 days 00:46:24.937000,23.5,53.0,998.5,False,34.5,178,1.1,2023,7,FP2
0 days 00:47:24.936000,23.3,53.0,998.5,False,34.5,237,1.1,2023,7,FP2
0 days 00:48:24.951000,23.2,54.0,998.5,False,34.8,195,1.7,2023,7,FP2
0 days 00:49:24.950000,23.2,54.0,998.5,False,34.5,214,0.6,2023,7,FP2
0 days 00:50:24.950000,23.2,53.0,998.5,False,34.2,185,1.2,2023,7,FP2
0 days 00:51:24.949000,23.1,54.0,998.5,False,33.8,205,1.1,2023,7,FP2
0 days 00:52:24.948000,23.1,54.0,998.5,False,33.8,242,1.7,2023,7,FP2
0 days 00:53:24.948000,23.2,54.0,998.5,False,33.8,204,1.7,2023,7,FP2
0 days 00:54:24.963000,23.2,54.0,998.5,False,33.8,235,1.1,2023,7,FP2
0 days 00:55:24.946000,23.2,55.0,998.5,False,33.9,230,1.1,2023,7,FP2
0 days 00:56:24.946000,23.2,55.0,998.5,False,33.9,0,1.2,2023,7,FP2
0 days 00:57:24.961000,23.2,55.0,998.5,False,33.8,252,0.8,2023,7,FP2
0 days 00:58:24.960000,23.1,55.0,998.5,False,33.4,219,1.8,2023,7,FP2
0 days 00:59:24.959000,23.1,56.0,998.4,False,33.2,175,1.5,2023,7,FP2
0 days 01:00:24.959000,23.0,56.0,998.4,False,33.2,253,0.8,2023,7,FP2
0 days 01:01:24.958000,22.9,57.0,998.4,False,33.2,0,0.8,2023,7,FP2
0 days 01:02:24.973000,22.9,57.0,998.5,False,32.4,261,0.8,2023,7,FP2
0 days 01:03:24.972000,22.9,56.0,998.2,False,32.3,52,1.2,2023,7,FP2
0 days 01:04:24.971000,22.9,58.0,998.4,False,31.7,127,1.2,2023,7,FP2
0 days 01:05:24.971000,22.8,58.0,998.4,False,31.4,338,1.1,2023,7,FP2
0 days 01:06:24.970000,22.5,59.0,998.2,False,31.4,67,1.2,2023,7,FP2
0 days 01:07:24.969000,22.5,59.0,998.4,False,31.3,69,1.2,2023,7,FP2
0 days 01:08:24.984000,22.5,60.0,998.4,False,31.1,49,2.2,2023,7,FP2
0 days 01:09:24.968000,22.4,60.0,998.4,False,31.5,62,1.6,2023,7,FP2
0 days 01:10:24.967000,22.4,60.0,998.4,False,31.5,40,2.4,2023,7,FP2
0 days 01:11:24.967000,22.4,60.0,998.4,False,31.5,113,1.7,2023,7,FP2
0 days 01:12:24.982000,22.4,60.0,998.4,False,31.1,9,1.2,2023,7,FP2
0 days 01:13:24.965000,22.4,60.0,998.4,False,30.8,0,1.2,2023,7,FP2
0 days 01:14:24.980000,22.4,60.0,998.4,False,30.8,69,1.7,2023,7,FP2
0 days 01:15:24.980000,22.4,60.0,998.4,False,30.8,57,1.7,2023,7,FP2
0 days 01:16:24.979000,22.4,60.0,998.4,False,30.8,33,2.4,2023,7,FP2
0 days 01:17:24.978000,22.4,60.0,998.4,False,30.7,84,1.7,2023,7,FP2
0 days 01:18:24.978000,22.3,60.0,998.2,False,30.5,6,1.8,2023,7,FP2
0 days 01:19:24.977000,22.3,61.0,998.2,False,30.4,0,1.1,2023,7,FP2
0 days 01:20:24.976000,22.1,61.0,998.2,False,30.1,74,1.2,2023,7,FP2
0 days 01:21:24.975000,22.1,61.0,998.4,False,30.5,178,0.5,2023,7,FP2
0 days 00:00:49.014000,22.6,59.0,1003.5,False,38.4,167,1.3,2023,8,FP2
0 days 00:01:49.013000,22.8,59.0,1003.5,False,38.1,156,1.5,2023,8,FP2
0 days 00:02:49.012000,22.9,59.0,1003.5,False,38.4,174,1.2,2023,8,FP2
0 days 00:03:49.012000,22.9,58.0,1003.5,False,38.7,175,0.6,2023,8,FP2
0 days 00:04:49.011000,23.0,58.0,1003.5,False,38.7,175,0.6,2023,8,FP2
0 days 00:05:49.010000,23.0,58.0,1003.4,False,38.5,250,1.1,2023,8,FP2
0 days 00:06:49.010000,23.1,57.0,1003.4,False,38.5,178,1.2,2023,8,FP2
0 days 00:07:49.009000,23.2,57.0,1003.4,False,38.6,170,1.2,2023,8,FP2
0 days 00:08:49.024000,23.1,57.0,1003.2,False,38.3,162,0.8,2023,8,FP2
0 days 00:09:49.008000,23.2,57.0,1003.4,False,38.5,193,0.6,2023,8,FP2
0 days 00:10:49.023000,23.1,57.0,1003.2,False,38.4,203,1.0,2023,8,FP2
0 days 00:11:49.022000,23.1,58.0,1003.2,False,38.0,188,1.1,2023,8,FP2
0 days 00:12:49.037000,23.1,57.0,1003.2,False,37.9,0,0.8,2023,8,FP2
0 days 00:13:49.052000,23.1,58.0,1003.2,False,38.1,156,0.8,2023,8,FP2
0 days 00:14:49.051000,23.1,57.0,1003.2,False,38.3,150,0.8,2023,8,FP2
0 days 00:15:49.050000,23.2,55.0,1003.2,False,38.6,200,0.8,2023,8,FP2
0 days 00:16:49.050000,23.2,55.0,1003.2,False,38.6,200,0.8,2023,8,FP2
0 days 00:17:49.049000,23.2,55.0,1003.2,False,38.6,200,0.8,2023,8,FP2
0 days 00:18:49.048000,23.2,55.0,1003.2,False,38.0,0,0.6,2023,8,FP2
0 days 00:19:49.063000,23.1,56.0,1003.4,False,37.9,338,0.6,2023,8,FP2
0 days 00:20:49.078000,23.0,56.0,1003.2,False,37.5,302,0.6,2023,8,FP2
0 days 00:21:49.093000,23.0,56.0,1003.2,False,37.5,0,0.8,2023,8,FP2
0 days 00:22:49.108000,23.1,56.0,1003.2,False,37.4,312,0.6,2023,8,FP2
0 days 00:23:49.123000,23.1,57.0,1003.2,False,37.3,79,0.6,2023,8,FP2
0 days 00:24:49.138000,23.3,55.0,1003.4,False,37.6,122,0.6,2023,8,FP2
0 days 00:25:49.153000,23.3,55.0,1003.4,False,37.6,122,0.6,2023,8,FP2
0 days 00:26:49.152000,23.3,55.0,1003.4,False,37.9,319,0.6,2023,8,FP2
0 days 00:27:49.151000,23.4,55.0,1003.4,False,37.9,319,0.6,2023,8,FP2
0 days 00:28:49.151000,23.5,54.0,1003.4,False,37.4,348,0.6,2023,8,FP2
0 days 00:29:49.150000,23.6,55.0,1003.2,False,37.0,343,0.5,2023,8,FP2
0 days 00:30:49.149000,23.6,55.0,1003.2,False,36.9,77,0.6,2023,8,FP2
0 days 00:31:49.149000,23.5,55.0,1003.4,False,36.6,295,0.6,2023,8,FP2
0 days 00:32:49.148000,23.7,55.0,1003.2,False,37.1,205,0.5,2023,8,FP2
0 days 00:33:49.179000,23.6,54.0,1003.2,False,37.1,120,0.0,2023,8,FP2
0 days 00:34:49.178000,23.7,53.0,1003.4,False,37.1,0,0.8,2023,8,FP2
0 days 00:35:49.193000,23.6,54.0,1003.2,False,37.2,186,0.5,2023,8,FP2
0 days 00:36:49.177000,23.7,54.0,1003.2,False,37.2,282,0.6,2023,8,FP2
0 days 00:37:49.192000,23.7,54.0,1003.2,False,37.2,289,0.4,2023,8,FP2
0 days 00:38:49.191000,23.6,55.0,1003.4,False,36.9,328,0.5,2023,8,FP2
0 days 00:39:49.190000,23.7,55.0,1003.2,False,36.8,121,0.6,2023,8,FP2
0 days 00:40:49.189000,23.6,54.0,1003.2,False,36.7,112,0.5,2023,8,FP2
0 days 00:41:49.189000,23.6,54.0,1003.2,False,36.3,185,0.6,2023,8,FP2
0 days 00:42:49.188000,23.5,55.0,1003.4,False,36.3,132,0.6,2023,8,FP2
0 days 00:43:49.187000,23.5,54.0,1003.2,False,36.0,115,0.6,2023,8,FP2
0 days 00:44:49.187000,23.3,55.0,1003.2,False,35.6,94,1.0,2023,8,FP2
0 days 00:45:49.186000,23.2,56.0,1003.2,False,35.6,130,0.5,2023,8,FP2
0 days 00:46:49.185000,23.3,56.0,1003.2,False,35.3,133,0.6,2023,8,FP2
0 days 00:47:49.185000,23.3,56.0,1003.2,False,35.0,125,1.2,2023,8,FP2
0 days 00:48:49.184000,23.2,57.0,1003.2,False,35.0,240,0.4,2023,8,FP2
0 days 00:49:49.183000,23.4,58.0,1003.2,False,35.3,182,0.8,2023,8,FP2
0 days 00:50:49.183000,23.5,58.0,1003.2,False,36.0,153,1.0,2023,8,FP2
0 days 00:51:49.198000,23.6,58.0,1003.2,False,36.0,153,1.0,2023,8,FP2
0 days 00:52:49.197000,23.6,56.0,1003.2,False,35.7,195,1.5,2023,8,FP2
0 days 00:53:49.196000,23.5,56.0,1003.2,False,35.7,195,1.5,2023,8,FP2
0 days 00:54:49.227000,23.3,56.0,1003.2,False,35.0,169,2.2,2023,8,FP2
0 days 00:55:49.242000,23.1,57.0,1003.0,False,34.9,177,1.7,2023,8,FP2
0 days 00:56:49.257000,23.2,57.0,1003.2,False,34.6,198,1.7,2023,8,FP2
0 days 00:57:49.272000,23.3,57.0,1003.0,False,35.1,310,0.6,2023,8,FP2
0 days 00:58:49.271000,23.4,57.0,1003.0,False,35.1,342,0.3,2023,8,FP2
0 days 00:59:49.270000,23.4,56.0,1003.0,False,34.8,144,0.6,2023,8,FP2
0 days 01:00:49.301000,23.5,56.0,1003.2,False,34.7,197,1.6,2023,8,FP2
0 days 01:01:49.284000,23.4,56.0,1003.2,False,34.0,187,1.1,2023,8,FP2
0 days 01:02:49.284000,23.4,58.0,1003.0,False,34.0,153,1.1,2023,8,FP2
0 days 01:03:49.299000,23.3,58.0,1003.2,False,34.0,190,0.8,2023,8,FP2
0 days 01:04:49.298000,23.4,58.0,1003.0,False,34.0,180,1.2,2023,8,FP2
0 days 01:05:49.297000,23.3,57.0,1003.0,False,34.4,189,1.1,2023,8,FP2
0 days 01:06:49.297000,23.2,57.0,1003.0,False,34.3,190,0.5,2023,8,FP2
0 days 01:07:49.312000,23.1,57.0,1003.0,False,34.3,0,0.4,2023,8,FP2
0 days 01:08:49.327000,23.1,57.0,1003.0,False,34.3,0,0.0,2023,8,FP2
0 days 01:09:49.326000,23.1,57.0,1003.0,False,34.4,175,0.0,2023,8,FP2
0 days 01:10:49.325000,23.1,56.0,1003.0,False,34.2,236,0.8,2023,8,FP2
0 days 01:11:49.340000,23.0,58.0,1003.0,False,33.5,178,0.8,2023,8,FP2
0 days 01:12:49.324000,22.9,58.0,1003.0,False,33.5,193,0.8,2023,8,FP2
0 days 01:13:49.323000,23.0,57.0,1003.0,False,33.5,0,0.0,2023,8,FP2
0 days 01:14:49.322000,23.0,57.0,1003.0,False,33.6,291,0.0,2023,8,FP2
0 days 01:15:49.322000,23.0,57.0,1003.0,False,33.3,0,0.3,2023,8,FP2
0 days 01:16:49.337000,23.1,58.0,1003.0,False,33.3,160,0.6,2023,8,FP2
0 days 01:17:49.336000,23.1,57.0,1003.0,False,33.2,186,0.6,2023,8,FP2
0 days 01:18:49.335000,23.1,57.0,1003.0,False,33.2,0,0.8,2023,8,FP2
0 days 01:19:49.366000,23.2,57.0,1003.0,False,33.1,0,0.3,2023,8,FP2
0 days 01:20:49.381000,23.2,57.0,1003.0,False,33.0,141,0.6,2023,8,FP2
0 days 01:21:49.396000,23.3,56.0,1003.0,False,32.9,158,0.4,2023,8,FP2
0 days 01:22:49.395000,23.2,56.0,1003.0,False,32.7,266,0.6,2023,8,FP2
0 days 01:23:49.426000,23.2,56.0,1003.0,False,32.7,266,0.6,2023,8,FP2
0 days 01:24:49.425000,23.2,56.0,1003.0,False,32.7,266,0.6,2023,8,FP2
0 days 01:25:49.424000,23.1,56.0,1003.0,False,32.4,325,0.8,2023,8,FP2
0 days 01:26:49.439000,23.1,57.0,1003.2,False,32.2,318,0.8,2023,8,FP2
0 days 01:27:49.423000,23.0,58.0,1003.4,False,32.2,310,1.0,2023,8,FP2
0 days 01:28:49.438000,22.8,59.0,1003.2,False,32.1,317,1.2,2023,8,FP2
0 days 01:29:49.422000,22.5,59.0,1003.5,False,32.1,319,1.7,2023,8,FP2
0 days 01:30:49.437000,22.3,59.0,1003.7,False,32.2,345,2.0,2023,8,FP2
0 days 01:31:49.452000,21.9,59.0,1003.9,False,32.2,329,2.5,2023,8,FP2
0 days 01:32:49.466000,21.5,58.0,1004.0,False,31.7,328,3.7,2023,8,FP2
0 days 01:33:49.450000,20.7,60.0,1003.7,False,30.3,330,3.2,2023,8,FP2
0 days 01:34:49.465000,20.1,64.0,1003.7,False,29.7,337,2.5,2023,8,FP2
0 days 01:35:49.464000,19.8,65.0,1003.7,False,28.9,336,2.0,2023,8,FP2
0 days 01:36:49.464000,19.6,65.0,1003.7,False,28.9,336,2.0,2023,8,FP2
0 days 01:37:49.463000,19.3,66.0,1003.7,False,29.6,354,1.7,2023,8,FP2
0 days 01:38:49.462000,19.1,66.0,1003.7,False,29.6,337,2.0,2023,8,FP2
0 days 01:39:49.477000,18.9,66.0,1003.7,False,29.6,326,2.9,2023,8,FP2
0 days 01:40:49.477000,18.8,67.0,1003.7,False,28.8,342,3.2,2023,8,FP2
0 days 01:41:49.476000,18.5,68.0,1003.7,False,28.7,320,3.0,2023,8,FP2
0 days 01:42:49.475000,18.4,69.0,1003.7,False,28.6,353,2.5,2023,8,FP2
0 days 01:43:49.475000,18.1,70.0,1003.7,True,28.6,0,2.9,2023,8,FP2
0 days 01:44:49.474000,18.0,72.0,1003.7,True,28.6,330,2.5,2023,8,FP2
0 days 01:45:49.473000,17.9,74.0,1003.7,True,28.6,345,1.8,2023,8,FP2
0 days 01:46:49.488000,17.6,76.0,1003.5,True,27.2,354,2.4,2023,8,FP2
0 days 00:00:26.976000,26.7,38.0,997.7,False,41.8,241,2.5,2023,10,FP2
0 days 00:01:26.990000,26.7,37.0,997.7,False,41.9,236,2.5,2023,10,FP2
0 days 00:02:26.974000,26.6,37.0,997.7,False,42.3,250,2.5,2023,10,FP2
0 days 00:03:26.974000,26.6,36.0,997.5,False,42.4,267,2.4,2023,10,FP2
0 days 00:04:26.988000,26.8,35.0,997.5,False,42.4,207,1.7,2023,10,FP2
0 days 00:05:26.988000,26.8,36.0,997.7,False,42.4,203,2.7,2023,10,FP2
0 days 00:06:26.987000,26.6,37.0,997.7,False,41.7,222,2.7,2023,10,FP2
0 days 00:07:26.986000,26.4,38.0,997.5,False,41.7,223,1.7,2023,10,FP2
0 days 00:08:26.986000,26.3,37.0,997.5,False,41.6,241,2.4,2023,10,FP2
0 days 00:09:27.001000,26.2,37.0,997.5,False,41.5,308,2.0,2023,10,FP2
0 days 00:10:26.984000,26.2,37.0,997.5,False,42.1,261,2.2,2023,10,FP2
0 days 00:11:26.984000,26.3,36.0,997.5,False,42.2,235,2.4,2023,10,FP2
0 days 00:12:26.983000,26.3,36.0,997.5,False,42.4,232,2.0,2023,10,FP2
0 days 00:13:26.982000,26.2,36.0,997.5,False,42.3,105,1.2,2023,10,FP2
0 days 00:14:27.060000,26.3,35.0,997.4,False,41.8,317,0.6,2023,10,FP2
0 days 00:15:27.028000,26.4,35.0,997.5,False,41.8,263,1.2,2023,10,FP2
0 days 00:16:26.996000,26.5,35.0,997.5,False,42.1,236,1.8,2023,10,FP2
0 days 00:17:27.011000,26.5,34.0,997.5,False,42.1,250,2.2,2023,10,FP2
0 days 00:18:26.995000,26.6,35.0,997.5,False,42.0,240,2.2,2023,10,FP2
0 days 00:19:27.025000,26.7,34.0,997.5,False,40.7,287,2.0,2023,10,FP2
0 days 00:20:27.040000,26.6,35.0,997.5,False,40.4,247,1.7,2023,10,FP2
0 days 00:21:27.055000,26.6,35.0,997.5,False,40.6,236,2.0,2023,10,FP2
0 days 00:22:27.070000,26.6,35.0,997.5,False,41.0,240,2.2,2023,10,FP2
0 days 00:23:27.085000,26.6,35.0,997.5,False,41.0,201,2.4,2023,10,FP2
0 days 00:24:27.100000,26.6,36.0,997.5,False,39.8,197,3.5,2023,10,FP2
0 days 00:25:27.099000,26.6,36.0,997.5,False,39.3,198,3.4,2023,10,FP2
0 days 00:26:27.083000,26.5,37.0,997.5,False,39.3,216,2.5,2023,10,FP2
0 days 00:27:27.082000,26.5,37.0,997.5,False,39.3,216,2.5,2023,10,FP2
0 days 00:28:27.097000,26.5,37.0,997.4,False,39.0,196,2.2,2023,10,FP2
0 days 00:29:27.096000,26.5,36.0,997.2,False,39.7,204,2.5,2023,10,FP2
0 days 00:30:27.111000,26.5,37.0,997.4,False,39.5,219,3.2,2023,10,FP2
0 days 00:31:27.111000,26.5,37.0,997.4,False,38.9,262,3.4,2023,10,FP2
0 days 00:32:27.141000,26.7,37.0,997.4,False,39.6,260,2.4,2023,10,FP2
0 days 00:33:27.125000,26.7,35.0,997.2,False,39.6,256,1.7,2023,10,FP2
0 days 00:34:27.124000,26.6,35.0,997.4,False,39.1,0,1.3,2023,10,FP2
0 days 00:35:27.139000,26.6,36.0,997.4,False,38.4,258,1.3,2023,10,FP2
0 days 00:36:27.123000,26.6,35.0,997.4,False,38.1,254,1.7,2023,10,FP2
0 days 00:37:27.122000,26.5,36.0,997.4,False,37.8,228,2.2,2023,10,FP2
0 days 00:38:27.137000,26.6,36.0,997.4,False,37.7,259,2.5,2023,10,FP2
0 days 00:39:27.121000,26.7,36.0,997.2,False,37.6,232,2.2,2023,10,FP2
0 days 00:40:27.136000,26.9,36.0,997.2,False,37.7,239,2.0,2023,10,FP2
0 days 00:41:27.151000,27.0,36.0,997.2,False,38.3,245,1.7,2023,10,FP2
0 days 00:42:27.166000,27.0,36.0,997.2,False,38.9,241,1.7,2023,10,FP2
0 days 00:43:27.196000,27.0,36.0,997.2,False,39.0,267,2.7,2023,10,FP2
0 days 00:44:27.180000,27.2,35.0,997.2,False,39.1,243,2.4,2023,10,FP2
0 days 00:45:27.179000,27.2,34.0,997.2,False,39.5,280,2.5,2023,10,FP2
0 days 00:46:27.210000,27.0,34.0,997.2,False,39.5,250,2.0,2023,10,FP2
0 days 00:47:27.225000,26.9,34.0,997.2,False,38.8,251,1.7,2023,10,FP2
0 days 00:48:27.240000,26.8,34.0,997.2,False,38.8,240,2.5,2023,10,FP2
0 days 00:49:27.239000,26.6,35.0,997.2,False,38.0,251,2.4,2023,10,FP2
0 days 00:50:27.254000,26.5,35.0,997.2,False,37.2,254,2.0,2023,10,FP2
0 days 00:51:27.253000,26.5,35.0,997.2,False,37.2,279,1.7,2023,10,FP2
0 days 00:52:27.268000,26.4,35.0,997.2,False,37.4,252,1.8,2023,10,FP2
0 days 00:53:27.252000,26.5,35.0,997.2,False,37.2,275,1.7,2023,10,FP2
0 days 00:54:27.251000,26.4,35.0,997.2,False,38.0,278,1.8,2023,10,FP2
0 days 00:55:27.251000,26.5,35.0,997.2,False,38.5,233,1.8,2023,10,FP2
0 days 00:56:27.250000,26.6,35.0,997.2,False,38.7,241,2.2,2023,10,FP2
0 days 00:57:27.249000,26.8,35.0,997.0,False,38.8,238,2.2,2023,10,FP2
0 days 00:58:27.264000,26.8,34.0,997.0,False,38.8,244,2.0,2023,10,FP2
0 days 00:59:27.263000,26.9,34.0,997.2,False,38.7,255,2.4,2023,10,FP2
0 days 01:00:27.263000,27.0,34.0,997.0,False,38.5,231,2.4,2023,10,FP2
0 days 01:01:27.262000,27.0,35.0,997.0,False,37.6,263,2.2,2023,10,FP2
0 days 01:02:27.261000,27.0,35.0,997.0,False,37.2,258,2.2,2023,10,FP2
0 days 01:03:27.261000,27.0,35.0,997.2,False,37.6,268,2.0,2023,10,FP2
0 days 01:04:27.260000,27.1,35.0,997.2,False,37.6,268,2.0,2023,10,FP2
0 days 01:05:27.259000,27.1,35.0,997.0,False,37.3,257,1.7,2023,10,FP2
0 days 01:06:27.259000,27.1,35.0,997.0,False,37.3,257,1.7,2023,10,FP2
0 days 01:07:27.274000,27.1,35.0,997.2,False,37.2,242,3.0,2023,10,FP2
0 days 01:08:27.257000,27.1,35.0,997.2,False,37.2,242,3.0,2023,10,FP2
0 days 01:09:27.257000,27.0,36.0,997.0,False,36.8,231,2.0,2023,10,FP2
0 days 01:10:27.272000,27.0,35.0,997.0,False,36.4,221,3.0,2023,10,FP2
0 days 01:11:27.255000,27.0,36.0,997.0,False,36.7,222,3.4,2023,10,FP2
0 days 01:12:27.270000,27.0,36.0,997.0,False,36.7,204,3.0,2023,10,FP2
0 days 01:13:27.270000,27.0,36.0,997.0,False,37.1,230,2.7,2023,10,FP2
0 days 01:14:27.269000,27.1,35.0,997.0,False,37.1,283,2.0,2023,10,FP2
0 days 01:15:27.268000,27.1,35.0,997.0,False,37.3,209,2.0,2023,10,FP2
0 days 01:16:27.267000,27.1,36.0,997.0,False,37.7,208,2.5,2023,10,FP2
0 days 01:17:27.267000,27.1,34.0,997.0,False,37.7,220,3.5,2023,10,FP2
0 days 01:18:27.266000,27.2,34.0,997.0,False,37.6,229,2.7,2023,10,FP2
0 days 01:19:27.265000,27.2,31.0,997.0,False,37.8,232,3.2,2023,10,FP2
0 days 00:00:08.374000,22.8,51.0,984.0,False,32.8,276,1.2,2023,11,FP2
0 days 00:01:08.389000,22.8,50.0,984.0,False,32.9,263,1.5,2023,11,FP2
0 days 00:02:08.373000,22.8,51.0,983.9,False,33.1,228,1.0,2023,11,FP2
0 days 00:03:08.372000,22.9,51.0,983.9,False,33.7,267,1.2,2023,11,FP2
0 days 00:04:08.372000,22.9,50.0,983.9,False,33.7,237,1.2,2023,11,FP2
0 days 00:05:08.371000,22.8,50.0,983.7,False,33.7,231,1.6,2023,11,FP2
0 days 00:06:08.370000,22.9,51.0,983.9,False,33.8,256,1.7,2023,11,FP2
0 days 00:07:08.385000,22.8,51.0,984.0,False,34.0,263,1.0,2023,11,FP2
0 days 00:08:08.431000,22.8,51.0,983.9,False,34.0,295,1.2,2023,11,FP2
0 days 00:09:08.400000,22.9,51.0,983.9,False,34.0,240,1.0,2023,11,FP2
0 days 00:10:08.399000,22.9,51.0,983.9,False,33.8,255,1.7,2023,11,FP2
0 days 00:11:08.398000,23.0,52.0,983.9,False,33.6,257,1.2,2023,11,FP2
0 days 00:12:08.413000,22.9,52.0,983.9,False,33.5,273,1.7,2023,11,FP2
0 days 00:13:08.412000,22.9,53.0,983.9,False,33.3,268,2.0,2023,11,FP2
0 days 00:14:08.412000,22.9,53.0,983.9,False,32.9,255,1.2,2023,11,FP2
0 days 00:15:08.411000,22.9,53.0,984.0,False,32.6,262,1.6,2023,11,FP2
0 days 00:16:08.410000,23.0,53.0,983.9,False,32.5,270,1.2,2023,11,FP2
0 days 00:17:08.410000,23.0,53.0,984.0,False,32.5,249,2.0,2023,11,FP2
0 days 00:18:08.409000,22.9,53.0,983.9,False,32.3,257,2.2,2023,11,FP2
0 days 00:19:08.408000,22.7,54.0,984.0,False,32.1,129,1.5,2023,11,FP2
0 days 00:20:08.408000,22.8,54.0,984.0,False,32.1,129,1.5,2023,11,FP2
0 days 00:21:08.407000,22.8,54.0,984.0,False,32.1,129,1.5,2023,11,FP2
0 days 00:22:08.406000,22.6,54.0,984.0,False,32.1,129,1.5,2023,11,FP2
0 days 00:23:08.421000,22.6,54.0,984.0,False,32.1,129,1.5,2023,11,FP2
0 days 00:24:08.421000,23.0,52.0,983.7,False,33.2,160,1.3,2023,11,FP2
0 days 00:25:08.420000,23.0,53.0,983.7,False,33.0,156,1.0,2023,11,FP2
0 days 00:26:08.419000,23.0,53.0,983.7,False,33.4,182,0.6,2023,11,FP2
0 days 00:27:08.418000,23.1,52.0,983.7,False,33.4,161,1.1,2023,11,FP2
0 days 00:28:08.418000,23.1,52.0,983.7,False,33.2,256,1.6,2023,11,FP2
0 days 00:29:08.433000,23.1,52.0,983.7,False,33.2,5,1.0,2023,11,FP2
0 days 00:30:08.463000,23.1,52.0,983.5,False,33.4,162,0.8,2023,11,FP2
0 days 00:31:08.463000,23.1,51.0,983.5,False,33.5,132,1.0,2023,11,FP2
0 days 00:32:08.462000,23.1,52.0,983.5,False,33.5,153,0.8,2023,11,FP2
0 days 00:33:08.461000,23.2,52.0,983.5,False,33.5,176,1.0,2023,11,FP2
0 days 00:34:08.476000,23.3,52.0,983.7,False,34.1,246,1.2,2023,11,FP2
0 days 00:35:08.460000,23.2,51.0,983.5,False,34.1,156,2.0,2023,11,FP2
0 days 00:36:08.459000,23.3,50.0,983.5,False,34.2,201,1.5,2023,11,FP2
0 days 00:37:08.458000,23.2,51.0,983.5,False,34.2,109,1.7,2023,11,FP2
0 days 00:38:08.473000,23.1,50.0,983.5,False,34.0,188,1.0,2023,11,FP2
0 days 00:39:08.473000,23.1,50.0,983.4,False,33.9,124,0.6,2023,11,FP2
0 days 00:40:08.472000,23.2,50.0,983.4,False,33.8,136,1.3,2023,11,FP2
0 days 00:41:08.471000,23.2,50.0,983.2,False,33.8,146,1.8,2023,11,FP2
0 days 00:42:08.471000,23.1,49.0,983.2,False,33.5,130,2.0,2023,11,FP2
0 days 00:43:08.470000,23.0,49.0,983.0,False,33.4,133,2.5,2023,11,FP2
0 days 00:44:08.469000,23.0,49.0,983.0,False,33.4,120,2.7,2023,11,FP2
0 days 00:45:08.484000,23.1,50.0,983.0,False,33.2,125,2.5,2023,11,FP2
0 days 00:46:08.484000,23.2,49.0,983.0,False,33.3,95,2.0,2023,11,FP2
0 days 00:47:08.467000,23.2,50.0,983.0,False,33.3,112,1.2,2023,11,FP2
0 days 00:48:08.498000,23.3,50.0,983.0,False,33.3,96,1.3,2023,11,FP2
0 days 00:49:08.497000,23.4,49.0,983.0,False,33.5,193,1.2,2023,11,FP2
0 days 00:50:08.481000,23.4,48.0,982.9,False,33.7,96,0.6,2023,11,FP2
0 days 00:51:08.496000,23.5,49.0,982.7,False,33.7,293,1.0,2023,11,FP2
0 days 00:52:08.511000,23.5,49.0,982.7,False,34.0,42,1.2,2023,11,FP2
0 days 00:53:08.510000,23.6,48.0,982.5,False,34.0,91,1.2,2023,11,FP2
0 days 00:54:08.525000,23.6,47.0,982.7,False,33.6,134,1.7,2023,11,FP2
0 days 00:55:08.524000,23.6,47.0,982.7,False,33.6,140,1.6,2023,11,FP2
0 days 00:56:08.524000,23.6,47.0,982.7,False,33.6,0,1.1,2023,11,FP2
0 days 00:57:08.523000,23.6,48.0,982.7,False,33.5,137,1.3,2023,11,FP2
0 days 00:58:08.538000,23.6,47.0,982.5,False,33.2,132,2.2,2023,11,FP2
0 days 00:59:08.553000,23.6,47.0,982.5,False,33.1,126,2.2,2023,11,FP2
0 days 01:00:08.552000,23.6,47.0,982.5,False,32.7,104,2.7,2023,11,FP2
0 days 01:01:08.567000,23.7,47.0,982.5,False,32.4,92,1.7,2023,11,FP2
0 days 01:02:08.551000,23.5,48.0,982.5,False,32.3,130,2.5,2023,11,FP2
0 days 01:03:08.550000,23.5,49.0,982.5,False,32.0,141,2.5,2023,11,FP2
0 days 01:04:08.565000,23.4,49.0,982.5,False,31.9,91,2.0,2023,11,FP2
0 days 01:05:08.564000,23.3,49.0,982.5,False,31.9,143,1.0,2023,11,FP2
0 days 01:06:08.564000,23.3,48.0,982.5,False,31.8,136,1.2,2023,11,FP2
0 days 01:07:08.563000,23.3,48.0,982.5,False,31.8,132,1.0,2023,11,FP2
0 days 01:08:08.562000,23.3,48.0,982.4,False,31.8,136,1.7,2023,11,FP2
0 days 01:09:08.562000,23.2,49.0,982.4,False,31.6,117,1.3,2023,11,FP2
0 days 01:10:08.561000,23.2,48.0,982.2,False,31.6,130,1.5,2023,11,FP2
0 days 01:11:08.576000,23.2,48.0,982.2,False,31.4,118,2.0,2023,11,FP2
0 days 01:12:08.591000,23.1,49.0,982.2,False,31.4,135,2.0,2023,11,FP2
0 days 01:13:08.606000,23.1,49.0,982.2,False,31.4,117,1.7,2023,11,FP2
0 days 01:14:08.636000,23.1,50.0,982.2,False,31.4,113,1.7,2023,11,FP2
0 days 01:15:08.620000,23.1,50.0,982.2,False,31.3,128,1.7,2023,11,FP2
0 days 01:16:08.651000,23.1,50.0,982.2,False,31.0,130,1.2,2023,11,FP2
0 days 01:17:08.666000,23.0,50.0,982.2,False,31.0,118,2.0,2023,11,FP2
0 days 01:18:08.665000,23.0,51.0,982.2,False,30.9,111,2.4,2023,11,FP2
0 days 01:19:08.664000,23.0,51.0,982.4,False,30.9,132,1.1,2023,11,FP2
0 days 01:20:08.664000,23.0,51.0,982.2,False,30.8,128,1.2,2023,11,FP2
0 days 01:21:08.663000,22.9,51.0,982.2,False,30.8,106,2.0,2023,11,FP2
0 days 00:00:33.035000,19.8,76.0,1007.5,False,32.4,52,1.7,2023,13,FP2
0 days 00:01:33.190000,19.8,76.0,1007.4,False,32.3,49,1.8,2023,13,FP2
0 days 00:02:33.048000,19.8,76.0,1007.5,False,32.1,39,2.2,2023,13,FP2
0 days 00:03:33.047000,19.7,77.0,1007.4,False,32.1,39,2.0,2023,13,FP2
0 days 00:04:33.046000,19.6,76.0,1007.4,False,31.9,41,2.5,2023,13,FP2
0 days 00:05:33.045000,19.7,77.0,1007.4,False,32.0,17,1.8,2023,13,FP2
0 days 00:06:33.044000,19.7,76.0,1007.5,False,32.1,39,2.0,2023,13,FP2
0 days 00:07:33.043000,19.8,77.0,1007.5,False,32.0,29,1.1,2023,13,FP2
0 days 00:08:33.057000,19.7,77.0,1007.5,False,32.0,39,1.7,2023,13,FP2
0 days 00:09:33.056000,19.8,76.0,1007.5,False,32.1,32,1.5,2023,13,FP2
0 days 00:10:33.118000,19.8,76.0,1007.5,False,32.4,40,1.3,2023,13,FP2
0 days 00:11:33.054000,19.8,75.0,1007.5,False,32.5,17,2.2,2023,13,FP2
0 days 00:12:33.053000,19.8,75.0,1007.5,False,32.2,50,1.5,2023,13,FP2
0 days 00:13:33.068000,19.8,75.0,1007.5,False,32.1,19,2.0,2023,13,FP2
0 days 00:14:33.066000,19.8,75.0,1007.5,False,32.2,41,1.8,2023,13,FP2
0 days 00:15:33.065000,19.7,75.0,1007.5,False,32.1,57,1.5,2023,13,FP2
0 days 00:16:33.080000,19.7,76.0,1007.5,False,32.1,98,2.4,2023,13,FP2
0 days 00:17:33.110000,19.7,75.0,1007.5,False,32.1,63,1.5,2023,13,FP2
0 days 00:18:33.109000,19.8,75.0,1007.5,False,32.1,36,0.8,2023,13,FP2
0 days 00:19:33.108000,19.8,75.0,1007.5,False,32.2,24,1.8,2023,13,FP2
0 days 00:20:33.123000,19.8,75.0,1007.5,False,32.3,53,0.8,2023,13,FP2
0 days 00:21:33.153000,19.9,74.0,1007.5,False,32.3,275,0.8,2023,13,FP2
0 days 00:22:33.152000,19.9,73.0,1007.5,False,32.3,113,1.2,2023,13,FP2
0 days 00:23:33.151000,20.1,73.0,1007.5,False,33.0,104,1.1,2023,13,FP2
0 days 00:24:33.149000,20.0,73.0,1007.5,False,33.0,27,1.5,2023,13,FP2
0 days 00:25:33.164000,20.0,73.0,1007.5,False,33.0,22,2.0,2023,13,FP2
0 days 00:26:33.147000,20.0,73.0,1007.5,False,33.4,49,1.6,2023,13,FP2
0 days 00:27:33.162000,20.0,73.0,1007.5,False,33.5,56,1.3,2023,13,FP2
0 days 00:28:33.176000,20.1,73.0,1007.5,False,33.6,8,1.2,2023,13,FP2
0 days 00:29:33.175000,20.1,73.0,1007.4,False,33.3,53,2.2,2023,13,FP2
0 days 00:30:33.190000,20.1,73.0,1007.5,False,33.1,45,1.7,2023,13,FP2
0 days 00:31:33.189000,20.1,73.0,1007.5,False,33.1,97,1.5,2023,13,FP2
0 days 00:32:33.188000,20.1,72.0,1007.5,False,33.1,26,0.6,2023,13,FP2
0 days 00:33:33.187000,20.0,73.0,1007.5,False,32.8,38,1.1,2023,13,FP2
0 days 00:34:33.186000,20.0,72.0,1007.5,False,32.9,30,2.0,2023,13,FP2
0 days 00:35:33.185000,20.0,73.0,1007.4,False,33.0,65,2.0,2023,13,FP2
0 days 00:36:33.199000,20.1,72.0,1007.5,False,33.0,57,1.6,2023,13,FP2
0 days 00:37:33.198000,20.1,72.0,1007.5,False,33.4,27,1.7,2023,13,FP2
0 days 00:38:33.197000,20.1,71.0,1007.4,False,33.7,111,1.1,2023,13,FP2
0 days 00:39:33.196000,20.1,71.0,1007.5,False,33.2,46,0.8,2023,13,FP2
0 days 00:40:33.195000,20.2,71.0,1007.4,False,33.5,79,0.8,2023,13,FP2
0 days 00:41:33.194000,20.3,71.0,1007.5,False,33.5,132,1.2,2023,13,FP2
0 days 00:42:33.224000,20.3,70.0,1007.5,False,33.9,333,1.0,2023,13,FP2
0 days 00:43:33.207000,20.4,69.0,1007.5,False,33.9,0,0.6,2023,13,FP2
0 days 00:44:33.206000,20.4,68.0,1007.5,False,33.8,93,0.6,2023,13,FP2
0 days 00:45:33.221000,20.3,68.0,1007.5,False,33.7,13,0.8,2023,13,FP2
0 days 00:46:33.251000,20.2,68.0,1007.5,False,33.5,109,1.2,2023,13,FP2
0 days 00:47:33.265000,20.3,68.0,1007.5,False,33.5,46,1.5,2023,13,FP2
0 days 00:48:33.280000,20.3,68.0,1007.4,False,33.3,38,1.6,2023,13,FP2
0 days 00:49:33.294000,20.2,69.0,1007.5,False,33.2,16,2.2,2023,13,FP2
0 days 00:50:33.293000,20.3,70.0,1007.4,False,33.2,32,1.2,2023,13,FP2
0 days 00:51:33.292000,20.2,69.0,1007.4,False,32.9,39,1.6,2023,13,FP2
0 days 00:52:33.291000,20.1,70.0,1007.5,False,32.9,52,2.2,2023,13,FP2
0 days 00:53:33.290000,20.1,70.0,1007.5,False,32.8,39,1.7,2023,13,FP2
0 days 00:54:33.305000,20.1,70.0,1007.5,False,32.8,41,1.7,2023,13,FP2
0 days 00:55:33.304000,20.1,70.0,1007.5,False,32.8,48,1.1,2023,13,FP2
0 days 00:56:33.318000,20.1,70.0,1007.5,False,32.8,14,1.5,2023,13,FP2
0 days 00:57:33.317000,20.0,70.0,1007.5,False,32.7,53,1.5,2023,13,FP2
0 days 00:58:33.332000,20.0,71.0,1007.5,False,32.3,51,1.7,2023,13,FP2
0 days 00:59:33.331000,19.9,71.0,1007.5,False,32.0,1,1.6,2023,13,FP2
0 days 01:00:33.330000,19.9,72.0,1007.5,False,32.0,43,1.2,2023,13,FP2
0 days 01:01:33.328000,19.9,71.0,1007.5,False,32.3,114,1.2,2023,13,FP2
0 days 01:02:33.327000,20.0,70.0,1007.5,False,32.5,63,1.2,2023,13,FP2
0 days 01:03:33.326000,20.0,70.0,1007.5,False,32.6,249,1.6,2023,13,FP2
0 days 01:04:33.341000,20.0,69.0,1007.5,False,32.6,156,0.8,2023,13,FP2
0 days 01:05:33.340000,19.9,69.0,1007.5,False,32.5,110,1.3,2023,13,FP2
0 days 01:06:33.354000,20.0,70.0,1007.5,False,32.7,203,1.1,2023,13,FP2
0 days 01:07:33.369000,20.2,69.0,1007.5,False,32.9,177,1.0,2023,13,FP2
0 days 01:08:33.383000,20.2,69.0,1007.5,False,33.1,107,0.8,2023,13,FP2
0 days 01:09:33.382000,20.2,69.0,1007.5,False,33.2,80,1.2,2023,13,FP2
0 days 01:10:33.381000,20.2,69.0,1007.5,False,33.4,115,0.6,2023,13,FP2
0 days 01:11:33.380000,20.3,69.0,1007.5,False,33.4,103,0.6,2023,13,FP2
0 days 01:12:33.379000,20.4,69.0,1007.5,False,33.9,53,0.8,2023,13,FP2
0 days 01:13:33.394000,20.5,68.0,1007.5,False,34.4,126,0.6,2023,13,FP2
0 days 01:14:33.392000,20.5,68.0,1007.5,False,34.3,68,1.2,2023,13,FP2
0 days 01:15:33.391000,20.5,68.0,1007.5,False,34.3,206,1.3,2023,13,FP2
0 days 01:16:33.406000,20.4,68.0,1007.5,False,34.1,35,1.0,2023,13,FP2
0 days 01:17:33.405000,20.4,68.0,1007.7,False,34.1,35,1.0,2023,13,FP2
0 days 01:18:33.419000,20.4,68.0,1007.7,False,34.1,55,0.8,2023,13,FP2
0 days 01:19:33.434000,20.3,69.0,1007.7,False,33.6,32,1.6,2023,13,FP2
0 days 01:20:33.417000,20.2,70.0,1007.7,False,33.1,76,1.2,2023,13,FP2
0 days 00:00:26.738000,26.4,46.0,996.7,False,35.4,342,0.0,2023,14,FP2
0 days 00:01:26.753000,26.4,46.0,996.9,False,35.0,291,0.6,2023,14,FP2
0 days 00:02:26.767000,26.4,46.0,996.9,False,35.1,0,0.3,2023,14,FP2
0 days 00:03:26.766000,26.4,46.0,996.9,False,35.2,157,0.8,2023,14,FP2
0 days 00:04:26.781000,26.5,45.0,996.7,False,35.4,148,1.6,2023,14,FP2
0 days 00:05:26.780000,26.4,45.0,996.9,False,35.7,158,1.2,2023,14,FP2
0 days 00:06:26.779000,26.4,46.0,996.7,False,35.7,180,1.2,2023,14,FP2
0 days 00:07:26.793000,26.4,46.0,996.9,False,35.7,167,1.5,2023,14,FP2
0 days 00:08:26.777000,26.5,45.0,996.7,False,35.7,148,1.7,2023,14,FP2
0 days 00:09:26.776000,26.4,45.0,996.7,False,35.7,149,0.8,2023,14,FP2
0 days 00:10:26.775000,26.5,45.0,996.7,False,35.7,141,0.8,2023,14,FP2
0 days 00:11:26.774000,26.5,45.0,996.7,False,35.9,156,1.5,2023,14,FP2
0 days 00:12:26.788000,26.5,45.0,996.7,False,36.0,156,1.7,2023,14,FP2
0 days 00:13:26.787000,26.6,46.0,996.7,False,36.2,133,1.6,2023,14,FP2
0 days 00:14:26.786000,26.7,45.0,996.7,False,36.6,151,1.5,2023,14,FP2
0 days 00:15:26.785000,26.7,45.0,996.7,False,36.7,174,1.1,2023,14,FP2
0 days 00:16:26.784000,26.8,45.0,996.7,False,36.7,0,0.6,2023,14,FP2
0 days 00:17:26.783000,26.8,45.0,996.7,False,36.6,177,0.6,2023,14,FP2
0 days 00:18:26.782000,26.7,44.0,996.7,False,36.7,151,1.2,2023,14,FP2
0 days 00:19:26.781000,26.8,43.0,996.7,False,37.1,130,1.7,2023,14,FP2
0 days 00:20:26.795000,26.8,44.0,996.7,False,37.1,150,1.0,2023,14,FP2
0 days 00:21:26.826000,26.9,45.0,996.7,False,37.1,166,1.3,2023,14,FP2
0 days 00:22:26.840000,27.0,44.0,996.7,False,37.3,157,1.3,2023,14,FP2
0 days 00:23:26.839000,27.0,44.0,996.7,False,37.0,174,1.2,2023,14,FP2
0 days 00:24:26.838000,27.0,44.0,996.7,False,36.7,0,1.2,2023,14,FP2
0 days 00:25:26.837000,27.0,44.0,996.7,False,36.5,105,0.6,2023,14,FP2
0 days 00:26:26.836000,27.0,44.0,996.7,False,36.7,159,1.3,2023,14,FP2
0 days 00:27:26.835000,27.0,44.0,996.7,False,36.9,179,1.0,2023,14,FP2
0 days 00:28:26.834000,26.9,44.0,996.7,False,36.9,0,1.0,2023,14,FP2
0 days 00:29:26.833000,27.0,44.0,996.7,False,36.6,187,0.6,2023,14,FP2
0 days 00:30:26.847000,27.0,44.0,996.7,False,36.9,163,1.7,2023,14,FP2
0 days 00:31:26.862000,27.1,44.0,996.7,False,37.0,143,1.2,2023,14,FP2
0 days 00:32:26.877000,27.2,43.0,996.5,False,37.0,135,1.2,2023,14,FP2
0 days 00:33:26.891000,27.2,43.0,996.7,False,36.9,139,0.8,2023,14,FP2
0 days 00:34:26.890000,27.1,44.0,996.7,False,37.3,151,1.2,2023,14,FP2
0 days 00:35:26.889000,27.1,44.0,996.5,False,37.5,178,2.5,2023,14,FP2
0 days 00:36:26.888000,27.2,44.0,996.7,False,37.5,179,2.2,2023,14,FP2
0 days 00:37:26.887000,27.3,43.0,996.7,False,37.5,155,2.2,2023,14,FP2
0 days 00:38:26.886000,27.2,43.0,996.7,False,37.3,152,1.6,2023,14,FP2
0 days 00:39:26.900000,27.1,43.0,996.7,False,37.2,185,1.2,2023,14,FP2
0 days 00:40:26.899000,27.2,43.0,996.5,False,36.9,143,1.7,2023,14,FP2
0 days 00:41:26.898000,27.2,43.0,996.7,False,36.9,0,1.5,2023,14,FP2
0 days 00:42:26.913000,27.3,44.0,996.7,False,36.9,155,0.6,2023,14,FP2
0 days 00:43:26.927000,27.2,44.0,996.7,False,36.8,141,1.1,2023,14,FP2
0 days 00:44:26.942000,27.1,43.0,996.5,False,36.9,102,1.2,2023,14,FP2
0 days 00:45:26.925000,27.1,43.0,996.5,False,37.4,156,0.8,2023,14,FP2
0 days 00:46:26.924000,27.1,43.0,996.5,False,37.4,0,0.6,2023,14,FP2
0 days 00:47:26.923000,27.3,43.0,996.5,False,36.9,154,0.5,2023,14,FP2
0 days 00:48:26.922000,27.1,43.0,996.5,False,36.5,157,1.1,2023,14,FP2
0 days 00:49:26.937000,27.0,44.0,996.7,False,36.3,185,0.6,2023,14,FP2
0 days 00:50:26.936000,27.0,44.0,996.5,False,36.2,129,0.5,2023,14,FP2
0 days 00:51:26.935000,27.0,44.0,996.5,False,36.2,201,0.8,2023,14,FP2
0 days 00:52:26.934000,27.0,43.0,996.5,False,36.2,194,0.6,2023,14,FP2
0 days 00:53:26.917000,27.0,43.0,996.5,False,36.0,238,1.2,2023,14,FP2
0 days 00:54:26.947000,27.0,44.0,996.5,False,36.2,193,1.8,2023,14,FP2
0 days 00:55:26.946000,27.0,44.0,996.5,False,36.2,224,1.2,2023,14,FP2
0 days 00:56:26.945000,26.9,44.0,996.5,False,36.2,132,1.1,2023,14,FP2
0 days 00:57:26.944000,27.0,44.0,996.5,False,36.2,156,0.6,2023,14,FP2
0 days 00:58:26.959000,27.0,44.0,996.5,False,36.6,178,0.6,2023,14,FP2
0 days 00:59:26.973000,27.1,44.0,996.5,False,36.6,183,1.2,2023,14,FP2
0 days 01:00:26.988000,27.1,44.0,996.5,False,36.6,192,1.2,2023,14,FP2
0 days 01:01:26.971000,27.1,44.0,996.5,False,36.5,242,0.8,2023,14,FP2
0 days 01:02:26.986000,27.1,44.0,996.5,False,36.3,137,0.6,2023,14,FP2
0 days 01:03:26.985000,27.2,43.0,996.5,False,36.3,125,0.8,2023,14,FP2
0 days 01:04:26.984000,27.1,42.0,996.5,False,36.5,235,1.0,2023,14,FP2
0 days 01:05:26.983000,27.0,44.0,996.5,False,36.2,183,1.3,2023,14,FP2
0 days 01:06:26.981000,27.0,44.0,996.5,False,36.2,185,1.2,2023,14,FP2
0 days 01:07:26.996000,27.0,43.0,996.5,False,36.2,163,1.0,2023,14,FP2
0 days 01:08:26.995000,27.0,42.0,996.5,False,36.2,189,1.1,2023,14,FP2
0 days 01:09:26.994000,26.9,42.0,996.5,False,36.0,212,1.2,2023,14,FP2
0 days 01:10:26.993000,26.9,44.0,996.5,False,35.7,180,0.5,2023,14,FP2
0 days 01:11:26.992000,27.0,43.0,996.5,False,36.0,215,0.6,2023,14,FP2
0 days 01:12:26.991000,27.0,43.0,996.5,False,36.3,174,1.0,2023,14,FP2
0 days 01:13:26.990000,27.1,43.0,996.5,False,36.4,130,1.1,2023,14,FP2
0 days 01:14:26.989000,27.1,43.0,996.5,False,36.2,179,1.5,2023,14,FP2
0 days 01:15:27.003000,27.1,43.0,996.5,False,36.2,177,1.8,2023,14,FP2
0 days 01:16:27.018000,27.1,43.0,996.5,False,36.2,132,1.2,2023,14,FP2
0 days 01:17:27.017000,27.0,42.0,996.5,False,36.2,161,1.7,2023,14,FP2
0 days 01:18:27.031000,27.0,43.0,996.5,False,36.4,158,1.6,2023,14,FP2
0 days 01:19:27.015000,27.0,43.0,996.5,False,36.1,188,1.2,2023,14,FP2
0 days 01:20:27.045000,27.1,43.0,996.5,False,35.8,147,1.2,2023,14,FP2
0 days 01:21:27.059000,27.1,43.0,996.5,False,35.8,149,1.6,2023,14,FP2
0 days 00:00:11.297000,29.8,72.0,1010.0,False,37.2,179,1.3,2023,15,FP2
0 days 00:01:11.311000,29.8,73.0,1010.0,False,37.1,194,1.2,2023,15,FP2
0 days 00:02:11.310000,29.8,73.0,1010.0,False,37.3,189,1.2,2023,15,FP2
0 days 00:03:11.325000,29.8,72.0,1010.0,False,37.3,202,1.2,2023,15,FP2
0 days 00:04:11.324000,29.8,72.0,1010.0,False,37.3,145,1.2,2023,15,FP2
0 days 00:05:11.338000,29.9,73.0,1010.0,False,37.2,158,0.6,2023,15,FP2
0 days 00:06:11.337000,29.9,73.0,1010.0,False,37.2,198,1.1,2023,15,FP2
0 days 00:07:11.336000,29.9,73.0,1010.2,False,37.2,174,1.2,2023,15,FP2
0 days 00:08:11.335000,29.8,73.0,1010.0,False,37.3,195,0.8,2023,15,FP2
0 days 00:09:11.334000,29.8,73.0,1010.2,False,37.1,165,1.1,2023,15,FP2
0 days 00:10:11.333000,29.8,73.0,1010.2,False,36.9,200,1.7,2023,15,FP2
0 days 00:11:11.332000,29.8,73.0,1010.2,False,36.9,176,0.8,2023,15,FP2
0 days 00:12:11.346000,29.9,74.0,1010.2,False,36.8,186,1.2,2023,15,FP2
0 days 00:13:11.330000,29.8,74.0,1010.2,False,36.9,195,1.2,2023,15,FP2
0 days 00:14:11.329000,29.9,74.0,1010.2,False,37.2,218,1.3,2023,15,FP2
0 days 00:15:11.343000,29.9,74.0,1010.2,False,37.2,237,1.0,2023,15,FP2
0 days 00:16:11.342000,29.8,74.0,1010.2,False,36.9,165,1.5,2023,15,FP2
0 days 00:17:11.341000,29.8,74.0,1010.2,False,36.9,173,1.7,2023,15,FP2
0 days 00:18:11.340000,29.9,73.0,1010.2,False,36.9,163,1.7,2023,15,FP2
0 days 00:19:11.339000,29.9,73.0,1010.2,False,36.9,150,1.5,2023,15,FP2
0 days 00:20:11.338000,29.9,74.0,1010.2,False,36.9,160,1.0,2023,15,FP2
0 days 00:21:11.337000,29.9,74.0,1010.2,False,36.9,169,1.3,2023,15,FP2
0 days 00:22:11.336000,29.9,73.0,1010.2,False,37.2,189,1.6,2023,15,FP2
0 days 00:23:11.350000,30.0,73.0,1010.2,False,37.3,161,2.0,2023,15,FP2
0 days 00:24:11.349000,30.0,73.0,1010.2,False,37.0,175,2.0,2023,15,FP2
0 days 00:25:11.348000,30.0,73.0,1010.2,False,36.6,191,1.6,2023,15,FP2
0 days 00:26:11.347000,30.0,73.0,1010.2,False,37.1,156,1.2,2023,15,FP2
0 days 00:27:11.346000,30.0,73.0,1010.2,False,36.5,175,1.3,2023,15,FP2
0 days 00:28:11.345000,30.1,72.0,1010.2,False,37.2,176,1.3,2023,15,FP2
0 days 00:29:11.344000,30.1,72.0,1010.2,False,36.8,182,1.6,2023,15,FP2
0 days 00:30:11.343000,30.1,72.0,1010.2,False,36.8,187,1.5,2023,15,FP2
0 days 00:31:11.342000,30.1,72.0,1010.4,False,37.0,190,1.1,2023,15,FP2
0 days 00:32:11.341000,30.1,72.0,1010.4,False,37.0,191,1.1,2023,15,FP2
0 days 00:33:11.355000,30.1,72.0,1010.4,False,37.0,136,1.5,2023,15,FP2
0 days 00:34:11.354000,30.1,72.0,1010.5,False,36.9,162,1.2,2023,15,FP2
0 days 00:35:11.353000,30.1,72.0,1010.4,False,36.9,186,0.8,2023,15,FP2
0 days 00:36:11.352000,30.1,72.0,1010.5,False,36.8,145,1.1,2023,15,FP2
0 days 00:37:11.351000,30.0,72.0,1010.5,False,36.9,0,0.5,2023,15,FP2
0 days 00:38:11.350000,30.0,72.0,1010.5,False,36.5,201,0.5,2023,15,FP2
0 days 00:39:11.349000,29.9,72.0,1010.5,False,36.7,164,0.5,2023,15,FP2
0 days 00:40:11.348000,29.9,72.0,1010.5,False,36.5,193,0.8,2023,15,FP2
0 days 00:41:11.347000,29.9,72.0,1010.5,False,36.4,208,1.1,2023,15,FP2
0 days 00:42:11.346000,29.9,72.0,1010.5,False,36.4,166,1.1,2023,15,FP2
0 days 00:43:11.361000,29.9,72.0,1010.5,False,36.4,200,1.0,2023,15,FP2
0 days 00:44:11.359000,30.0,72.0,1010.5,False,36.6,188,1.5,2023,15,FP2
0 days 00:45:11.359000,30.0,72.0,1010.7,False,36.8,236,1.3,2023,15,FP2
0 days 00:46:11.357000,30.1,71.0,1010.5,False,36.8,182,1.1,2023,15,FP2
0 days 00:47:11.356000,30.1,69.0,1010.7,False,36.8,193,1.8,2023,15,FP2
0 days 00:48:11.355000,30.1,69.0,1010.5,False,36.5,172,1.2,2023,15,FP2
0 days 00:49:11.354000,30.1,69.0,1010.7,False,36.5,170,1.3,2023,15,FP2
0 days 00:50:11.353000,30.1,69.0,1010.7,False,36.4,181,1.5,2023,15,FP2
0 days 00:51:11.368000,30.1,69.0,1010.7,False,36.6,186,1.3,2023,15,FP2
0 days 00:52:11.367000,30.1,68.0,1010.7,False,36.7,191,1.8,2023,15,FP2
0 days 00:53:11.366000,30.1,69.0,1010.5,False,36.7,186,1.7,2023,15,FP2
0 days 00:54:11.364000,30.1,69.0,1010.7,False,36.6,185,1.7,2023,15,FP2
0 days 00:55:11.363000,30.1,69.0,1010.5,False,36.3,187,2.0,2023,15,FP2
0 days 00:56:11.378000,30.1,69.0,1010.7,False,36.4,163,1.6,2023,15,FP2
0 days 00:57:11.393000,30.1,69.0,1010.7,False,36.4,154,1.3,2023,15,FP2
0 days 00:58:11.407000,30.1,69.0,1010.7,False,36.4,156,1.2,2023,15,FP2
0 days 00:59:11.422000,30.1,69.0,1010.5,False,36.3,164,1.2,2023,15,FP2
0 days 01:00:11.405000,30.0,69.0,1010.5,False,36.2,186,1.2,2023,15,FP2
0 days 01:01:11.435000,30.0,70.0,1010.5,False,36.1,185,1.1,2023,15,FP2
0 days 01:02:11.434000,30.1,69.0,1010.7,False,36.1,178,1.7,2023,15,FP2
0 days 01:03:11.449000,30.1,69.0,1010.5,False,36.1,192,1.2,2023,15,FP2
0 days 01:04:11.463000,30.1,69.0,1010.5,False,36.2,178,1.8,2023,15,FP2
0 days 01:05:11.478000,30.2,69.0,1010.7,False,36.1,178,1.5,2023,15,FP2
0 days 01:06:11.477000,30.1,69.0,1010.5,False,36.4,175,1.8,2023,15,FP2
0 days 01:07:11.507000,30.2,69.0,1010.5,False,36.4,186,1.6,2023,15,FP2
0 days 01:08:11.490000,30.3,69.0,1010.7,False,36.1,191,2.2,2023,15,FP2
0 days 01:09:11.489000,30.3,69.0,1010.5,False,36.1,181,1.7,2023,15,FP2
0 days 01:10:11.488000,30.3,69.0,1010.7,False,36.2,189,1.1,2023,15,FP2
0 days 01:11:11.503000,30.3,69.0,1010.5,False,36.2,168,1.3,2023,15,FP2
0 days 01:12:11.502000,30.3,69.0,1010.5,False,36.2,179,1.6,2023,15,FP2
0 days 01:13:11.501000,30.2,69.0,1010.5,False,36.4,185,1.0,2023,15,FP2
0 days 01:14:11.499000,30.2,68.0,1010.5,False,36.4,177,1.5,2023,15,FP2
0 days 01:15:11.498000,30.2,68.0,1010.5,False,36.0,158,1.5,2023,15,FP2
0 days 01:16:11.497000,30.2,68.0,1010.5,False,36.0,191,1.7,2023,15,FP2
0 days 01:17:11.496000,30.3,69.0,1010.5,False,36.0,177,1.1,2023,15,FP2
0 days 01:18:11.495000,30.2,68.0,1010.7,False,36.0,172,1.6,2023,15,FP2
0 days 01:19:11.494000,30.2,69.0,1010.7,False,36.0,175,1.6,2023,15,FP2
0 days 01:20:11.509000,30.2,69.0,1010.7,False,35.9,173,1.8,2023,15,FP2
0 days 01:21:11.508000,30.1,69.0,1010.7,False,36.0,179,1.3,2023,15,FP2
0 days 01:22:11.507000,30.1,69.0,1010.7,False,35.8,184,1.5,2023,15,FP2
0 days 00:00:09.874000,28.5,63.0,1006.0,False,39.8,285,3.2,2023,16,FP2
0 days 00:01:09.873000,28.6,63.0,1006.0,False,39.9,285,3.7,2023,16,FP2
0 days 00:02:09.872000,28.6,63.0,1006.0,False,40.0,291,3.7,2023,16,FP2
0 days 00:03:09.887000,28.5,64.0,1006.0,False,40.0,284,2.7,2023,16,FP2
0 days 00:04:09.886000,28.6,64.0,1006.0,False,40.2,295,3.0,2023,16,FP2
0 days 00:05:09.885000,28.7,63.0,1006.0,False,40.2,294,2.5,2023,16,FP2
0 days 00:06:09.884000,28.8,64.0,1006.0,False,40.2,295,2.7,2023,16,FP2
0 days 00:07:09.883000,28.8,63.0,1006.0,False,40.2,283,2.5,2023,16,FP2
0 days 00:08:09.882000,28.8,63.0,1006.0,False,40.0,286,2.7,2023,16,FP2
0 days 00:09:09.896000,28.7,63.0,1006.0,False,39.5,292,4.0,2023,16,FP2
0 days 00:10:09.911000,28.6,64.0,1006.0,False,38.9,298,3.7,2023,16,FP2
0 days 00:11:09.910000,28.6,64.0,1006.0,False,38.7,289,2.5,2023,16,FP2
0 days 00:12:09.909000,28.5,64.0,1006.2,False,38.6,275,3.2,2023,16,FP2
0 days 00:13:09.908000,28.4,64.0,1006.0,False,38.6,288,2.7,2023,16,FP2
0 days 00:14:09.907000,28.4,64.0,1006.2,False,38.7,285,3.2,2023,16,FP2
0 days 00:15:09.906000,28.4,65.0,1006.2,False,39.0,271,2.5,2023,16,FP2
0 days 00:16:09.920000,28.5,64.0,1006.0,False,39.6,284,1.7,2023,16,FP2
0 days 00:17:09.903000,28.4,65.0,1006.0,False,39.1,236,1.5,2023,16,FP2
0 days 00:18:09.902000,28.5,65.0,1006.0,False,39.0,289,1.0,2023,16,FP2
0 days 00:19:09.917000,28.4,64.0,1006.0,False,39.0,288,2.4,2023,16,FP2
0 days 00:20:09.916000,28.3,65.0,1006.0,False,39.3,293,2.5,2023,16,FP2
0 days 00:21:09.930000,28.4,65.0,1006.0,False,39.3,355,1.2,2023,16,FP2
0 days 00:22:09.914000,28.4,65.0,1006.0,False,39.3,274,1.3,2023,16,FP2
0 days 00:23:09.913000,28.4,65.0,1006.0,False,39.1,303,1.2,2023,16,FP2
0 days 00:24:09.912000,28.4,64.0,1006.0,False,38.9,281,0.8,2023,16,FP2
0 days 00:25:09.911000,28.4,64.0,1006.0,False,39.0,288,2.7,2023,16,FP2
0 days 00:26:09.910000,28.4,64.0,1006.0,False,39.0,281,2.9,2023,16,FP2
0 days 00:27:09.924000,28.3,63.0,1006.0,False,38.9,294,2.5,2023,16,FP2
0 days 00:28:09.939000,28.3,63.0,1006.0,False,39.0,289,2.7,2023,16,FP2
0 days 00:29:09.953000,28.2,63.0,1006.0,False,38.9,296,2.7,2023,16,FP2
0 days 00:30:09.952000,28.2,63.0,1006.0,False,38.8,274,1.8,2023,16,FP2
0 days 00:31:09.967000,28.3,63.0,1006.0,False,38.8,274,3.0,2023,16,FP2
0 days 00:32:09.981000,28.3,63.0,1006.2,False,38.8,290,3.0,2023,16,FP2
0 days 00:33:09.996000,28.3,63.0,1006.0,False,38.7,288,3.2,2023,16,FP2
0 days 00:34:10.011000,28.3,63.0,1006.2,False,38.8,280,3.0,2023,16,FP2
0 days 00:35:10.025000,28.2,63.0,1006.2,False,38.8,287,2.5,2023,16,FP2
0 days 00:36:10.024000,28.2,63.0,1006.0,False,38.4,281,2.7,2023,16,FP2
0 days 00:37:10.054000,28.2,63.0,1006.0,False,38.4,273,2.2,2023,16,FP2
0 days 00:38:10.053000,28.2,64.0,1006.2,False,38.4,293,3.2,2023,16,FP2
0 days 00:39:10.052000,28.2,64.0,1006.0,False,38.7,277,2.7,2023,16,FP2
0 days 00:40:10.051000,28.2,64.0,1006.0,False,38.6,288,2.5,2023,16,FP2
0 days 00:41:10.050000,28.2,64.0,1006.0,False,38.6,285,2.2,2023,16,FP2
0 days 00:42:10.049000,28.1,64.0,1006.0,False,38.6,281,2.5,2023,16,FP2
0 days 00:43:10.048000,28.1,64.0,1006.0,False,38.4,276,2.5,2023,16,FP2
0 days 00:44:10.047000,28.1,64.0,1006.0,False,38.4,288,3.0,2023,16,FP2
0 days 00:45:10.046000,28.0,64.0,1006.0,False,38.4,273,3.0,2023,16,FP2
0 days 00:46:10.045000,28.0,64.0,1006.0,False,38.5,291,2.7,2023,16,FP2
0 days 00:47:10.059000,28.0,64.0,1006.0,False,38.6,287,3.2,2023,16,FP2
0 days 00:48:10.058000,28.1,64.0,1006.0,False,38.4,287,3.0,2023,16,FP2
0 days 00:49:10.057000,28.1,64.0,1006.0,False,38.3,291,3.2,2023,16,FP2
0 days 00:50:10.072000,28.0,64.0,1006.0,False,38.2,277,3.5,2023,16,FP2
0 days 00:51:10.055000,27.9,64.0,1006.2,False,38.2,270,3.0,2023,16,FP2
0 days 00:52:10.054000,27.9,64.0,1006.0,False,38.2,288,2.7,2023,16,FP2
0 days 00:53:10.053000,27.9,64.0,1006.0,False,38.2,281,3.2,2023,16,FP2
0 days 00:54:10.052000,27.9,64.0,1006.2,False,38.0,279,3.9,2023,16,FP2
0 days 00:55:10.051000,27.9,64.0,1006.2,False,38.0,299,2.5,2023,16,FP2
0 days 00:56:10.050000,27.9,64.0,1006.0,False,38.0,286,2.7,2023,16,FP2
0 days 00:57:10.064000,27.8,64.0,1006.2,False,37.9,281,3.7,2023,16,FP2
0 days 00:58:10.063000,27.8,65.0,1006.2,False,37.8,267,3.0,2023,16,FP2
0 days 00:59:10.062000,27.8,65.0,1006.2,False,37.8,287,2.7,2023,16,FP2
0 days 01:00:10.061000,27.8,64.0,1006.2,False,37.7,290,2.7,2023,16,FP2
0 days 01:01:10.060000,27.8,65.0,1006.2,False,37.7,290,3.0,2023,16,FP2
0 days 01:02:10.059000,27.8,64.0,1006.2,False,37.6,286,3.0,2023,16,FP2
0 days 01:03:10.058000,27.8,64.0,1006.2,False,37.7,275,2.4,2023,16,FP2
0 days 01:04:10.057000,27.7,64.0,1006.2,False,37.5,276,3.5,2023,16,FP2
0 days 01:05:10.056000,27.7,65.0,1006.2,False,37.4,284,2.7,2023,16,FP2
0 days 01:06:10.070000,27.7,64.0,1006.2,False,37.4,292,2.4,2023,16,FP2
0 days 01:07:10.069000,27.8,64.0,1006.2,False,37.4,277,2.7,2023,16,FP2
0 days 01:08:10.068000,27.7,65.0,1006.2,False,37.3,278,3.0,2023,16,FP2
0 days 01:09:10.067000,27.7,65.0,1006.2,False,37.2,289,2.7,2023,16,FP2
0 days 01:10:10.082000,27.7,65.0,1006.2,False,37.2,281,3.0,2023,16,FP2
0 days 01:11:10.096000,27.7,65.0,1006.2,False,37.5,283,2.7,2023,16,FP2
0 days 01:12:10.127000,27.7,64.0,1006.2,False,37.3,285,2.4,2023,16,FP2
0 days 01:13:10.110000,27.7,65.0,1006.2,False,37.1,289,3.5,2023,16,FP2
0 days 01:14:10.109000,27.6,65.0,1006.2,False,37.1,284,2.7,2023,16,FP2
0 days 01:15:10.123000,27.6,65.0,1006.2,False,37.2,282,2.7,2023,16,FP2
0 days 00:00:41.921000,25.5,32.0,780.2,False,37.7,67,1.7,2023,19,FP2
0 days 00:01:41.921000,25.6,32.0,780.2,False,37.7,59,1.2,2023,19,FP2
0 days 00:02:41.920000,25.7,32.0,780.2,False,37.7,88,1.2,2023,19,FP2
0 days 00:03:41.919000,25.7,31.0,780.2,False,38.4,117,1.2,2023,19,FP2
0 days 00:04:41.934000,25.7,31.0,780.2,False,38.6,12,0.6,2023,19,FP2
0 days 00:05:41.934000,25.8,31.0,780.2,False,38.6,42,0.5,2023,19,FP2
0 days 00:06:41.949000,26.1,31.0,780.2,False,38.6,77,0.6,2023,19,FP2
0 days 00:07:41.964000,26.3,30.0,780.2,False,39.9,62,1.2,2023,19,FP2
0 days 00:08:41.963000,26.4,30.0,780.2,False,39.8,96,1.7,2023,19,FP2
0 days 00:09:41.978000,26.4,30.0,780.2,False,39.6,100,1.1,2023,19,FP2
0 days 00:10:41.977000,26.5,30.0,780.2,False,39.6,272,0.6,2023,19,FP2
0 days 00:11:41.977000,26.6,30.0,780.2,False,40.0,305,0.8,2023,19,FP2
0 days 00:12:41.976000,26.7,30.0,780.2,False,40.2,290,1.6,2023,19,FP2
0 days 00:13:41.975000,26.7,30.0,780.2,False,40.4,240,0.8,2023,19,FP2
0 days 00:14:41.975000,26.8,30.0,780.2,False,40.4,235,1.0,2023,19,FP2
0 days 00:15:41.974000,26.9,30.0,780.0,False,40.3,0,1.1,2023,19,FP2
0 days 00:16:41.989000,26.7,30.0,780.0,False,40.0,323,1.0,2023,19,FP2
0 days 00:17:41.988000,26.6,30.0,780.2,False,39.8,7,1.3,2023,19,FP2
0 days 00:18:42.003000,26.4,30.0,780.2,False,39.7,343,0.8,2023,19,FP2
0 days 00:19:42.018000,26.5,30.0,780.2,False,39.4,253,1.1,2023,19,FP2
0 days 00:20:42.033000,26.5,30.0,780.0,False,39.4,153,1.2,2023,19,FP2
0 days 00:21:42.032000,26.7,30.0,780.0,False,38.9,146,1.5,2023,19,FP2
0 days 00:22:42.032000,26.7,31.0,780.2,True,38.6,52,1.2,2023,19,FP2
0 days 00:23:42.031000,26.8,31.0,780.0,True,38.5,303,2.2,2023,19,FP2
0 days 00:24:42.030000,26.8,30.0,780.0,True,38.4,274,1.8,2023,19,FP2
0 days 00:25:42.030000,26.8,29.0,780.0,True,37.8,275,2.7,2023,19,FP2
0 days 00:26:42.029000,26.8,30.0,780.0,True,37.2,307,2.5,2023,19,FP2
0 days 00:27:42.028000,26.9,30.0,780.0,True,37.2,327,0.8,2023,19,FP2
0 days 00:28:42.028000,26.9,30.0,780.0,True,36.7,35,1.7,2023,19,FP2
0 days 00:29:42.058000,26.9,31.0,780.2,False,36.7,305,0.6,2023,19,FP2
0 days 00:30:42.058000,26.9,31.0,780.2,False,36.7,252,1.2,2023,19,FP2
0 days 00:31:42.057000,26.6,32.0,780.2,False,36.0,255,1.2,2023,19,FP2
0 days 00:32:42.056000,26.3,33.0,780.0,False,35.6,201,1.8,2023,19,FP2
0 days 00:33:42.071000,26.1,34.0,780.0,False,35.5,152,1.6,2023,19,FP2
0 days 00:34:42.071000,25.8,34.0,780.0,False,35.5,186,2.2,2023,19,FP2
0 days 00:35:42.070000,25.7,35.0,780.0,False,35.5,155,2.4,2023,19,FP2
0 days 00:36:42.069000,25.4,36.0,780.0,False,35.0,195,1.8,2023,19,FP2
0 days 00:37:42.069000,25.3,36.0,780.0,False,35.0,157,1.3,2023,19,FP2
0 days 00:38:42.068000,25.2,36.0,780.0,False,34.8,324,3.2,2023,19,FP2
0 days 00:39:42.067000,25.1,37.0,780.0,False,34.6,140,1.0,2023,19,FP2
0 days 00:40:42.067000,24.9,37.0,780.0,False,34.5,286,1.2,2023,19,FP2
0 days 00:41:42.082000,24.8,37.0,780.0,False,34.3,137,1.2,2023,19,FP2
0 days 00:42:42.081000,24.8,37.0,780.0,False,34.2,246,0.8,2023,19,FP2
0 days 00:43:42.112000,24.7,37.0,780.0,False,34.1,248,1.0,2023,19,FP2
0 days 00:44:42.111000,24.6,37.0,780.0,False,34.2,257,2.0,2023,19,FP2
0 days 00:45:42.126000,24.6,38.0,780.0,False,33.9,244,2.4,2023,19,FP2
0 days 00:46:42.125000,24.6,38.0,780.0,False,33.9,281,2.4,2023,19,FP2
0 days 00:47:42.124000,24.6,38.0,780.0,False,33.6,242,1.7,2023,19,FP2
0 days 00:48:42.124000,24.6,38.0,780.0,False,33.6,51,1.7,2023,19,FP2
0 days 00:49:42.123000,24.6,38.0,780.0,False,33.6,94,1.1,2023,19,FP2
0 days 00:50:42.138000,24.6,38.0,780.0,False,33.6,307,1.1,2023,19,FP2
0 days 00:51:42.137000,24.5,38.0,780.0,False,33.6,286,1.3,2023,19,FP2
0 days 00:52:42.152000,24.5,39.0,780.0,False,33.6,269,1.3,2023,19,FP2
0 days 00:53:42.136000,24.5,39.0,780.0,False,33.3,267,3.0,2023,19,FP2
0 days 00:54:42.167000,24.5,39.0,780.0,False,33.1,247,3.2,2023,19,FP2
0 days 00:55:42.182000,24.4,39.0,780.0,False,33.0,255,3.0,2023,19,FP2
0 days 00:56:42.181000,24.3,40.0,780.0,False,32.9,243,2.9,2023,19,FP2
0 days 00:57:42.196000,24.3,40.0,780.0,False,32.9,141,4.5,2023,19,FP2
0 days 00:58:42.195000,24.2,40.0,780.0,False,32.8,249,1.7,2023,19,FP2
0 days 00:59:42.210000,24.3,40.0,780.0,False,32.8,213,1.8,2023,19,FP2
0 days 01:00:42.210000,24.3,40.0,780.2,False,32.8,208,1.7,2023,19,FP2
0 days 01:01:42.225000,24.3,40.0,780.0,False,32.8,148,1.3,2023,19,FP2
0 days 01:02:42.224000,24.2,40.0,780.0,False,32.7,184,1.7,2023,19,FP2
0 days 01:03:42.223000,24.2,40.0,780.0,False,32.6,85,1.8,2023,19,FP2
0 days 01:04:42.223000,24.2,40.0,780.2,False,32.6,249,0.6,2023,19,FP2
0 days 01:05:42.222000,24.1,40.0,780.0,False,32.5,248,1.7,2023,19,FP2
0 days 01:06:42.221000,24.1,40.0,780.0,True,32.4,265,1.7,2023,19,FP2
0 days 01:07:42.221000,24.1,40.0,780.0,True,32.4,285,2.5,2023,19,FP2
0 days 01:08:42.220000,24.1,40.0,780.2,False,32.1,265,2.5,2023,19,FP2
0 days 01:09:42.219000,24.1,40.0,780.0,False,32.1,313,2.0,2023,19,FP2
0 days 01:10:42.219000,24.1,40.0,780.2,False,32.0,248,2.7,2023,19,FP2
0 days 01:11:42.218000,24.0,40.0,780.2,False,31.9,298,2.5,2023,19,FP2
0 days 01:12:42.217000,24.0,40.0,780.2,True,31.9,168,1.7,2023,19,FP2
0 days 01:13:42.217000,24.0,40.0,780.0,True,31.8,305,1.7,2023,19,FP2
0 days 01:14:42.216000,23.9,41.0,780.0,True,31.7,242,1.0,2023,19,FP2
0 days 01:15:42.231000,23.7,41.0,780.0,True,31.2,258,1.6,2023,19,FP2
0 days 01:16:42.230000,23.7,41.0,780.0,True,31.2,263,3.4,2023,19,FP2
0 days 01:17:42.230000,23.7,41.0,780.0,True,31.1,284,2.7,2023,19,FP2
0 days 01:18:42.229000,23.7,41.0,780.0,True,31.2,265,2.7,2023,19,FP2
0 days 01:19:42.228000,23.6,41.0,780.0,True,31.1,274,2.7,2023,19,FP2
0 days 01:20:42.228000,23.6,41.0,780.0,True,31.0,269,3.0,2023,19,FP2
0 days 00:00:58.429000,14.4,70.0,944.2,False,15.9,184,0.6,2023,21,FP2
0 days 00:01:58.428000,14.4,70.0,944.0,False,15.9,70,0.4,2023,21,FP2
0 days 00:02:58.411000,14.3,71.0,944.2,False,15.9,71,0.8,2023,21,FP2
0 days 00:03:58.426000,14.3,72.0,944.0,False,15.6,59,0.8,2023,21,FP2
0 days 00:04:58.425000,14.3,72.0,944.0,False,15.6,67,0.8,2023,21,FP2
0 days 00:05:58.424000,14.2,72.0,944.0,False,15.5,62,0.8,2023,21,FP2
0 days 00:06:58.423000,14.2,73.0,944.0,False,15.5,55,0.8,2023,21,FP2
0 days 00:07:58.421000,14.2,73.0,944.0,False,15.5,60,1.2,2023,21,FP2
0 days 00:08:58.420000,14.1,73.0,944.2,False,15.5,69,1.3,2023,21,FP2
0 days 00:09:58.419000,14.1,73.0,944.0,False,15.4,70,0.8,2023,21,FP2
0 days 00:10:58.418000,14.1,73.0,944.0,False,15.4,54,0.8,2023,21,FP2
0 days 00:11:58.417000,14.1,74.0,944.0,False,15.3,59,0.8,2023,21,FP2
0 days 00:12:58.416000,14.1,74.0,944.2,False,15.3,57,1.1,2023,21,FP2
0 days 00:13:58.431000,14.1,74.0,944.0,False,15.3,62,1.2,2023,21,FP2
0 days 00:14:58.430000,14.1,74.0,944.0,False,15.3,55,1.2,2023,21,FP2
0 days 00:15:58.428000,14.0,74.0,944.2,False,15.3,59,1.2,2023,21,FP2
0 days 00:16:58.427000,14.1,74.0,944.0,False,15.3,72,1.2,2023,21,FP2
0 days 00:17:58.426000,14.0,74.0,944.0,False,15.3,63,1.1,2023,21,FP2
0 days 00:18:58.425000,14.0,75.0,944.2,False,15.3,67,1.3,2023,21,FP2
0 days 00:19:58.424000,14.1,74.0,944.2,False,15.3,66,1.5,2023,21,FP2
0 days 00:20:58.423000,14.0,74.0,944.2,False,15.3,60,1.7,2023,21,FP2
0 days 00:21:58.438000,13.9,74.0,944.2,False,15.3,64,1.7,2023,21,FP2
0 days 00:22:58.437000,13.9,75.0,944.2,False,15.0,65,1.5,2023,21,FP2
0 days 00:23:58.436000,13.8,75.0,944.2,False,15.0,66,1.5,2023,21,FP2
0 days 00:24:58.434000,13.7,75.0,944.2,False,15.0,62,1.2,2023,21,FP2
0 days 00:25:58.433000,13.7,75.0,944.2,False,15.1,54,1.3,2023,21,FP2
0 days 00:26:58.432000,13.6,75.0,944.2,False,15.1,71,1.7,2023,21,FP2
0 days 00:27:58.431000,13.6,75.0,944.2,False,15.1,65,1.3,2023,21,FP2
0 days 00:28:58.430000,13.5,76.0,944.2,False,15.0,55,1.2,2023,21,FP2
0 days 00:29:58.445000,13.4,76.0,944.2,False,15.0,58,1.2,2023,21,FP2
0 days 00:30:58.428000,13.4,76.0,944.2,False,15.0,67,1.3,2023,21,FP2
0 days 00:31:58.443000,13.4,76.0,944.2,False,15.1,61,1.3,2023,21,FP2
0 days 00:32:58.441000,13.3,76.0,944.2,False,15.0,51,1.5,2023,21,FP2
0 days 00:33:58.440000,13.3,76.0,944.2,False,15.0,61,1.6,2023,21,FP2
0 days 00:34:58.439000,13.3,76.0,944.2,False,15.1,63,1.1,2023,21,FP2
0 days 00:35:58.423000,13.2,76.0,944.2,False,15.1,65,1.0,2023,21,FP2
0 days 00:36:58.437000,13.2,76.0,944.0,False,15.1,65,1.1,2023,21,FP2
0 days 00:37:58.436000,13.2,76.0,944.2,False,15.1,84,0.8,2023,21,FP2
0 days 00:38:58.435000,13.3,76.0,944.2,False,15.2,59,1.2,2023,21,FP2
0 days 00:39:58.434000,13.2,76.0,944.0,False,15.2,65,1.1,2023,21,FP2
0 days 00:40:58.433000,13.2,76.0,944.0,False,15.1,70,0.8,2023,21,FP2
0 days 00:41:58.447000,13.2,76.0,944.2,False,15.1,53,0.8,2023,21,FP2
0 days 00:42:58.446000,13.1,76.0,944.0,False,15.1,60,1.0,2023,21,FP2
0 days 00:43:58.445000,13.1,76.0,944.0,False,15.1,55,1.1,2023,21,FP2
0 days 00:44:58.444000,13.2,76.0,944.2,False,15.1,60,0.8,2023,21,FP2
0 days 00:45:58.443000,13.2,75.0,944.0,False,15.1,63,1.0,2023,21,FP2
0 days 00:46:58.442000,13.2,75.0,944.0,False,15.1,64,1.2,2023,21,FP2
0 days 00:47:58.441000,13.2,75.0,944.0,False,15.1,59,1.1,2023,21,FP2
0 days 00:48:58.440000,13.2,75.0,944.0,False,15.1,50,0.8,2023,21,FP2
0 days 00:49:58.439000,13.2,75.0,944.0,False,15.1,44,0.8,2023,21,FP2
0 days 00:50:58.453000,13.2,75.0,944.2,False,15.3,201,0.4,2023,21,FP2
0 days 00:51:58.452000,13.4,75.0,944.0,False,15.4,226,0.8,2023,21,FP2
0 days 00:52:58.451000,13.5,74.0,944.2,False,15.7,132,1.1,2023,21,FP2
0 days 00:53:58.450000,13.7,74.0,944.0,False,15.6,235,1.1,2023,21,FP2
0 days 00:54:58.449000,13.8,74.0,944.0,False,15.5,318,0.4,2023,21,FP2
0 days 00:55:58.448000,13.9,74.0,944.0,False,15.5,232,0.6,2023,21,FP2
0 days 00:56:58.447000,13.9,73.0,944.0,False,15.7,208,0.0,2023,21,FP2
0 days 00:57:58.462000,13.9,73.0,944.0,False,15.7,0,0.5,2023,21,FP2
0 days 00:58:58.445000,13.9,73.0,944.0,False,15.5,241,0.8,2023,21,FP2
0 days 00:59:58.459000,13.8,73.0,944.0,False,15.5,199,0.6,2023,21,FP2
0 days 01:00:58.458000,13.9,73.0,944.0,False,15.6,0,0.6,2023,21,FP2
0 days 01:01:58.457000,14.0,73.0,944.0,False,15.6,224,0.6,2023,21,FP2
0 days 01:02:58.456000,14.0,73.0,944.0,False,15.6,222,1.3,2023,21,FP2
0 days 01:03:58.455000,14.1,73.0,944.0,False,15.5,220,1.2,2023,21,FP2
0 days 01:04:58.454000,14.1,73.0,944.0,False,15.4,224,1.2,2023,21,FP2
0 days 01:05:58.453000,14.1,73.0,944.0,False,15.4,206,1.2,2023,21,FP2
0 days 01:06:58.452000,14.0,73.0,944.0,False,15.4,210,0.5,2023,21,FP2
0 days 01:07:58.451000,14.1,73.0,944.0,False,15.4,228,0.6,2023,21,FP2
0 days 01:08:58.450000,14.1,73.0,944.0,False,15.3,0,0.5,2023,21,FP2
0 days 01:09:58.464000,13.9,74.0,944.0,False,15.3,0,0.0,2023,21,FP2
0 days 01:10:58.463000,13.9,74.0,943.9,False,15.3,126,0.0,2023,21,FP2
0 days 01:11:58.462000,13.9,74.0,943.9,False,15.2,98,0.5,2023,21,FP2
0 days 01:12:58.477000,13.8,74.0,943.7,False,15.1,65,0.5,2023,21,FP2
0 days 01:13:58.476000,13.8,74.0,943.9,False,15.1,344,0.6,2023,21,FP2
0 days 01:14:58.459000,13.8,74.0,943.7,False,15.1,8,0.6,2023,21,FP2
0 days 01:15:58.458000,13.8,74.0,943.9,False,15.1,4,0.8,2023,21,FP2
0 days 01:16:58.457000,13.8,74.0,943.9,False,15.1,4,0.8,2023,21,FP2
0 days 01:17:58.456000,13.8,74.0,943.9,False,15.2,222,0.6,2023,21,FP2
0 days 01:18:58.470000,13.8,74.0,943.9,False,15.2,0,0.6,2023,21,FP2
0 days 01:19:58.485000,13.8,74.0,943.9,False,15.2,250,0.5,2023,21,FP2
0 days 01:20:58.499000,13.9,74.0,943.7,False,15.4,0,0.4,2023,21,FP2
0 days 01:21:58.530000,13.9,74.0,943.7,False,15.4,216,0.5,2023,21,FP2
0 days 01:22:58.513000,13.9,73.0,943.9,False,15.4,229,0.6,2023,21,FP2
0 days 01:23:58.512000,13.8,74.0,944.0,False,15.3,215,0.6,2023,21,FP2
0 days 01:24:58.526000,13.9,74.0,943.9,False,15.1,243,0.6,2023,21,FP2
0 days 01:25:58.541000,13.9,74.0,943.9,False,15.1,211,0.6,2023,21,FP2
0 days 01:26:58.571000,13.9,74.0,943.9,False,15.1,235,0.6,2023,21,FP2
0 days 01:27:58.570000,13.9,74.0,944.0,False,15.2,258,1.1,2023,21,FP2
0 days 01:28:58.585000,13.9,73.0,944.0,False,15.1,201,0.5,2023,21,FP2
0 days 01:29:58.599000,13.9,74.0,944.0,False,15.1,260,0.4,2023,21,FP2
0 days 01:30:58.598000,13.9,73.0,943.9,False,15.1,293,0.5,2023,21,FP2
0 days 01:31:58.597000,13.9,73.0,944.0,False,15.1,246,0.8,2023,21,FP2
0 days 01:32:58.612000,13.9,73.0,944.0,False,15.1,285,0.8,2023,21,FP2
0 days 01:33:58.626000,13.7,73.0,944.0,False,15.1,0,0.4,2023,21,FP2
0 days 01:34:58.641000,13.8,73.0,944.0,False,15.1,214,0.0,2023,21,FP2
0 days 01:35:58.655000,13.8,73.0,944.0,False,15.1,213,0.6,2023,21,FP2
0 days 01:36:58.654000,13.8,73.0,944.0,False,15.1,0,0.0,2023,21,FP2
0 days 01:37:58.653000,13.8,73.0,944.0,False,15.1,175,0.4,2023,21,FP2
0 days 01:38:58.652000,13.7,73.0,944.0,False,15.0,166,0.3,2023,21,FP2
0 days 01:39:58.651000,13.7,73.0,944.0,False,15.0,0,0.5,2023,21,FP2
0 days 01:40:58.650000,13.8,73.0,944.2,False,15.0,0,0.0,2023,21,FP2
0 days 01:41:58.665000,13.8,74.0,944.0,False,15.0,354,0.0,2023,21,FP2
0 days 01:42:58.679000,13.8,73.0,944.0,False,15.1,30,0.8,2023,21,FP2
0 days 01:43:58.694000,13.9,73.0,944.2,False,15.1,329,0.4,2023,21,FP2
0 days 01:44:58.693000,13.9,73.0,944.0,False,15.3,223,0.6,2023,21,FP2
0 days 01:45:58.723000,14.0,73.0,944.2,False,15.2,245,0.0,2023,21,FP2
0 days 01:46:58.722000,13.9,73.0,944.0,False,15.1,231,0.8,2023,21,FP2
0 days 01:47:58.721000,13.9,73.0,944.0,False,15.0,244,0.8,2023,21,FP2
0 days 01:48:58.735000,13.9,74.0,944.0,False,15.0,234,1.2,2023,21,FP2
0 days 01:49:58.734000,14.0,74.0,944.0,False,14.9,250,0.8,2023,21,FP2
0 days 01:50:58.733000,14.0,74.0,944.2,False,14.9,212,0.6,2023,21,FP2
0 days 01:51:58.732000,14.1,74.0,944.2,False,14.9,227,1.1,2023,21,FP2
0 days 01:52:58.731000,14.1,74.0,944.2,False,14.9,266,0.5,2023,21,FP2
0 days 01:53:58.745000,14.1,74.0,944.2,False,14.9,304,0.6,2023,21,FP2
0 days 01:54:58.729000,14.1,74.0,944.0,False,14.9,325,0.8,2023,21,FP2
0 days 01:55:58.743000,14.0,74.0,944.2,False,14.9,343,0.8,2023,21,FP2
0 days 01:56:58.742000,14.0,74.0,944.0,False,15.0,339,1.0,2023,21,FP2
0 days 01:57:58.741000,13.9,74.0,944.2,False,15.0,0,1.0,2023,21,FP2
0 days 01:58:58.740000,13.9,74.0,944.2,False,15.0,12,0.8,2023,21,FP2
0 days 01:59:58.739000,13.9,74.0,944.2,False,15.1,52,0.8,2023,21,FP2
0 days 02:00:58.738000,13.9,73.0,944.0,False,15.1,73,0.6,2023,21,FP2
0 days 02:01:58.737000,13.9,73.0,944.0,False,15.1,51,0.6,2023,21,FP2
0 days 02:02:58.736000,13.9,73.0,944.2,False,15.2,313,0.6,2023,21,FP2
0 days 02:03:58.750000,13.9,73.0,944.2,False,15.2,251,0.8,2023,21,FP2
0 days 02:04:58.749000,13.9,73.0,944.2,False,15.2,260,0.8,2023,21,FP2
0 days 02:05:58.748000,14.0,73.0,944.2,False,15.0,276,1.0,2023,21,FP2
0 days 02:06:58.747000,14.0,73.0,944.0,False,14.9,0,0.6,2023,21,FP2
0 days 02:07:58.746000,13.9,73.0,944.2,False,14.8,316,0.0,2023,21,FP2
0 days 02:08:58.745000,13.9,74.0,944.2,False,14.8,270,0.3,2023,21,FP2
0 days 02:09:58.760000,13.9,74.0,944.2,False,14.8,240,0.5,2023,21,FP2
0 days 02:10:58.759000,13.9,73.0,944.0,False,14.9,0,0.0,2023,21,FP2
0 days 02:11:58.742000,13.9,73.0,944.0,False,15.0,0,0.4,2023,21,FP2
0 days 02:12:58.741000,13.9,73.0,944.0,False,15.0,0,0.0,2023,21,FP2
0 days 02:13:58.755000,13.9,72.0,944.0,False,15.1,222,0.0,2023,21,FP2
0 days 02:14:58.754000,13.9,72.0,944.0,False,15.2,213,0.6,2023,21,FP2
0 days 02:15:00.473000,13.9,72.0,944.0,False,15.2,213,0.6,2023,21,FP2
0 days 02:15:00.723000,13.9,72.0,944.0,False,15.2,213,0.6,2023,21,FP2
0 days 02:15:58.753000,13.9,72.0,944.0,False,15.2,225,1.2,2023,21,FP2
0 days 02:16:58.752000,14.0,72.0,944.0,False,15.2,245,0.6,2023,21,FP2
0 days 02:17:58.751000,14.0,72.0,944.2,False,15.2,221,0.8,2023,21,FP2
0 days 02:18:58.750000,13.9,72.0,944.0,False,15.1,0,1.0,2023,21,FP2
0 days 02:19:58.749000,13.9,72.0,944.2,False,15.1,222,0.4,2023,21,FP2
0 days 02:20:58.748000,13.9,72.0,944.0,False,15.1,207,0.5,2023,21,FP2
0 days 00:00:55.968000,27.4,56.0,1010.4,False,35.3,3,1.6,2023,22,FP2
0 days 00:01:55.967000,27.4,56.0,1010.5,False,35.3,334,1.1,2023,22,FP2
0 days 00:02:55.967000,27.4,56.0,1010.5,False,35.0,267,1.2,2023,22,FP2
0 days 00:03:55.966000,27.4,56.0,1010.5,False,35.1,289,1.5,2023,22,FP2
0 days 00:04:55.965000,27.4,55.0,1010.5,False,35.1,322,1.5,2023,22,FP2
0 days 00:05:55.965000,27.4,55.0,1010.7,False,35.1,291,1.0,2023,22,FP2
0 days 00:06:55.964000,27.4,55.0,1010.5,False,35.1,342,1.0,2023,22,FP2
0 days 00:07:55.963000,27.4,56.0,1010.7,False,34.6,254,0.8,2023,22,FP2
0 days 00:08:55.963000,27.4,57.0,1010.5,False,34.6,258,1.1,2023,22,FP2
0 days 00:09:55.962000,27.4,57.0,1010.5,False,34.7,4,0.8,2023,22,FP2
0 days 00:10:55.961000,27.4,57.0,1010.5,False,34.7,260,0.8,2023,22,FP2
0 days 00:11:55.976000,27.3,57.0,1010.5,False,34.7,258,1.2,2023,22,FP2
0 days 00:12:55.976000,27.3,57.0,1010.7,False,34.5,268,1.3,2023,22,FP2
0 days 00:13:55.975000,27.3,57.0,1010.7,False,34.3,259,1.2,2023,22,FP2
0 days 00:14:55.974000,27.2,58.0,1010.5,False,34.2,261,1.3,2023,22,FP2
0 days 00:15:55.974000,27.2,58.0,1010.5,False,34.1,260,1.7,2023,22,FP2
0 days 00:16:55.973000,27.2,58.0,1010.5,False,34.0,273,1.5,2023,22,FP2
0 days 00:17:55.972000,27.2,58.0,1010.7,False,34.0,269,1.2,2023,22,FP2
0 days 00:18:55.972000,27.1,58.0,1010.7,False,33.8,262,1.2,2023,22,FP2
0 days 00:19:55.971000,27.2,58.0,1010.7,False,33.8,257,1.7,2023,22,FP2
0 days 00:20:55.970000,27.1,58.0,1010.7,False,33.9,262,1.7,2023,22,FP2
0 days 00:21:55.970000,27.2,59.0,1010.7,False,33.9,257,1.3,2023,22,FP2
0 days 00:22:55.969000,27.2,58.0,1010.7,False,34.0,275,1.2,2023,22,FP2
0 days 00:23:55.984000,27.3,57.0,1010.7,False,33.9,259,1.1,2023,22,FP2
0 days 00:24:55.983000,27.3,57.0,1010.7,False,33.9,273,1.3,2023,22,FP2
0 days 00:25:55.982000,27.2,58.0,1010.5,False,33.9,261,0.6,2023,22,FP2
0 days 00:26:55.982000,27.2,58.0,1010.5,False,33.9,266,0.8,2023,22,FP2
0 days 00:27:55.997000,27.2,58.0,1010.7,False,33.7,264,0.8,2023,22,FP2
0 days 00:28:55.996000,27.2,59.0,1010.7,False,33.5,270,0.6,2023,22,FP2
0 days 00:29:55.980000,27.1,59.0,1010.7,False,33.1,260,0.8,2023,22,FP2
0 days 00:30:55.979000,27.0,60.0,1010.5,False,33.2,297,1.1,2023,22,FP2
0 days 00:31:55.978000,27.0,59.0,1010.7,False,33.2,257,0.8,2023,22,FP2
0 days 00:32:55.978000,27.0,59.0,1010.7,False,33.2,261,0.8,2023,22,FP2
0 days 00:33:55.977000,27.0,60.0,1010.7,False,33.2,279,1.0,2023,22,FP2
0 days 00:34:55.992000,27.0,60.0,1010.7,False,33.2,262,0.8,2023,22,FP2
0 days 00:35:55.991000,27.0,60.0,1010.7,False,33.2,323,0.8,2023,22,FP2
0 days 00:36:55.991000,27.0,59.0,1010.7,False,33.2,320,0.8,2023,22,FP2
0 days 00:37:55.990000,27.0,60.0,1010.7,False,33.2,275,0.8,2023,22,FP2
0 days 00:38:55.989000,26.9,59.0,1010.7,False,33.1,269,0.6,2023,22,FP2
0 days 00:39:55.988000,27.0,59.0,1010.7,False,33.1,269,0.6,2023,22,FP2
0 days 00:40:55.988000,26.9,59.0,1010.7,False,33.4,320,1.0,2023,22,FP2
0 days 00:41:55.987000,26.9,59.0,1010.7,False,33.5,0,0.6,2023,22,FP2
0 days 00:42:55.986000,26.9,59.0,1010.7,False,33.0,255,1.2,2023,22,FP2
0 days 00:43:55.986000,26.9,59.0,1010.7,False,33.0,269,1.2,2023,22,FP2
0 days 00:44:55.985000,26.8,60.0,1010.9,False,33.1,262,1.0,2023,22,FP2
0 days 00:45:56,26.8,60.0,1010.9,False,33.0,267,1.1,2023,22,FP2
0 days 00:46:55.999000,26.7,61.0,1010.9,False,32.9,257,1.0,2023,22,FP2
0 days 00:47:56.014000,26.7,61.0,1010.7,False,32.9,257,0.8,2023,22,FP2
0 days 00:48:56.014000,26.7,61.0,1010.7,False,32.8,258,1.2,2023,22,FP2
0 days 00:49:56.013000,26.7,62.0,1010.7,False,32.8,263,1.2,2023,22,FP2
0 days 00:50:56.028000,26.7,61.0,1010.9,False,32.8,253,1.1,2023,22,FP2
0 days 00:51:56.043000,26.7,61.0,1010.7,False,32.8,279,0.8,2023,22,FP2
0 days 00:52:56.042000,26.7,61.0,1010.9,False,32.7,259,0.8,2023,22,FP2
0 days 00:53:56.041000,26.7,62.0,1010.9,False,32.7,273,1.0,2023,22,FP2
0 days 00:54:56.041000,26.7,62.0,1010.9,False,32.7,258,0.8,2023,22,FP2
0 days 00:55:56.040000,26.7,62.0,1010.9,False,32.8,253,1.3,2023,22,FP2
0 days 00:56:56.039000,26.7,62.0,1010.9,False,32.8,256,1.2,2023,22,FP2
0 days 00:57:56.070000,26.7,62.0,1010.9,False,32.6,261,1.2,2023,22,FP2
0 days 00:58:56.085000,26.7,62.0,1011.0,False,32.6,259,1.1,2023,22,FP2
0 days 00:59:56.100000,26.7,62.0,1010.9,False,32.6,255,1.0,2023,22,FP2
0 days 01:00:56.115000,26.7,62.0,1011.0,False,32.6,267,1.2,2023,22,FP2
0 days 01:01:56.114000,26.7,62.0,1011.0,False,32.5,251,1.2,2023,22,FP2
0 days 01:02:56.129000,26.6,62.0,1011.0,False,32.4,271,1.2,2023,22,FP2
0 days 01:03:56.128000,26.7,63.0,1011.0,False,32.4,273,1.1,2023,22,FP2
0 days 01:04:56.128000,26.7,63.0,1011.0,False,32.5,259,1.6,2023,22,FP2
0 days 01:05:56.127000,26.7,62.0,1011.0,False,32.6,267,1.7,2023,22,FP2
0 days 01:06:56.126000,26.8,62.0,1011.0,False,32.8,288,1.2,2023,22,FP2
0 days 01:07:56.126000,26.7,62.0,1011.0,False,32.6,257,1.1,2023,22,FP2
0 days 01:08:56.125000,26.8,62.0,1011.0,False,32.3,253,1.5,2023,22,FP2
0 days 01:09:56.140000,26.7,63.0,1011.0,False,32.4,252,1.2,2023,22,FP2
0 days 01:10:56.139000,26.7,62.0,1011.0,False,32.6,251,1.2,2023,22,FP2
0 days 01:11:56.139000,26.6,62.0,1011.0,False,32.7,265,1.5,2023,22,FP2
0 days 01:12:56.138000,26.6,62.0,1011.0,False,32.6,257,0.8,2023,22,FP2
0 days 01:13:56.137000,26.6,62.0,1011.0,False,32.6,269,1.3,2023,22,FP2
0 days 01:14:56.137000,26.6,62.0,1011.0,False,32.3,261,1.2,2023,22,FP2
0 days 01:15:56.136000,26.6,63.0,1011.0,False,32.2,256,1.2,2023,22,FP2
0 days 01:16:56.135000,26.6,62.0,1011.2,False,32.2,261,1.2,2023,22,FP2
0 days 01:17:56.135000,26.6,62.0,1011.0,False,32.3,267,1.2,2023,22,FP2
0 days 01:18:56.134000,26.6,63.0,1011.0,False,32.2,269,1.2,2023,22,FP2
0 days 01:19:56.133000,26.6,62.0,1011.0,False,32.2,257,1.2,2023,22,FP2
0 days 01:20:56.148000,26.5,63.0,1011.0,False,32.1,254,1.3,2023,22,FP2
0 days 00:00:44.627000,17.1,46.0,1017.0,False,23.4,95,2.5,2024,1,FP2
0 days 00:01:44.644000,17.1,46.0,1017.0,False,23.3,78,2.4,2024,1,FP2
0 days 00:02:44.652000,17.2,46.0,1017.1,False,23.2,104,1.8,2024,1,FP2
0 days 00:03:44.680000,17.2,46.0,1017.0,False,23.2,83,3.3,2024,1,FP2
0 days 00:04:44.697000,17.1,45.0,1017.0,False,23.2,134,2.6,2024,1,FP2
0 days 00:05:44.682000,17.1,45.0,1017.1,False,23.1,77,2.3,2024,1,FP2
0 days 00:06:44.713000,17.1,45.0,1017.1,False,23.1,54,3.2,2024,1,FP2
0 days 00:07:44.700000,17.1,45.0,1017.0,False,23.0,67,2.0,2024,1,FP2
0 days 00:08:44.702000,17.1,45.0,1017.2,False,23.1,81,2.1,2024,1,FP2
0 days 00:09:44.713000,17.1,43.0,1017.1,False,23.0,100,2.2,2024,1,FP2
0 days 00:10:44.708000,17.1,43.0,1017.0,False,23.0,84,3.0,2024,1,FP2
0 days 00:11:44.718000,17.1,42.0,1017.1,False,22.9,95,2.6,2024,1,FP2
0 days 00:12:44.717000,17.1,41.0,1017.0,False,22.9,67,3.5,2024,1,FP2
0 days 00:13:44.704000,17.2,41.0,1017.0,False,22.8,84,2.5,2024,1,FP2
0 days 00:14:44.713000,17.2,41.0,1017.1,False,22.8,75,2.3,2024,1,FP2
0 days 00:15:44.705000,17.2,40.0,1017.1,False,22.7,62,2.7,2024,1,FP2
0 days 00:16:44.731000,17.2,40.0,1017.1,False,22.6,63,2.0,2024,1,FP2
0 days 00:17:44.774000,17.2,40.0,1017.1,False,22.7,47,2.9,2024,1,FP2
0 days 00:18:44.749000,17.2,40.0,1017.2,False,22.7,82,2.6,2024,1,FP2
0 days 00:19:44.742000,17.2,40.0,1017.2,False,22.7,62,1.9,2024,1,FP2
0 days 00:20:44.758000,17.2,41.0,1017.2,False,22.7,82,2.0,2024,1,FP2
0 days 00:21:44.751000,17.2,41.0,1017.3,False,22.7,62,1.9,2024,1,FP2
0 days 00:22:44.757000,17.3,41.0,1017.1,False,22.6,92,2.1,2024,1,FP2
0 days 00:23:44.739000,17.3,41.0,1017.3,False,22.6,67,2.0,2024,1,FP2
0 days 00:24:44.750000,17.2,41.0,1017.3,False,22.6,99,1.4,2024,1,FP2
0 days 00:25:44.752000,17.2,41.0,1017.2,False,22.6,47,2.3,2024,1,FP2
0 days 00:26:44.756000,17.2,41.0,1017.2,False,22.5,63,2.3,2024,1,FP2
0 days 00:27:44.749000,17.2,41.0,1017.0,False,22.4,134,1.8,2024,1,FP2
0 days 00:28:44.753000,17.2,42.0,1017.2,False,22.4,105,2.4,2024,1,FP2
0 days 00:29:44.759000,17.2,42.0,1017.2,False,22.4,91,1.9,2024,1,FP2
0 days 00:30:44.754000,17.2,42.0,1017.2,False,22.4,54,1.4,2024,1,FP2
0 days 00:31:44.760000,17.3,41.0,1017.3,False,22.5,59,1.5,2024,1,FP2
0 days 00:32:44.762000,17.2,41.0,1017.2,False,22.3,134,1.9,2024,1,FP2
0 days 00:33:44.750000,17.2,41.0,1017.2,False,22.3,111,1.5,2024,1,FP2
0 days 00:34:44.761000,17.2,40.0,1017.1,False,22.3,86,2.5,2024,1,FP2
0 days 00:35:44.748000,17.2,39.0,1017.1,False,22.2,70,2.4,2024,1,FP2
0 days 00:36:44.761000,17.3,39.0,1017.1,False,22.2,89,2.6,2024,1,FP2
0 days 00:37:44.760000,17.2,39.0,1017.2,False,22.1,85,2.1,2024,1,FP2
0 days 00:38:44.763000,17.2,39.0,1017.1,False,22.1,99,3.2,2024,1,FP2
0 days 00:39:44.764000,17.2,38.0,1017.2,False,22.1,102,2.6,2024,1,FP2
0 days 00:40:44.753000,17.2,38.0,1017.3,False,22.0,95,2.6,2024,1,FP2
0 days 00:41:44.764000,17.3,38.0,1017.2,False,22.0,71,2.6,2024,1,FP2
0 days 00:42:44.752000,17.3,38.0,1017.3,False,22.0,65,2.6,2024,1,FP2
0 days 00:43:44.758000,17.3,38.0,1017.3,False,22.0,61,2.5,2024,1,FP2
0 days 00:44:44.755000,17.3,37.0,1017.3,False,22.0,65,2.5,2024,1,FP2
0 days 00:45:44.779000,17.2,37.0,1017.3,False,21.8,73,2.6,2024,1,FP2
0 days 00:46:44.766000,17.2,36.0,1017.3,False,21.9,68,2.2,2024,1,FP2
0 days 00:47:44.799000,17.3,36.0,1017.2,False,22.0,81,1.6,2024,1,FP2
0 days 00:48:44.838000,17.3,36.0,1017.3,False,22.0,80,1.9,2024,1,FP2
0 days 00:49:44.785000,17.3,36.0,1017.2,False,21.9,102,2.6,2024,1,FP2
0 days 00:50:44.788000,17.3,37.0,1017.2,False,21.8,70,2.3,2024,1,FP2
0 days 00:51:44.788000,17.3,37.0,1017.3,False,21.9,73,2.2,2024,1,FP2
0 days 00:52:44.782000,17.3,37.0,1017.3,False,21.9,101,1.5,2024,1,FP2
0 days 00:53:44.805000,17.2,37.0,1017.3,False,21.8,118,1.8,2024,1,FP2
0 days 00:54:44.806000,17.2,37.0,1017.2,False,21.7,84,2.1,2024,1,FP2
0 days 00:55:44.802000,17.3,37.0,1017.2,False,21.6,101,2.4,2024,1,FP2
0 days 00:56:44.822000,17.3,37.0,1017.3,False,21.5,67,3.2,2024,1,FP2
0 days 00:57:44.840000,17.2,37.0,1017.2,False,21.5,92,2.8,2024,1,FP2
0 days 00:58:44.855000,17.3,37.0,1017.2,False,21.5,92,2.8,2024,1,FP2
0 days 00:59:44.859000,17.3,37.0,1017.2,False,21.4,111,3.1,2024,1,FP2
0 days 01:00:44.863000,17.3,37.0,1017.3,False,21.4,65,2.3,2024,1,FP2
0 days 01:01:44.878000,17.3,38.0,1017.3,False,21.5,110,1.6,2024,1,FP2
0 days 01:02:44.897000,17.3,38.0,1017.3,False,21.5,86,2.0,2024,1,FP2
0 days 01:03:44.900000,17.4,37.0,1017.2,False,21.5,94,2.2,2024,1,FP2
0 days 01:04:44.903000,17.4,37.0,1017.3,False,21.5,95,2.2,2024,1,FP2
0 days 01:05:44.902000,17.4,37.0,1017.3,False,21.4,59,2.5,2024,1,FP2
0 days 01:06:44.902000,17.4,36.0,1017.4,False,21.5,105,2.8,2024,1,FP2
0 days 01:07:44.905000,17.3,34.0,1017.4,False,21.3,75,3.0,2024,1,FP2
0 days 01:08:44.893000,17.4,34.0,1017.3,False,21.3,88,2.9,2024,1,FP2
0 days 01:09:44.909000,17.3,34.0,1017.4,False,21.3,76,2.7,2024,1,FP2
0 days 01:10:44.909000,17.3,34.0,1017.4,False,21.3,76,2.7,2024,1,FP2
0 days 01:11:44.906000,17.4,35.0,1017.4,False,21.2,112,1.8,2024,1,FP2
0 days 01:12:44.909000,17.4,35.0,1017.5,False,21.2,41,1.3,2024,1,FP2
0 days 01:13:44.916000,17.3,35.0,1017.5,False,21.2,41,1.3,2024,1,FP2
0 days 01:14:44.941000,17.3,36.0,1017.4,False,21.3,89,2.2,2024,1,FP2
0 days 01:15:44.951000,17.3,36.0,1017.4,False,21.2,71,3.0,2024,1,FP2
0 days 01:16:44.960000,17.4,36.0,1017.4,False,21.1,72,1.4,2024,1,FP2
0 days 01:17:44.957000,17.4,36.0,1017.5,False,21.2,120,1.6,2024,1,FP2
0 days 01:18:44.970000,17.4,36.0,1017.4,False,21.2,93,1.7,2024,1,FP2
0 days 01:19:44.977000,17.3,36.0,1017.4,False,21.1,67,1.7,2024,1,FP2
0 days 01:20:44.979000,17.3,36.0,1017.6,False,21.2,91,2.9,2024,1,FP2
0 days 01:21:44.979000,17.3,36.0,1017.6,False,21.1,66,1.2,2024,1,FP2
0 days 00:00:12.806000,25.4,62.0,1013.3,False,31.3,25,3.6,2024,2,FP2
0 days 00:01:12.772000,25.4,63.0,1013.3,False,31.4,11,3.4,2024,2,FP2
0 days 00:02:12.768000,25.4,63.0,1013.4,False,31.4,7,3.2,2024,2,FP2
0 days 00:03:12.769000,25.3,63.0,1013.2,False,31.4,5,3.4,2024,2,FP2
0 days 00:04:12.775000,25.4,63.0,1013.2,False,31.4,29,4.1,2024,2,FP2
0 days 00:05:12.777000,25.4,62.0,1013.4,False,31.1,5,2.8,2024,2,FP2
0 days 00:06:12.772000,25.3,62.0,1013.3,False,31.1,2,3.7,2024,2,FP2
0 days 00:07:12.770000,25.3,61.0,1013.3,False,31.2,26,3.3,2024,2,FP2
0 days 00:08:12.820000,25.3,61.0,1013.4,False,31.3,359,3.7,2024,2,FP2
0 days 00:09:12.776000,25.3,61.0,1013.4,False,31.2,14,3.6,2024,2,FP2
0 days 00:10:12.829000,25.3,60.0,1013.4,False,31.1,23,4.1,2024,2,FP2
0 days 00:11:12.776000,25.3,60.0,1013.4,False,31.0,15,3.5,2024,2,FP2
0 days 00:12:12.781000,25.3,60.0,1013.4,False,31.0,352,2.3,2024,2,FP2
0 days 00:13:12.782000,25.3,60.0,1013.5,False,31.2,9,3.1,2024,2,FP2
0 days 00:14:12.777000,25.3,60.0,1013.5,False,31.2,0,2.9,2024,2,FP2
0 days 00:15:12.796000,25.4,60.0,1013.6,False,31.0,353,3.0,2024,2,FP2
0 days 00:16:12.783000,25.3,60.0,1013.5,False,30.9,6,2.2,2024,2,FP2
0 days 00:17:12.778000,25.3,60.0,1013.5,False,30.9,23,2.7,2024,2,FP2
0 days 00:18:12.778000,25.3,60.0,1013.5,False,31.1,28,3.7,2024,2,FP2
0 days 00:19:12.780000,25.3,60.0,1013.5,False,30.9,15,3.6,2024,2,FP2
0 days 00:20:12.789000,25.3,60.0,1013.6,False,30.9,349,3.6,2024,2,FP2
0 days 00:21:12.786000,25.3,60.0,1013.5,False,30.9,13,3.0,2024,2,FP2
0 days 00:22:12.786000,25.3,60.0,1013.6,False,31.0,0,2.5,2024,2,FP2
0 days 00:23:12.787000,25.3,60.0,1013.7,False,30.9,12,3.1,2024,2,FP2
0 days 00:24:12.784000,25.3,59.0,1013.5,False,31.0,358,3.0,2024,2,FP2
0 days 00:25:12.783000,25.3,60.0,1013.6,False,31.0,12,3.3,2024,2,FP2
0 days 00:26:12.785000,25.3,60.0,1013.6,False,30.8,336,2.2,2024,2,FP2
0 days 00:27:12.795000,25.3,60.0,1013.6,False,30.9,24,2.9,2024,2,FP2
0 days 00:28:12.786000,25.3,60.0,1013.6,False,30.9,358,2.8,2024,2,FP2
0 days 00:29:12.790000,25.3,59.0,1013.7,False,30.9,1,3.1,2024,2,FP2
0 days 00:30:12.785000,25.4,59.0,1013.7,False,31.0,7,3.1,2024,2,FP2
0 days 00:31:12.791000,25.4,59.0,1013.6,False,31.0,8,2.1,2024,2,FP2
0 days 00:32:12.797000,25.5,59.0,1013.6,False,31.5,3,2.5,2024,2,FP2
0 days 00:33:12.791000,25.5,59.0,1013.6,False,31.2,354,2.6,2024,2,FP2
0 days 00:34:12.795000,25.5,59.0,1013.7,False,31.0,37,1.8,2024,2,FP2
0 days 00:35:12.786000,25.5,59.0,1013.7,False,31.0,6,1.5,2024,2,FP2
0 days 00:36:12.801000,25.6,59.0,1013.7,False,30.9,37,1.8,2024,2,FP2
0 days 00:37:12.797000,25.6,59.0,1013.7,False,30.9,339,2.4,2024,2,FP2
0 days 00:38:12.791000,25.6,59.0,1013.7,False,30.7,7,1.5,2024,2,FP2
0 days 00:39:12.799000,25.5,59.0,1013.7,False,31.0,13,1.6,2024,2,FP2
0 days 00:40:12.800000,25.5,59.0,1013.7,False,31.0,10,2.4,2024,2,FP2
0 days 00:41:12.806000,25.5,59.0,1013.6,False,30.8,3,1.9,2024,2,FP2
0 days 00:42:12.791000,25.5,59.0,1013.7,False,30.8,341,2.1,2024,2,FP2
0 days 00:43:12.804000,25.5,59.0,1013.8,False,30.8,18,1.3,2024,2,FP2
0 days 00:44:12.805000,25.5,59.0,1013.7,False,30.7,22,1.9,2024,2,FP2
0 days 00:45:12.814000,25.5,59.0,1013.6,False,30.5,10,3.7,2024,2,FP2
0 days 00:46:12.838000,25.4,60.0,1013.8,False,30.4,35,3.6,2024,2,FP2
0 days 00:47:12.815000,25.4,60.0,1013.6,False,30.4,358,2.5,2024,2,FP2
0 days 00:48:12.827000,25.3,61.0,1013.7,False,30.4,351,2.5,2024,2,FP2
0 days 00:49:12.835000,25.3,60.0,1013.8,False,30.6,18,2.7,2024,2,FP2
0 days 00:50:12.853000,25.3,61.0,1013.7,False,30.6,8,3.0,2024,2,FP2
0 days 00:51:12.844000,25.3,61.0,1013.8,False,30.6,29,3.2,2024,2,FP2
0 days 00:52:12.851000,25.3,61.0,1013.7,False,30.8,22,2.7,2024,2,FP2
0 days 00:53:12.850000,25.3,61.0,1013.7,False,31.0,5,1.8,2024,2,FP2
0 days 00:54:12.862000,25.4,61.0,1013.8,False,30.8,13,2.0,2024,2,FP2
0 days 00:55:12.890000,25.4,61.0,1013.8,False,30.6,6,2.9,2024,2,FP2
0 days 00:56:12.893000,25.4,61.0,1013.8,False,30.4,360,2.8,2024,2,FP2
0 days 00:57:12.905000,25.4,61.0,1013.7,False,30.2,329,2.2,2024,2,FP2
0 days 00:58:12.902000,25.4,61.0,1013.8,False,30.2,22,2.1,2024,2,FP2
0 days 00:59:12.918000,25.4,61.0,1013.7,False,30.2,11,2.8,2024,2,FP2
0 days 01:00:12.908000,25.3,61.0,1013.8,False,30.3,20,2.8,2024,2,FP2
0 days 01:01:12.915000,25.4,61.0,1013.8,False,30.4,8,1.7,2024,2,FP2
0 days 01:02:12.918000,25.4,60.0,1013.8,False,30.1,1,2.5,2024,2,FP2
0 days 01:03:12.919000,25.4,60.0,1013.8,False,30.4,2,2.3,2024,2,FP2
0 days 01:04:12.952000,25.3,60.0,1013.8,False,30.4,20,2.8,2024,2,FP2
0 days 01:05:12.931000,25.4,60.0,1013.9,False,30.4,7,2.0,2024,2,FP2
0 days 01:06:12.943000,25.3,60.0,1013.9,False,30.2,1,2.0,2024,2,FP2
0 days 01:07:12.939000,25.3,60.0,1013.9,False,30.1,3,2.3,2024,2,FP2
0 days 01:08:12.945000,25.3,60.0,1013.9,False,30.2,9,2.5,2024,2,FP2
0 days 01:09:12.940000,25.2,60.0,1013.9,False,30.3,7,1.7,2024,2,FP2
0 days 01:10:12.938000,25.2,60.0,1013.9,False,30.0,18,1.1,2024,2,FP2
0 days 01:11:12.944000,25.3,59.0,1013.9,False,30.0,358,1.2,2024,2,FP2
0 days 01:12:12.955000,25.3,60.0,1014.0,False,30.2,99,1.5,2024,2,FP2
0 days 01:13:12.944000,25.3,60.0,1013.9,False,30.4,23,1.0,2024,2,FP2
0 days 01:14:12.950000,25.4,59.0,1013.9,False,30.4,0,1.4,2024,2,FP2
0 days 01:15:12.948000,25.4,59.0,1014.0,False,30.4,18,1.4,2024,2,FP2
0 days 01:16:12.945000,25.4,59.0,1014.1,False,30.6,22,1.3,2024,2,FP2
0 days 01:17:12.945000,25.4,58.0,1014.1,False,30.2,8,1.6,2024,2,FP2
0 days 01:18:12.947000,25.4,58.0,1014.1,False,30.2,8,1.6,2024,2,FP2
0 days 01:19:12.951000,25.4,58.0,1014.0,False,30.5,346,2.0,2024,2,FP2
0 days 01:20:12.951000,25.4,58.0,1014.1,False,30.5,355,1.3,2024,2,FP2
0 days 01:21:12.947000,25.5,58.0,1014.0,False,29.9,338,1.3,2024,2,FP2
0 days 01:22:12.954000,25.5,58.0,1014.1,False,29.9,1,1.5,2024,2,FP2
0 days 01:23:12.956000,25.4,58.0,1014.1,False,29.8,343,1.4,2024,2,FP2
0 days 01:24:12.949000,25.4,58.0,1014.1,False,29.7,140,0.6,2024,2,FP2
0 days 01:25:12.953000,25.4,58.0,1014.0,False,29.7,2,1.5,2024,2,FP2
0 days 01:26:12.951000,25.4,58.0,1013.9,False,29.3,9,2.7,2024,2,FP2
0 days 01:27:12.950000,25.4,58.0,1014.0,False,29.3,137,1.8,2024,2,FP2
0 days 01:28:12.953000,25.4,58.0,1013.9,False,29.8,26,0.9,2024,2,FP2
0 days 01:29:12.955000,25.4,58.0,1014.1,False,29.6,355,1.3,2024,2,FP2
0 days 01:30:12.953000,25.3,58.0,1014.0,False,29.4,23,1.9,2024,2,FP2
0 days 01:31:12.957000,25.3,58.0,1014.1,False,29.4,18,1.7,2024,2,FP2
0 days 01:32:12.955000,25.2,58.0,1014.0,False,29.2,359,2.3,2024,2,FP2
0 days 00:00:39.528000,20.2,55.0,1022.1,False,37.7,161,1.8,2024,3,FP2
0 days 00:01:39.532000,20.1,55.0,1022.1,False,37.5,118,1.7,2024,3,FP2
0 days 00:02:39.539000,20.1,55.0,1022.0,False,38.0,148,1.9,2024,3,FP2
0 days 00:03:39.530000,20.1,55.0,1022.0,False,38.3,170,2.7,2024,3,FP2
0 days 00:04:39.535000,20.1,56.0,1022.1,False,38.0,254,1.4,2024,3,FP2
0 days 00:05:39.540000,20.2,56.0,1022.2,False,37.4,181,1.8,2024,3,FP2
0 days 00:06:39.542000,20.1,57.0,1022.0,False,37.3,267,1.6,2024,3,FP2
0 days 00:07:39.530000,20.1,57.0,1022.1,False,37.6,155,1.1,2024,3,FP2
0 days 00:08:39.556000,20.2,57.0,1022.0,False,37.7,186,2.3,2024,3,FP2
0 days 00:09:39.568000,20.2,57.0,1022.0,False,37.6,129,2.1,2024,3,FP2
0 days 00:10:39.579000,20.1,57.0,1022.0,False,37.5,169,2.5,2024,3,FP2
0 days 00:11:39.594000,20.1,57.0,1022.1,False,37.0,157,1.5,2024,3,FP2
0 days 00:12:39.596000,20.1,57.0,1022.1,False,37.2,145,1.8,2024,3,FP2
0 days 00:13:39.609000,20.1,57.0,1022.0,False,37.2,131,0.8,2024,3,FP2
0 days 00:14:39.626000,20.1,57.0,1022.0,False,37.2,154,1.4,2024,3,FP2
0 days 00:15:39.632000,20.1,57.0,1021.9,False,37.4,158,1.7,2024,3,FP2
0 days 00:16:39.617000,20.1,56.0,1022.0,False,37.2,91,2.3,2024,3,FP2
0 days 00:17:39.643000,20.1,57.0,1022.1,False,37.1,143,3.0,2024,3,FP2
0 days 00:18:39.652000,20.2,57.0,1021.9,False,37.2,151,1.2,2024,3,FP2
0 days 00:19:39.667000,20.2,57.0,1022.0,False,37.2,0,1.1,2024,3,FP2
0 days 00:20:39.664000,20.3,57.0,1022.1,False,37.5,148,1.8,2024,3,FP2
0 days 00:21:39.683000,20.3,56.0,1022.0,False,37.5,145,0.9,2024,3,FP2
0 days 00:22:39.675000,20.2,57.0,1022.1,False,37.3,348,2.3,2024,3,FP2
0 days 00:23:39.674000,20.2,56.0,1022.1,False,36.8,180,1.7,2024,3,FP2
0 days 00:24:39.685000,20.2,56.0,1022.1,False,36.7,118,1.8,2024,3,FP2
0 days 00:25:39.721000,20.3,56.0,1022.0,False,36.6,140,1.2,2024,3,FP2
0 days 00:26:39.708000,20.2,56.0,1022.1,False,36.6,326,1.0,2024,3,FP2
0 days 00:27:39.707000,20.3,57.0,1022.1,False,36.8,145,1.5,2024,3,FP2
0 days 00:28:39.715000,20.3,57.0,1022.1,False,37.0,343,2.5,2024,3,FP2
0 days 00:29:39.720000,20.3,57.0,1022.0,False,37.0,136,1.3,2024,3,FP2
0 days 00:30:39.751000,20.3,56.0,1022.1,False,37.0,0,1.8,2024,3,FP2
0 days 00:31:39.715000,20.2,57.0,1021.9,False,36.8,173,2.2,2024,3,FP2
0 days 00:32:39.717000,20.1,57.0,1022.1,False,36.5,155,1.1,2024,3,FP2
0 days 00:33:39.716000,20.1,58.0,1022.0,False,36.5,87,1.8,2024,3,FP2
0 days 00:34:39.724000,20.1,58.0,1021.9,False,36.6,183,2.0,2024,3,FP2
0 days 00:35:39.729000,20.1,58.0,1022.1,False,36.8,244,2.7,2024,3,FP2
0 days 00:36:39.729000,20.1,58.0,1022.2,False,36.8,113,1.0,2024,3,FP2
0 days 00:37:39.728000,20.1,57.0,1022.1,False,36.6,139,2.2,2024,3,FP2
0 days 00:38:39.729000,20.1,57.0,1022.1,False,36.4,130,1.3,2024,3,FP2
0 days 00:39:39.716000,20.1,57.0,1022.1,False,36.6,137,1.9,2024,3,FP2
0 days 00:40:39.728000,20.1,56.0,1022.1,False,36.3,143,2.3,2024,3,FP2
0 days 00:41:39.727000,20.1,57.0,1022.0,False,36.3,160,1.6,2024,3,FP2
0 days 00:42:39.718000,20.0,57.0,1021.8,False,36.3,141,2.2,2024,3,FP2
0 days 00:43:39.728000,20.1,58.0,1022.1,False,36.3,146,2.4,2024,3,FP2
0 days 00:44:39.731000,20.1,58.0,1021.9,False,36.3,150,2.2,2024,3,FP2
0 days 00:45:39.726000,20.0,58.0,1022.0,False,36.0,144,2.6,2024,3,FP2
0 days 00:46:39.731000,20.0,58.0,1022.1,False,35.8,118,1.4,2024,3,FP2
0 days 00:47:39.728000,20.1,57.0,1021.9,False,35.8,150,1.7,2024,3,FP2
0 days 00:48:39.730000,20.1,57.0,1022.0,False,36.0,0,1.6,2024,3,FP2
0 days 00:49:39.732000,20.0,58.0,1022.1,False,35.8,232,1.4,2024,3,FP2
0 days 00:50:39.735000,20.0,58.0,1022.0,False,35.7,98,2.3,2024,3,FP2
0 days 00:51:39.726000,20.0,57.0,1022.1,False,35.7,188,1.5,2024,3,FP2
0 days 00:52:39.736000,20.1,57.0,1022.1,False,36.1,0,1.7,2024,3,FP2
0 days 00:53:39.733000,20.1,57.0,1022.0,False,35.6,153,1.8,2024,3,FP2
0 days 00:54:39.738000,20.1,57.0,1022.0,False,35.5,152,2.2,2024,3,FP2
0 days 00:55:39.762000,20.1,57.0,1022.1,False,35.4,165,2.7,2024,3,FP2
0 days 00:56:39.801000,20.0,58.0,1022.0,False,35.3,156,2.1,2024,3,FP2
0 days 00:57:39.750000,20.1,58.0,1022.1,False,35.5,150,1.7,2024,3,FP2
0 days 00:58:39.755000,20.1,58.0,1022.1,False,35.4,140,2.8,2024,3,FP2
0 days 00:59:39.779000,20.1,57.0,1022.1,False,35.3,70,1.2,2024,3,FP2
0 days 01:00:39.783000,20.1,57.0,1022.1,False,35.3,135,0.7,2024,3,FP2
0 days 01:01:39.781000,20.1,57.0,1022.1,False,35.2,135,2.4,2024,3,FP2
0 days 01:02:39.793000,20.1,57.0,1022.2,False,35.0,152,1.6,2024,3,FP2
0 days 01:03:39.795000,20.1,57.0,1022.1,False,34.9,109,1.6,2024,3,FP2
0 days 01:04:39.793000,20.1,57.0,1022.0,False,34.8,144,1.5,2024,3,FP2
0 days 01:05:39.792000,20.2,57.0,1022.0,False,35.1,157,1.2,2024,3,FP2
0 days 01:06:39.797000,20.3,57.0,1022.0,False,35.1,92,1.8,2024,3,FP2
0 days 01:07:39.803000,20.3,57.0,1022.0,False,34.9,141,2.0,2024,3,FP2
0 days 01:08:39.817000,20.3,57.0,1022.2,False,34.6,27,2.0,2024,3,FP2
0 days 01:09:39.798000,20.2,56.0,1022.1,False,34.8,133,2.3,2024,3,FP2
0 days 01:10:39.817000,20.3,57.0,1022.1,False,34.6,354,2.1,2024,3,FP2
0 days 01:11:39.833000,20.3,56.0,1022.2,False,34.6,100,1.5,2024,3,FP2
0 days 01:12:39.835000,20.3,57.0,1022.0,False,34.4,131,1.3,2024,3,FP2
0 days 01:13:39.845000,20.3,57.0,1022.0,False,34.4,146,1.7,2024,3,FP2
0 days 01:14:39.844000,20.2,57.0,1022.1,False,34.5,150,1.5,2024,3,FP2
0 days 01:15:39.837000,20.2,57.0,1022.0,False,34.5,126,2.0,2024,3,FP2
0 days 01:16:39.858000,20.2,57.0,1022.1,False,34.4,121,2.9,2024,3,FP2
0 days 01:17:39.871000,20.2,57.0,1022.1,False,34.3,144,2.2,2024,3,FP2
0 days 01:18:39.896000,20.3,58.0,1022.1,False,34.5,143,2.6,2024,3,FP2
0 days 01:19:39.886000,20.3,57.0,1022.0,False,34.5,64,0.8,2024,3,FP2
0 days 01:20:39.884000,20.3,57.0,1022.1,False,34.4,146,1.5,2024,3,FP2
0 days 01:21:39.892000,20.4,57.0,1022.0,False,34.0,129,1.6,2024,3,FP2
0 days 00:00:06.421000,14.1,60.0,1013.3,True,18.0,194,0.9,2024,4,FP2
0 days 00:01:06.426000,14.0,61.0,1013.3,True,18.0,195,1.5,2024,4,FP2
0 days 00:02:06.424000,14.0,62.0,1013.3,True,18.0,178,1.1,2024,4,FP2
0 days 00:03:06.432000,14.0,62.0,1013.3,True,18.0,186,1.2,2024,4,FP2
0 days 00:04:06.427000,14.0,62.0,1013.3,True,18.0,181,1.4,2024,4,FP2
0 days 00:05:06.431000,14.0,62.0,1013.3,True,18.1,183,1.2,2024,4,FP2
0 days 00:06:06.430000,13.9,62.0,1013.3,True,18.0,175,1.2,2024,4,FP2
0 days 00:07:06.427000,13.9,63.0,1013.4,True,17.9,170,1.4,2024,4,FP2
0 days 00:08:06.420000,14.0,64.0,1013.5,True,17.7,168,1.2,2024,4,FP2
0 days 00:09:06.426000,13.8,65.0,1013.5,True,17.6,202,1.7,2024,4,FP2
0 days 00:10:06.437000,13.8,66.0,1013.5,True,17.4,176,1.3,2024,4,FP2
0 days 00:11:06.435000,13.7,65.0,1013.6,False,17.3,166,1.4,2024,4,FP2
0 days 00:12:06.437000,13.6,66.0,1013.5,False,17.3,177,0.8,2024,4,FP2
0 days 00:13:06.428000,13.5,68.0,1013.6,False,17.3,156,0.9,2024,4,FP2
0 days 00:14:06.429000,13.4,69.0,1013.5,False,17.3,171,1.1,2024,4,FP2
0 days 00:15:06.432000,13.4,67.0,1013.5,False,17.2,169,0.8,2024,4,FP2
0 days 00:16:06.434000,13.3,69.0,1013.5,False,17.0,165,1.2,2024,4,FP2
0 days 00:17:06.436000,13.3,68.0,1013.5,False,17.0,184,1.2,2024,4,FP2
0 days 00:18:06.441000,13.2,68.0,1013.6,False,17.0,183,1.1,2024,4,FP2
0 days 00:19:06.441000,13.2,68.0,1013.5,False,16.9,191,1.4,2024,4,FP2
0 days 00:20:06.441000,13.2,69.0,1013.6,False,16.9,190,1.3,2024,4,FP2
0 days 00:21:06.442000,13.2,69.0,1013.6,False,16.9,177,1.5,2024,4,FP2
0 days 00:22:06.441000,13.2,68.0,1013.6,False,16.8,172,1.4,2024,4,FP2
0 days 00:23:06.437000,13.2,69.0,1013.6,False,16.7,172,1.8,2024,4,FP2
0 days 00:24:06.439000,13.2,68.0,1013.6,False,16.7,183,1.3,2024,4,FP2
0 days 00:25:06.439000,13.2,69.0,1013.6,False,16.7,175,1.7,2024,4,FP2
0 days 00:26:06.444000,13.2,70.0,1013.6,False,16.7,167,1.8,2024,4,FP2
0 days 00:27:06.447000,13.1,70.0,1013.5,False,16.7,178,1.3,2024,4,FP2
0 days 00:28:06.446000,13.1,70.0,1013.5,False,16.8,182,1.4,2024,4,FP2
0 days 00:29:06.446000,13.1,69.0,1013.5,False,16.8,168,1.9,2024,4,FP2
0 days 00:30:06.443000,13.1,69.0,1013.6,False,16.8,178,1.6,2024,4,FP2
0 days 00:31:06.443000,13.1,69.0,1013.5,True,16.9,184,1.4,2024,4,FP2
0 days 00:32:06.451000,13.2,69.0,1013.6,True,16.8,185,1.3,2024,4,FP2
0 days 00:33:06.453000,13.2,70.0,1013.6,True,16.7,155,1.2,2024,4,FP2
0 days 00:34:06.453000,13.1,70.0,1013.6,True,16.6,168,1.2,2024,4,FP2
0 days 00:35:06.444000,13.1,71.0,1013.7,True,16.5,181,1.3,2024,4,FP2
0 days 00:36:06.453000,13.1,72.0,1013.6,True,16.5,155,0.8,2024,4,FP2
0 days 00:37:06.446000,13.1,72.0,1013.6,True,16.6,138,1.0,2024,4,FP2
0 days 00:38:06.456000,12.9,72.0,1013.5,False,16.6,150,1.2,2024,4,FP2
0 days 00:39:06.455000,12.8,72.0,1013.5,False,16.6,160,1.0,2024,4,FP2
0 days 00:40:06.470000,12.8,72.0,1013.5,False,16.5,181,0.8,2024,4,FP2
0 days 00:41:06.487000,12.8,73.0,1013.4,False,16.5,140,1.1,2024,4,FP2
0 days 00:42:06.481000,12.8,73.0,1013.5,False,16.6,141,0.9,2024,4,FP2
0 days 00:43:06.499000,12.8,75.0,1013.4,False,16.7,198,1.1,2024,4,FP2
0 days 00:44:06.513000,12.8,75.0,1013.5,False,16.7,170,0.9,2024,4,FP2
0 days 00:45:06.519000,12.8,76.0,1013.4,False,16.7,184,0.9,2024,4,FP2
0 days 00:46:06.514000,12.8,77.0,1013.5,False,16.7,218,0.9,2024,4,FP2
0 days 00:47:06.526000,12.7,77.0,1013.4,False,16.7,180,0.8,2024,4,FP2
0 days 00:48:06.551000,12.8,77.0,1013.5,False,16.7,0,0.5,2024,4,FP2
0 days 00:49:06.548000,12.8,77.0,1013.4,False,16.7,165,1.1,2024,4,FP2
0 days 00:50:06.560000,12.7,78.0,1013.5,False,16.7,160,0.7,2024,4,FP2
0 days 00:51:06.564000,12.8,78.0,1013.4,False,16.4,148,1.2,2024,4,FP2
0 days 00:52:06.563000,12.7,78.0,1013.5,False,16.3,177,0.9,2024,4,FP2
0 days 00:53:06.565000,12.7,78.0,1013.5,False,16.3,160,0.9,2024,4,FP2
0 days 00:54:06.564000,12.7,79.0,1013.5,False,16.3,148,1.2,2024,4,FP2
0 days 00:55:06.571000,12.6,79.0,1013.4,False,16.4,171,0.9,2024,4,FP2
0 days 00:56:06.590000,12.6,79.0,1013.5,False,16.5,163,1.0,2024,4,FP2
0 days 00:57:06.583000,12.6,79.0,1013.5,False,16.5,163,0.8,2024,4,FP2
0 days 00:58:06.588000,12.6,79.0,1013.4,False,16.4,143,0.7,2024,4,FP2
0 days 00:59:06.593000,12.6,79.0,1013.4,False,16.4,0,0.7,2024,4,FP2
0 days 01:00:06.585000,12.6,78.0,1013.3,False,16.3,0,0.3,2024,4,FP2
0 days 01:01:06.575000,12.6,78.0,1013.5,False,16.3,117,0.0,2024,4,FP2
0 days 01:02:06.601000,12.6,80.0,1013.4,False,16.6,117,0.0,2024,4,FP2
0 days 01:03:06.623000,12.6,80.0,1013.4,False,16.6,76,0.7,2024,4,FP2
0 days 01:04:06.634000,12.6,79.0,1013.4,False,16.6,144,0.5,2024,4,FP2
0 days 01:05:06.639000,12.6,78.0,1013.5,False,16.4,152,0.8,2024,4,FP2
0 days 01:06:06.639000,12.6,78.0,1013.4,False,16.4,161,1.3,2024,4,FP2
0 days 01:07:06.631000,12.6,78.0,1013.4,False,16.3,160,1.5,2024,4,FP2
0 days 01:08:06.645000,12.5,78.0,1013.4,False,16.3,158,1.1,2024,4,FP2
0 days 01:09:06.634000,12.5,78.0,1013.5,False,16.3,134,0.9,2024,4,FP2
0 days 01:10:06.622000,12.6,78.0,1013.5,False,16.3,190,0.6,2024,4,FP2
0 days 01:11:06.646000,12.7,79.0,1013.4,False,16.3,107,0.7,2024,4,FP2
0 days 01:12:06.647000,12.6,77.0,1013.3,False,16.3,205,0.8,2024,4,FP2
0 days 01:13:06.663000,12.6,79.0,1013.4,False,16.4,163,0.4,2024,4,FP2
0 days 01:14:06.655000,12.7,78.0,1013.5,False,16.3,173,1.1,2024,4,FP2
0 days 01:15:06.660000,12.7,79.0,1013.4,False,16.2,203,1.0,2024,4,FP2
0 days 01:16:06.663000,12.7,79.0,1013.4,False,16.3,105,0.7,2024,4,FP2
0 days 01:17:06.663000,12.7,79.0,1013.3,False,16.2,192,0.5,2024,4,FP2
0 days 01:18:06.671000,12.7,79.0,1013.4,False,16.2,143,0.6,2024,4,FP2
0 days 01:19:06.735000,12.7,78.0,1013.4,False,16.2,0,0.8,2024,4,FP2
0 days 01:20:06.699000,12.7,79.0,1013.4,False,16.3,151,0.0,2024,4,FP2
0 days 01:21:06.706000,12.7,79.0,1013.4,False,16.3,109,0.7,2024,4,FP2
0 days 01:22:06.713000,12.7,78.0,1013.4,False,16.3,124,0.9,2024,4,FP2
0 days 01:23:06.732000,12.7,78.0,1013.4,False,16.3,164,0.4,2024,4,FP2
0 days 01:24:06.734000,12.7,78.0,1013.5,False,16.3,164,0.0,2024,4,FP2
0 days 01:25:06.733000,12.8,80.0,1013.5,False,16.4,135,0.7,2024,4,FP2
0 days 00:00:02.850000,24.1,35.0,1006.5,False,36.9,285,2.4,2024,7,FP2
0 days 00:01:02.852000,24.1,35.0,1006.5,False,37.3,344,3.1,2024,7,FP2
0 days 00:02:02.862000,24.2,35.0,1006.6,False,36.9,320,2.4,2024,7,FP2
0 days 00:03:02.888000,24.2,35.0,1006.6,False,36.5,286,4.5,2024,7,FP2
0 days 00:04:02.890000,24.1,36.0,1006.6,False,36.8,309,3.2,2024,7,FP2
0 days 00:05:02.907000,24.0,36.0,1006.5,False,37.4,274,2.0,2024,7,FP2
0 days 00:06:02.900000,24.1,35.0,1006.6,False,37.7,228,2.4,2024,7,FP2
0 days 00:07:02.904000,24.2,36.0,1006.5,False,38.0,272,1.8,2024,7,FP2
0 days 00:08:02.917000,24.4,35.0,1006.5,False,38.4,324,2.1,2024,7,FP2
0 days 00:09:02.901000,24.5,35.0,1006.6,False,38.5,298,2.5,2024,7,FP2
0 days 00:10:02.899000,24.6,35.0,1006.5,False,38.5,273,3.2,2024,7,FP2
0 days 00:11:02.926000,24.6,35.0,1006.5,False,38.7,288,2.4,2024,7,FP2
0 days 00:12:02.902000,24.6,34.0,1006.6,False,38.9,295,3.3,2024,7,FP2
0 days 00:13:02.922000,24.6,34.0,1006.5,False,39.0,323,3.1,2024,7,FP2
0 days 00:14:02.922000,24.5,34.0,1006.5,False,39.0,290,2.9,2024,7,FP2
0 days 00:15:02.950000,24.5,34.0,1006.6,False,37.9,225,2.2,2024,7,FP2
0 days 00:16:02.962000,24.5,35.0,1006.6,False,37.9,305,2.9,2024,7,FP2
0 days 00:17:02.979000,24.4,35.0,1006.5,False,38.3,332,2.6,2024,7,FP2
0 days 00:18:02.977000,24.5,34.0,1006.5,False,38.4,308,2.8,2024,7,FP2
0 days 00:19:03.003000,24.5,34.0,1006.5,False,38.4,322,3.2,2024,7,FP2
0 days 00:20:03.022000,24.6,33.0,1006.6,False,38.4,298,4.0,2024,7,FP2
0 days 00:21:03.049000,24.6,34.0,1006.6,False,38.3,290,3.1,2024,7,FP2
0 days 00:22:03.071000,24.5,34.0,1006.6,False,38.0,283,2.3,2024,7,FP2
0 days 00:23:03.077000,24.5,34.0,1006.4,False,38.1,271,2.7,2024,7,FP2
0 days 00:24:03.107000,24.5,35.0,1006.5,False,38.2,286,2.3,2024,7,FP2
0 days 00:25:03.098000,24.6,34.0,1006.5,False,38.3,283,3.1,2024,7,FP2
0 days 00:26:03.097000,24.5,34.0,1006.5,False,38.0,237,2.5,2024,7,FP2
0 days 00:27:03.082000,24.5,35.0,1006.5,False,38.0,246,2.1,2024,7,FP2
0 days 00:28:03.100000,24.5,35.0,1006.5,False,38.3,256,2.9,2024,7,FP2
0 days 00:29:03.106000,24.5,35.0,1006.5,False,38.2,236,2.6,2024,7,FP2
0 days 00:30:03.099000,24.4,34.0,1006.5,False,38.2,276,3.3,2024,7,FP2
0 days 00:31:03.108000,24.4,34.0,1006.5,False,38.0,280,3.9,2024,7,FP2
0 days 00:32:03.111000,24.4,34.0,1006.5,False,38.0,299,3.6,2024,7,FP2
0 days 00:33:03.092000,24.4,35.0,1006.6,False,36.9,289,3.4,2024,7,FP2
0 days 00:34:03.111000,24.2,35.0,1006.7,False,36.9,274,3.8,2024,7,FP2
0 days 00:35:03.095000,24.1,35.0,1006.6,False,37.0,311,2.1,2024,7,FP2
0 days 00:36:03.113000,24.1,35.0,1006.5,False,37.1,284,3.2,2024,7,FP2
0 days 00:37:03.098000,24.1,35.0,1006.5,False,37.5,284,3.5,2024,7,FP2
0 days 00:38:03.108000,24.0,36.0,1006.5,False,36.4,252,2.0,2024,7,FP2
0 days 00:39:03.096000,24.0,36.0,1006.5,False,36.2,306,1.6,2024,7,FP2
0 days 00:40:03.107000,24.0,36.0,1006.5,False,35.3,289,0.5,2024,7,FP2
0 days 00:41:03.097000,24.0,35.0,1006.5,False,35.3,291,1.7,2024,7,FP2
0 days 00:42:03.110000,24.0,35.0,1006.4,False,35.1,271,1.6,2024,7,FP2
0 days 00:43:03.121000,24.1,35.0,1006.5,False,35.5,286,3.1,2024,7,FP2
0 days 00:44:03.118000,24.2,36.0,1006.5,False,35.6,316,1.8,2024,7,FP2
0 days 00:45:03.097000,24.3,35.0,1006.3,False,35.6,279,2.1,2024,7,FP2
0 days 00:46:03.101000,24.4,35.0,1006.4,False,35.7,289,2.1,2024,7,FP2
0 days 00:47:03.115000,24.5,36.0,1006.4,False,35.8,282,1.3,2024,7,FP2
0 days 00:48:03.127000,24.5,35.0,1006.6,False,36.3,288,3.3,2024,7,FP2
0 days 00:49:03.173000,24.5,34.0,1006.5,False,36.3,278,3.5,2024,7,FP2
0 days 00:50:03.196000,24.5,34.0,1006.4,False,36.3,278,4.6,2024,7,FP2
0 days 00:51:03.170000,24.6,33.0,1006.3,False,36.3,298,3.1,2024,7,FP2
0 days 00:52:03.167000,24.5,33.0,1006.3,False,36.6,286,3.2,2024,7,FP2
0 days 00:53:03.202000,24.5,33.0,1006.3,False,36.3,350,3.4,2024,7,FP2
0 days 00:54:03.184000,24.5,34.0,1006.4,False,35.5,273,2.5,2024,7,FP2
0 days 00:55:03.189000,24.4,34.0,1006.3,False,35.4,311,1.6,2024,7,FP2
0 days 00:56:03.213000,24.3,34.0,1006.4,False,35.5,282,1.3,2024,7,FP2
0 days 00:57:03.184000,24.2,34.0,1006.3,False,35.5,267,2.6,2024,7,FP2
0 days 00:58:03.181000,24.1,34.0,1006.4,False,35.5,265,1.5,2024,7,FP2
0 days 00:59:03.194000,24.1,34.0,1006.3,False,35.7,281,2.8,2024,7,FP2
0 days 01:00:03.200000,24.1,34.0,1006.3,False,35.8,282,2.4,2024,7,FP2
0 days 01:01:03.205000,24.1,34.0,1006.3,False,35.8,196,1.3,2024,7,FP2
0 days 01:02:03.233000,24.3,34.0,1006.3,False,35.9,2,1.0,2024,7,FP2
0 days 01:03:03.227000,24.4,34.0,1006.2,False,36.0,300,1.5,2024,7,FP2
0 days 01:04:03.237000,24.5,33.0,1006.3,False,36.0,317,0.8,2024,7,FP2
0 days 01:05:03.232000,24.6,32.0,1006.3,False,36.0,295,0.9,2024,7,FP2
0 days 01:06:03.232000,24.6,32.0,1006.3,False,36.0,298,2.1,2024,7,FP2
0 days 01:07:03.244000,24.7,32.0,1006.3,False,36.0,317,1.2,2024,7,FP2
0 days 01:08:03.248000,24.7,31.0,1006.4,False,35.9,285,1.9,2024,7,FP2
0 days 01:09:03.238000,24.7,30.0,1006.3,False,36.1,224,1.6,2024,7,FP2
0 days 01:10:03.249000,24.6,31.0,1006.3,False,35.8,345,1.9,2024,7,FP2
0 days 01:11:03.251000,24.5,31.0,1006.3,False,35.8,301,2.5,2024,7,FP2
0 days 01:12:03.251000,24.5,29.0,1006.2,False,35.8,303,2.9,2024,7,FP2
0 days 01:13:03.251000,24.5,30.0,1006.4,False,35.8,309,3.6,2024,7,FP2
0 days 01:14:03.252000,24.5,30.0,1006.4,False,35.6,300,2.4,2024,7,FP2
0 days 01:15:03.249000,24.5,31.0,1006.4,False,35.6,289,2.0,2024,7,FP2
0 days 01:16:03.269000,24.5,31.0,1006.4,False,35.7,292,2.9,2024,7,FP2
0 days 01:17:03.298000,24.5,31.0,1006.5,False,35.6,310,3.3,2024,7,FP2
0 days 00:00:38.843000,20.4,67.0,1017.5,False,31.8,0,1.0,2024,8,FP2
0 days 00:01:38.848000,20.3,67.0,1017.4,False,31.7,4,0.6,2024,8,FP2
0 days 00:02:38.861000,20.3,67.0,1017.4,False,31.7,58,1.1,2024,8,FP2
0 days 00:03:38.876000,20.3,66.0,1017.5,False,31.7,24,0.7,2024,8,FP2
0 days 00:04:38.880000,20.4,67.0,1017.5,False,31.6,17,0.9,2024,8,FP2
0 days 00:05:38.877000,20.4,67.0,1017.5,False,31.6,348,0.7,2024,8,FP2
0 days 00:06:38.871000,20.3,68.0,1017.4,False,31.9,105,0.6,2024,8,FP2
0 days 00:07:38.897000,20.3,69.0,1017.4,False,32.0,24,1.2,2024,8,FP2
0 days 00:08:38.937000,20.3,68.0,1017.4,False,32.1,59,1.2,2024,8,FP2
0 days 00:09:38.928000,20.4,69.0,1017.2,False,32.2,46,0.8,2024,8,FP2
0 days 00:10:38.927000,20.4,68.0,1017.4,False,32.2,0,0.9,2024,8,FP2
0 days 00:11:38.936000,20.4,69.0,1017.3,False,32.2,0,0.3,2024,8,FP2
0 days 00:12:38.962000,20.3,69.0,1017.3,False,31.7,193,0.5,2024,8,FP2
0 days 00:13:38.969000,20.3,70.0,1017.3,False,31.9,14,0.5,2024,8,FP2
0 days 00:14:38.962000,20.3,69.0,1017.4,False,31.9,178,0.5,2024,8,FP2
0 days 00:15:38.986000,20.3,69.0,1017.3,False,31.6,348,1.3,2024,8,FP2
0 days 00:16:38.997000,20.2,70.0,1017.4,False,31.5,4,0.6,2024,8,FP2
0 days 00:17:39.011000,20.2,70.0,1017.3,False,31.7,242,0.5,2024,8,FP2
0 days 00:18:39.018000,20.3,69.0,1017.3,False,32.1,42,0.8,2024,8,FP2
0 days 00:19:39.030000,20.4,68.0,1017.2,False,32.1,191,0.9,2024,8,FP2
0 days 00:20:39.032000,20.5,66.0,1017.3,False,32.1,0,1.0,2024,8,FP2
0 days 00:21:39.029000,20.6,67.0,1017.4,False,32.0,180,0.3,2024,8,FP2
0 days 00:22:39.046000,20.7,67.0,1017.4,False,31.3,173,1.0,2024,8,FP2
0 days 00:23:39.115000,20.7,67.0,1017.4,False,31.2,63,0.7,2024,8,FP2
0 days 00:24:39.072000,20.7,67.0,1017.3,False,31.2,76,0.6,2024,8,FP2
0 days 00:25:39.072000,20.7,68.0,1017.3,False,30.7,58,0.8,2024,8,FP2
0 days 00:26:39.084000,20.7,68.0,1017.3,False,30.6,90,0.6,2024,8,FP2
0 days 00:27:39.097000,20.8,68.0,1017.3,False,30.5,165,1.1,2024,8,FP2
0 days 00:28:39.115000,20.8,68.0,1017.3,False,30.5,166,0.6,2024,8,FP2
0 days 00:29:39.114000,20.9,68.0,1017.3,False,30.3,124,0.9,2024,8,FP2
0 days 00:30:39.122000,20.9,69.0,1017.2,False,30.5,137,0.8,2024,8,FP2
0 days 00:31:39.134000,20.9,69.0,1017.3,False,30.5,203,0.8,2024,8,FP2
0 days 00:32:39.149000,21.0,68.0,1017.1,False,30.9,61,0.8,2024,8,FP2
0 days 00:33:39.151000,21.1,67.0,1017.1,False,31.3,33,0.8,2024,8,FP2
0 days 00:34:39.150000,21.1,66.0,1017.1,False,31.2,17,0.7,2024,8,FP2
0 days 00:35:39.163000,21.1,67.0,1017.1,False,31.2,89,0.6,2024,8,FP2
0 days 00:36:39.166000,21.2,67.0,1017.1,False,31.4,215,0.6,2024,8,FP2
0 days 00:37:39.183000,21.2,67.0,1017.1,False,31.5,0,0.5,2024,8,FP2
0 days 00:38:39.201000,21.2,67.0,1017.1,False,31.3,0,0.5,2024,8,FP2
0 days 00:39:39.198000,21.3,66.0,1017.1,False,32.1,342,0.9,2024,8,FP2
0 days 00:40:39.215000,21.3,65.0,1017.0,False,31.6,337,0.9,2024,8,FP2
0 days 00:41:39.220000,21.3,65.0,1017.1,False,31.8,262,0.7,2024,8,FP2
0 days 00:42:39.228000,21.2,66.0,1017.0,False,31.8,209,0.5,2024,8,FP2
0 days 00:43:39.220000,21.1,66.0,1017.0,False,32.3,0,0.3,2024,8,FP2
0 days 00:44:39.218000,21.0,65.0,1017.1,False,32.5,190,0.0,2024,8,FP2
0 days 00:45:39.227000,21.1,65.0,1017.1,False,32.5,247,0.6,2024,8,FP2
0 days 00:46:39.235000,21.1,65.0,1017.1,False,32.4,214,0.9,2024,8,FP2
0 days 00:47:39.252000,21.1,65.0,1017.2,False,32.4,0,1.2,2024,8,FP2
0 days 00:48:39.256000,21.1,66.0,1017.0,False,31.4,90,0.3,2024,8,FP2
0 days 00:49:39.269000,21.0,66.0,1016.9,False,31.4,216,0.6,2024,8,FP2
0 days 00:50:39.285000,21.0,66.0,1017.0,False,31.5,214,1.1,2024,8,FP2
0 days 00:51:39.303000,20.9,65.0,1017.0,False,31.4,228,1.0,2024,8,FP2
0 days 00:52:39.285000,20.9,66.0,1017.0,False,31.4,90,1.0,2024,8,FP2
0 days 00:53:39.288000,20.9,64.0,1017.0,False,31.3,260,0.7,2024,8,FP2
0 days 00:54:39.277000,21.0,63.0,1017.0,False,31.2,0,0.9,2024,8,FP2
0 days 00:55:39.290000,21.0,64.0,1016.9,False,31.0,201,0.4,2024,8,FP2
0 days 00:56:39.287000,20.9,64.0,1017.0,False,31.1,220,1.1,2024,8,FP2
0 days 00:57:39.291000,20.9,64.0,1017.0,False,31.4,264,1.0,2024,8,FP2
0 days 00:58:39.290000,20.9,63.0,1016.9,False,31.4,254,0.6,2024,8,FP2
0 days 00:59:39.299000,21.1,64.0,1016.9,False,31.0,344,0.5,2024,8,FP2
0 days 01:00:39.327000,21.1,64.0,1016.9,False,30.9,7,1.1,2024,8,FP2
0 days 01:01:39.329000,21.0,64.0,1016.9,False,30.8,227,0.7,2024,8,FP2
0 days 01:02:39.334000,21.0,65.0,1017.0,False,30.4,334,1.2,2024,8,FP2
0 days 01:03:39.339000,20.9,65.0,1016.9,False,30.6,10,0.8,2024,8,FP2
0 days 01:04:39.351000,20.8,66.0,1016.9,False,30.6,254,0.7,2024,8,FP2
0 days 01:05:39.350000,20.6,66.0,1016.8,False,30.5,341,1.1,2024,8,FP2
0 days 01:06:39.360000,20.6,66.0,1017.0,False,30.0,278,0.6,2024,8,FP2
0 days 01:07:39.377000,20.6,66.0,1017.0,False,30.0,248,0.7,2024,8,FP2
0 days 01:08:39.391000,20.6,66.0,1017.0,False,30.3,215,0.7,2024,8,FP2
0 days 01:09:39.405000,20.7,66.0,1017.0,False,30.5,194,1.4,2024,8,FP2
0 days 01:10:39.423000,20.7,65.0,1016.9,False,30.5,215,1.1,2024,8,FP2
0 days 01:11:39.425000,20.8,66.0,1017.0,False,30.8,225,1.5,2024,8,FP2
0 days 01:12:39.425000,20.7,66.0,1017.0,False,30.8,197,0.5,2024,8,FP2
0 days 01:13:39.427000,20.8,66.0,1017.0,False,30.9,203,1.7,2024,8,FP2
0 days 01:14:39.427000,20.7,66.0,1017.0,False,31.1,224,1.4,2024,8,FP2
0 days 01:15:39.585000,20.7,66.0,1017.1,False,31.0,233,1.5,2024,8,FP2
0 days 01:16:39.591000,20.7,65.0,1017.0,False,31.1,188,1.2,2024,8,FP2
0 days 01:17:39.614000,20.8,65.0,1017.0,False,31.0,134,0.8,2024,8,FP2
0 days 01:18:39.601000,20.9,64.0,1017.0,False,31.0,0,0.0,2024,8,FP2
0 days 01:19:39.600000,20.8,64.0,1017.0,False,30.5,7,0.0,2024,8,FP2
0 days 01:20:39.602000,20.8,65.0,1017.0,False,29.9,9,0.8,2024,8,FP2
0 days 00:00:59.943000,19.6,67.0,998.9,True,26.9,221,2.7,2024,9,FP2
0 days 00:02:00.174000,19.6,67.0,998.9,True,26.9,239,2.2,2024,9,FP2
0 days 00:02:59.948000,19.6,68.0,998.8,True,26.9,223,1.9,2024,9,FP2
0 days 00:03:59.943000,19.6,68.0,998.8,True,26.9,223,1.9,2024,9,FP2
0 days 00:04:59.945000,19.6,67.0,998.8,False,26.7,234,1.9,2024,9,FP2
0 days 00:05:59.961000,19.6,67.0,998.8,False,26.7,222,1.9,2024,9,FP2
0 days 00:06:59.978000,19.6,68.0,998.9,False,26.6,220,2.5,2024,9,FP2
0 days 00:07:59.993000,19.6,66.0,998.9,False,26.6,226,2.4,2024,9,FP2
0 days 00:08:59.992000,19.6,66.0,998.8,False,26.6,228,2.8,2024,9,FP2
0 days 00:10:00.010000,19.6,67.0,998.9,False,26.6,224,2.7,2024,9,FP2
0 days 00:11:00.010000,19.6,66.0,998.8,False,26.9,221,2.9,2024,9,FP2
0 days 00:12:00.026000,19.6,66.0,998.9,False,26.9,245,2.6,2024,9,FP2
0 days 00:13:00.042000,19.6,66.0,998.9,False,26.9,245,2.6,2024,9,FP2
0 days 00:14:00.044000,19.6,66.0,998.9,True,27.0,219,2.1,2024,9,FP2
0 days 00:15:00.043000,19.5,66.0,998.9,True,27.0,219,2.1,2024,9,FP2
0 days 00:16:00.044000,19.5,67.0,999.0,True,27.1,215,1.9,2024,9,FP2
0 days 00:17:00.060000,19.5,69.0,998.9,True,27.1,214,1.4,2024,9,FP2
0 days 00:18:00.061000,19.5,70.0,999.1,True,26.9,226,1.4,2024,9,FP2
0 days 00:19:00.078000,19.5,70.0,999.1,True,26.7,234,1.5,2024,9,FP2
0 days 00:20:00.067000,19.5,70.0,999.1,True,26.6,232,1.4,2024,9,FP2
0 days 00:21:00.084000,19.5,70.0,999.1,True,26.6,190,0.9,2024,9,FP2
0 days 00:22:00.078000,19.4,72.0,999.1,True,26.9,191,0.9,2024,9,FP2
0 days 00:23:00.080000,19.4,72.0,999.0,True,26.8,211,1.2,2024,9,FP2
0 days 00:24:00.081000,19.4,70.0,999.1,True,26.9,221,1.8,2024,9,FP2
0 days 00:25:00.082000,19.4,71.0,999.2,True,26.7,170,1.1,2024,9,FP2
0 days 00:26:00.083000,19.5,71.0,999.2,True,26.7,220,1.2,2024,9,FP2
0 days 00:27:00.084000,19.4,71.0,999.2,True,26.7,228,1.2,2024,9,FP2
0 days 00:28:00.084000,19.4,72.0,999.2,True,26.7,225,1.1,2024,9,FP2
0 days 00:29:00.089000,19.5,71.0,999.3,True,26.7,188,1.7,2024,9,FP2
0 days 00:30:00.085000,19.5,70.0,999.3,True,26.7,159,1.3,2024,9,FP2
0 days 00:31:00.087000,19.5,72.0,999.4,True,26.5,326,1.5,2024,9,FP2
0 days 00:32:00.085000,19.5,72.0,999.5,True,26.3,209,0.9,2024,9,FP2
0 days 00:33:00.087000,19.6,70.0,999.4,True,26.2,275,0.7,2024,9,FP2
0 days 00:34:00.088000,19.5,69.0,999.4,True,25.7,120,1.9,2024,9,FP2
0 days 00:35:00.088000,19.4,70.0,999.3,True,25.2,90,1.7,2024,9,FP2
0 days 00:36:00.088000,19.3,69.0,999.3,True,25.1,190,1.1,2024,9,FP2
0 days 00:37:00.088000,19.1,70.0,999.3,True,25.0,126,1.1,2024,9,FP2
0 days 00:38:00.089000,19.0,70.0,999.3,True,25.2,27,0.9,2024,9,FP2
0 days 00:39:00.089000,19.0,68.0,999.3,True,25.4,0,1.2,2024,9,FP2
0 days 00:40:00.089000,19.0,67.0,999.3,True,25.7,64,0.7,2024,9,FP2
0 days 00:41:00.094000,18.9,67.0,999.4,True,25.8,25,1.5,2024,9,FP2
0 days 00:42:00.106000,19.0,64.0,999.3,True,25.9,110,1.2,2024,9,FP2
0 days 00:43:00.093000,19.0,65.0,999.3,True,25.7,68,1.8,2024,9,FP2
0 days 00:44:00.093000,19.0,67.0,999.3,True,25.7,68,1.2,2024,9,FP2
0 days 00:45:00.093000,19.1,68.0,999.3,True,25.7,40,0.6,2024,9,FP2
0 days 00:46:00.110000,19.1,65.0,999.3,True,25.8,18,0.9,2024,9,FP2
0 days 00:47:00.126000,19.1,66.0,999.4,True,25.6,40,1.2,2024,9,FP2
0 days 00:48:00.143000,19.0,64.0,999.4,True,25.5,79,0.5,2024,9,FP2
0 days 00:49:00.158000,19.0,65.0,999.3,True,25.0,97,1.2,2024,9,FP2
0 days 00:50:00.181000,18.9,65.0,999.5,True,24.9,312,1.3,2024,9,FP2
0 days 00:51:00.194000,18.9,67.0,999.3,True,24.8,118,1.1,2024,9,FP2
0 days 00:52:00.194000,18.8,66.0,999.3,True,24.8,215,1.2,2024,9,FP2
0 days 00:53:00.194000,18.8,66.0,999.3,True,24.6,53,1.3,2024,9,FP2
0 days 00:54:00.209000,18.7,66.0,999.4,True,24.4,290,1.1,2024,9,FP2
0 days 00:55:00.227000,18.6,68.0,999.4,True,24.3,0,0.6,2024,9,FP2
0 days 00:56:00.228000,18.5,68.0,999.3,True,24.3,84,0.6,2024,9,FP2
0 days 00:57:00.226000,18.4,67.0,999.2,True,24.3,336,1.3,2024,9,FP2
0 days 00:58:00.228000,18.4,67.0,999.2,True,24.1,305,0.9,2024,9,FP2
0 days 00:59:00.227000,18.2,69.0,999.2,True,24.1,19,1.0,2024,9,FP2
0 days 01:00:00.230000,18.3,68.0,999.3,True,24.2,20,0.8,2024,9,FP2
0 days 01:01:00.230000,18.1,72.0,999.3,True,24.2,54,0.5,2024,9,FP2
0 days 01:02:00.231000,18.1,71.0,999.2,True,24.3,12,0.3,2024,9,FP2
0 days 01:03:00.232000,18.1,71.0,999.2,True,24.5,45,0.5,2024,9,FP2
0 days 01:04:00.233000,18.1,69.0,999.3,True,24.4,24,0.8,2024,9,FP2
0 days 01:05:00.236000,18.1,70.0,999.4,True,24.4,18,0.8,2024,9,FP2
0 days 01:06:00.234000,18.1,69.0,999.3,True,24.2,22,1.0,2024,9,FP2
0 days 01:07:00.236000,18.1,70.0,999.3,True,24.2,8,1.0,2024,9,FP2
0 days 01:08:00.238000,18.2,69.0,999.3,True,24.2,8,0.8,2024,9,FP2
0 days 01:09:00.237000,18.3,69.0,999.4,True,24.2,0,0.8,2024,9,FP2
0 days 01:10:00.240000,18.2,70.0,999.5,True,24.2,0,0.8,2024,9,FP2
0 days 01:11:00.241000,18.3,70.0,999.6,True,24.3,5,0.4,2024,9,FP2
0 days 01:12:00.238000,18.4,71.0,999.5,True,24.4,247,0.5,2024,9,FP2
0 days 01:13:00.242000,18.4,69.0,999.5,True,24.3,0,0.4,2024,9,FP2
0 days 01:14:00.239000,18.4,68.0,999.5,True,24.3,175,0.3,2024,9,FP2
0 days 01:15:00.239000,18.4,69.0,999.6,True,24.2,337,1.5,2024,9,FP2
0 days 01:16:00.242000,18.4,70.0,999.7,True,24.1,167,0.7,2024,9,FP2
0 days 01:17:00.241000,18.4,69.0,999.6,True,24.1,130,0.7,2024,9,FP2
0 days 01:18:00.256000,18.4,70.0,999.6,True,23.9,185,1.3,2024,9,FP2
0 days 01:19:00.329000,18.4,71.0,999.6,True,23.8,221,1.0,2024,9,FP2
0 days 01:20:00.335000,18.4,71.0,999.6,True,23.8,241,1.1,2024,9,FP2
0 days 00:00:38.496000,24.9,52.0,1004.5,False,44.2,260,2.4,2024,10,FP2
0 days 00:01:38.532000,24.9,52.0,1004.5,False,44.2,258,2.5,2024,10,FP2
0 days 00:02:38.543000,24.9,51.0,1004.5,False,44.2,263,2.9,2024,10,FP2
0 days 00:03:38.523000,24.8,51.0,1004.5,False,44.2,250,1.8,2024,10,FP2
0 days 00:04:38.524000,24.8,51.0,1004.5,False,44.2,238,2.0,2024,10,FP2
0 days 00:05:38.545000,24.8,50.0,1004.5,False,44.0,250,2.2,2024,10,FP2
0 days 00:06:38.577000,24.8,51.0,1004.5,False,44.0,251,2.8,2024,10,FP2
0 days 00:07:38.577000,24.7,51.0,1004.4,False,43.8,263,2.6,2024,10,FP2
0 days 00:08:38.563000,24.7,51.0,1004.6,False,43.8,258,2.7,2024,10,FP2
0 days 00:09:38.572000,24.7,52.0,1004.6,False,43.8,275,2.8,2024,10,FP2
0 days 00:10:38.575000,24.6,54.0,1004.5,False,43.1,233,2.1,2024,10,FP2
0 days 00:11:38.578000,24.7,54.0,1004.5,False,43.5,242,2.5,2024,10,FP2
0 days 00:12:38.568000,24.9,54.0,1004.5,False,44.1,263,2.4,2024,10,FP2
0 days 00:13:38.572000,24.9,54.0,1004.5,False,43.7,249,2.7,2024,10,FP2
0 days 00:14:38.586000,24.8,54.0,1004.5,False,43.3,265,2.7,2024,10,FP2
0 days 00:15:38.578000,24.9,55.0,1004.6,False,43.1,261,2.8,2024,10,FP2
0 days 00:16:38.575000,24.9,55.0,1004.6,False,42.9,234,1.8,2024,10,FP2
0 days 00:17:38.576000,24.7,55.0,1004.6,False,42.9,284,1.9,2024,10,FP2
0 days 00:18:38.578000,24.8,56.0,1004.5,False,42.9,250,2.3,2024,10,FP2
0 days 00:19:38.587000,24.6,55.0,1004.6,False,43.6,251,2.0,2024,10,FP2
0 days 00:20:38.586000,24.6,54.0,1004.6,False,43.6,276,1.6,2024,10,FP2
0 days 00:21:38.580000,24.6,54.0,1004.5,False,43.9,268,1.4,2024,10,FP2
0 days 00:22:38.577000,24.5,54.0,1004.6,False,44.2,133,1.7,2024,10,FP2
0 days 00:23:38.588000,24.5,53.0,1004.7,False,44.2,237,2.2,2024,10,FP2
0 days 00:24:38.589000,24.6,54.0,1004.6,False,44.2,0,1.2,2024,10,FP2
0 days 00:25:38.590000,24.6,52.0,1004.6,False,44.2,224,1.1,2024,10,FP2
0 days 00:26:38.583000,24.6,53.0,1004.6,False,44.2,244,0.9,2024,10,FP2
0 days 00:27:38.583000,24.5,51.0,1004.6,False,44.0,288,1.4,2024,10,FP2
0 days 00:28:38.594000,24.7,50.0,1004.7,False,43.9,220,1.7,2024,10,FP2
0 days 00:29:38.580000,24.7,50.0,1004.6,False,43.9,246,1.5,2024,10,FP2
0 days 00:30:38.588000,24.8,50.0,1004.7,False,44.0,289,1.2,2024,10,FP2
0 days 00:31:38.593000,24.8,50.0,1004.6,False,44.1,259,1.8,2024,10,FP2
0 days 00:32:38.592000,24.8,49.0,1004.6,False,44.2,251,0.8,2024,10,FP2
0 days 00:33:38.589000,24.7,49.0,1004.6,False,43.8,235,1.8,2024,10,FP2
0 days 00:34:38.593000,24.6,51.0,1004.6,False,42.6,251,1.8,2024,10,FP2
0 days 00:35:38.607000,24.6,51.0,1004.7,False,42.7,257,2.2,2024,10,FP2
0 days 00:36:38.607000,24.6,51.0,1004.6,False,42.9,229,2.1,2024,10,FP2
0 days 00:37:38.629000,24.7,52.0,1004.7,False,43.0,268,2.0,2024,10,FP2
0 days 00:38:38.631000,24.6,52.0,1004.6,False,43.0,304,1.2,2024,10,FP2
0 days 00:39:38.640000,24.7,51.0,1004.6,False,43.3,235,1.7,2024,10,FP2
0 days 00:40:38.636000,24.7,51.0,1004.6,False,43.3,254,1.6,2024,10,FP2
0 days 00:41:38.654000,24.8,51.0,1004.5,False,43.0,0,1.8,2024,10,FP2
0 days 00:42:38.637000,24.8,50.0,1004.6,False,43.1,229,1.1,2024,10,FP2
0 days 00:43:38.646000,24.9,49.0,1004.6,False,43.8,265,1.5,2024,10,FP2
0 days 00:44:38.643000,24.9,49.0,1004.5,False,42.9,233,2.0,2024,10,FP2
0 days 00:45:38.647000,24.8,49.0,1004.6,False,42.6,316,1.7,2024,10,FP2
0 days 00:46:38.637000,24.9,48.0,1004.5,False,42.8,37,1.1,2024,10,FP2
0 days 00:47:38.667000,24.9,48.0,1004.5,False,43.4,90,1.4,2024,10,FP2
0 days 00:48:38.677000,24.9,48.0,1004.6,False,43.4,299,0.8,2024,10,FP2
0 days 00:49:38.691000,24.8,49.0,1004.5,False,42.8,276,1.4,2024,10,FP2
0 days 00:50:38.702000,24.8,50.0,1004.5,False,42.6,89,2.1,2024,10,FP2
0 days 00:51:38.701000,24.7,50.0,1004.5,False,42.3,244,1.3,2024,10,FP2
0 days 00:52:38.717000,24.7,49.0,1004.5,False,42.4,222,2.4,2024,10,FP2
0 days 00:53:38.737000,24.8,50.0,1004.5,False,42.6,139,1.6,2024,10,FP2
0 days 00:54:38.735000,24.7,49.0,1004.5,False,42.8,340,2.2,2024,10,FP2
0 days 00:55:38.734000,24.8,47.0,1004.3,False,42.7,218,2.0,2024,10,FP2
0 days 00:56:38.723000,24.8,48.0,1004.4,False,42.5,138,1.7,2024,10,FP2
0 days 00:57:38.737000,24.9,48.0,1004.5,False,42.5,106,1.2,2024,10,FP2
0 days 00:58:38.736000,24.9,47.0,1004.4,False,42.4,135,1.0,2024,10,FP2
0 days 00:59:38.736000,24.9,48.0,1004.4,False,42.6,133,2.5,2024,10,FP2
0 days 01:00:38.750000,25.0,46.0,1004.4,False,42.6,141,1.7,2024,10,FP2
0 days 01:01:38.741000,25.0,46.0,1004.4,False,42.6,126,2.5,2024,10,FP2
0 days 01:02:38.743000,25.0,45.0,1004.3,False,42.6,126,2.8,2024,10,FP2
0 days 01:03:38.751000,25.1,45.0,1004.4,False,42.4,121,2.3,2024,10,FP2
0 days 01:04:38.737000,25.1,45.0,1004.3,False,42.3,100,2.5,2024,10,FP2
0 days 01:05:38.741000,25.1,46.0,1004.4,False,42.4,118,2.2,2024,10,FP2
0 days 01:06:38.741000,25.2,45.0,1004.3,False,42.2,118,2.7,2024,10,FP2
0 days 01:07:38.742000,25.1,45.0,1004.3,False,42.2,53,1.8,2024,10,FP2
0 days 01:08:38.747000,25.0,45.0,1004.3,False,42.2,98,1.4,2024,10,FP2
0 days 01:09:38.746000,25.1,45.0,1004.4,False,41.8,137,1.9,2024,10,FP2
0 days 01:10:38.747000,25.3,47.0,1004.4,False,41.9,149,1.5,2024,10,FP2
0 days 01:11:38.748000,25.3,47.0,1004.4,False,42.1,279,0.8,2024,10,FP2
0 days 01:12:38.745000,25.4,47.0,1004.4,False,42.4,139,0.8,2024,10,FP2
0 days 01:13:38.745000,25.6,47.0,1004.4,False,42.1,269,1.6,2024,10,FP2
0 days 01:14:38.747000,25.5,47.0,1004.3,False,41.9,77,1.1,2024,10,FP2
0 days 01:15:38.749000,25.5,47.0,1004.3,False,41.5,106,1.6,2024,10,FP2
0 days 01:16:38.749000,25.3,48.0,1004.3,False,41.7,140,2.5,2024,10,FP2
0 days 01:17:38.745000,25.2,48.0,1004.3,False,41.7,145,2.0,2024,10,FP2
0 days 01:18:38.753000,25.1,49.0,1004.3,False,41.5,299,1.9,2024,10,FP2
0 days 01:19:38.754000,25.1,48.0,1004.3,False,41.2,59,1.0,2024,10,FP2
0 days 01:20:38.755000,25.1,47.0,1004.3,False,42.0,237,0.9,2024,10,FP2
0 days 00:00:18.104000,17.5,70.0,988.4,False,27.1,234,1.0,2024,12,FP2
0 days 00:01:18.115000,17.5,71.0,988.5,False,27.2,212,1.2,2024,12,FP2
0 days 00:02:18.116000,17.5,71.0,988.5,False,27.5,191,1.9,2024,12,FP2
0 days 00:03:18.101000,17.5,71.0,988.4,False,27.6,209,2.1,2024,12,FP2
0 days 00:04:18.117000,17.5,72.0,988.5,False,27.8,209,2.1,2024,12,FP2
0 days 00:05:18.133000,17.5,71.0,988.4,False,27.9,204,1.7,2024,12,FP2
0 days 00:06:18.122000,17.5,71.0,988.4,False,28.1,257,1.6,2024,12,FP2
0 days 00:07:18.150000,17.5,70.0,988.4,False,27.8,269,1.5,2024,12,FP2
0 days 00:08:18.167000,17.6,72.0,988.3,False,28.3,221,1.1,2024,12,FP2
0 days 00:09:18.166000,17.8,70.0,988.4,False,28.7,222,1.3,2024,12,FP2
0 days 00:10:18.169000,17.8,71.0,988.3,False,28.6,214,1.3,2024,12,FP2
0 days 00:11:18.169000,17.9,71.0,988.4,False,29.0,226,1.7,2024,12,FP2
0 days 00:12:18.152000,17.9,70.0,988.4,False,29.2,275,1.9,2024,12,FP2
0 days 00:13:18.172000,18.0,70.0,988.3,False,29.2,213,1.8,2024,12,FP2
0 days 00:14:18.173000,18.0,70.0,988.3,False,29.1,232,1.4,2024,12,FP2
0 days 00:15:18.174000,18.0,70.0,988.2,False,29.1,270,2.0,2024,12,FP2
0 days 00:16:18.171000,18.1,71.0,988.1,False,29.8,230,1.9,2024,12,FP2
0 days 00:17:18.172000,18.0,70.0,988.1,False,29.8,228,1.8,2024,12,FP2
0 days 00:18:18.188000,18.0,70.0,988.1,False,29.8,217,1.8,2024,12,FP2
0 days 00:19:18.192000,18.2,70.0,988.1,False,29.8,233,2.0,2024,12,FP2
0 days 00:20:18.206000,18.3,70.0,987.9,False,29.8,183,1.3,2024,12,FP2
0 days 00:21:18.203000,18.3,70.0,987.9,False,30.4,185,1.1,2024,12,FP2
0 days 00:22:18.225000,18.3,70.0,987.9,False,30.6,225,1.6,2024,12,FP2
0 days 00:23:18.222000,18.3,69.0,987.8,False,30.5,241,1.6,2024,12,FP2
0 days 00:24:18.227000,18.3,68.0,987.9,False,30.1,213,0.6,2024,12,FP2
0 days 00:25:18.231000,18.2,68.0,987.9,False,29.8,227,1.4,2024,12,FP2
0 days 00:26:18.226000,18.2,69.0,987.9,False,29.3,167,0.6,2024,12,FP2
0 days 00:27:18.241000,18.2,69.0,987.9,False,29.3,225,0.6,2024,12,FP2
0 days 00:28:18.228000,18.3,69.0,987.9,False,30.1,250,0.7,2024,12,FP2
0 days 00:29:18.272000,18.5,69.0,987.8,False,30.7,217,0.5,2024,12,FP2
0 days 00:30:18.276000,18.6,68.0,987.8,False,31.2,214,0.7,2024,12,FP2
0 days 00:31:18.293000,18.7,68.0,987.8,False,30.6,284,1.3,2024,12,FP2
0 days 00:32:18.291000,18.6,66.0,987.8,False,30.1,0,1.3,2024,12,FP2
0 days 00:33:18.308000,18.5,67.0,987.8,False,30.1,219,1.4,2024,12,FP2
0 days 00:34:18.329000,18.5,66.0,987.7,False,30.2,251,2.1,2024,12,FP2
0 days 00:35:18.357000,18.5,65.0,987.7,False,30.2,259,2.3,2024,12,FP2
0 days 00:36:18.388000,18.5,65.0,987.7,False,30.4,197,1.2,2024,12,FP2
0 days 00:37:18.379000,18.5,65.0,987.7,False,30.7,227,1.8,2024,12,FP2
0 days 00:38:18.390000,18.5,66.0,987.8,False,30.6,193,1.6,2024,12,FP2
0 days 00:39:18.390000,18.5,66.0,987.7,False,30.6,204,0.8,2024,12,FP2
0 days 00:40:18.392000,18.5,67.0,987.8,False,31.2,205,1.6,2024,12,FP2
0 days 00:41:18.392000,18.5,68.0,987.7,False,31.6,233,1.6,2024,12,FP2
0 days 00:42:18.407000,18.6,67.0,987.8,False,32.1,238,2.1,2024,12,FP2
0 days 00:43:18.397000,18.8,68.0,987.7,False,32.2,225,2.2,2024,12,FP2
0 days 00:44:18.394000,18.9,67.0,987.7,False,32.4,218,2.4,2024,12,FP2
0 days 00:45:18.413000,18.8,66.0,987.8,False,32.4,200,2.2,2024,12,FP2
0 days 00:46:18.402000,18.8,65.0,987.9,False,32.7,227,2.9,2024,12,FP2
0 days 00:47:18.397000,18.8,65.0,987.8,False,31.3,229,2.6,2024,12,FP2
0 days 00:48:18.413000,18.8,65.0,987.7,False,31.2,232,2.2,2024,12,FP2
0 days 00:49:18.428000,18.8,66.0,987.7,False,31.7,274,2.2,2024,12,FP2
0 days 00:50:18.445000,18.8,65.0,987.8,False,31.7,235,2.0,2024,12,FP2
0 days 00:51:18.447000,18.8,65.0,987.8,False,31.2,236,1.7,2024,12,FP2
0 days 00:52:18.454000,18.8,67.0,987.8,False,31.0,190,2.0,2024,12,FP2
0 days 00:53:18.468000,18.8,67.0,987.8,False,31.0,231,1.7,2024,12,FP2
0 days 00:54:18.484000,18.8,65.0,987.8,False,30.9,206,1.1,2024,12,FP2
0 days 00:55:18.511000,18.8,62.0,987.9,False,30.5,228,1.8,2024,12,FP2
0 days 00:56:18.526000,18.6,61.0,987.7,False,30.0,216,2.0,2024,12,FP2
0 days 00:57:18.526000,18.6,62.0,987.7,False,29.9,230,2.3,2024,12,FP2
0 days 00:58:18.536000,18.6,62.0,987.8,False,29.6,190,2.3,2024,12,FP2
0 days 00:59:18.560000,18.5,63.0,987.7,False,29.6,196,2.5,2024,12,FP2
0 days 01:00:18.578000,18.6,64.0,987.7,False,29.6,226,2.4,2024,12,FP2
0 days 01:01:18.565000,18.6,65.0,987.7,False,29.4,227,2.8,2024,12,FP2
0 days 01:02:18.577000,18.6,64.0,987.7,False,29.3,214,2.0,2024,12,FP2
0 days 01:03:18.587000,18.8,63.0,987.7,False,29.2,217,2.6,2024,12,FP2
0 days 01:04:18.595000,18.6,64.0,987.7,False,28.8,217,2.5,2024,12,FP2
0 days 01:05:18.594000,18.6,64.0,987.7,False,28.8,228,2.0,2024,12,FP2
0 days 01:06:18.598000,18.6,64.0,987.7,False,28.6,239,2.8,2024,12,FP2
0 days 01:07:18.600000,18.5,65.0,987.6,True,28.4,240,2.3,2024,12,FP2
0 days 01:08:18.614000,18.6,65.0,987.7,True,28.3,243,2.3,2024,12,FP2
0 days 01:09:18.618000,18.5,66.0,987.6,True,27.8,261,2.2,2024,12,FP2
0 days 01:10:18.630000,18.5,66.0,987.6,True,27.5,220,1.2,2024,12,FP2
0 days 01:11:18.632000,18.6,66.0,987.6,True,26.8,224,2.0,2024,12,FP2
0 days 01:12:18.662000,18.5,68.0,987.6,True,26.4,243,1.8,2024,12,FP2
0 days 01:13:18.663000,18.3,67.0,987.5,True,26.0,234,2.2,2024,12,FP2
0 days 01:14:18.665000,18.2,68.0,987.6,True,25.8,250,1.4,2024,12,FP2
0 days 01:15:18.648000,18.1,69.0,987.5,True,25.7,249,1.4,2024,12,FP2
0 days 01:16:18.666000,18.0,69.0,987.5,True,25.4,196,1.7,2024,12,FP2
0 days 01:17:18.665000,18.0,70.0,987.4,True,25.2,239,1.7,2024,12,FP2
0 days 01:18:18.666000,17.9,71.0,987.5,True,25.1,252,0.9,2024,12,FP2
0 days 01:19:18.668000,17.9,74.0,987.5,True,25.0,235,1.3,2024,12,FP2
0 days 01:20:18.667000,17.9,73.0,987.5,True,25.0,289,0.7,2024,12,FP2
0 days 00:00:03.238000,31.5,36.0,988.5,False,49.2,201,0.7,2024,13,FP2
0 days 00:01:03.252000,31.5,36.0,988.5,False,49.3,209,0.4,2024,13,FP2
0 days 00:02:03.242000,31.5,35.0,988.5,False,48.9,181,1.5,2024,13,FP2
0 days 00:03:03.252000,31.4,36.0,988.5,False,48.9,238,0.8,2024,13,FP2
0 days 00:04:03.270000,31.4,36.0,988.5,False,47.7,262,0.0,2024,13,FP2
0 days 00:05:03.276000,31.5,36.0,988.6,False,48.1,135,0.8,2024,13,FP2
0 days 00:06:03.291000,31.5,35.0,988.5,False,48.2,138,1.6,2024,13,FP2
0 days 00:07:03.290000,31.4,36.0,988.5,False,48.2,139,2.0,2024,13,FP2
0 days 00:08:03.295000,31.4,37.0,988.5,False,48.3,125,1.5,2024,13,FP2
0 days 00:09:03.293000,31.3,36.0,988.5,False,48.8,155,2.5,2024,13,FP2
0 days 00:10:03.296000,31.3,36.0,988.4,False,48.6,136,2.0,2024,13,FP2
0 days 00:11:03.304000,31.2,37.0,988.5,False,48.8,149,2.3,2024,13,FP2
0 days 00:12:03.319000,31.2,36.0,988.4,False,48.8,186,1.7,2024,13,FP2
0 days 00:13:03.307000,31.3,37.0,988.5,False,48.6,0,0.9,2024,13,FP2
0 days 00:14:03.305000,31.3,37.0,988.5,False,48.3,151,0.4,2024,13,FP2
0 days 00:15:03.318000,31.3,37.0,988.5,False,48.3,164,0.8,2024,13,FP2
0 days 00:16:03.326000,31.5,37.0,988.4,False,49.7,0,0.4,2024,13,FP2
0 days 00:17:03.344000,31.8,36.0,988.3,False,49.8,277,0.7,2024,13,FP2
0 days 00:18:03.356000,31.9,35.0,988.4,False,49.1,265,1.4,2024,13,FP2
0 days 00:19:03.380000,31.7,36.0,988.3,False,48.0,180,0.7,2024,13,FP2
0 days 00:20:03.382000,31.8,36.0,988.3,False,47.8,167,1.1,2024,13,FP2
0 days 00:21:03.376000,31.8,35.0,988.4,False,48.0,207,1.2,2024,13,FP2
0 days 00:22:03.383000,31.8,36.0,988.2,False,47.6,113,1.8,2024,13,FP2
0 days 00:23:03.368000,31.6,37.0,988.3,False,47.6,0,0.7,2024,13,FP2
0 days 00:24:03.380000,31.6,37.0,988.3,False,48.0,119,0.0,2024,13,FP2
0 days 00:25:03.383000,31.6,36.0,988.3,False,48.0,174,0.9,2024,13,FP2
0 days 00:26:03.383000,31.6,37.0,988.3,False,48.0,180,1.5,2024,13,FP2
0 days 00:27:03.380000,31.5,37.0,988.2,False,47.9,123,1.5,2024,13,FP2
0 days 00:28:03.387000,31.4,36.0,988.3,False,47.6,160,0.6,2024,13,FP2
0 days 00:29:03.389000,31.3,36.0,988.2,False,47.5,213,1.0,2024,13,FP2
0 days 00:30:03.384000,31.2,36.0,988.2,False,47.3,135,1.3,2024,13,FP2
0 days 00:31:03.384000,31.1,36.0,988.2,False,47.3,169,1.2,2024,13,FP2
0 days 00:32:03.378000,31.2,37.0,988.1,False,47.3,145,1.3,2024,13,FP2
0 days 00:33:03.388000,31.2,37.0,988.1,False,47.4,170,1.2,2024,13,FP2
0 days 00:34:03.386000,31.1,37.0,988.1,False,46.4,135,0.8,2024,13,FP2
0 days 00:35:03.387000,31.0,37.0,988.0,False,46.3,220,0.7,2024,13,FP2
0 days 00:36:03.424000,30.9,37.0,988.0,False,46.8,203,1.1,2024,13,FP2
0 days 00:37:03.398000,31.0,37.0,988.0,False,46.6,210,1.3,2024,13,FP2
0 days 00:38:03.379000,30.9,37.0,988.0,False,45.8,146,0.9,2024,13,FP2
0 days 00:39:03.379000,30.8,37.0,988.0,False,45.6,170,0.7,2024,13,FP2
0 days 00:40:03.389000,30.8,37.0,988.1,False,45.3,171,0.7,2024,13,FP2
0 days 00:41:03.392000,30.7,37.0,988.0,False,44.6,114,0.8,2024,13,FP2
0 days 00:42:03.396000,30.7,37.0,988.0,False,44.1,134,0.6,2024,13,FP2
0 days 00:43:03.389000,30.8,37.0,988.1,False,43.9,275,0.4,2024,13,FP2
0 days 00:44:03.391000,30.8,38.0,988.1,False,43.6,212,0.6,2024,13,FP2
0 days 00:45:03.400000,30.8,38.0,987.9,False,43.6,0,0.7,2024,13,FP2
0 days 00:46:03.397000,30.9,38.0,988.0,False,44.1,239,0.0,2024,13,FP2
0 days 00:47:03.387000,31.0,38.0,988.0,False,44.2,41,0.4,2024,13,FP2
0 days 00:48:03.398000,30.9,38.0,988.0,False,43.8,0,0.3,2024,13,FP2
0 days 00:49:03.395000,30.8,38.0,988.0,False,43.4,40,0.0,2024,13,FP2
0 days 00:50:03.393000,30.8,38.0,987.9,False,43.1,284,0.5,2024,13,FP2
0 days 00:51:03.389000,30.9,39.0,988.0,False,42.9,0,0.5,2024,13,FP2
0 days 00:52:03.398000,31.0,39.0,987.9,False,42.9,194,0.5,2024,13,FP2
0 days 00:53:03.403000,31.0,38.0,987.9,False,43.6,172,1.3,2024,13,FP2
0 days 00:54:03.408000,31.0,38.0,987.9,False,43.8,197,1.3,2024,13,FP2
0 days 00:55:03.408000,31.1,38.0,987.8,False,44.1,213,0.8,2024,13,FP2
0 days 00:56:03.413000,31.1,39.0,987.9,False,44.2,190,1.2,2024,13,FP2
0 days 00:57:03.401000,31.2,39.0,987.9,False,44.7,155,0.9,2024,13,FP2
0 days 00:58:03.396000,31.2,38.0,987.9,False,44.9,118,0.9,2024,13,FP2
0 days 00:59:03.409000,31.1,38.0,987.9,False,44.8,216,1.2,2024,13,FP2
0 days 01:00:03.402000,31.1,38.0,987.9,False,44.6,209,1.4,2024,13,FP2
0 days 01:01:03.409000,31.2,37.0,987.9,False,44.7,190,1.7,2024,13,FP2
0 days 01:02:03.407000,31.2,37.0,987.9,False,44.7,171,1.4,2024,13,FP2
0 days 01:03:03.407000,31.2,38.0,987.8,False,44.6,179,1.6,2024,13,FP2
0 days 01:04:03.401000,31.2,39.0,987.8,False,44.6,189,1.3,2024,13,FP2
0 days 01:05:03.402000,31.3,38.0,987.8,False,44.6,193,1.5,2024,13,FP2
0 days 01:06:03.408000,31.4,38.0,987.9,False,44.5,141,0.8,2024,13,FP2
0 days 01:07:03.414000,31.4,38.0,987.8,False,44.6,144,0.7,2024,13,FP2
0 days 01:08:03.410000,31.4,37.0,987.8,False,44.7,171,0.8,2024,13,FP2
0 days 01:09:03.406000,31.5,36.0,987.8,False,44.2,174,1.2,2024,13,FP2
0 days 01:10:03.418000,31.4,37.0,987.8,False,44.2,173,1.1,2024,13,FP2
0 days 01:11:03.407000,31.3,37.0,987.8,False,44.0,193,0.9,2024,13,FP2
0 days 01:12:03.417000,31.1,37.0,987.8,False,43.2,156,1.0,2024,13,FP2
0 days 01:13:03.412000,31.0,38.0,987.9,False,42.7,188,1.0,2024,13,FP2
0 days 01:14:03.418000,31.0,38.0,987.7,False,42.6,155,1.1,2024,13,FP2
0 days 01:15:03.417000,30.9,38.0,987.8,False,42.3,217,1.1,2024,13,FP2
0 days 01:16:03.421000,30.8,38.0,987.8,False,42.2,183,1.1,2024,13,FP2
0 days 01:17:03.420000,30.8,39.0,987.8,False,41.7,185,1.0,2024,13,FP2
0 days 01:18:03.416000,30.7,40.0,987.8,False,41.6,176,0.9,2024,13,FP2
0 days 01:19:03.420000,30.6,39.0,987.8,False,41.6,201,1.2,2024,13,FP2
0 days 01:20:03.417000,30.5,40.0,987.8,False,41.5,154,1.4,2024,13,FP2
0 days 00:00:13.564000,22.0,62.0,965.0,False,36.7,8,1.9,2024,14,FP2
0 days 00:01:13.569000,22.1,62.0,965.0,False,36.6,14,2.0,2024,14,FP2
0 days 00:02:13.557000,22.0,63.0,965.0,False,36.2,47,1.1,2024,14,FP2
0 days 00:03:13.562000,22.1,62.0,965.1,False,36.2,318,0.6,2024,14,FP2
0 days 00:04:13.561000,22.1,62.0,965.0,False,36.6,32,0.7,2024,14,FP2
0 days 00:05:13.566000,22.1,62.0,965.0,False,36.6,96,0.7,2024,14,FP2
0 days 00:06:13.574000,22.1,62.0,964.9,False,36.6,104,0.8,2024,14,FP2
0 days 00:07:13.566000,22.1,63.0,964.9,False,36.3,15,0.5,2024,14,FP2
0 days 00:08:13.561000,22.1,63.0,965.0,False,36.0,294,0.5,2024,14,FP2
0 days 00:09:13.569000,22.1,62.0,965.0,False,35.9,279,1.5,2024,14,FP2
0 days 00:10:13.567000,22.0,64.0,965.1,False,35.7,259,1.4,2024,14,FP2
0 days 00:11:13.570000,22.0,65.0,965.0,False,35.9,351,0.6,2024,14,FP2
0 days 00:12:13.568000,21.9,64.0,965.0,False,35.9,332,1.4,2024,14,FP2
0 days 00:13:13.572000,21.9,65.0,965.0,False,35.7,94,0.7,2024,14,FP2
0 days 00:14:13.572000,21.8,64.0,965.0,False,36.0,32,1.9,2024,14,FP2
0 days 00:15:13.570000,21.8,64.0,965.1,False,36.2,13,2.3,2024,14,FP2
0 days 00:16:13.582000,21.8,64.0,965.1,False,35.9,339,2.4,2024,14,FP2
0 days 00:17:13.574000,21.8,65.0,965.1,False,35.5,272,1.4,2024,14,FP2
0 days 00:18:13.603000,21.8,65.0,965.1,False,35.6,10,0.9,2024,14,FP2
0 days 00:19:13.571000,21.9,64.0,965.0,False,35.9,29,0.9,2024,14,FP2
0 days 00:20:13.575000,21.9,63.0,964.9,False,36.2,42,2.0,2024,14,FP2
0 days 00:21:13.581000,22.0,65.0,965.0,False,36.2,0,1.9,2024,14,FP2
0 days 00:22:13.574000,22.0,64.0,965.0,False,36.1,0,0.5,2024,14,FP2
0 days 00:23:13.579000,22.1,64.0,965.0,False,36.2,52,0.7,2024,14,FP2
0 days 00:24:13.575000,22.1,64.0,965.0,False,36.4,50,1.6,2024,14,FP2
0 days 00:25:13.579000,22.1,64.0,965.0,False,36.7,349,1.4,2024,14,FP2
0 days 00:26:13.596000,22.2,64.0,964.8,False,36.9,31,1.6,2024,14,FP2
0 days 00:27:13.583000,22.1,63.0,964.9,False,36.9,13,1.7,2024,14,FP2
0 days 00:28:13.583000,22.2,63.0,964.9,False,36.4,358,2.2,2024,14,FP2
0 days 00:29:13.576000,22.1,65.0,964.9,False,36.4,32,2.0,2024,14,FP2
0 days 00:30:13.733000,22.1,64.0,965.0,False,35.7,248,1.1,2024,14,FP2
0 days 00:31:13.715000,22.0,63.0,965.0,False,35.5,18,1.4,2024,14,FP2
0 days 00:32:13.714000,22.0,64.0,965.0,False,35.7,25,2.0,2024,14,FP2
0 days 00:33:13.710000,21.8,65.0,965.0,False,35.7,0,1.1,2024,14,FP2
0 days 00:34:13.709000,21.8,64.0,965.0,False,35.4,1,0.7,2024,14,FP2
0 days 00:35:13.712000,21.8,64.0,965.0,False,35.3,76,0.8,2024,14,FP2
0 days 00:36:13.707000,21.8,64.0,965.0,False,35.2,73,1.3,2024,14,FP2
0 days 00:37:13.709000,21.6,64.0,965.1,False,35.3,345,0.7,2024,14,FP2
0 days 00:38:13.712000,21.6,64.0,965.0,False,35.8,19,1.9,2024,14,FP2
0 days 00:39:13.710000,21.7,64.0,965.0,False,35.8,36,1.8,2024,14,FP2
0 days 00:40:13.720000,21.7,64.0,965.0,False,35.8,13,2.0,2024,14,FP2
0 days 00:41:13.716000,21.8,64.0,965.0,False,35.8,17,2.7,2024,14,FP2
0 days 00:42:13.796000,21.8,64.0,964.9,False,35.7,29,1.8,2024,14,FP2
0 days 00:43:13.744000,21.9,64.0,964.9,False,35.4,16,1.5,2024,14,FP2
0 days 00:44:13.766000,22.0,64.0,964.9,False,35.6,342,0.7,2024,14,FP2
0 days 00:45:13.774000,22.0,64.0,964.9,False,35.6,0,1.1,2024,14,FP2
0 days 00:46:13.779000,22.0,63.0,964.9,False,35.6,322,1.1,2024,14,FP2
0 days 00:47:13.796000,22.0,65.0,964.9,False,35.0,25,1.7,2024,14,FP2
0 days 00:48:13.801000,21.9,64.0,964.9,False,35.1,334,1.1,2024,14,FP2
0 days 00:49:13.811000,21.7,64.0,964.9,False,35.4,1,1.1,2024,14,FP2
0 days 00:50:13.820000,21.6,64.0,965.0,False,35.3,0,1.5,2024,14,FP2
0 days 00:51:13.816000,21.6,64.0,964.9,False,34.9,0,0.4,2024,14,FP2
0 days 00:52:13.820000,21.6,63.0,965.0,False,34.6,298,0.7,2024,14,FP2
0 days 00:53:13.825000,21.6,63.0,965.0,False,34.7,22,0.5,2024,14,FP2
0 days 00:54:13.819000,21.6,64.0,965.0,False,34.5,25,1.0,2024,14,FP2
0 days 00:55:13.820000,21.6,64.0,965.0,False,34.3,67,0.6,2024,14,FP2
0 days 00:56:13.817000,21.5,65.0,965.1,False,34.5,115,0.6,2024,14,FP2
0 days 00:57:13.829000,21.5,64.0,965.0,False,34.6,192,1.4,2024,14,FP2
0 days 00:58:13.816000,21.6,63.0,965.0,False,34.6,210,1.0,2024,14,FP2
0 days 00:59:13.823000,21.6,64.0,965.1,False,34.4,123,0.7,2024,14,FP2
0 days 01:00:13.836000,21.5,64.0,965.0,False,34.4,69,0.7,2024,14,FP2
0 days 01:01:13.851000,21.6,64.0,965.0,False,34.6,80,0.6,2024,14,FP2
0 days 01:02:13.850000,21.7,64.0,965.0,False,34.8,148,0.8,2024,14,FP2
0 days 01:03:13.859000,21.8,64.0,965.0,False,34.6,153,1.4,2024,14,FP2
0 days 01:04:13.854000,21.7,64.0,965.1,False,34.3,0,1.8,2024,14,FP2
0 days 01:05:13.861000,21.7,64.0,965.1,False,34.1,312,0.8,2024,14,FP2
0 days 01:06:13.865000,21.6,65.0,965.1,False,33.8,265,1.3,2024,14,FP2
0 days 01:07:13.849000,21.6,65.0,965.1,False,33.8,250,1.6,2024,14,FP2
0 days 01:08:13.859000,21.6,66.0,965.1,False,33.5,0,1.2,2024,14,FP2
0 days 01:09:13.852000,21.5,67.0,965.1,False,33.6,47,0.5,2024,14,FP2
0 days 01:10:13.864000,21.5,66.0,965.1,False,33.3,330,0.8,2024,14,FP2
0 days 01:11:13.862000,21.5,66.0,965.1,False,33.3,330,0.8,2024,14,FP2
0 days 01:12:13.856000,21.5,67.0,965.1,False,33.4,234,1.7,2024,14,FP2
0 days 01:13:13.863000,21.5,67.0,965.1,False,33.4,237,1.4,2024,14,FP2
0 days 01:14:13.883000,21.5,67.0,965.2,False,33.4,13,0.8,2024,14,FP2
0 days 01:15:13.879000,21.4,67.0,965.2,False,33.3,349,0.8,2024,14,FP2
0 days 01:16:13.880000,21.4,67.0,965.1,False,33.4,4,2.5,2024,14,FP2
0 days 01:17:13.882000,21.4,67.0,965.1,False,33.5,20,2.4,2024,14,FP2
0 days 01:18:13.896000,21.3,67.0,965.1,False,33.5,353,1.1,2024,14,FP2
0 days 01:19:13.913000,21.2,67.0,965.2,False,33.5,332,1.1,2024,14,FP2
0 days 01:20:13.919000,21.2,67.0,965.1,False,33.5,325,1.1,2024,14,FP2
0 days 01:21:13.943000,21.3,67.0,965.2,False,33.4,354,0.5,2024,14,FP2
0 days 00:00:37.486000,21.3,62.0,1006.2,False,31.7,199,6.1,2024,15,FP2
0 days 00:01:37.499000,21.3,62.0,1006.3,False,31.7,215,6.2,2024,15,FP2
0 days 00:02:37.497000,21.3,61.0,1006.2,False,31.7,208,6.1,2024,15,FP2
0 days 00:03:37.487000,21.3,61.0,1006.3,False,31.7,200,6.3,2024,15,FP2
0 days 00:04:37.485000,21.3,61.0,1006.4,False,31.6,204,6.2,2024,15,FP2
0 days 00:05:37.501000,21.4,61.0,1006.2,False,31.6,199,6.6,2024,15,FP2
0 days 00:06:37.496000,21.4,62.0,1006.4,False,31.6,209,5.8,2024,15,FP2
0 days 00:07:37.491000,21.4,61.0,1006.4,False,31.6,201,5.9,2024,15,FP2
0 days 00:08:37.501000,21.3,60.0,1006.4,False,31.7,194,5.8,2024,15,FP2
0 days 00:09:37.541000,21.3,62.0,1006.4,False,31.8,197,7.0,2024,15,FP2
0 days 00:10:37.527000,21.3,63.0,1006.5,False,31.8,196,6.1,2024,15,FP2
0 days 00:11:37.536000,21.4,62.0,1006.6,False,31.8,208,5.8,2024,15,FP2
0 days 00:12:37.513000,21.4,62.0,1006.4,False,31.8,197,6.1,2024,15,FP2
0 days 00:13:37.515000,21.4,63.0,1006.5,False,31.7,192,6.6,2024,15,FP2
0 days 00:14:37.669000,21.4,64.0,1006.5,False,31.8,200,6.2,2024,15,FP2
0 days 00:15:37.669000,21.3,64.0,1006.5,False,31.8,191,6.1,2024,15,FP2
0 days 00:16:37.668000,21.3,63.0,1006.6,False,31.9,210,6.0,2024,15,FP2
0 days 00:17:37.682000,21.4,62.0,1006.5,False,31.9,187,5.3,2024,15,FP2
0 days 00:18:37.679000,21.4,64.0,1006.6,False,31.9,199,5.7,2024,15,FP2
0 days 00:19:37.676000,21.4,63.0,1006.6,False,31.5,198,5.0,2024,15,FP2
0 days 00:20:37.673000,21.4,64.0,1006.6,False,31.5,201,6.1,2024,15,FP2
0 days 00:21:37.681000,21.4,63.0,1006.6,False,31.6,209,5.8,2024,15,FP2
0 days 00:22:37.686000,21.5,63.0,1006.7,False,31.6,213,5.6,2024,15,FP2
0 days 00:23:37.684000,21.4,63.0,1006.7,False,31.5,200,5.1,2024,15,FP2
0 days 00:24:37.686000,21.5,62.0,1006.7,False,31.4,200,5.3,2024,15,FP2
0 days 00:25:37.702000,21.4,63.0,1006.7,False,31.4,219,5.2,2024,15,FP2
0 days 00:26:37.682000,21.5,63.0,1006.7,False,31.4,219,5.7,2024,15,FP2
0 days 00:27:37.679000,21.5,63.0,1006.7,False,31.2,206,5.5,2024,15,FP2
0 days 00:28:37.683000,21.5,63.0,1006.8,False,31.2,200,5.3,2024,15,FP2
0 days 00:29:37.700000,21.5,64.0,1006.8,False,31.3,230,6.0,2024,15,FP2
0 days 00:30:37.690000,21.6,64.0,1006.6,False,31.3,214,5.8,2024,15,FP2
0 days 00:31:37.685000,21.5,64.0,1006.7,False,31.2,214,5.9,2024,15,FP2
0 days 00:32:37.692000,21.4,64.0,1006.7,False,31.2,219,5.7,2024,15,FP2
0 days 00:33:37.685000,21.4,63.0,1006.7,False,31.1,222,5.8,2024,15,FP2
0 days 00:34:37.706000,21.3,64.0,1006.8,False,31.0,217,5.9,2024,15,FP2
0 days 00:35:37.716000,21.2,64.0,1006.8,False,31.0,215,5.1,2024,15,FP2
0 days 00:36:37.733000,21.2,64.0,1006.9,False,31.1,209,5.6,2024,15,FP2
0 days 00:37:37.735000,21.2,65.0,1006.8,False,31.1,208,5.6,2024,15,FP2
0 days 00:38:37.744000,21.1,64.0,1006.9,False,31.0,205,5.0,2024,15,FP2
0 days 00:39:37.736000,21.2,64.0,1006.9,False,31.0,211,5.0,2024,15,FP2
0 days 00:40:37.744000,21.2,63.0,1006.9,False,31.0,209,5.1,2024,15,FP2
0 days 00:41:37.766000,21.3,63.0,1006.8,False,31.1,201,4.9,2024,15,FP2
0 days 00:42:37.770000,21.3,63.0,1006.8,False,31.2,197,5.7,2024,15,FP2
0 days 00:43:37.774000,21.3,63.0,1006.8,False,31.3,201,5.9,2024,15,FP2
0 days 00:44:37.776000,21.4,63.0,1007.0,False,31.5,199,5.6,2024,15,FP2
0 days 00:45:37.773000,21.5,63.0,1006.9,False,31.5,201,5.4,2024,15,FP2
0 days 00:46:37.769000,21.5,64.0,1007.0,False,31.5,198,5.2,2024,15,FP2
0 days 00:47:37.779000,21.5,62.0,1007.0,False,31.3,208,4.9,2024,15,FP2
0 days 00:48:37.776000,21.5,62.0,1007.1,False,31.2,206,5.5,2024,15,FP2
0 days 00:49:37.787000,21.4,62.0,1007.0,False,31.1,200,5.2,2024,15,FP2
0 days 00:50:37.776000,21.4,62.0,1007.1,False,31.3,216,5.6,2024,15,FP2
0 days 00:51:37.779000,21.4,62.0,1007.0,False,31.3,203,5.2,2024,15,FP2
0 days 00:52:37.770000,21.4,62.0,1007.1,False,31.2,203,5.7,2024,15,FP2
0 days 00:53:37.777000,21.3,61.0,1007.1,False,31.4,198,5.6,2024,15,FP2
0 days 00:54:37.780000,21.3,62.0,1007.2,False,31.5,214,5.5,2024,15,FP2
0 days 00:55:37.791000,21.4,61.0,1007.2,False,31.5,199,5.3,2024,15,FP2
0 days 00:56:37.784000,21.4,61.0,1007.1,False,31.1,214,4.9,2024,15,FP2
0 days 00:57:37.787000,21.4,60.0,1007.2,False,31.1,211,5.0,2024,15,FP2
0 days 00:58:37.811000,21.4,61.0,1007.2,False,31.1,198,5.2,2024,15,FP2
0 days 00:59:37.791000,21.5,62.0,1007.2,False,31.1,193,5.5,2024,15,FP2
0 days 01:00:37.787000,21.5,62.0,1007.2,False,31.1,219,4.9,2024,15,FP2
0 days 01:01:37.782000,21.4,62.0,1007.1,False,31.2,199,4.8,2024,15,FP2
0 days 01:02:37.791000,21.5,62.0,1007.2,False,31.2,216,5.1,2024,15,FP2
0 days 01:03:37.792000,21.5,62.0,1007.4,False,31.1,221,5.0,2024,15,FP2
0 days 01:04:37.789000,21.5,62.0,1007.3,False,30.6,210,5.6,2024,15,FP2
0 days 01:05:37.791000,21.5,61.0,1007.2,False,30.5,213,4.3,2024,15,FP2
0 days 01:06:37.790000,21.4,60.0,1007.3,False,30.4,224,5.5,2024,15,FP2
0 days 01:07:37.790000,21.5,61.0,1007.3,False,30.3,212,5.2,2024,15,FP2
0 days 01:08:37.797000,21.4,62.0,1007.3,False,30.0,210,4.9,2024,15,FP2
0 days 01:09:37.783000,21.4,61.0,1007.3,False,29.8,199,5.5,2024,15,FP2
0 days 01:10:37.800000,21.3,63.0,1007.4,False,29.8,205,4.8,2024,15,FP2
0 days 01:11:37.794000,21.3,64.0,1007.3,False,29.9,222,4.8,2024,15,FP2
0 days 01:12:37.950000,21.3,65.0,1007.3,False,30.2,224,4.8,2024,15,FP2
0 days 01:13:37.956000,21.3,63.0,1007.4,False,30.3,213,4.6,2024,15,FP2
0 days 01:14:37.962000,21.4,63.0,1007.4,False,30.4,225,4.7,2024,15,FP2
0 days 01:15:37.972000,21.3,62.0,1007.4,False,30.4,204,4.6,2024,15,FP2
0 days 01:16:37.965000,21.3,62.0,1007.4,False,30.3,222,4.9,2024,15,FP2
0 days 01:17:37.972000,21.3,63.0,1007.3,False,30.1,219,4.4,2024,15,FP2
0 days 01:18:37.971000,21.2,63.0,1007.4,False,29.8,217,5.1,2024,15,FP2
0 days 00:00:58.377000,34.0,34.0,994.8,False,43.6,217,1.1,2024,16,FP2
0 days 00:01:58.383000,34.0,34.0,994.9,False,43.6,216,1.2,2024,16,FP2
0 days 00:02:58.384000,34.1,33.0,994.9,False,43.3,227,1.0,2024,16,FP2
0 days 00:03:58.377000,34.2,33.0,994.8,False,43.6,284,0.7,2024,16,FP2
0 days 00:04:58.381000,34.2,33.0,994.9,False,43.4,198,0.7,2024,16,FP2
0 days 00:05:58.373000,34.1,33.0,994.8,False,42.8,245,1.1,2024,16,FP2
0 days 00:06:58.395000,34.2,33.0,995.0,False,42.7,235,0.7,2024,16,FP2
0 days 00:07:58.380000,34.1,33.0,994.9,False,42.6,248,1.4,2024,16,FP2
0 days 00:08:58.391000,34.0,34.0,994.9,False,42.5,319,1.0,2024,16,FP2
0 days 00:09:58.391000,34.0,32.0,994.8,False,42.5,284,0.3,2024,16,FP2
0 days 00:10:58.381000,34.0,33.0,994.8,False,42.4,330,1.0,2024,16,FP2
0 days 00:11:58.393000,34.0,33.0,994.8,False,42.2,318,0.7,2024,16,FP2
0 days 00:12:58.433000,34.0,33.0,994.8,False,42.4,230,0.7,2024,16,FP2
0 days 00:13:58.389000,34.1,33.0,994.8,False,42.4,7,0.5,2024,16,FP2
0 days 00:14:58.387000,34.2,33.0,994.8,False,42.4,13,1.0,2024,16,FP2
0 days 00:15:58.399000,34.2,34.0,994.9,False,42.8,210,1.1,2024,16,FP2
0 days 00:16:58.383000,34.2,32.0,994.8,False,42.9,222,0.6,2024,16,FP2
0 days 00:17:58.385000,34.2,32.0,994.8,False,42.9,114,1.0,2024,16,FP2
0 days 00:18:58.393000,34.3,32.0,994.7,False,43.1,251,1.1,2024,16,FP2
0 days 00:19:58.389000,34.4,32.0,994.8,False,42.9,295,1.2,2024,16,FP2
0 days 00:20:58.391000,34.3,32.0,994.8,False,42.1,249,0.9,2024,16,FP2
0 days 00:21:58.387000,34.3,32.0,994.9,False,42.1,257,0.8,2024,16,FP2
0 days 00:22:58.400000,34.2,32.0,994.7,False,42.0,221,1.0,2024,16,FP2
0 days 00:23:58.406000,34.2,33.0,994.8,False,42.0,326,1.0,2024,16,FP2
0 days 00:24:58.397000,34.2,33.0,994.8,False,42.5,250,1.4,2024,16,FP2
0 days 00:25:58.402000,34.2,32.0,994.8,False,42.1,236,1.2,2024,16,FP2
0 days 00:26:58.400000,34.3,32.0,994.8,False,42.2,215,1.6,2024,16,FP2
0 days 00:27:58.403000,34.3,32.0,994.8,False,42.0,200,1.6,2024,16,FP2
0 days 00:28:58.400000,34.3,32.0,994.8,False,41.8,219,1.3,2024,16,FP2
0 days 00:29:58.408000,34.2,32.0,994.7,False,41.6,206,0.9,2024,16,FP2
0 days 00:30:58.404000,34.1,32.0,994.9,False,41.7,215,1.2,2024,16,FP2
0 days 00:31:58.407000,34.0,32.0,994.8,False,41.6,193,1.6,2024,16,FP2
0 days 00:32:58.405000,34.0,32.0,994.7,False,41.7,181,2.9,2024,16,FP2
0 days 00:33:58.399000,34.0,32.0,994.7,False,41.8,187,2.1,2024,16,FP2
0 days 00:34:58.398000,33.9,33.0,994.8,False,42.1,239,1.5,2024,16,FP2
0 days 00:35:58.407000,33.9,33.0,994.8,False,42.1,239,1.5,2024,16,FP2
0 days 00:36:58.407000,33.8,33.0,994.7,False,41.7,36,0.7,2024,16,FP2
0 days 00:37:58.406000,33.8,33.0,994.9,False,41.7,306,0.5,2024,16,FP2
0 days 00:38:58.406000,33.9,33.0,994.9,False,41.7,203,1.1,2024,16,FP2
0 days 00:39:58.409000,34.0,32.0,994.9,False,41.7,153,0.8,2024,16,FP2
0 days 00:40:58.407000,34.1,32.0,994.7,False,46.8,188,0.5,2024,16,FP2
0 days 00:41:58.415000,34.1,32.0,994.7,False,46.9,0,0.5,2024,16,FP2
0 days 00:42:58.411000,34.1,32.0,994.7,False,47.3,256,0.3,2024,16,FP2
0 days 00:43:58.410000,34.0,32.0,994.7,False,47.3,256,0.3,2024,16,FP2
0 days 00:44:58.407000,33.9,32.0,994.7,False,47.6,0,0.9,2024,16,FP2
0 days 00:45:58.417000,33.8,32.0,994.7,False,47.7,0,0.5,2024,16,FP2
0 days 00:46:58.413000,33.8,33.0,994.7,False,47.7,357,0.5,2024,16,FP2
0 days 00:47:58.408000,33.8,33.0,994.8,False,47.7,319,0.7,2024,16,FP2
0 days 00:48:58.413000,33.8,33.0,994.7,False,47.7,0,0.4,2024,16,FP2
0 days 00:49:58.424000,33.9,32.0,994.8,False,48.0,17,0.0,2024,16,FP2
0 days 00:50:58.430000,33.9,32.0,994.7,False,48.0,282,0.7,2024,16,FP2
0 days 00:51:58.430000,33.8,32.0,994.7,False,48.0,282,0.7,2024,16,FP2
0 days 00:52:58.449000,33.8,32.0,994.8,False,46.7,162,0.5,2024,16,FP2
0 days 00:53:58.471000,33.8,32.0,994.7,False,46.7,304,0.0,2024,16,FP2
0 days 00:54:58.469000,33.9,32.0,994.7,False,47.1,309,0.9,2024,16,FP2
0 days 00:55:58.471000,33.9,32.0,994.7,False,46.6,268,0.8,2024,16,FP2
0 days 00:56:58.465000,33.8,32.0,994.7,False,46.6,267,0.4,2024,16,FP2
0 days 00:57:58.466000,33.7,32.0,994.7,False,46.7,245,0.3,2024,16,FP2
0 days 00:58:58.464000,33.7,33.0,994.6,False,47.1,214,0.7,2024,16,FP2
0 days 00:59:58.472000,33.7,32.0,994.6,False,47.3,214,2.0,2024,16,FP2
0 days 01:00:58.462000,33.8,32.0,994.7,False,47.3,218,1.7,2024,16,FP2
0 days 01:01:58.466000,33.9,31.0,994.6,False,46.9,209,1.9,2024,16,FP2
0 days 01:02:58.467000,34.0,31.0,994.6,False,45.9,205,2.1,2024,16,FP2
0 days 01:03:58.469000,33.9,31.0,994.6,False,45.9,224,1.8,2024,16,FP2
0 days 01:04:58.474000,33.9,31.0,994.6,False,45.7,221,2.2,2024,16,FP2
0 days 01:05:58.468000,33.9,31.0,994.8,False,45.6,229,1.8,2024,16,FP2
0 days 01:06:58.469000,33.9,31.0,994.6,False,45.5,233,1.7,2024,16,FP2
0 days 01:07:58.468000,34.0,32.0,994.5,False,45.4,222,1.7,2024,16,FP2
0 days 01:08:58.478000,34.0,31.0,994.6,False,45.5,220,1.2,2024,16,FP2
0 days 01:09:58.485000,34.0,31.0,994.6,False,45.4,209,1.3,2024,16,FP2
0 days 01:10:58.477000,34.1,32.0,994.6,False,45.6,210,1.6,2024,16,FP2
0 days 01:11:58.479000,34.1,31.0,994.5,False,45.5,233,1.9,2024,16,FP2
0 days 01:12:58.498000,34.2,31.0,994.6,False,45.4,217,1.1,2024,16,FP2
0 days 01:13:58.498000,34.3,31.0,994.6,False,45.1,211,1.7,2024,16,FP2
0 days 01:14:58.518000,34.3,31.0,994.5,False,45.2,198,1.6,2024,16,FP2
0 days 01:15:58.527000,34.2,31.0,994.5,False,45.1,214,1.5,2024,16,FP2
0 days 01:16:58.532000,34.1,31.0,994.5,False,44.0,206,1.1,2024,16,FP2
0 days 01:17:58.549000,34.0,31.0,994.5,False,43.9,245,1.4,2024,16,FP2
0 days 01:18:58.566000,34.0,31.0,994.5,False,44.1,190,1.7,2024,16,FP2
0 days 00:00:10.951000,28.9,33.0,1015.1,False,41.2,62,1.6,2024,17,FP2
0 days 00:01:10.950000,28.7,32.0,1015.1,False,40.9,94,1.8,2024,17,FP2
0 days 00:02:10.950000,28.8,31.0,1015.1,False,40.6,85,1.8,2024,17,FP2
0 days 00:03:10.952000,28.7,30.0,1015.0,False,40.0,80,2.5,2024,17,FP2
0 days 00:04:10.952000,28.6,30.0,1015.1,False,39.8,115,2.6,2024,17,FP2
0 days 00:05:10.954000,28.5,29.0,1015.2,False,39.5,42,1.9,2024,17,FP2
0 days 00:06:10.955000,28.4,29.0,1015.0,False,39.2,96,1.6,2024,17,FP2
0 days 00:07:10.955000,28.5,30.0,1015.0,False,39.1,171,0.8,2024,17,FP2
0 days 00:08:10.958000,28.6,30.0,1015.0,False,39.1,57,1.3,2024,17,FP2
0 days 00:09:10.963000,28.6,29.0,1015.0,False,39.1,97,0.6,2024,17,FP2
0 days 00:10:10.957000,28.7,30.0,1015.1,False,39.3,80,0.7,2024,17,FP2
0 days 00:11:10.957000,28.8,30.0,1014.9,False,39.1,86,1.2,2024,17,FP2
0 days 00:12:10.958000,28.9,29.0,1015.1,False,38.8,54,1.4,2024,17,FP2
0 days 00:13:10.958000,29.0,31.0,1015.0,False,38.4,82,1.2,2024,17,FP2
0 days 00:14:10.959000,28.8,31.0,1015.0,False,38.5,97,1.5,2024,17,FP2
0 days 00:15:10.960000,28.7,31.0,1014.9,False,38.9,85,1.6,2024,17,FP2
0 days 00:16:10.961000,28.8,31.0,1014.9,False,38.4,112,2.3,2024,17,FP2
0 days 00:17:10.961000,28.8,31.0,1014.9,False,38.1,101,1.9,2024,17,FP2
0 days 00:18:10.963000,28.8,30.0,1014.9,False,38.0,141,2.0,2024,17,FP2
0 days 00:19:10.963000,28.8,30.0,1014.9,False,38.0,100,0.8,2024,17,FP2
0 days 00:20:10.964000,28.9,30.0,1014.8,False,38.1,96,1.1,2024,17,FP2
0 days 00:21:10.965000,29.0,29.0,1015.0,False,38.0,85,0.8,2024,17,FP2
0 days 00:22:10.965000,29.2,29.0,1015.0,False,37.6,0,1.0,2024,17,FP2
0 days 00:23:10.959000,29.0,29.0,1014.9,False,37.6,197,0.9,2024,17,FP2
0 days 00:24:10.967000,29.0,28.0,1014.9,False,37.5,57,1.1,2024,17,FP2
0 days 00:25:10.969000,29.1,28.0,1015.0,False,37.2,0,0.9,2024,17,FP2
0 days 00:26:10.969000,29.1,29.0,1015.1,False,37.1,39,1.4,2024,17,FP2
0 days 00:27:10.969000,29.1,27.0,1015.0,False,37.2,84,2.0,2024,17,FP2
0 days 00:28:10.971000,29.0,28.0,1015.0,False,36.8,33,1.2,2024,17,FP2
0 days 00:29:10.975000,28.8,28.0,1015.0,False,36.8,180,1.3,2024,17,FP2
0 days 00:30:10.979000,28.7,28.0,1015.0,False,37.0,16,0.6,2024,17,FP2
0 days 00:31:10.973000,28.8,28.0,1015.0,False,37.0,102,0.9,2024,17,FP2
0 days 00:32:10.976000,28.8,29.0,1015.0,False,36.7,54,0.9,2024,17,FP2
0 days 00:33:10.974000,28.7,29.0,1014.9,False,36.8,121,0.6,2024,17,FP2
0 days 00:34:10.976000,28.8,28.0,1014.9,False,36.9,358,1.2,2024,17,FP2
0 days 00:35:10.976000,28.9,29.0,1015.0,False,36.6,91,1.8,2024,17,FP2
0 days 00:36:10.983000,28.9,29.0,1015.0,False,36.1,74,2.0,2024,17,FP2
0 days 00:37:10.976000,28.8,29.0,1015.0,False,36.1,97,1.9,2024,17,FP2
0 days 00:38:10.979000,28.6,29.0,1015.0,False,36.1,87,1.6,2024,17,FP2
0 days 00:39:10.978000,28.5,30.0,1015.1,False,36.0,98,1.2,2024,17,FP2
0 days 00:40:10.980000,28.5,30.0,1015.1,False,36.0,55,1.4,2024,17,FP2
0 days 00:41:10.978000,28.8,30.0,1015.0,False,36.3,177,1.0,2024,17,FP2
0 days 00:42:10.979000,28.9,30.0,1015.1,False,36.3,79,1.1,2024,17,FP2
0 days 00:43:10.980000,28.9,30.0,1015.1,False,36.0,73,1.2,2024,17,FP2
0 days 00:44:10.984000,28.8,31.0,1015.1,False,36.0,49,0.9,2024,17,FP2
0 days 00:45:10.981000,28.8,31.0,1015.1,False,35.8,39,1.5,2024,17,FP2
0 days 00:46:10.982000,28.7,31.0,1015.2,False,35.5,160,1.0,2024,17,FP2
0 days 00:47:10.984000,28.6,31.0,1015.1,False,35.4,66,1.8,2024,17,FP2
0 days 00:48:10.984000,28.5,32.0,1015.2,False,35.4,82,1.5,2024,17,FP2
0 days 00:49:10.985000,28.5,32.0,1015.1,False,35.4,114,1.9,2024,17,FP2
0 days 00:50:10.986000,28.5,32.0,1015.2,False,35.4,65,1.6,2024,17,FP2
0 days 00:51:10.987000,28.6,32.0,1015.2,False,35.2,100,1.3,2024,17,FP2
0 days 00:52:10.987000,28.5,32.0,1015.2,False,35.2,88,0.9,2024,17,FP2
0 days 00:53:10.988000,28.5,32.0,1015.1,False,35.2,0,0.0,2024,17,FP2
0 days 00:54:11,28.6,32.0,1015.1,False,35.4,58,0.9,2024,17,FP2
0 days 00:55:10.990000,28.5,32.0,1015.2,False,35.1,61,0.9,2024,17,FP2
0 days 00:56:10.992000,28.4,33.0,1015.1,False,34.9,71,1.9,2024,17,FP2
0 days 00:57:10.993000,28.3,34.0,1015.1,False,34.8,86,1.5,2024,17,FP2
0 days 00:58:10.992000,28.3,33.0,1015.1,False,34.9,106,1.9,2024,17,FP2
0 days 00:59:10.992000,28.2,33.0,1015.2,False,34.9,86,1.4,2024,17,FP2
0 days 01:00:10.993000,28.3,33.0,1015.0,False,34.8,38,2.0,2024,17,FP2
0 days 01:01:10.995000,28.2,35.0,1015.1,False,34.5,335,0.7,2024,17,FP2
0 days 01:02:10.995000,28.1,35.0,1015.1,False,34.5,109,0.8,2024,17,FP2
0 days 01:03:10.996000,28.1,35.0,1015.1,False,34.8,51,0.9,2024,17,FP2
0 days 01:04:10.996000,28.1,35.0,1015.2,False,34.6,145,0.9,2024,17,FP2
0 days 01:05:10.998000,28.2,36.0,1015.1,False,34.5,234,0.9,2024,17,FP2
0 days 01:06:10.998000,28.2,39.0,1015.2,False,34.3,2,1.7,2024,17,FP2
0 days 01:07:10.999000,28.2,39.0,1015.2,False,34.1,79,0.7,2024,17,FP2
0 days 01:08:10.999000,28.2,40.0,1015.2,False,34.2,58,1.0,2024,17,FP2
0 days 01:09:11,28.1,41.0,1015.2,False,34.2,52,0.6,2024,17,FP2
0 days 01:10:11.002000,28.1,41.0,1015.2,False,34.2,80,0.4,2024,17,FP2
0 days 01:11:11.002000,28.0,41.0,1015.2,False,34.3,332,0.5,2024,17,FP2
0 days 01:12:11.003000,28.1,42.0,1015.1,False,34.2,283,0.8,2024,17,FP2
0 days 01:13:11.007000,28.2,43.0,1015.2,False,33.9,266,0.9,2024,17,FP2
0 days 01:14:11.005000,28.1,44.0,1015.2,False,33.6,321,1.1,2024,17,FP2
0 days 01:15:11.004000,28.0,45.0,1015.3,False,33.6,273,0.7,2024,17,FP2
0 days 01:16:11.013000,27.8,45.0,1015.2,False,33.4,99,0.7,2024,17,FP2
0 days 01:17:11.005000,27.8,46.0,1015.1,False,33.4,270,0.9,2024,17,FP2
0 days 01:18:11.006000,27.6,46.0,1015.1,False,33.4,252,1.0,2024,17,FP2
0 days 01:19:11.007000,27.5,46.0,1015.2,False,33.4,327,0.6,2024,17,FP2
0 days 01:20:11.007000,27.5,47.0,1015.2,False,33.5,271,0.9,2024,17,FP2
0 days 01:21:11.008000,27.5,47.0,1015.2,False,32.9,299,0.6,2024,17,FP2
0 days 00:00:18.010000,30.1,74.0,1007.8,False,33.1,202,1.2,2024,18,FP2
0 days 00:01:18.009000,30.1,74.0,1007.8,False,33.6,191,1.1,2024,18,FP2
0 days 00:02:18.026000,30.1,74.0,1007.8,False,33.6,191,1.1,2024,18,FP2
0 days 00:03:18.031000,30.1,73.0,1007.8,False,33.2,207,1.3,2024,18,FP2
0 days 00:04:18.026000,30.1,74.0,1007.8,False,33.2,210,1.5,2024,18,FP2
0 days 00:05:18.026000,30.1,74.0,1007.8,False,33.2,219,1.4,2024,18,FP2
0 days 00:06:18.026000,30.1,74.0,1007.8,False,33.4,171,1.6,2024,18,FP2
0 days 00:07:18.027000,30.1,74.0,1007.8,False,33.4,193,1.1,2024,18,FP2
0 days 00:08:18.028000,30.1,74.0,1007.8,False,33.3,185,1.6,2024,18,FP2
0 days 00:09:18.030000,30.1,74.0,1007.8,False,33.2,186,1.4,2024,18,FP2
0 days 00:10:18.035000,30.0,74.0,1007.9,False,33.2,194,1.6,2024,18,FP2
0 days 00:11:18.031000,30.0,74.0,1007.9,False,33.3,214,1.2,2024,18,FP2
0 days 00:12:18.031000,30.1,74.0,1007.9,False,33.4,215,1.2,2024,18,FP2
0 days 00:13:18.032000,30.1,74.0,1007.9,False,33.4,190,1.2,2024,18,FP2
0 days 00:14:18.032000,30.1,74.0,1007.9,False,33.3,219,1.1,2024,18,FP2
0 days 00:15:18.032000,30.1,74.0,1007.9,False,33.3,202,1.3,2024,18,FP2
0 days 00:16:18.035000,30.1,74.0,1007.9,False,33.3,191,1.2,2024,18,FP2
0 days 00:17:18.039000,30.1,74.0,1007.9,False,33.3,214,1.8,2024,18,FP2
0 days 00:18:18.035000,30.1,74.0,1008.0,False,33.1,185,1.4,2024,18,FP2
0 days 00:19:18.040000,30.1,74.0,1008.0,False,33.1,213,1.7,2024,18,FP2
0 days 00:20:18.047000,30.2,74.0,1007.9,False,33.0,207,1.5,2024,18,FP2
0 days 00:21:18.040000,30.3,74.0,1008.0,False,33.3,190,1.6,2024,18,FP2
0 days 00:22:18.038000,30.3,74.0,1007.9,False,33.4,196,1.7,2024,18,FP2
0 days 00:23:18.040000,30.3,74.0,1007.9,False,33.4,207,1.5,2024,18,FP2
0 days 00:24:18.040000,30.3,73.0,1007.9,False,33.4,194,1.8,2024,18,FP2
0 days 00:25:18.041000,30.3,73.0,1008.0,False,33.5,207,1.6,2024,18,FP2
0 days 00:26:18.042000,30.3,73.0,1007.9,False,33.5,213,1.7,2024,18,FP2
0 days 00:27:18.046000,30.3,73.0,1008.0,False,33.3,213,2.2,2024,18,FP2
0 days 00:28:18.046000,30.3,73.0,1008.0,False,33.0,204,1.7,2024,18,FP2
0 days 00:29:18.045000,30.3,73.0,1008.0,False,33.1,178,2.3,2024,18,FP2
0 days 00:30:18.049000,30.3,73.0,1008.0,False,33.0,184,1.9,2024,18,FP2
0 days 00:31:18.044000,30.3,73.0,1008.0,False,33.0,209,1.9,2024,18,FP2
0 days 00:32:18.051000,30.3,73.0,1008.0,False,33.1,176,1.5,2024,18,FP2
0 days 00:33:18.047000,30.3,73.0,1008.0,False,33.1,198,1.6,2024,18,FP2
0 days 00:34:18.074000,30.3,73.0,1008.0,False,32.7,190,1.1,2024,18,FP2
0 days 00:35:18.048000,30.2,74.0,1008.0,False,32.9,215,2.0,2024,18,FP2
0 days 00:36:18.048000,30.2,74.0,1008.0,False,33.0,215,1.9,2024,18,FP2
0 days 00:37:18.050000,30.1,73.0,1008.0,False,33.0,211,1.8,2024,18,FP2
0 days 00:38:18.051000,30.1,74.0,1008.0,False,32.8,184,2.0,2024,18,FP2
0 days 00:39:18.054000,30.1,74.0,1008.1,False,33.0,211,1.3,2024,18,FP2
0 days 00:40:18.051000,30.1,74.0,1008.2,False,32.7,197,1.6,2024,18,FP2
0 days 00:41:18.051000,30.1,74.0,1008.1,False,32.7,179,1.7,2024,18,FP2
0 days 00:42:18.055000,30.1,73.0,1008.1,False,32.9,198,1.9,2024,18,FP2
0 days 00:43:18.058000,30.1,74.0,1008.1,False,32.9,208,1.8,2024,18,FP2
0 days 00:44:18.149000,30.2,73.0,1008.1,False,33.0,196,1.5,2024,18,FP2
0 days 00:45:18.132000,30.2,74.0,1008.1,False,32.9,213,1.9,2024,18,FP2
0 days 00:46:18.134000,30.2,74.0,1008.1,False,32.9,221,1.9,2024,18,FP2
0 days 00:47:18.151000,30.2,74.0,1008.1,False,32.9,220,1.8,2024,18,FP2
0 days 00:48:18.153000,30.2,74.0,1008.1,False,32.9,211,1.6,2024,18,FP2
0 days 00:49:18.152000,30.2,74.0,1008.1,False,32.9,214,1.9,2024,18,FP2
0 days 00:50:18.158000,30.2,74.0,1008.2,False,32.8,190,2.1,2024,18,FP2
0 days 00:51:18.156000,30.2,74.0,1008.2,False,32.8,215,2.2,2024,18,FP2
0 days 00:52:18.156000,30.2,74.0,1008.2,False,32.9,207,2.1,2024,18,FP2
0 days 00:53:18.157000,30.1,75.0,1008.3,False,32.9,187,1.8,2024,18,FP2
0 days 00:54:18.159000,30.2,75.0,1008.2,False,32.9,205,1.6,2024,18,FP2
0 days 00:55:18.155000,30.1,74.0,1008.3,False,32.8,213,2.0,2024,18,FP2
0 days 00:56:18.161000,30.1,75.0,1008.3,False,32.7,214,1.9,2024,18,FP2
0 days 00:57:18.158000,30.1,74.0,1008.3,False,32.7,213,1.8,2024,18,FP2
0 days 00:58:18.175000,30.1,74.0,1008.3,False,32.7,218,1.8,2024,18,FP2
0 days 00:59:18.191000,30.1,74.0,1008.3,False,32.6,222,2.2,2024,18,FP2
0 days 01:00:18.195000,30.1,75.0,1008.4,False,32.8,184,1.1,2024,18,FP2
0 days 01:01:18.192000,30.1,75.0,1008.3,False,32.8,192,1.5,2024,18,FP2
0 days 01:02:18.205000,30.1,74.0,1008.4,False,32.7,205,1.3,2024,18,FP2
0 days 01:03:18.198000,30.1,75.0,1008.3,False,32.7,209,2.4,2024,18,FP2
0 days 01:04:18.193000,30.2,74.0,1008.3,False,32.7,195,1.7,2024,18,FP2
0 days 01:05:18.196000,30.3,74.0,1008.3,False,32.6,206,1.7,2024,18,FP2
0 days 01:06:18.197000,30.2,75.0,1008.3,False,32.6,209,1.6,2024,18,FP2
0 days 01:07:18.204000,30.3,74.0,1008.3,False,32.6,207,1.7,2024,18,FP2
0 days 01:08:18.198000,30.3,74.0,1008.3,False,32.7,208,1.6,2024,18,FP2
0 days 01:09:18.203000,30.3,74.0,1008.3,False,32.7,201,1.5,2024,18,FP2
0 days 01:10:18.201000,30.3,74.0,1008.5,False,32.7,201,2.1,2024,18,FP2
0 days 01:11:18.200000,30.3,74.0,1008.4,False,32.7,212,2.0,2024,18,FP2
0 days 01:12:18.202000,30.3,74.0,1008.4,False,32.8,201,1.8,2024,18,FP2
0 days 01:13:18.204000,30.3,74.0,1008.5,False,32.7,214,2.2,2024,18,FP2
0 days 01:14:18.202000,30.3,74.0,1008.4,False,32.5,214,1.9,2024,18,FP2
0 days 01:15:18.202000,30.3,75.0,1008.5,False,32.5,201,1.7,2024,18,FP2
0 days 01:16:18.204000,30.3,75.0,1008.4,False,32.4,213,1.7,2024,18,FP2
0 days 01:17:18.204000,30.2,75.0,1008.5,False,32.4,215,1.4,2024,18,FP2
0 days 01:18:18.204000,30.2,75.0,1008.5,False,32.3,217,1.6,2024,18,FP2
0 days 01:19:18.206000,30.2,75.0,1008.6,False,32.3,190,1.6,2024,18,FP2
0 days 01:20:18.208000,30.2,75.0,1008.6,False,32.4,216,1.6,2024,18,FP2
0 days 01:21:18.207000,30.1,75.0,1008.5,False,32.4,209,1.7,2024,18,FP2
0 days 00:00:21.707000,22.8,27.0,783.2,False,42.9,267,0.9,2024,20,FP2
0 days 00:01:21.717000,22.9,27.0,783.3,False,42.7,292,1.9,2024,20,FP2
0 days 00:02:21.733000,22.9,26.0,783.3,False,42.6,274,2.5,2024,20,FP2
0 days 00:03:21.734000,22.8,27.0,783.3,False,42.5,324,1.8,2024,20,FP2
0 days 00:04:21.736000,22.8,28.0,783.3,False,42.2,277,1.9,2024,20,FP2
0 days 00:05:21.750000,22.7,27.0,783.3,False,42.1,278,1.0,2024,20,FP2
0 days 00:06:21.767000,22.8,28.0,783.2,False,42.1,308,2.2,2024,20,FP2
0 days 00:07:21.769000,22.9,28.0,783.3,False,42.4,297,2.8,2024,20,FP2
0 days 00:08:21.769000,22.8,27.0,783.2,False,42.4,238,2.7,2024,20,FP2
0 days 00:09:21.773000,22.7,28.0,783.3,False,42.3,314,2.4,2024,20,FP2
0 days 00:10:21.775000,22.7,28.0,783.2,False,42.2,239,0.8,2024,20,FP2
0 days 00:11:21.772000,22.6,28.0,783.2,False,41.9,285,1.0,2024,20,FP2
0 days 00:12:21.773000,22.6,28.0,783.2,False,41.9,268,0.9,2024,20,FP2
0 days 00:13:21.773000,22.7,28.0,783.3,False,41.9,275,1.1,2024,20,FP2
0 days 00:14:21.775000,22.7,28.0,783.2,False,41.9,275,1.4,2024,20,FP2
0 days 00:15:21.774000,22.8,28.0,783.3,False,41.8,279,1.1,2024,20,FP2
0 days 00:16:21.775000,22.9,28.0,783.2,False,41.8,309,1.2,2024,20,FP2
0 days 00:17:21.775000,23.0,28.0,783.3,False,41.8,197,1.0,2024,20,FP2
0 days 00:18:21.777000,23.0,28.0,783.3,False,41.6,117,0.7,2024,20,FP2
0 days 00:19:21.783000,22.9,27.0,783.3,False,41.6,309,2.6,2024,20,FP2
0 days 00:20:21.795000,22.9,24.0,783.2,False,41.6,269,2.2,2024,20,FP2
0 days 00:21:21.809000,23.0,24.0,783.3,False,41.6,267,2.8,2024,20,FP2
0 days 00:22:21.813000,23.0,24.0,783.2,False,41.4,276,2.2,2024,20,FP2
0 days 00:23:21.830000,23.0,24.0,783.3,False,41.0,287,2.4,2024,20,FP2
0 days 00:24:21.830000,23.0,24.0,783.3,False,41.0,333,1.1,2024,20,FP2
0 days 00:25:21.853000,23.0,24.0,783.3,False,41.0,239,1.5,2024,20,FP2
0 days 00:26:21.841000,23.0,23.0,783.2,False,40.8,304,1.0,2024,20,FP2
0 days 00:27:21.836000,23.0,23.0,783.3,False,41.0,354,1.1,2024,20,FP2
0 days 00:28:21.838000,22.9,23.0,783.3,False,41.0,266,0.9,2024,20,FP2
0 days 00:29:21.862000,22.9,23.0,783.3,False,40.9,271,1.4,2024,20,FP2
0 days 00:30:21.865000,22.9,23.0,783.4,False,40.8,317,1.0,2024,20,FP2
0 days 00:31:21.882000,22.8,23.0,783.3,False,40.7,5,1.6,2024,20,FP2
0 days 00:32:21.886000,22.8,23.0,783.3,False,40.8,293,1.1,2024,20,FP2
0 days 00:33:21.884000,23.0,23.0,783.3,False,40.6,307,1.1,2024,20,FP2
0 days 00:34:21.895000,22.9,23.0,783.3,False,40.6,283,1.9,2024,20,FP2
0 days 00:35:21.890000,23.0,22.0,783.4,False,40.7,276,1.9,2024,20,FP2
0 days 00:36:21.915000,23.0,21.0,783.3,False,40.7,256,1.0,2024,20,FP2
0 days 00:37:21.919000,23.0,20.0,783.3,False,40.6,48,1.2,2024,20,FP2
0 days 00:38:21.916000,23.0,19.0,783.3,False,40.5,294,0.8,2024,20,FP2
0 days 00:39:21.919000,23.0,19.0,783.3,False,40.5,48,0.5,2024,20,FP2
0 days 00:40:21.919000,23.0,20.0,783.3,False,40.4,304,0.5,2024,20,FP2
0 days 00:41:21.926000,23.0,22.0,783.3,False,40.4,332,1.0,2024,20,FP2
0 days 00:42:21.920000,22.9,23.0,783.4,False,40.2,0,1.4,2024,20,FP2
0 days 00:43:21.942000,22.9,24.0,783.3,False,40.3,215,1.0,2024,20,FP2
0 days 00:44:21.923000,22.8,25.0,783.3,False,39.9,190,1.2,2024,20,FP2
0 days 00:45:21.923000,22.7,25.0,783.4,False,39.8,60,0.5,2024,20,FP2
0 days 00:46:21.919000,22.6,26.0,783.4,False,39.6,31,1.8,2024,20,FP2
0 days 00:47:21.925000,22.6,26.0,783.3,False,39.5,269,1.2,2024,20,FP2
0 days 00:48:21.926000,22.7,26.0,783.3,False,39.5,286,1.2,2024,20,FP2
0 days 00:49:21.928000,22.7,26.0,783.3,False,39.3,251,1.1,2024,20,FP2
0 days 00:50:21.927000,22.6,26.0,783.3,False,39.2,289,1.1,2024,20,FP2
0 days 00:51:21.928000,22.7,26.0,783.3,False,39.0,330,1.6,2024,20,FP2
0 days 00:52:21.924000,22.8,26.0,783.3,False,38.9,243,0.7,2024,20,FP2
0 days 00:53:21.930000,22.8,27.0,783.4,False,38.8,264,0.7,2024,20,FP2
0 days 00:54:21.934000,22.9,27.0,783.4,False,38.6,293,1.2,2024,20,FP2
0 days 00:55:21.942000,23.0,27.0,783.3,False,38.5,227,0.7,2024,20,FP2
0 days 00:56:21.935000,23.0,27.0,783.2,False,38.1,168,0.6,2024,20,FP2
0 days 00:57:21.935000,22.9,27.0,783.3,False,38.0,0,0.6,2024,20,FP2
0 days 00:58:21.934000,22.9,27.0,783.3,False,37.5,310,0.0,2024,20,FP2
0 days 00:59:21.934000,22.9,28.0,783.4,False,37.3,308,0.0,2024,20,FP2
0 days 01:00:21.935000,22.9,28.0,783.3,False,37.4,249,0.5,2024,20,FP2
0 days 01:01:21.937000,22.9,28.0,783.3,False,37.4,341,0.9,2024,20,FP2
0 days 01:02:21.941000,22.8,27.0,783.3,False,37.1,312,0.8,2024,20,FP2
0 days 01:03:21.939000,22.9,27.0,783.4,False,36.9,248,0.3,2024,20,FP2
0 days 01:04:21.938000,22.8,28.0,783.3,False,36.8,319,1.0,2024,20,FP2
0 days 01:05:21.938000,22.7,28.0,783.3,False,36.7,256,1.8,2024,20,FP2
0 days 01:06:21.943000,22.6,28.0,783.3,False,36.8,265,1.0,2024,20,FP2
0 days 01:07:21.942000,22.6,28.0,783.3,False,36.6,281,1.4,2024,20,FP2
0 days 01:08:21.943000,22.6,28.0,783.3,False,36.4,273,1.6,2024,20,FP2
0 days 01:09:21.941000,22.6,28.0,783.3,False,36.4,261,1.2,2024,20,FP2
0 days 01:10:21.943000,22.6,29.0,783.3,False,36.3,298,1.5,2024,20,FP2
0 days 01:11:21.943000,22.7,28.0,783.2,False,36.3,113,1.8,2024,20,FP2
0 days 01:12:21.945000,22.7,28.0,783.3,False,36.0,152,1.2,2024,20,FP2
0 days 01:13:21.947000,22.7,29.0,783.4,False,35.9,161,2.2,2024,20,FP2
0 days 01:14:21.947000,22.7,29.0,783.3,False,35.2,358,0.8,2024,20,FP2
0 days 01:15:21.956000,22.8,29.0,783.3,False,35.1,5,0.4,2024,20,FP2
0 days 01:16:21.947000,22.8,29.0,783.3,False,35.1,271,0.4,2024,20,FP2
0 days 01:17:21.949000,22.9,28.0,783.3,False,34.7,263,1.3,2024,20,FP2
0 days 01:18:21.949000,22.9,29.0,783.3,False,34.5,279,2.1,2024,20,FP2
0 days 01:19:21.949000,22.9,29.0,783.4,False,34.5,257,2.1,2024,20,FP2
0 days 01:20:21.951000,22.8,29.0,783.4,False,34.5,258,2.3,2024,20,FP2
0 days 01:21:21.951000,22.8,29.0,783.2,False,34.5,39,1.2,2024,20,FP2
0 days 01:22:21.952000,22.8,29.0,783.4,False,34.2,273,0.8,2024,20,FP2
0 days 01:23:21.952000,22.6,29.0,783.4,False,34.1,290,1.2,2024,20,FP2
0 days 01:24:21.953000,22.7,29.0,783.3,False,34.0,251,1.8,2024,20,FP2
0 days 01:25:21.952000,22.7,30.0,783.4,False,33.7,255,0.9,2024,20,FP2
0 days 01:26:21.951000,22.7,30.0,783.4,False,33.6,271,1.0,2024,20,FP2
0 days 01:27:21.953000,22.6,31.0,783.4,False,33.6,261,1.6,2024,20,FP2
0 days 01:28:21.953000,22.6,31.0,783.4,False,33.5,307,1.4,2024,20,FP2
0 days 01:29:21.956000,22.6,31.0,783.4,False,33.3,275,1.9,2024,20,FP2
0 days 01:30:21.961000,22.6,31.0,783.5,False,33.2,298,2.2,2024,20,FP2
0 days 01:31:21.956000,22.5,32.0,783.3,False,33.2,288,3.1,2024,20,FP2
0 days 01:32:21.957000,22.5,32.0,783.5,False,33.1,260,2.4,2024,20,FP2
0 days 01:33:21.957000,22.6,32.0,783.5,False,33.0,274,1.3,2024,20,FP2
0 days 01:34:21.959000,22.6,32.0,783.5,False,32.9,278,1.0,2024,20,FP2
0 days 01:35:21.958000,22.6,32.0,783.5,False,32.9,279,1.3,2024,20,FP2
0 days 01:36:21.960000,22.6,32.0,783.5,False,32.8,323,1.6,2024,20,FP2
0 days 01:37:21.959000,22.6,32.0,783.5,False,32.7,330,1.8,2024,20,FP2
0 days 01:38:21.962000,22.5,32.0,783.5,False,32.4,290,1.5,2024,20,FP2
0 days 01:39:21.961000,22.6,33.0,783.5,False,32.4,348,1.7,2024,20,FP2
0 days 01:40:21.962000,22.6,33.0,783.5,False,32.3,317,2.3,2024,20,FP2
0 days 01:41:21.963000,22.5,33.0,783.5,False,32.2,240,2.1,2024,20,FP2
0 days 01:42:21.965000,22.5,33.0,783.5,False,32.0,306,2.0,2024,20,FP2
0 days 01:43:21.966000,22.4,33.0,783.6,False,31.9,305,2.4,2024,20,FP2
0 days 01:44:21.965000,22.4,33.0,783.5,False,31.8,323,1.5,2024,20,FP2
0 days 01:45:21.966000,22.3,34.0,783.6,False,31.7,295,1.9,2024,20,FP2
0 days 01:46:21.967000,22.2,34.0,783.6,False,31.5,330,2.9,2024,20,FP2
0 days 01:47:21.967000,22.2,34.0,783.6,False,31.5,282,2.5,2024,20,FP2
0 days 01:48:21.969000,22.1,34.0,783.6,False,31.3,308,2.6,2024,20,FP2
0 days 00:00:05.675000,11.0,24.0,947.9,False,13.2,256,0.5,2024,22,FP2
0 days 00:01:05.676000,11.0,24.0,948.0,False,13.2,233,0.5,2024,22,FP2
0 days 00:02:05.673000,11.0,24.0,947.9,False,13.2,229,0.5,2024,22,FP2
0 days 00:03:05.675000,10.9,25.0,948.0,False,13.1,221,0.6,2024,22,FP2
0 days 00:04:05.681000,11.0,25.0,948.0,False,13.1,211,0.5,2024,22,FP2
0 days 00:04:05.681000,11.0,25.0,948.0,False,13.1,211,0.5,2024,22,FP2
0 days 00:05:05.676000,10.9,25.0,947.9,False,13.1,224,1.0,2024,22,FP2
0 days 00:05:05.676000,10.9,25.0,947.9,False,13.1,224,1.0,2024,22,FP2
0 days 00:06:05.685000,10.9,25.0,948.0,False,13.2,207,1.1,2024,22,FP2
0 days 00:06:05.685000,10.9,25.0,948.0,False,13.2,207,1.1,2024,22,FP2
0 days 00:07:05.677000,10.9,24.0,948.0,False,13.1,219,1.1,2024,22,FP2
0 days 00:07:05.677000,10.9,24.0,948.0,False,13.1,219,1.1,2024,22,FP2
0 days 00:08:05.680000,10.9,24.0,947.9,False,13.1,214,0.8,2024,22,FP2
0 days 00:08:05.680000,10.9,24.0,947.9,False,13.1,214,0.8,2024,22,FP2
0 days 00:09:05.683000,10.9,24.0,947.9,False,13.1,201,1.0,2024,22,FP2
0 days 00:09:05.683000,10.9,24.0,947.9,False,13.1,201,1.0,2024,22,FP2
0 days 00:10:05.678000,11.0,24.0,948.0,False,13.1,207,1.3,2024,22,FP2
0 days 00:10:05.678000,11.0,24.0,948.0,False,13.1,207,1.3,2024,22,FP2
0 days 00:11:05.681000,10.9,24.0,947.9,False,13.0,201,1.4,2024,22,FP2
0 days 00:11:05.681000,10.9,24.0,947.9,False,13.0,201,1.4,2024,22,FP2
0 days 00:12:05.681000,11.0,24.0,947.9,False,13.1,226,1.1,2024,22,FP2
0 days 00:12:05.682000,11.0,24.0,947.9,False,13.1,226,1.1,2024,22,FP2
0 days 00:13:05.687000,10.9,24.0,948.0,False,13.1,234,0.7,2024,22,FP2
0 days 00:13:05.688000,10.9,24.0,948.0,False,13.1,234,0.7,2024,22,FP2
0 days 00:14:05.681000,10.9,24.0,947.9,False,13.1,235,0.5,2024,22,FP2
0 days 00:14:05.682000,10.9,24.0,947.9,False,13.1,235,0.5,2024,22,FP2
0 days 00:15:05.681000,10.9,24.0,947.9,False,13.0,225,0.4,2024,22,FP2
0 days 00:15:05.683000,10.9,24.0,947.9,False,13.0,225,0.4,2024,22,FP2
0 days 00:16:05.684000,10.9,25.0,947.8,False,13.0,214,0.5,2024,22,FP2
0 days 00:16:05.684000,10.9,25.0,947.8,False,13.0,214,0.5,2024,22,FP2
0 days 00:17:05.699000,11.0,25.0,947.9,False,13.0,223,0.6,2024,22,FP2
0 days 00:17:05.699000,11.0,25.0,947.9,False,13.0,223,0.6,2024,22,FP2
0 days 00:18:05.677000,10.9,25.0,947.8,False,13.0,213,0.8,2024,22,FP2
0 days 00:18:05.678000,10.9,25.0,947.8,False,13.0,213,0.8,2024,22,FP2
0 days 00:19:05.687000,10.9,25.0,947.9,False,13.0,220,1.0,2024,22,FP2
0 days 00:19:05.689000,10.9,25.0,947.9,False,13.0,220,1.0,2024,22,FP2
0 days 00:20:05.684000,10.9,25.0,947.9,False,13.1,248,0.8,2024,22,FP2
0 days 00:20:05.685000,10.9,25.0,947.9,False,13.1,248,0.8,2024,22,FP2
0 days 00:21:05.693000,11.0,25.0,947.9,False,13.1,241,0.8,2024,22,FP2
0 days 00:21:05.693000,11.0,25.0,947.9,False,13.1,241,0.8,2024,22,FP2
0 days 00:22:05.708000,11.1,25.0,947.8,False,13.1,214,0.6,2024,22,FP2
0 days 00:22:05.708000,11.1,25.0,947.8,False,13.1,214,0.6,2024,22,FP2
0 days 00:23:05.677000,11.3,25.0,947.9,False,13.1,217,0.7,2024,22,FP2
0 days 00:23:05.678000,11.3,25.0,947.9,False,13.1,217,0.7,2024,22,FP2
0 days 00:24:05.686000,11.3,25.0,947.8,False,13.1,228,0.7,2024,22,FP2
0 days 00:24:05.686000,11.3,25.0,947.8,False,13.1,228,0.7,2024,22,FP2
0 days 00:25:05.688000,11.4,25.0,947.8,False,13.2,223,1.0,2024,22,FP2
0 days 00:25:05.689000,11.4,25.0,947.8,False,13.2,223,1.0,2024,22,FP2
0 days 00:26:05.695000,11.4,25.0,947.8,False,13.2,214,0.7,2024,22,FP2
0 days 00:26:05.696000,11.4,25.0,947.8,False,13.2,214,0.7,2024,22,FP2
0 days 00:27:05.692000,11.5,24.0,947.7,False,13.1,224,0.8,2024,22,FP2
0 days 00:27:05.692000,11.5,24.0,947.7,False,13.1,224,0.8,2024,22,FP2
0 days 00:28:05.691000,11.4,25.0,947.8,False,13.0,213,0.8,2024,22,FP2
0 days 00:28:05.694000,11.4,25.0,947.8,False,13.0,213,0.8,2024,22,FP2
0 days 00:29:05.693000,11.4,24.0,947.7,False,13.0,216,0.9,2024,22,FP2
0 days 00:29:05.694000,11.4,24.0,947.7,False,13.0,216,0.9,2024,22,FP2
0 days 00:30:05.696000,11.4,24.0,947.8,False,13.0,213,1.2,2024,22,FP2
0 days 00:30:05.696000,11.4,24.0,947.8,False,13.0,213,1.2,2024,22,FP2
0 days 00:31:05.708000,11.5,24.0,947.7,False,13.0,222,1.3,2024,22,FP2
0 days 00:31:05.708000,11.5,24.0,947.7,False,13.0,222,1.3,2024,22,FP2
0 days 00:32:05.729000,11.4,24.0,947.8,False,13.0,225,1.2,2024,22,FP2
0 days 00:32:05.729000,11.4,24.0,947.8,False,13.0,225,1.2,2024,22,FP2
0 days 00:33:05.726000,11.3,24.0,947.7,False,13.0,209,1.4,2024,22,FP2
0 days 00:33:05.726000,11.3,24.0,947.7,False,13.0,209,1.4,2024,22,FP2
0 days 00:34:05.743000,11.3,24.0,947.6,False,13.0,215,1.1,2024,22,FP2
0 days 00:34:05.745000,11.3,24.0,947.6,False,13.0,215,1.1,2024,22,FP2
0 days 00:35:05.745000,11.3,24.0,947.8,False,13.0,215,1.1,2024,22,FP2
0 days 00:35:05.746000,11.3,24.0,947.8,False,13.0,215,1.1,2024,22,FP2
0 days 00:36:05.759000,11.3,24.0,947.8,False,12.9,219,1.3,2024,22,FP2
0 days 00:36:05.759000,11.3,24.0,947.8,False,12.9,219,1.3,2024,22,FP2
0 days 00:37:05.760000,11.3,24.0,947.7,False,12.9,215,1.3,2024,22,FP2
0 days 00:37:05.761000,11.3,24.0,947.7,False,12.9,215,1.3,2024,22,FP2
0 days 00:38:05.779000,11.2,24.0,947.7,False,12.9,214,1.2,2024,22,FP2
0 days 00:38:05.779000,11.2,24.0,947.7,False,12.9,214,1.2,2024,22,FP2
0 days 00:39:05.792000,11.3,24.0,947.8,False,13.0,204,1.1,2024,22,FP2
0 days 00:39:05.794000,11.3,24.0,947.8,False,13.0,204,1.1,2024,22,FP2
0 days 00:40:05.792000,11.1,24.0,947.7,False,12.9,229,1.0,2024,22,FP2
0 days 00:40:05.792000,11.1,24.0,947.7,False,12.9,229,1.0,2024,22,FP2
0 days 00:41:05.794000,11.2,24.0,947.8,False,12.9,222,1.1,2024,22,FP2
0 days 00:41:05.794000,11.2,24.0,947.8,False,12.9,222,1.1,2024,22,FP2
0 days 00:42:05.813000,11.2,24.0,947.8,False,12.9,221,1.0,2024,22,FP2
0 days 00:42:05.814000,11.2,24.0,947.8,False,12.9,221,1.0,2024,22,FP2
0 days 00:43:05.829000,11.2,23.0,947.8,False,12.9,207,0.9,2024,22,FP2
0 days 00:43:05.829000,11.2,23.0,947.8,False,12.9,207,0.9,2024,22,FP2
0 days 00:44:05.834000,11.2,24.0,947.7,False,12.9,186,0.9,2024,22,FP2
0 days 00:44:05.835000,11.2,24.0,947.7,False,12.9,186,0.9,2024,22,FP2
0 days 00:45:05.829000,11.2,23.0,947.7,False,12.9,216,0.8,2024,22,FP2
0 days 00:45:05.830000,11.2,23.0,947.7,False,12.9,216,0.8,2024,22,FP2
0 days 00:46:05.831000,11.3,23.0,947.8,False,12.9,211,0.7,2024,22,FP2
0 days 00:46:05.836000,11.3,23.0,947.8,False,12.9,211,0.7,2024,22,FP2
0 days 00:47:05.832000,11.3,23.0,947.8,False,12.9,196,0.7,2024,22,FP2
0 days 00:47:05.832000,11.3,23.0,947.8,False,12.9,196,0.7,2024,22,FP2
0 days 00:48:05.834000,11.3,24.0,947.7,False,12.8,219,0.7,2024,22,FP2
0 days 00:48:05.835000,11.3,24.0,947.7,False,12.8,219,0.7,2024,22,FP2
0 days 00:49:05.841000,11.4,23.0,947.7,False,12.8,184,0.7,2024,22,FP2
0 days 00:49:05.841000,11.4,23.0,947.7,False,12.8,184,0.7,2024,22,FP2
0 days 00:50:05.837000,11.4,23.0,947.7,False,12.8,190,0.9,2024,22,FP2
0 days 00:50:05.837000,11.4,23.0,947.7,False,12.8,190,0.9,2024,22,FP2
0 days 00:51:05.837000,11.4,24.0,947.7,False,12.8,228,0.9,2024,22,FP2
0 days 00:51:05.838000,11.4,24.0,947.7,False,12.8,228,0.9,2024,22,FP2
0 days 00:52:05.837000,11.4,23.0,947.7,False,12.8,217,1.1,2024,22,FP2
0 days 00:52:05.838000,11.4,23.0,947.7,False,12.8,217,1.1,2024,22,FP2
0 days 00:53:05.852000,11.4,23.0,947.8,False,12.7,216,1.2,2024,22,FP2
0 days 00:53:05.852000,11.4,23.0,947.8,False,12.7,216,1.2,2024,22,FP2
0 days 00:54:05.855000,11.3,23.0,947.7,False,12.7,213,1.2,2024,22,FP2
0 days 00:54:05.855000,11.3,23.0,947.7,False,12.7,213,1.2,2024,22,FP2
0 days 00:55:05.870000,11.3,23.0,947.7,False,12.7,214,1.1,2024,22,FP2
0 days 00:55:05.871000,11.3,23.0,947.7,False,12.7,214,1.1,2024,22,FP2
0 days 00:56:05.884000,11.3,24.0,947.7,False,12.7,218,1.0,2024,22,FP2
0 days 00:56:05.885000,11.3,24.0,947.7,False,12.7,218,1.0,2024,22,FP2
0 days 00:57:05.883000,11.1,24.0,947.8,False,12.7,208,0.9,2024,22,FP2
0 days 00:57:05.883000,11.1,24.0,947.8,False,12.7,208,0.9,2024,22,FP2
0 days 00:58:05.883000,11.0,24.0,947.8,False,12.7,206,1.2,2024,22,FP2
0 days 00:58:05.884000,11.0,24.0,947.8,False,12.7,206,1.2,2024,22,FP2
0 days 00:59:05.888000,10.9,24.0,947.7,False,12.6,201,1.0,2024,22,FP2
0 days 00:59:05.888000,10.9,24.0,947.7,False,12.6,201,1.0,2024,22,FP2
0 days 01:00:05.887000,10.9,24.0,947.7,False,12.6,212,1.1,2024,22,FP2
0 days 01:00:05.887000,10.9,24.0,947.7,False,12.6,212,1.1,2024,22,FP2
0 days 01:01:05.887000,10.9,25.0,947.7,False,12.6,260,0.7,2024,22,FP2
0 days 01:01:05.888000,10.9,25.0,947.7,False,12.6,260,0.7,2024,22,FP2
0 days 01:02:05.889000,10.8,25.0,947.7,False,12.6,241,0.7,2024,22,FP2
0 days 01:02:05.889000,10.8,25.0,947.7,False,12.6,241,0.7,2024,22,FP2
0 days 01:03:05.893000,10.9,25.0,947.7,False,12.6,236,0.6,2024,22,FP2
0 days 01:03:05.893000,10.9,25.0,947.7,False,12.6,236,0.6,2024,22,FP2
0 days 01:04:06.107000,10.9,25.0,947.7,False,12.6,209,0.7,2024,22,FP2
0 days 01:04:06.109000,10.9,25.0,947.7,False,12.6,209,0.7,2024,22,FP2
0 days 01:05:05.923000,11.0,25.0,947.7,False,12.6,236,0.8,2024,22,FP2
0 days 01:05:05.923000,11.0,25.0,947.7,False,12.6,236,0.8,2024,22,FP2
0 days 01:06:05.920000,11.1,24.0,947.8,False,12.7,241,0.7,2024,22,FP2
0 days 01:06:05.921000,11.1,24.0,947.8,False,12.7,241,0.7,2024,22,FP2
0 days 01:07:05.974000,11.1,24.0,947.7,False,12.7,215,0.6,2024,22,FP2
0 days 01:07:05.974000,11.1,24.0,947.7,False,12.7,215,0.6,2024,22,FP2
0 days 01:08:05.949000,11.2,24.0,947.7,False,12.7,230,0.8,2024,22,FP2
0 days 01:08:05.949000,11.2,24.0,947.7,False,12.7,230,0.8,2024,22,FP2
0 days 01:09:05.974000,11.2,24.0,947.7,False,12.7,215,0.8,2024,22,FP2
0 days 01:09:05.974000,11.2,24.0,947.7,False,12.7,215,0.8,2024,22,FP2
0 days 01:10:05.956000,11.2,24.0,947.7,False,12.7,195,0.9,2024,22,FP2
0 days 01:10:05.956000,11.2,24.0,947.7,False,12.7,195,0.9,2024,22,FP2
0 days 01:11:05.975000,11.2,25.0,947.7,False,12.6,190,0.8,2024,22,FP2
0 days 01:11:05.975000,11.2,25.0,947.7,False,12.6,190,0.8,2024,22,FP2
0 days 01:12:05.972000,11.1,25.0,947.7,False,12.6,214,0.9,2024,22,FP2
0 days 01:12:05.972000,11.1,25.0,947.7,False,12.6,214,0.9,2024,22,FP2
0 days 01:13:05.973000,11.2,25.0,947.7,False,12.6,215,0.9,2024,22,FP2
0 days 01:13:05.973000,11.2,25.0,947.7,False,12.6,215,0.9,2024,22,FP2
0 days 01:14:05.975000,11.2,25.0,947.8,False,12.6,215,1.0,2024,22,FP2
0 days 01:14:05.976000,11.2,25.0,947.8,False,12.6,215,1.0,2024,22,FP2
0 days 01:15:05.964000,11.1,25.0,947.7,False,12.6,222,1.2,2024,22,FP2
0 days 01:15:05.966000,11.1,25.0,947.7,False,12.6,222,1.2,2024,22,FP2
0 days 01:16:05.977000,11.2,25.0,947.7,False,12.6,215,0.9,2024,22,FP2
0 days 01:16:05.978000,11.2,25.0,947.7,False,12.6,215,0.9,2024,22,FP2
0 days 01:17:05.975000,11.2,25.0,947.8,False,12.6,206,1.0,2024,22,FP2
0 days 01:17:05.975000,11.2,25.0,947.8,False,12.6,206,1.0,2024,22,FP2
0 days 01:18:05.977000,11.3,25.0,947.7,False,12.6,203,0.9,2024,22,FP2
0 days 01:18:05.977000,11.3,25.0,947.7,False,12.6,203,0.9,2024,22,FP2
0 days 01:19:05.976000,11.2,26.0,947.7,False,12.6,202,1.1,2024,22,FP2
0 days 01:19:05.977000,11.2,26.0,947.7,False,12.6,202,1.1,2024,22,FP2
0 days 01:20:05.977000,11.2,25.0,947.7,False,12.6,201,0.8,2024,22,FP2
0 days 01:20:05.977000,11.2,25.0,947.7,False,12.6,201,0.8,2024,22,FP2
0 days 01:21:05.979000,11.1,25.0,947.8,False,12.7,204,1.0,2024,22,FP2
0 days 01:21:05.979000,11.1,25.0,947.8,False,12.7,204,1.0,2024,22,FP2
0 days 01:22:05.979000,11.0,25.0,947.8,False,12.6,235,1.1,2024,22,FP2
0 days 01:22:05.979000,11.0,25.0,947.8,False,12.6,235,1.1,2024,22,FP2
0 days 00:00:52.135000,27.0,63.0,1016.5,False,33.3,343,0.8,2024,24,FP2
0 days 00:01:52.143000,27.0,63.0,1016.4,False,33.1,284,0.6,2024,24,FP2
0 days 00:02:52.162000,27.0,63.0,1016.5,False,33.2,287,1.4,2024,24,FP2
0 days 00:03:52.160000,27.0,63.0,1016.5,False,33.0,290,1.8,2024,24,FP2
0 days 00:04:52.162000,27.0,63.0,1016.5,False,32.7,298,1.1,2024,24,FP2
0 days 00:05:52.177000,26.9,64.0,1016.6,False,32.7,275,1.9,2024,24,FP2
0 days 00:06:52.194000,26.9,64.0,1016.6,False,32.7,248,0.9,2024,24,FP2
0 days 00:07:52.196000,26.9,64.0,1016.5,False,32.7,271,0.6,2024,24,FP2
0 days 00:08:52.189000,26.9,64.0,1016.5,False,32.8,285,1.3,2024,24,FP2
0 days 00:09:52.196000,26.8,64.0,1016.6,False,32.6,201,1.7,2024,24,FP2
0 days 00:10:52.197000,26.8,64.0,1016.5,False,32.6,292,1.3,2024,24,FP2
0 days 00:11:52.185000,26.8,64.0,1016.5,False,32.6,298,1.2,2024,24,FP2
0 days 00:12:52.200000,26.8,64.0,1016.6,False,32.8,261,1.3,2024,24,FP2
0 days 00:13:52.199000,26.8,64.0,1016.5,False,32.8,170,1.2,2024,24,FP2
0 days 00:14:52.190000,26.8,64.0,1016.6,False,32.5,0,1.1,2024,24,FP2
0 days 00:15:52.203000,26.7,65.0,1016.5,False,32.3,297,0.7,2024,24,FP2
0 days 00:16:52.201000,26.7,65.0,1016.6,False,32.5,321,1.9,2024,24,FP2
0 days 00:17:52.201000,26.7,65.0,1016.4,False,32.4,276,0.7,2024,24,FP2
0 days 00:18:52.201000,26.7,65.0,1016.6,False,32.4,243,1.1,2024,24,FP2
0 days 00:19:52.202000,26.7,65.0,1016.6,False,32.2,283,1.3,2024,24,FP2
0 days 00:20:52.204000,26.7,65.0,1016.6,False,32.2,293,1.2,2024,24,FP2
0 days 00:21:52.205000,26.7,65.0,1016.7,False,32.0,287,1.5,2024,24,FP2
0 days 00:22:52.204000,26.6,65.0,1016.6,False,32.2,293,1.3,2024,24,FP2
0 days 00:23:52.206000,26.6,65.0,1016.6,False,32.2,312,0.8,2024,24,FP2
0 days 00:24:52.196000,26.6,65.0,1016.6,False,32.3,274,1.5,2024,24,FP2
0 days 00:25:52.222000,26.6,66.0,1016.6,False,32.3,311,0.9,2024,24,FP2
0 days 00:26:52.211000,26.6,66.0,1016.6,False,32.2,324,1.6,2024,24,FP2
0 days 00:27:52.208000,26.6,66.0,1016.6,False,32.2,293,1.1,2024,24,FP2
0 days 00:28:52.209000,26.6,66.0,1016.6,False,31.9,313,1.1,2024,24,FP2
0 days 00:29:52.206000,26.6,66.0,1016.6,False,32.1,282,1.3,2024,24,FP2
0 days 00:30:52.219000,26.6,66.0,1016.7,False,32.1,302,1.8,2024,24,FP2
0 days 00:31:52.216000,26.6,66.0,1016.6,False,32.1,307,1.0,2024,24,FP2
0 days 00:32:52.212000,26.5,66.0,1016.7,False,32.0,0,1.3,2024,24,FP2
0 days 00:33:52.202000,26.5,66.0,1016.6,False,31.6,314,1.2,2024,24,FP2
0 days 00:34:52.215000,26.5,66.0,1016.6,False,31.6,277,1.4,2024,24,FP2
0 days 00:35:52.215000,26.5,67.0,1016.7,False,31.5,309,1.5,2024,24,FP2
0 days 00:36:52.215000,26.5,66.0,1016.6,False,31.5,328,1.5,2024,24,FP2
0 days 00:37:52.224000,26.5,67.0,1016.7,False,31.5,328,1.1,2024,24,FP2
0 days 00:38:52.236000,26.5,67.0,1016.7,False,31.2,321,1.5,2024,24,FP2
0 days 00:39:52.249000,26.4,67.0,1016.6,False,31.2,298,1.2,2024,24,FP2
0 days 00:40:52.265000,26.4,67.0,1016.6,False,31.3,303,1.2,2024,24,FP2
0 days 00:41:52.265000,26.4,67.0,1016.7,False,31.3,333,1.2,2024,24,FP2
0 days 00:42:52.268000,26.4,67.0,1016.6,False,31.1,326,1.7,2024,24,FP2
0 days 00:43:52.269000,26.3,67.0,1016.6,False,31.3,278,1.1,2024,24,FP2
0 days 00:44:52.271000,26.3,67.0,1016.7,False,31.5,314,1.3,2024,24,FP2
0 days 00:45:52.272000,26.3,67.0,1016.7,False,31.5,277,0.7,2024,24,FP2
0 days 00:46:52.276000,26.4,67.0,1016.7,False,31.5,289,0.8,2024,24,FP2
0 days 00:47:52.270000,26.3,67.0,1016.7,False,31.5,289,0.8,2024,24,FP2
0 days 00:48:52.277000,26.4,67.0,1016.7,False,31.2,0,1.2,2024,24,FP2
0 days 00:49:52.272000,26.3,67.0,1016.7,False,31.5,285,1.0,2024,24,FP2
0 days 00:50:52.278000,26.3,67.0,1016.7,False,31.4,250,0.5,2024,24,FP2
0 days 00:51:52.277000,26.3,67.0,1016.8,False,31.2,319,0.9,2024,24,FP2
0 days 00:52:52.275000,26.3,66.0,1016.7,False,31.2,274,1.0,2024,24,FP2
0 days 00:53:52.665000,26.3,66.0,1016.7,False,31.0,325,1.4,2024,24,FP2
0 days 00:54:52.639000,26.3,67.0,1016.7,False,31.0,287,1.7,2024,24,FP2
0 days 00:55:52.655000,26.3,67.0,1016.7,False,30.9,274,1.4,2024,24,FP2
0 days 00:56:52.653000,26.2,67.0,1016.8,False,30.8,132,1.4,2024,24,FP2
0 days 00:57:52.652000,26.2,67.0,1016.8,False,30.8,298,1.1,2024,24,FP2
0 days 00:58:52.671000,26.2,67.0,1016.7,False,30.8,302,1.1,2024,24,FP2
0 days 00:59:52.687000,26.2,67.0,1016.7,False,30.8,0,1.3,2024,24,FP2
0 days 01:00:52.701000,26.2,67.0,1016.7,False,30.8,290,0.9,2024,24,FP2
0 days 01:01:52.702000,26.2,67.0,1016.8,False,31.1,311,0.6,2024,24,FP2
0 days 01:02:52.703000,26.2,67.0,1016.8,False,30.9,290,1.2,2024,24,FP2
0 days 01:03:52.703000,26.1,67.0,1016.8,False,30.8,273,1.1,2024,24,FP2
0 days 01:04:52.702000,26.1,68.0,1016.8,False,31.1,288,1.3,2024,24,FP2
0 days 01:05:52.720000,26.2,67.0,1016.8,False,31.1,277,1.4,2024,24,FP2
0 days 01:06:52.722000,26.2,68.0,1016.8,False,31.0,0,1.5,2024,24,FP2
0 days 01:07:52.739000,26.2,67.0,1016.9,False,31.0,304,1.2,2024,24,FP2
0 days 01:08:52.741000,26.2,67.0,1016.9,False,30.9,318,1.6,2024,24,FP2
0 days 01:09:52.741000,26.2,68.0,1016.9,False,30.9,304,1.7,2024,24,FP2
0 days 01:10:52.745000,26.2,68.0,1016.9,False,30.9,327,1.6,2024,24,FP2
0 days 01:11:52.750000,26.2,68.0,1016.8,False,30.7,301,1.3,2024,24,FP2
0 days 01:12:52.741000,26.2,68.0,1016.9,False,30.8,299,1.3,2024,24,FP2
0 days 01:13:52.745000,26.2,68.0,1016.9,False,30.7,295,1.3,2024,24,FP2
0 days 01:14:52.744000,26.2,68.0,1016.9,False,30.7,336,1.3,2024,24,FP2
0 days 01:15:52.742000,26.1,68.0,1017.0,False,30.7,282,1.6,2024,24,FP2
0 days 01:16:52.764000,26.1,68.0,1017.0,False,30.3,303,1.1,2024,24,FP2
0 days 01:17:52.746000,26.1,68.0,1016.9,False,30.3,0,1.1,2024,24,FP2
0 days 01:18:52.745000,26.1,68.0,1017.0,False,30.2,311,0.7,2024,24,FP2
0 days 00:00:13.659000,24.3,64.0,1017.3,False,43.3,122,0.6,2025,1,FP2
0 days 00:01:13.661000,24.3,63.0,1017.3,False,43.6,261,0.5,2025,1,FP2
0 days 00:02:13.645000,24.5,62.0,1017.3,False,43.9,176,0.4,2025,1,FP2
0 days 00:03:13.663000,24.7,62.0,1017.2,False,44.2,0,0.6,2025,1,FP2
0 days 00:04:13.650000,24.7,62.0,1017.2,False,44.2,128,0.4,2025,1,FP2
0 days 00:05:13.671000,24.8,60.0,1017.2,False,43.4,128,1.2,2025,1,FP2
0 days 00:06:13.690000,24.9,61.0,1017.2,False,43.6,139,1.4,2025,1,FP2
0 days 00:07:13.700000,24.8,61.0,1017.1,False,43.0,0,0.8,2025,1,FP2
0 days 00:08:13.686000,24.9,61.0,1017.1,False,43.3,167,0.4,2025,1,FP2
0 days 00:09:13.694000,24.9,60.0,1017.2,False,43.7,175,0.6,2025,1,FP2
0 days 00:10:13.699000,24.9,59.0,1017.1,False,43.9,233,0.8,2025,1,FP2
0 days 00:11:13.678000,24.9,60.0,1017.1,False,43.8,0,0.7,2025,1,FP2
0 days 00:12:13.700000,25.0,61.0,1017.0,False,43.3,0,0.7,2025,1,FP2
0 days 00:13:13.741000,25.0,61.0,1017.0,False,42.4,154,1.0,2025,1,FP2
0 days 00:14:13.737000,25.1,61.0,1017.0,False,42.3,99,1.0,2025,1,FP2
0 days 00:15:13.737000,25.2,62.0,1017.1,False,42.3,139,1.0,2025,1,FP2
0 days 00:16:13.754000,25.2,62.0,1017.1,False,42.7,98,1.6,2025,1,FP2
0 days 00:17:13.755000,25.0,64.0,1017.2,False,42.8,122,1.7,2025,1,FP2
0 days 00:18:13.738000,24.9,65.0,1017.1,False,42.8,109,1.8,2025,1,FP2
0 days 00:19:13.739000,24.8,64.0,1017.1,False,42.8,146,1.1,2025,1,FP2
0 days 00:20:13.754000,24.6,65.0,1017.1,False,42.5,126,0.7,2025,1,FP2
0 days 00:21:13.757000,24.5,64.0,1017.0,False,42.5,145,1.1,2025,1,FP2
0 days 00:22:13.759000,24.5,64.0,1017.1,False,42.5,129,1.6,2025,1,FP2
0 days 00:23:13.780000,24.4,65.0,1017.0,False,41.9,169,1.2,2025,1,FP2
0 days 00:24:13.776000,24.4,65.0,1017.1,False,41.9,115,2.0,2025,1,FP2
0 days 00:25:13.772000,24.3,66.0,1017.2,False,41.7,143,1.2,2025,1,FP2
0 days 00:26:13.757000,24.1,66.0,1017.1,False,42.0,130,1.4,2025,1,FP2
0 days 00:27:13.793000,24.1,66.0,1017.1,False,42.0,117,1.0,2025,1,FP2
0 days 00:28:13.792000,24.0,65.0,1017.1,False,42.0,123,1.6,2025,1,FP2
0 days 00:29:13.820000,23.8,66.0,1017.0,False,41.9,0,1.8,2025,1,FP2
0 days 00:30:13.846000,23.6,67.0,1017.1,False,41.6,121,0.8,2025,1,FP2
0 days 00:31:13.820000,23.4,67.0,1017.1,False,41.1,159,1.2,2025,1,FP2
0 days 00:32:13.845000,23.5,67.0,1017.0,False,41.1,163,0.9,2025,1,FP2
0 days 00:33:13.866000,23.4,67.0,1017.1,False,40.8,104,1.3,2025,1,FP2
0 days 00:34:13.892000,23.4,66.0,1017.1,False,41.2,139,1.3,2025,1,FP2
0 days 00:35:13.882000,23.4,67.0,1017.1,False,40.9,102,1.1,2025,1,FP2
0 days 00:36:13.900000,23.4,68.0,1017.1,False,40.9,213,1.4,2025,1,FP2
0 days 00:37:13.925000,23.4,67.0,1017.1,False,41.2,104,0.8,2025,1,FP2
0 days 00:38:13.926000,23.5,67.0,1017.1,False,41.7,132,2.2,2025,1,FP2
0 days 00:39:13.923000,23.4,68.0,1017.1,False,41.3,167,1.2,2025,1,FP2
0 days 00:40:13.935000,23.3,68.0,1017.0,False,41.5,113,1.5,2025,1,FP2
0 days 00:41:13.952000,23.3,67.0,1017.0,False,41.3,140,1.8,2025,1,FP2
0 days 00:42:13.975000,23.2,69.0,1017.0,False,41.3,126,1.1,2025,1,FP2
0 days 00:43:13.977000,23.2,69.0,1016.9,False,41.3,102,0.7,2025,1,FP2
0 days 00:44:13.977000,23.1,67.0,1017.0,False,42.3,143,1.0,2025,1,FP2
0 days 00:45:13.981000,23.1,66.0,1016.9,False,41.3,123,1.6,2025,1,FP2
0 days 00:46:13.977000,23.1,67.0,1017.1,False,40.3,156,1.9,2025,1,FP2
0 days 00:47:13.973000,23.0,68.0,1017.0,False,40.3,132,1.6,2025,1,FP2
0 days 00:48:13.979000,23.0,68.0,1017.1,False,40.7,125,1.3,2025,1,FP2
0 days 00:49:13.966000,23.0,67.0,1017.1,False,40.2,0,1.1,2025,1,FP2
0 days 00:50:13.979000,23.0,67.0,1017.0,False,40.6,82,0.5,2025,1,FP2
0 days 00:51:13.955000,23.1,66.0,1017.0,False,41.2,62,1.1,2025,1,FP2
0 days 00:52:13.983000,23.1,66.0,1016.9,False,40.4,0,0.9,2025,1,FP2
0 days 00:53:13.988000,23.1,66.0,1017.0,False,40.3,0,0.3,2025,1,FP2
0 days 00:54:13.970000,23.1,65.0,1016.9,False,40.3,136,0.4,2025,1,FP2
0 days 00:55:13.981000,23.1,64.0,1016.9,False,40.5,193,1.0,2025,1,FP2
0 days 00:56:13.986000,23.2,64.0,1016.7,False,40.5,130,0.7,2025,1,FP2
0 days 00:57:13.976000,23.2,63.0,1016.8,False,40.5,133,1.0,2025,1,FP2
0 days 00:58:13.986000,23.4,64.0,1016.8,False,40.2,110,1.2,2025,1,FP2
0 days 00:59:13.978000,23.4,64.0,1016.7,False,40.1,307,1.1,2025,1,FP2
0 days 01:00:13.962000,23.4,64.0,1016.8,False,40.5,141,0.8,2025,1,FP2
0 days 01:01:13.990000,23.4,64.0,1016.8,False,40.5,111,1.3,2025,1,FP2
0 days 01:02:13.978000,23.5,64.0,1016.9,False,40.3,149,0.8,2025,1,FP2
0 days 01:03:13.992000,23.4,64.0,1016.9,False,39.9,132,2.1,2025,1,FP2
0 days 01:04:13.994000,23.4,64.0,1016.9,False,39.9,117,1.5,2025,1,FP2
0 days 01:05:13.994000,23.4,64.0,1016.9,False,39.6,125,1.9,2025,1,FP2
0 days 01:06:14.003000,23.3,65.0,1016.9,False,39.2,116,2.0,2025,1,FP2
0 days 01:07:14.030000,23.3,66.0,1016.9,False,39.1,133,1.4,2025,1,FP2
0 days 01:08:14.040000,23.3,66.0,1016.8,False,39.1,71,1.1,2025,1,FP2
0 days 01:09:14.048000,23.3,67.0,1016.9,False,38.6,79,1.7,2025,1,FP2
0 days 01:10:14.047000,23.2,68.0,1016.9,False,38.4,123,1.1,2025,1,FP2
0 days 01:11:14.051000,23.1,68.0,1016.7,False,38.3,117,1.9,2025,1,FP2
0 days 01:12:14.054000,23.1,68.0,1016.9,False,38.7,119,2.6,2025,1,FP2
0 days 01:13:14.061000,23.2,68.0,1016.7,False,38.8,100,1.6,2025,1,FP2
0 days 01:14:14.069000,23.2,67.0,1016.7,False,39.0,121,1.4,2025,1,FP2
0 days 01:15:14.079000,23.2,66.0,1016.9,False,38.9,124,1.8,2025,1,FP2
0 days 01:16:14.095000,23.2,67.0,1016.8,False,38.5,121,3.2,2025,1,FP2
0 days 01:17:14.083000,23.1,68.0,1016.7,False,37.8,141,1.0,2025,1,FP2
0 days 01:18:14.097000,22.9,67.0,1016.8,False,37.9,148,1.9,2025,1,FP2
0 days 01:19:14.097000,22.9,68.0,1016.9,False,37.9,105,1.1,2025,1,FP2
0 days 01:20:14.095000,22.9,67.0,1016.8,False,37.7,109,1.3,2025,1,FP2
0 days 00:00:23.188000,13.8,41.0,1010.7,False,35.0,291,4.8,2025,3,FP2
0 days 00:01:23.219000,13.7,41.0,1010.6,False,35.0,283,4.9,2025,3,FP2
0 days 00:02:23.238000,13.8,41.0,1010.8,False,34.8,288,3.6,2025,3,FP2
0 days 00:03:23.220000,13.8,41.0,1010.6,False,34.8,280,6.0,2025,3,FP2
0 days 00:04:23.252000,13.8,42.0,1010.7,False,34.8,262,5.1,2025,3,FP2
0 days 00:05:23.268000,13.7,42.0,1010.6,False,34.8,268,5.6,2025,3,FP2
0 days 00:06:23.284000,13.8,42.0,1010.6,False,34.7,287,4.5,2025,3,FP2
0 days 00:07:23.309000,13.7,42.0,1010.7,False,34.7,286,6.3,2025,3,FP2
0 days 00:08:23.294000,13.7,42.0,1010.7,False,34.6,283,5.5,2025,3,FP2
0 days 00:09:23.326000,13.8,43.0,1010.7,False,34.5,268,6.4,2025,3,FP2
0 days 00:10:23.323000,13.7,43.0,1010.7,False,34.2,300,5.8,2025,3,FP2
0 days 00:11:23.323000,13.8,43.0,1010.6,False,34.1,296,5.0,2025,3,FP2
0 days 00:12:23.339000,13.8,42.0,1010.5,False,34.0,296,5.4,2025,3,FP2
0 days 00:13:23.324000,13.9,43.0,1010.6,False,34.0,288,4.9,2025,3,FP2
0 days 00:14:23.556000,14.0,42.0,1010.8,False,34.0,297,4.2,2025,3,FP2
0 days 00:15:23.541000,13.9,42.0,1010.6,False,33.8,285,5.0,2025,3,FP2
0 days 00:16:23.541000,13.9,42.0,1010.5,False,33.7,292,5.4,2025,3,FP2
0 days 00:17:23.557000,13.9,43.0,1010.6,False,33.7,282,6.5,2025,3,FP2
0 days 00:18:23.567000,13.8,43.0,1010.7,False,33.7,288,5.4,2025,3,FP2
0 days 00:19:23.561000,13.7,43.0,1010.5,False,33.6,287,5.1,2025,3,FP2
0 days 00:20:23.593000,13.7,43.0,1010.7,False,33.6,291,4.5,2025,3,FP2
0 days 00:21:23.578000,13.8,43.0,1010.7,False,33.6,286,4.9,2025,3,FP2
0 days 00:22:23.610000,13.9,43.0,1010.7,False,33.8,288,5.5,2025,3,FP2
0 days 00:23:23.611000,13.8,43.0,1010.6,False,33.7,281,6.3,2025,3,FP2
0 days 00:24:23.643000,13.6,43.0,1010.6,False,33.7,296,5.7,2025,3,FP2
0 days 00:25:23.644000,13.6,43.0,1010.6,False,33.6,289,6.0,2025,3,FP2
0 days 00:26:23.661000,13.6,43.0,1010.7,False,33.4,288,5.0,2025,3,FP2
0 days 00:27:23.664000,13.7,43.0,1010.7,False,33.1,277,5.3,2025,3,FP2
0 days 00:28:23.680000,13.7,42.0,1010.7,False,33.1,282,3.9,2025,3,FP2
0 days 00:29:23.706000,13.7,42.0,1010.6,False,33.1,285,6.4,2025,3,FP2
0 days 00:30:23.700000,13.6,43.0,1010.8,False,33.1,284,4.7,2025,3,FP2
0 days 00:31:23.701000,13.6,43.0,1010.6,False,33.2,280,4.3,2025,3,FP2
0 days 00:32:23.717000,13.6,43.0,1010.6,False,33.1,285,5.9,2025,3,FP2
0 days 00:33:23.733000,13.6,43.0,1010.5,False,32.9,264,5.0,2025,3,FP2
0 days 00:34:23.734000,13.7,42.0,1010.7,False,32.7,285,4.8,2025,3,FP2
0 days 00:35:23.742000,13.6,42.0,1010.6,False,32.9,296,5.7,2025,3,FP2
0 days 00:36:23.758000,13.5,42.0,1010.6,False,32.9,286,4.0,2025,3,FP2
0 days 00:37:23.774000,13.6,43.0,1010.5,False,32.7,280,4.0,2025,3,FP2
0 days 00:38:23.774000,13.6,42.0,1010.5,False,32.7,292,4.9,2025,3,FP2
0 days 00:39:23.775000,13.7,43.0,1010.5,False,32.8,299,5.1,2025,3,FP2
0 days 00:40:23.853000,13.6,42.0,1010.6,False,32.4,295,5.2,2025,3,FP2
0 days 00:41:23.791000,13.6,42.0,1010.5,False,32.4,291,4.7,2025,3,FP2
0 days 00:42:23.807000,13.6,42.0,1010.5,False,32.4,291,4.7,2025,3,FP2
0 days 00:43:23.808000,13.6,41.0,1010.6,False,32.2,278,3.6,2025,3,FP2
0 days 00:44:23.855000,13.5,41.0,1010.5,False,32.5,294,5.0,2025,3,FP2
0 days 00:45:23.840000,13.5,41.0,1010.5,False,32.4,288,4.7,2025,3,FP2
0 days 00:46:23.841000,13.4,42.0,1010.6,False,32.3,282,4.2,2025,3,FP2
0 days 00:47:23.872000,13.5,41.0,1010.5,False,32.3,282,6.0,2025,3,FP2
0 days 00:48:23.873000,13.4,41.0,1010.5,False,32.3,282,6.0,2025,3,FP2
0 days 00:49:23.858000,13.4,42.0,1010.6,False,32.2,279,5.7,2025,3,FP2
0 days 00:50:23.874000,13.5,42.0,1010.5,False,32.1,262,6.0,2025,3,FP2
0 days 00:51:23.874000,13.6,42.0,1010.7,False,32.1,282,3.5,2025,3,FP2
0 days 00:52:23.893000,13.6,42.0,1010.6,False,31.9,296,6.7,2025,3,FP2
0 days 00:53:23.924000,13.6,42.0,1010.6,False,31.9,285,4.2,2025,3,FP2
0 days 00:54:23.941000,13.6,42.0,1010.4,False,31.8,289,4.8,2025,3,FP2
0 days 00:55:23.941000,13.6,42.0,1010.6,False,31.5,311,4.5,2025,3,FP2
0 days 00:56:23.942000,13.5,42.0,1010.6,False,31.4,284,4.2,2025,3,FP2
0 days 00:57:23.942000,13.5,42.0,1010.6,False,31.2,287,5.0,2025,3,FP2
0 days 00:58:23.999000,13.4,41.0,1010.6,False,31.3,286,5.8,2025,3,FP2
0 days 00:59:23.969000,13.3,42.0,1010.5,False,31.1,285,6.3,2025,3,FP2
0 days 01:00:23.985000,13.2,42.0,1010.6,False,31.1,282,6.7,2025,3,FP2
0 days 01:01:23.986000,13.2,43.0,1010.6,False,31.0,283,5.7,2025,3,FP2
0 days 01:02:23.987000,13.3,43.0,1010.6,False,31.0,284,4.3,2025,3,FP2
0 days 01:03:24.003000,13.4,42.0,1010.7,False,30.9,287,4.8,2025,3,FP2
0 days 01:04:23.988000,13.3,42.0,1010.6,False,30.8,292,4.1,2025,3,FP2
0 days 01:05:23.988000,13.3,41.0,1010.6,False,30.8,291,5.7,2025,3,FP2
0 days 01:06:24.001000,13.4,42.0,1010.7,False,30.7,288,5.2,2025,3,FP2
0 days 01:07:24.017000,13.4,42.0,1010.6,False,30.7,291,5.2,2025,3,FP2
0 days 01:08:24.049000,13.3,42.0,1010.6,False,30.7,275,5.5,2025,3,FP2
0 days 01:09:24.044000,13.3,42.0,1010.7,False,30.6,286,5.7,2025,3,FP2
0 days 01:10:24.047000,13.3,42.0,1010.8,False,30.5,285,5.5,2025,3,FP2
0 days 01:11:24.060000,13.3,41.0,1010.7,False,30.4,285,5.2,2025,3,FP2
0 days 01:12:24.061000,13.3,42.0,1010.7,False,30.2,291,6.8,2025,3,FP2
0 days 01:13:24.077000,13.3,41.0,1010.8,False,30.0,274,7.1,2025,3,FP2
0 days 01:14:24.077000,13.2,42.0,1010.8,False,30.0,287,6.0,2025,3,FP2
0 days 00:00:04.320000,30.9,44.0,1001.8,False,36.2,29,1.4,2025,4,FP2
0 days 00:01:04.317000,30.9,44.0,1001.8,False,36.1,30,1.6,2025,4,FP2
0 days 00:02:04.335000,30.8,44.0,1001.8,False,36.1,11,1.6,2025,4,FP2
0 days 00:03:04.350000,30.8,44.0,1001.8,False,36.0,9,1.8,2025,4,FP2
0 days 00:04:04.385000,30.8,44.0,1001.8,False,36.0,21,1.3,2025,4,FP2
0 days 00:05:04.399000,30.8,45.0,1001.8,False,36.0,27,1.1,2025,4,FP2
0 days 00:06:04.402000,30.7,45.0,1001.7,False,36.0,1,1.2,2025,4,FP2
0 days 00:07:04.389000,30.6,45.0,1001.7,False,36.0,6,0.9,2025,4,FP2
0 days 00:08:04.396000,30.6,45.0,1001.8,False,36.0,34,1.5,2025,4,FP2
0 days 00:09:04.419000,30.5,46.0,1001.7,False,35.9,20,1.0,2025,4,FP2
0 days 00:10:04.432000,30.5,46.0,1001.8,False,35.9,0,1.1,2025,4,FP2
0 days 00:11:04.434000,30.5,46.0,1001.7,False,35.7,18,1.1,2025,4,FP2
0 days 00:12:04.466000,30.4,46.0,1001.6,False,35.5,358,1.1,2025,4,FP2
0 days 00:13:04.469000,30.4,46.0,1001.8,False,35.6,352,0.6,2025,4,FP2
0 days 00:14:04.484000,30.4,46.0,1001.8,False,35.7,56,0.6,2025,4,FP2
0 days 00:15:04.498000,30.4,46.0,1001.8,False,35.6,28,0.9,2025,4,FP2
0 days 00:16:04.517000,30.4,46.0,1001.8,False,35.6,20,1.1,2025,4,FP2
0 days 00:17:04.515000,30.3,45.0,1001.7,False,35.7,80,0.5,2025,4,FP2
0 days 00:18:04.535000,30.3,45.0,1001.7,False,36.0,325,0.0,2025,4,FP2
0 days 00:19:04.535000,30.3,45.0,1001.8,False,36.1,48,0.7,2025,4,FP2
0 days 00:20:04.542000,30.4,45.0,1001.9,False,36.2,9,0.8,2025,4,FP2
0 days 00:21:04.562000,30.4,45.0,1001.8,False,35.8,3,0.9,2025,4,FP2
0 days 00:22:04.550000,30.4,45.0,1001.8,False,35.8,42,1.0,2025,4,FP2
0 days 00:23:04.567000,30.4,45.0,1001.8,False,35.4,0,0.7,2025,4,FP2
0 days 00:24:04.568000,30.3,46.0,1001.9,False,35.2,2,1.2,2025,4,FP2
0 days 00:25:04.574000,30.3,46.0,1001.9,False,35.2,46,1.5,2025,4,FP2
0 days 00:26:04.586000,30.2,46.0,1001.9,False,35.1,45,0.7,2025,4,FP2
0 days 00:27:04.586000,30.1,46.0,1001.9,False,35.1,0,0.5,2025,4,FP2
0 days 00:28:04.587000,30.1,45.0,1001.8,False,35.7,1,0.7,2025,4,FP2
0 days 00:29:04.588000,30.1,45.0,1001.8,False,35.7,16,0.8,2025,4,FP2
0 days 00:30:04.591000,30.1,45.0,1001.9,False,35.5,17,1.0,2025,4,FP2
0 days 00:31:04.605000,30.1,46.0,1001.9,False,35.1,13,1.2,2025,4,FP2
0 days 00:32:04.606000,30.0,46.0,1001.9,False,34.9,4,1.4,2025,4,FP2
0 days 00:33:04.621000,30.0,47.0,1001.9,False,34.7,13,1.5,2025,4,FP2
0 days 00:34:04.640000,30.0,47.0,1001.8,False,34.8,17,1.4,2025,4,FP2
0 days 00:35:04.639000,29.9,47.0,1001.8,False,34.7,18,2.0,2025,4,FP2
0 days 00:36:04.659000,29.9,47.0,1001.8,False,34.6,5,1.8,2025,4,FP2
0 days 00:37:04.676000,29.8,47.0,1001.8,False,34.5,4,1.4,2025,4,FP2
0 days 00:38:04.677000,29.8,47.0,1001.9,False,34.5,29,1.4,2025,4,FP2
0 days 00:39:04.688000,29.7,48.0,1001.9,False,34.5,355,0.7,2025,4,FP2
0 days 00:40:04.690000,29.6,47.0,1002.0,False,34.9,47,0.4,2025,4,FP2
0 days 00:41:04.690000,29.6,47.0,1001.9,False,34.9,48,0.7,2025,4,FP2
0 days 00:42:04.691000,29.6,47.0,1001.9,False,35.1,12,0.5,2025,4,FP2
0 days 00:43:04.693000,29.6,48.0,1002.0,False,35.1,0,0.6,2025,4,FP2
0 days 00:44:04.709000,29.6,48.0,1002.0,False,34.8,340,0.5,2025,4,FP2
0 days 00:45:04.710000,29.6,48.0,1002.0,False,34.7,12,1.6,2025,4,FP2
0 days 00:46:04.730000,29.5,48.0,1002.0,False,34.5,23,1.9,2025,4,FP2
0 days 00:47:04.767000,29.5,49.0,1002.1,False,34.2,24,1.2,2025,4,FP2
0 days 00:48:04.735000,29.5,49.0,1002.1,False,34.3,21,1.2,2025,4,FP2
0 days 00:49:04.750000,29.5,49.0,1002.1,False,34.3,14,0.8,2025,4,FP2
0 days 00:50:04.757000,29.5,50.0,1002.0,False,34.3,8,1.0,2025,4,FP2
0 days 00:51:04.763000,29.5,50.0,1002.0,False,33.9,130,1.3,2025,4,FP2
0 days 00:52:04.798000,29.5,50.0,1002.1,False,33.9,7,0.5,2025,4,FP2
0 days 00:53:04.777000,29.4,51.0,1002.1,False,33.9,8,2.0,2025,4,FP2
0 days 00:54:04.792000,29.4,51.0,1002.2,False,33.7,4,1.5,2025,4,FP2
0 days 00:55:04.817000,29.4,51.0,1002.1,False,33.8,8,1.2,2025,4,FP2
0 days 00:56:04.795000,29.3,51.0,1002.1,False,33.8,5,1.3,2025,4,FP2
0 days 00:57:04.815000,29.3,51.0,1002.1,False,33.7,4,1.9,2025,4,FP2
0 days 00:58:04.812000,29.3,51.0,1002.1,False,33.7,23,1.6,2025,4,FP2
0 days 00:59:04.818000,29.3,51.0,1002.2,False,34.0,14,1.3,2025,4,FP2
0 days 01:00:04.828000,29.3,50.0,1002.1,False,34.1,32,1.3,2025,4,FP2
0 days 01:01:04.845000,29.3,50.0,1002.1,False,34.1,30,1.0,2025,4,FP2
0 days 01:02:04.861000,29.3,50.0,1002.1,False,34.1,334,1.2,2025,4,FP2
0 days 01:03:04.865000,29.3,49.0,1002.1,False,34.2,3,1.0,2025,4,FP2
0 days 01:04:04.862000,29.3,49.0,1002.2,False,34.2,77,1.3,2025,4,FP2
0 days 01:05:04.864000,29.2,49.0,1002.1,False,34.0,10,1.1,2025,4,FP2
0 days 01:06:04.867000,29.2,49.0,1002.1,False,34.1,341,1.4,2025,4,FP2
0 days 01:07:04.892000,29.2,49.0,1002.1,False,34.0,0,1.0,2025,4,FP2
0 days 01:08:04.884000,29.2,49.0,1002.2,False,33.8,58,0.7,2025,4,FP2
0 days 01:09:04.901000,29.1,49.0,1002.2,False,33.7,64,1.1,2025,4,FP2
0 days 01:10:04.929000,29.1,49.0,1002.2,False,33.7,17,1.5,2025,4,FP2
0 days 01:11:04.936000,29.2,49.0,1002.2,False,33.8,0,1.4,2025,4,FP2
0 days 01:12:04.932000,29.2,49.0,1002.3,False,33.8,10,1.5,2025,4,FP2
0 days 01:13:04.935000,29.1,49.0,1002.2,False,33.8,359,1.0,2025,4,FP2
0 days 01:14:04.918000,29.1,49.0,1002.3,False,33.4,21,0.8,2025,4,FP2
0 days 01:15:04.919000,29.1,49.0,1002.3,False,33.6,24,0.8,2025,4,FP2
0 days 01:16:04.954000,29.1,49.0,1002.2,False,33.6,23,0.8,2025,4,FP2
0 days 01:17:04.940000,29.1,49.0,1002.3,False,33.9,7,1.0,2025,4,FP2
0 days 01:18:04.941000,29.1,49.0,1002.3,False,33.7,9,0.8,2025,4,FP2
0 days 00:01:01.170000,28.2,63.0,1006.8,False,37.6,323,0.7,2025,5,FP2
0 days 00:02:01.155000,28.2,62.0,1006.8,False,37.8,253,0.7,2025,5,FP2
0 days 00:03:01.166000,28.3,61.0,1006.8,False,38.1,0,0.5,2025,5,FP2
0 days 00:04:01.168000,28.3,60.0,1006.9,False,38.1,273,0.4,2025,5,FP2
0 days 00:05:01.172000,28.4,59.0,1006.9,False,37.8,295,0.8,2025,5,FP2
0 days 00:06:01.165000,28.4,59.0,1006.7,False,37.9,284,0.6,2025,5,FP2
0 days 00:07:01.181000,28.4,60.0,1006.8,False,38.0,312,0.6,2025,5,FP2
0 days 00:08:01.179000,28.4,63.0,1006.8,False,37.6,255,0.5,2025,5,FP2
0 days 00:09:01.201000,28.4,63.0,1006.8,False,37.6,0,0.4,2025,5,FP2
0 days 00:10:01.211000,28.4,60.0,1006.8,False,37.6,0,0.4,2025,5,FP2
0 days 00:11:01.211000,28.4,60.0,1006.8,False,37.7,226,0.0,2025,5,FP2
0 days 00:12:01.240000,28.4,61.0,1006.8,False,37.3,253,0.0,2025,5,FP2
0 days 00:13:01.234000,28.4,61.0,1006.8,False,37.3,286,0.4,2025,5,FP2
0 days 00:14:01.251000,28.5,61.0,1006.8,False,37.5,330,0.0,2025,5,FP2
0 days 00:15:01.263000,28.5,61.0,1006.7,False,37.7,280,0.4,2025,5,FP2
0 days 00:16:01.285000,28.7,58.0,1006.9,False,38.0,253,0.5,2025,5,FP2
0 days 00:17:01.273000,28.7,59.0,1006.8,False,38.0,272,0.9,2025,5,FP2
0 days 00:18:01.299000,28.7,57.0,1006.9,False,37.7,271,0.8,2025,5,FP2
0 days 00:19:01.308000,28.8,56.0,1006.9,False,37.7,277,0.9,2025,5,FP2
0 days 00:20:01.308000,28.7,55.0,1006.9,False,38.4,291,0.7,2025,5,FP2
0 days 00:21:01.309000,28.6,56.0,1006.9,False,38.4,257,0.5,2025,5,FP2
0 days 00:22:01.296000,28.6,56.0,1007.0,False,37.5,282,0.9,2025,5,FP2
0 days 00:23:01.302000,28.5,56.0,1007.0,False,37.2,268,0.7,2025,5,FP2
0 days 00:24:01.321000,28.5,56.0,1006.8,False,37.2,0,0.5,2025,5,FP2
0 days 00:25:01.294000,28.5,54.0,1007.0,False,38.1,0,0.4,2025,5,FP2
0 days 00:26:01.306000,28.6,55.0,1006.9,False,37.4,301,0.8,2025,5,FP2
0 days 00:27:01.312000,28.8,52.0,1007.0,False,37.9,256,0.6,2025,5,FP2
0 days 00:28:01.317000,28.8,48.0,1007.0,False,38.2,153,0.5,2025,5,FP2
0 days 00:29:01.312000,28.9,46.0,1007.0,False,38.2,143,1.4,2025,5,FP2
0 days 00:30:01.312000,28.9,45.0,1007.0,False,38.0,180,1.2,2025,5,FP2
0 days 00:31:01.316000,29.0,45.0,1007.0,False,37.8,0,0.6,2025,5,FP2
0 days 00:32:01.315000,29.0,45.0,1007.0,False,37.8,0,0.6,2025,5,FP2
0 days 00:33:01.309000,28.9,50.0,1007.0,False,37.8,205,0.5,2025,5,FP2
0 days 00:34:01.320000,28.8,48.0,1007.1,False,37.8,158,0.8,2025,5,FP2
0 days 00:35:01.485000,28.7,44.0,1007.0,False,37.5,137,0.8,2025,5,FP2
0 days 00:36:01.485000,28.8,44.0,1007.0,False,37.4,27,0.9,2025,5,FP2
0 days 00:37:01.476000,28.9,43.0,1007.0,False,37.2,0,0.4,2025,5,FP2
0 days 00:38:01.480000,28.9,43.0,1007.0,False,37.2,44,0.0,2025,5,FP2
0 days 00:39:01.489000,29.0,43.0,1007.0,False,37.3,132,0.9,2025,5,FP2
0 days 00:40:01.492000,29.0,43.0,1007.2,False,37.2,126,0.6,2025,5,FP2
0 days 00:41:01.480000,29.0,42.0,1007.1,False,37.2,99,0.8,2025,5,FP2
0 days 00:42:01.493000,29.0,41.0,1007.0,False,37.2,93,1.1,2025,5,FP2
0 days 00:43:01.491000,29.1,41.0,1007.1,False,37.2,151,1.8,2025,5,FP2
0 days 00:44:01.510000,29.4,40.0,1007.1,False,37.3,148,2.0,2025,5,FP2
0 days 00:45:01.529000,29.5,40.0,1007.1,False,37.2,148,1.3,2025,5,FP2
0 days 00:46:01.542000,29.6,40.0,1007.1,False,37.1,171,1.6,2025,5,FP2
0 days 00:47:01.542000,29.7,39.0,1007.0,False,36.9,133,1.5,2025,5,FP2
0 days 00:48:01.564000,29.9,39.0,1007.0,False,36.8,140,1.7,2025,5,FP2
0 days 00:49:01.580000,30.0,39.0,1007.0,False,36.8,150,1.7,2025,5,FP2
0 days 00:50:01.569000,30.1,39.0,1007.1,False,36.7,113,1.5,2025,5,FP2
0 days 00:51:01.571000,30.3,39.0,1007.0,False,36.6,137,1.4,2025,5,FP2
0 days 00:52:01.575000,30.6,39.0,1007.1,False,36.7,143,1.2,2025,5,FP2
0 days 00:53:01.578000,30.9,39.0,1007.1,False,36.6,106,1.2,2025,5,FP2
0 days 00:54:01.581000,31.0,39.0,1007.1,False,36.5,152,1.0,2025,5,FP2
0 days 00:55:01.579000,31.1,39.0,1007.1,False,36.5,0,1.9,2025,5,FP2
0 days 00:56:01.569000,31.2,39.0,1007.1,False,36.3,103,0.9,2025,5,FP2
0 days 00:57:01.585000,31.2,39.0,1007.2,False,36.3,90,0.5,2025,5,FP2
0 days 00:58:01.598000,31.2,39.0,1007.1,False,36.3,64,0.6,2025,5,FP2
0 days 00:59:01.596000,31.1,39.0,1007.1,False,36.3,117,0.7,2025,5,FP2
0 days 01:00:01.587000,31.1,39.0,1007.1,False,36.3,106,0.9,2025,5,FP2
0 days 01:01:01.612000,31.2,39.0,1007.0,False,36.3,82,0.8,2025,5,FP2
0 days 01:02:01.606000,31.2,39.0,1007.1,False,36.3,145,0.6,2025,5,FP2
0 days 01:03:01.633000,31.3,39.0,1007.2,False,36.3,143,1.3,2025,5,FP2
0 days 01:04:01.635000,31.3,39.0,1007.0,False,36.3,147,1.7,2025,5,FP2
0 days 01:05:01.629000,31.4,39.0,1007.1,False,36.2,131,1.8,2025,5,FP2
0 days 01:06:01.631000,31.4,39.0,1007.0,False,36.2,154,1.8,2025,5,FP2
0 days 01:07:01.622000,31.4,39.0,1007.2,False,36.2,142,1.4,2025,5,FP2
0 days 01:08:01.653000,31.5,39.0,1007.1,False,36.2,102,2.0,2025,5,FP2
0 days 01:09:01.666000,31.5,39.0,1007.0,False,36.0,50,0.9,2025,5,FP2
0 days 01:10:01.675000,31.4,39.0,1007.0,False,35.7,51,1.3,2025,5,FP2
0 days 01:11:01.676000,31.3,39.0,1007.0,False,35.7,60,0.8,2025,5,FP2
0 days 01:12:01.685000,31.2,39.0,1007.0,False,35.7,46,1.1,2025,5,FP2
0 days 01:13:01.706000,31.1,39.0,1007.0,False,35.7,57,0.8,2025,5,FP2
0 days 01:14:01.710000,31.1,39.0,1007.0,False,35.7,82,0.9,2025,5,FP2
0 days 01:15:01.720000,31.1,39.0,1007.1,False,35.7,67,0.9,2025,5,FP2
0 days 01:16:01.721000,31.1,39.0,1007.1,False,35.6,52,0.7,2025,5,FP2
0 days 01:17:01.708000,31.2,39.0,1007.1,False,35.6,122,0.9,2025,5,FP2
0 days 01:18:01.711000,31.3,39.0,1007.1,False,35.8,75,0.9,2025,5,FP2
0 days 01:19:01.723000,31.4,39.0,1007.1,False,35.8,75,0.9,2025,5,FP2
0 days 01:20:01.752000,31.4,39.0,1007.1,False,35.8,152,1.1,2025,5,FP2
0 days 01:21:01.737000,31.4,39.0,1007.0,False,35.7,82,0.9,2025,5,FP2
0 days 00:00:59.018000,19.7,33.0,1007.3,False,37.9,133,2.8,2025,7,FP2
0 days 00:01:59.019000,19.7,33.0,1007.3,False,37.9,141,3.2,2025,7,FP2
0 days 00:02:59.016000,19.6,32.0,1007.2,False,37.9,104,1.9,2025,7,FP2
0 days 00:03:59.021000,19.5,32.0,1007.2,False,37.9,132,1.9,2025,7,FP2
0 days 00:04:59.016000,19.5,32.0,1007.2,False,37.8,132,2.0,2025,7,FP2
0 days 00:05:59.021000,19.5,32.0,1007.2,False,37.3,141,2.4,2025,7,FP2
0 days 00:06:59.027000,19.5,33.0,1007.2,False,37.3,106,1.7,2025,7,FP2
0 days 00:07:59.027000,19.5,33.0,1007.2,False,37.6,125,1.9,2025,7,FP2
0 days 00:08:59.027000,19.5,34.0,1007.2,False,37.8,114,1.2,2025,7,FP2
0 days 00:09:59.029000,19.6,33.0,1007.2,False,37.8,115,1.5,2025,7,FP2
0 days 00:10:59.028000,19.7,34.0,1007.2,False,37.9,125,1.7,2025,7,FP2
0 days 00:11:59.029000,19.7,33.0,1007.2,False,37.9,130,2.4,2025,7,FP2
0 days 00:12:59.047000,19.7,32.0,1007.2,False,37.6,135,1.6,2025,7,FP2
0 days 00:13:59.049000,19.8,33.0,1007.2,False,37.6,136,2.9,2025,7,FP2
0 days 00:14:59.034000,19.9,32.0,1007.2,False,37.6,125,2.7,2025,7,FP2
0 days 00:15:59.041000,20.0,31.0,1007.3,False,37.5,131,2.8,2025,7,FP2
0 days 00:16:59.064000,20.1,31.0,1007.3,False,37.5,150,1.7,2025,7,FP2
0 days 00:17:59.065000,19.9,31.0,1007.2,False,37.4,145,1.7,2025,7,FP2
0 days 00:18:59.081000,19.8,32.0,1007.2,False,37.3,136,2.1,2025,7,FP2
0 days 00:19:59.081000,19.8,32.0,1007.1,False,37.2,128,2.5,2025,7,FP2
0 days 00:20:59.078000,19.9,31.0,1007.3,False,36.5,119,2.9,2025,7,FP2
0 days 00:21:59.081000,19.8,30.0,1007.3,False,35.9,115,1.6,2025,7,FP2
0 days 00:22:59.081000,19.7,31.0,1007.2,False,35.9,136,1.8,2025,7,FP2
0 days 00:23:59.079000,19.7,32.0,1007.2,False,35.9,128,2.6,2025,7,FP2
0 days 00:24:59.095000,19.5,32.0,1007.2,False,35.9,128,2.6,2025,7,FP2
0 days 00:25:59.095000,19.8,32.0,1007.2,False,35.6,118,2.8,2025,7,FP2
0 days 00:26:59.104000,19.9,31.0,1007.2,False,35.4,131,2.5,2025,7,FP2
0 days 00:27:59.114000,19.8,30.0,1007.2,False,35.2,128,3.2,2025,7,FP2
0 days 00:28:59.130000,19.8,30.0,1007.2,False,35.0,129,3.5,2025,7,FP2
0 days 00:29:59.130000,19.8,30.0,1007.3,False,35.0,135,3.2,2025,7,FP2
0 days 00:30:59.166000,19.8,31.0,1007.2,False,34.8,123,3.8,2025,7,FP2
0 days 00:31:59.143000,19.7,32.0,1007.3,False,34.8,137,2.5,2025,7,FP2
0 days 00:32:59.152000,19.7,32.0,1007.2,False,34.8,125,2.6,2025,7,FP2
0 days 00:33:59.168000,19.8,31.0,1007.2,False,34.9,126,2.0,2025,7,FP2
0 days 00:34:59.161000,19.6,30.0,1007.3,False,35.0,140,2.0,2025,7,FP2
0 days 00:35:59.161000,19.6,29.0,1007.3,False,35.1,129,2.9,2025,7,FP2
0 days 00:36:59.162000,19.5,30.0,1007.3,False,35.1,128,2.3,2025,7,FP2
0 days 00:37:59.162000,19.4,30.0,1007.3,False,35.3,144,2.5,2025,7,FP2
0 days 00:38:59.178000,19.4,31.0,1007.4,False,35.5,136,2.1,2025,7,FP2
0 days 00:39:59.178000,19.5,30.0,1007.3,False,35.5,105,2.2,2025,7,FP2
0 days 00:40:59.179000,19.5,31.0,1007.3,False,35.3,113,2.2,2025,7,FP2
0 days 00:41:59.179000,19.6,32.0,1007.3,False,34.5,119,2.1,2025,7,FP2
0 days 00:42:59.179000,19.7,32.0,1007.3,False,34.4,152,1.9,2025,7,FP2
0 days 00:43:59.179000,19.8,32.0,1007.3,False,34.1,124,1.8,2025,7,FP2
0 days 00:44:59.180000,19.8,33.0,1007.2,False,34.3,139,2.2,2025,7,FP2
0 days 00:45:59.164000,19.8,33.0,1007.2,False,34.3,128,3.3,2025,7,FP2
0 days 00:46:59.180000,19.7,32.0,1007.3,False,34.1,112,3.3,2025,7,FP2
0 days 00:47:59.181000,19.6,32.0,1007.2,False,33.9,107,2.3,2025,7,FP2
0 days 00:48:59.181000,19.8,33.0,1007.2,False,33.9,122,2.2,2025,7,FP2
0 days 00:49:59.185000,19.8,32.0,1007.3,False,33.6,150,3.2,2025,7,FP2
0 days 00:50:59.172000,19.8,32.0,1007.3,False,33.7,153,3.0,2025,7,FP2
0 days 00:51:59.184000,19.6,32.0,1007.3,False,33.9,122,2.4,2025,7,FP2
0 days 00:52:59.176000,19.5,32.0,1007.2,False,34.0,120,2.4,2025,7,FP2
0 days 00:53:59.184000,19.5,32.0,1007.3,False,33.6,122,2.1,2025,7,FP2
0 days 00:54:59.176000,19.6,32.0,1007.3,False,33.9,134,2.5,2025,7,FP2
0 days 00:55:59.180000,19.6,32.0,1007.2,False,33.7,122,2.4,2025,7,FP2
0 days 00:56:59.227000,19.6,32.0,1007.3,False,33.7,147,2.6,2025,7,FP2
0 days 00:57:59.181000,19.7,32.0,1007.2,False,33.7,127,2.5,2025,7,FP2
0 days 00:58:59.181000,19.7,31.0,1007.1,False,33.9,118,2.7,2025,7,FP2
0 days 00:59:59.186000,19.8,31.0,1007.1,False,33.7,134,2.0,2025,7,FP2
0 days 01:00:59.189000,19.8,31.0,1007.1,False,33.4,106,2.9,2025,7,FP2
0 days 01:01:59.191000,19.8,32.0,1007.2,False,33.3,114,2.5,2025,7,FP2
0 days 01:02:59.190000,19.8,31.0,1007.2,False,33.2,108,3.0,2025,7,FP2
0 days 01:03:59.198000,19.8,31.0,1007.1,False,32.9,114,3.2,2025,7,FP2
0 days 01:04:59.183000,19.8,31.0,1007.1,False,32.9,122,2.8,2025,7,FP2
0 days 01:05:59.183000,19.8,30.0,1007.2,False,32.5,132,3.5,2025,7,FP2
0 days 01:06:59.184000,19.7,30.0,1007.1,False,32.4,121,2.3,2025,7,FP2
0 days 01:07:59.189000,19.7,31.0,1007.1,False,32.5,122,1.9,2025,7,FP2
0 days 01:08:59.194000,19.6,31.0,1007.1,False,32.4,110,2.8,2025,7,FP2
0 days 01:09:59.194000,19.7,31.0,1007.2,False,32.4,130,1.8,2025,7,FP2
0 days 01:10:59.210000,19.7,30.0,1007.1,False,32.3,147,1.9,2025,7,FP2
0 days 01:11:59.195000,19.7,31.0,1007.2,False,32.6,125,0.8,2025,7,FP2
0 days 01:12:59.195000,19.6,32.0,1007.1,False,32.6,154,2.3,2025,7,FP2
0 days 01:13:59.196000,19.5,31.0,1007.1,False,32.8,141,2.2,2025,7,FP2
0 days 01:14:59.196000,19.5,32.0,1007.1,False,32.8,128,1.2,2025,7,FP2
0 days 01:15:59.196000,19.6,31.0,1007.1,False,33.0,114,1.4,2025,7,FP2
0 days 01:16:59.196000,19.5,32.0,1007.1,False,32.8,111,2.0,2025,7,FP2
0 days 01:17:59.197000,19.5,32.0,1007.1,False,32.7,124,1.8,2025,7,FP2
0 days 01:18:59.197000,19.4,31.0,1007.2,False,32.7,163,2.2,2025,7,FP2
0 days 01:19:59.197000,19.5,31.0,1007.1,False,32.7,126,1.4,2025,7,FP2
0 days 01:20:59.197000,19.6,31.0,1007.1,False,33.0,148,1.4,2025,7,FP2
0 days 00:00:22.051000,23.3,34.0,1011.1,False,41.9,352,0.6,2025,8,FP2
0 days 00:01:22.065000,23.3,34.0,1011.1,False,42.1,341,0.8,2025,8,FP2
0 days 00:02:22.088000,23.1,35.0,1011.1,False,42.0,0,0.0,2025,8,FP2
0 days 00:03:22.093000,23.1,36.0,1011.0,False,41.9,289,0.3,2025,8,FP2
0 days 00:04:22.106000,23.2,36.0,1011.1,False,41.8,337,1.7,2025,8,FP2
0 days 00:05:22.132000,23.2,34.0,1011.1,False,41.8,0,2.0,2025,8,FP2
0 days 00:06:22.113000,23.4,34.0,1011.1,False,41.5,198,0.4,2025,8,FP2
0 days 00:07:22.138000,23.4,36.0,1011.0,False,41.4,205,0.4,2025,8,FP2
0 days 00:08:22.157000,23.2,37.0,1011.1,False,41.9,0,0.9,2025,8,FP2
0 days 00:09:22.164000,23.2,35.0,1011.1,False,41.5,335,0.7,2025,8,FP2
0 days 00:10:22.151000,23.4,35.0,1011.1,False,41.1,339,1.6,2025,8,FP2
0 days 00:11:22.166000,23.4,35.0,1011.1,False,41.2,343,1.5,2025,8,FP2
0 days 00:12:22.154000,23.3,35.0,1011.2,False,41.2,358,1.4,2025,8,FP2
0 days 00:13:22.154000,23.2,34.0,1011.1,False,41.4,326,0.6,2025,8,FP2
0 days 00:14:22.165000,23.3,34.0,1011.0,False,41.2,338,0.8,2025,8,FP2
0 days 00:15:22.172000,23.3,34.0,1011.0,False,41.4,309,1.0,2025,8,FP2
0 days 00:16:22.163000,23.5,32.0,1011.0,False,41.3,304,0.9,2025,8,FP2
0 days 00:17:22.166000,23.5,34.0,1011.0,False,40.9,280,0.6,2025,8,FP2
0 days 00:18:22.179000,23.3,35.0,1011.1,False,41.2,165,1.5,2025,8,FP2
0 days 00:19:22.172000,23.3,37.0,1011.1,False,41.2,190,1.2,2025,8,FP2
0 days 00:20:22.183000,23.2,36.0,1011.1,False,41.2,183,1.5,2025,8,FP2
0 days 00:21:22.189000,23.3,35.0,1011.1,False,40.8,0,0.8,2025,8,FP2
0 days 00:22:22.190000,23.3,35.0,1011.1,False,40.0,176,0.7,2025,8,FP2
0 days 00:23:22.215000,23.4,34.0,1011.0,False,39.7,341,1.0,2025,8,FP2
0 days 00:24:22.206000,23.5,33.0,1011.1,False,38.8,39,2.1,2025,8,FP2
0 days 00:25:22.211000,23.4,35.0,1011.1,False,39.0,330,0.8,2025,8,FP2
0 days 00:26:22.207000,23.2,34.0,1011.1,False,39.4,352,1.2,2025,8,FP2
0 days 00:27:22.207000,23.1,36.0,1011.1,False,38.8,335,1.5,2025,8,FP2
0 days 00:28:22.192000,23.0,36.0,1011.0,False,38.1,0,0.9,2025,8,FP2
0 days 00:29:22.211000,22.9,36.0,1011.1,False,38.1,328,0.7,2025,8,FP2
0 days 00:30:22.195000,22.9,36.0,1011.0,False,38.5,0,0.9,2025,8,FP2
0 days 00:31:22.192000,23.0,36.0,1011.0,False,38.1,130,0.8,2025,8,FP2
0 days 00:32:22.192000,23.0,36.0,1011.0,False,38.5,188,0.9,2025,8,FP2
0 days 00:33:22.211000,23.2,36.0,1011.0,False,39.1,185,1.7,2025,8,FP2
0 days 00:34:22.202000,23.3,36.0,1011.0,False,39.1,270,0.7,2025,8,FP2
0 days 00:35:22.213000,23.4,36.0,1011.1,False,39.1,232,0.7,2025,8,FP2
0 days 00:36:22.198000,23.2,36.0,1011.2,False,38.9,0,0.6,2025,8,FP2
0 days 00:37:22.216000,23.0,36.0,1011.1,False,38.1,0,0.5,2025,8,FP2
0 days 00:38:22.200000,22.9,38.0,1011.1,False,37.4,329,0.6,2025,8,FP2
0 days 00:39:22.196000,22.7,38.0,1011.2,False,37.5,342,1.6,2025,8,FP2
0 days 00:40:22.203000,22.6,37.0,1011.2,False,37.5,322,1.3,2025,8,FP2
0 days 00:41:22.215000,22.6,38.0,1011.2,False,37.3,166,0.7,2025,8,FP2
0 days 00:42:22.212000,22.6,39.0,1011.2,False,37.3,183,1.8,2025,8,FP2
0 days 00:43:22.215000,22.7,40.0,1011.1,False,37.7,173,1.4,2025,8,FP2
0 days 00:44:22.203000,22.7,40.0,1011.1,False,37.7,187,1.2,2025,8,FP2
0 days 00:45:22.216000,22.8,39.0,1011.1,False,37.7,176,2.0,2025,8,FP2
0 days 00:46:22.222000,22.7,39.0,1011.3,False,37.9,0,1.3,2025,8,FP2
0 days 00:47:22.206000,22.7,38.0,1011.2,False,37.9,155,0.9,2025,8,FP2
0 days 00:48:22.220000,22.6,40.0,1011.1,False,38.6,189,0.8,2025,8,FP2
0 days 00:49:22.220000,22.7,39.0,1011.2,False,38.6,95,1.2,2025,8,FP2
0 days 00:50:22.218000,22.7,41.0,1011.1,False,37.7,187,0.8,2025,8,FP2
0 days 00:51:22.218000,22.6,42.0,1011.1,False,37.7,190,1.4,2025,8,FP2
0 days 00:52:22.210000,22.7,40.0,1011.1,False,37.7,178,1.1,2025,8,FP2
0 days 00:53:22.221000,22.7,40.0,1011.1,False,37.1,219,1.0,2025,8,FP2
0 days 00:54:22.219000,22.8,39.0,1011.3,False,36.8,157,1.1,2025,8,FP2
0 days 00:55:22.218000,22.7,40.0,1011.1,False,36.3,172,1.1,2025,8,FP2
0 days 00:56:22.226000,22.6,40.0,1011.1,False,36.3,175,1.5,2025,8,FP2
0 days 00:57:22.220000,22.6,41.0,1011.1,False,35.5,172,1.2,2025,8,FP2
0 days 00:58:22.211000,22.7,42.0,1011.1,False,35.5,0,0.6,2025,8,FP2
0 days 00:59:22.221000,22.5,40.0,1011.1,False,35.9,0,0.0,2025,8,FP2
0 days 01:00:22.221000,22.4,39.0,1011.0,False,36.0,191,0.7,2025,8,FP2
0 days 01:01:22.227000,22.3,38.0,1011.1,False,35.4,178,0.9,2025,8,FP2
0 days 01:02:22.250000,22.3,42.0,1011.1,False,35.4,189,1.1,2025,8,FP2
0 days 01:03:22.228000,22.4,43.0,1011.0,False,35.4,200,0.8,2025,8,FP2
0 days 01:04:22.228000,22.3,43.0,1011.1,False,35.7,316,1.0,2025,8,FP2
0 days 01:05:22.229000,22.3,42.0,1011.1,False,35.9,108,0.7,2025,8,FP2
0 days 01:06:22.230000,22.5,41.0,1011.0,False,36.2,0,0.4,2025,8,FP2
0 days 01:07:22.223000,22.6,42.0,1010.9,False,36.5,118,0.6,2025,8,FP2
0 days 01:08:22.233000,22.7,39.0,1011.1,False,36.5,0,0.9,2025,8,FP2
0 days 01:09:22.233000,22.8,41.0,1011.1,False,36.0,338,0.5,2025,8,FP2
0 days 01:10:22.240000,22.8,43.0,1011.0,False,34.9,149,0.3,2025,8,FP2
0 days 01:11:22.246000,22.6,43.0,1011.1,False,34.9,233,0.7,2025,8,FP2
0 days 01:12:22.228000,22.5,42.0,1011.0,False,34.6,192,0.9,2025,8,FP2
0 days 01:13:22.237000,22.5,43.0,1011.0,False,34.6,197,1.0,2025,8,FP2
0 days 01:14:22.240000,22.4,42.0,1011.0,False,34.8,175,1.5,2025,8,FP2
0 days 01:15:22.238000,22.4,43.0,1011.0,False,34.8,160,1.4,2025,8,FP2
0 days 01:16:22.226000,22.5,44.0,1011.0,False,34.6,95,1.3,2025,8,FP2
0 days 01:17:22.231000,22.5,46.0,1011.2,False,33.6,154,0.9,2025,8,FP2
0 days 01:18:22.244000,22.3,46.0,1011.1,False,33.4,239,0.8,2025,8,FP2
0 days 01:19:22.243000,22.0,47.0,1011.2,False,33.1,335,0.5,2025,8,FP2
0 days 00:00:11.414000,31.0,28.0,1005.2,False,48.0,199,2.5,2025,9,FP2
0 days 00:01:11.433000,31.0,29.0,1005.2,False,47.8,240,1.5,2025,9,FP2
0 days 00:02:11.418000,31.1,29.0,1005.2,False,47.8,261,1.5,2025,9,FP2
0 days 00:03:11.443000,31.0,30.0,1005.1,False,48.2,210,1.3,2025,9,FP2
0 days 00:04:11.428000,31.0,30.0,1005.1,False,48.2,205,1.6,2025,9,FP2
0 days 00:05:11.423000,31.1,29.0,1005.2,False,47.7,179,1.9,2025,9,FP2
0 days 00:06:11.428000,31.1,29.0,1005.1,False,47.7,216,1.9,2025,9,FP2
0 days 00:07:11.433000,31.2,29.0,1005.1,False,47.8,213,0.8,2025,9,FP2
0 days 00:08:11.426000,31.1,29.0,1005.2,False,48.1,281,0.7,2025,9,FP2
0 days 00:09:11.423000,31.0,29.0,1005.1,False,48.1,254,1.6,2025,9,FP2
0 days 00:10:11.425000,31.0,29.0,1005.2,False,47.8,272,1.3,2025,9,FP2
0 days 00:11:11.423000,30.9,31.0,1005.2,False,47.6,30,1.3,2025,9,FP2
0 days 00:12:11.434000,30.8,31.0,1005.1,False,47.6,202,1.0,2025,9,FP2
0 days 00:13:11.430000,30.8,32.0,1005.2,False,47.4,185,1.9,2025,9,FP2
0 days 00:14:11.438000,30.7,33.0,1005.1,False,47.4,181,1.5,2025,9,FP2
0 days 00:15:11.428000,30.6,32.0,1005.2,False,47.3,276,1.4,2025,9,FP2
0 days 00:16:11.482000,30.5,34.0,1005.1,False,47.5,182,0.9,2025,9,FP2
0 days 00:17:11.421000,30.5,34.0,1005.0,False,47.5,164,0.8,2025,9,FP2
0 days 00:18:11.437000,30.6,34.0,1005.2,False,47.5,216,0.7,2025,9,FP2
0 days 00:19:11.439000,30.6,33.0,1005.1,False,47.6,293,1.1,2025,9,FP2
0 days 00:20:11.467000,30.5,33.0,1005.0,False,47.6,65,1.4,2025,9,FP2
0 days 00:21:11.451000,30.5,33.0,1005.1,False,47.3,69,1.6,2025,9,FP2
0 days 00:22:11.474000,30.4,33.0,1005.0,False,47.0,30,2.4,2025,9,FP2
0 days 00:23:11.485000,30.4,34.0,1005.1,False,47.0,0,1.5,2025,9,FP2
0 days 00:24:11.489000,30.3,34.0,1005.0,False,47.1,215,1.1,2025,9,FP2
0 days 00:25:11.482000,30.4,33.0,1005.2,False,47.1,19,1.1,2025,9,FP2
0 days 00:26:11.501000,30.5,34.0,1005.1,False,47.1,36,2.0,2025,9,FP2
0 days 00:27:11.512000,30.5,34.0,1005.0,False,47.0,23,1.9,2025,9,FP2
0 days 00:28:11.501000,30.5,33.0,1005.1,False,47.0,333,2.1,2025,9,FP2
0 days 00:29:11.523000,30.4,33.0,1005.1,False,46.8,24,1.5,2025,9,FP2
0 days 00:30:11.542000,30.5,33.0,1005.1,False,47.4,273,0.9,2025,9,FP2
0 days 00:31:11.542000,30.5,33.0,1005.0,False,47.4,271,1.3,2025,9,FP2
0 days 00:32:11.533000,30.4,33.0,1005.0,False,47.0,38,1.3,2025,9,FP2
0 days 00:33:11.531000,30.3,34.0,1005.1,False,46.9,188,0.8,2025,9,FP2
0 days 00:34:11.551000,30.4,34.0,1005.1,False,47.1,201,1.1,2025,9,FP2
0 days 00:35:11.540000,30.4,33.0,1005.1,False,46.7,171,2.1,2025,9,FP2
0 days 00:36:11.538000,30.4,34.0,1005.0,False,46.5,0,1.1,2025,9,FP2
0 days 00:37:11.541000,30.4,34.0,1005.0,False,46.5,176,0.8,2025,9,FP2
0 days 00:38:11.550000,30.5,34.0,1005.0,False,46.1,220,1.4,2025,9,FP2
0 days 00:39:11.564000,30.5,34.0,1005.0,False,46.4,0,1.1,2025,9,FP2
0 days 00:40:11.583000,30.5,34.0,1005.0,False,46.4,190,0.9,2025,9,FP2
0 days 00:41:11.582000,30.3,34.0,1005.0,False,46.1,172,1.6,2025,9,FP2
0 days 00:42:11.574000,30.3,34.0,1005.0,False,46.0,238,0.7,2025,9,FP2
0 days 00:43:11.584000,30.0,35.0,1005.0,False,46.1,134,1.3,2025,9,FP2
0 days 00:44:11.578000,30.0,35.0,1005.1,False,46.0,355,1.1,2025,9,FP2
0 days 00:45:11.585000,30.0,35.0,1005.0,False,46.0,294,1.0,2025,9,FP2
0 days 00:46:11.592000,30.0,34.0,1005.1,False,46.1,20,1.4,2025,9,FP2
0 days 00:47:11.583000,30.0,35.0,1005.0,False,45.8,320,1.6,2025,9,FP2
0 days 00:48:11.576000,29.9,35.0,1005.0,False,45.5,333,1.6,2025,9,FP2
0 days 00:49:11.595000,29.8,35.0,1005.0,False,45.7,343,0.7,2025,9,FP2
0 days 00:50:11.589000,29.9,35.0,1005.0,False,45.6,13,1.1,2025,9,FP2
0 days 00:51:11.575000,29.9,36.0,1005.0,False,45.3,326,1.2,2025,9,FP2
0 days 00:52:11.579000,30.0,36.0,1005.0,False,45.4,0,1.2,2025,9,FP2
0 days 00:53:11.603000,30.0,36.0,1005.0,False,45.3,64,1.2,2025,9,FP2
0 days 00:54:11.615000,29.9,36.0,1005.0,False,45.3,306,2.1,2025,9,FP2
0 days 00:55:11.586000,29.8,37.0,1005.0,False,45.3,20,1.6,2025,9,FP2
0 days 00:56:11.593000,29.8,37.0,1005.0,False,44.8,168,1.9,2025,9,FP2
0 days 00:57:11.597000,29.7,37.0,1005.0,False,44.7,354,1.7,2025,9,FP2
0 days 00:58:11.608000,29.6,37.0,1005.0,False,44.4,79,2.3,2025,9,FP2
0 days 00:59:11.614000,29.6,38.0,1004.9,False,44.3,1,1.6,2025,9,FP2
0 days 01:00:11.615000,29.6,38.0,1005.1,False,44.3,49,1.4,2025,9,FP2
0 days 01:01:11.628000,29.5,38.0,1004.9,False,44.4,5,2.0,2025,9,FP2
0 days 01:02:11.616000,29.6,38.0,1005.0,False,44.2,70,1.6,2025,9,FP2
0 days 01:03:11.652000,29.6,38.0,1005.0,False,44.2,30,2.4,2025,9,FP2
0 days 01:04:11.644000,29.6,38.0,1004.9,False,44.2,76,1.2,2025,9,FP2
0 days 01:05:11.641000,29.6,37.0,1005.0,False,43.8,334,2.4,2025,9,FP2
0 days 01:06:11.647000,29.7,38.0,1004.9,False,43.8,349,1.5,2025,9,FP2
0 days 01:07:11.650000,29.5,38.0,1004.9,False,43.8,21,1.5,2025,9,FP2
0 days 01:08:11.665000,29.5,38.0,1004.9,False,43.7,61,1.5,2025,9,FP2
0 days 01:09:11.649000,29.4,39.0,1004.9,False,43.7,52,1.7,2025,9,FP2
0 days 01:10:11.703000,29.4,38.0,1004.9,False,43.5,44,2.2,2025,9,FP2
0 days 01:11:11.661000,29.4,39.0,1004.9,False,43.0,64,1.8,2025,9,FP2
0 days 01:12:11.653000,29.4,39.0,1004.8,False,43.0,353,1.6,2025,9,FP2
0 days 01:13:11.663000,29.4,38.0,1004.9,False,43.0,28,2.3,2025,9,FP2
0 days 01:14:11.675000,29.4,39.0,1004.8,False,42.6,25,2.2,2025,9,FP2
0 days 01:15:11.694000,29.3,39.0,1004.9,False,42.5,25,2.2,2025,9,FP2
0 days 01:16:11.692000,29.1,39.0,1004.6,False,42.6,354,2.1,2025,9,FP2
0 days 01:17:11.699000,29.0,40.0,1004.9,False,42.4,16,1.2,2025,9,FP2
0 days 01:18:11.706000,28.9,40.0,1004.8,False,41.9,354,1.4,2025,9,FP2
0 days 01:19:11.708000,28.8,41.0,1004.8,False,41.6,43,1.5,2025,9,FP2
0 days 01:20:11.726000,28.8,41.0,1004.8,False,41.6,0,1.8,2025,9,FP2
0 days 01:21:11.726000,28.7,41.0,1004.9,False,41.6,286,1.5,2025,9,FP2
0 days 00:00:19.234000,18.7,38.0,1020.1,False,41.3,236,2.0,2025,10,FP2
0 days 00:01:19.251000,18.8,38.0,1020.0,False,41.3,203,1.1,2025,10,FP2
0 days 00:02:19.235000,18.8,36.0,1020.1,False,41.4,176,1.5,2025,10,FP2
0 days 00:03:19.236000,18.8,37.0,1020.0,False,41.3,260,1.2,2025,10,FP2
0 days 00:04:19.236000,18.7,38.0,1020.0,False,41.2,0,0.6,2025,10,FP2
0 days 00:05:19.252000,18.8,39.0,1020.0,False,41.4,0,0.4,2025,10,FP2
0 days 00:06:19.253000,18.9,37.0,1020.0,False,41.6,8,0.8,2025,10,FP2
0 days 00:07:19.253000,18.8,35.0,1020.0,False,41.6,77,0.6,2025,10,FP2
0 days 00:08:19.257000,18.9,37.0,1020.0,False,41.1,0,0.0,2025,10,FP2
0 days 00:09:19.258000,19.0,35.0,1020.0,False,41.2,246,0.0,2025,10,FP2
0 days 00:10:19.258000,18.9,37.0,1019.9,False,40.9,284,0.5,2025,10,FP2
0 days 00:11:19.258000,19.0,37.0,1019.9,False,40.9,147,0.3,2025,10,FP2
0 days 00:12:19.259000,19.1,36.0,1020.0,False,41.1,205,1.8,2025,10,FP2
0 days 00:13:19.259000,19.1,36.0,1020.0,False,40.9,195,1.4,2025,10,FP2
0 days 00:14:19.260000,19.0,36.0,1020.0,False,40.8,215,0.7,2025,10,FP2
0 days 00:15:19.260000,19.0,36.0,1020.0,False,41.0,174,0.6,2025,10,FP2
0 days 00:16:19.276000,19.0,37.0,1020.1,False,41.0,216,0.9,2025,10,FP2
0 days 00:17:19.277000,19.0,37.0,1020.1,False,40.9,202,0.9,2025,10,FP2
0 days 00:18:19.308000,19.0,36.0,1019.9,False,40.9,0,0.8,2025,10,FP2
0 days 00:19:19.325000,19.3,38.0,1019.9,False,40.8,258,0.3,2025,10,FP2
0 days 00:20:19.319000,19.5,37.0,1019.9,False,40.5,9,0.8,2025,10,FP2
0 days 00:21:19.303000,19.4,37.0,1019.7,False,40.0,82,0.6,2025,10,FP2
0 days 00:22:19.320000,19.2,39.0,1019.7,False,39.7,299,1.0,2025,10,FP2
0 days 00:23:19.320000,19.1,38.0,1019.7,False,39.6,178,0.6,2025,10,FP2
0 days 00:24:19.320000,19.1,39.0,1019.7,False,39.4,303,0.4,2025,10,FP2
0 days 00:25:19.311000,19.0,38.0,1019.7,False,39.0,6,0.8,2025,10,FP2
0 days 00:26:19.312000,19.0,38.0,1019.7,False,38.9,112,0.8,2025,10,FP2
0 days 00:27:19.312000,19.0,39.0,1019.6,False,38.9,74,0.8,2025,10,FP2
0 days 00:28:19.313000,19.0,40.0,1019.6,False,38.9,90,1.3,2025,10,FP2
0 days 00:29:19.329000,19.0,38.0,1019.6,False,38.8,99,1.1,2025,10,FP2
0 days 00:30:19.329000,19.0,38.0,1019.6,False,38.5,65,1.2,2025,10,FP2
0 days 00:31:19.345000,18.9,37.0,1019.6,False,38.5,0,1.1,2025,10,FP2
0 days 00:32:19.361000,18.9,38.0,1019.7,False,38.5,36,0.9,2025,10,FP2
0 days 00:33:19.393000,18.8,38.0,1019.6,False,38.4,7,1.4,2025,10,FP2
0 days 00:34:19.378000,18.8,37.0,1019.7,False,38.1,341,1.1,2025,10,FP2
0 days 00:35:19.363000,18.8,37.0,1019.6,False,38.0,42,0.9,2025,10,FP2
0 days 00:36:19.364000,18.9,38.0,1019.7,False,38.1,3,1.5,2025,10,FP2
0 days 00:37:19.380000,19.0,37.0,1019.7,False,38.1,53,1.2,2025,10,FP2
0 days 00:38:19.399000,19.0,38.0,1019.7,False,38.1,104,0.8,2025,10,FP2
0 days 00:39:19.400000,19.0,38.0,1019.7,False,38.1,194,1.0,2025,10,FP2
0 days 00:40:19.400000,19.0,39.0,1019.7,False,38.1,166,0.5,2025,10,FP2
0 days 00:41:19.401000,19.0,39.0,1019.7,False,38.3,159,0.9,2025,10,FP2
0 days 00:42:19.401000,19.0,40.0,1019.9,False,38.0,0,0.7,2025,10,FP2
0 days 00:43:19.402000,19.0,39.0,1019.8,False,38.0,47,0.7,2025,10,FP2
0 days 00:44:19.418000,19.0,40.0,1019.8,False,38.0,184,0.9,2025,10,FP2
0 days 00:45:19.418000,19.2,39.0,1019.8,False,38.0,211,0.9,2025,10,FP2
0 days 00:46:19.419000,19.4,38.0,1019.9,False,37.9,160,0.6,2025,10,FP2
0 days 00:47:19.419000,19.3,39.0,1019.8,False,38.1,0,0.6,2025,10,FP2
0 days 00:48:19.404000,19.3,38.0,1019.7,False,37.6,327,1.1,2025,10,FP2
0 days 00:49:19.401000,19.3,40.0,1019.7,False,37.6,192,0.7,2025,10,FP2
0 days 00:50:19.422000,19.4,38.0,1019.7,False,37.6,208,0.5,2025,10,FP2
0 days 00:51:19.407000,19.4,38.0,1019.7,False,37.5,177,1.1,2025,10,FP2
0 days 00:52:19.423000,19.4,38.0,1019.7,False,37.7,0,0.9,2025,10,FP2
0 days 00:53:19.408000,19.5,38.0,1019.7,False,37.7,327,0.7,2025,10,FP2
0 days 00:54:19.406000,19.5,38.0,1019.8,False,37.7,241,0.7,2025,10,FP2
0 days 00:55:19.406000,19.5,37.0,1019.7,False,37.4,235,0.6,2025,10,FP2
0 days 00:56:19.422000,19.4,38.0,1019.7,False,37.4,238,0.6,2025,10,FP2
0 days 00:57:19.423000,19.2,39.0,1019.8,False,37.2,0,0.6,2025,10,FP2
0 days 00:58:19.417000,19.0,38.0,1019.8,False,37.2,196,0.9,2025,10,FP2
0 days 00:59:19.422000,19.0,37.0,1019.8,False,37.5,240,1.2,2025,10,FP2
0 days 01:00:19.424000,19.0,37.0,1019.7,False,37.5,201,1.8,2025,10,FP2
0 days 01:01:19.409000,19.1,38.0,1019.8,False,37.0,211,2.0,2025,10,FP2
0 days 01:02:19.425000,19.0,38.0,1019.7,False,37.0,299,2.2,2025,10,FP2
0 days 01:03:19.410000,18.9,37.0,1019.7,False,36.7,189,1.2,2025,10,FP2
0 days 01:04:19.426000,19.0,39.0,1019.8,False,36.7,306,1.1,2025,10,FP2
0 days 01:05:19.423000,19.1,40.0,1019.7,False,36.6,351,1.3,2025,10,FP2
0 days 01:06:19.427000,19.1,42.0,1019.7,False,36.6,11,1.0,2025,10,FP2
0 days 01:07:19.427000,19.2,41.0,1019.7,False,36.6,347,0.7,2025,10,FP2
0 days 01:08:19.427000,19.3,41.0,1019.7,False,36.6,344,1.1,2025,10,FP2
0 days 01:09:19.428000,19.3,39.0,1019.7,False,36.5,307,1.1,2025,10,FP2
0 days 01:10:19.429000,19.4,38.0,1019.7,False,36.5,175,0.8,2025,10,FP2
0 days 01:11:19.414000,19.3,39.0,1019.7,False,36.4,272,1.8,2025,10,FP2
0 days 01:12:19.430000,19.2,38.0,1019.8,False,36.4,326,1.0,2025,10,FP2
0 days 01:13:19.430000,19.2,37.0,1019.7,False,36.4,15,1.0,2025,10,FP2
0 days 01:14:19.425000,19.3,40.0,1019.8,False,36.4,3,1.2,2025,10,FP2
0 days 01:15:19.425000,19.2,41.0,1019.7,False,36.2,14,1.3,2025,10,FP2
0 days 01:16:19.426000,19.1,38.0,1019.8,False,36.2,3,1.2,2025,10,FP2
0 days 01:17:19.429000,19.1,37.0,1019.8,False,36.0,33,1.2,2025,10,FP2
0 days 01:18:19.430000,19.1,36.0,1019.9,False,36.0,356,1.1,2025,10,FP2
0 days 01:19:19.430000,19.0,38.0,1019.8,False,35.8,2,1.1,2025,10,FP2
0 days 00:00:56.772000,26.3,35.0,943.8,False,39.5,233,1.6,2025,11,FP2
0 days 00:01:56.769000,26.3,34.0,943.7,False,39.4,220,2.6,2025,11,FP2
0 days 00:02:56.764000,26.3,35.0,943.8,False,39.2,188,2.9,2025,11,FP2
0 days 00:03:56.776000,26.2,36.0,943.8,False,38.4,238,1.8,2025,11,FP2
0 days 00:04:56.776000,26.0,36.0,943.8,False,38.2,229,2.8,2025,11,FP2
0 days 00:05:56.761000,25.8,36.0,943.8,False,38.1,253,2.5,2025,11,FP2
0 days 00:06:56.786000,25.7,36.0,943.8,False,38.0,214,2.2,2025,11,FP2
0 days 00:07:56.805000,25.6,37.0,943.7,False,38.0,187,1.4,2025,11,FP2
0 days 00:08:56.814000,25.6,37.0,943.7,False,38.3,239,1.2,2025,11,FP2
0 days 00:09:56.814000,25.6,36.0,943.7,False,38.2,225,1.7,2025,11,FP2
0 days 00:10:56.820000,25.6,37.0,943.6,False,38.1,292,1.3,2025,11,FP2
0 days 00:11:56.855000,25.6,37.0,943.6,False,38.1,218,1.0,2025,11,FP2
0 days 00:12:56.867000,25.6,37.0,943.6,False,37.8,257,0.7,2025,11,FP2
0 days 00:13:56.881000,25.6,37.0,943.6,False,37.6,192,0.6,2025,11,FP2
0 days 00:14:56.882000,25.6,37.0,943.6,False,37.6,188,1.1,2025,11,FP2
0 days 00:15:56.868000,25.6,37.0,943.6,False,37.8,224,1.4,2025,11,FP2
0 days 00:16:56.903000,25.6,36.0,943.5,False,37.7,246,1.5,2025,11,FP2
0 days 00:17:56.900000,25.6,37.0,943.6,False,37.6,4,1.2,2025,11,FP2
0 days 00:18:56.916000,25.7,37.0,943.6,False,37.6,200,1.0,2025,11,FP2
0 days 00:19:56.901000,25.7,36.0,943.6,False,37.6,133,1.0,2025,11,FP2
0 days 00:20:56.901000,25.6,37.0,943.6,False,37.1,271,0.9,2025,11,FP2
0 days 00:21:56.911000,25.6,37.0,943.5,False,37.2,207,0.6,2025,11,FP2
0 days 00:22:56.902000,25.5,36.0,943.5,False,37.3,29,0.7,2025,11,FP2
0 days 00:23:56.918000,25.6,36.0,943.5,False,37.3,73,2.1,2025,11,FP2
0 days 00:24:56.904000,25.6,36.0,943.5,False,36.7,80,2.1,2025,11,FP2
0 days 00:25:56.921000,25.6,37.0,943.6,False,36.7,46,1.1,2025,11,FP2
0 days 00:26:56.908000,25.6,36.0,943.5,False,37.2,85,1.2,2025,11,FP2
0 days 00:27:56.915000,25.7,36.0,943.5,False,37.3,9,0.9,2025,11,FP2
0 days 00:28:56.934000,25.8,37.0,943.6,False,37.3,196,0.7,2025,11,FP2
0 days 00:29:56.947000,25.9,36.0,943.4,False,37.2,286,1.0,2025,11,FP2
0 days 00:30:56.973000,25.8,36.0,943.5,False,36.9,132,1.4,2025,11,FP2
0 days 00:31:56.979000,25.8,36.0,943.5,False,36.8,84,0.6,2025,11,FP2
0 days 00:32:56.986000,25.6,37.0,943.4,False,36.8,124,1.0,2025,11,FP2
0 days 00:33:56.996000,25.5,37.0,943.6,False,36.8,44,0.7,2025,11,FP2
0 days 00:34:57.008000,25.5,37.0,943.6,False,36.6,281,0.9,2025,11,FP2
0 days 00:35:57.007000,25.5,37.0,943.6,False,36.6,239,1.1,2025,11,FP2
0 days 00:36:57.013000,25.5,37.0,943.6,False,36.5,47,1.2,2025,11,FP2
0 days 00:37:57.021000,25.5,37.0,943.6,False,36.5,127,0.8,2025,11,FP2
0 days 00:38:57.038000,25.5,37.0,943.5,False,36.5,211,1.1,2025,11,FP2
0 days 00:39:57.035000,25.5,38.0,943.6,False,36.5,211,0.7,2025,11,FP2
0 days 00:40:57.054000,25.4,38.0,943.5,False,36.1,232,1.1,2025,11,FP2
0 days 00:41:57.051000,25.4,39.0,943.5,False,36.1,172,0.8,2025,11,FP2
0 days 00:42:57.057000,25.3,39.0,943.5,False,36.1,353,0.9,2025,11,FP2
0 days 00:43:57.042000,25.3,39.0,943.6,False,36.0,229,1.4,2025,11,FP2
0 days 00:44:57.056000,25.4,39.0,943.5,False,36.0,226,1.4,2025,11,FP2
0 days 00:45:57.068000,25.4,39.0,943.6,False,35.9,209,1.0,2025,11,FP2
0 days 00:46:57.071000,25.4,38.0,943.6,False,36.0,199,1.3,2025,11,FP2
0 days 00:47:57.045000,25.3,38.0,943.6,False,36.0,217,1.7,2025,11,FP2
0 days 00:48:57.058000,25.4,38.0,943.6,False,36.0,235,1.8,2025,11,FP2
0 days 00:49:57.043000,25.4,38.0,943.5,False,35.9,43,1.0,2025,11,FP2
0 days 00:50:57.052000,25.5,39.0,943.6,False,35.8,93,0.9,2025,11,FP2
0 days 00:51:57.063000,25.5,38.0,943.5,False,35.8,103,0.9,2025,11,FP2
0 days 00:52:57.056000,25.5,38.0,943.6,False,35.8,201,0.8,2025,11,FP2
0 days 00:53:57.054000,25.4,38.0,943.5,False,35.7,205,1.0,2025,11,FP2
0 days 00:54:57.063000,25.4,39.0,943.5,False,35.1,285,0.8,2025,11,FP2
0 days 00:55:57.055000,25.3,40.0,943.5,False,35.1,82,0.6,2025,11,FP2
0 days 00:56:57.060000,25.2,41.0,943.4,False,35.1,260,0.7,2025,11,FP2
0 days 00:57:57.067000,25.2,41.0,943.5,False,35.5,0,0.4,2025,11,FP2
0 days 00:58:57.061000,25.2,40.0,943.4,False,35.5,37,0.8,2025,11,FP2
0 days 00:59:57.070000,25.3,40.0,943.4,False,35.4,215,0.3,2025,11,FP2
0 days 01:00:57.050000,25.3,39.0,943.4,False,35.4,264,1.2,2025,11,FP2
0 days 01:01:57.062000,25.3,40.0,943.4,False,35.1,250,0.9,2025,11,FP2
0 days 01:02:57.068000,25.3,40.0,943.5,False,35.2,73,1.1,2025,11,FP2
0 days 01:03:57.068000,25.2,40.0,943.4,False,35.3,359,0.8,2025,11,FP2
0 days 01:04:57.066000,25.2,39.0,943.4,False,35.3,297,1.3,2025,11,FP2
0 days 01:05:57.056000,25.3,39.0,943.4,False,35.1,0,0.4,2025,11,FP2
0 days 01:06:57.070000,25.3,40.0,943.4,False,34.8,43,0.6,2025,11,FP2
0 days 01:07:57.084000,25.2,41.0,943.3,False,34.4,0,1.2,2025,11,FP2
0 days 01:08:57.083000,25.1,41.0,943.3,False,34.4,29,0.7,2025,11,FP2
0 days 01:09:57.083000,25.2,41.0,943.4,False,34.3,356,0.9,2025,11,FP2
0 days 01:10:57.115000,25.1,41.0,943.4,False,34.3,295,0.9,2025,11,FP2
0 days 01:11:57.118000,25.1,41.0,943.3,False,34.1,220,1.1,2025,11,FP2
0 days 01:12:57.111000,25.0,41.0,943.5,False,33.9,262,2.7,2025,11,FP2
0 days 01:13:57.112000,25.0,41.0,943.3,False,33.8,253,2.3,2025,11,FP2
0 days 01:14:57.122000,24.9,42.0,943.4,False,33.8,15,1.0,2025,11,FP2
0 days 01:15:57.120000,24.8,42.0,943.4,False,34.2,48,0.9,2025,11,FP2
0 days 01:16:57.133000,24.8,41.0,943.4,False,34.1,224,0.8,2025,11,FP2
0 days 01:17:57.124000,24.9,42.0,943.4,False,33.8,252,1.1,2025,11,FP2
0 days 01:18:57.132000,24.9,42.0,943.5,False,33.8,181,1.2,2025,11,FP2
0 days 00:01:00.653000,24.5,33.0,1006.1,False,42.0,241,3.5,2025,12,FP2
0 days 00:02:00.669000,24.6,33.0,1006.1,False,42.2,254,3.0,2025,12,FP2
0 days 00:03:00.654000,24.5,33.0,1006.0,False,42.4,261,2.4,2025,12,FP2
0 days 00:04:00.654000,24.5,33.0,1006.0,False,42.6,243,2.3,2025,12,FP2
0 days 00:05:00.652000,24.5,33.0,1006.1,False,42.4,232,3.2,2025,12,FP2
0 days 00:06:00.661000,24.5,33.0,1006.0,False,42.4,223,5.1,2025,12,FP2
0 days 00:07:00.684000,24.5,32.0,1006.1,False,41.8,224,4.4,2025,12,FP2
0 days 00:08:00.696000,24.5,32.0,1006.1,False,41.7,220,4.2,2025,12,FP2
0 days 00:09:00.700000,24.4,33.0,1006.1,False,41.6,230,5.9,2025,12,FP2
0 days 00:10:00.715000,24.4,33.0,1006.0,False,41.6,191,2.8,2025,12,FP2
0 days 00:11:00.700000,24.5,33.0,1006.0,False,41.6,229,4.4,2025,12,FP2
0 days 00:12:00.710000,24.6,34.0,1005.9,False,41.7,239,3.1,2025,12,FP2
0 days 00:13:00.709000,24.6,33.0,1005.9,False,41.9,188,4.6,2025,12,FP2
0 days 00:14:00.712000,24.5,33.0,1006.0,False,41.3,203,4.6,2025,12,FP2
0 days 00:15:00.717000,24.5,34.0,1006.0,False,41.3,253,4.6,2025,12,FP2
0 days 00:16:00.716000,24.4,34.0,1006.0,False,41.1,235,4.4,2025,12,FP2
0 days 00:17:00.727000,24.4,34.0,1005.9,False,40.8,236,4.4,2025,12,FP2
0 days 00:18:00.716000,24.2,34.0,1005.9,False,40.8,264,3.2,2025,12,FP2
0 days 00:19:00.708000,24.2,34.0,1005.9,False,40.8,237,3.2,2025,12,FP2
0 days 00:20:00.715000,24.3,34.0,1006.1,False,40.8,256,3.7,2025,12,FP2
0 days 00:21:00.728000,24.5,35.0,1005.9,False,40.5,240,1.8,2025,12,FP2
0 days 00:22:00.735000,24.4,35.0,1005.9,False,40.4,195,3.4,2025,12,FP2
0 days 00:23:00.742000,24.4,34.0,1005.8,False,40.4,202,4.5,2025,12,FP2
0 days 00:24:00.760000,24.4,35.0,1005.9,False,40.4,201,5.2,2025,12,FP2
0 days 00:25:00.771000,24.4,35.0,1005.9,False,40.3,208,3.6,2025,12,FP2
0 days 00:26:00.787000,24.4,36.0,1005.9,False,40.4,200,3.7,2025,12,FP2
0 days 00:27:00.799000,24.4,36.0,1005.9,False,40.2,218,4.4,2025,12,FP2
0 days 00:28:00.800000,24.4,36.0,1005.8,False,40.2,213,3.0,2025,12,FP2
0 days 00:29:00.800000,24.2,36.0,1005.9,False,40.5,225,3.7,2025,12,FP2
0 days 00:30:00.822000,24.2,36.0,1005.7,False,40.8,255,3.1,2025,12,FP2
0 days 00:31:00.809000,24.3,35.0,1005.8,False,40.8,236,3.9,2025,12,FP2
0 days 00:32:00.807000,24.4,35.0,1005.8,False,41.0,214,2.9,2025,12,FP2
0 days 00:33:00.810000,24.5,35.0,1005.8,False,41.0,227,3.0,2025,12,FP2
0 days 00:34:00.810000,24.4,36.0,1005.8,False,40.9,248,3.2,2025,12,FP2
0 days 00:35:00.806000,24.3,36.0,1005.9,False,40.7,207,4.2,2025,12,FP2
0 days 00:36:00.803000,24.2,36.0,1005.8,False,40.7,238,3.4,2025,12,FP2
0 days 00:37:00.810000,24.1,36.0,1005.7,False,40.4,248,2.8,2025,12,FP2
0 days 00:38:00.816000,24.1,36.0,1005.8,False,39.9,258,2.9,2025,12,FP2
0 days 00:39:00.818000,24.1,36.0,1005.8,False,39.9,228,2.7,2025,12,FP2
0 days 00:40:00.813000,24.0,37.0,1005.7,False,39.7,255,2.4,2025,12,FP2
0 days 00:41:00.813000,23.9,37.0,1005.7,False,39.6,247,2.3,2025,12,FP2
0 days 00:42:00.808000,23.9,36.0,1005.6,False,39.7,215,3.2,2025,12,FP2
0 days 00:43:00.812000,24.0,36.0,1005.7,False,39.3,202,3.2,2025,12,FP2
0 days 00:44:00.815000,23.9,35.0,1005.7,False,39.0,242,4.3,2025,12,FP2
0 days 00:45:00.815000,23.9,35.0,1005.6,False,38.7,215,4.5,2025,12,FP2
0 days 00:46:00.814000,23.9,36.0,1005.6,False,39.0,231,4.2,2025,12,FP2
0 days 00:47:00.813000,23.8,36.0,1005.6,False,39.0,231,4.2,2025,12,FP2
0 days 00:48:00.819000,23.8,36.0,1005.6,False,39.1,203,3.4,2025,12,FP2
0 days 00:49:00.814000,23.8,36.0,1005.6,False,39.1,222,4.4,2025,12,FP2
0 days 00:50:00.814000,23.9,36.0,1005.6,False,39.2,247,2.9,2025,12,FP2
0 days 00:51:00.828000,23.9,36.0,1005.6,False,39.8,238,4.7,2025,12,FP2
0 days 00:52:00.815000,24.0,36.0,1005.6,False,39.8,244,4.1,2025,12,FP2
0 days 00:53:00.829000,24.1,36.0,1005.7,False,39.6,243,3.8,2025,12,FP2
0 days 00:54:00.814000,24.3,36.0,1005.6,False,39.5,247,3.9,2025,12,FP2
0 days 00:55:00.816000,24.3,36.0,1005.6,False,39.0,210,3.3,2025,12,FP2
0 days 00:56:00.829000,24.2,35.0,1005.6,False,39.0,243,3.8,2025,12,FP2
0 days 00:57:00.822000,24.2,35.0,1005.6,False,38.6,207,3.1,2025,12,FP2
0 days 00:58:00.832000,24.1,36.0,1005.5,False,38.8,238,4.3,2025,12,FP2
0 days 00:59:00.888000,24.0,35.0,1005.5,False,38.3,252,3.9,2025,12,FP2
0 days 01:00:00.831000,23.9,35.0,1005.6,False,38.3,247,3.4,2025,12,FP2
0 days 01:01:00.824000,23.8,36.0,1005.6,False,38.4,218,3.7,2025,12,FP2
0 days 01:02:00.826000,23.7,36.0,1005.5,False,38.2,220,5.4,2025,12,FP2
0 days 01:03:00.832000,23.7,36.0,1005.6,False,37.9,246,4.2,2025,12,FP2
0 days 01:04:00.817000,23.8,36.0,1005.6,False,37.8,203,4.6,2025,12,FP2
0 days 01:05:00.817000,23.8,37.0,1005.6,False,38.2,224,3.6,2025,12,FP2
0 days 01:06:00.833000,23.9,36.0,1005.5,False,38.4,247,4.1,2025,12,FP2
0 days 01:07:00.870000,24.0,36.0,1005.6,False,38.3,237,4.9,2025,12,FP2
0 days 01:08:00.832000,24.0,36.0,1005.4,False,38.4,223,4.0,2025,12,FP2
0 days 01:09:00.847000,23.9,36.0,1005.6,False,38.4,209,4.9,2025,12,FP2
0 days 01:10:00.846000,24.0,36.0,1005.5,False,38.4,231,4.1,2025,12,FP2
0 days 01:11:00.852000,24.0,35.0,1005.5,False,38.4,246,4.8,2025,12,FP2
0 days 01:12:00.874000,23.9,35.0,1005.5,False,38.4,230,3.2,2025,12,FP2
0 days 01:13:00.879000,23.9,35.0,1005.4,False,38.3,328,3.7,2025,12,FP2
0 days 01:14:00.877000,23.9,35.0,1005.5,False,38.4,252,2.6,2025,12,FP2
0 days 01:15:00.877000,23.9,35.0,1005.4,False,38.4,215,3.0,2025,12,FP2
0 days 01:16:00.890000,23.9,35.0,1005.3,False,38.0,233,2.5,2025,12,FP2
0 days 01:17:00.884000,24.0,35.0,1005.4,False,38.0,244,3.3,2025,12,FP2
0 days 01:18:00.880000,24.0,35.0,1005.5,False,38.0,264,2.8,2025,12,FP2
0 days 01:19:00.891000,24.0,35.0,1005.3,False,37.9,244,3.2,2025,12,FP2
0 days 01:20:00.879000,23.9,36.0,1005.5,False,37.9,238,3.6,2025,12,FP2
0 days 01:21:00.907000,23.9,36.0,1005.5,False,38.0,239,3.1,2025,12,FP2
