Time,AirTemp,Humidity,Pressure,Rainfall,TrackTemp,WindDirection,WindSpeed,RACEYEAR,RACENUMBER,SESSIONTYPE
0 days 00:00:38.558000,22.5,35.0,1014.2,False,39.2,44,0.6,2022,1,FP3
0 days 00:01:38.565000,22.5,35.0,1014.2,False,39.0,342,0.8,2022,1,FP3
0 days 00:02:38.558000,22.4,37.0,1014.2,False,39.1,13,0.6,2022,1,FP3
0 days 00:03:38.556000,22.5,35.0,1014.4,False,39.0,359,0.9,2022,1,FP3
0 days 00:04:38.557000,22.4,37.0,1014.2,False,38.5,353,1.0,2022,1,FP3
0 days 00:05:38.556000,22.3,37.0,1014.2,False,38.7,58,0.7,2022,1,FP3
0 days 00:06:38.572000,22.3,37.0,1014.2,False,38.8,21,0.6,2022,1,FP3
0 days 00:07:38.573000,22.4,37.0,1014.2,False,38.9,21,0.8,2022,1,FP3
0 days 00:08:38.589000,22.4,35.0,1014.2,False,38.9,11,0.9,2022,1,FP3
0 days 00:09:38.589000,22.5,36.0,1014.2,False,38.8,4,0.8,2022,1,FP3
0 days 00:10:38.586000,22.6,37.0,1014.4,False,38.8,355,0.8,2022,1,FP3
0 days 00:11:38.588000,22.5,39.0,1014.2,False,38.7,18,0.6,2022,1,FP3
0 days 00:12:38.586000,22.4,40.0,1014.2,False,38.6,36,0.8,2022,1,FP3
0 days 00:13:38.589000,22.3,40.0,1014.2,False,38.5,17,0.9,2022,1,FP3
0 days 00:14:38.587000,22.3,40.0,1014.2,False,38.5,29,0.5,2022,1,FP3
0 days 00:15:38.586000,22.3,40.0,1014.0,False,38.4,30,0.5,2022,1,FP3
0 days 00:16:38.590000,22.4,40.0,1014.0,False,38.4,30,0.5,2022,1,FP3
0 days 00:17:38.591000,22.6,36.0,1014.0,False,38.5,15,0.8,2022,1,FP3
0 days 00:18:38.590000,22.6,37.0,1014.2,False,38.6,0,0.8,2022,1,FP3
0 days 00:19:38.588000,22.4,38.0,1014.2,False,38.5,3,0.8,2022,1,FP3
0 days 00:20:38.587000,22.5,39.0,1014.2,False,38.2,333,0.6,2022,1,FP3
0 days 00:21:38.576000,22.4,38.0,1014.2,False,38.1,338,0.7,2022,1,FP3
0 days 00:22:38.589000,22.4,37.0,1014.2,False,38.1,359,0.3,2022,1,FP3
0 days 00:23:38.588000,22.4,36.0,1014.2,False,37.7,14,0.6,2022,1,FP3
0 days 00:24:38.606000,22.4,37.0,1014.2,False,38.2,25,0.8,2022,1,FP3
0 days 00:25:38.619000,22.3,40.0,1014.0,False,38.0,26,0.8,2022,1,FP3
0 days 00:26:38.637000,22.3,40.0,1014.0,False,37.6,15,0.8,2022,1,FP3
0 days 00:27:38.651000,22.2,38.0,1014.2,False,37.6,6,0.6,2022,1,FP3
0 days 00:28:38.651000,22.3,37.0,1014.0,False,37.8,2,0.6,2022,1,FP3
0 days 00:29:38.650000,22.3,37.0,1014.0,False,37.9,19,0.6,2022,1,FP3
0 days 00:30:38.666000,22.4,38.0,1014.0,False,37.8,21,0.7,2022,1,FP3
0 days 00:31:38.681000,22.4,39.0,1014.0,False,37.6,28,0.8,2022,1,FP3
0 days 00:32:38.681000,22.3,39.0,1014.0,False,37.5,5,0.9,2022,1,FP3
0 days 00:33:38.698000,22.3,39.0,1014.2,False,37.6,5,0.5,2022,1,FP3
0 days 00:34:38.713000,22.4,39.0,1014.2,False,37.7,17,0.6,2022,1,FP3
0 days 00:35:38.717000,22.5,40.0,1014.0,False,37.6,38,0.7,2022,1,FP3
0 days 00:36:38.718000,22.5,40.0,1014.0,False,37.6,348,0.6,2022,1,FP3
0 days 00:37:38.731000,22.4,40.0,1014.0,False,37.4,24,0.7,2022,1,FP3
0 days 00:38:38.745000,22.3,40.0,1014.2,False,37.2,34,0.6,2022,1,FP3
0 days 00:39:38.769000,22.3,39.0,1014.2,False,37.2,22,0.4,2022,1,FP3
0 days 00:40:38.762000,22.4,40.0,1014.0,False,37.4,22,0.4,2022,1,FP3
0 days 00:41:38.764000,22.4,39.0,1014.0,False,37.2,8,0.4,2022,1,FP3
0 days 00:42:38.762000,22.4,39.0,1014.0,False,37.2,30,0.7,2022,1,FP3
0 days 00:43:38.773000,22.4,40.0,1014.2,False,37.1,18,0.7,2022,1,FP3
0 days 00:44:38.776000,22.3,40.0,1014.0,False,36.9,13,0.8,2022,1,FP3
0 days 00:45:38.797000,22.2,39.0,1014.0,False,36.8,17,0.6,2022,1,FP3
0 days 00:46:38.807000,22.3,39.0,1014.0,False,36.8,17,0.6,2022,1,FP3
0 days 00:47:38.810000,22.3,38.0,1014.2,False,36.7,11,0.8,2022,1,FP3
0 days 00:48:38.812000,22.3,39.0,1014.2,False,36.7,351,0.4,2022,1,FP3
0 days 00:49:38.817000,22.2,39.0,1014.0,False,36.7,14,0.5,2022,1,FP3
0 days 00:50:38.825000,22.2,39.0,1014.0,False,36.6,53,0.6,2022,1,FP3
0 days 00:51:38.840000,22.2,40.0,1014.0,False,36.6,349,0.6,2022,1,FP3
0 days 00:52:38.838000,22.2,41.0,1014.0,False,36.5,10,0.5,2022,1,FP3
0 days 00:53:38.842000,22.2,42.0,1014.0,False,36.4,357,0.6,2022,1,FP3
0 days 00:54:38.840000,22.3,42.0,1014.0,False,36.3,359,0.6,2022,1,FP3
0 days 00:55:38.839000,22.2,42.0,1014.0,False,36.2,26,0.6,2022,1,FP3
0 days 00:56:38.846000,22.1,41.0,1014.0,False,36.1,354,0.6,2022,1,FP3
0 days 00:57:38.839000,22.1,40.0,1014.0,False,36.1,12,0.4,2022,1,FP3
0 days 00:58:38.839000,22.0,41.0,1014.0,False,35.9,18,0.6,2022,1,FP3
0 days 00:59:38.850000,22.0,40.0,1014.0,False,35.9,10,0.5,2022,1,FP3
0 days 01:00:38.841000,22.0,41.0,1013.9,False,35.8,36,0.8,2022,1,FP3
0 days 01:01:38.840000,21.9,43.0,1013.9,False,35.9,47,0.7,2022,1,FP3
0 days 01:02:38.836000,21.8,44.0,1014.0,False,35.4,9,0.6,2022,1,FP3
0 days 01:03:38.837000,21.8,42.0,1013.7,False,35.4,27,0.7,2022,1,FP3
0 days 01:04:38.854000,21.8,42.0,1014.0,False,35.3,7,0.6,2022,1,FP3
0 days 01:05:38.840000,21.9,40.0,1013.9,False,35.5,356,0.7,2022,1,FP3
0 days 01:06:38.837000,21.9,40.0,1013.9,False,35.5,12,0.4,2022,1,FP3
0 days 01:07:38.843000,21.9,41.0,1013.9,False,35.5,5,0.8,2022,1,FP3
0 days 01:08:38.839000,22.0,42.0,1013.9,False,35.2,25,0.6,2022,1,FP3
0 days 01:09:38.840000,22.0,42.0,1013.9,False,35.0,4,0.7,2022,1,FP3
0 days 01:10:38.838000,22.1,41.0,1013.9,False,35.0,9,0.6,2022,1,FP3
0 days 01:11:38.840000,22.1,39.0,1014.0,False,34.9,35,0.5,2022,1,FP3
0 days 01:12:38.850000,22.0,40.0,1013.9,False,34.8,13,0.9,2022,1,FP3
0 days 01:13:38.847000,22.0,40.0,1014.0,False,34.7,353,0.6,2022,1,FP3
0 days 01:14:38.845000,22.0,40.0,1014.0,False,34.5,357,0.4,2022,1,FP3
0 days 01:15:38.838000,22.0,41.0,1013.9,False,34.5,19,0.3,2022,1,FP3
0 days 01:16:38.841000,22.1,41.0,1014.0,False,34.5,10,0.4,2022,1,FP3
0 days 01:17:38.851000,22.0,41.0,1014.0,False,34.5,4,0.5,2022,1,FP3
0 days 01:18:38.843000,22.0,41.0,1014.0,False,34.5,21,0.4,2022,1,FP3
0 days 01:19:38.841000,22.0,41.0,1013.9,False,34.5,19,0.4,2022,1,FP3
0 days 01:20:38.843000,22.1,41.0,1014.0,False,34.5,47,0.5,2022,1,FP3
0 days 00:00:56.561000,24.4,55.0,1012.5,False,30.8,337,5.5,2022,2,FP3
0 days 00:01:56.594000,24.4,55.0,1012.5,False,30.8,354,6.0,2022,2,FP3
0 days 00:02:56.561000,24.4,55.0,1012.5,False,30.4,343,6.5,2022,2,FP3
0 days 00:03:56.561000,24.5,56.0,1012.5,False,30.4,354,5.9,2022,2,FP3
0 days 00:04:56.607000,24.4,55.0,1012.5,False,30.5,355,5.0,2022,2,FP3
0 days 00:05:56.562000,24.4,55.0,1012.4,False,30.6,349,6.4,2022,2,FP3
0 days 00:06:56.556000,24.4,56.0,1012.5,False,30.6,1,5.1,2022,2,FP3
0 days 00:07:56.561000,24.4,58.0,1012.5,False,30.4,348,5.0,2022,2,FP3
0 days 00:08:56.561000,24.4,57.0,1012.5,False,30.4,330,5.1,2022,2,FP3
0 days 00:09:56.564000,24.4,57.0,1012.5,False,30.7,345,4.5,2022,2,FP3
0 days 00:10:56.563000,24.4,55.0,1012.5,False,30.7,347,5.1,2022,2,FP3
0 days 00:11:56.564000,24.4,55.0,1012.5,False,30.5,340,5.3,2022,2,FP3
0 days 00:12:56.561000,24.4,55.0,1012.5,False,30.3,2,5.3,2022,2,FP3
0 days 00:13:56.560000,24.4,56.0,1012.5,False,30.3,0,5.3,2022,2,FP3
0 days 00:14:56.562000,24.3,57.0,1012.5,False,30.3,355,6.0,2022,2,FP3
0 days 00:15:56.562000,24.3,58.0,1012.5,False,30.2,357,6.0,2022,2,FP3
0 days 00:16:56.559000,24.3,59.0,1012.5,False,30.0,351,5.5,2022,2,FP3
0 days 00:17:56.553000,24.3,58.0,1012.5,False,30.0,348,5.8,2022,2,FP3
0 days 00:18:56.559000,24.2,57.0,1012.5,False,30.0,0,6.4,2022,2,FP3
0 days 00:19:56.567000,24.2,56.0,1012.7,False,29.9,344,6.6,2022,2,FP3
0 days 00:20:56.570000,24.3,57.0,1012.5,False,29.9,347,6.0,2022,2,FP3
0 days 00:21:56.562000,24.3,55.0,1012.5,False,29.9,350,5.9,2022,2,FP3
0 days 00:22:56.566000,24.3,55.0,1012.5,False,30.0,354,6.5,2022,2,FP3
0 days 00:23:56.562000,24.3,55.0,1012.5,False,29.9,356,6.3,2022,2,FP3
0 days 00:24:56.562000,24.3,56.0,1012.5,False,29.8,343,6.6,2022,2,FP3
0 days 00:25:56.559000,24.2,56.0,1012.5,False,29.6,0,6.6,2022,2,FP3
0 days 00:28:56.621000,24.3,56.0,1012.5,False,29.8,331,5.6,2022,2,FP3
0 days 00:29:56.561000,24.3,55.0,1012.5,False,30.0,338,5.1,2022,2,FP3
0 days 00:30:56.561000,24.3,55.0,1012.5,False,29.8,333,6.0,2022,2,FP3
0 days 00:31:56.565000,24.3,56.0,1012.7,False,29.5,359,6.0,2022,2,FP3
0 days 00:32:56.569000,24.4,56.0,1012.5,False,29.7,342,5.8,2022,2,FP3
0 days 00:33:56.560000,24.3,56.0,1012.5,False,29.8,1,4.9,2022,2,FP3
0 days 00:34:56.561000,24.3,56.0,1012.5,False,29.6,352,7.5,2022,2,FP3
0 days 00:35:56.603000,24.3,55.0,1012.5,False,29.5,350,6.5,2022,2,FP3
0 days 00:36:56.576000,24.3,56.0,1012.5,False,29.3,352,6.9,2022,2,FP3
0 days 00:37:56.562000,24.3,56.0,1012.5,False,29.3,350,7.0,2022,2,FP3
0 days 00:38:56.562000,24.3,55.0,1012.5,False,29.3,356,6.0,2022,2,FP3
0 days 00:39:56.562000,24.3,56.0,1012.5,False,29.2,359,6.5,2022,2,FP3
0 days 00:40:56.560000,24.3,56.0,1012.7,False,29.3,357,6.5,2022,2,FP3
0 days 00:41:56.560000,24.3,57.0,1012.5,False,29.3,356,5.9,2022,2,FP3
0 days 00:42:56.563000,24.3,58.0,1012.7,False,29.2,355,6.0,2022,2,FP3
0 days 00:43:56.561000,24.3,58.0,1012.5,False,29.2,345,6.0,2022,2,FP3
0 days 00:44:56.562000,24.2,57.0,1012.5,False,29.2,347,5.1,2022,2,FP3
0 days 00:45:56.564000,24.2,57.0,1012.5,False,29.0,358,6.5,2022,2,FP3
0 days 00:46:56.562000,24.2,57.0,1012.5,False,29.0,349,6.8,2022,2,FP3
0 days 00:47:56.562000,24.2,55.0,1012.5,False,29.0,356,6.8,2022,2,FP3
0 days 00:48:56.563000,24.2,56.0,1012.5,False,29.0,343,7.0,2022,2,FP3
0 days 00:49:56.552000,24.2,57.0,1012.5,False,29.0,356,6.1,2022,2,FP3
0 days 00:50:56.564000,24.2,57.0,1012.5,False,29.0,355,7.0,2022,2,FP3
0 days 00:51:56.569000,24.2,58.0,1012.5,False,29.0,351,6.0,2022,2,FP3
0 days 00:52:56.562000,24.2,59.0,1012.5,False,28.7,353,6.4,2022,2,FP3
0 days 00:53:56.563000,24.2,58.0,1012.5,False,28.8,338,4.5,2022,2,FP3
0 days 00:54:56.562000,24.2,57.0,1012.5,False,28.9,345,5.3,2022,2,FP3
0 days 00:55:56.562000,24.2,56.0,1012.5,False,28.9,345,4.4,2022,2,FP3
0 days 00:56:56.567000,24.2,56.0,1012.5,False,28.9,345,4.4,2022,2,FP3
0 days 00:57:56.561000,24.2,56.0,1012.5,False,28.8,355,6.1,2022,2,FP3
0 days 00:58:56.561000,24.2,55.0,1012.5,False,28.7,348,5.5,2022,2,FP3
0 days 00:59:56.568000,24.3,55.0,1012.5,False,28.7,340,5.3,2022,2,FP3
0 days 01:00:56.562000,24.3,54.0,1012.5,False,29.0,347,5.9,2022,2,FP3
0 days 01:01:56.585000,24.2,54.0,1012.5,False,28.9,355,5.5,2022,2,FP3
0 days 01:02:56.562000,24.2,56.0,1012.7,False,28.7,341,5.5,2022,2,FP3
0 days 01:03:56.563000,24.2,57.0,1012.5,False,28.8,347,5.1,2022,2,FP3
0 days 01:04:56.574000,24.3,57.0,1012.5,False,28.7,335,4.3,2022,2,FP3
0 days 01:05:56.581000,24.2,57.0,1012.5,False,28.7,352,4.4,2022,2,FP3
0 days 01:06:56.561000,24.2,57.0,1012.5,False,28.6,346,6.5,2022,2,FP3
0 days 01:07:56.560000,24.1,56.0,1012.7,False,28.5,357,5.5,2022,2,FP3
0 days 01:08:56.561000,24.1,57.0,1012.5,False,28.5,354,5.0,2022,2,FP3
0 days 01:09:56.590000,24.2,56.0,1012.5,False,28.7,347,6.0,2022,2,FP3
0 days 01:10:56.594000,24.1,55.0,1012.7,False,28.5,338,5.5,2022,2,FP3
0 days 01:11:56.609000,24.1,56.0,1012.7,False,28.5,347,5.0,2022,2,FP3
0 days 01:12:56.611000,24.2,56.0,1012.7,False,28.5,341,5.1,2022,2,FP3
0 days 01:13:56.612000,24.1,56.0,1012.7,False,28.5,351,3.7,2022,2,FP3
0 days 01:14:56.635000,24.1,57.0,1012.9,False,28.4,334,6.0,2022,2,FP3
0 days 01:15:56.627000,24.2,57.0,1012.7,False,28.4,358,4.9,2022,2,FP3
0 days 01:16:56.623000,24.1,58.0,1012.7,False,28.3,1,5.1,2022,2,FP3
0 days 01:17:56.642000,24.2,58.0,1012.9,False,28.4,356,4.0,2022,2,FP3
0 days 01:18:56.657000,24.2,57.0,1012.7,False,28.4,348,4.3,2022,2,FP3
0 days 01:19:56.664000,24.1,57.0,1012.7,False,28.4,355,5.0,2022,2,FP3
0 days 01:20:56.654000,24.1,58.0,1012.7,False,28.4,353,5.6,2022,2,FP3
0 days 01:21:56.655000,24.1,59.0,1012.7,False,28.3,348,5.5,2022,2,FP3
0 days 01:22:56.666000,24.0,60.0,1012.7,False,28.2,346,5.5,2022,2,FP3
0 days 01:23:56.670000,24.1,59.0,1012.9,False,28.1,337,5.5,2022,2,FP3
0 days 00:00:17.415000,24.5,50.0,1018.0,False,32.2,319,0.8,2022,3,FP3
0 days 00:01:17.413000,24.5,49.0,1018.0,False,32.2,327,0.6,2022,3,FP3
0 days 00:02:17.412000,24.5,50.0,1018.0,False,32.2,178,1.0,2022,3,FP3
0 days 00:03:17.413000,24.5,50.0,1018.0,False,32.0,314,0.8,2022,3,FP3
0 days 00:04:17.412000,24.6,50.0,1018.0,False,32.2,303,1.7,2022,3,FP3
0 days 00:05:17.411000,24.5,50.0,1018.0,False,32.3,298,1.5,2022,3,FP3
0 days 00:06:17.413000,24.5,50.0,1018.0,False,32.3,289,1.7,2022,3,FP3
0 days 00:07:17.411000,24.4,50.0,1018.0,False,32.3,319,1.1,2022,3,FP3
0 days 00:08:17.410000,24.4,50.0,1017.9,False,32.5,293,1.1,2022,3,FP3
0 days 00:09:17.411000,24.4,50.0,1018.0,False,32.4,304,2.2,2022,3,FP3
0 days 00:10:17.412000,24.4,51.0,1017.9,False,32.4,286,2.0,2022,3,FP3
0 days 00:11:17.413000,24.4,51.0,1017.9,False,32.4,309,1.7,2022,3,FP3
0 days 00:12:17.412000,24.4,50.0,1018.0,False,32.1,309,1.2,2022,3,FP3
0 days 00:13:17.412000,24.4,51.0,1017.9,False,32.4,270,2.0,2022,3,FP3
0 days 00:14:17.411000,24.4,51.0,1017.9,False,32.4,318,1.8,2022,3,FP3
0 days 00:15:17.412000,24.4,51.0,1018.0,False,32.1,302,1.2,2022,3,FP3
0 days 00:16:17.413000,24.4,50.0,1017.7,False,32.2,330,1.8,2022,3,FP3
0 days 00:17:17.423000,24.4,51.0,1017.7,False,32.2,314,1.5,2022,3,FP3
0 days 00:18:17.414000,24.4,51.0,1017.7,False,32.3,311,1.2,2022,3,FP3
0 days 00:19:17.412000,24.4,51.0,1017.9,False,32.9,176,1.0,2022,3,FP3
0 days 00:20:17.414000,24.6,51.0,1017.7,False,33.5,0,0.5,2022,3,FP3
0 days 00:21:17.421000,24.7,50.0,1017.9,False,33.5,300,0.6,2022,3,FP3
0 days 00:22:17.413000,24.8,50.0,1017.7,False,33.5,321,1.2,2022,3,FP3
0 days 00:23:17.415000,24.8,50.0,1017.7,False,35.1,265,1.6,2022,3,FP3
0 days 00:24:17.412000,24.8,49.0,1017.7,False,35.4,332,1.0,2022,3,FP3
0 days 00:25:17.420000,24.9,49.0,1017.7,False,35.9,306,1.1,2022,3,FP3
0 days 00:26:17.413000,25.0,49.0,1017.7,False,36.0,308,1.1,2022,3,FP3
0 days 00:27:17.414000,25.2,49.0,1017.5,False,35.8,273,1.2,2022,3,FP3
0 days 00:28:17.412000,25.2,49.0,1017.5,False,35.6,322,1.1,2022,3,FP3
0 days 00:29:17.415000,25.1,49.0,1017.7,False,34.6,314,1.8,2022,3,FP3
0 days 00:30:17.412000,25.0,49.0,1017.7,False,34.4,318,1.2,2022,3,FP3
0 days 00:31:17.416000,25.0,49.0,1017.7,False,33.9,316,1.6,2022,3,FP3
0 days 00:32:17.430000,24.8,50.0,1017.7,False,33.9,209,1.0,2022,3,FP3
0 days 00:33:17.413000,24.8,50.0,1017.7,False,33.4,161,1.0,2022,3,FP3
0 days 00:34:17.415000,24.7,49.0,1017.5,False,33.0,0,1.2,2022,3,FP3
0 days 00:35:17.435000,24.7,49.0,1017.7,False,33.0,142,1.0,2022,3,FP3
0 days 00:36:17.426000,24.8,49.0,1017.5,False,32.7,327,0.5,2022,3,FP3
0 days 00:37:17.413000,24.8,49.0,1017.5,False,32.6,298,0.8,2022,3,FP3
0 days 00:38:17.412000,24.7,50.0,1017.5,False,31.9,318,1.1,2022,3,FP3
0 days 00:39:17.412000,24.6,50.0,1017.5,False,31.9,265,1.6,2022,3,FP3
0 days 00:40:17.413000,24.6,51.0,1017.5,False,32.2,309,1.0,2022,3,FP3
0 days 00:41:17.422000,24.6,50.0,1017.5,False,32.1,196,0.8,2022,3,FP3
0 days 00:42:17.415000,24.6,51.0,1017.5,False,32.0,262,0.5,2022,3,FP3
0 days 00:43:17.420000,24.6,50.0,1017.5,False,32.1,348,0.5,2022,3,FP3
0 days 00:44:17.413000,24.6,50.0,1017.4,False,32.0,0,0.6,2022,3,FP3
0 days 00:45:17.411000,24.6,50.0,1017.5,False,31.8,155,0.4,2022,3,FP3
0 days 00:46:17.420000,24.6,50.0,1017.4,False,31.5,0,0.6,2022,3,FP3
0 days 00:47:17.412000,24.6,51.0,1017.5,False,31.5,309,0.0,2022,3,FP3
0 days 00:48:17.414000,24.6,51.0,1017.4,False,31.4,294,0.6,2022,3,FP3
0 days 00:49:17.416000,24.5,51.0,1017.5,False,31.3,4,0.6,2022,3,FP3
0 days 00:50:17.411000,24.5,51.0,1017.5,False,31.3,104,0.6,2022,3,FP3
0 days 00:51:17.427000,24.6,51.0,1017.5,False,31.4,78,1.1,2022,3,FP3
0 days 00:52:17.415000,24.6,50.0,1017.4,False,31.9,24,0.0,2022,3,FP3
0 days 00:53:17.411000,24.6,50.0,1017.5,False,31.9,114,1.2,2022,3,FP3
0 days 00:54:17.415000,24.6,50.0,1017.4,False,31.7,87,0.6,2022,3,FP3
0 days 00:55:17.414000,24.7,50.0,1017.5,False,31.7,150,1.1,2022,3,FP3
0 days 00:56:17.424000,24.7,50.0,1017.4,False,31.8,0,0.8,2022,3,FP3
0 days 00:57:17.416000,24.7,50.0,1017.5,False,31.8,125,0.8,2022,3,FP3
0 days 00:58:17.412000,24.8,50.0,1017.4,False,31.7,181,0.8,2022,3,FP3
0 days 00:59:17.414000,24.7,49.0,1017.4,False,31.9,317,2.2,2022,3,FP3
0 days 01:00:17.414000,24.6,50.0,1017.4,False,31.3,320,1.7,2022,3,FP3
0 days 01:01:17.414000,24.5,51.0,1017.4,False,31.3,195,1.0,2022,3,FP3
0 days 01:02:17.416000,24.5,51.0,1017.4,False,31.3,328,1.2,2022,3,FP3
0 days 01:03:17.424000,24.5,51.0,1017.4,False,31.4,167,1.2,2022,3,FP3
0 days 01:04:17.419000,24.5,51.0,1017.5,False,31.4,149,0.8,2022,3,FP3
0 days 01:05:17.416000,24.6,51.0,1017.2,False,31.5,1,0.6,2022,3,FP3
0 days 01:06:17.415000,24.6,51.0,1017.4,False,31.7,188,0.8,2022,3,FP3
0 days 01:07:17.413000,24.6,50.0,1017.2,False,31.9,160,0.8,2022,3,FP3
0 days 01:08:17.415000,24.6,50.0,1017.4,False,31.9,347,0.8,2022,3,FP3
0 days 01:09:17.422000,24.7,50.0,1017.4,False,31.9,172,0.8,2022,3,FP3
0 days 01:10:17.411000,24.7,49.0,1017.4,False,31.7,178,0.6,2022,3,FP3
0 days 01:11:17.414000,24.7,49.0,1017.4,False,31.7,158,0.8,2022,3,FP3
0 days 01:12:17.413000,24.7,49.0,1017.2,False,31.7,317,1.2,2022,3,FP3
0 days 01:13:17.414000,24.8,49.0,1017.5,False,31.7,280,0.8,2022,3,FP3
0 days 00:00:27.444000,32.9,44.0,1010.7,False,49.4,86,1.2,2022,5,FP3
0 days 00:01:27.448000,33.0,44.0,1010.7,False,48.1,77,2.0,2022,5,FP3
0 days 00:02:27.448000,32.8,45.0,1010.5,False,47.6,185,1.8,2022,5,FP3
0 days 00:03:27.460000,32.6,46.0,1010.5,False,48.4,183,1.8,2022,5,FP3
0 days 00:04:27.475000,32.6,46.0,1010.5,False,49.7,108,2.4,2022,5,FP3
0 days 00:05:27.476000,32.6,45.0,1010.5,False,49.7,107,1.7,2022,5,FP3
0 days 00:06:27.492000,32.8,44.0,1010.5,False,49.8,91,2.5,2022,5,FP3
0 days 00:07:27.506000,32.9,45.0,1010.5,False,49.7,87,2.0,2022,5,FP3
0 days 00:08:27.531000,32.9,44.0,1010.5,False,50.7,62,1.2,2022,5,FP3
0 days 00:09:27.523000,33.0,43.0,1010.5,False,50.7,358,1.6,2022,5,FP3
0 days 00:10:27.538000,33.2,43.0,1010.5,False,52.0,237,1.6,2022,5,FP3
0 days 00:11:27.564000,33.3,43.0,1010.5,False,51.9,38,0.8,2022,5,FP3
0 days 00:12:27.571000,33.3,43.0,1010.4,False,50.9,124,0.6,2022,5,FP3
0 days 00:13:27.574000,33.2,44.0,1010.5,False,49.6,312,1.6,2022,5,FP3
0 days 00:14:27.570000,33.3,43.0,1010.5,False,50.0,101,1.3,2022,5,FP3
0 days 00:15:27.585000,33.3,43.0,1010.4,False,49.9,82,2.0,2022,5,FP3
0 days 00:16:27.603000,33.1,43.0,1010.2,False,49.3,65,2.4,2022,5,FP3
0 days 00:17:27.602000,32.9,44.0,1010.4,False,49.3,74,2.2,2022,5,FP3
0 days 00:18:27.599000,32.8,45.0,1010.4,False,49.3,53,1.3,2022,5,FP3
0 days 00:19:27.610000,33.0,44.0,1010.5,False,50.5,335,1.3,2022,5,FP3
0 days 00:20:27.601000,33.2,43.0,1010.5,False,50.5,354,1.0,2022,5,FP3
0 days 00:21:27.601000,33.2,43.0,1010.2,False,48.7,339,2.2,2022,5,FP3
0 days 00:22:27.609000,33.2,44.0,1010.2,False,48.3,275,1.8,2022,5,FP3
0 days 00:23:27.611000,33.0,43.0,1010.4,False,47.6,0,0.8,2022,5,FP3
0 days 00:24:27.605000,32.9,43.0,1010.4,False,48.3,98,0.8,2022,5,FP3
0 days 00:25:27.602000,33.2,43.0,1010.4,False,48.5,80,1.0,2022,5,FP3
0 days 00:26:27.602000,33.3,43.0,1010.2,False,49.5,145,1.2,2022,5,FP3
0 days 00:27:27.603000,33.4,44.0,1010.2,False,49.3,329,0.8,2022,5,FP3
0 days 00:28:27.602000,33.5,43.0,1010.2,False,49.8,312,1.7,2022,5,FP3
0 days 00:29:27.601000,33.8,42.0,1010.2,False,51.9,326,3.2,2022,5,FP3
0 days 00:30:27.601000,33.6,43.0,1010.2,False,51.9,348,3.2,2022,5,FP3
0 days 00:31:27.607000,33.7,43.0,1010.2,False,49.9,321,2.5,2022,5,FP3
0 days 00:32:27.603000,33.4,43.0,1010.2,False,48.4,17,0.6,2022,5,FP3
0 days 00:33:27.601000,33.2,44.0,1010.2,False,46.4,326,1.7,2022,5,FP3
0 days 00:34:27.601000,33.0,44.0,1010.2,False,46.4,15,1.2,2022,5,FP3
0 days 00:35:27.601000,33.1,44.0,1010.2,False,49.2,112,0.6,2022,5,FP3
0 days 00:36:27.601000,33.2,43.0,1010.2,False,50.1,83,2.2,2022,5,FP3
0 days 00:37:27.607000,33.1,44.0,1010.2,False,50.1,153,2.0,2022,5,FP3
0 days 00:38:27.603000,33.0,44.0,1010.2,False,49.8,88,1.8,2022,5,FP3
0 days 00:39:27.602000,32.9,45.0,1010.2,False,49.8,86,1.0,2022,5,FP3
0 days 00:40:27.625000,32.9,44.0,1010.2,False,50.6,301,1.2,2022,5,FP3
0 days 00:41:27.603000,33.1,44.0,1010.2,False,51.5,97,2.2,2022,5,FP3
0 days 00:42:27.606000,33.1,43.0,1010.0,False,51.8,324,2.5,2022,5,FP3
0 days 00:43:27.605000,33.3,43.0,1010.0,False,53.1,313,3.0,2022,5,FP3
0 days 00:44:27.608000,33.4,44.0,1010.0,False,53.1,266,1.8,2022,5,FP3
0 days 00:45:27.602000,33.5,43.0,1010.2,False,53.4,342,1.5,2022,5,FP3
0 days 00:46:27.629000,33.5,43.0,1010.0,False,53.1,339,1.0,2022,5,FP3
0 days 00:47:27.602000,33.7,43.0,1010.2,False,53.1,258,1.5,2022,5,FP3
0 days 00:48:27.603000,34.2,41.0,1010.0,False,54.0,327,1.2,2022,5,FP3
0 days 00:49:27.602000,34.4,41.0,1010.0,False,54.0,348,2.7,2022,5,FP3
0 days 00:50:27.607000,34.2,41.0,1010.0,False,54.0,165,0.6,2022,5,FP3
0 days 00:51:27.610000,34.1,41.0,1010.2,False,51.5,88,1.1,2022,5,FP3
0 days 00:52:27.623000,34.0,41.0,1010.0,False,51.8,26,1.8,2022,5,FP3
0 days 00:53:27.603000,33.9,40.0,1010.0,False,51.9,35,1.2,2022,5,FP3
0 days 00:54:27.602000,33.6,41.0,1010.0,False,51.8,14,1.6,2022,5,FP3
0 days 00:55:27.603000,33.5,41.0,1010.0,False,49.4,328,1.1,2022,5,FP3
0 days 00:56:27.603000,33.4,42.0,1010.0,False,49.2,337,3.7,2022,5,FP3
0 days 00:57:27.623000,33.3,42.0,1010.0,False,48.2,322,3.7,2022,5,FP3
0 days 00:58:27.634000,33.2,43.0,1010.0,False,49.2,0,2.5,2022,5,FP3
0 days 00:59:27.617000,33.3,42.0,1010.0,False,49.9,321,0.6,2022,5,FP3
0 days 01:00:27.889000,33.5,42.0,1010.2,False,50.6,348,2.2,2022,5,FP3
0 days 01:01:27.618000,33.5,43.0,1010.2,False,51.2,5,1.1,2022,5,FP3
0 days 01:02:27.640000,33.8,42.0,1010.0,False,52.2,175,1.1,2022,5,FP3
0 days 01:03:27.649000,34.0,41.0,1010.2,False,52.2,332,0.5,2022,5,FP3
0 days 01:04:27.650000,34.0,41.0,1010.0,False,51.0,336,0.8,2022,5,FP3
0 days 01:05:27.665000,33.8,41.0,1010.0,False,49.5,72,0.6,2022,5,FP3
0 days 01:06:27.650000,33.8,41.0,1010.0,False,49.5,336,1.5,2022,5,FP3
0 days 01:07:27.667000,33.8,41.0,1010.2,False,50.7,311,1.2,2022,5,FP3
0 days 01:08:27.667000,34.1,41.0,1010.2,False,51.5,332,2.5,2022,5,FP3
0 days 01:09:27.668000,34.2,41.0,1010.2,False,51.9,8,0.8,2022,5,FP3
0 days 01:10:27.658000,34.3,40.0,1010.2,False,52.2,8,1.1,2022,5,FP3
0 days 01:11:27.677000,34.2,41.0,1010.2,False,52.2,310,1.8,2022,5,FP3
0 days 01:12:27.694000,34.1,41.0,1010.2,False,50.2,343,2.5,2022,5,FP3
0 days 01:13:27.698000,33.7,42.0,1010.2,False,49.6,314,2.0,2022,5,FP3
0 days 01:14:27.704000,33.5,43.0,1010.2,False,48.2,339,1.8,2022,5,FP3
0 days 01:15:27.697000,33.4,43.0,1010.2,False,48.0,293,1.1,2022,5,FP3
0 days 01:16:27.698000,33.5,43.0,1010.4,False,48.0,276,0.8,2022,5,FP3
0 days 01:17:27.699000,33.4,42.0,1010.2,False,47.6,344,1.5,2022,5,FP3
0 days 01:18:27.700000,33.3,43.0,1010.0,False,47.8,337,1.7,2022,5,FP3
0 days 01:19:27.697000,33.3,43.0,1010.2,False,47.8,343,1.2,2022,5,FP3
0 days 01:20:27.700000,33.3,43.0,1010.2,False,48.5,194,1.0,2022,5,FP3
0 days 01:21:27.700000,33.3,42.0,1010.2,False,48.5,26,0.8,2022,5,FP3
0 days 00:00:08.341000,30.4,34.0,1006.2,False,42.0,182,2.0,2022,6,FP3
0 days 00:01:08.357000,30.3,35.0,1006.0,False,42.0,167,1.3,2022,6,FP3
0 days 00:02:08.374000,30.5,35.0,1006.2,False,42.0,190,1.7,2022,6,FP3
0 days 00:03:08.376000,30.6,35.0,1006.0,False,42.5,180,2.2,2022,6,FP3
0 days 00:04:08.374000,30.6,34.0,1006.0,False,42.8,186,1.8,2022,6,FP3
0 days 00:05:08.378000,30.7,35.0,1006.2,False,43.1,200,2.7,2022,6,FP3
0 days 00:06:08.374000,30.7,35.0,1006.0,False,42.8,179,2.2,2022,6,FP3
0 days 00:07:08.373000,30.5,36.0,1006.0,False,42.4,186,2.0,2022,6,FP3
0 days 00:08:08.373000,30.5,36.0,1006.0,False,42.4,202,3.4,2022,6,FP3
0 days 00:09:08.373000,30.5,34.0,1006.0,False,42.4,175,4.1,2022,6,FP3
0 days 00:10:08.375000,30.6,33.0,1006.0,False,43.1,167,3.7,2022,6,FP3
0 days 00:11:08.371000,30.8,33.0,1006.0,False,43.0,187,3.2,2022,6,FP3
0 days 00:12:08.380000,31.1,32.0,1006.0,False,42.8,188,3.2,2022,6,FP3
0 days 00:13:08.372000,31.1,33.0,1006.0,False,43.1,184,3.0,2022,6,FP3
0 days 00:14:08.374000,31.1,32.0,1005.9,False,43.3,176,3.2,2022,6,FP3
0 days 00:15:08.376000,31.1,33.0,1006.0,False,43.1,191,3.2,2022,6,FP3
0 days 00:16:08.377000,31.0,31.0,1006.0,False,42.9,150,3.5,2022,6,FP3
0 days 00:17:08.375000,30.9,32.0,1005.9,False,42.8,179,4.3,2022,6,FP3
0 days 00:18:08.373000,30.9,31.0,1006.0,False,42.8,168,3.7,2022,6,FP3
0 days 00:19:08.381000,31.0,31.0,1005.7,False,42.8,167,4.0,2022,6,FP3
0 days 00:20:08.375000,31.1,32.0,1005.7,False,43.1,192,4.5,2022,6,FP3
0 days 00:21:08.375000,31.2,32.0,1005.9,False,43.1,182,3.0,2022,6,FP3
0 days 00:22:08.374000,31.2,32.0,1005.7,False,43.4,145,3.5,2022,6,FP3
0 days 00:23:08.390000,31.2,31.0,1005.7,False,43.4,182,1.6,2022,6,FP3
0 days 00:24:08.400000,31.1,32.0,1005.7,False,43.4,175,2.0,2022,6,FP3
0 days 00:25:08.389000,31.0,32.0,1005.7,False,43.6,178,3.7,2022,6,FP3
0 days 00:26:08.422000,31.1,32.0,1005.7,False,43.3,162,4.0,2022,6,FP3
0 days 00:27:08.420000,31.1,33.0,1005.9,False,43.0,167,3.0,2022,6,FP3
0 days 00:28:08.422000,31.0,31.0,1005.7,False,43.2,186,4.1,2022,6,FP3
0 days 00:29:08.439000,31.0,32.0,1005.7,False,43.2,166,2.7,2022,6,FP3
0 days 00:30:08.457000,31.3,32.0,1005.7,False,43.8,170,2.4,2022,6,FP3
0 days 00:31:08.469000,31.4,33.0,1005.7,False,43.1,192,2.5,2022,6,FP3
0 days 00:32:08.485000,31.3,33.0,1005.7,False,43.4,166,3.5,2022,6,FP3
0 days 00:33:08.498000,31.3,33.0,1005.7,False,43.8,160,2.5,2022,6,FP3
0 days 00:34:08.508000,31.2,32.0,1005.7,False,44.0,159,1.8,2022,6,FP3
0 days 00:35:08.499000,31.3,30.0,1005.7,False,44.5,183,3.0,2022,6,FP3
0 days 00:36:08.498000,31.6,31.0,1005.7,False,44.1,125,2.9,2022,6,FP3
0 days 00:37:08.503000,31.5,32.0,1005.7,False,43.6,194,1.2,2022,6,FP3
0 days 00:38:08.497000,31.3,31.0,1005.7,False,44.1,189,1.3,2022,6,FP3
0 days 00:39:08.516000,31.5,31.0,1005.5,False,44.4,192,3.2,2022,6,FP3
0 days 00:40:08.509000,31.5,32.0,1005.5,False,44.5,202,2.7,2022,6,FP3
0 days 00:41:08.498000,31.5,32.0,1005.7,False,44.2,186,2.5,2022,6,FP3
0 days 00:42:08.499000,31.4,32.0,1005.5,False,44.2,148,2.0,2022,6,FP3
0 days 00:43:08.501000,31.4,32.0,1005.5,False,44.2,176,1.0,2022,6,FP3
0 days 00:44:08.502000,31.5,31.0,1005.5,False,44.3,177,2.2,2022,6,FP3
0 days 00:45:08.500000,31.7,32.0,1005.7,False,44.4,178,2.2,2022,6,FP3
0 days 00:46:08.502000,31.7,31.0,1005.5,False,44.9,194,3.0,2022,6,FP3
0 days 00:47:08.499000,31.7,32.0,1005.5,False,44.5,168,2.2,2022,6,FP3
0 days 00:48:08.502000,31.8,31.0,1005.5,False,44.6,164,2.7,2022,6,FP3
0 days 00:49:08.499000,31.8,32.0,1005.5,False,44.6,159,3.0,2022,6,FP3
0 days 00:50:08.498000,31.8,31.0,1005.5,False,44.7,147,3.7,2022,6,FP3
0 days 00:51:08.500000,31.9,32.0,1005.5,False,44.4,186,4.1,2022,6,FP3
0 days 00:52:08.499000,31.8,32.0,1005.5,False,44.3,192,2.5,2022,6,FP3
0 days 00:53:08.498000,31.9,32.0,1005.5,False,44.9,159,1.7,2022,6,FP3
0 days 00:54:08.513000,31.9,32.0,1005.5,False,44.9,159,1.7,2022,6,FP3
0 days 00:55:08.498000,32.1,30.0,1005.5,False,45.0,179,2.2,2022,6,FP3
0 days 00:56:08.502000,32.1,29.0,1005.4,False,45.1,164,2.2,2022,6,FP3
0 days 00:57:08.501000,32.2,30.0,1005.5,False,45.1,186,2.5,2022,6,FP3
0 days 00:58:08.504000,32.2,31.0,1005.4,False,45.1,191,3.2,2022,6,FP3
0 days 00:59:08.500000,32.1,31.0,1005.4,False,44.9,199,2.5,2022,6,FP3
0 days 01:00:08.514000,31.9,31.0,1005.4,False,44.5,190,2.7,2022,6,FP3
0 days 01:01:08.582000,31.8,33.0,1005.5,False,44.4,171,2.7,2022,6,FP3
0 days 01:02:08.623000,31.9,32.0,1005.4,False,44.4,173,3.4,2022,6,FP3
0 days 01:03:08.547000,32.0,32.0,1005.4,False,44.6,183,2.2,2022,6,FP3
0 days 01:04:08.548000,32.1,30.0,1005.4,False,44.8,173,2.0,2022,6,FP3
0 days 01:05:08.545000,32.1,32.0,1005.4,False,45.4,167,3.9,2022,6,FP3
0 days 01:06:08.598000,32.1,32.0,1005.4,False,45.1,169,2.2,2022,6,FP3
0 days 01:07:08.590000,32.1,32.0,1005.4,False,45.1,169,2.2,2022,6,FP3
0 days 01:08:08.592000,32.1,32.0,1005.2,False,45.1,177,1.8,2022,6,FP3
0 days 01:09:08.595000,32.2,32.0,1005.4,False,45.2,175,1.8,2022,6,FP3
0 days 01:10:08.592000,32.3,30.0,1005.2,False,45.5,174,3.2,2022,6,FP3
0 days 01:11:08.593000,32.1,30.0,1005.2,False,45.5,186,1.7,2022,6,FP3
0 days 01:12:08.600000,32.1,30.0,1005.2,False,45.7,201,3.2,2022,6,FP3
0 days 01:13:08.593000,32.1,30.0,1005.2,False,45.7,194,2.0,2022,6,FP3
0 days 01:14:08.598000,32.2,32.0,1005.2,False,45.7,211,3.0,2022,6,FP3
0 days 01:15:08.593000,32.3,31.0,1005.2,False,45.7,203,1.3,2022,6,FP3
0 days 01:16:08.593000,32.5,31.0,1005.2,False,45.8,143,2.2,2022,6,FP3
0 days 01:17:08.596000,32.5,31.0,1005.2,False,46.0,141,1.8,2022,6,FP3
0 days 01:18:08.594000,32.5,31.0,1005.2,False,46.0,30,0.3,2022,6,FP3
0 days 01:19:08.596000,32.6,31.0,1005.0,False,46.0,282,0.0,2022,6,FP3
0 days 01:20:08.594000,32.5,31.0,1005.2,False,45.8,181,1.2,2022,6,FP3
0 days 01:21:08.594000,32.4,32.0,1005.0,False,45.4,147,2.7,2022,6,FP3
0 days 00:00:58.598000,27.1,51.0,1006.2,False,49.5,300,0.6,2022,7,FP3
0 days 00:01:58.587000,27.0,51.0,1006.2,False,49.3,193,1.0,2022,7,FP3
0 days 00:02:58.603000,27.0,51.0,1006.0,False,50.2,160,0.4,2022,7,FP3
0 days 00:03:58.608000,27.0,50.0,1006.2,False,51.0,283,0.6,2022,7,FP3
0 days 00:04:58.607000,27.1,50.0,1006.2,False,51.0,158,0.4,2022,7,FP3
0 days 00:05:58.624000,27.2,50.0,1006.0,False,51.0,286,0.0,2022,7,FP3
0 days 00:06:58.628000,27.3,49.0,1006.2,False,51.1,296,0.3,2022,7,FP3
0 days 00:07:58.633000,27.2,49.0,1006.0,False,51.1,196,0.4,2022,7,FP3
0 days 00:08:58.633000,27.3,49.0,1006.0,False,51.3,210,0.6,2022,7,FP3
0 days 00:09:58.619000,27.2,48.0,1006.0,False,51.3,206,0.6,2022,7,FP3
0 days 00:10:58.630000,27.1,49.0,1006.0,False,51.5,215,0.6,2022,7,FP3
0 days 00:11:58.646000,27.2,48.0,1006.0,False,51.4,287,0.6,2022,7,FP3
0 days 00:12:58.662000,27.1,48.0,1006.0,False,51.9,228,0.6,2022,7,FP3
0 days 00:13:58.673000,27.1,49.0,1006.2,False,51.9,0,0.0,2022,7,FP3
0 days 00:14:58.669000,27.1,48.0,1006.0,False,51.1,233,0.0,2022,7,FP3
0 days 00:15:58.703000,27.2,48.0,1006.2,False,51.8,204,0.5,2022,7,FP3
0 days 00:16:58.684000,27.1,48.0,1006.2,False,51.9,142,0.5,2022,7,FP3
0 days 00:17:58.691000,27.1,47.0,1006.0,False,51.8,294,0.5,2022,7,FP3
0 days 00:18:58.692000,27.0,49.0,1006.0,False,49.8,297,0.6,2022,7,FP3
0 days 00:19:58.691000,26.9,49.0,1006.0,False,49.8,0,0.6,2022,7,FP3
0 days 00:20:58.683000,26.8,49.0,1006.0,False,51.0,241,0.4,2022,7,FP3
0 days 00:21:58.685000,26.8,49.0,1006.0,False,51.2,241,0.5,2022,7,FP3
0 days 00:22:58.683000,26.9,49.0,1006.0,False,51.6,193,0.3,2022,7,FP3
0 days 00:23:58.698000,27.0,48.0,1006.0,False,51.8,0,0.4,2022,7,FP3
0 days 00:24:58.713000,27.2,49.0,1006.0,False,52.5,176,0.6,2022,7,FP3
0 days 00:25:58.727000,27.2,50.0,1006.0,False,52.5,186,0.6,2022,7,FP3
0 days 00:26:58.713000,27.2,49.0,1006.0,False,52.6,290,0.8,2022,7,FP3
0 days 00:27:58.728000,27.3,48.0,1006.0,False,52.6,280,0.6,2022,7,FP3
0 days 00:28:58.721000,27.3,48.0,1006.0,False,52.7,218,1.0,2022,7,FP3
0 days 00:29:58.718000,27.2,48.0,1006.0,False,52.2,204,0.6,2022,7,FP3
0 days 00:30:58.731000,27.1,49.0,1006.0,False,52.1,83,1.2,2022,7,FP3
0 days 00:31:58.757000,27.1,49.0,1006.0,False,52.2,188,0.6,2022,7,FP3
0 days 00:32:58.746000,27.2,48.0,1006.0,False,52.7,205,0.6,2022,7,FP3
0 days 00:33:58.763000,27.3,49.0,1005.9,False,51.7,103,0.8,2022,7,FP3
0 days 00:34:58.790000,27.3,48.0,1005.9,False,51.7,181,0.8,2022,7,FP3
0 days 00:35:58.790000,27.3,49.0,1005.7,False,51.9,191,1.1,2022,7,FP3
0 days 00:36:58.779000,27.2,49.0,1005.9,False,51.0,140,1.0,2022,7,FP3
0 days 00:37:58.808000,27.1,49.0,1005.9,False,51.0,183,1.0,2022,7,FP3
0 days 00:38:58.811000,27.0,51.0,1005.7,False,50.4,165,0.6,2022,7,FP3
0 days 00:39:58.817000,26.9,51.0,1005.7,False,50.9,106,0.8,2022,7,FP3
0 days 00:40:58.832000,26.9,50.0,1005.7,False,51.5,174,1.0,2022,7,FP3
0 days 00:41:58.818000,27.2,50.0,1005.9,False,50.8,159,1.0,2022,7,FP3
0 days 00:42:58.818000,27.1,49.0,1005.7,False,50.4,184,0.6,2022,7,FP3
0 days 00:43:58.809000,27.1,50.0,1005.7,False,50.5,195,1.2,2022,7,FP3
0 days 00:44:58.811000,27.0,50.0,1005.7,False,50.8,0,1.2,2022,7,FP3
0 days 00:45:58.818000,27.0,50.0,1005.7,False,50.8,0,1.2,2022,7,FP3
0 days 00:46:58.817000,27.0,50.0,1005.7,False,50.8,0,1.2,2022,7,FP3
0 days 00:47:58.817000,26.9,50.0,1005.7,False,50.8,0,1.2,2022,7,FP3
0 days 00:48:58.815000,26.5,50.0,1005.7,False,50.8,0,1.2,2022,7,FP3
0 days 00:49:58.813000,26.5,51.0,1005.9,False,50.9,193,1.1,2022,7,FP3
0 days 00:50:58.817000,27.1,49.0,1005.7,False,50.1,219,0.6,2022,7,FP3
0 days 00:51:58.814000,27.1,50.0,1005.7,False,50.3,202,0.6,2022,7,FP3
0 days 00:52:58.828000,27.1,47.0,1005.7,False,50.3,239,0.6,2022,7,FP3
0 days 00:53:58.821000,27.0,46.0,1005.7,False,50.9,241,0.6,2022,7,FP3
0 days 00:54:58.854000,27.0,47.0,1005.7,False,50.9,216,0.8,2022,7,FP3
0 days 00:55:58.861000,27.1,46.0,1005.7,False,50.9,184,1.2,2022,7,FP3
0 days 00:56:58.867000,27.1,45.0,1005.7,False,51.3,229,1.1,2022,7,FP3
0 days 00:57:58.874000,27.0,46.0,1005.7,False,50.4,197,0.8,2022,7,FP3
0 days 00:58:58.898000,27.1,46.0,1005.7,False,50.4,188,1.1,2022,7,FP3
0 days 00:59:58.907000,27.1,48.0,1005.7,False,50.3,172,1.2,2022,7,FP3
0 days 01:00:58.915000,27.0,49.0,1005.7,False,50.3,193,1.2,2022,7,FP3
0 days 01:01:58.917000,27.1,49.0,1005.5,False,50.6,214,1.7,2022,7,FP3
0 days 01:02:58.924000,27.1,49.0,1005.5,False,50.7,168,1.0,2022,7,FP3
0 days 01:03:58.932000,27.2,48.0,1005.5,False,50.8,173,0.8,2022,7,FP3
0 days 01:04:58.934000,27.2,47.0,1005.5,False,50.9,181,0.6,2022,7,FP3
0 days 01:05:58.936000,27.3,45.0,1005.5,False,50.8,174,1.2,2022,7,FP3
0 days 01:06:58.939000,27.4,46.0,1005.4,False,51.2,203,1.0,2022,7,FP3
0 days 01:07:58.948000,27.6,45.0,1005.5,False,51.2,197,0.8,2022,7,FP3
0 days 01:08:58.933000,27.7,46.0,1005.4,False,51.2,293,0.6,2022,7,FP3
0 days 01:09:58.943000,27.7,46.0,1005.4,False,51.2,262,1.0,2022,7,FP3
0 days 01:10:58.948000,27.6,45.0,1005.4,False,51.4,191,1.0,2022,7,FP3
0 days 01:11:58.949000,27.5,44.0,1005.4,False,52.4,326,0.8,2022,7,FP3
0 days 01:12:58.947000,27.4,43.0,1005.4,False,52.9,321,0.8,2022,7,FP3
0 days 01:13:58.948000,27.5,42.0,1005.4,False,53.2,0,0.8,2022,7,FP3
0 days 01:14:58.941000,27.5,42.0,1005.4,False,53.3,223,0.4,2022,7,FP3
0 days 01:15:58.936000,27.5,42.0,1005.4,False,53.2,295,0.8,2022,7,FP3
0 days 01:16:58.946000,27.6,42.0,1005.4,False,52.8,196,0.6,2022,7,FP3
0 days 01:17:58.958000,27.6,42.0,1005.4,False,52.8,219,0.8,2022,7,FP3
0 days 01:18:58.944000,27.7,43.0,1005.4,False,52.0,258,0.4,2022,7,FP3
0 days 01:19:58.939000,27.7,42.0,1005.4,False,52.4,275,0.0,2022,7,FP3
0 days 00:00:03.374000,27.0,52.0,1015.7,False,47.6,124,1.1,2022,8,FP3
0 days 00:01:03.372000,27.1,53.0,1015.7,False,46.4,73,1.0,2022,8,FP3
0 days 00:02:03.383000,27.1,53.0,1015.7,False,46.4,76,1.6,2022,8,FP3
0 days 00:03:03.378000,27.1,52.0,1015.5,False,46.8,288,0.6,2022,8,FP3
0 days 00:04:03.384000,27.2,53.0,1015.5,False,47.5,22,1.2,2022,8,FP3
0 days 00:05:03.373000,27.2,54.0,1015.7,False,47.1,274,0.8,2022,8,FP3
0 days 00:06:03.381000,27.3,53.0,1015.7,False,46.7,272,0.8,2022,8,FP3
0 days 00:07:03.377000,27.3,53.0,1015.7,False,47.2,285,2.0,2022,8,FP3
0 days 00:08:03.395000,27.2,54.0,1015.7,False,47.3,277,1.3,2022,8,FP3
0 days 00:09:03.395000,27.1,55.0,1015.7,False,47.7,323,1.2,2022,8,FP3
0 days 00:10:03.393000,26.8,55.0,1015.7,False,47.7,298,1.8,2022,8,FP3
0 days 00:11:03.423000,26.7,56.0,1015.7,False,47.7,237,2.0,2022,8,FP3
0 days 00:12:03.393000,26.8,56.0,1015.7,False,48.0,281,1.7,2022,8,FP3
0 days 00:13:03.410000,26.9,55.0,1015.5,False,48.0,313,1.3,2022,8,FP3
0 days 00:14:03.410000,26.9,54.0,1015.5,False,48.6,284,0.8,2022,8,FP3
0 days 00:15:03.424000,27.0,53.0,1015.5,False,47.9,325,1.2,2022,8,FP3
0 days 00:16:03.411000,27.0,53.0,1015.5,False,47.7,312,1.3,2022,8,FP3
0 days 00:17:03.427000,27.0,51.0,1015.5,False,47.7,296,1.5,2022,8,FP3
0 days 00:18:03.421000,27.0,51.0,1015.5,False,48.3,8,1.8,2022,8,FP3
0 days 00:19:03.407000,26.9,52.0,1015.5,False,48.2,292,1.2,2022,8,FP3
0 days 00:20:03.415000,26.8,52.0,1015.5,False,48.5,308,1.8,2022,8,FP3
0 days 00:21:03.405000,26.9,53.0,1015.5,False,48.5,184,2.0,2022,8,FP3
0 days 00:22:03.410000,26.9,53.0,1015.5,False,48.5,283,1.2,2022,8,FP3
0 days 00:23:03.405000,26.8,53.0,1015.5,False,48.4,301,2.2,2022,8,FP3
0 days 00:24:03.413000,27.1,52.0,1015.7,False,48.5,332,1.1,2022,8,FP3
0 days 00:25:03.432000,27.1,50.0,1015.5,False,48.5,287,0.8,2022,8,FP3
0 days 00:26:03.440000,26.9,50.0,1015.5,False,48.8,332,1.2,2022,8,FP3
0 days 00:27:03.459000,26.8,50.0,1015.5,False,48.5,58,1.1,2022,8,FP3
0 days 00:28:03.465000,26.8,49.0,1015.5,False,48.4,0,0.8,2022,8,FP3
0 days 00:29:03.464000,26.8,50.0,1015.5,False,48.0,101,0.8,2022,8,FP3
0 days 00:30:03.464000,26.7,49.0,1015.5,False,47.4,212,0.8,2022,8,FP3
0 days 00:31:03.464000,26.7,49.0,1015.5,False,46.9,314,0.8,2022,8,FP3
0 days 00:32:03.490000,26.8,48.0,1015.5,False,46.8,118,0.8,2022,8,FP3
0 days 00:33:03.495000,26.9,47.0,1015.5,False,47.0,351,0.6,2022,8,FP3
0 days 00:34:03.502000,27.0,48.0,1015.5,False,47.0,319,0.6,2022,8,FP3
0 days 00:35:03.509000,27.2,47.0,1015.5,False,46.9,347,1.1,2022,8,FP3
0 days 00:36:03.511000,27.2,46.0,1015.5,False,46.9,70,0.8,2022,8,FP3
0 days 00:37:03.538000,27.2,48.0,1015.5,False,47.6,56,1.1,2022,8,FP3
0 days 00:38:03.539000,27.1,48.0,1015.7,False,46.5,106,0.6,2022,8,FP3
0 days 00:39:03.539000,27.1,47.0,1015.5,False,46.4,274,1.0,2022,8,FP3
0 days 00:40:03.531000,27.2,47.0,1015.7,False,46.9,61,0.6,2022,8,FP3
0 days 00:41:03.533000,27.2,47.0,1015.5,False,46.9,0,0.6,2022,8,FP3
0 days 00:42:03.538000,27.1,47.0,1015.5,False,46.9,284,0.4,2022,8,FP3
0 days 00:43:03.534000,27.2,49.0,1015.5,False,46.3,243,0.8,2022,8,FP3
0 days 00:44:03.529000,27.3,49.0,1015.5,False,46.6,235,0.6,2022,8,FP3
0 days 00:45:03.544000,27.2,49.0,1015.5,False,46.8,177,1.1,2022,8,FP3
0 days 00:46:03.540000,27.2,49.0,1015.5,False,46.6,340,0.8,2022,8,FP3
0 days 00:47:03.530000,27.4,49.0,1015.5,False,46.8,249,1.2,2022,8,FP3
0 days 00:48:03.531000,27.5,50.0,1015.5,False,46.8,309,1.6,2022,8,FP3
0 days 00:49:03.538000,27.5,51.0,1015.5,False,46.4,281,1.6,2022,8,FP3
0 days 00:50:03.539000,27.6,51.0,1015.5,False,46.4,281,1.6,2022,8,FP3
0 days 00:51:03.531000,27.7,49.0,1015.5,False,46.7,254,1.0,2022,8,FP3
0 days 00:52:03.532000,27.8,48.0,1015.4,False,46.8,324,1.1,2022,8,FP3
0 days 00:53:03.533000,27.9,48.0,1015.5,False,46.8,342,0.8,2022,8,FP3
0 days 00:54:03.543000,27.8,47.0,1015.5,False,46.2,26,1.0,2022,8,FP3
0 days 00:55:03.536000,27.5,49.0,1015.5,False,46.2,2,0.8,2022,8,FP3
0 days 00:56:03.537000,27.4,49.0,1015.4,False,45.5,310,1.6,2022,8,FP3
0 days 00:57:03.539000,27.1,51.0,1015.5,False,44.9,276,1.6,2022,8,FP3
0 days 00:58:03.537000,27.2,50.0,1015.4,False,44.9,262,1.0,2022,8,FP3
0 days 00:59:03.535000,27.4,49.0,1015.4,False,45.2,297,1.2,2022,8,FP3
0 days 01:00:03.536000,27.4,49.0,1015.5,False,45.2,340,1.3,2022,8,FP3
0 days 01:01:03.545000,27.3,49.0,1015.5,False,45.9,7,0.8,2022,8,FP3
0 days 01:02:03.542000,27.4,49.0,1015.5,False,45.8,5,0.5,2022,8,FP3
0 days 01:03:03.561000,27.5,48.0,1015.5,False,45.8,54,0.6,2022,8,FP3
0 days 01:04:03.540000,27.5,47.0,1015.5,False,45.7,6,0.8,2022,8,FP3
0 days 01:05:03.531000,27.4,48.0,1015.5,False,45.6,186,0.8,2022,8,FP3
0 days 01:06:03.543000,27.5,47.0,1015.5,False,45.2,329,0.6,2022,8,FP3
0 days 01:07:03.538000,27.2,47.0,1015.5,False,46.1,27,1.3,2022,8,FP3
0 days 01:08:03.530000,27.0,48.0,1015.5,False,46.1,43,0.8,2022,8,FP3
0 days 01:09:03.542000,27.1,48.0,1015.4,False,45.8,70,0.6,2022,8,FP3
0 days 01:10:03.536000,26.8,50.0,1015.5,False,43.9,78,1.0,2022,8,FP3
0 days 01:11:03.544000,26.7,51.0,1015.4,False,43.9,149,0.8,2022,8,FP3
0 days 01:12:03.547000,26.7,52.0,1015.4,False,44.6,94,1.0,2022,8,FP3
0 days 01:13:03.561000,26.8,51.0,1015.5,False,45.0,41,0.6,2022,8,FP3
0 days 01:14:03.539000,26.8,51.0,1015.2,False,44.7,159,0.8,2022,8,FP3
0 days 01:15:03.533000,27.0,52.0,1015.4,False,44.7,334,1.0,2022,8,FP3
0 days 01:16:03.540000,27.1,51.0,1015.4,False,44.2,320,0.6,2022,8,FP3
0 days 01:17:03.570000,27.1,51.0,1015.5,False,45.6,263,1.5,2022,8,FP3
0 days 01:18:03.559000,27.1,52.0,1015.2,False,45.6,244,1.6,2022,8,FP3
0 days 01:19:03.549000,26.9,54.0,1015.4,False,45.0,273,1.1,2022,8,FP3
0 days 01:20:03.573000,27.0,52.0,1015.4,False,44.5,230,1.5,2022,8,FP3
0 days 01:21:03.583000,26.9,52.0,1015.4,False,44.1,264,1.1,2022,8,FP3
0 days 01:22:03.632000,27.1,53.0,1015.4,False,44.1,349,1.2,2022,8,FP3
0 days 01:23:03.595000,27.3,52.0,1015.4,False,45.6,276,0.5,2022,8,FP3
0 days 01:24:04.081000,27.3,52.0,1015.4,False,45.6,332,1.1,2022,8,FP3
0 days 01:25:03.600000,27.3,53.0,1015.5,False,44.4,16,1.2,2022,8,FP3
0 days 01:26:03.609000,27.3,53.0,1015.4,False,44.1,25,0.8,2022,8,FP3
0 days 01:27:03.637000,27.3,53.0,1015.4,False,44.1,239,1.0,2022,8,FP3
0 days 01:28:03.636000,27.5,51.0,1015.5,False,44.6,331,0.6,2022,8,FP3
0 days 01:29:03.634000,27.4,52.0,1015.5,False,44.6,262,1.7,2022,8,FP3
0 days 01:30:03.629000,27.0,53.0,1015.5,False,44.5,277,1.6,2022,8,FP3
0 days 01:31:03.624000,26.9,54.0,1015.5,False,44.1,283,1.7,2022,8,FP3
0 days 01:32:03.638000,27.0,55.0,1015.5,False,44.1,299,1.5,2022,8,FP3
0 days 01:33:03.627000,27.1,54.0,1015.5,False,44.2,315,1.2,2022,8,FP3
0 days 01:34:03.654000,27.1,54.0,1015.5,False,44.2,287,1.7,2022,8,FP3
0 days 01:35:03.651000,27.0,55.0,1015.5,False,43.6,293,1.7,2022,8,FP3
0 days 01:36:03.664000,26.8,57.0,1015.5,False,43.6,237,2.0,2022,8,FP3
0 days 01:37:06.134000,26.8,56.0,1015.5,False,43.6,277,1.3,2022,8,FP3
0 days 00:00:45.322000,11.3,84.0,1005.0,True,16.4,9,1.2,2022,9,FP3
0 days 00:01:45.328000,11.3,84.0,1005.0,True,16.5,338,1.3,2022,9,FP3
0 days 00:02:45.345000,11.5,84.0,1005.2,True,16.6,66,1.1,2022,9,FP3
0 days 00:03:45.325000,11.4,83.0,1005.0,True,16.6,348,1.2,2022,9,FP3
0 days 00:04:45.324000,11.2,83.0,1005.2,True,16.6,4,2.2,2022,9,FP3
0 days 00:05:45.321000,11.1,83.0,1005.0,True,16.4,5,3.0,2022,9,FP3
0 days 00:06:45.322000,11.3,84.0,1005.2,True,16.2,346,1.5,2022,9,FP3
0 days 00:07:45.328000,11.3,83.0,1005.2,True,16.2,22,0.8,2022,9,FP3
0 days 00:08:45.326000,11.3,84.0,1005.2,True,16.2,336,1.3,2022,9,FP3
0 days 00:09:45.320000,11.2,83.0,1005.2,True,16.4,2,1.3,2022,9,FP3
0 days 00:10:45.320000,11.2,83.0,1005.0,True,16.6,12,2.0,2022,9,FP3
0 days 00:11:45.324000,11.3,83.0,1005.2,True,16.6,134,1.8,2022,9,FP3
0 days 00:12:45.321000,11.2,83.0,1005.2,True,16.5,2,1.6,2022,9,FP3
0 days 00:13:45.328000,11.1,82.0,1005.2,True,16.2,272,2.7,2022,9,FP3
0 days 00:14:45.328000,11.1,83.0,1005.2,True,16.1,23,2.5,2022,9,FP3
0 days 00:15:45.320000,11.2,83.0,1005.2,True,16.1,22,2.0,2022,9,FP3
0 days 00:16:45.320000,11.1,82.0,1005.2,True,16.2,15,2.9,2022,9,FP3
0 days 00:17:45.319000,11.1,83.0,1005.2,True,16.1,41,2.5,2022,9,FP3
0 days 00:18:45.323000,11.2,82.0,1005.2,True,16.1,347,2.2,2022,9,FP3
0 days 00:19:45.322000,11.2,82.0,1005.2,True,16.2,301,1.6,2022,9,FP3
0 days 00:20:45.340000,11.3,83.0,1005.2,True,16.3,8,1.5,2022,9,FP3
0 days 00:21:45.330000,11.4,83.0,1005.2,True,16.4,43,1.7,2022,9,FP3
0 days 00:22:45.321000,11.4,82.0,1005.2,True,16.4,102,1.7,2022,9,FP3
0 days 00:23:45.320000,11.4,82.0,1005.2,True,16.4,112,1.6,2022,9,FP3
0 days 00:24:45.343000,11.3,82.0,1005.2,True,16.4,22,2.0,2022,9,FP3
0 days 00:25:45.339000,11.3,82.0,1005.2,True,16.3,83,3.2,2022,9,FP3
0 days 00:26:45.354000,11.2,82.0,1005.4,True,16.3,0,1.2,2022,9,FP3
0 days 00:27:45.357000,11.3,83.0,1005.2,True,16.1,50,1.2,2022,9,FP3
0 days 00:28:45.368000,11.4,83.0,1005.4,True,16.3,336,0.6,2022,9,FP3
0 days 00:29:45.376000,11.5,83.0,1005.4,True,16.3,344,1.1,2022,9,FP3
0 days 00:30:45.390000,11.4,83.0,1005.4,True,16.5,30,1.2,2022,9,FP3
0 days 00:31:45.390000,11.3,82.0,1005.4,True,16.5,43,1.3,2022,9,FP3
0 days 00:32:45.397000,11.3,83.0,1005.4,True,16.5,89,1.7,2022,9,FP3
0 days 00:33:45.398000,11.3,84.0,1005.4,True,16.4,1,1.1,2022,9,FP3
0 days 00:34:45.402000,11.3,83.0,1005.4,True,16.4,0,1.7,2022,9,FP3
0 days 00:35:45.400000,11.4,83.0,1005.5,True,16.5,17,1.8,2022,9,FP3
0 days 00:36:45.427000,11.3,82.0,1005.4,True,16.4,14,3.0,2022,9,FP3
0 days 00:37:45.403000,11.2,82.0,1005.2,True,16.4,39,2.5,2022,9,FP3
0 days 00:38:45.401000,11.3,83.0,1005.4,True,16.4,17,1.6,2022,9,FP3
0 days 00:39:45.404000,11.4,83.0,1005.2,True,16.5,42,2.2,2022,9,FP3
0 days 00:40:45.402000,11.4,83.0,1005.4,True,16.7,325,2.0,2022,9,FP3
0 days 00:41:45.410000,11.4,82.0,1005.4,True,16.8,3,1.1,2022,9,FP3
0 days 00:42:45.399000,11.5,83.0,1005.4,True,16.9,65,2.2,2022,9,FP3
0 days 00:43:45.401000,11.5,83.0,1005.4,True,16.9,50,1.8,2022,9,FP3
0 days 00:44:45.400000,11.5,83.0,1005.5,True,16.9,22,1.7,2022,9,FP3
0 days 00:45:45.399000,11.5,83.0,1005.4,True,16.9,286,1.0,2022,9,FP3
0 days 00:46:45.398000,11.5,83.0,1005.4,True,16.9,33,2.5,2022,9,FP3
0 days 00:47:45.400000,11.5,83.0,1005.5,True,16.9,345,3.0,2022,9,FP3
0 days 00:48:45.401000,11.6,83.0,1005.5,True,16.9,350,1.5,2022,9,FP3
0 days 00:49:45.399000,11.6,83.0,1005.4,True,16.9,31,1.8,2022,9,FP3
0 days 00:50:45.402000,11.6,82.0,1005.4,True,16.9,46,2.4,2022,9,FP3
0 days 00:51:45.402000,11.6,82.0,1005.5,True,16.7,65,3.0,2022,9,FP3
0 days 00:52:45.401000,11.6,83.0,1005.5,True,16.7,38,3.7,2022,9,FP3
0 days 00:53:45.399000,11.6,83.0,1005.5,True,16.6,21,2.4,2022,9,FP3
0 days 00:54:45.413000,11.6,83.0,1005.7,True,16.6,93,3.0,2022,9,FP3
0 days 00:55:45.401000,11.6,82.0,1005.5,True,16.7,344,2.7,2022,9,FP3
0 days 00:56:45.398000,11.5,82.0,1005.7,True,16.6,1,2.2,2022,9,FP3
0 days 00:57:45.398000,11.5,83.0,1005.5,True,16.7,340,2.0,2022,9,FP3
0 days 00:58:45.400000,11.6,82.0,1005.5,True,16.7,341,3.0,2022,9,FP3
0 days 00:59:45.397000,11.6,82.0,1005.5,True,16.7,63,3.0,2022,9,FP3
0 days 01:00:45.411000,11.7,83.0,1005.7,True,16.7,351,1.7,2022,9,FP3
0 days 01:01:45.401000,11.7,83.0,1005.5,True,16.8,17,2.2,2022,9,FP3
0 days 01:02:45.399000,11.6,83.0,1005.5,True,17.1,58,1.8,2022,9,FP3
0 days 01:03:45.415000,11.6,83.0,1005.7,True,17.2,13,1.7,2022,9,FP3
0 days 01:04:45.429000,11.7,83.0,1005.7,True,17.2,25,3.0,2022,9,FP3
0 days 01:05:45.442000,11.7,82.0,1005.7,True,17.2,356,2.7,2022,9,FP3
0 days 01:06:45.443000,11.7,82.0,1005.5,True,17.0,17,3.0,2022,9,FP3
0 days 01:07:45.446000,11.7,82.0,1005.7,True,16.9,352,3.0,2022,9,FP3
0 days 01:08:45.448000,11.7,83.0,1005.7,True,16.9,37,1.6,2022,9,FP3
0 days 01:09:45.447000,11.6,82.0,1005.7,True,16.9,359,2.0,2022,9,FP3
0 days 01:10:45.444000,11.7,83.0,1005.9,True,16.9,353,2.2,2022,9,FP3
0 days 01:11:45.444000,11.7,83.0,1005.9,True,16.9,11,2.4,2022,9,FP3
0 days 01:12:45.443000,11.7,83.0,1005.7,True,17.0,40,3.0,2022,9,FP3
0 days 01:13:45.443000,11.8,83.0,1005.9,True,17.0,3,1.8,2022,9,FP3
0 days 01:14:45.478000,11.8,83.0,1005.9,True,16.9,347,2.2,2022,9,FP3
0 days 01:15:45.450000,11.7,83.0,1005.9,True,16.8,10,2.0,2022,9,FP3
0 days 01:16:45.447000,11.8,83.0,1005.9,True,16.8,88,2.0,2022,9,FP3
0 days 01:17:45.454000,11.7,83.0,1006.0,True,16.8,25,1.6,2022,9,FP3
0 days 01:18:45.443000,11.8,84.0,1005.9,True,16.7,24,1.7,2022,9,FP3
0 days 01:19:45.452000,11.7,84.0,1005.9,True,16.6,343,2.0,2022,9,FP3
0 days 01:20:45.475000,11.7,84.0,1005.9,True,16.6,357,2.2,2022,9,FP3
0 days 00:00:45.608000,17.3,68.0,999.7,False,25.9,224,5.6,2022,10,FP3
0 days 00:01:45.634000,17.2,68.0,999.7,False,25.9,216,6.5,2022,10,FP3
0 days 00:02:45.639000,17.3,67.0,999.7,False,26.0,207,5.5,2022,10,FP3
0 days 00:03:45.640000,17.3,67.0,1000.0,False,26.0,202,5.1,2022,10,FP3
0 days 00:04:45.654000,17.3,66.0,999.7,False,25.8,213,4.6,2022,10,FP3
0 days 00:05:45.674000,17.3,66.0,999.7,False,25.7,201,5.0,2022,10,FP3
0 days 00:06:45.670000,17.4,66.0,999.9,False,25.6,229,6.0,2022,10,FP3
0 days 00:07:45.673000,17.3,66.0,999.7,False,25.6,200,5.1,2022,10,FP3
0 days 00:08:45.675000,17.2,66.0,999.7,False,25.4,242,4.5,2022,10,FP3
0 days 00:09:45.675000,17.3,66.0,999.7,False,25.3,207,5.3,2022,10,FP3
0 days 00:10:45.672000,17.2,66.0,999.7,False,25.2,191,4.5,2022,10,FP3
0 days 00:11:45.673000,17.3,66.0,999.7,False,25.2,210,6.4,2022,10,FP3
0 days 00:12:45.733000,17.2,66.0,999.7,False,25.0,205,5.0,2022,10,FP3
0 days 00:13:45.716000,17.2,66.0,999.7,False,25.0,200,4.5,2022,10,FP3
0 days 00:14:45.733000,17.2,67.0,999.7,False,24.8,236,4.4,2022,10,FP3
0 days 00:15:45.753000,17.2,67.0,999.7,False,25.0,211,3.7,2022,10,FP3
0 days 00:16:45.768000,17.2,66.0,999.7,False,25.3,211,4.8,2022,10,FP3
0 days 00:17:45.775000,17.3,66.0,999.7,False,25.3,206,5.5,2022,10,FP3
0 days 00:18:45.777000,17.3,66.0,999.9,False,25.2,208,4.1,2022,10,FP3
0 days 00:19:45.793000,17.3,66.0,999.7,False,25.2,212,4.4,2022,10,FP3
0 days 00:20:45.796000,17.3,65.0,999.7,False,25.1,207,5.8,2022,10,FP3
0 days 00:21:45.795000,17.2,66.0,999.7,False,25.1,206,4.5,2022,10,FP3
0 days 00:22:45.812000,17.3,66.0,999.9,False,24.8,206,4.8,2022,10,FP3
0 days 00:23:45.792000,17.2,66.0,999.7,False,24.7,211,5.5,2022,10,FP3
0 days 00:24:45.799000,17.2,66.0,999.9,False,24.4,223,5.1,2022,10,FP3
0 days 00:25:45.795000,17.2,66.0,999.7,False,24.2,211,4.6,2022,10,FP3
0 days 00:26:45.793000,17.1,67.0,999.9,False,24.0,232,5.5,2022,10,FP3
0 days 00:27:45.805000,17.2,67.0,999.9,False,24.0,206,4.5,2022,10,FP3
0 days 00:28:45.792000,17.2,67.0,999.7,False,24.1,233,5.0,2022,10,FP3
0 days 00:29:45.801000,17.2,67.0,999.9,False,24.1,203,4.5,2022,10,FP3
0 days 00:30:45.803000,17.1,66.0,999.7,False,24.1,203,6.4,2022,10,FP3
0 days 00:31:45.795000,17.1,67.0,999.7,False,24.1,208,4.5,2022,10,FP3
0 days 00:32:45.803000,17.1,66.0,999.7,False,23.8,203,4.5,2022,10,FP3
0 days 00:33:45.794000,17.1,67.0,999.9,False,23.8,206,5.4,2022,10,FP3
0 days 00:34:45.797000,17.1,67.0,999.9,False,23.8,226,4.3,2022,10,FP3
0 days 00:35:45.795000,17.2,67.0,999.7,False,23.8,234,4.0,2022,10,FP3
0 days 00:36:45.793000,17.1,67.0,999.7,False,23.8,233,5.1,2022,10,FP3
0 days 00:37:45.796000,17.2,66.0,999.7,False,24.0,239,4.3,2022,10,FP3
0 days 00:38:45.795000,17.1,66.0,999.7,False,24.0,215,5.3,2022,10,FP3
0 days 00:39:45.794000,17.1,66.0,999.7,False,24.3,216,5.0,2022,10,FP3
0 days 00:40:45.793000,17.1,66.0,999.7,False,24.5,238,4.8,2022,10,FP3
0 days 00:41:45.797000,17.2,66.0,999.7,False,24.9,236,3.0,2022,10,FP3
0 days 00:42:45.793000,17.2,66.0,999.7,False,24.9,246,2.5,2022,10,FP3
0 days 00:43:45.795000,17.3,66.0,999.7,False,24.7,245,4.1,2022,10,FP3
0 days 00:44:45.832000,17.3,66.0,999.7,False,24.7,217,4.1,2022,10,FP3
0 days 00:45:45.792000,17.3,65.0,999.7,False,24.6,199,5.3,2022,10,FP3
0 days 00:46:45.801000,17.3,66.0,999.7,False,24.3,219,4.5,2022,10,FP3
0 days 00:47:45.794000,17.3,66.0,999.7,False,24.1,218,3.7,2022,10,FP3
0 days 00:48:45.793000,17.2,66.0,999.7,False,24.1,225,6.0,2022,10,FP3
0 days 00:49:45.794000,17.2,67.0,999.7,False,24.0,199,4.6,2022,10,FP3
0 days 00:50:45.795000,17.2,67.0,999.7,False,23.9,196,4.1,2022,10,FP3
0 days 00:51:45.794000,17.2,67.0,999.5,False,23.9,228,4.5,2022,10,FP3
0 days 00:52:45.802000,17.2,67.0,999.7,False,24.1,210,4.6,2022,10,FP3
0 days 00:53:45.795000,17.2,67.0,999.5,False,24.3,251,4.0,2022,10,FP3
0 days 00:54:45.794000,17.2,67.0,999.7,False,24.5,238,4.0,2022,10,FP3
0 days 00:55:45.794000,17.2,67.0,999.5,False,24.5,232,4.1,2022,10,FP3
0 days 00:56:45.798000,17.3,67.0,999.5,False,24.6,201,3.7,2022,10,FP3
0 days 00:57:45.825000,17.4,67.0,999.5,False,24.8,201,5.6,2022,10,FP3
0 days 00:58:45.796000,17.5,66.0,999.5,False,25.1,203,5.5,2022,10,FP3
0 days 00:59:45.794000,17.4,66.0,999.5,False,26.2,201,5.0,2022,10,FP3
0 days 01:00:45.792000,17.3,66.0,999.5,False,26.2,193,4.4,2022,10,FP3
0 days 01:01:45.796000,17.5,66.0,999.5,False,26.2,223,4.4,2022,10,FP3
0 days 01:02:45.798000,17.6,66.0,999.5,False,26.2,229,4.5,2022,10,FP3
0 days 01:03:45.815000,17.6,66.0,999.5,False,26.2,211,3.5,2022,10,FP3
0 days 01:04:45.795000,17.6,66.0,999.7,False,25.5,221,4.5,2022,10,FP3
0 days 01:05:45.796000,17.5,66.0,999.7,False,25.4,202,4.5,2022,10,FP3
0 days 01:06:45.796000,17.5,66.0,999.7,False,25.4,209,4.9,2022,10,FP3
0 days 01:07:45.817000,17.4,66.0,999.5,False,25.0,209,4.6,2022,10,FP3
0 days 01:08:45.805000,17.5,66.0,999.7,False,25.0,235,5.0,2022,10,FP3
0 days 01:09:45.795000,17.5,66.0,999.5,False,25.5,216,3.9,2022,10,FP3
0 days 01:10:45.794000,17.5,67.0,999.5,False,25.7,214,3.7,2022,10,FP3
0 days 01:11:45.812000,17.5,66.0,999.5,False,26.2,200,5.4,2022,10,FP3
0 days 01:12:45.796000,17.6,66.0,999.5,False,26.5,198,4.8,2022,10,FP3
0 days 01:13:45.801000,17.6,67.0,999.5,False,26.7,247,5.0,2022,10,FP3
0 days 01:14:45.795000,17.7,66.0,999.5,False,27.1,198,4.1,2022,10,FP3
0 days 01:15:45.803000,17.8,65.0,999.4,False,27.1,208,4.9,2022,10,FP3
0 days 01:16:45.799000,17.8,65.0,999.4,False,26.9,229,4.9,2022,10,FP3
0 days 01:17:45.810000,17.8,65.0,999.4,False,26.8,223,3.9,2022,10,FP3
0 days 01:18:45.825000,17.8,65.0,999.4,False,26.7,191,4.0,2022,10,FP3
0 days 01:19:45.856000,17.8,65.0,999.4,False,26.6,204,5.5,2022,10,FP3
0 days 01:20:45.842000,17.9,65.0,999.5,False,26.6,202,5.5,2022,10,FP3
0 days 00:00:44.256000,27.7,67.0,968.5,False,47.9,146,1.8,2022,12,FP3
0 days 00:01:44.257000,27.8,65.0,968.5,False,48.2,182,1.8,2022,12,FP3
0 days 00:02:44.258000,27.8,65.0,968.5,False,48.5,169,1.7,2022,12,FP3
0 days 00:03:44.259000,27.9,64.0,968.5,False,48.7,107,1.2,2022,12,FP3
0 days 00:04:44.258000,28.1,64.0,968.5,False,49.3,112,1.3,2022,12,FP3
0 days 00:05:44.259000,28.1,64.0,968.5,False,49.6,166,2.0,2022,12,FP3
0 days 00:06:44.259000,28.1,64.0,968.5,False,49.1,125,2.2,2022,12,FP3
0 days 00:07:44.276000,28.1,65.0,968.5,False,48.9,108,2.0,2022,12,FP3
0 days 00:08:44.275000,28.2,65.0,968.5,False,48.9,122,1.7,2022,12,FP3
0 days 00:09:44.293000,28.2,65.0,968.5,False,49.3,111,2.7,2022,12,FP3
0 days 00:10:44.305000,28.2,65.0,968.5,False,49.6,112,1.8,2022,12,FP3
0 days 00:11:44.327000,28.3,65.0,968.5,False,50.3,54,1.8,2022,12,FP3
0 days 00:12:44.321000,28.3,64.0,968.5,False,50.6,116,2.2,2022,12,FP3
0 days 00:13:44.336000,28.3,65.0,968.5,False,51.4,243,1.0,2022,12,FP3
0 days 00:14:44.327000,28.5,64.0,968.5,False,52.3,164,1.3,2022,12,FP3
0 days 00:15:44.338000,28.6,63.0,968.5,False,52.0,150,2.4,2022,12,FP3
0 days 00:16:44.336000,28.7,63.0,968.5,False,51.6,176,2.2,2022,12,FP3
0 days 00:17:44.336000,28.6,64.0,968.5,False,51.5,161,1.2,2022,12,FP3
0 days 00:18:44.336000,28.8,63.0,968.5,False,51.5,158,1.8,2022,12,FP3
0 days 00:19:44.337000,28.8,63.0,968.5,False,52.0,172,0.8,2022,12,FP3
0 days 00:20:44.337000,28.7,62.0,968.5,False,52.0,164,2.2,2022,12,FP3
0 days 00:21:44.348000,28.7,62.0,968.5,False,51.5,186,2.9,2022,12,FP3
0 days 00:22:44.338000,28.7,63.0,968.5,False,51.5,130,3.0,2022,12,FP3
0 days 00:23:44.339000,28.8,63.0,968.5,False,51.9,147,2.4,2022,12,FP3
0 days 00:24:44.337000,28.9,63.0,968.4,False,52.1,155,2.2,2022,12,FP3
0 days 00:25:44.337000,29.0,62.0,968.5,False,52.2,189,2.5,2022,12,FP3
0 days 00:26:44.347000,29.1,62.0,968.5,False,52.5,149,2.4,2022,12,FP3
0 days 00:27:44.346000,29.1,62.0,968.5,False,52.5,164,2.0,2022,12,FP3
0 days 00:28:44.337000,29.2,61.0,968.5,False,52.5,95,2.5,2022,12,FP3
0 days 00:29:44.338000,29.0,61.0,968.5,False,52.6,33,1.7,2022,12,FP3
0 days 00:30:44.338000,28.9,62.0,968.5,False,52.6,161,2.2,2022,12,FP3
0 days 00:31:44.339000,28.9,62.0,968.5,False,53.1,99,2.0,2022,12,FP3
0 days 00:32:44.365000,28.9,63.0,968.5,False,53.1,154,2.2,2022,12,FP3
0 days 00:33:44.337000,29.0,62.0,968.5,False,53.3,118,2.5,2022,12,FP3
0 days 00:34:44.340000,29.0,61.0,968.4,False,53.3,139,1.7,2022,12,FP3
0 days 00:35:44.339000,28.9,60.0,968.4,False,52.1,98,2.0,2022,12,FP3
0 days 00:36:44.330000,28.9,62.0,968.4,False,52.1,165,2.5,2022,12,FP3
0 days 00:37:44.337000,29.0,62.0,968.5,False,52.1,127,2.4,2022,12,FP3
0 days 00:38:44.341000,29.0,61.0,968.5,False,52.2,129,2.0,2022,12,FP3
0 days 00:39:44.336000,28.9,61.0,968.4,False,52.9,54,1.2,2022,12,FP3
0 days 00:40:44.343000,29.1,60.0,968.4,False,53.3,41,1.6,2022,12,FP3
0 days 00:41:44.340000,29.1,60.0,968.4,False,54.2,89,1.2,2022,12,FP3
0 days 00:42:44.340000,29.2,60.0,968.4,False,54.2,163,1.8,2022,12,FP3
0 days 00:43:44.339000,29.4,58.0,968.4,False,54.2,105,2.2,2022,12,FP3
0 days 00:44:44.339000,29.4,59.0,968.2,False,53.7,16,1.8,2022,12,FP3
0 days 00:45:44.340000,29.3,59.0,968.2,False,52.8,119,1.2,2022,12,FP3
0 days 00:46:44.356000,29.3,59.0,968.4,False,53.5,127,2.9,2022,12,FP3
0 days 00:47:44.373000,29.4,59.0,968.2,False,53.5,98,2.9,2022,12,FP3
0 days 00:48:44.387000,29.3,61.0,968.4,False,53.4,61,1.7,2022,12,FP3
0 days 00:49:44.388000,29.3,60.0,968.5,False,53.6,133,1.8,2022,12,FP3
0 days 00:50:44.410000,29.2,59.0,968.2,False,53.6,113,3.7,2022,12,FP3
0 days 00:51:44.403000,29.1,61.0,968.2,False,52.8,123,2.2,2022,12,FP3
0 days 00:52:44.414000,29.0,61.0,968.5,False,52.7,77,2.2,2022,12,FP3
0 days 00:53:44.417000,29.1,60.0,968.4,False,51.4,118,1.7,2022,12,FP3
0 days 00:54:44.437000,29.0,60.0,968.4,False,52.0,102,2.2,2022,12,FP3
0 days 00:55:44.459000,29.1,60.0,968.2,False,52.2,66,2.2,2022,12,FP3
0 days 00:56:44.486000,29.0,60.0,968.2,False,52.6,82,0.8,2022,12,FP3
0 days 00:57:44.475000,29.1,60.0,968.2,False,52.6,152,2.0,2022,12,FP3
0 days 00:58:44.468000,29.1,60.0,968.2,False,53.6,146,2.9,2022,12,FP3
0 days 00:59:44.469000,29.1,60.0,968.4,False,54.5,112,2.0,2022,12,FP3
0 days 01:00:44.480000,29.2,59.0,968.2,False,54.5,81,2.0,2022,12,FP3
0 days 01:01:44.498000,29.2,60.0,968.2,False,54.4,123,2.2,2022,12,FP3
0 days 01:02:44.536000,29.3,60.0,968.2,False,53.9,139,2.7,2022,12,FP3
0 days 01:03:44.502000,29.3,60.0,968.2,False,54.2,114,1.5,2022,12,FP3
0 days 01:04:44.515000,29.3,60.0,968.2,False,54.2,205,1.3,2022,12,FP3
0 days 01:05:44.534000,29.5,58.0,968.2,False,55.3,1,1.2,2022,12,FP3
0 days 01:06:44.528000,29.4,58.0,968.2,False,55.3,68,1.0,2022,12,FP3
0 days 01:07:44.549000,29.5,58.0,968.2,False,55.4,348,1.7,2022,12,FP3
0 days 01:08:44.564000,29.6,56.0,968.4,False,56.7,194,1.2,2022,12,FP3
0 days 01:09:44.589000,29.7,55.0,968.2,False,56.7,81,1.1,2022,12,FP3
0 days 01:10:44.590000,29.7,56.0,968.2,False,54.4,0,1.2,2022,12,FP3
0 days 01:11:44.592000,29.6,57.0,968.2,False,53.7,172,0.8,2022,12,FP3
0 days 01:12:44.591000,29.6,57.0,968.2,False,53.7,169,2.0,2022,12,FP3
0 days 01:13:44.593000,29.7,56.0,968.2,False,53.9,149,3.0,2022,12,FP3
0 days 01:14:44.610000,29.8,56.0,968.2,False,53.2,165,3.0,2022,12,FP3
0 days 01:15:44.591000,29.8,57.0,968.2,False,53.2,176,2.5,2022,12,FP3
0 days 01:16:44.659000,29.8,57.0,968.2,False,53.8,89,2.7,2022,12,FP3
0 days 01:17:44.593000,29.7,57.0,968.2,False,54.4,142,1.7,2022,12,FP3
0 days 01:18:44.595000,29.7,56.0,968.2,False,54.9,206,2.0,2022,12,FP3
0 days 01:19:44.596000,29.8,56.0,968.2,False,54.9,156,1.6,2022,12,FP3
0 days 01:20:44.595000,29.8,56.0,968.2,False,55.0,130,2.7,2022,12,FP3
0 days 01:21:44.593000,29.7,56.0,968.2,False,54.6,134,1.7,2022,12,FP3
0 days 00:00:16.075000,19.3,92.0,985.9,True,22.0,278,2.5,2022,13,FP3
0 days 00:01:16.074000,19.2,92.0,985.7,True,21.9,282,2.7,2022,13,FP3
0 days 00:02:16.073000,19.2,93.0,985.7,True,21.9,280,2.5,2022,13,FP3
0 days 00:03:16.073000,19.1,93.0,985.7,True,21.9,311,2.7,2022,13,FP3
0 days 00:04:16.076000,19.1,93.0,985.7,True,22.0,272,1.7,2022,13,FP3
0 days 00:05:16.079000,19.2,93.0,985.7,True,21.9,282,2.4,2022,13,FP3
0 days 00:06:16.073000,19.2,93.0,985.7,True,22.2,282,1.8,2022,13,FP3
0 days 00:07:16.081000,19.1,93.0,985.9,True,22.0,285,2.0,2022,13,FP3
0 days 00:08:16.098000,19.1,93.0,985.7,True,22.0,281,2.5,2022,13,FP3
0 days 00:09:16.082000,19.2,93.0,985.7,True,22.0,277,2.0,2022,13,FP3
0 days 00:10:16.075000,19.1,93.0,985.9,True,22.0,279,2.0,2022,13,FP3
0 days 00:11:16.076000,19.1,93.0,985.9,True,22.0,275,2.2,2022,13,FP3
0 days 00:12:16.075000,19.2,93.0,985.9,True,22.0,292,2.2,2022,13,FP3
0 days 00:13:16.076000,19.2,93.0,985.7,True,22.1,280,1.8,2022,13,FP3
0 days 00:14:16.073000,19.2,93.0,985.7,True,22.1,289,2.7,2022,13,FP3
0 days 00:15:16.078000,19.2,94.0,985.7,True,22.1,278,2.7,2022,13,FP3
0 days 00:16:16.076000,19.3,93.0,985.5,True,22.1,282,2.7,2022,13,FP3
0 days 00:17:16.082000,19.3,93.0,985.7,True,22.3,288,2.2,2022,13,FP3
0 days 00:18:16.076000,19.3,94.0,985.7,True,22.2,280,2.2,2022,13,FP3
0 days 00:19:16.075000,19.3,94.0,985.7,True,22.3,277,2.5,2022,13,FP3
0 days 00:20:16.076000,19.2,94.0,985.7,True,22.3,279,2.5,2022,13,FP3
0 days 00:21:16.074000,19.2,93.0,985.7,True,22.3,271,2.4,2022,13,FP3
0 days 00:22:16.087000,19.2,94.0,985.7,True,22.3,271,1.7,2022,13,FP3
0 days 00:23:16.074000,19.2,94.0,985.7,True,22.4,245,1.7,2022,13,FP3
0 days 00:24:16.075000,19.2,94.0,985.7,True,22.4,197,0.8,2022,13,FP3
0 days 00:25:16.074000,19.3,94.0,985.7,True,22.3,155,0.4,2022,13,FP3
0 days 00:26:16.074000,19.4,94.0,985.5,True,22.2,291,0.6,2022,13,FP3
0 days 00:27:16.075000,19.3,93.0,985.5,True,22.2,255,1.5,2022,13,FP3
0 days 00:28:16.074000,19.2,94.0,985.4,True,22.3,286,0.6,2022,13,FP3
0 days 00:29:16.077000,19.2,94.0,985.5,True,22.4,154,0.6,2022,13,FP3
0 days 00:30:16.092000,19.3,94.0,985.5,True,22.4,0,0.8,2022,13,FP3
0 days 00:31:16.073000,19.3,94.0,985.4,True,22.5,134,0.5,2022,13,FP3
0 days 00:32:16.077000,19.4,94.0,985.5,True,22.5,277,0.6,2022,13,FP3
0 days 00:33:16.076000,19.4,94.0,985.4,True,22.5,251,0.6,2022,13,FP3
0 days 00:34:16.077000,19.4,94.0,985.2,True,22.6,261,1.3,2022,13,FP3
0 days 00:35:16.085000,19.4,94.0,985.4,True,22.5,0,0.5,2022,13,FP3
0 days 00:36:16.089000,19.4,94.0,985.2,True,22.5,278,0.8,2022,13,FP3
0 days 00:37:16.075000,19.4,95.0,985.2,True,22.9,287,1.2,2022,13,FP3
0 days 00:38:16.086000,19.4,94.0,985.0,True,22.9,273,2.5,2022,13,FP3
0 days 00:39:16.076000,19.4,94.0,985.0,True,23.0,276,3.2,2022,13,FP3
0 days 00:40:16.109000,19.3,94.0,985.0,True,23.0,277,2.9,2022,13,FP3
0 days 00:41:16.074000,19.3,94.0,985.0,True,23.0,286,2.5,2022,13,FP3
0 days 00:42:16.073000,19.3,95.0,985.0,True,23.0,277,1.7,2022,13,FP3
0 days 00:43:16.079000,19.4,94.0,985.0,True,23.0,268,2.4,2022,13,FP3
0 days 00:44:16.076000,19.4,94.0,985.0,True,23.1,280,2.5,2022,13,FP3
0 days 00:45:16.073000,19.4,94.0,985.0,True,23.2,274,2.5,2022,13,FP3
0 days 00:46:16.082000,19.5,94.0,984.9,True,23.4,271,2.9,2022,13,FP3
0 days 00:47:16.076000,19.5,94.0,984.7,True,23.5,282,2.9,2022,13,FP3
0 days 00:48:16.075000,19.6,94.0,984.7,True,23.5,264,2.7,2022,13,FP3
0 days 00:49:16.076000,19.6,95.0,984.7,True,23.7,278,2.2,2022,13,FP3
0 days 00:50:16.078000,19.5,95.0,984.9,True,23.8,278,2.2,2022,13,FP3
0 days 00:51:16.075000,19.6,94.0,984.9,True,24.2,279,2.5,2022,13,FP3
0 days 00:52:16.075000,19.6,94.0,984.9,False,24.3,275,2.2,2022,13,FP3
0 days 00:53:16.073000,19.7,94.0,985.0,False,24.4,271,2.2,2022,13,FP3
0 days 00:54:16.073000,19.6,94.0,985.0,False,24.4,272,1.7,2022,13,FP3
0 days 00:55:16.078000,19.7,95.0,985.0,False,24.8,252,2.0,2022,13,FP3
0 days 00:56:16.078000,19.8,94.0,985.0,False,25.0,269,1.5,2022,13,FP3
0 days 00:57:16.075000,19.9,95.0,985.0,False,25.1,256,1.6,2022,13,FP3
0 days 00:58:16.113000,20.0,95.0,985.0,False,25.4,238,1.0,2022,13,FP3
0 days 00:59:16.081000,19.9,94.0,985.0,False,25.5,271,1.2,2022,13,FP3
0 days 01:00:16.077000,20.0,94.0,985.0,False,25.5,273,2.2,2022,13,FP3
0 days 01:01:16.074000,20.0,94.0,985.0,False,25.6,169,1.2,2022,13,FP3
0 days 01:02:16.079000,19.9,95.0,985.0,False,25.6,171,0.5,2022,13,FP3
0 days 01:03:16.074000,20.0,95.0,985.0,False,25.8,258,1.5,2022,13,FP3
0 days 01:04:16.083000,20.2,94.0,985.0,False,26.1,278,1.6,2022,13,FP3
0 days 01:05:16.076000,20.1,95.0,985.0,False,26.5,271,1.6,2022,13,FP3
0 days 01:06:16.079000,20.2,94.0,985.0,False,28.4,272,1.2,2022,13,FP3
0 days 01:07:16.074000,20.3,94.0,985.0,False,28.6,261,2.7,2022,13,FP3
0 days 01:08:16.087000,20.4,94.0,985.0,False,28.6,282,2.4,2022,13,FP3
0 days 01:09:16.074000,20.4,95.0,985.0,True,28.3,243,2.2,2022,13,FP3
0 days 01:10:16.077000,20.4,94.0,985.0,True,28.3,273,2.4,2022,13,FP3
0 days 01:11:16.079000,20.5,93.0,985.0,True,28.2,275,3.2,2022,13,FP3
0 days 01:12:16.085000,20.3,94.0,984.9,True,27.5,282,2.2,2022,13,FP3
0 days 01:13:16.073000,20.4,94.0,985.0,True,26.9,279,2.7,2022,13,FP3
0 days 01:14:16.076000,20.5,94.0,985.0,True,26.9,275,1.8,2022,13,FP3
0 days 01:15:16.074000,20.7,94.0,984.9,True,27.9,291,1.8,2022,13,FP3
0 days 01:16:16.090000,20.7,93.0,984.9,True,27.9,312,2.7,2022,13,FP3
0 days 01:17:16.077000,20.6,94.0,984.9,True,28.1,266,2.0,2022,13,FP3
0 days 01:18:16.076000,20.7,94.0,984.7,True,28.3,283,1.7,2022,13,FP3
0 days 01:19:16.076000,20.7,94.0,984.7,True,29.1,257,2.2,2022,13,FP3
0 days 01:20:16.076000,20.7,94.0,984.7,True,29.1,277,2.0,2022,13,FP3
0 days 01:21:16.079000,20.8,94.0,984.7,False,28.4,280,2.5,2022,13,FP3
0 days 00:00:43.995000,15.5,83.0,969.0,False,19.8,295,1.2,2022,14,FP3
0 days 00:01:43.986000,15.5,83.0,969.0,False,19.8,301,1.1,2022,14,FP3
0 days 00:02:43.986000,15.5,84.0,969.0,False,19.9,336,0.6,2022,14,FP3
0 days 00:03:43.988000,15.5,84.0,969.0,False,20.0,316,1.3,2022,14,FP3
0 days 00:04:43.991000,15.6,83.0,969.0,False,20.0,315,2.0,2022,14,FP3
0 days 00:05:43.984000,15.6,83.0,969.0,False,20.2,333,1.7,2022,14,FP3
0 days 00:06:44,15.6,83.0,969.0,False,20.1,345,1.6,2022,14,FP3
0 days 00:07:44.001000,15.6,83.0,968.9,False,20.3,328,1.3,2022,14,FP3
0 days 00:08:44.007000,15.6,83.0,969.0,False,20.5,331,2.2,2022,14,FP3
0 days 00:09:44.002000,15.5,83.0,969.0,False,20.5,339,2.2,2022,14,FP3
0 days 00:10:44.017000,15.5,83.0,968.9,False,20.2,314,1.1,2022,14,FP3
0 days 00:11:44.022000,15.6,83.0,968.9,False,20.3,310,1.7,2022,14,FP3
0 days 00:12:44.057000,15.6,83.0,969.0,False,20.4,322,1.5,2022,14,FP3
0 days 00:13:44.049000,15.6,82.0,968.9,False,20.6,352,1.7,2022,14,FP3
0 days 00:14:44.049000,15.6,83.0,969.0,False,20.4,309,1.8,2022,14,FP3
0 days 00:15:44.065000,15.5,83.0,968.9,False,20.5,331,2.4,2022,14,FP3
0 days 00:16:44.080000,15.5,83.0,969.0,False,20.5,323,1.7,2022,14,FP3
0 days 00:17:44.097000,15.5,83.0,969.0,False,20.5,349,1.5,2022,14,FP3
0 days 00:18:44.114000,15.6,83.0,969.0,False,20.5,339,1.2,2022,14,FP3
0 days 00:19:44.112000,15.7,83.0,969.0,False,20.5,329,1.6,2022,14,FP3
0 days 00:20:44.113000,15.6,82.0,969.0,False,20.4,275,1.2,2022,14,FP3
0 days 00:21:44.113000,15.7,82.0,969.0,False,20.5,310,1.3,2022,14,FP3
0 days 00:22:44.112000,15.6,83.0,969.0,False,20.2,358,1.2,2022,14,FP3
0 days 00:23:44.112000,15.6,83.0,969.0,False,20.2,329,1.0,2022,14,FP3
0 days 00:24:44.114000,15.7,83.0,969.0,False,20.3,318,0.8,2022,14,FP3
0 days 00:25:44.113000,15.6,83.0,969.0,False,20.3,311,1.7,2022,14,FP3
0 days 00:26:44.117000,15.7,83.0,969.0,False,20.3,303,1.2,2022,14,FP3
0 days 00:27:44.116000,15.7,83.0,969.0,False,20.2,321,0.8,2022,14,FP3
0 days 00:28:44.114000,15.7,83.0,969.0,False,20.5,248,1.0,2022,14,FP3
0 days 00:29:44.115000,15.7,83.0,969.0,False,20.5,325,0.8,2022,14,FP3
0 days 00:30:44.113000,15.6,83.0,969.0,False,20.5,302,1.3,2022,14,FP3
0 days 00:31:44.123000,15.7,83.0,969.0,False,20.6,299,1.3,2022,14,FP3
0 days 00:32:44.119000,15.7,82.0,968.9,False,20.8,244,2.5,2022,14,FP3
0 days 00:33:44.115000,15.6,83.0,969.0,False,20.4,342,1.2,2022,14,FP3
0 days 00:34:44.124000,15.6,83.0,968.9,False,20.2,327,1.7,2022,14,FP3
0 days 00:35:44.114000,15.7,83.0,969.0,False,20.2,343,1.5,2022,14,FP3
0 days 00:36:44.114000,15.6,83.0,969.0,False,20.4,318,1.7,2022,14,FP3
0 days 00:37:44.115000,15.6,83.0,969.0,False,20.1,339,1.7,2022,14,FP3
0 days 00:38:44.126000,15.6,84.0,969.0,False,20.1,328,1.7,2022,14,FP3
0 days 00:39:44.114000,15.7,83.0,969.0,False,20.1,303,2.0,2022,14,FP3
0 days 00:40:44.116000,15.6,84.0,969.0,False,20.1,309,1.2,2022,14,FP3
0 days 00:41:44.114000,15.4,84.0,969.0,False,20.1,322,1.7,2022,14,FP3
0 days 00:42:44.129000,15.4,84.0,969.0,False,20.2,309,1.7,2022,14,FP3
0 days 00:43:44.113000,15.4,84.0,969.0,False,20.5,295,2.2,2022,14,FP3
0 days 00:44:44.116000,15.4,84.0,969.0,False,20.6,318,1.0,2022,14,FP3
0 days 00:45:44.125000,15.4,84.0,969.0,False,20.5,324,1.1,2022,14,FP3
0 days 00:46:44.106000,15.4,84.0,969.0,False,20.5,346,0.8,2022,14,FP3
0 days 00:47:44.116000,15.4,84.0,969.0,False,20.5,326,0.8,2022,14,FP3
0 days 00:48:44.114000,15.4,84.0,969.0,False,20.3,320,1.1,2022,14,FP3
0 days 00:49:44.115000,15.4,85.0,969.0,False,20.0,323,0.8,2022,14,FP3
0 days 00:50:44.116000,15.4,84.0,969.0,False,20.1,315,0.8,2022,14,FP3
0 days 00:51:44.119000,15.4,84.0,969.0,False,20.1,318,0.8,2022,14,FP3
0 days 00:52:44.114000,15.4,84.0,968.9,False,20.4,319,1.1,2022,14,FP3
0 days 00:53:44.116000,15.4,84.0,969.0,False,20.4,339,1.0,2022,14,FP3
0 days 00:54:44.116000,15.5,84.0,969.0,False,20.5,304,1.1,2022,14,FP3
0 days 00:55:44.117000,15.4,84.0,969.0,False,20.2,300,1.0,2022,14,FP3
0 days 00:56:44.117000,15.3,84.0,969.0,False,20.3,344,1.1,2022,14,FP3
0 days 00:57:44.124000,15.3,84.0,969.0,False,20.1,330,1.0,2022,14,FP3
0 days 00:58:44.125000,15.3,84.0,969.0,False,20.1,347,1.2,2022,14,FP3
0 days 00:59:44.116000,15.4,85.0,969.0,False,20.1,348,1.7,2022,14,FP3
0 days 01:00:44.125000,15.3,85.0,969.0,False,20.0,288,1.2,2022,14,FP3
0 days 01:01:44.117000,15.3,85.0,969.0,False,20.1,337,1.5,2022,14,FP3
0 days 01:02:44.133000,15.3,85.0,969.0,False,20.0,334,1.2,2022,14,FP3
0 days 01:03:44.126000,15.3,85.0,969.0,False,20.0,322,1.1,2022,14,FP3
0 days 01:04:44.125000,15.3,85.0,969.0,False,19.8,310,1.1,2022,14,FP3
0 days 01:05:44.118000,15.3,85.0,969.0,False,19.9,322,1.3,2022,14,FP3
0 days 01:06:44.116000,15.2,86.0,969.2,False,19.9,291,1.0,2022,14,FP3
0 days 01:07:44.133000,15.2,86.0,969.0,False,19.9,328,1.2,2022,14,FP3
0 days 01:08:44.130000,15.2,86.0,969.0,False,19.8,359,0.8,2022,14,FP3
0 days 01:09:44.133000,15.2,86.0,969.0,False,19.9,299,1.2,2022,14,FP3
0 days 01:10:44.133000,15.1,86.0,969.0,False,19.7,274,0.8,2022,14,FP3
0 days 01:11:44.150000,15.1,86.0,969.0,False,19.8,349,0.8,2022,14,FP3
0 days 01:12:44.193000,15.1,86.0,969.0,False,19.8,340,1.2,2022,14,FP3
0 days 01:13:44.176000,15.2,86.0,969.0,False,19.8,345,1.3,2022,14,FP3
0 days 01:14:44.162000,15.1,86.0,969.0,False,19.8,342,1.2,2022,14,FP3
0 days 01:15:44.161000,15.2,86.0,969.0,False,19.8,355,0.6,2022,14,FP3
0 days 01:16:44.163000,15.2,86.0,969.0,False,19.8,283,0.6,2022,14,FP3
0 days 01:17:44.165000,15.2,86.0,969.0,False,19.9,320,0.6,2022,14,FP3
0 days 01:18:44.165000,15.1,86.0,969.0,False,19.8,310,1.2,2022,14,FP3
0 days 01:19:44.162000,15.1,86.0,969.0,False,19.8,314,1.6,2022,14,FP3
0 days 01:20:44.166000,15.1,86.0,969.0,False,19.8,318,1.5,2022,14,FP3
0 days 01:21:44.189000,15.1,87.0,969.2,False,19.8,324,1.2,2022,14,FP3
0 days 01:22:44.194000,15.1,87.0,969.0,False,19.8,311,1.3,2022,14,FP3
0 days 00:00:22.854000,22.6,40.0,1010.4,False,27.7,140,1.6,2022,15,FP3
0 days 00:01:22.865000,22.7,41.0,1010.4,False,27.8,209,0.8,2022,15,FP3
0 days 00:02:22.867000,22.6,40.0,1010.4,False,28.0,236,2.5,2022,15,FP3
0 days 00:03:22.867000,22.6,40.0,1010.5,False,28.0,228,2.0,2022,15,FP3
0 days 00:04:22.859000,22.6,41.0,1010.5,False,28.2,244,2.0,2022,15,FP3
0 days 00:05:22.867000,22.7,41.0,1010.5,False,28.4,239,2.2,2022,15,FP3
0 days 00:06:22.871000,22.6,40.0,1010.5,False,28.4,236,1.7,2022,15,FP3
0 days 00:07:22.867000,22.7,40.0,1010.5,False,28.5,186,2.0,2022,15,FP3
0 days 00:08:22.866000,22.7,40.0,1010.4,False,28.4,171,1.8,2022,15,FP3
0 days 00:09:22.866000,22.7,40.0,1010.7,False,28.5,234,1.1,2022,15,FP3
0 days 00:10:22.871000,22.8,40.0,1010.5,False,28.7,218,0.8,2022,15,FP3
0 days 00:11:22.865000,22.9,40.0,1010.5,False,28.8,168,1.0,2022,15,FP3
0 days 00:12:22.863000,23.0,40.0,1010.5,False,28.9,259,1.0,2022,15,FP3
0 days 00:13:22.869000,23.0,40.0,1010.5,False,28.9,20,0.8,2022,15,FP3
0 days 00:14:22.866000,23.1,40.0,1010.5,False,29.3,207,0.8,2022,15,FP3
0 days 00:15:22.869000,23.1,40.0,1010.5,False,29.3,204,0.6,2022,15,FP3
0 days 00:16:22.866000,23.1,39.0,1010.5,False,29.4,221,1.0,2022,15,FP3
0 days 00:17:22.895000,23.2,39.0,1010.5,False,29.4,215,1.0,2022,15,FP3
0 days 00:18:22.867000,23.1,39.0,1010.5,False,29.4,135,1.8,2022,15,FP3
0 days 00:19:22.886000,23.1,39.0,1010.5,False,29.6,146,1.2,2022,15,FP3
0 days 00:20:22.905000,23.1,39.0,1010.5,False,29.6,224,0.6,2022,15,FP3
0 days 00:21:22.917000,23.2,39.0,1010.5,False,29.6,220,1.3,2022,15,FP3
0 days 00:22:22.916000,23.3,39.0,1010.5,False,29.6,0,1.2,2022,15,FP3
0 days 00:23:22.917000,23.3,39.0,1010.5,False,29.6,139,0.6,2022,15,FP3
0 days 00:24:22.915000,23.3,39.0,1010.5,False,29.6,323,0.8,2022,15,FP3
0 days 00:25:22.913000,23.1,39.0,1010.5,False,30.1,221,0.8,2022,15,FP3
0 days 00:26:22.913000,23.2,39.0,1010.5,False,30.1,177,1.1,2022,15,FP3
0 days 00:27:22.916000,23.2,39.0,1010.4,False,30.1,10,1.7,2022,15,FP3
0 days 00:28:22.915000,23.1,39.0,1010.5,False,30.2,261,1.3,2022,15,FP3
0 days 00:29:22.919000,23.3,39.0,1010.5,False,30.6,90,1.2,2022,15,FP3
0 days 00:30:22.929000,23.4,39.0,1010.5,False,30.7,218,0.6,2022,15,FP3
0 days 00:31:22.951000,23.5,38.0,1010.5,False,30.8,243,1.7,2022,15,FP3
0 days 00:32:22.961000,23.5,38.0,1010.5,False,30.7,220,1.2,2022,15,FP3
0 days 00:33:22.962000,23.6,38.0,1010.5,False,30.8,234,2.0,2022,15,FP3
0 days 00:34:22.961000,23.6,38.0,1010.5,False,31.0,206,1.5,2022,15,FP3
0 days 00:35:22.980000,23.7,38.0,1010.5,False,31.3,247,2.0,2022,15,FP3
0 days 00:36:22.995000,23.7,38.0,1010.5,False,31.3,202,0.8,2022,15,FP3
0 days 00:37:22.995000,23.7,38.0,1010.4,False,31.3,214,2.2,2022,15,FP3
0 days 00:38:22.999000,23.7,38.0,1010.4,False,31.4,176,2.5,2022,15,FP3
0 days 00:39:22.996000,23.7,38.0,1010.5,False,31.4,200,1.8,2022,15,FP3
0 days 00:40:22.995000,23.8,38.0,1010.5,False,31.4,222,1.5,2022,15,FP3
0 days 00:41:22.996000,23.9,37.0,1010.4,False,31.6,242,1.3,2022,15,FP3
0 days 00:42:22.996000,24.0,37.0,1010.5,False,31.7,213,2.5,2022,15,FP3
0 days 00:43:22.994000,24.0,37.0,1010.5,False,31.8,218,3.4,2022,15,FP3
0 days 00:44:23.005000,23.9,38.0,1010.4,False,31.5,196,3.2,2022,15,FP3
0 days 00:45:23.017000,23.9,38.0,1010.5,False,31.7,249,2.7,2022,15,FP3
0 days 00:46:22.999000,24.0,38.0,1010.4,False,31.8,272,1.6,2022,15,FP3
0 days 00:47:22.996000,24.0,37.0,1010.4,False,32.1,223,1.7,2022,15,FP3
0 days 00:48:22.995000,24.0,37.0,1010.4,False,32.2,250,2.7,2022,15,FP3
0 days 00:49:22.995000,24.1,37.0,1010.4,False,32.4,238,2.4,2022,15,FP3
0 days 00:50:22.997000,23.9,37.0,1010.4,False,32.4,254,1.3,2022,15,FP3
0 days 00:51:22.999000,23.9,37.0,1010.4,False,32.4,219,1.0,2022,15,FP3
0 days 00:52:23,23.9,37.0,1010.4,False,32.5,127,1.8,2022,15,FP3
0 days 00:53:22.998000,24.0,37.0,1010.4,False,32.6,280,0.8,2022,15,FP3
0 days 00:54:23.005000,24.1,37.0,1010.4,False,32.7,100,0.8,2022,15,FP3
0 days 00:55:23.034000,24.1,37.0,1010.4,False,32.8,118,1.2,2022,15,FP3
0 days 00:56:22.993000,24.2,37.0,1010.4,False,32.8,333,0.4,2022,15,FP3
0 days 00:57:22.996000,24.3,37.0,1010.2,False,32.8,198,1.2,2022,15,FP3
0 days 00:58:22.996000,24.4,37.0,1010.4,False,33.3,219,2.0,2022,15,FP3
0 days 00:59:23.001000,24.6,36.0,1010.4,False,33.1,228,2.2,2022,15,FP3
0 days 01:00:22.988000,24.6,36.0,1010.4,False,33.1,227,2.2,2022,15,FP3
0 days 01:01:23,24.6,37.0,1010.4,False,33.1,209,3.9,2022,15,FP3
0 days 01:02:23.002000,24.3,37.0,1010.2,False,33.0,179,2.4,2022,15,FP3
0 days 01:03:23.010000,24.3,37.0,1010.4,False,33.1,214,1.3,2022,15,FP3
0 days 01:04:23.018000,24.3,36.0,1010.2,False,33.2,12,1.6,2022,15,FP3
0 days 01:05:22.998000,24.5,36.0,1010.4,False,33.8,195,1.2,2022,15,FP3
0 days 01:06:23.005000,24.6,36.0,1010.4,False,33.8,192,1.5,2022,15,FP3
0 days 01:07:22.999000,24.7,36.0,1010.2,False,33.9,217,2.0,2022,15,FP3
0 days 01:08:23.001000,24.6,36.0,1010.4,False,33.9,218,2.0,2022,15,FP3
0 days 01:09:22.997000,24.8,36.0,1010.2,False,33.8,222,2.5,2022,15,FP3
0 days 01:10:22.998000,24.8,36.0,1010.4,False,33.8,213,2.2,2022,15,FP3
0 days 01:11:23.005000,24.7,35.0,1010.4,False,33.8,241,3.2,2022,15,FP3
0 days 01:12:23,24.6,37.0,1010.2,False,34.0,100,2.5,2022,15,FP3
0 days 01:13:22.996000,24.6,37.0,1010.4,False,34.1,249,1.1,2022,15,FP3
0 days 01:14:23.014000,24.7,37.0,1010.2,False,34.1,214,2.0,2022,15,FP3
0 days 01:15:23.029000,24.7,36.0,1010.2,False,34.3,223,2.2,2022,15,FP3
0 days 01:16:23.045000,24.7,36.0,1010.2,False,34.3,197,3.5,2022,15,FP3
0 days 01:17:23.045000,24.7,35.0,1010.2,False,34.3,211,2.5,2022,15,FP3
0 days 01:18:23.041000,24.8,35.0,1010.4,False,34.3,220,3.4,2022,15,FP3
0 days 01:19:23.051000,24.8,35.0,1010.2,False,34.3,207,1.7,2022,15,FP3
0 days 01:20:23.057000,25.0,35.0,1010.2,False,34.3,236,1.5,2022,15,FP3
0 days 01:21:23.076000,25.0,36.0,1010.2,False,34.3,236,2.2,2022,15,FP3
0 days 01:22:23.093000,24.9,35.0,1010.4,False,34.3,216,2.2,2022,15,FP3
0 days 00:00:31.270000,25.5,45.0,992.9,False,38.9,119,1.1,2022,16,FP3
0 days 00:01:31.284000,25.4,45.0,992.9,False,38.9,249,0.4,2022,16,FP3
0 days 00:02:31.286000,25.5,45.0,992.9,False,39.0,297,0.6,2022,16,FP3
0 days 00:03:31.301000,25.5,45.0,992.9,False,39.2,298,0.8,2022,16,FP3
0 days 00:04:31.300000,25.5,44.0,992.9,False,39.5,340,0.6,2022,16,FP3
0 days 00:05:31.300000,25.5,44.0,992.9,False,39.9,163,1.2,2022,16,FP3
0 days 00:06:31.316000,25.4,43.0,992.7,False,39.9,178,1.1,2022,16,FP3
0 days 00:07:31.315000,25.3,43.0,992.9,False,40.1,0,0.5,2022,16,FP3
0 days 00:08:31.333000,25.4,43.0,992.9,False,40.4,176,1.2,2022,16,FP3
0 days 00:09:31.336000,25.6,42.0,992.7,False,40.1,329,1.2,2022,16,FP3
0 days 00:10:31.348000,25.6,41.0,992.7,False,39.8,169,1.0,2022,16,FP3
0 days 00:11:31.352000,25.8,42.0,992.7,False,39.8,184,0.5,2022,16,FP3
0 days 00:12:31.363000,25.8,42.0,992.7,False,39.2,206,1.2,2022,16,FP3
0 days 00:13:31.381000,25.8,42.0,992.5,False,39.6,171,1.6,2022,16,FP3
0 days 00:14:31.374000,25.7,42.0,992.7,False,39.6,201,2.2,2022,16,FP3
0 days 00:15:31.364000,25.7,41.0,992.7,False,40.1,173,1.8,2022,16,FP3
0 days 00:16:31.365000,25.6,42.0,992.7,False,40.1,173,2.5,2022,16,FP3
0 days 00:17:31.366000,25.5,42.0,992.5,False,40.2,166,2.9,2022,16,FP3
0 days 00:18:31.365000,25.5,43.0,992.7,False,40.2,162,1.2,2022,16,FP3
0 days 00:19:31.379000,25.4,43.0,992.5,False,40.2,163,1.2,2022,16,FP3
0 days 00:20:31.382000,25.4,44.0,992.5,False,39.9,219,1.3,2022,16,FP3
0 days 00:21:31.380000,25.4,43.0,992.5,False,39.9,0,1.3,2022,16,FP3
0 days 00:22:31.395000,25.6,42.0,992.7,False,40.5,185,0.6,2022,16,FP3
0 days 00:23:31.399000,25.6,41.0,992.5,False,40.9,179,1.7,2022,16,FP3
0 days 00:24:31.394000,25.7,42.0,992.5,False,40.9,173,1.3,2022,16,FP3
0 days 00:25:31.394000,25.7,42.0,992.5,False,40.9,186,1.7,2022,16,FP3
0 days 00:26:31.393000,25.8,41.0,992.5,False,40.8,199,1.3,2022,16,FP3
0 days 00:27:31.398000,25.7,41.0,992.5,False,40.6,173,1.3,2022,16,FP3
0 days 00:28:31.398000,25.7,42.0,992.5,False,40.6,181,1.7,2022,16,FP3
0 days 00:29:31.397000,25.7,42.0,992.5,False,40.6,179,1.1,2022,16,FP3
0 days 00:30:31.397000,25.6,41.0,992.5,False,40.3,145,1.7,2022,16,FP3
0 days 00:31:31.396000,25.6,42.0,992.5,False,40.3,164,1.2,2022,16,FP3
0 days 00:32:31.398000,25.6,42.0,992.5,False,40.8,162,2.5,2022,16,FP3
0 days 00:33:31.396000,25.4,43.0,992.5,False,41.0,103,2.2,2022,16,FP3
0 days 00:34:31.395000,25.4,43.0,992.5,False,41.0,254,1.1,2022,16,FP3
0 days 00:35:31.396000,25.6,42.0,992.5,False,41.1,280,1.3,2022,16,FP3
0 days 00:36:31.396000,25.8,41.0,992.5,False,41.1,269,1.2,2022,16,FP3
0 days 00:37:31.414000,25.8,42.0,992.5,False,40.7,205,1.0,2022,16,FP3
0 days 00:38:31.422000,26.0,41.0,992.5,False,40.7,213,1.2,2022,16,FP3
0 days 00:39:31.425000,26.0,40.0,992.5,False,41.0,65,0.8,2022,16,FP3
0 days 00:40:31.441000,25.9,40.0,992.4,False,40.8,254,1.0,2022,16,FP3
0 days 00:41:31.442000,25.9,41.0,992.5,False,40.7,212,1.2,2022,16,FP3
0 days 00:42:31.461000,26.0,40.0,992.5,False,40.7,327,0.5,2022,16,FP3
0 days 00:43:31.466000,26.0,39.0,992.5,False,41.3,51,0.6,2022,16,FP3
0 days 00:44:31.474000,25.9,39.0,992.5,False,40.9,212,1.5,2022,16,FP3
0 days 00:45:31.494000,25.8,40.0,992.4,False,40.7,217,0.8,2022,16,FP3
0 days 00:46:31.500000,25.9,40.0,992.5,False,40.7,317,0.4,2022,16,FP3
0 days 00:47:31.489000,25.9,39.0,992.4,False,41.0,274,0.8,2022,16,FP3
0 days 00:48:31.491000,25.8,40.0,992.4,False,41.2,218,1.0,2022,16,FP3
0 days 00:49:31.490000,25.9,39.0,992.4,False,41.2,188,0.6,2022,16,FP3
0 days 00:50:31.522000,25.8,39.0,992.4,False,41.0,2,0.8,2022,16,FP3
0 days 00:51:31.508000,25.8,40.0,992.4,False,40.9,42,1.2,2022,16,FP3
0 days 00:52:31.524000,25.8,40.0,992.2,False,41.2,33,1.2,2022,16,FP3
0 days 00:53:31.511000,25.8,40.0,992.4,False,41.2,49,1.0,2022,16,FP3
0 days 00:54:31.523000,25.8,41.0,992.2,False,41.1,0,0.6,2022,16,FP3
0 days 00:55:31.522000,25.7,41.0,992.2,False,40.8,45,0.0,2022,16,FP3
0 days 00:56:31.523000,25.7,40.0,992.2,False,40.8,46,0.6,2022,16,FP3
0 days 00:57:31.521000,25.8,40.0,992.2,False,41.6,12,1.6,2022,16,FP3
0 days 00:58:31.523000,25.8,40.0,992.2,False,41.6,353,0.8,2022,16,FP3
0 days 00:59:31.522000,25.9,39.0,992.2,False,41.6,179,0.5,2022,16,FP3
0 days 01:00:31.524000,26.1,41.0,992.4,False,41.6,210,1.0,2022,16,FP3
0 days 01:01:31.521000,26.2,41.0,992.2,False,41.5,185,1.8,2022,16,FP3
0 days 01:02:31.524000,26.2,40.0,992.2,False,42.0,0,1.5,2022,16,FP3
0 days 01:03:31.529000,26.2,41.0,992.2,False,42.0,178,1.1,2022,16,FP3
0 days 01:04:31.522000,26.3,41.0,992.2,False,41.7,186,2.7,2022,16,FP3
0 days 01:05:31.532000,26.5,40.0,992.2,False,42.3,180,2.2,2022,16,FP3
0 days 01:06:31.523000,26.6,41.0,992.2,False,42.3,174,2.0,2022,16,FP3
0 days 01:07:31.522000,26.6,41.0,992.2,False,42.3,175,1.7,2022,16,FP3
0 days 01:08:31.525000,26.7,41.0,992.2,False,42.4,177,2.4,2022,16,FP3
0 days 01:09:31.524000,26.6,41.0,992.2,False,42.4,223,1.7,2022,16,FP3
0 days 01:10:31.529000,26.6,42.0,992.2,False,42.3,226,1.0,2022,16,FP3
0 days 01:11:31.522000,26.7,40.0,992.2,False,42.3,187,0.6,2022,16,FP3
0 days 01:12:31.523000,26.8,40.0,992.2,False,41.6,174,2.2,2022,16,FP3
0 days 01:13:31.527000,26.8,41.0,992.2,False,41.6,181,1.6,2022,16,FP3
0 days 01:14:31.524000,26.6,41.0,992.2,False,42.5,224,0.8,2022,16,FP3
0 days 01:15:31.534000,26.6,41.0,992.2,False,42.2,209,1.2,2022,16,FP3
0 days 01:16:31.524000,26.7,40.0,992.2,False,42.2,319,1.2,2022,16,FP3
0 days 01:17:31.532000,26.8,40.0,992.2,False,42.0,156,1.2,2022,16,FP3
0 days 01:18:31.538000,26.8,39.0,992.2,False,42.0,98,0.6,2022,16,FP3
0 days 01:19:31.583000,26.8,40.0,992.2,False,41.8,293,0.6,2022,16,FP3
0 days 01:20:31.571000,26.7,39.0,992.2,False,41.6,336,1.2,2022,16,FP3
0 days 00:00:13.448000,26.4,89.0,1007.0,True,29.1,167,1.1,2022,17,FP3
0 days 00:01:13.444000,26.4,89.0,1007.2,True,29.1,138,0.8,2022,17,FP3
0 days 00:02:13.455000,26.4,89.0,1007.2,True,29.1,131,1.0,2022,17,FP3
0 days 00:03:13.464000,26.3,90.0,1007.2,True,29.2,110,1.0,2022,17,FP3
0 days 00:04:13.463000,26.3,90.0,1007.0,True,29.3,115,0.8,2022,17,FP3
0 days 00:05:13.465000,26.3,90.0,1007.2,True,29.3,128,0.3,2022,17,FP3
0 days 00:06:13.466000,26.3,90.0,1007.2,True,29.3,130,0.6,2022,17,FP3
0 days 00:07:13.465000,26.3,90.0,1007.0,True,29.4,0,0.4,2022,17,FP3
0 days 00:08:13.464000,26.3,90.0,1007.2,True,29.4,42,0.5,2022,17,FP3
0 days 00:09:13.469000,26.2,90.0,1007.2,True,29.4,7,0.8,2022,17,FP3
0 days 00:10:13.469000,26.2,90.0,1007.2,True,29.1,7,1.3,2022,17,FP3
0 days 00:11:13.464000,26.2,90.0,1007.2,True,29.0,16,1.5,2022,17,FP3
0 days 00:12:13.471000,26.2,90.0,1007.2,True,29.0,16,1.2,2022,17,FP3
0 days 00:13:13.481000,26.2,91.0,1007.2,True,28.8,7,0.8,2022,17,FP3
0 days 00:14:13.538000,26.2,90.0,1007.2,True,29.2,1,1.3,2022,17,FP3
0 days 00:15:13.500000,26.2,90.0,1007.2,True,29.2,10,1.8,2022,17,FP3
0 days 00:16:13.496000,26.2,90.0,1007.2,True,29.1,8,1.2,2022,17,FP3
0 days 00:17:13.501000,26.1,91.0,1007.4,True,28.6,24,1.2,2022,17,FP3
0 days 00:18:13.529000,26.2,90.0,1007.4,True,28.6,5,1.0,2022,17,FP3
0 days 00:19:13.505000,26.1,90.0,1007.4,True,28.8,8,1.1,2022,17,FP3
0 days 00:20:13.512000,26.1,90.0,1007.4,True,28.8,68,1.2,2022,17,FP3
0 days 00:21:13.513000,26.1,90.0,1007.4,True,28.8,63,0.6,2022,17,FP3
0 days 00:22:13.516000,26.0,91.0,1007.4,True,28.8,45,0.5,2022,17,FP3
0 days 00:23:13.514000,25.9,90.0,1007.4,True,29.1,8,0.8,2022,17,FP3
0 days 00:24:13.511000,25.9,91.0,1007.5,False,29.1,5,1.1,2022,17,FP3
0 days 00:25:13.513000,25.9,91.0,1007.5,False,29.1,9,1.2,2022,17,FP3
0 days 00:26:13.512000,25.9,90.0,1007.5,False,29.2,3,1.2,2022,17,FP3
0 days 00:27:13.512000,25.9,91.0,1007.7,False,29.2,30,1.2,2022,17,FP3
0 days 00:28:13.514000,25.9,91.0,1007.7,False,29.2,4,0.8,2022,17,FP3
0 days 00:29:13.517000,25.9,90.0,1007.5,False,29.2,353,1.5,2022,17,FP3
0 days 00:30:13.529000,26.0,91.0,1007.7,False,29.2,9,1.2,2022,17,FP3
0 days 00:31:13.545000,26.0,89.0,1007.5,False,29.4,6,2.0,2022,17,FP3
0 days 00:32:13.557000,25.9,90.0,1007.5,False,29.4,4,1.6,2022,17,FP3
0 days 00:33:13.560000,25.9,90.0,1007.5,True,29.2,14,1.8,2022,17,FP3
0 days 00:34:13.575000,25.9,90.0,1007.5,True,29.1,12,1.1,2022,17,FP3
0 days 00:35:13.605000,25.9,89.0,1007.5,False,28.8,14,1.0,2022,17,FP3
0 days 00:36:13.595000,25.8,89.0,1007.5,False,28.8,83,0.6,2022,17,FP3
0 days 00:37:13.593000,25.8,88.0,1007.5,False,28.8,38,0.8,2022,17,FP3
0 days 00:38:13.592000,25.8,88.0,1007.5,False,29.1,5,0.6,2022,17,FP3
0 days 00:39:13.592000,25.9,89.0,1007.5,False,29.1,37,0.6,2022,17,FP3
0 days 00:40:13.594000,25.9,88.0,1007.5,False,29.3,3,0.6,2022,17,FP3
0 days 00:41:13.592000,25.8,87.0,1007.4,False,29.3,16,0.8,2022,17,FP3
0 days 00:42:13.592000,25.8,88.0,1007.5,False,29.3,95,1.0,2022,17,FP3
0 days 00:43:13.594000,25.8,87.0,1007.5,False,29.2,5,0.4,2022,17,FP3
0 days 00:44:13.593000,25.8,87.0,1007.5,False,28.8,5,1.1,2022,17,FP3
0 days 00:45:13.597000,25.8,87.0,1007.5,False,28.8,6,1.1,2022,17,FP3
0 days 00:46:13.581000,25.8,87.0,1007.5,False,28.8,17,1.1,2022,17,FP3
0 days 00:47:13.596000,25.8,87.0,1007.4,False,29.0,3,1.0,2022,17,FP3
0 days 00:48:13.592000,25.9,86.0,1007.5,False,29.0,7,1.2,2022,17,FP3
0 days 00:49:13.592000,25.9,86.0,1007.5,False,29.1,44,1.6,2022,17,FP3
0 days 00:50:13.593000,25.9,85.0,1007.4,False,29.0,23,1.2,2022,17,FP3
0 days 00:51:13.595000,25.8,86.0,1007.4,False,28.6,358,1.3,2022,17,FP3
0 days 00:52:13.592000,25.8,86.0,1007.5,False,28.6,20,1.3,2022,17,FP3
0 days 00:53:13.592000,25.8,86.0,1007.2,False,28.6,8,1.3,2022,17,FP3
0 days 00:54:13.593000,25.9,86.0,1007.2,False,28.5,0,1.0,2022,17,FP3
0 days 00:55:13.591000,26.0,86.0,1007.4,False,28.4,0,0.6,2022,17,FP3
0 days 00:56:13.593000,26.0,86.0,1007.4,False,28.4,72,0.5,2022,17,FP3
0 days 00:57:13.595000,26.0,86.0,1007.4,False,28.4,37,0.8,2022,17,FP3
0 days 00:58:13.593000,25.9,85.0,1007.4,False,28.4,80,1.0,2022,17,FP3
0 days 00:59:13.594000,25.9,86.0,1007.4,False,28.4,36,0.6,2022,17,FP3
0 days 01:00:13.594000,25.9,86.0,1007.4,False,28.4,36,0.6,2022,17,FP3
0 days 01:01:13.584000,26.0,86.0,1007.2,False,28.4,146,0.6,2022,17,FP3
0 days 01:02:13.602000,26.0,86.0,1007.2,False,28.5,169,0.0,2022,17,FP3
0 days 01:03:13.594000,25.9,86.0,1007.4,False,28.5,166,0.6,2022,17,FP3
0 days 01:04:13.596000,25.9,85.0,1007.4,False,28.6,0,0.8,2022,17,FP3
0 days 01:05:13.596000,25.9,85.0,1007.4,False,28.5,73,0.5,2022,17,FP3
0 days 01:06:13.600000,25.9,86.0,1007.4,False,28.5,177,0.6,2022,17,FP3
0 days 01:07:13.610000,26.0,86.0,1007.4,False,28.4,152,0.6,2022,17,FP3
0 days 01:08:13.611000,26.0,86.0,1007.4,False,28.4,152,0.6,2022,17,FP3
0 days 01:09:13.610000,26.0,86.0,1007.4,False,28.4,152,0.6,2022,17,FP3
0 days 01:10:13.609000,25.8,86.0,1007.4,False,28.4,152,0.6,2022,17,FP3
0 days 01:11:13.627000,25.8,86.0,1007.4,False,28.4,152,0.6,2022,17,FP3
0 days 01:12:13.683000,26.1,86.0,1007.4,False,28.6,162,1.0,2022,17,FP3
0 days 01:13:13.664000,26.1,85.0,1007.4,False,28.6,154,0.8,2022,17,FP3
0 days 01:14:13.689000,26.1,85.0,1007.4,False,28.6,158,0.5,2022,17,FP3
0 days 01:15:13.694000,26.1,85.0,1007.2,False,28.5,68,1.6,2022,17,FP3
0 days 01:16:13.689000,26.1,85.0,1007.4,False,28.3,149,0.8,2022,17,FP3
0 days 01:17:13.700000,26.1,85.0,1007.2,False,28.1,158,0.8,2022,17,FP3
0 days 01:18:13.691000,26.1,85.0,1007.2,False,28.1,0,0.3,2022,17,FP3
0 days 01:19:13.689000,26.1,85.0,1007.4,False,28.1,338,0.4,2022,17,FP3
0 days 01:20:13.708000,26.2,85.0,1007.4,False,27.9,30,0.4,2022,17,FP3
0 days 01:21:13.707000,26.2,85.0,1007.4,False,27.9,0,0.8,2022,17,FP3
0 days 01:22:13.706000,26.2,85.0,1007.4,False,27.8,119,0.0,2022,17,FP3
0 days 00:00:41.341000,21.5,51.0,1014.0,False,30.4,322,3.5,2022,18,FP3
0 days 00:01:41.340000,21.6,52.0,1014.0,False,30.5,311,4.0,2022,18,FP3
0 days 00:02:41.339000,21.6,52.0,1014.0,False,30.4,304,3.7,2022,18,FP3
0 days 00:03:41.340000,21.5,51.0,1014.2,False,30.4,340,4.6,2022,18,FP3
0 days 00:04:41.337000,21.5,51.0,1014.2,False,30.1,319,4.0,2022,18,FP3
0 days 00:05:41.354000,21.5,51.0,1014.2,False,30.1,294,4.3,2022,18,FP3
0 days 00:06:41.355000,21.5,51.0,1014.2,False,30.3,302,3.4,2022,18,FP3
0 days 00:07:41.370000,21.6,51.0,1014.2,False,30.5,342,3.2,2022,18,FP3
0 days 00:08:41.393000,21.6,51.0,1014.2,False,30.5,313,3.5,2022,18,FP3
0 days 00:09:41.385000,21.6,52.0,1014.2,False,30.8,301,4.0,2022,18,FP3
0 days 00:10:41.386000,21.6,51.0,1014.2,False,30.7,340,3.5,2022,18,FP3
0 days 00:11:41.387000,21.7,52.0,1014.2,False,30.7,313,3.7,2022,18,FP3
0 days 00:12:41.393000,21.6,52.0,1014.2,False,30.7,320,4.5,2022,18,FP3
0 days 00:13:41.408000,21.6,51.0,1014.2,False,30.7,327,5.1,2022,18,FP3
0 days 00:14:41.417000,21.6,52.0,1014.2,False,30.6,298,4.0,2022,18,FP3
0 days 00:15:41.431000,21.6,52.0,1014.2,False,30.4,313,4.0,2022,18,FP3
0 days 00:16:41.417000,21.5,52.0,1014.2,False,30.3,308,4.5,2022,18,FP3
0 days 00:17:41.417000,21.5,52.0,1014.0,False,30.2,311,4.3,2022,18,FP3
0 days 00:18:41.418000,21.4,52.0,1014.0,False,30.1,316,4.6,2022,18,FP3
0 days 00:19:41.433000,21.4,52.0,1014.0,False,30.1,315,3.2,2022,18,FP3
0 days 00:20:41.434000,21.4,52.0,1014.0,False,30.2,328,3.0,2022,18,FP3
0 days 00:21:41.435000,21.5,52.0,1014.0,False,30.3,323,4.0,2022,18,FP3
0 days 00:22:41.450000,21.5,52.0,1014.0,False,30.2,320,3.4,2022,18,FP3
0 days 00:23:41.464000,21.5,51.0,1013.9,False,30.1,337,3.0,2022,18,FP3
0 days 00:24:41.481000,21.5,51.0,1013.9,False,30.0,346,4.5,2022,18,FP3
0 days 00:25:41.496000,21.5,52.0,1013.9,False,30.0,302,3.9,2022,18,FP3
0 days 00:26:41.497000,21.6,52.0,1013.7,False,30.0,335,3.0,2022,18,FP3
0 days 00:27:41.510000,21.6,52.0,1013.7,False,30.0,313,3.0,2022,18,FP3
0 days 00:28:41.528000,21.6,51.0,1013.7,False,30.0,329,3.2,2022,18,FP3
0 days 00:29:41.530000,21.6,52.0,1013.7,False,30.0,327,3.4,2022,18,FP3
0 days 00:30:41.547000,21.7,51.0,1013.9,False,30.1,308,3.2,2022,18,FP3
0 days 00:31:41.541000,21.7,51.0,1013.7,False,30.2,306,4.5,2022,18,FP3
0 days 00:32:41.543000,21.6,51.0,1013.9,False,30.1,307,4.8,2022,18,FP3
0 days 00:33:41.543000,21.6,51.0,1013.7,False,30.1,312,4.8,2022,18,FP3
0 days 00:34:41.543000,21.6,51.0,1013.9,False,30.1,334,4.4,2022,18,FP3
0 days 00:35:41.553000,21.6,51.0,1013.9,False,30.0,320,3.9,2022,18,FP3
0 days 00:36:41.556000,21.5,50.0,1013.9,False,29.9,332,4.6,2022,18,FP3
0 days 00:37:41.551000,21.5,51.0,1014.0,False,29.8,306,3.5,2022,18,FP3
0 days 00:38:41.541000,21.5,50.0,1014.0,False,29.7,298,3.5,2022,18,FP3
0 days 00:39:41.545000,21.5,50.0,1014.0,False,29.8,297,2.9,2022,18,FP3
0 days 00:40:41.559000,21.5,51.0,1014.0,False,29.7,314,2.7,2022,18,FP3
0 days 00:41:41.561000,21.4,51.0,1014.0,False,29.8,318,4.8,2022,18,FP3
0 days 00:42:41.575000,21.4,50.0,1014.0,False,29.8,318,3.7,2022,18,FP3
0 days 00:43:41.574000,21.4,50.0,1014.0,False,29.7,339,4.0,2022,18,FP3
0 days 00:44:41.591000,21.3,51.0,1014.0,False,29.7,303,4.0,2022,18,FP3
0 days 00:45:41.595000,21.3,51.0,1013.9,False,29.5,310,3.4,2022,18,FP3
0 days 00:46:41.623000,21.3,51.0,1013.7,False,29.5,296,3.0,2022,18,FP3
0 days 00:47:41.644000,21.3,51.0,1013.7,False,29.5,312,4.9,2022,18,FP3
0 days 00:48:41.638000,21.1,51.0,1013.7,False,29.7,311,4.8,2022,18,FP3
0 days 00:49:41.653000,21.0,52.0,1013.7,False,29.7,318,4.8,2022,18,FP3
0 days 00:50:41.651000,21.0,52.0,1013.9,False,29.7,306,4.3,2022,18,FP3
0 days 00:51:41.684000,21.0,52.0,1013.9,False,29.6,307,3.5,2022,18,FP3
0 days 00:52:41.675000,21.1,52.0,1013.9,False,29.6,338,3.7,2022,18,FP3
0 days 00:53:41.699000,21.1,52.0,1014.0,False,29.6,324,4.0,2022,18,FP3
0 days 00:54:41.701000,21.0,52.0,1014.0,False,29.6,319,4.3,2022,18,FP3
0 days 00:55:41.715000,21.0,52.0,1014.0,False,29.5,297,3.0,2022,18,FP3
0 days 00:56:41.717000,21.0,52.0,1014.0,False,29.6,315,3.2,2022,18,FP3
0 days 00:57:41.749000,21.0,52.0,1014.0,False,29.6,316,3.7,2022,18,FP3
0 days 00:58:41.780000,21.0,52.0,1014.0,False,29.6,314,4.0,2022,18,FP3
0 days 00:59:41.730000,21.0,52.0,1014.0,False,29.5,321,3.9,2022,18,FP3
0 days 01:00:41.750000,21.0,52.0,1014.2,False,29.5,303,4.0,2022,18,FP3
0 days 01:01:41.762000,21.0,53.0,1014.0,False,29.5,333,3.0,2022,18,FP3
0 days 01:02:41.769000,21.0,52.0,1014.0,False,29.5,311,3.5,2022,18,FP3
0 days 01:03:41.778000,20.9,52.0,1014.0,False,29.3,321,2.9,2022,18,FP3
0 days 01:04:41.795000,20.9,53.0,1014.0,False,29.3,305,4.1,2022,18,FP3
0 days 01:05:41.804000,20.8,53.0,1014.0,False,29.3,326,3.2,2022,18,FP3
0 days 01:06:41.795000,20.9,53.0,1014.0,False,29.3,342,3.5,2022,18,FP3
0 days 01:07:41.792000,20.9,54.0,1014.0,False,29.1,332,3.7,2022,18,FP3
0 days 01:08:41.793000,20.8,54.0,1014.0,False,29.1,318,2.7,2022,18,FP3
0 days 01:09:41.796000,20.8,53.0,1014.0,False,29.1,284,4.3,2022,18,FP3
0 days 01:10:41.793000,20.7,53.0,1014.0,False,29.1,308,2.9,2022,18,FP3
0 days 01:11:41.792000,20.7,54.0,1014.0,False,29.1,314,3.9,2022,18,FP3
0 days 01:12:41.795000,20.7,54.0,1014.0,False,29.0,316,3.7,2022,18,FP3
0 days 01:13:41.794000,20.7,54.0,1014.0,False,29.0,311,3.0,2022,18,FP3
0 days 01:14:41.794000,20.7,55.0,1014.0,False,28.8,312,2.9,2022,18,FP3
0 days 01:15:41.794000,20.7,54.0,1014.0,False,28.8,311,4.1,2022,18,FP3
0 days 01:16:41.820000,20.6,54.0,1013.9,False,28.7,308,4.4,2022,18,FP3
0 days 01:17:41.813000,20.6,54.0,1014.0,False,28.7,304,4.4,2022,18,FP3
0 days 01:18:41.798000,20.7,54.0,1014.0,False,28.7,308,3.4,2022,18,FP3
0 days 01:19:41.823000,20.6,54.0,1014.0,False,28.7,311,4.0,2022,18,FP3
0 days 01:20:41.840000,20.6,54.0,1014.0,False,28.7,317,3.2,2022,18,FP3
0 days 01:21:41.854000,20.5,54.0,1014.0,False,28.7,338,4.3,2022,18,FP3
0 days 00:00:25.489000,28.5,44.0,993.5,False,38.4,88,2.2,2022,19,FP3
0 days 00:01:25.485000,28.7,44.0,993.4,False,38.2,113,1.3,2022,19,FP3
0 days 00:02:25.487000,28.8,44.0,993.4,False,38.3,106,2.2,2022,19,FP3
0 days 00:03:25.484000,28.7,44.0,993.4,False,38.4,103,2.9,2022,19,FP3
0 days 00:04:25.483000,28.8,43.0,993.5,False,38.8,126,3.7,2022,19,FP3
0 days 00:05:25.484000,28.7,44.0,993.4,False,38.8,111,3.9,2022,19,FP3
0 days 00:06:25.489000,28.7,44.0,993.2,False,38.8,107,5.0,2022,19,FP3
0 days 00:07:25.488000,28.5,45.0,993.2,False,38.8,93,6.0,2022,19,FP3
0 days 00:08:25.485000,28.5,45.0,993.2,False,39.0,114,5.8,2022,19,FP3
0 days 00:09:25.487000,28.5,45.0,993.4,False,39.0,170,3.0,2022,19,FP3
0 days 00:10:25.485000,28.6,44.0,993.2,False,39.1,141,2.4,2022,19,FP3
0 days 00:11:25.485000,28.7,44.0,993.2,False,39.1,121,1.8,2022,19,FP3
0 days 00:12:25.497000,28.7,43.0,993.2,False,39.1,110,3.5,2022,19,FP3
0 days 00:13:25.485000,28.9,43.0,993.2,False,39.4,153,3.9,2022,19,FP3
0 days 00:14:25.493000,28.9,43.0,993.0,False,39.4,161,2.7,2022,19,FP3
0 days 00:15:25.487000,28.9,43.0,993.2,False,39.0,166,3.0,2022,19,FP3
0 days 00:16:25.485000,28.8,43.0,993.0,False,39.0,108,1.7,2022,19,FP3
0 days 00:17:25.489000,28.9,43.0,993.2,False,39.5,103,3.2,2022,19,FP3
0 days 00:18:25.488000,28.9,43.0,993.0,False,39.5,120,4.3,2022,19,FP3
0 days 00:19:25.489000,28.9,43.0,992.9,False,39.6,85,5.9,2022,19,FP3
0 days 00:20:25.502000,28.9,43.0,992.7,False,39.6,96,6.0,2022,19,FP3
0 days 00:21:25.487000,28.8,43.0,993.0,False,39.5,113,5.5,2022,19,FP3
0 days 00:22:25.486000,28.7,44.0,993.0,False,39.7,136,2.9,2022,19,FP3
0 days 00:23:25.488000,28.7,43.0,993.0,False,39.6,90,2.7,2022,19,FP3
0 days 00:24:25.501000,28.8,42.0,992.9,False,39.6,117,2.4,2022,19,FP3
0 days 00:25:25.495000,28.9,42.0,992.9,False,40.0,90,3.5,2022,19,FP3
0 days 00:26:25.486000,28.8,42.0,992.7,False,40.0,108,6.5,2022,19,FP3
0 days 00:27:25.485000,29.0,42.0,992.7,False,39.8,318,5.5,2022,19,FP3
0 days 00:28:25.489000,29.0,43.0,992.9,False,39.8,193,2.0,2022,19,FP3
0 days 00:29:25.488000,29.1,42.0,992.9,False,40.0,113,3.2,2022,19,FP3
0 days 00:30:25.486000,29.3,41.0,993.0,False,40.0,101,5.3,2022,19,FP3
0 days 00:31:25.552000,29.1,41.0,992.9,False,39.7,107,4.0,2022,19,FP3
0 days 00:32:25.488000,29.0,41.0,992.7,False,39.7,112,5.5,2022,19,FP3
0 days 00:33:25.487000,29.0,42.0,992.5,False,39.7,101,4.0,2022,19,FP3
0 days 00:34:25.486000,29.1,42.0,992.7,False,39.7,114,4.6,2022,19,FP3
0 days 00:35:25.489000,29.2,40.0,992.5,False,39.9,141,3.2,2022,19,FP3
0 days 00:36:25.493000,29.3,40.0,992.5,False,40.1,128,3.5,2022,19,FP3
0 days 00:37:25.501000,29.4,40.0,992.7,False,39.9,110,2.5,2022,19,FP3
0 days 00:38:25.497000,29.5,40.0,992.7,False,39.8,107,3.2,2022,19,FP3
0 days 00:39:25.487000,29.4,40.0,992.5,False,39.8,105,4.5,2022,19,FP3
0 days 00:40:25.488000,29.4,41.0,992.0,False,39.8,105,6.0,2022,19,FP3
0 days 00:41:25.490000,29.3,40.0,992.4,False,40.0,104,8.0,2022,19,FP3
0 days 00:42:25.495000,29.3,41.0,992.5,False,39.9,125,6.9,2022,19,FP3
0 days 00:43:25.491000,29.5,40.0,992.5,False,40.0,119,2.2,2022,19,FP3
0 days 00:44:25.489000,29.5,40.0,992.5,False,39.8,125,2.2,2022,19,FP3
0 days 00:45:25.504000,29.5,39.0,992.5,False,39.8,111,3.2,2022,19,FP3
0 days 00:46:25.511000,29.4,40.0,992.4,False,39.7,107,3.2,2022,19,FP3
0 days 00:47:25.519000,29.4,40.0,992.4,False,39.8,103,2.7,2022,19,FP3
0 days 00:48:25.534000,29.3,40.0,992.5,False,39.8,256,1.8,2022,19,FP3
0 days 00:49:25.551000,29.6,39.0,992.2,False,40.0,160,1.6,2022,19,FP3
0 days 00:50:25.534000,29.7,39.0,992.2,False,40.0,166,1.2,2022,19,FP3
0 days 00:51:25.535000,29.7,39.0,992.4,False,39.8,104,1.8,2022,19,FP3
0 days 00:52:25.535000,29.7,39.0,992.4,False,39.8,112,3.5,2022,19,FP3
0 days 00:53:25.535000,29.6,39.0,992.2,False,39.9,106,4.5,2022,19,FP3
0 days 00:54:25.535000,29.5,39.0,992.2,False,39.9,100,5.4,2022,19,FP3
0 days 00:55:25.535000,29.6,40.0,992.0,False,39.9,95,4.5,2022,19,FP3
0 days 00:56:25.555000,29.5,40.0,992.2,False,40.0,103,5.8,2022,19,FP3
0 days 00:57:25.539000,29.4,40.0,992.2,False,40.1,105,3.4,2022,19,FP3
0 days 00:58:25.550000,29.5,39.0,992.2,False,40.2,101,3.7,2022,19,FP3
0 days 00:59:25.550000,29.5,38.0,992.2,False,40.2,113,3.5,2022,19,FP3
0 days 01:00:25.576000,29.6,36.0,992.0,False,40.2,109,3.5,2022,19,FP3
0 days 01:01:25.587000,29.7,37.0,992.0,False,40.2,118,6.1,2022,19,FP3
0 days 01:02:25.598000,29.8,38.0,992.2,False,40.2,158,3.5,2022,19,FP3
0 days 01:03:25.610000,29.7,38.0,992.2,False,40.0,107,2.2,2022,19,FP3
0 days 01:04:25.615000,29.8,38.0,992.2,False,39.7,115,2.5,2022,19,FP3
0 days 01:05:25.614000,29.7,38.0,992.0,False,39.7,99,3.9,2022,19,FP3
0 days 01:06:25.615000,29.7,39.0,992.0,False,39.9,97,4.9,2022,19,FP3
0 days 01:07:25.613000,29.6,39.0,992.0,False,39.7,102,3.7,2022,19,FP3
0 days 01:08:25.614000,29.5,39.0,992.0,False,40.4,106,4.1,2022,19,FP3
0 days 01:09:25.613000,29.5,39.0,992.0,False,40.5,104,5.0,2022,19,FP3
0 days 01:10:25.614000,29.6,39.0,992.0,False,40.3,135,5.8,2022,19,FP3
0 days 01:11:25.619000,29.5,39.0,991.9,False,40.0,110,4.6,2022,19,FP3
0 days 01:12:25.614000,29.5,39.0,991.9,False,40.0,102,6.9,2022,19,FP3
0 days 01:13:25.631000,29.6,39.0,991.7,False,40.0,122,6.0,2022,19,FP3
0 days 01:14:25.616000,29.6,39.0,991.9,False,40.0,105,3.5,2022,19,FP3
0 days 01:15:25.618000,29.6,39.0,991.9,False,40.2,118,3.7,2022,19,FP3
0 days 01:16:25.616000,29.7,39.0,991.7,False,40.1,115,2.9,2022,19,FP3
0 days 01:17:25.645000,29.7,39.0,991.7,False,39.9,106,6.0,2022,19,FP3
0 days 01:18:25.632000,29.6,40.0,991.7,False,39.8,103,7.0,2022,19,FP3
0 days 01:19:25.645000,29.7,40.0,991.7,False,39.9,113,7.0,2022,19,FP3
0 days 01:20:25.665000,29.6,40.0,991.7,False,39.9,114,5.0,2022,19,FP3
0 days 01:21:25.661000,29.6,39.0,991.7,False,39.9,110,3.5,2022,19,FP3
0 days 00:00:05.373000,19.5,59.0,785.9,False,36.0,95,1.6,2022,20,FP3
0 days 00:01:05.372000,19.7,59.0,785.9,False,36.4,132,2.4,2022,20,FP3
0 days 00:02:05.375000,19.7,58.0,785.9,False,36.7,91,1.2,2022,20,FP3
0 days 00:03:05.374000,19.7,58.0,785.9,False,36.7,66,1.0,2022,20,FP3
0 days 00:04:05.374000,19.7,58.0,785.9,False,36.7,318,1.1,2022,20,FP3
0 days 00:05:05.375000,19.9,58.0,785.7,False,37.0,307,1.3,2022,20,FP3
0 days 00:06:05.373000,19.7,58.0,785.9,False,37.1,117,0.6,2022,20,FP3
0 days 00:07:05.374000,20.0,58.0,785.9,False,37.0,113,1.7,2022,20,FP3
0 days 00:08:05.374000,19.9,58.0,785.9,False,37.0,87,3.0,2022,20,FP3
0 days 00:09:05.375000,19.8,58.0,785.9,False,37.7,84,2.0,2022,20,FP3
0 days 00:10:05.374000,19.7,59.0,785.9,False,37.3,138,1.3,2022,20,FP3
0 days 00:11:05.363000,19.6,59.0,785.9,False,37.6,343,0.8,2022,20,FP3
0 days 00:12:05.383000,19.8,60.0,785.9,False,37.4,0,0.6,2022,20,FP3
0 days 00:13:05.374000,19.7,59.0,785.7,False,37.6,250,0.4,2022,20,FP3
0 days 00:14:05.376000,19.8,59.0,785.7,False,37.9,81,0.8,2022,20,FP3
0 days 00:15:05.375000,19.9,58.0,785.7,False,38.4,80,1.7,2022,20,FP3
0 days 00:16:05.444000,19.9,58.0,785.7,False,38.3,100,2.4,2022,20,FP3
0 days 00:17:05.403000,20.0,58.0,785.7,False,38.2,4,0.8,2022,20,FP3
0 days 00:18:05.377000,20.1,59.0,785.7,False,38.0,14,1.2,2022,20,FP3
0 days 00:19:05.379000,20.1,59.0,785.5,False,38.0,100,1.2,2022,20,FP3
0 days 00:20:05.366000,20.3,58.0,785.7,False,38.7,82,2.0,2022,20,FP3
0 days 00:21:05.381000,20.3,58.0,785.7,False,38.7,103,2.2,2022,20,FP3
0 days 00:22:05.375000,20.2,58.0,785.7,False,38.8,71,1.5,2022,20,FP3
0 days 00:23:05.376000,20.2,58.0,785.5,False,38.9,84,1.7,2022,20,FP3
0 days 00:24:05.384000,20.4,58.0,785.5,False,39.0,155,1.6,2022,20,FP3
0 days 00:25:05.377000,20.5,58.0,785.5,False,39.0,118,1.0,2022,20,FP3
0 days 00:26:05.376000,20.7,57.0,785.5,False,39.3,141,1.5,2022,20,FP3
0 days 00:27:05.382000,20.8,57.0,785.7,False,39.7,181,0.5,2022,20,FP3
0 days 00:28:05.379000,20.7,56.0,785.5,False,39.7,320,0.8,2022,20,FP3
0 days 00:29:05.377000,20.9,56.0,785.5,False,39.8,89,1.1,2022,20,FP3
0 days 00:30:05.374000,21.0,56.0,785.5,False,39.9,7,1.5,2022,20,FP3
0 days 00:31:05.382000,21.0,56.0,785.5,False,39.9,263,1.7,2022,20,FP3
0 days 00:32:05.376000,20.9,57.0,785.5,False,39.9,176,2.0,2022,20,FP3
0 days 00:33:05.380000,21.0,56.0,785.5,False,40.7,18,1.5,2022,20,FP3
0 days 00:34:05.377000,21.2,55.0,785.5,False,40.8,75,1.6,2022,20,FP3
0 days 00:35:05.376000,21.0,54.0,785.5,False,41.0,92,2.2,2022,20,FP3
0 days 00:36:05.424000,21.2,55.0,785.4,False,40.8,60,0.8,2022,20,FP3
0 days 00:37:05.378000,21.1,54.0,785.4,False,41.0,128,1.6,2022,20,FP3
0 days 00:38:05.377000,21.0,55.0,785.2,False,41.3,78,0.8,2022,20,FP3
0 days 00:39:05.379000,21.1,54.0,785.5,False,41.4,23,1.2,2022,20,FP3
0 days 00:40:05.375000,21.1,54.0,785.4,False,41.6,99,1.2,2022,20,FP3
0 days 00:41:05.379000,21.1,54.0,785.4,False,41.7,331,1.7,2022,20,FP3
0 days 00:42:05.382000,21.2,53.0,785.4,False,41.7,233,0.6,2022,20,FP3
0 days 00:43:05.376000,21.2,54.0,785.4,False,41.5,228,0.6,2022,20,FP3
0 days 00:44:05.396000,21.0,54.0,785.4,False,41.5,239,0.4,2022,20,FP3
0 days 00:45:05.383000,20.9,54.0,785.2,False,41.5,131,0.6,2022,20,FP3
0 days 00:46:05.376000,21.0,54.0,785.2,False,41.5,158,0.8,2022,20,FP3
0 days 00:47:05.377000,21.2,53.0,785.2,False,41.9,297,0.6,2022,20,FP3
0 days 00:48:05.376000,21.2,53.0,785.2,False,41.9,118,0.4,2022,20,FP3
0 days 00:49:05.379000,21.4,52.0,785.2,False,42.1,59,0.8,2022,20,FP3
0 days 00:50:05.381000,21.4,53.0,785.2,False,42.0,0,0.6,2022,20,FP3
0 days 00:51:05.378000,21.5,52.0,785.2,False,42.2,326,0.6,2022,20,FP3
0 days 00:52:05.379000,21.8,52.0,785.2,False,42.3,351,0.8,2022,20,FP3
0 days 00:53:05.380000,22.0,52.0,785.2,False,42.6,288,1.2,2022,20,FP3
0 days 00:54:05.398000,22.0,51.0,785.0,False,42.9,294,1.7,2022,20,FP3
0 days 00:55:05.379000,22.1,52.0,785.0,False,43.2,267,1.2,2022,20,FP3
0 days 00:56:05.392000,22.1,52.0,785.0,False,43.3,269,1.2,2022,20,FP3
0 days 00:57:05.391000,22.2,52.0,785.0,False,43.6,270,1.1,2022,20,FP3
0 days 00:58:05.379000,22.2,52.0,785.0,False,43.9,215,0.8,2022,20,FP3
0 days 00:59:05.383000,22.4,52.0,784.9,False,44.3,124,0.8,2022,20,FP3
0 days 01:00:05.378000,22.2,52.0,785.0,False,44.3,0,0.8,2022,20,FP3
0 days 01:01:05.379000,22.1,51.0,785.0,False,44.4,153,0.4,2022,20,FP3
0 days 01:02:05.378000,22.2,50.0,785.0,False,44.4,90,2.4,2022,20,FP3
0 days 01:03:05.387000,22.1,50.0,784.9,False,44.8,122,2.4,2022,20,FP3
0 days 01:04:05.377000,22.0,50.0,785.0,False,43.3,102,1.8,2022,20,FP3
0 days 01:05:05.380000,22.1,51.0,784.9,False,42.9,93,1.5,2022,20,FP3
0 days 01:06:05.380000,22.0,51.0,784.7,False,42.7,185,0.8,2022,20,FP3
0 days 01:07:05.378000,22.0,51.0,784.7,False,43.2,9,0.8,2022,20,FP3
0 days 01:08:05.382000,22.0,51.0,784.9,False,44.0,93,1.2,2022,20,FP3
0 days 01:09:05.380000,22.1,49.0,784.7,False,44.1,94,1.8,2022,20,FP3
0 days 01:10:05.399000,22.1,49.0,784.9,False,44.1,311,1.8,2022,20,FP3
0 days 01:11:05.404000,22.3,49.0,784.9,False,44.0,63,2.0,2022,20,FP3
0 days 01:12:05.378000,22.5,49.0,784.7,False,44.5,75,2.0,2022,20,FP3
0 days 01:13:05.380000,22.6,49.0,784.7,False,44.4,23,0.8,2022,20,FP3
0 days 01:14:05.387000,22.8,49.0,784.7,False,44.4,58,0.8,2022,20,FP3
0 days 01:15:05.382000,22.9,48.0,784.7,False,44.6,11,1.2,2022,20,FP3
0 days 01:16:05.382000,22.7,48.0,784.7,False,45.3,40,1.3,2022,20,FP3
0 days 01:17:05.391000,22.6,48.0,784.7,False,45.7,91,1.5,2022,20,FP3
0 days 01:18:05.381000,22.7,47.0,784.5,False,46.2,75,0.8,2022,20,FP3
0 days 01:19:05.382000,22.7,48.0,784.7,False,45.7,69,2.9,2022,20,FP3
0 days 01:20:05.380000,22.5,48.0,784.5,False,45.5,72,1.3,2022,20,FP3
0 days 01:21:05.393000,22.5,48.0,784.5,False,45.8,316,1.2,2022,20,FP3
0 days 01:22:05.386000,22.7,47.0,784.5,False,45.9,74,0.8,2022,20,FP3
0 days 00:00:19.365000,30.7,58.0,1013.9,False,46.1,331,2.7,2022,22,FP3
0 days 00:01:19.363000,30.6,58.0,1014.0,False,46.1,12,1.7,2022,22,FP3
0 days 00:02:19.381000,30.7,59.0,1014.0,False,46.1,18,2.7,2022,22,FP3
0 days 00:03:19.397000,30.7,58.0,1013.9,False,46.0,357,2.9,2022,22,FP3
0 days 00:04:19.393000,30.7,59.0,1013.9,False,45.1,335,3.2,2022,22,FP3
0 days 00:05:19.396000,30.8,60.0,1013.9,False,45.2,21,2.4,2022,22,FP3
0 days 00:06:19.396000,30.7,58.0,1013.9,False,45.3,0,3.5,2022,22,FP3
0 days 00:07:19.396000,30.7,60.0,1013.9,False,45.3,340,2.4,2022,22,FP3
0 days 00:08:19.395000,30.6,60.0,1013.9,False,45.3,337,3.9,2022,22,FP3
0 days 00:09:19.397000,30.6,61.0,1013.7,False,45.5,8,3.2,2022,22,FP3
0 days 00:10:19.396000,30.7,59.0,1013.9,False,46.1,313,3.5,2022,22,FP3
0 days 00:11:19.396000,30.8,59.0,1013.7,False,46.1,13,3.5,2022,22,FP3
0 days 00:12:19.396000,30.7,60.0,1013.7,False,45.5,315,3.5,2022,22,FP3
0 days 00:13:19.399000,30.6,59.0,1013.9,False,45.2,320,2.2,2022,22,FP3
0 days 00:14:19.394000,30.6,59.0,1013.9,False,45.2,320,2.2,2022,22,FP3
0 days 00:15:19.396000,30.5,59.0,1013.7,False,45.9,48,2.9,2022,22,FP3
0 days 00:16:19.395000,30.6,61.0,1013.9,False,45.6,27,2.5,2022,22,FP3
0 days 00:17:19.396000,30.5,61.0,1013.7,False,45.6,354,2.5,2022,22,FP3
0 days 00:18:19.397000,30.4,60.0,1013.7,False,45.4,332,2.2,2022,22,FP3
0 days 00:19:19.397000,30.4,60.0,1013.7,False,45.3,10,3.4,2022,22,FP3
0 days 00:20:19.420000,30.4,61.0,1013.7,False,45.0,18,2.5,2022,22,FP3
0 days 00:21:19.396000,30.5,61.0,1013.7,False,45.0,353,2.5,2022,22,FP3
0 days 00:22:19.397000,30.6,61.0,1013.7,False,45.0,299,2.7,2022,22,FP3
0 days 00:23:19.395000,30.6,61.0,1013.7,False,45.0,325,2.5,2022,22,FP3
0 days 00:24:19.398000,30.7,60.0,1013.9,False,45.2,11,2.5,2022,22,FP3
0 days 00:25:19.396000,30.6,61.0,1013.7,False,45.3,298,3.0,2022,22,FP3
0 days 00:26:19.395000,30.6,61.0,1013.7,False,45.2,301,3.5,2022,22,FP3
0 days 00:27:19.396000,30.5,62.0,1013.7,False,44.8,344,3.2,2022,22,FP3
0 days 00:28:19.396000,30.5,62.0,1013.7,False,44.5,300,2.5,2022,22,FP3
0 days 00:29:19.395000,30.6,61.0,1013.7,False,44.5,316,3.4,2022,22,FP3
0 days 00:30:19.396000,30.5,61.0,1013.7,False,44.3,333,3.5,2022,22,FP3
0 days 00:31:19.396000,30.5,60.0,1013.7,False,44.4,327,3.2,2022,22,FP3
0 days 00:32:19.400000,30.4,61.0,1013.7,False,44.2,341,3.0,2022,22,FP3
0 days 00:33:19.421000,30.4,61.0,1013.7,False,44.3,9,3.7,2022,22,FP3
0 days 00:34:19.396000,30.4,62.0,1013.7,False,44.0,17,3.7,2022,22,FP3
0 days 00:35:19.398000,30.6,61.0,1013.7,False,44.7,346,3.2,2022,22,FP3
0 days 00:36:19.395000,30.5,62.0,1013.7,False,44.3,21,3.5,2022,22,FP3
0 days 00:37:19.395000,30.6,62.0,1013.7,False,44.3,310,3.0,2022,22,FP3
0 days 00:38:19.395000,30.7,61.0,1013.7,False,44.8,322,3.0,2022,22,FP3
0 days 00:39:19.396000,30.6,60.0,1013.7,False,44.8,312,2.5,2022,22,FP3
0 days 00:40:19.395000,30.6,59.0,1013.7,False,44.8,328,2.5,2022,22,FP3
0 days 00:41:19.396000,30.6,58.0,1013.7,False,44.9,344,2.9,2022,22,FP3
0 days 00:42:19.396000,30.7,59.0,1013.7,False,44.9,359,2.5,2022,22,FP3
0 days 00:43:19.396000,30.8,59.0,1013.7,False,44.5,9,2.2,2022,22,FP3
0 days 00:44:19.397000,30.8,60.0,1013.7,False,44.5,347,3.4,2022,22,FP3
0 days 00:45:19.398000,30.7,61.0,1013.7,False,43.7,324,3.2,2022,22,FP3
0 days 00:46:19.396000,30.6,62.0,1013.7,False,43.7,324,3.2,2022,22,FP3
0 days 00:47:19.415000,30.6,62.0,1013.7,False,43.9,33,2.7,2022,22,FP3
0 days 00:48:19.398000,30.4,62.0,1013.7,False,44.1,317,2.7,2022,22,FP3
0 days 00:49:19.395000,30.4,62.0,1013.7,False,44.2,342,3.2,2022,22,FP3
0 days 00:50:19.397000,30.5,62.0,1013.7,False,44.0,6,2.2,2022,22,FP3
0 days 00:51:19.397000,30.4,63.0,1013.7,False,43.4,334,2.7,2022,22,FP3
0 days 00:52:19.399000,30.5,62.0,1013.7,False,43.4,340,2.2,2022,22,FP3
0 days 00:53:19.397000,30.5,62.0,1013.7,False,44.1,0,2.0,2022,22,FP3
0 days 00:54:19.397000,30.5,61.0,1013.7,False,44.0,344,3.0,2022,22,FP3
0 days 00:55:19.397000,30.3,62.0,1013.7,False,43.5,319,3.0,2022,22,FP3
0 days 00:56:19.395000,30.4,61.0,1013.7,False,43.8,320,3.2,2022,22,FP3
0 days 00:57:19.396000,30.3,61.0,1013.7,False,43.8,325,3.2,2022,22,FP3
0 days 00:58:19.396000,30.3,62.0,1013.7,False,43.8,22,3.0,2022,22,FP3
0 days 00:59:19.395000,30.2,63.0,1013.7,False,43.2,305,2.7,2022,22,FP3
0 days 01:00:19.397000,30.4,63.0,1013.9,False,43.0,321,2.2,2022,22,FP3
0 days 01:01:19.394000,30.4,62.0,1013.7,False,43.8,358,2.9,2022,22,FP3
0 days 01:02:19.395000,30.5,62.0,1013.7,False,43.8,318,3.0,2022,22,FP3
0 days 01:03:19.397000,30.5,62.0,1013.7,False,43.7,306,2.2,2022,22,FP3
0 days 01:04:19.394000,30.6,62.0,1013.7,False,43.7,302,2.7,2022,22,FP3
0 days 01:05:19.415000,30.5,60.0,1013.7,False,43.7,304,2.0,2022,22,FP3
0 days 01:06:19.390000,30.5,60.0,1013.7,False,43.0,312,3.2,2022,22,FP3
0 days 01:07:19.395000,30.4,62.0,1013.7,False,43.0,345,3.2,2022,22,FP3
0 days 01:08:19.399000,30.4,61.0,1013.7,False,42.6,15,1.8,2022,22,FP3
0 days 01:09:19.397000,30.2,62.0,1013.7,False,42.6,344,2.7,2022,22,FP3
0 days 01:10:19.396000,30.2,62.0,1013.7,False,42.3,6,2.2,2022,22,FP3
0 days 01:11:19.399000,30.2,61.0,1013.7,False,42.5,322,3.0,2022,22,FP3
0 days 01:12:19.396000,30.2,62.0,1013.7,False,42.5,323,2.5,2022,22,FP3
0 days 01:13:19.394000,30.4,62.0,1013.7,False,42.7,303,2.2,2022,22,FP3
0 days 01:14:19.397000,30.4,62.0,1013.7,False,42.7,331,2.9,2022,22,FP3
0 days 01:15:19.397000,30.4,63.0,1013.7,False,42.5,295,3.7,2022,22,FP3
0 days 01:16:19.396000,30.4,63.0,1013.7,False,42.5,339,2.9,2022,22,FP3
0 days 01:17:19.399000,30.3,62.0,1013.7,False,42.7,322,2.5,2022,22,FP3
0 days 01:18:19.397000,30.4,62.0,1013.7,False,42.8,339,2.7,2022,22,FP3
0 days 01:19:19.397000,30.3,62.0,1013.7,False,42.1,349,2.5,2022,22,FP3
0 days 01:20:19.397000,30.3,63.0,1013.7,False,42.1,318,3.2,2022,22,FP3
0 days 01:21:19.396000,30.3,63.0,1013.7,False,42.1,340,2.5,2022,22,FP3
0 days 00:00:41.287000,28.1,22.0,1017.2,False,42.0,328,2.4,2023,1,FP3
0 days 00:01:41.286000,28.1,22.0,1017.2,False,42.0,331,1.7,2023,1,FP3
0 days 00:02:41.269000,28.1,23.0,1017.2,False,42.0,339,2.2,2023,1,FP3
0 days 00:03:41.284000,28.2,22.0,1017.2,False,42.0,353,2.7,2023,1,FP3
0 days 00:04:41.314000,28.2,22.0,1017.2,False,42.0,333,2.5,2023,1,FP3
0 days 00:05:41.282000,28.1,22.0,1017.0,False,41.7,339,3.5,2023,1,FP3
0 days 00:06:41.281000,28.0,24.0,1017.2,False,41.6,356,2.5,2023,1,FP3
0 days 00:07:41.295000,28.0,24.0,1017.2,False,41.7,343,2.4,2023,1,FP3
0 days 00:08:41.310000,28.0,24.0,1017.0,False,41.4,343,2.9,2023,1,FP3
0 days 00:09:41.309000,28.0,23.0,1017.2,False,41.4,350,2.4,2023,1,FP3
0 days 00:10:41.323000,28.1,23.0,1017.0,False,41.4,339,2.5,2023,1,FP3
0 days 00:11:41.338000,28.1,24.0,1017.0,False,41.5,341,2.9,2023,1,FP3
0 days 00:12:41.352000,28.2,24.0,1017.0,False,41.5,329,2.5,2023,1,FP3
0 days 00:13:41.351000,28.1,24.0,1017.0,False,41.2,16,2.0,2023,1,FP3
0 days 00:14:41.366000,28.0,24.0,1017.0,False,41.2,337,2.5,2023,1,FP3
0 days 00:15:41.365000,28.0,24.0,1017.0,False,41.5,339,2.7,2023,1,FP3
0 days 00:16:41.379000,28.0,25.0,1017.0,False,41.2,345,2.2,2023,1,FP3
0 days 00:17:41.363000,27.9,25.0,1017.0,False,41.1,322,1.8,2023,1,FP3
0 days 00:18:41.361000,27.9,25.0,1017.0,False,41.1,350,2.5,2023,1,FP3
0 days 00:19:41.360000,27.9,25.0,1017.0,False,41.1,325,2.5,2023,1,FP3
0 days 00:20:41.375000,27.9,25.0,1017.2,False,41.3,336,1.3,2023,1,FP3
0 days 00:21:41.358000,27.8,25.0,1017.2,False,41.0,330,2.2,2023,1,FP3
0 days 00:22:41.373000,27.8,25.0,1017.0,False,41.0,340,2.4,2023,1,FP3
0 days 00:23:41.372000,27.8,25.0,1017.0,False,40.8,331,1.7,2023,1,FP3
0 days 00:24:41.402000,27.7,26.0,1017.2,False,40.8,344,1.7,2023,1,FP3
0 days 00:25:41.416000,27.8,26.0,1017.2,False,40.8,331,1.3,2023,1,FP3
0 days 00:26:41.431000,27.9,25.0,1017.2,False,40.9,12,1.1,2023,1,FP3
0 days 00:27:41.445000,27.9,25.0,1017.2,False,40.9,342,1.5,2023,1,FP3
0 days 00:28:41.460000,27.8,25.0,1017.0,False,40.9,268,1.7,2023,1,FP3
0 days 00:29:41.459000,27.8,25.0,1017.2,False,41.0,307,1.0,2023,1,FP3
0 days 00:30:41.786000,27.8,24.0,1017.2,False,41.1,39,0.8,2023,1,FP3
0 days 00:31:41.488000,27.9,24.0,1017.2,False,41.1,23,0.6,2023,1,FP3
0 days 00:32:41.487000,28.0,24.0,1017.2,False,41.1,353,1.0,2023,1,FP3
0 days 00:33:41.486000,28.1,23.0,1017.0,False,41.1,331,1.7,2023,1,FP3
0 days 00:34:41.485000,28.1,22.0,1017.0,False,41.3,347,1.7,2023,1,FP3
0 days 00:35:41.499000,28.1,22.0,1017.0,False,40.9,328,2.0,2023,1,FP3
0 days 00:36:41.498000,28.1,22.0,1017.0,False,40.9,323,2.0,2023,1,FP3
0 days 00:37:41.497000,28.0,22.0,1017.0,False,40.8,328,1.3,2023,1,FP3
0 days 00:38:41.496000,28.1,21.0,1017.0,False,40.9,324,1.3,2023,1,FP3
0 days 00:39:41.495000,28.1,20.0,1017.0,False,41.0,354,1.5,2023,1,FP3
0 days 00:40:41.494000,28.2,20.0,1017.0,False,41.0,300,0.8,2023,1,FP3
0 days 00:41:41.493000,28.3,20.0,1017.0,False,41.0,65,0.8,2023,1,FP3
0 days 00:42:41.492000,28.4,20.0,1017.0,False,41.0,292,1.0,2023,1,FP3
0 days 00:43:41.490000,28.5,19.0,1017.0,False,41.0,345,1.0,2023,1,FP3
0 days 00:44:41.489000,28.5,19.0,1017.0,False,40.9,325,1.8,2023,1,FP3
0 days 00:45:41.488000,28.3,19.0,1017.0,False,40.8,0,1.7,2023,1,FP3
0 days 00:46:41.503000,28.4,19.0,1016.9,False,40.8,336,1.3,2023,1,FP3
0 days 00:47:41.517000,28.3,19.0,1017.0,False,40.7,219,1.3,2023,1,FP3
0 days 00:48:41.532000,28.3,19.0,1017.0,False,40.8,355,0.6,2023,1,FP3
0 days 00:49:41.546000,28.3,18.0,1017.0,False,40.8,335,1.6,2023,1,FP3
0 days 00:50:41.561000,28.3,18.0,1017.0,False,40.8,334,1.7,2023,1,FP3
0 days 00:51:41.575000,28.3,17.0,1017.0,False,40.7,347,1.7,2023,1,FP3
0 days 00:52:41.590000,28.4,17.0,1016.9,False,40.5,321,1.7,2023,1,FP3
0 days 00:53:41.605000,28.4,18.0,1017.0,False,40.5,334,1.6,2023,1,FP3
0 days 00:54:41.619000,28.4,18.0,1017.0,False,40.6,298,1.8,2023,1,FP3
0 days 00:55:41.618000,28.3,18.0,1017.0,False,40.4,340,1.5,2023,1,FP3
0 days 00:56:41.633000,28.3,18.0,1017.0,False,40.3,5,1.6,2023,1,FP3
0 days 00:57:41.631000,28.3,18.0,1017.0,False,40.2,337,2.0,2023,1,FP3
0 days 00:58:41.646000,28.2,17.0,1017.0,False,39.9,339,2.4,2023,1,FP3
0 days 00:59:41.645000,28.1,17.0,1017.0,False,40.0,357,1.6,2023,1,FP3
0 days 01:00:41.659000,28.1,17.0,1017.0,False,40.2,317,1.2,2023,1,FP3
0 days 01:01:41.674000,28.0,17.0,1017.0,False,40.2,327,0.8,2023,1,FP3
0 days 01:02:41.657000,28.0,17.0,1017.0,False,40.1,337,1.3,2023,1,FP3
0 days 01:03:41.687000,28.0,16.0,1017.0,False,40.1,336,2.5,2023,1,FP3
0 days 01:04:41.702000,28.0,17.0,1017.0,False,39.7,341,2.0,2023,1,FP3
0 days 01:05:41.716000,28.0,17.0,1017.0,False,39.7,337,1.7,2023,1,FP3
0 days 01:06:41.731000,27.9,15.0,1017.0,False,39.8,333,2.7,2023,1,FP3
0 days 01:07:41.730000,27.8,15.0,1017.0,False,39.7,353,1.8,2023,1,FP3
0 days 01:08:41.744000,27.8,15.0,1016.9,False,39.7,291,1.7,2023,1,FP3
0 days 01:09:41.743000,27.7,15.0,1017.0,False,39.7,349,1.6,2023,1,FP3
0 days 01:10:41.742000,27.7,15.0,1017.0,False,39.6,316,1.6,2023,1,FP3
0 days 01:11:41.757000,27.6,15.0,1017.0,False,39.6,353,1.8,2023,1,FP3
0 days 01:12:41.740000,27.7,15.0,1017.0,False,39.6,355,1.7,2023,1,FP3
0 days 01:13:41.739000,27.7,15.0,1017.0,False,39.5,318,2.0,2023,1,FP3
0 days 01:14:41.754000,27.6,15.0,1017.0,False,39.5,327,2.0,2023,1,FP3
0 days 01:15:41.752000,27.6,15.0,1017.0,False,39.4,332,2.0,2023,1,FP3
0 days 01:16:41.767000,27.6,15.0,1017.0,False,39.4,330,2.2,2023,1,FP3
0 days 01:17:41.797000,27.6,15.0,1017.0,False,39.3,326,1.3,2023,1,FP3
0 days 01:18:41.780000,27.7,15.0,1017.0,False,39.0,343,1.0,2023,1,FP3
0 days 01:19:41.811000,27.8,15.0,1017.0,False,39.1,336,1.6,2023,1,FP3
0 days 01:20:41.794000,27.8,14.0,1017.0,False,39.0,331,2.0,2023,1,FP3
0 days 01:21:41.793000,27.7,14.0,1017.2,False,39.0,341,1.1,2023,1,FP3
0 days 01:22:41.792000,27.7,14.0,1017.0,False,38.9,337,1.7,2023,1,FP3
0 days 01:23:41.791000,27.7,14.0,1017.0,False,38.8,5,1.7,2023,1,FP3
0 days 01:24:41.790000,27.6,14.0,1017.0,False,38.8,32,1.6,2023,1,FP3
0 days 01:25:41.820000,27.6,15.0,1017.2,False,38.8,333,1.7,2023,1,FP3
0 days 00:00:53.233000,27.5,61.0,1008.7,False,43.5,340,3.5,2023,2,FP3
0 days 00:01:53.233000,27.5,61.0,1008.7,False,43.5,345,3.4,2023,2,FP3
0 days 00:02:53.232000,27.5,61.0,1008.9,False,43.5,346,2.7,2023,2,FP3
0 days 00:03:53.247000,27.5,61.0,1008.7,False,43.5,326,3.4,2023,2,FP3
0 days 00:04:53.231000,27.5,59.0,1008.7,False,43.5,340,3.2,2023,2,FP3
0 days 00:05:53.246000,27.5,59.0,1008.7,False,43.5,342,3.0,2023,2,FP3
0 days 00:06:53.245000,27.3,56.0,1008.9,False,43.0,332,4.0,2023,2,FP3
0 days 00:07:53.244000,27.2,57.0,1008.9,False,43.0,341,5.3,2023,2,FP3
0 days 00:08:53.244000,27.2,58.0,1008.7,False,43.0,332,4.5,2023,2,FP3
0 days 00:09:53.243000,27.1,58.0,1008.9,False,43.0,331,4.4,2023,2,FP3
0 days 00:10:53.242000,27.1,59.0,1008.9,False,43.0,339,4.0,2023,2,FP3
0 days 00:11:53.241000,27.2,60.0,1008.7,False,43.0,319,3.7,2023,2,FP3
0 days 00:12:53.241000,27.3,59.0,1009.0,False,43.0,339,3.5,2023,2,FP3
0 days 00:13:53.240000,27.2,57.0,1009.0,False,43.0,334,4.0,2023,2,FP3
0 days 00:14:53.255000,27.3,56.0,1009.0,False,43.0,333,4.3,2023,2,FP3
0 days 00:15:53.270000,27.3,57.0,1009.0,False,43.0,326,3.7,2023,2,FP3
0 days 00:16:53.316000,27.3,58.0,1009.0,False,43.0,331,3.0,2023,2,FP3
0 days 00:17:53.315000,27.3,58.0,1008.9,False,43.0,336,3.7,2023,2,FP3
0 days 00:18:53.315000,27.3,57.0,1009.0,False,42.0,325,3.2,2023,2,FP3
0 days 00:19:53.330000,27.2,57.0,1008.9,False,42.0,329,3.2,2023,2,FP3
0 days 00:20:53.329000,27.2,57.0,1008.9,False,42.0,334,3.0,2023,2,FP3
0 days 00:21:53.328000,27.1,57.0,1008.9,False,42.0,339,3.4,2023,2,FP3
0 days 00:22:53.328000,27.1,58.0,1009.0,False,42.0,344,2.9,2023,2,FP3
0 days 00:23:53.342000,27.2,59.0,1008.9,False,42.0,320,3.5,2023,2,FP3
0 days 00:24:53.342000,27.1,59.0,1009.0,False,42.0,329,4.0,2023,2,FP3
0 days 00:25:53.357000,27.1,59.0,1009.0,False,42.0,330,3.9,2023,2,FP3
0 days 00:26:53.372000,27.1,59.0,1009.0,False,41.5,350,3.5,2023,2,FP3
0 days 00:27:53.371000,27.0,58.0,1009.2,False,41.5,332,3.0,2023,2,FP3
0 days 00:28:53.370000,27.0,58.0,1009.0,False,41.5,319,3.5,2023,2,FP3
0 days 00:29:53.370000,27.0,57.0,1009.0,False,41.5,320,3.2,2023,2,FP3
0 days 00:30:53.369000,27.0,55.0,1009.0,False,41.5,328,2.4,2023,2,FP3
0 days 00:31:53.384000,27.0,55.0,1009.0,False,41.5,341,2.7,2023,2,FP3
0 days 00:32:53.399000,27.0,56.0,1009.0,False,41.5,334,3.2,2023,2,FP3
0 days 00:33:53.398000,27.0,57.0,1009.0,False,41.5,337,3.5,2023,2,FP3
0 days 00:34:53.413000,27.1,58.0,1008.9,False,41.5,324,1.6,2023,2,FP3
0 days 00:35:53.412000,27.2,57.0,1008.7,False,40.3,336,1.6,2023,2,FP3
0 days 00:36:53.412000,27.2,57.0,1008.9,False,40.3,329,3.2,2023,2,FP3
0 days 00:37:53.411000,27.2,58.0,1008.9,False,40.3,336,4.5,2023,2,FP3
0 days 00:38:53.426000,27.2,56.0,1008.9,False,40.3,328,3.7,2023,2,FP3
0 days 00:39:53.472000,27.2,54.0,1008.9,False,40.3,340,3.4,2023,2,FP3
0 days 00:40:53.456000,27.1,55.0,1008.9,False,40.3,335,5.5,2023,2,FP3
0 days 00:41:53.471000,27.1,58.0,1008.9,False,40.3,324,4.5,2023,2,FP3
0 days 00:42:53.470000,27.1,57.0,1009.0,False,39.7,347,3.5,2023,2,FP3
0 days 00:43:53.469000,27.1,57.0,1008.9,False,39.7,334,2.7,2023,2,FP3
0 days 00:44:53.484000,27.0,55.0,1008.9,False,39.7,334,4.1,2023,2,FP3
0 days 00:45:53.499000,27.0,57.0,1009.0,False,39.7,337,4.1,2023,2,FP3
0 days 00:46:53.498000,27.0,54.0,1008.9,False,39.1,335,3.5,2023,2,FP3
0 days 00:47:53.498000,27.0,55.0,1009.0,False,39.1,332,4.5,2023,2,FP3
0 days 00:48:53.497000,27.0,54.0,1009.0,False,39.1,333,4.0,2023,2,FP3
0 days 00:49:53.496000,27.0,55.0,1009.0,False,39.1,342,3.7,2023,2,FP3
0 days 00:50:53.511000,27.0,55.0,1009.0,False,39.1,335,3.4,2023,2,FP3
0 days 00:51:53.511000,26.9,56.0,1009.0,False,39.1,331,4.5,2023,2,FP3
0 days 00:52:53.494000,27.0,58.0,1009.0,False,39.1,339,4.1,2023,2,FP3
0 days 00:53:53.493000,27.0,59.0,1008.9,False,39.1,327,3.4,2023,2,FP3
0 days 00:54:53.493000,27.0,59.0,1009.0,False,38.1,333,3.4,2023,2,FP3
0 days 00:55:53.492000,27.0,59.0,1009.0,False,38.1,339,4.1,2023,2,FP3
0 days 00:56:53.491000,26.9,58.0,1009.0,False,38.1,336,4.0,2023,2,FP3
0 days 00:57:53.491000,26.9,57.0,1009.0,False,38.1,324,3.5,2023,2,FP3
0 days 00:58:53.490000,26.9,58.0,1009.0,False,38.1,328,4.0,2023,2,FP3
0 days 00:59:53.489000,26.9,57.0,1009.0,False,38.1,342,3.5,2023,2,FP3
0 days 01:00:53.489000,26.9,58.0,1009.0,False,38.1,333,3.9,2023,2,FP3
0 days 01:01:53.488000,27.0,59.0,1009.0,False,38.1,330,3.0,2023,2,FP3
0 days 01:02:53.487000,26.9,59.0,1009.0,False,38.1,312,2.5,2023,2,FP3
0 days 01:03:53.487000,26.9,58.0,1009.0,False,38.1,331,3.2,2023,2,FP3
0 days 01:04:53.486000,26.9,59.0,1008.9,False,38.1,314,4.0,2023,2,FP3
0 days 01:05:53.548000,26.9,58.0,1009.0,False,38.1,338,3.4,2023,2,FP3
0 days 01:06:53.500000,26.9,57.0,1008.9,False,38.1,331,3.2,2023,2,FP3
0 days 01:07:53.499000,26.8,57.0,1009.0,False,37.4,341,4.3,2023,2,FP3
0 days 01:08:53.499000,26.9,57.0,1009.0,False,37.4,326,3.5,2023,2,FP3
0 days 01:09:53.498000,26.9,58.0,1009.0,False,37.4,330,3.7,2023,2,FP3
0 days 01:10:53.497000,26.8,58.0,1009.0,False,37.4,332,2.9,2023,2,FP3
0 days 01:11:53.497000,26.8,58.0,1009.0,False,37.4,331,3.0,2023,2,FP3
0 days 01:12:53.496000,26.9,58.0,1009.2,False,37.4,328,3.5,2023,2,FP3
0 days 01:13:53.511000,26.9,58.0,1009.0,False,37.4,333,3.2,2023,2,FP3
0 days 01:14:53.495000,26.9,57.0,1009.0,False,37.4,332,3.0,2023,2,FP3
0 days 01:15:53.494000,26.9,57.0,1009.0,False,37.4,330,3.5,2023,2,FP3
0 days 01:16:53.493000,26.9,56.0,1009.0,False,37.0,334,4.3,2023,2,FP3
0 days 01:17:53.492000,26.9,57.0,1009.0,False,37.0,324,3.0,2023,2,FP3
0 days 01:18:53.492000,26.9,57.0,1009.0,False,37.0,329,3.2,2023,2,FP3
0 days 01:19:53.491000,26.9,56.0,1009.2,False,37.0,329,3.2,2023,2,FP3
0 days 01:20:53.490000,26.9,57.0,1009.0,False,37.0,333,3.5,2023,2,FP3
0 days 01:21:53.490000,26.9,57.0,1009.0,False,37.0,316,3.5,2023,2,FP3
0 days 00:00:15.979000,14.5,63.0,1019.5,False,21.1,8,1.0,2023,3,FP3
0 days 00:01:15.993000,14.5,63.0,1019.5,False,21.1,140,1.7,2023,3,FP3
0 days 00:02:15.992000,14.5,62.0,1019.5,False,21.1,136,1.7,2023,3,FP3
0 days 00:03:15.991000,14.5,63.0,1019.5,False,21.1,157,1.8,2023,3,FP3
0 days 00:04:15.990000,14.5,63.0,1019.5,False,21.1,155,1.6,2023,3,FP3
0 days 00:05:15.989000,14.5,62.0,1019.5,False,21.3,110,1.7,2023,3,FP3
0 days 00:06:15.988000,14.5,62.0,1019.5,False,21.5,141,2.5,2023,3,FP3
0 days 00:07:15.987000,14.5,62.0,1019.5,False,21.7,141,1.2,2023,3,FP3
0 days 00:08:15.986000,14.5,62.0,1019.5,False,21.8,175,1.7,2023,3,FP3
0 days 00:09:15.985000,14.6,63.0,1019.5,False,22.0,159,0.6,2023,3,FP3
0 days 00:10:15.984000,14.6,63.0,1019.7,False,22.1,107,1.3,2023,3,FP3
0 days 00:11:15.983000,14.6,62.0,1019.5,False,22.1,154,1.6,2023,3,FP3
0 days 00:12:15.982000,14.6,61.0,1019.5,False,22.6,151,1.8,2023,3,FP3
0 days 00:13:15.996000,14.6,61.0,1019.5,False,22.7,167,1.7,2023,3,FP3
0 days 00:14:15.980000,14.6,61.0,1019.4,False,22.6,153,1.3,2023,3,FP3
0 days 00:15:15.994000,14.6,62.0,1019.5,False,22.9,91,1.1,2023,3,FP3
0 days 00:16:15.993000,14.6,62.0,1019.5,False,22.9,120,0.6,2023,3,FP3
0 days 00:17:16.008000,14.6,61.0,1019.5,False,23.1,147,0.6,2023,3,FP3
0 days 00:18:16.006000,14.7,61.0,1019.5,False,23.1,149,0.6,2023,3,FP3
0 days 00:19:16.021000,14.7,60.0,1019.5,False,23.1,146,2.0,2023,3,FP3
0 days 00:20:16.020000,14.7,59.0,1019.5,False,23.1,167,1.7,2023,3,FP3
0 days 00:21:16.034000,14.8,59.0,1019.5,False,23.1,129,1.5,2023,3,FP3
0 days 00:22:16.033000,14.7,59.0,1019.5,False,23.3,116,2.2,2023,3,FP3
0 days 00:23:16.032000,14.8,58.0,1019.5,False,23.4,163,0.8,2023,3,FP3
0 days 00:24:16.031000,14.8,59.0,1019.5,False,23.4,137,1.7,2023,3,FP3
0 days 00:25:16.030000,14.9,59.0,1019.5,False,23.4,0,0.8,2023,3,FP3
0 days 00:26:16.029000,14.9,59.0,1019.5,False,23.3,140,1.3,2023,3,FP3
0 days 00:27:16.028000,14.9,60.0,1019.5,False,23.4,147,1.7,2023,3,FP3
0 days 00:28:16.043000,14.8,60.0,1019.4,False,23.6,136,1.2,2023,3,FP3
0 days 00:29:16.026000,14.9,60.0,1019.5,False,23.7,155,1.7,2023,3,FP3
0 days 00:30:16.040000,14.9,60.0,1019.5,False,23.7,111,2.7,2023,3,FP3
0 days 00:31:16.055000,15.0,59.0,1019.5,False,23.8,170,1.2,2023,3,FP3
0 days 00:32:16.054000,15.0,58.0,1019.5,False,23.9,142,1.7,2023,3,FP3
0 days 00:33:16.053000,14.9,57.0,1019.5,False,24.1,139,2.2,2023,3,FP3
0 days 00:34:16.052000,14.9,59.0,1019.5,False,24.2,4,0.8,2023,3,FP3
0 days 00:35:16.066000,14.9,58.0,1019.5,False,24.3,146,1.5,2023,3,FP3
0 days 00:36:16.081000,15.1,58.0,1019.5,False,24.3,129,1.2,2023,3,FP3
0 days 00:37:16.080000,15.1,58.0,1019.5,False,24.4,151,1.0,2023,3,FP3
0 days 00:38:16.079000,15.1,58.0,1019.5,False,24.7,83,1.6,2023,3,FP3
0 days 00:39:16.093000,15.1,58.0,1019.5,False,24.7,140,1.2,2023,3,FP3
0 days 00:40:16.108000,15.3,58.0,1019.5,False,25.1,120,1.3,2023,3,FP3
0 days 00:41:16.122000,15.2,57.0,1019.5,False,25.0,127,1.6,2023,3,FP3
0 days 00:42:16.106000,15.3,58.0,1019.5,False,25.3,161,1.0,2023,3,FP3
0 days 00:43:16.323000,15.3,58.0,1019.5,False,25.3,111,1.7,2023,3,FP3
0 days 00:44:16.119000,15.3,58.0,1019.4,False,25.1,154,2.5,2023,3,FP3
0 days 00:45:16.102000,15.4,58.0,1019.5,False,25.0,98,2.0,2023,3,FP3
0 days 00:46:16.101000,15.3,59.0,1019.5,False,25.0,141,0.5,2023,3,FP3
0 days 00:47:16.116000,15.3,59.0,1019.5,False,25.1,0,0.6,2023,3,FP3
0 days 00:48:16.115000,15.4,58.0,1019.5,False,25.6,341,1.0,2023,3,FP3
0 days 00:49:16.114000,15.4,58.0,1019.4,False,26.1,117,0.8,2023,3,FP3
0 days 00:50:16.113000,15.5,57.0,1019.5,False,26.1,0,1.0,2023,3,FP3
0 days 00:51:16.127000,15.5,58.0,1019.4,False,25.6,115,1.2,2023,3,FP3
0 days 00:52:16.142000,15.4,58.0,1019.5,False,25.5,168,1.6,2023,3,FP3
0 days 00:53:16.156000,15.4,59.0,1019.5,False,25.5,138,1.7,2023,3,FP3
0 days 00:54:16.171000,15.3,59.0,1019.5,False,25.4,129,1.2,2023,3,FP3
0 days 00:55:16.170000,15.3,59.0,1019.5,False,25.5,148,1.5,2023,3,FP3
0 days 00:56:16.200000,15.3,59.0,1019.5,False,25.4,136,1.7,2023,3,FP3
0 days 00:57:16.214000,15.3,60.0,1019.4,False,25.4,0,0.8,2023,3,FP3
0 days 00:58:16.213000,15.3,60.0,1019.5,False,26.1,170,1.1,2023,3,FP3
0 days 00:59:16.228000,15.4,59.0,1019.4,False,26.1,125,1.1,2023,3,FP3
0 days 01:03:00.380000,15.4,58.0,1019.2,False,24.9,112,1.8,2023,3,FP3
0 days 01:03:16.239000,15.3,58.0,1019.2,False,24.6,141,1.2,2023,3,FP3
0 days 01:04:16.238000,15.3,58.0,1019.4,False,24.5,110,1.0,2023,3,FP3
0 days 01:05:16.237000,15.3,58.0,1019.2,False,24.3,131,1.2,2023,3,FP3
0 days 01:06:16.236000,15.1,59.0,1019.4,False,24.2,166,2.2,2023,3,FP3
0 days 01:07:16.266000,15.1,58.0,1019.2,False,24.2,132,0.6,2023,3,FP3
0 days 01:08:16.234000,15.1,58.0,1019.2,False,23.8,119,2.5,2023,3,FP3
0 days 01:09:16.248000,15.0,59.0,1019.4,False,23.6,149,0.8,2023,3,FP3
0 days 01:10:16.247000,15.1,58.0,1019.4,False,23.5,114,1.2,2023,3,FP3
0 days 01:11:16.246000,15.1,57.0,1019.4,False,23.6,160,1.2,2023,3,FP3
0 days 01:12:16.245000,15.0,56.0,1019.2,False,23.4,138,1.3,2023,3,FP3
0 days 01:13:16.244000,15.0,56.0,1019.4,False,23.4,154,0.8,2023,3,FP3
0 days 01:14:16.243000,15.0,57.0,1019.4,False,22.7,139,1.6,2023,3,FP3
0 days 01:15:16.242000,14.9,59.0,1019.5,False,22.5,141,2.2,2023,3,FP3
0 days 01:16:16.475000,14.8,60.0,1019.2,False,22.5,153,1.7,2023,3,FP3
0 days 01:17:16.240000,14.7,60.0,1019.4,False,22.2,126,1.7,2023,3,FP3
0 days 01:18:16.239000,14.6,60.0,1019.5,False,22.0,151,1.2,2023,3,FP3
0 days 01:19:16.222000,14.4,61.0,1019.5,False,21.9,146,1.3,2023,3,FP3
0 days 01:20:16.236000,14.4,62.0,1019.4,True,21.9,154,2.5,2023,3,FP3
0 days 01:21:16.235000,14.1,63.0,1019.5,True,21.9,138,1.2,2023,3,FP3
0 days 01:22:16.234000,14.1,62.0,1019.5,True,21.3,90,2.9,2023,3,FP3
0 days 01:23:16.233000,14.0,63.0,1019.4,True,21.0,155,1.1,2023,3,FP3
0 days 01:23:52.889000,14.0,64.0,1019.5,True,20.5,155,0.6,2023,3,FP3
0 days 01:24:45.857000,14.0,64.0,1019.5,True,20.5,155,0.6,2023,3,FP3
0 days 00:00:35.656000,28.3,57.0,1019.0,False,42.1,113,1.7,2023,5,FP3
0 days 00:01:35.655000,28.4,57.0,1019.2,False,42.5,151,2.7,2023,5,FP3
0 days 00:02:35.686000,28.4,56.0,1019.2,False,44.2,153,2.0,2023,5,FP3
0 days 00:03:35.669000,28.5,56.0,1019.0,False,44.5,149,3.9,2023,5,FP3
0 days 00:04:35.684000,28.4,57.0,1019.2,False,44.2,162,5.4,2023,5,FP3
0 days 00:05:35.684000,28.4,57.0,1019.2,False,44.0,152,2.7,2023,5,FP3
0 days 00:06:35.683000,28.4,58.0,1019.0,False,44.0,133,2.2,2023,5,FP3
0 days 00:07:35.682000,28.5,56.0,1019.0,False,44.7,141,2.7,2023,5,FP3
0 days 00:08:35.682000,28.5,56.0,1019.0,False,44.7,122,3.5,2023,5,FP3
0 days 00:09:35.681000,28.6,57.0,1019.0,False,45.0,139,0.5,2023,5,FP3
0 days 00:10:35.680000,28.6,57.0,1019.0,False,45.0,177,1.3,2023,5,FP3
0 days 00:11:35.695000,28.6,56.0,1019.0,False,45.6,68,3.0,2023,5,FP3
0 days 00:12:35.694000,28.6,56.0,1019.0,False,45.7,162,1.7,2023,5,FP3
0 days 00:13:35.694000,28.6,56.0,1019.0,False,45.8,113,3.0,2023,5,FP3
0 days 00:14:35.693000,28.6,56.0,1019.0,False,46.4,150,1.7,2023,5,FP3
0 days 00:15:35.677000,28.7,56.0,1019.0,False,46.4,144,3.7,2023,5,FP3
0 days 00:16:35.692000,28.7,57.0,1019.0,False,46.8,166,3.7,2023,5,FP3
0 days 00:17:35.691000,28.6,58.0,1019.0,False,46.8,152,3.9,2023,5,FP3
0 days 00:18:35.690000,28.7,58.0,1019.0,False,47.4,110,2.5,2023,5,FP3
0 days 00:19:35.690000,28.8,57.0,1019.0,False,47.5,152,4.0,2023,5,FP3
0 days 00:20:35.689000,28.9,56.0,1019.0,False,47.0,157,4.0,2023,5,FP3
0 days 00:21:35.704000,28.8,57.0,1019.0,False,46.6,136,3.5,2023,5,FP3
0 days 00:22:35.703000,28.8,57.0,1019.0,False,45.7,127,3.9,2023,5,FP3
0 days 00:23:35.718000,28.8,58.0,1019.0,False,46.2,138,3.7,2023,5,FP3
0 days 00:24:35.749000,28.7,58.0,1019.0,False,46.2,143,4.1,2023,5,FP3
0 days 00:25:35.733000,28.6,57.0,1018.9,False,46.2,147,3.7,2023,5,FP3
0 days 00:26:35.732000,28.6,57.0,1019.0,False,44.6,130,3.7,2023,5,FP3
0 days 00:27:35.731000,28.7,56.0,1019.0,False,44.6,141,4.0,2023,5,FP3
0 days 00:28:35.730000,28.8,56.0,1019.0,False,45.6,134,2.0,2023,5,FP3
0 days 00:29:35.730000,28.8,56.0,1019.0,False,45.6,92,3.2,2023,5,FP3
0 days 00:30:35.838000,28.8,56.0,1019.0,False,45.6,110,2.7,2023,5,FP3
0 days 00:31:35.728000,28.9,56.0,1018.9,False,46.1,165,4.0,2023,5,FP3
0 days 00:32:35.728000,28.8,56.0,1018.9,False,45.5,101,4.0,2023,5,FP3
0 days 00:33:35.743000,28.8,57.0,1018.9,False,45.2,144,4.3,2023,5,FP3
0 days 00:34:35.742000,28.7,57.0,1018.9,False,44.8,91,4.6,2023,5,FP3
0 days 00:35:35.742000,28.8,56.0,1018.7,False,45.7,151,2.7,2023,5,FP3
0 days 00:36:35.756000,28.8,56.0,1018.7,False,45.7,184,1.7,2023,5,FP3
0 days 00:37:35.754000,28.8,56.0,1018.7,False,47.6,143,3.4,2023,5,FP3
0 days 00:38:35.739000,29.0,55.0,1018.9,False,47.7,145,2.0,2023,5,FP3
0 days 00:39:35.739000,29.1,54.0,1018.9,False,48.0,157,4.4,2023,5,FP3
0 days 00:40:35.759000,29.1,54.0,1018.7,False,47.8,111,3.5,2023,5,FP3
0 days 00:41:35.769000,29.1,55.0,1018.7,False,47.8,155,3.0,2023,5,FP3
0 days 00:42:35.799000,29.0,55.0,1019.0,False,47.6,196,3.5,2023,5,FP3
0 days 00:43:35.783000,28.9,55.0,1018.9,False,46.9,143,2.5,2023,5,FP3
0 days 00:44:35.782000,29.0,54.0,1018.7,False,48.2,150,3.5,2023,5,FP3
0 days 00:45:35.781000,29.1,54.0,1018.7,False,48.4,186,3.0,2023,5,FP3
0 days 00:46:35.796000,29.1,54.0,1018.7,False,49.0,140,2.0,2023,5,FP3
0 days 00:47:35.811000,29.1,55.0,1018.7,False,48.6,140,1.5,2023,5,FP3
0 days 00:48:35.826000,29.3,54.0,1018.9,False,48.6,147,2.5,2023,5,FP3
0 days 00:49:35.810000,29.1,54.0,1018.7,False,48.6,177,3.0,2023,5,FP3
0 days 00:50:35.809000,29.1,54.0,1018.7,False,47.6,142,1.7,2023,5,FP3
0 days 00:51:35.809000,29.0,54.0,1018.7,False,48.0,112,2.0,2023,5,FP3
0 days 00:52:35.824000,29.2,53.0,1018.7,False,48.1,143,2.9,2023,5,FP3
0 days 00:53:35.823000,29.3,53.0,1018.7,False,49.1,175,4.8,2023,5,FP3
0 days 00:54:35.838000,29.2,54.0,1018.7,False,49.1,157,3.2,2023,5,FP3
0 days 00:55:35.822000,29.2,55.0,1018.7,False,48.7,158,3.5,2023,5,FP3
0 days 00:56:35.837000,29.0,55.0,1018.7,False,48.8,51,1.7,2023,5,FP3
0 days 00:57:35.851000,29.1,55.0,1018.7,False,48.8,142,3.2,2023,5,FP3
0 days 00:58:35.866000,29.1,54.0,1018.7,False,49.6,163,4.5,2023,5,FP3
0 days 00:59:35.866000,29.1,55.0,1018.7,False,49.1,113,3.5,2023,5,FP3
0 days 01:00:35.881000,29.2,54.0,1018.7,False,50.5,148,3.0,2023,5,FP3
0 days 01:01:35.927000,29.2,54.0,1018.7,False,50.5,131,3.5,2023,5,FP3
0 days 01:02:35.895000,29.1,55.0,1018.7,False,49.9,148,2.4,2023,5,FP3
0 days 01:03:35.894000,29.1,55.0,1018.7,False,49.3,17,1.0,2023,5,FP3
0 days 01:04:35.909000,29.0,56.0,1018.7,False,48.4,193,1.2,2023,5,FP3
0 days 01:05:35.924000,29.0,56.0,1018.5,False,47.0,49,1.7,2023,5,FP3
0 days 01:06:35.939000,28.9,56.0,1018.5,False,47.0,49,1.7,2023,5,FP3
0 days 01:07:35.938000,29.0,56.0,1018.5,False,47.0,49,1.7,2023,5,FP3
0 days 01:08:35.953000,29.4,56.0,1018.5,False,47.0,49,1.7,2023,5,FP3
0 days 01:09:35.937000,29.4,56.0,1018.5,False,47.0,49,1.7,2023,5,FP3
0 days 01:10:35.952000,29.4,52.0,1018.5,False,49.8,150,1.8,2023,5,FP3
0 days 01:11:35.951000,29.4,51.0,1018.7,False,49.8,163,2.2,2023,5,FP3
0 days 01:12:35.966000,29.4,52.0,1018.7,False,49.4,133,2.2,2023,5,FP3
0 days 01:13:35.981000,29.4,54.0,1018.7,False,49.4,154,4.0,2023,5,FP3
0 days 01:14:35.981000,29.2,55.0,1018.7,False,49.3,32,1.1,2023,5,FP3
0 days 01:15:36.011000,29.1,55.0,1018.5,False,49.4,109,0.8,2023,5,FP3
0 days 01:16:36.011000,29.2,53.0,1018.5,False,49.4,136,3.5,2023,5,FP3
0 days 01:17:36.026000,29.2,53.0,1018.5,False,51.1,144,4.0,2023,5,FP3
0 days 01:18:36.056000,29.3,55.0,1018.7,False,51.1,224,4.6,2023,5,FP3
0 days 01:19:36.040000,29.2,55.0,1018.7,False,48.6,146,2.7,2023,5,FP3
0 days 01:20:36.070000,29.1,55.0,1018.5,False,47.6,135,4.0,2023,5,FP3
0 days 01:21:36.070000,29.0,55.0,1018.5,False,47.6,135,4.0,2023,5,FP3
0 days 00:00:58.899000,26.5,38.0,1017.0,False,43.9,76,0.4,2023,6,FP3
0 days 00:01:58.882000,26.5,37.0,1017.2,False,44.3,247,0.4,2023,6,FP3
0 days 00:02:58.897000,26.5,37.0,1017.2,False,43.9,263,0.3,2023,6,FP3
0 days 00:03:58.896000,26.9,37.0,1017.2,False,43.9,261,0.3,2023,6,FP3
0 days 00:04:58.896000,26.9,37.0,1017.2,False,43.9,302,1.0,2023,6,FP3
0 days 00:05:58.895000,26.5,38.0,1017.2,False,43.9,317,0.8,2023,6,FP3
0 days 00:06:58.926000,26.6,38.0,1017.0,False,43.9,311,0.6,2023,6,FP3
0 days 00:07:58.894000,26.7,37.0,1017.2,False,44.4,0,0.6,2023,6,FP3
0 days 00:08:58.893000,26.7,37.0,1017.2,False,44.4,0,0.6,2023,6,FP3
0 days 00:09:58.892000,26.6,38.0,1017.2,False,43.8,283,0.3,2023,6,FP3
0 days 00:10:58.892000,26.8,36.0,1017.2,False,44.1,310,0.8,2023,6,FP3
0 days 00:11:58.907000,26.7,37.0,1017.2,False,44.4,290,0.8,2023,6,FP3
0 days 00:12:58.890000,26.7,36.0,1017.2,False,44.6,269,0.8,2023,6,FP3
0 days 00:13:58.890000,26.9,36.0,1017.2,False,44.6,305,0.8,2023,6,FP3
0 days 00:14:58.889000,26.8,36.0,1017.2,False,44.7,0,0.6,2023,6,FP3
0 days 00:15:58.888000,26.8,36.0,1017.2,False,44.8,340,0.6,2023,6,FP3
0 days 00:16:58.903000,26.7,37.0,1017.2,False,44.9,327,0.5,2023,6,FP3
0 days 00:17:58.887000,26.9,36.0,1017.2,False,44.9,0,0.3,2023,6,FP3
0 days 00:18:58.886000,26.9,35.0,1017.2,False,45.1,0,0.6,2023,6,FP3
0 days 00:19:58.885000,27.0,35.0,1017.2,False,45.1,65,0.5,2023,6,FP3
0 days 00:20:58.900000,27.1,34.0,1017.2,False,45.4,0,0.0,2023,6,FP3
0 days 00:21:58.900000,27.1,34.0,1017.2,False,45.5,311,0.5,2023,6,FP3
0 days 00:22:58.899000,27.1,34.0,1017.2,False,45.7,216,0.6,2023,6,FP3
0 days 00:23:58.883000,27.2,34.0,1017.2,False,45.7,183,0.4,2023,6,FP3
0 days 00:24:58.898000,27.3,34.0,1017.2,False,45.8,113,0.4,2023,6,FP3
0 days 00:25:58.897000,27.3,34.0,1017.2,False,45.2,163,0.5,2023,6,FP3
0 days 00:26:58.896000,27.2,34.0,1017.2,False,45.2,108,0.5,2023,6,FP3
0 days 00:27:58.895000,27.3,34.0,1017.2,False,45.5,153,0.8,2023,6,FP3
0 days 00:28:58.895000,27.3,34.0,1017.2,False,45.4,186,0.6,2023,6,FP3
0 days 00:29:58.894000,27.3,34.0,1017.2,False,44.9,161,0.6,2023,6,FP3
0 days 00:30:58.893000,27.3,34.0,1017.2,False,45.1,240,0.8,2023,6,FP3
0 days 00:31:58.893000,27.4,34.0,1017.2,False,45.1,206,0.6,2023,6,FP3
0 days 00:32:58.892000,27.5,34.0,1017.2,False,44.8,246,0.8,2023,6,FP3
0 days 00:33:58.891000,27.5,34.0,1017.4,False,44.6,167,0.8,2023,6,FP3
0 days 00:34:58.891000,27.4,34.0,1017.2,False,44.6,175,0.8,2023,6,FP3
0 days 00:35:58.890000,27.4,34.0,1017.2,False,44.7,0,1.1,2023,6,FP3
0 days 00:36:58.889000,27.5,33.0,1017.2,False,44.9,142,1.2,2023,6,FP3
0 days 00:37:58.904000,27.6,33.0,1017.2,False,44.8,145,1.2,2023,6,FP3
0 days 00:38:58.888000,27.7,32.0,1017.2,False,45.0,148,1.2,2023,6,FP3
0 days 00:39:58.887000,27.7,33.0,1017.2,False,44.9,139,1.2,2023,6,FP3
0 days 00:40:58.886000,27.7,32.0,1017.2,False,44.9,122,1.1,2023,6,FP3
0 days 00:41:58.902000,27.8,32.0,1017.2,False,44.9,193,1.0,2023,6,FP3
0 days 00:42:58.901000,27.8,32.0,1017.2,False,44.9,151,0.8,2023,6,FP3
0 days 00:43:58.900000,27.8,32.0,1017.2,False,45.1,155,0.6,2023,6,FP3
0 days 00:44:58.899000,28.0,32.0,1017.2,False,45.2,193,1.1,2023,6,FP3
0 days 00:45:58.899000,28.0,32.0,1017.2,False,45.2,157,1.1,2023,6,FP3
0 days 00:46:58.898000,27.8,33.0,1017.2,False,45.3,234,0.8,2023,6,FP3
0 days 00:47:58.897000,27.7,33.0,1017.2,False,45.4,211,0.6,2023,6,FP3
0 days 00:48:58.897000,27.7,33.0,1017.2,False,45.4,152,0.5,2023,6,FP3
0 days 00:49:58.896000,27.8,32.0,1017.2,False,45.4,114,1.1,2023,6,FP3
0 days 00:50:58.895000,27.7,33.0,1017.2,False,45.8,0,0.8,2023,6,FP3
0 days 00:51:58.894000,27.5,33.0,1017.4,False,45.9,210,0.6,2023,6,FP3
0 days 00:52:58.894000,27.5,33.0,1017.2,False,46.2,0,0.6,2023,6,FP3
0 days 00:53:58.893000,27.6,33.0,1017.2,False,46.6,0,0.6,2023,6,FP3
0 days 00:54:58.892000,27.7,33.0,1017.2,False,46.7,126,0.6,2023,6,FP3
0 days 00:55:58.892000,27.7,33.0,1017.2,False,46.7,158,0.0,2023,6,FP3
0 days 00:56:58.891000,27.7,32.0,1017.2,False,46.7,143,0.8,2023,6,FP3
0 days 00:57:58.890000,27.7,33.0,1017.2,False,46.7,159,1.1,2023,6,FP3
0 days 00:58:58.890000,27.8,33.0,1017.2,False,46.7,162,1.0,2023,6,FP3
0 days 00:59:58.905000,27.9,32.0,1017.2,False,46.7,145,1.3,2023,6,FP3
0 days 01:00:58.888000,27.8,33.0,1017.2,False,46.7,108,0.8,2023,6,FP3
0 days 01:01:58.903000,27.8,33.0,1017.2,False,46.8,161,0.8,2023,6,FP3
0 days 01:02:58.902000,27.7,33.0,1017.2,False,46.4,127,0.8,2023,6,FP3
0 days 01:03:58.902000,27.7,33.0,1017.2,False,46.2,189,0.6,2023,6,FP3
0 days 01:04:58.901000,27.7,33.0,1017.2,False,46.1,151,1.1,2023,6,FP3
0 days 01:05:58.900000,27.7,33.0,1017.2,False,46.1,199,0.6,2023,6,FP3
0 days 01:06:58.900000,27.7,33.0,1017.4,False,46.1,309,0.6,2023,6,FP3
0 days 01:07:58.899000,27.7,34.0,1017.2,False,45.9,188,0.6,2023,6,FP3
0 days 01:08:58.898000,27.6,34.0,1017.2,False,45.7,156,0.6,2023,6,FP3
0 days 01:09:58.898000,27.7,34.0,1017.2,False,46.5,0,0.6,2023,6,FP3
0 days 01:10:58.897000,27.7,33.0,1017.2,False,46.5,228,0.5,2023,6,FP3
0 days 01:11:58.896000,27.6,33.0,1017.2,False,46.5,166,0.5,2023,6,FP3
0 days 00:00:14.734000,22.0,64.0,1000.7,False,29.5,227,2.2,2023,7,FP3
0 days 00:01:14.749000,22.0,64.0,1000.7,False,29.3,225,1.7,2023,7,FP3
0 days 00:02:14.732000,22.0,64.0,1000.9,False,29.2,208,2.5,2023,7,FP3
0 days 00:03:14.731000,22.1,64.0,1000.7,False,29.0,203,2.2,2023,7,FP3
0 days 00:04:14.761000,22.1,65.0,1000.9,False,29.0,223,2.0,2023,7,FP3
0 days 00:05:14.745000,22.0,65.0,1000.9,False,28.7,221,2.0,2023,7,FP3
0 days 00:06:14.744000,21.8,65.0,1000.9,False,28.5,218,2.5,2023,7,FP3
0 days 00:07:14.743000,21.7,66.0,1000.9,False,28.4,210,2.0,2023,7,FP3
0 days 00:08:14.757000,21.8,66.0,1000.7,False,28.2,222,2.0,2023,7,FP3
0 days 00:09:14.741000,21.7,66.0,1000.7,False,28.1,227,2.4,2023,7,FP3
0 days 00:10:14.739000,21.6,67.0,1000.7,False,28.0,220,2.2,2023,7,FP3
0 days 00:11:14.738000,21.6,67.0,1000.7,False,27.9,226,2.4,2023,7,FP3
0 days 00:12:14.737000,21.5,67.0,1000.7,False,27.6,192,2.2,2023,7,FP3
0 days 00:13:14.736000,21.5,68.0,1000.7,False,27.6,222,3.0,2023,7,FP3
0 days 00:14:14.751000,21.5,70.0,1000.7,False,27.4,218,2.2,2023,7,FP3
0 days 00:15:14.750000,21.4,70.0,1000.7,False,27.2,231,2.2,2023,7,FP3
0 days 00:16:14.749000,21.4,70.0,1000.7,False,27.1,231,2.0,2023,7,FP3
0 days 00:17:14.747000,21.2,71.0,1000.7,False,27.0,203,1.6,2023,7,FP3
0 days 00:18:14.746000,21.2,71.0,1000.7,False,27.0,214,1.8,2023,7,FP3
0 days 00:19:14.745000,21.1,71.0,1000.7,False,26.9,117,2.5,2023,7,FP3
0 days 00:20:14.744000,21.1,72.0,1000.7,False,26.8,355,0.8,2023,7,FP3
0 days 00:21:14.743000,21.1,71.0,1000.9,False,27.3,229,1.0,2023,7,FP3
0 days 00:22:14.742000,21.0,71.0,1000.9,False,27.4,182,0.8,2023,7,FP3
0 days 00:23:14.757000,21.0,71.0,1000.9,False,26.9,54,1.0,2023,7,FP3
0 days 00:24:14.756000,21.0,71.0,1000.9,False,26.9,68,1.1,2023,7,FP3
0 days 00:25:14.755000,21.0,71.0,1000.9,False,26.9,248,1.1,2023,7,FP3
0 days 00:26:14.753000,21.0,72.0,1001.0,True,26.9,235,0.8,2023,7,FP3
0 days 00:27:14.752000,21.0,73.0,1001.0,True,26.6,218,1.6,2023,7,FP3
0 days 00:28:14.751000,20.9,74.0,1001.0,True,26.2,217,1.2,2023,7,FP3
0 days 00:29:14.750000,20.9,74.0,1001.0,True,25.9,221,1.0,2023,7,FP3
0 days 00:30:14.749000,20.7,74.0,1001.0,True,25.7,215,0.8,2023,7,FP3
0 days 00:31:14.748000,20.7,74.0,1001.0,True,25.6,217,1.2,2023,7,FP3
0 days 00:32:14.747000,20.6,75.0,1001.0,True,25.6,199,1.7,2023,7,FP3
0 days 00:33:14.762000,20.5,75.0,1001.0,True,25.3,206,1.6,2023,7,FP3
0 days 00:34:14.761000,20.5,76.0,1001.2,True,25.1,185,1.6,2023,7,FP3
0 days 00:35:14.759000,20.4,77.0,1001.2,True,24.9,216,0.8,2023,7,FP3
0 days 00:36:14.758000,20.4,77.0,1001.2,True,24.9,164,0.8,2023,7,FP3
0 days 00:37:14.757000,20.4,77.0,1001.4,True,24.9,193,1.0,2023,7,FP3
0 days 00:38:14.756000,20.3,77.0,1001.4,True,24.7,264,0.8,2023,7,FP3
0 days 00:39:14.771000,20.3,78.0,1001.4,True,24.7,241,1.0,2023,7,FP3
0 days 00:40:14.755000,20.3,78.0,1001.5,True,24.8,217,0.6,2023,7,FP3
0 days 00:41:14.769000,20.3,78.0,1001.5,True,24.8,197,0.8,2023,7,FP3
0 days 00:42:14.752000,20.3,78.0,1001.4,True,24.5,253,1.1,2023,7,FP3
0 days 00:43:14.766000,20.1,78.0,1001.4,True,24.2,219,1.6,2023,7,FP3
0 days 00:44:14.765000,20.1,79.0,1001.4,True,24.1,214,1.3,2023,7,FP3
0 days 00:45:14.764000,20.0,79.0,1001.2,True,24.0,201,1.7,2023,7,FP3
0 days 00:46:14.763000,20.0,79.0,1001.2,True,24.0,220,1.7,2023,7,FP3
0 days 00:47:14.778000,20.0,79.0,1001.0,True,23.7,214,2.0,2023,7,FP3
0 days 00:48:14.761000,19.9,79.0,1001.0,True,23.7,228,2.0,2023,7,FP3
0 days 00:49:14.760000,19.8,79.0,1001.0,True,23.2,231,1.7,2023,7,FP3
0 days 00:50:14.775000,19.8,79.0,1001.0,True,23.0,213,1.7,2023,7,FP3
0 days 00:51:14.773000,19.8,79.0,1001.0,True,22.9,168,1.7,2023,7,FP3
0 days 00:52:14.772000,19.8,79.0,1001.0,True,22.9,216,1.7,2023,7,FP3
0 days 00:53:14.771000,19.8,79.0,1001.0,True,22.9,216,1.7,2023,7,FP3
0 days 00:54:14.770000,19.7,79.0,1001.0,True,22.9,216,1.7,2023,7,FP3
0 days 00:55:14.769000,19.7,79.0,1001.0,True,22.9,216,1.7,2023,7,FP3
0 days 00:56:14.784000,19.7,79.0,1001.0,True,22.9,216,1.7,2023,7,FP3
0 days 00:57:14.767000,19.7,79.0,1001.0,True,22.9,216,1.7,2023,7,FP3
0 days 00:58:14.766000,19.6,79.0,1001.0,True,22.9,216,1.7,2023,7,FP3
0 days 00:59:14.765000,19.6,79.0,1001.0,True,22.9,216,1.7,2023,7,FP3
0 days 01:00:14.764000,19.6,79.0,1001.0,True,22.9,216,1.7,2023,7,FP3
0 days 01:01:14.778000,19.6,79.0,1001.0,True,22.9,216,1.7,2023,7,FP3
0 days 01:02:14.777000,19.6,79.0,1001.0,True,22.9,216,1.7,2023,7,FP3
0 days 01:03:14.776000,19.6,79.0,1001.0,True,22.9,216,1.7,2023,7,FP3
0 days 01:04:14.775000,19.6,79.0,1001.0,True,22.9,216,1.7,2023,7,FP3
0 days 01:05:14.774000,19.7,81.0,1001.2,True,0.0,70,0.4,2023,7,FP3
0 days 01:06:14.773000,19.6,81.0,1001.2,True,0.0,86,1.7,2023,7,FP3
0 days 01:07:14.772000,19.6,81.0,1001.2,True,0.0,77,0.8,2023,7,FP3
0 days 01:08:14.771000,19.6,81.0,1001.2,True,0.0,44,2.0,2023,7,FP3
0 days 01:09:14.785000,19.6,81.0,1001.2,True,0.0,45,1.5,2023,7,FP3
0 days 01:10:14.784000,19.6,80.0,1001.2,True,0.0,0,1.0,2023,7,FP3
0 days 01:11:14.783000,19.5,81.0,1001.4,True,0.0,0,0.5,2023,7,FP3
0 days 01:12:14.782000,19.5,82.0,1001.4,True,0.0,49,0.0,2023,7,FP3
0 days 01:13:14.781000,19.5,80.0,1001.4,True,0.0,115,0.8,2023,7,FP3
0 days 01:14:14.780000,19.5,80.0,1001.2,True,0.0,92,2.0,2023,7,FP3
0 days 01:15:14.779000,19.6,82.0,1001.4,True,0.0,67,1.0,2023,7,FP3
0 days 01:16:14.778000,19.7,81.0,1001.5,True,0.0,106,2.2,2023,7,FP3
0 days 01:17:14.777000,19.7,80.0,1001.4,True,0.0,51,0.6,2023,7,FP3
0 days 01:18:14.776000,19.8,80.0,1001.5,True,0.0,95,2.0,2023,7,FP3
0 days 01:19:14.775000,19.7,79.0,1001.4,True,0.0,67,1.5,2023,7,FP3
0 days 01:20:14.789000,19.8,80.0,1001.5,True,0.0,113,0.8,2023,7,FP3
0 days 01:21:14.788000,19.7,81.0,1001.4,True,0.0,230,0.8,2023,7,FP3
0 days 00:00:40.093000,14.4,92.0,1004.7,False,17.2,326,2.2,2023,8,FP3
0 days 00:01:40.092000,14.4,92.0,1004.7,False,17.2,322,1.7,2023,8,FP3
0 days 00:02:40.091000,14.4,92.0,1004.7,False,17.2,325,1.8,2023,8,FP3
0 days 00:03:40.090000,14.4,92.0,1004.7,False,17.3,323,1.7,2023,8,FP3
0 days 00:04:40.089000,14.5,92.0,1004.7,False,17.3,345,1.5,2023,8,FP3
0 days 00:05:40.088000,14.4,92.0,1004.9,False,17.5,357,1.7,2023,8,FP3
0 days 00:06:40.118000,14.4,92.0,1004.7,False,17.5,339,2.0,2023,8,FP3
0 days 00:07:40.102000,14.5,92.0,1004.9,False,17.5,341,2.2,2023,8,FP3
0 days 00:08:40.101000,14.5,92.0,1004.9,False,17.4,325,2.2,2023,8,FP3
0 days 00:09:40.131000,14.5,92.0,1004.7,False,17.5,331,2.2,2023,8,FP3
0 days 00:10:40.130000,14.5,91.0,1004.7,False,17.4,348,2.5,2023,8,FP3
0 days 00:11:40.129000,14.5,91.0,1004.9,False,17.4,324,1.8,2023,8,FP3
0 days 00:12:40.127000,14.5,91.0,1004.9,False,17.4,337,1.6,2023,8,FP3
0 days 00:13:40.142000,14.6,91.0,1004.9,False,17.4,323,1.7,2023,8,FP3
0 days 00:14:40.141000,14.6,92.0,1004.9,False,17.5,334,1.8,2023,8,FP3
0 days 00:15:40.156000,14.6,91.0,1004.9,False,17.5,339,2.2,2023,8,FP3
0 days 00:16:40.186000,14.6,91.0,1004.9,False,17.5,325,2.5,2023,8,FP3
0 days 00:17:40.200000,14.6,91.0,1005.0,False,17.3,337,1.7,2023,8,FP3
0 days 00:18:40.184000,14.7,91.0,1004.9,True,17.3,337,2.7,2023,8,FP3
0 days 00:19:40.198000,14.7,91.0,1004.9,True,17.3,311,2.4,2023,8,FP3
0 days 00:20:40.181000,14.7,90.0,1005.0,True,17.3,342,2.5,2023,8,FP3
0 days 00:21:40.196000,14.8,91.0,1004.9,True,17.3,339,2.2,2023,8,FP3
0 days 00:22:40.195000,14.8,90.0,1005.0,True,17.3,344,1.7,2023,8,FP3
0 days 00:23:40.225000,14.8,91.0,1004.9,True,17.3,330,1.7,2023,8,FP3
0 days 00:24:40.224000,14.8,91.0,1005.0,True,17.3,336,1.5,2023,8,FP3
0 days 00:25:40.207000,14.8,91.0,1005.0,True,17.6,332,1.7,2023,8,FP3
0 days 00:26:40.237000,14.8,91.0,1005.0,True,17.6,341,1.6,2023,8,FP3
0 days 00:27:40.236000,14.8,91.0,1005.0,True,17.5,337,1.6,2023,8,FP3
0 days 00:28:40.235000,14.8,91.0,1005.0,True,17.5,350,2.5,2023,8,FP3
0 days 00:29:40.250000,14.8,91.0,1004.9,True,17.4,348,2.4,2023,8,FP3
0 days 00:30:40.264000,14.7,91.0,1004.9,True,17.4,332,2.2,2023,8,FP3
0 days 00:31:40.295000,14.8,91.0,1004.9,True,17.4,308,2.5,2023,8,FP3
0 days 00:32:40.278000,14.8,91.0,1005.0,True,17.4,335,2.0,2023,8,FP3
0 days 00:33:40.292000,14.8,91.0,1004.7,True,17.5,317,2.7,2023,8,FP3
0 days 00:34:40.307000,14.8,90.0,1004.9,True,17.4,345,2.4,2023,8,FP3
0 days 00:35:40.322000,14.8,91.0,1005.0,False,17.4,347,2.0,2023,8,FP3
0 days 00:36:40.321000,14.9,90.0,1004.9,True,17.3,337,1.8,2023,8,FP3
0 days 00:37:40.319000,14.9,90.0,1004.9,True,17.3,337,1.8,2023,8,FP3
0 days 00:38:40.334000,14.8,91.0,1004.9,True,17.5,349,2.0,2023,8,FP3
0 days 00:39:40.333000,14.9,90.0,1004.9,True,17.5,336,2.5,2023,8,FP3
0 days 00:40:40.363000,14.8,90.0,1004.9,True,17.5,335,2.4,2023,8,FP3
0 days 00:41:40.362000,14.8,91.0,1004.9,True,17.5,338,2.2,2023,8,FP3
0 days 00:42:40.361000,14.8,90.0,1004.9,True,17.5,324,2.2,2023,8,FP3
0 days 00:43:40.344000,14.9,90.0,1004.9,False,17.5,330,2.0,2023,8,FP3
0 days 00:44:40.359000,14.9,90.0,1004.9,True,17.4,331,2.2,2023,8,FP3
0 days 00:45:40.358000,14.9,90.0,1004.9,True,17.3,341,2.0,2023,8,FP3
0 days 00:46:40.357000,14.9,90.0,1005.0,True,17.3,327,2.0,2023,8,FP3
0 days 00:47:40.356000,14.8,91.0,1004.9,True,17.4,337,2.0,2023,8,FP3
0 days 00:48:40.354000,14.9,91.0,1005.0,False,17.5,339,2.2,2023,8,FP3
0 days 00:49:40.353000,14.9,90.0,1005.0,False,17.4,329,2.0,2023,8,FP3
0 days 00:50:40.352000,14.9,90.0,1005.0,False,17.4,325,2.9,2023,8,FP3
0 days 00:51:40.351000,14.9,90.0,1004.9,False,17.4,318,2.4,2023,8,FP3
0 days 00:52:40.366000,14.9,90.0,1004.9,True,17.4,326,1.7,2023,8,FP3
0 days 00:53:40.365000,14.9,90.0,1004.9,True,17.3,329,1.7,2023,8,FP3
0 days 00:54:40.364000,14.9,90.0,1004.9,False,17.3,343,1.7,2023,8,FP3
0 days 00:55:40.363000,14.9,90.0,1004.9,False,17.4,344,2.2,2023,8,FP3
0 days 00:56:40.362000,14.9,91.0,1004.9,True,17.4,348,2.5,2023,8,FP3
0 days 00:57:40.360000,14.9,91.0,1005.0,True,17.4,329,2.0,2023,8,FP3
0 days 00:58:40.359000,15.0,90.0,1004.9,False,17.5,334,1.8,2023,8,FP3
0 days 00:59:40.358000,14.9,90.0,1005.0,False,17.6,348,2.0,2023,8,FP3
0 days 01:00:40.357000,15.0,90.0,1005.0,False,17.6,348,2.0,2023,8,FP3
0 days 01:01:40.372000,15.0,90.0,1004.9,True,17.7,341,2.0,2023,8,FP3
0 days 01:02:40.371000,15.0,90.0,1005.0,True,17.7,328,1.7,2023,8,FP3
0 days 01:03:40.370000,15.0,90.0,1004.9,True,17.8,335,1.7,2023,8,FP3
0 days 01:04:40.369000,15.0,90.0,1004.9,True,17.6,332,1.6,2023,8,FP3
0 days 01:05:40.367000,15.1,90.0,1004.9,True,17.7,323,1.7,2023,8,FP3
0 days 01:06:40.366000,15.1,90.0,1004.7,True,17.7,327,1.3,2023,8,FP3
0 days 01:07:40.365000,15.1,91.0,1004.7,True,18.0,346,1.7,2023,8,FP3
0 days 01:08:40.364000,15.1,90.0,1004.9,True,18.0,321,1.7,2023,8,FP3
0 days 01:09:40.363000,15.1,90.0,1004.7,True,17.9,318,2.0,2023,8,FP3
0 days 01:10:40.362000,15.1,90.0,1004.7,True,17.8,330,2.2,2023,8,FP3
0 days 01:11:40.377000,15.1,90.0,1004.7,True,17.8,330,2.2,2023,8,FP3
0 days 01:12:40.376000,15.1,91.0,1004.7,True,17.8,335,1.7,2023,8,FP3
0 days 01:13:40.406000,15.2,91.0,1004.7,True,17.8,312,2.4,2023,8,FP3
0 days 01:14:40.389000,15.1,90.0,1004.7,True,17.4,329,2.2,2023,8,FP3
0 days 00:00:03.906000,22.7,62.0,998.2,False,28.9,200,2.2,2023,10,FP3
0 days 00:01:03.905000,22.7,62.0,998.2,False,28.7,245,2.5,2023,10,FP3
0 days 00:02:03.935000,22.6,63.0,998.2,False,28.6,211,2.0,2023,10,FP3
0 days 00:03:03.950000,22.6,62.0,998.4,False,28.7,244,1.7,2023,10,FP3
0 days 00:04:03.949000,22.5,62.0,998.4,False,28.7,247,1.8,2023,10,FP3
0 days 00:05:03.963000,22.5,63.0,998.5,False,28.4,252,2.0,2023,10,FP3
0 days 00:06:03.946000,22.5,63.0,998.5,False,28.8,240,2.0,2023,10,FP3
0 days 00:07:03.945000,22.5,63.0,998.5,False,28.8,257,1.7,2023,10,FP3
0 days 00:08:03.944000,22.5,63.0,998.5,False,29.1,240,1.2,2023,10,FP3
0 days 00:09:03.943000,22.5,63.0,998.2,False,28.6,242,0.8,2023,10,FP3
0 days 00:10:03.958000,22.6,62.0,998.4,False,28.9,188,2.0,2023,10,FP3
0 days 00:11:03.988000,22.6,62.0,998.4,False,29.1,224,2.0,2023,10,FP3
0 days 00:12:03.987000,22.5,63.0,998.4,False,29.2,237,1.2,2023,10,FP3
0 days 00:13:03.986000,22.5,63.0,998.4,False,29.2,222,1.2,2023,10,FP3
0 days 00:14:03.985000,22.7,62.0,998.2,False,29.2,214,1.7,2023,10,FP3
0 days 00:15:03.984000,22.7,63.0,998.2,False,29.1,212,1.7,2023,10,FP3
0 days 00:16:03.983000,22.7,62.0,998.2,False,29.1,234,1.5,2023,10,FP3
0 days 00:17:03.982000,22.7,62.0,998.4,False,29.1,201,1.6,2023,10,FP3
0 days 00:18:03.980000,22.7,63.0,998.2,False,29.1,198,2.5,2023,10,FP3
0 days 00:19:03.979000,22.6,62.0,998.2,False,28.9,185,2.2,2023,10,FP3
0 days 00:20:03.978000,22.7,63.0,998.4,False,28.7,180,1.7,2023,10,FP3
0 days 00:21:03.977000,22.6,63.0,998.2,False,28.9,187,1.3,2023,10,FP3
0 days 00:22:03.976000,22.6,63.0,998.4,False,28.9,192,1.7,2023,10,FP3
0 days 00:23:04.006000,22.5,63.0,998.4,False,28.8,216,1.3,2023,10,FP3
0 days 00:24:04.005000,22.5,62.0,998.4,False,28.1,198,1.2,2023,10,FP3
0 days 00:25:04.004000,22.6,63.0,998.4,False,28.1,206,2.0,2023,10,FP3
0 days 00:26:04.019000,22.5,63.0,998.5,False,27.9,171,2.0,2023,10,FP3
0 days 00:27:04.033000,22.5,63.0,998.5,False,27.9,162,2.2,2023,10,FP3
0 days 00:28:04.032000,22.6,63.0,998.5,False,27.8,189,1.3,2023,10,FP3
0 days 00:29:04.031000,22.5,64.0,998.5,True,27.6,189,1.5,2023,10,FP3
0 days 00:30:04.046000,22.6,63.0,998.7,True,27.5,207,1.5,2023,10,FP3
0 days 00:31:04.060000,22.5,62.0,998.5,True,27.2,221,1.7,2023,10,FP3
0 days 00:32:04.075000,22.6,62.0,998.7,True,27.2,199,1.0,2023,10,FP3
0 days 00:33:04.089000,22.6,62.0,998.7,False,26.9,208,1.6,2023,10,FP3
0 days 00:34:04.104000,22.5,62.0,998.7,False,26.9,182,1.3,2023,10,FP3
0 days 00:35:04.103000,22.4,63.0,998.7,False,26.8,253,2.2,2023,10,FP3
0 days 00:36:04.117000,22.3,63.0,998.7,False,26.5,186,1.5,2023,10,FP3
0 days 00:37:04.132000,22.3,62.0,998.7,False,26.5,256,2.2,2023,10,FP3
0 days 00:38:04.115000,22.3,63.0,998.9,False,26.6,221,1.8,2023,10,FP3
0 days 00:39:04.114000,22.3,63.0,998.7,False,26.3,188,2.0,2023,10,FP3
0 days 00:40:04.129000,22.3,64.0,998.7,False,26.3,190,2.0,2023,10,FP3
0 days 00:41:04.128000,22.3,63.0,998.9,True,26.4,173,2.2,2023,10,FP3
0 days 00:42:04.127000,22.3,64.0,999.0,True,26.1,207,2.4,2023,10,FP3
0 days 00:43:04.125000,22.2,64.0,999.0,True,26.0,195,2.7,2023,10,FP3
0 days 00:44:04.124000,22.3,66.0,999.0,True,25.4,192,2.5,2023,10,FP3
0 days 00:45:04.123000,22.3,67.0,999.2,True,24.5,186,2.2,2023,10,FP3
0 days 00:46:04.122000,22.2,68.0,999.0,True,24.4,206,2.4,2023,10,FP3
0 days 00:47:04.121000,22.0,69.0,999.2,True,24.3,221,2.4,2023,10,FP3
0 days 00:48:04.120000,21.9,68.0,999.2,True,24.0,199,2.9,2023,10,FP3
0 days 00:49:04.135000,21.8,69.0,999.2,True,23.8,190,2.5,2023,10,FP3
0 days 00:50:04.134000,21.6,70.0,999.2,True,23.5,216,2.5,2023,10,FP3
0 days 00:51:04.148000,21.6,70.0,999.2,True,23.4,200,2.5,2023,10,FP3
0 days 00:52:04.163000,21.5,72.0,999.4,True,23.2,191,2.2,2023,10,FP3
0 days 00:53:04.177000,21.4,72.0,999.4,True,23.3,181,1.8,2023,10,FP3
0 days 00:54:04.176000,21.4,73.0,999.5,True,23.3,187,2.2,2023,10,FP3
0 days 00:55:04.175000,21.3,73.0,999.5,True,23.3,189,1.7,2023,10,FP3
0 days 00:56:04.174000,21.2,72.0,999.5,True,23.3,218,2.0,2023,10,FP3
0 days 00:57:04.189000,21.1,72.0,999.5,True,23.3,203,2.5,2023,10,FP3
0 days 00:58:04.188000,21.2,73.0,999.5,True,23.3,202,2.4,2023,10,FP3
0 days 00:59:04.218000,21.1,74.0,999.4,True,23.1,197,2.4,2023,10,FP3
0 days 01:00:04.232000,21.2,74.0,999.4,True,23.0,199,1.7,2023,10,FP3
0 days 01:01:04.215000,21.1,74.0,999.5,True,22.9,204,2.2,2023,10,FP3
0 days 01:02:04.230000,21.0,74.0,999.4,True,22.9,191,2.0,2023,10,FP3
0 days 01:03:04.229000,21.0,72.0,999.5,True,22.8,222,3.2,2023,10,FP3
0 days 01:04:04.228000,20.9,73.0,999.4,True,22.7,190,2.5,2023,10,FP3
0 days 01:05:04.242000,20.9,73.0,999.4,True,22.6,197,2.5,2023,10,FP3
0 days 01:06:04.241000,20.8,73.0,999.4,True,22.5,245,2.0,2023,10,FP3
0 days 01:07:04.256000,20.8,74.0,999.4,True,22.4,193,2.7,2023,10,FP3
0 days 01:08:04.286000,20.7,74.0,999.4,True,22.1,230,2.0,2023,10,FP3
0 days 01:09:04.285000,20.6,75.0,999.4,True,21.9,186,4.0,2023,10,FP3
0 days 01:10:04.300000,20.5,75.0,999.5,True,21.8,211,3.7,2023,10,FP3
0 days 01:11:04.298000,20.5,76.0,999.4,True,21.7,186,3.4,2023,10,FP3
0 days 01:12:04.313000,20.4,76.0,999.5,True,21.7,178,2.7,2023,10,FP3
0 days 01:13:04.312000,20.3,76.0,999.5,True,21.6,193,3.0,2023,10,FP3
0 days 01:14:04.311000,20.2,77.0,999.2,True,21.6,187,2.5,2023,10,FP3
0 days 01:15:04.310000,20.0,77.0,999.4,True,21.5,227,2.7,2023,10,FP3
0 days 01:16:04.309000,19.9,78.0,999.4,True,21.5,191,2.5,2023,10,FP3
0 days 01:17:04.308000,19.9,78.0,999.4,True,21.4,200,2.7,2023,10,FP3
0 days 01:18:04.322000,19.8,79.0,999.2,True,21.4,185,2.7,2023,10,FP3
0 days 01:19:04.337000,19.6,79.0,999.4,True,21.4,185,2.2,2023,10,FP3
0 days 01:20:04.336000,19.6,80.0,999.4,True,21.4,186,2.5,2023,10,FP3
0 days 01:21:04.350000,19.5,80.0,999.5,True,21.3,202,3.5,2023,10,FP3
0 days 00:00:47.581000,24.1,50.0,988.0,False,43.5,268,3.0,2023,11,FP3
0 days 00:01:47.612000,24.0,50.0,988.0,False,44.0,261,2.7,2023,11,FP3
0 days 00:02:47.627000,24.2,51.0,988.0,False,44.2,268,1.8,2023,11,FP3
0 days 00:03:47.642000,24.1,51.0,988.0,False,44.4,287,2.7,2023,11,FP3
0 days 00:04:47.657000,24.1,49.0,988.0,False,44.6,291,3.0,2023,11,FP3
0 days 00:05:47.656000,24.3,48.0,988.0,False,44.6,273,3.0,2023,11,FP3
0 days 00:06:47.671000,24.2,48.0,988.0,False,44.6,257,3.2,2023,11,FP3
0 days 00:07:47.670000,24.3,49.0,988.0,False,44.0,281,2.2,2023,11,FP3
0 days 00:08:47.670000,24.6,48.0,988.2,False,44.5,275,2.5,2023,11,FP3
0 days 00:09:47.700000,24.6,48.0,988.2,False,44.5,288,3.0,2023,11,FP3
0 days 00:10:47.684000,24.3,48.0,988.2,False,44.0,273,2.7,2023,11,FP3
0 days 00:11:47.700000,24.3,48.0,988.2,False,44.0,295,2.0,2023,11,FP3
0 days 00:12:47.698000,24.2,48.0,988.2,False,43.9,293,1.5,2023,11,FP3
0 days 00:13:47.699000,24.2,50.0,988.2,False,44.6,268,2.4,2023,11,FP3
0 days 00:14:47.697000,24.3,50.0,988.2,False,44.8,276,2.5,2023,11,FP3
0 days 00:15:47.696000,24.3,48.0,988.2,False,44.7,299,3.0,2023,11,FP3
0 days 00:16:47.711000,24.3,48.0,988.2,False,44.7,292,2.5,2023,11,FP3
0 days 00:17:47.726000,24.3,48.0,988.2,False,44.6,285,2.9,2023,11,FP3
0 days 00:18:47.726000,24.3,47.0,988.2,False,44.8,243,1.7,2023,11,FP3
0 days 00:19:47.725000,24.3,47.0,988.2,False,44.8,243,1.7,2023,11,FP3
0 days 00:20:47.740000,24.3,48.0,988.2,False,44.8,258,1.6,2023,11,FP3
0 days 00:21:47.739000,24.3,49.0,988.4,False,45.4,275,1.7,2023,11,FP3
0 days 00:22:47.738000,24.5,50.0,988.2,False,45.1,279,1.8,2023,11,FP3
0 days 00:23:47.753000,24.5,48.0,988.4,False,45.5,292,2.2,2023,11,FP3
0 days 00:24:47.768000,24.5,46.0,988.2,False,45.5,278,3.4,2023,11,FP3
0 days 00:25:47.783000,24.4,46.0,988.4,False,45.7,280,3.5,2023,11,FP3
0 days 00:26:47.783000,24.4,46.0,988.2,False,45.0,271,3.0,2023,11,FP3
0 days 00:27:47.797000,24.5,46.0,988.2,False,44.8,279,2.2,2023,11,FP3
0 days 00:28:47.812000,24.6,47.0,988.4,False,45.1,271,1.7,2023,11,FP3
0 days 00:29:47.812000,24.6,47.0,988.4,False,45.1,0,1.1,2023,11,FP3
0 days 00:30:47.827000,24.6,47.0,988.2,False,45.6,287,2.2,2023,11,FP3
0 days 00:31:47.857000,24.6,45.0,988.2,False,45.6,279,2.5,2023,11,FP3
0 days 00:32:47.857000,24.7,46.0,988.2,False,45.7,297,2.4,2023,11,FP3
0 days 00:33:47.856000,24.7,46.0,988.0,False,45.7,297,3.7,2023,11,FP3
0 days 00:34:47.871000,24.5,46.0,988.2,False,45.7,265,2.5,2023,11,FP3
0 days 00:35:47.870000,24.4,47.0,988.2,False,45.1,218,2.2,2023,11,FP3
0 days 00:36:47.870000,24.4,48.0,988.2,False,45.2,156,2.2,2023,11,FP3
0 days 00:37:47.884000,24.4,48.0,988.2,False,45.3,274,2.9,2023,11,FP3
0 days 00:38:47.884000,24.4,46.0,988.2,False,45.3,285,2.7,2023,11,FP3
0 days 00:39:47.883000,24.4,46.0,988.2,False,45.8,273,2.4,2023,11,FP3
0 days 00:40:47.882000,24.4,47.0,988.2,False,45.5,273,2.2,2023,11,FP3
0 days 00:41:47.882000,24.5,46.0,988.0,False,46.3,261,2.5,2023,11,FP3
0 days 00:42:47.897000,24.6,46.0,988.0,False,46.3,282,1.8,2023,11,FP3
0 days 00:43:47.896000,24.6,46.0,988.0,False,46.3,343,2.5,2023,11,FP3
0 days 00:44:47.911000,24.7,46.0,988.0,False,46.0,311,1.2,2023,11,FP3
0 days 00:45:47.926000,24.8,46.0,988.0,False,46.2,298,1.5,2023,11,FP3
0 days 00:46:47.925000,24.9,45.0,988.0,False,46.3,280,3.4,2023,11,FP3
0 days 00:47:47.925000,24.9,44.0,988.0,False,46.3,278,2.9,2023,11,FP3
0 days 00:48:47.955000,24.8,46.0,988.2,False,46.2,277,2.4,2023,11,FP3
0 days 00:49:47.970000,24.7,46.0,988.0,False,45.8,280,1.7,2023,11,FP3
0 days 00:50:47.954000,24.8,45.0,988.0,False,46.0,319,2.2,2023,11,FP3
0 days 00:51:47.953000,24.7,46.0,988.2,False,46.0,265,1.5,2023,11,FP3
0 days 00:52:47.968000,24.6,46.0,988.0,False,46.0,269,2.5,2023,11,FP3
0 days 00:53:47.967000,24.7,47.0,988.0,False,46.8,287,2.0,2023,11,FP3
0 days 00:54:47.967000,24.7,45.0,988.0,False,46.8,276,2.7,2023,11,FP3
0 days 00:55:47.982000,24.8,45.0,988.0,False,46.9,295,2.5,2023,11,FP3
0 days 00:56:47.981000,24.8,45.0,988.0,False,47.5,295,3.4,2023,11,FP3
0 days 00:57:47.980000,24.8,44.0,988.0,False,47.5,281,3.5,2023,11,FP3
0 days 00:58:47.995000,24.9,43.0,988.2,False,47.0,272,3.4,2023,11,FP3
0 days 00:59:47.995000,24.7,45.0,988.0,False,46.8,261,2.2,2023,11,FP3
0 days 01:00:48.009000,24.7,45.0,988.0,False,46.4,259,2.2,2023,11,FP3
0 days 01:01:48.009000,24.7,46.0,988.0,False,46.5,280,2.5,2023,11,FP3
0 days 01:02:48.008000,24.8,44.0,988.0,False,47.3,284,2.2,2023,11,FP3
0 days 01:03:48.023000,24.8,43.0,988.0,False,47.3,274,2.5,2023,11,FP3
0 days 01:04:48.007000,24.9,43.0,988.0,False,47.3,267,2.5,2023,11,FP3
0 days 01:05:48.022000,24.9,43.0,988.0,False,47.1,262,3.0,2023,11,FP3
0 days 01:06:48.021000,24.8,44.0,988.0,False,47.1,288,2.5,2023,11,FP3
0 days 01:07:48.020000,24.9,43.0,988.0,False,46.9,296,2.7,2023,11,FP3
0 days 01:08:48.020000,25.0,42.0,988.0,False,47.1,283,3.0,2023,11,FP3
0 days 01:09:48.035000,24.9,43.0,988.0,False,46.4,259,2.5,2023,11,FP3
0 days 01:10:48.034000,24.8,44.0,988.0,False,46.2,202,2.4,2023,11,FP3
0 days 01:11:48.033000,24.9,45.0,987.9,False,46.8,298,1.1,2023,11,FP3
0 days 01:12:48.048000,24.9,43.0,988.0,False,47.5,273,1.7,2023,11,FP3
0 days 01:13:48.063000,24.9,43.0,988.0,False,47.5,283,2.2,2023,11,FP3
0 days 01:14:48.078000,25.0,42.0,987.9,False,48.0,273,3.2,2023,11,FP3
0 days 01:15:48.093000,25.1,41.0,988.0,False,48.0,280,3.7,2023,11,FP3
0 days 01:16:48.108000,25.1,41.0,987.9,False,47.0,257,1.6,2023,11,FP3
0 days 01:17:48.107000,25.1,41.0,987.9,False,46.8,273,1.8,2023,11,FP3
0 days 01:18:48.107000,25.1,42.0,988.0,False,47.0,311,1.7,2023,11,FP3
0 days 01:19:48.106000,25.2,42.0,988.0,False,46.9,264,2.5,2023,11,FP3
0 days 01:20:48.105000,25.2,42.0,988.0,False,46.9,284,2.2,2023,11,FP3
0 days 01:21:48.105000,25.1,42.0,988.0,False,46.8,259,1.8,2023,11,FP3
0 days 00:00:39.625000,14.6,90.0,1008.9,True,16.8,207,2.0,2023,13,FP3
0 days 00:01:39.609000,14.5,89.0,1008.9,True,16.8,203,2.0,2023,13,FP3
0 days 00:02:39.624000,14.5,89.0,1008.7,True,16.8,205,2.0,2023,13,FP3
0 days 00:03:39.623000,14.6,89.0,1008.9,True,16.9,200,2.0,2023,13,FP3
0 days 00:04:39.607000,14.6,89.0,1008.9,True,17.1,207,1.7,2023,13,FP3
0 days 00:05:39.606000,14.6,89.0,1008.9,True,17.2,200,2.2,2023,13,FP3
0 days 00:06:39.621000,14.7,89.0,1008.7,True,17.3,208,2.0,2023,13,FP3
0 days 00:07:39.620000,14.7,89.0,1008.7,True,17.5,209,1.8,2023,13,FP3
0 days 00:08:39.620000,14.7,88.0,1008.7,True,17.5,203,1.7,2023,13,FP3
0 days 00:09:39.619000,14.9,88.0,1008.7,True,17.5,201,1.3,2023,13,FP3
0 days 00:10:39.618000,14.8,87.0,1008.7,True,18.2,217,1.6,2023,13,FP3
0 days 00:11:39.618000,14.9,87.0,1008.7,True,18.2,221,1.2,2023,13,FP3
0 days 00:12:39.633000,14.9,86.0,1008.7,False,18.3,203,1.6,2023,13,FP3
0 days 00:13:39.632000,14.9,86.0,1008.7,False,18.4,212,1.5,2023,13,FP3
0 days 00:14:39.616000,15.1,86.0,1008.7,False,18.8,213,1.5,2023,13,FP3
0 days 00:15:39.615000,15.2,86.0,1008.7,False,19.1,216,1.6,2023,13,FP3
0 days 00:16:39.614000,15.4,86.0,1008.7,False,19.1,202,1.2,2023,13,FP3
0 days 00:17:39.614000,15.5,86.0,1008.7,False,19.2,184,1.1,2023,13,FP3
0 days 00:18:39.629000,15.7,87.0,1008.7,False,19.2,221,1.2,2023,13,FP3
0 days 00:19:39.628000,15.9,87.0,1008.7,False,19.5,212,1.1,2023,13,FP3
0 days 00:20:39.627000,16.0,89.0,1008.7,True,20.4,167,1.7,2023,13,FP3
0 days 00:21:39.611000,16.2,89.0,1008.7,True,20.5,186,1.7,2023,13,FP3
0 days 00:22:39.610000,16.3,88.0,1008.7,True,21.3,188,1.7,2023,13,FP3
0 days 00:23:39.641000,16.5,90.0,1008.7,True,21.3,196,2.2,2023,13,FP3
0 days 00:24:39.640000,16.7,87.0,1008.7,False,22.6,195,3.2,2023,13,FP3
0 days 00:25:39.639000,16.9,88.0,1008.7,False,22.5,198,2.4,2023,13,FP3
0 days 00:26:39.639000,16.9,87.0,1008.7,False,21.8,198,3.0,2023,13,FP3
0 days 00:27:39.654000,17.0,85.0,1008.7,True,21.8,210,2.7,2023,13,FP3
0 days 00:28:39.684000,17.0,85.0,1008.7,True,21.3,203,2.7,2023,13,FP3
0 days 00:29:39.684000,17.0,85.0,1008.7,False,21.2,200,2.2,2023,13,FP3
0 days 00:30:39.683000,17.0,85.0,1008.7,False,21.2,208,2.5,2023,13,FP3
0 days 00:31:39.667000,17.0,85.0,1008.7,False,21.4,202,2.0,2023,13,FP3
0 days 00:32:39.666000,17.0,85.0,1008.7,True,21.5,190,2.7,2023,13,FP3
0 days 00:33:39.681000,17.0,83.0,1008.7,True,21.4,185,2.9,2023,13,FP3
0 days 00:34:39.696000,17.1,83.0,1008.7,True,21.1,193,2.4,2023,13,FP3
0 days 00:35:39.695000,17.1,83.0,1008.7,True,20.9,198,2.5,2023,13,FP3
0 days 00:36:39.726000,17.1,83.0,1008.7,True,20.7,200,2.2,2023,13,FP3
0 days 00:37:39.725000,17.1,85.0,1008.7,True,20.7,203,2.5,2023,13,FP3
0 days 00:38:39.724000,17.0,83.0,1008.7,True,20.1,202,4.5,2023,13,FP3
0 days 00:39:39.739000,17.0,83.0,1008.7,True,19.4,193,3.5,2023,13,FP3
0 days 00:40:39.723000,16.9,84.0,1008.9,True,19.3,204,3.7,2023,13,FP3
0 days 00:41:39.723000,16.8,85.0,1008.9,True,19.1,205,3.4,2023,13,FP3
0 days 00:42:39.722000,16.9,85.0,1008.7,True,19.1,193,3.0,2023,13,FP3
0 days 00:43:39.721000,16.9,85.0,1008.7,True,19.4,218,2.7,2023,13,FP3
0 days 00:44:39.736000,16.8,86.0,1008.7,True,19.5,185,2.5,2023,13,FP3
0 days 00:45:39.720000,16.8,85.0,1008.7,False,19.6,208,2.5,2023,13,FP3
0 days 00:46:39.735000,16.8,84.0,1008.7,True,19.6,195,2.7,2023,13,FP3
0 days 00:47:39.765000,16.8,84.0,1008.7,True,19.6,205,3.2,2023,13,FP3
0 days 00:48:39.765000,16.9,84.0,1008.9,False,19.5,203,3.4,2023,13,FP3
0 days 00:49:39.764000,16.9,83.0,1008.7,False,19.4,204,3.9,2023,13,FP3
0 days 00:50:39.779000,16.8,84.0,1009.0,False,19.3,194,3.4,2023,13,FP3
0 days 00:51:39.778000,16.9,82.0,1008.9,False,19.3,209,3.5,2023,13,FP3
0 days 00:52:39.809000,16.8,83.0,1008.9,False,19.3,199,3.7,2023,13,FP3
0 days 00:53:39.777000,16.8,82.0,1008.9,False,19.2,200,3.4,2023,13,FP3
0 days 00:54:39.776000,16.9,83.0,1008.7,False,19.0,199,3.4,2023,13,FP3
0 days 00:55:39.791000,16.9,84.0,1008.7,False,18.9,195,2.9,2023,13,FP3
0 days 00:56:39.775000,16.9,85.0,1008.9,False,18.9,189,2.5,2023,13,FP3
0 days 00:57:39.790000,16.9,84.0,1009.0,False,18.9,199,2.9,2023,13,FP3
0 days 00:58:39.805000,16.9,84.0,1008.9,False,18.9,198,3.4,2023,13,FP3
0 days 00:59:39.804000,16.9,83.0,1009.0,False,18.9,201,3.2,2023,13,FP3
0 days 01:00:39.819000,16.9,83.0,1008.9,False,18.8,198,3.2,2023,13,FP3
0 days 01:01:39.818000,16.9,83.0,1008.7,False,18.8,185,3.2,2023,13,FP3
0 days 01:02:39.818000,16.9,83.0,1008.9,False,18.8,209,3.4,2023,13,FP3
0 days 01:03:39.833000,17.0,82.0,1008.9,False,18.7,199,3.2,2023,13,FP3
0 days 01:04:39.848000,17.0,82.0,1009.0,False,18.8,211,3.2,2023,13,FP3
0 days 01:05:39.862000,17.0,82.0,1009.0,False,18.8,192,3.5,2023,13,FP3
0 days 01:06:39.862000,17.0,82.0,1009.0,True,18.6,198,3.5,2023,13,FP3
0 days 01:07:39.877000,16.9,79.0,1009.0,True,18.6,193,3.4,2023,13,FP3
0 days 01:08:39.892000,16.8,79.0,1009.0,False,18.5,200,3.0,2023,13,FP3
0 days 01:09:39.891000,16.8,76.0,1009.0,False,18.5,196,2.9,2023,13,FP3
0 days 01:10:39.906000,16.8,75.0,1009.0,False,18.5,205,3.5,2023,13,FP3
0 days 01:11:39.905000,17.0,76.0,1009.0,False,18.3,203,3.2,2023,13,FP3
0 days 01:12:39.905000,17.0,79.0,1009.0,False,18.1,195,3.0,2023,13,FP3
0 days 01:13:39.904000,17.0,81.0,1009.0,False,18.0,188,3.0,2023,13,FP3
0 days 01:14:39.903000,16.9,81.0,1009.0,False,17.9,200,3.2,2023,13,FP3
0 days 01:15:39.903000,16.8,80.0,1008.9,False,17.9,198,3.0,2023,13,FP3
0 days 01:16:39.902000,16.6,79.0,1008.9,False,17.9,203,2.9,2023,13,FP3
0 days 01:17:39.917000,16.6,78.0,1008.9,False,17.9,198,3.0,2023,13,FP3
0 days 01:18:39.885000,16.5,77.0,1008.9,False,17.9,200,2.9,2023,13,FP3
0 days 01:19:39.900000,16.5,78.0,1008.9,False,17.9,191,2.7,2023,13,FP3
0 days 01:20:39.899000,16.5,78.0,1008.9,False,17.9,214,2.2,2023,13,FP3
0 days 01:21:39.899000,16.5,78.0,1009.0,False,17.9,199,3.4,2023,13,FP3
0 days 00:00:29.664000,26.2,52.0,999.9,False,38.0,141,0.6,2023,14,FP3
0 days 00:01:29.663000,26.2,52.0,999.7,False,37.7,126,1.2,2023,14,FP3
0 days 00:02:29.662000,26.2,50.0,999.7,False,37.7,157,0.8,2023,14,FP3
0 days 00:03:29.661000,26.1,50.0,999.7,False,38.5,167,1.7,2023,14,FP3
0 days 00:04:29.660000,26.2,50.0,999.7,False,38.0,153,1.2,2023,14,FP3
0 days 00:05:29.675000,26.2,51.0,999.7,False,38.0,153,1.7,2023,14,FP3
0 days 00:06:29.674000,26.2,51.0,999.7,False,38.0,201,1.3,2023,14,FP3
0 days 00:07:29.657000,26.2,51.0,999.7,False,38.1,189,1.1,2023,14,FP3
0 days 00:08:29.672000,26.1,52.0,999.7,False,37.4,249,0.6,2023,14,FP3
0 days 00:09:29.671000,26.1,51.0,999.7,False,37.4,171,0.6,2023,14,FP3
0 days 00:10:29.669000,26.1,51.0,999.5,False,37.5,149,1.6,2023,14,FP3
0 days 00:11:29.684000,26.2,52.0,999.7,False,39.2,176,1.7,2023,14,FP3
0 days 00:12:29.683000,26.3,50.0,999.5,False,39.2,151,1.2,2023,14,FP3
0 days 00:13:29.682000,26.4,49.0,999.7,False,39.0,169,1.2,2023,14,FP3
0 days 00:14:29.712000,26.2,49.0,999.7,False,38.9,191,0.8,2023,14,FP3
0 days 00:15:29.711000,26.2,49.0,999.7,False,38.4,283,0.6,2023,14,FP3
0 days 00:16:29.726000,26.3,49.0,999.5,False,38.1,317,0.4,2023,14,FP3
0 days 00:17:29.725000,26.2,49.0,999.5,False,38.1,311,1.2,2023,14,FP3
0 days 00:18:29.724000,26.2,50.0,999.7,False,38.2,297,1.1,2023,14,FP3
0 days 00:19:29.722000,26.3,49.0,999.7,False,38.7,173,0.8,2023,14,FP3
0 days 00:20:29.737000,26.4,49.0,999.7,False,39.1,179,1.0,2023,14,FP3
0 days 00:21:29.736000,26.5,48.0,999.5,False,39.6,168,1.7,2023,14,FP3
0 days 00:22:29.751000,26.8,48.0,999.7,False,39.7,149,2.0,2023,14,FP3
0 days 00:23:29.765000,26.8,47.0,999.5,False,39.7,152,1.8,2023,14,FP3
0 days 00:24:29.795000,26.7,48.0,999.5,False,39.6,138,1.5,2023,14,FP3
0 days 00:25:29.810000,26.6,48.0,999.5,False,39.7,170,1.6,2023,14,FP3
0 days 00:26:29.809000,26.6,49.0,999.5,False,40.3,155,1.5,2023,14,FP3
0 days 00:27:29.808000,26.6,49.0,999.5,False,40.3,160,1.2,2023,14,FP3
0 days 00:28:29.807000,26.7,47.0,999.7,False,40.1,191,0.8,2023,14,FP3
0 days 00:29:29.806000,26.7,48.0,999.7,False,40.1,0,0.8,2023,14,FP3
0 days 00:30:29.805000,26.6,49.0,999.7,False,37.9,172,0.6,2023,14,FP3
0 days 00:31:29.804000,26.6,49.0,999.7,False,37.1,131,1.1,2023,14,FP3
0 days 00:32:29.818000,26.6,49.0,999.7,False,36.7,156,1.7,2023,14,FP3
0 days 00:33:29.817000,26.5,48.0,999.7,False,36.3,176,2.0,2023,14,FP3
0 days 00:34:29.816000,26.5,49.0,999.7,False,36.1,179,1.7,2023,14,FP3
0 days 00:35:29.831000,26.5,49.0,999.7,False,36.1,159,1.7,2023,14,FP3
0 days 00:36:29.830000,26.5,49.0,999.7,False,37.2,146,1.8,2023,14,FP3
0 days 00:37:29.829000,26.6,49.0,999.7,False,38.0,144,1.5,2023,14,FP3
0 days 00:38:29.843000,26.7,48.0,999.7,False,38.6,155,1.5,2023,14,FP3
0 days 00:39:29.858000,26.6,49.0,999.5,False,38.4,148,1.2,2023,14,FP3
0 days 00:40:29.857000,26.6,49.0,999.5,False,38.0,148,1.5,2023,14,FP3
0 days 00:41:29.856000,26.5,49.0,999.7,False,38.2,175,1.0,2023,14,FP3
0 days 00:42:29.870000,26.6,49.0,999.7,False,38.9,157,1.2,2023,14,FP3
0 days 00:43:29.869000,26.7,48.0,999.7,False,39.5,191,1.5,2023,14,FP3
0 days 00:44:29.884000,26.8,48.0,999.5,False,39.8,186,1.1,2023,14,FP3
0 days 00:45:29.898000,26.8,47.0,999.7,False,40.0,198,1.3,2023,14,FP3
0 days 00:46:29.913000,26.8,48.0,999.7,False,40.0,202,1.3,2023,14,FP3
0 days 00:47:29.912000,26.9,48.0,999.7,False,40.2,168,1.6,2023,14,FP3
0 days 00:48:29.926000,26.9,47.0,999.7,False,40.2,133,1.3,2023,14,FP3
0 days 00:49:29.941000,26.9,47.0,999.7,False,40.2,125,1.0,2023,14,FP3
0 days 00:50:29.940000,26.8,47.0,999.5,False,40.7,197,1.1,2023,14,FP3
0 days 00:51:29.954000,26.9,48.0,999.5,False,40.7,144,1.7,2023,14,FP3
0 days 00:52:29.969000,26.9,48.0,999.5,False,40.7,175,1.8,2023,14,FP3
0 days 00:53:29.984000,26.9,48.0,999.5,False,41.1,176,1.6,2023,14,FP3
0 days 00:54:29.983000,27.0,47.0,999.5,False,41.1,150,1.6,2023,14,FP3
0 days 00:55:30.013000,27.1,48.0,999.5,False,40.5,153,2.0,2023,14,FP3
0 days 00:56:30.012000,27.2,47.0,999.7,False,40.9,154,2.2,2023,14,FP3
0 days 00:57:30.011000,27.3,47.0,999.5,False,41.1,118,2.2,2023,14,FP3
0 days 00:58:30.025000,27.4,47.0,999.5,False,41.4,139,1.0,2023,14,FP3
0 days 00:59:30.040000,27.3,47.0,999.7,False,41.8,151,2.0,2023,14,FP3
0 days 01:00:30.039000,27.2,47.0,999.5,False,41.9,154,1.2,2023,14,FP3
0 days 01:01:30.053000,27.2,47.0,999.5,False,41.9,207,2.0,2023,14,FP3
0 days 01:02:30.052000,27.2,48.0,999.5,False,41.4,298,1.2,2023,14,FP3
0 days 01:03:30.051000,27.1,46.0,999.5,False,41.3,88,0.8,2023,14,FP3
0 days 01:04:30.066000,27.1,46.0,999.5,False,41.9,88,0.6,2023,14,FP3
0 days 01:05:30.080000,27.2,46.0,999.5,False,41.9,162,1.1,2023,14,FP3
0 days 01:06:30.079000,27.3,46.0,999.5,False,41.9,155,1.6,2023,14,FP3
0 days 01:07:30.078000,27.3,46.0,999.5,False,42.0,126,1.1,2023,14,FP3
0 days 01:08:30.093000,27.3,46.0,999.5,False,42.0,138,1.7,2023,14,FP3
0 days 01:09:30.107000,27.2,46.0,999.5,False,42.0,174,1.6,2023,14,FP3
0 days 01:10:30.106000,27.3,47.0,999.5,False,42.0,184,1.7,2023,14,FP3
0 days 01:11:30.090000,27.4,45.0,999.7,False,42.0,77,0.8,2023,14,FP3
0 days 01:12:30.120000,27.4,45.0,999.5,False,42.4,225,1.1,2023,14,FP3
0 days 01:13:30.119000,27.3,45.0,999.7,False,42.3,190,1.7,2023,14,FP3
0 days 01:14:30.118000,27.3,45.0,999.7,False,42.1,177,1.8,2023,14,FP3
0 days 01:15:30.117000,27.1,45.0,999.7,False,42.1,61,0.8,2023,14,FP3
0 days 01:16:30.131000,27.1,44.0,999.7,False,42.4,190,0.8,2023,14,FP3
0 days 01:17:30.130000,27.3,46.0,999.7,False,42.3,146,1.6,2023,14,FP3
0 days 01:18:30.129000,27.3,46.0,999.7,False,41.9,147,1.6,2023,14,FP3
0 days 01:19:30.159000,27.4,46.0,999.7,False,42.5,140,1.6,2023,14,FP3
0 days 01:20:30.158000,27.4,45.0,999.7,False,42.5,135,0.8,2023,14,FP3
0 days 00:00:17.441000,31.1,69.0,1007.5,False,39.0,189,2.0,2023,15,FP3
0 days 00:01:17.440000,31.1,69.0,1007.5,False,39.0,193,2.2,2023,15,FP3
0 days 00:02:17.439000,31.1,69.0,1007.5,False,39.4,194,2.2,2023,15,FP3
0 days 00:03:17.439000,31.1,69.0,1007.4,False,39.4,196,2.0,2023,15,FP3
0 days 00:04:17.438000,31.1,68.0,1007.4,False,39.3,186,2.0,2023,15,FP3
0 days 00:05:17.453000,31.0,68.0,1007.4,False,39.1,195,2.2,2023,15,FP3
0 days 00:06:17.437000,31.1,68.0,1007.5,False,39.0,178,2.2,2023,15,FP3
0 days 00:07:17.452000,31.1,68.0,1007.4,False,38.9,168,2.5,2023,15,FP3
0 days 00:08:17.482000,31.1,68.0,1007.5,False,38.9,185,2.2,2023,15,FP3
0 days 00:09:17.481000,31.1,69.0,1007.5,False,38.9,184,1.7,2023,15,FP3
0 days 00:10:17.497000,31.1,69.0,1007.4,False,39.2,173,2.2,2023,15,FP3
0 days 00:11:17.496000,31.1,70.0,1007.4,False,39.2,173,1.7,2023,15,FP3
0 days 00:12:17.495000,31.0,70.0,1007.4,False,39.1,196,2.0,2023,15,FP3
0 days 00:13:17.494000,31.0,69.0,1007.4,False,39.1,194,2.5,2023,15,FP3
0 days 00:14:17.494000,31.1,70.0,1007.4,False,39.1,192,2.4,2023,15,FP3
0 days 00:15:17.493000,31.1,69.0,1007.4,False,38.9,188,2.2,2023,15,FP3
0 days 00:16:17.492000,31.0,70.0,1007.4,False,38.9,185,2.2,2023,15,FP3
0 days 00:17:17.492000,31.1,69.0,1007.4,False,39.1,187,2.0,2023,15,FP3
0 days 00:18:17.491000,31.1,69.0,1007.5,False,39.1,193,2.2,2023,15,FP3
0 days 00:19:17.490000,31.1,69.0,1007.4,False,39.0,168,1.7,2023,15,FP3
0 days 00:20:17.490000,31.1,69.0,1007.4,False,38.8,185,2.5,2023,15,FP3
0 days 00:21:17.489000,31.1,68.0,1007.5,False,38.9,193,2.0,2023,15,FP3
0 days 00:22:17.504000,31.2,67.0,1007.5,False,38.9,193,2.4,2023,15,FP3
0 days 00:23:17.519000,31.2,68.0,1007.5,False,38.8,193,2.2,2023,15,FP3
0 days 00:24:17.503000,31.2,68.0,1007.5,False,38.8,176,2.2,2023,15,FP3
0 days 00:25:17.518000,31.3,68.0,1007.5,False,39.1,193,2.0,2023,15,FP3
0 days 00:26:17.533000,31.3,68.0,1007.4,False,39.0,165,2.0,2023,15,FP3
0 days 00:27:17.548000,31.3,67.0,1007.4,False,39.0,179,2.5,2023,15,FP3
0 days 00:28:17.563000,31.2,68.0,1007.4,False,38.6,187,2.5,2023,15,FP3
0 days 00:29:17.578000,31.2,68.0,1007.4,False,38.6,185,2.2,2023,15,FP3
0 days 00:30:17.577000,31.2,69.0,1007.4,False,38.6,174,2.2,2023,15,FP3
0 days 00:31:17.576000,31.2,69.0,1007.2,False,38.7,183,1.7,2023,15,FP3
0 days 00:32:17.576000,31.2,68.0,1007.4,False,38.8,183,2.5,2023,15,FP3
0 days 00:33:17.575000,31.2,68.0,1007.4,False,38.7,186,2.7,2023,15,FP3
0 days 00:34:17.574000,31.1,69.0,1007.4,False,38.5,189,2.2,2023,15,FP3
0 days 00:35:17.589000,31.2,68.0,1007.4,False,38.4,178,2.0,2023,15,FP3
0 days 00:36:17.588000,31.1,69.0,1007.4,False,38.7,163,1.7,2023,15,FP3
0 days 00:37:17.588000,31.2,68.0,1007.4,False,38.7,186,1.8,2023,15,FP3
0 days 00:38:17.587000,31.1,68.0,1007.4,False,38.7,173,1.8,2023,15,FP3
0 days 00:39:17.602000,31.1,69.0,1007.5,False,38.3,161,1.8,2023,15,FP3
0 days 00:40:17.586000,31.2,68.0,1007.5,False,38.5,158,1.7,2023,15,FP3
0 days 00:41:17.585000,31.1,68.0,1007.5,False,38.5,175,2.7,2023,15,FP3
0 days 00:42:17.584000,31.2,68.0,1007.4,False,38.5,176,2.7,2023,15,FP3
0 days 00:43:17.599000,31.2,68.0,1007.5,False,38.3,189,2.0,2023,15,FP3
0 days 00:44:17.614000,31.2,68.0,1007.5,False,38.2,161,2.4,2023,15,FP3
0 days 00:45:17.614000,31.3,68.0,1007.4,False,38.2,176,2.5,2023,15,FP3
0 days 00:46:17.629000,31.3,67.0,1007.5,False,38.1,161,3.2,2023,15,FP3
0 days 00:47:17.628000,31.3,68.0,1007.5,False,37.8,182,2.5,2023,15,FP3
0 days 00:48:17.659000,31.2,68.0,1007.5,False,37.8,173,2.0,2023,15,FP3
0 days 00:49:17.674000,31.2,68.0,1007.5,False,37.9,178,2.0,2023,15,FP3
0 days 00:50:17.673000,31.1,68.0,1007.5,False,38.0,173,1.8,2023,15,FP3
0 days 00:51:17.672000,31.1,67.0,1007.5,False,38.1,179,2.5,2023,15,FP3
0 days 00:52:17.687000,31.1,68.0,1007.5,False,37.7,190,2.5,2023,15,FP3
0 days 00:53:17.687000,31.0,68.0,1007.5,False,37.7,185,2.4,2023,15,FP3
0 days 00:54:17.686000,31.0,68.0,1007.5,False,37.7,182,2.5,2023,15,FP3
0 days 00:55:17.685000,31.1,68.0,1007.5,False,37.7,171,2.2,2023,15,FP3
0 days 00:56:17.700000,31.0,69.0,1007.5,False,37.6,181,2.0,2023,15,FP3
0 days 00:57:17.700000,31.0,68.0,1007.5,False,37.6,170,2.2,2023,15,FP3
0 days 00:58:17.715000,31.0,68.0,1007.7,False,37.5,175,1.7,2023,15,FP3
0 days 00:59:17.714000,31.0,68.0,1007.5,False,37.5,189,2.4,2023,15,FP3
0 days 01:00:17.729000,30.9,69.0,1007.7,False,37.6,153,2.0,2023,15,FP3
0 days 01:01:17.728000,30.9,70.0,1007.7,False,37.3,197,2.5,2023,15,FP3
0 days 01:02:17.728000,30.8,71.0,1007.7,False,37.3,190,2.0,2023,15,FP3
0 days 01:03:17.727000,30.8,71.0,1007.5,False,37.2,184,2.5,2023,15,FP3
0 days 01:04:17.726000,30.9,71.0,1007.7,False,37.4,184,2.0,2023,15,FP3
0 days 01:05:17.741000,30.9,72.0,1007.5,False,37.4,158,2.2,2023,15,FP3
0 days 01:06:17.741000,30.9,71.0,1007.7,False,37.3,183,2.2,2023,15,FP3
0 days 01:07:17.740000,30.8,71.0,1007.7,False,37.3,162,2.2,2023,15,FP3
0 days 01:08:17.739000,30.8,72.0,1007.7,False,37.4,173,2.0,2023,15,FP3
0 days 01:09:17.754000,30.8,71.0,1007.7,False,37.4,173,2.2,2023,15,FP3
0 days 01:10:17.753000,30.7,71.0,1007.7,False,37.4,177,2.0,2023,15,FP3
0 days 01:11:17.784000,30.7,72.0,1007.7,False,37.3,157,2.5,2023,15,FP3
0 days 01:12:17.783000,30.7,71.0,1007.7,False,37.1,177,2.2,2023,15,FP3
0 days 01:13:17.783000,30.7,71.0,1007.5,False,37.1,153,2.7,2023,15,FP3
0 days 01:14:17.782000,30.7,72.0,1007.7,False,37.0,191,2.0,2023,15,FP3
0 days 01:15:17.781000,30.6,72.0,1007.7,False,36.8,171,2.0,2023,15,FP3
0 days 01:16:17.781000,30.6,72.0,1007.7,False,36.8,185,2.2,2023,15,FP3
0 days 01:17:17.780000,30.6,72.0,1007.7,False,36.8,184,2.5,2023,15,FP3
0 days 01:18:17.795000,30.6,72.0,1007.7,False,36.9,173,1.8,2023,15,FP3
0 days 01:19:17.779000,30.7,72.0,1007.7,False,36.9,189,1.6,2023,15,FP3
0 days 01:20:17.778000,30.7,72.0,1007.5,False,37.0,188,1.7,2023,15,FP3
0 days 01:21:17.777000,30.7,72.0,1007.7,False,36.9,195,2.4,2023,15,FP3
0 days 00:00:17.125000,27.5,50.0,1010.2,False,42.2,291,2.0,2023,16,FP3
0 days 00:01:17.140000,27.6,50.0,1010.4,False,42.2,268,1.7,2023,16,FP3
0 days 00:02:17.155000,27.6,50.0,1010.4,False,41.7,281,3.0,2023,16,FP3
0 days 00:03:17.170000,27.8,49.0,1010.4,False,41.7,281,2.7,2023,16,FP3
0 days 00:04:17.169000,27.8,49.0,1010.2,False,42.8,263,2.7,2023,16,FP3
0 days 00:05:17.169000,27.9,49.0,1010.2,False,43.8,287,2.2,2023,16,FP3
0 days 00:06:17.168000,27.9,49.0,1010.2,False,44.0,288,2.0,2023,16,FP3
0 days 00:07:17.167000,27.8,50.0,1010.2,False,43.8,297,2.2,2023,16,FP3
0 days 00:08:17.182000,27.8,49.0,1010.2,False,43.6,272,1.7,2023,16,FP3
0 days 00:09:17.166000,27.8,49.0,1010.2,False,43.6,278,2.2,2023,16,FP3
0 days 00:10:17.181000,27.9,48.0,1010.2,False,44.6,282,2.0,2023,16,FP3
0 days 00:11:17.180000,28.1,48.0,1010.2,False,44.2,293,2.0,2023,16,FP3
0 days 00:12:17.195000,28.1,48.0,1010.2,False,44.1,279,1.7,2023,16,FP3
0 days 00:13:17.210000,28.1,47.0,1010.2,False,44.1,338,2.9,2023,16,FP3
0 days 00:14:17.194000,28.2,47.0,1010.2,False,44.1,278,2.5,2023,16,FP3
0 days 00:15:17.209000,28.3,48.0,1010.2,False,44.3,277,2.5,2023,16,FP3
0 days 00:16:17.239000,28.3,48.0,1010.2,False,44.3,291,2.4,2023,16,FP3
0 days 00:17:17.223000,28.4,47.0,1010.2,False,44.4,279,3.0,2023,16,FP3
0 days 00:18:17.222000,28.4,48.0,1010.2,False,44.4,265,2.9,2023,16,FP3
0 days 00:19:17.222000,28.2,49.0,1010.2,False,44.0,291,2.2,2023,16,FP3
0 days 00:20:17.221000,28.0,47.0,1010.0,False,44.0,279,2.5,2023,16,FP3
0 days 00:21:17.236000,28.0,47.0,1010.2,False,43.9,313,2.7,2023,16,FP3
0 days 00:22:17.235000,28.1,47.0,1010.0,False,43.7,318,2.5,2023,16,FP3
0 days 00:23:17.235000,28.3,48.0,1010.0,False,42.8,280,2.4,2023,16,FP3
0 days 00:24:17.234000,28.2,47.0,1010.0,False,42.8,274,2.9,2023,16,FP3
0 days 00:25:17.233000,28.2,47.0,1010.0,False,43.7,287,3.2,2023,16,FP3
0 days 00:26:17.233000,28.0,48.0,1010.2,False,43.9,275,3.0,2023,16,FP3
0 days 00:27:17.232000,27.9,47.0,1010.0,False,43.8,289,2.7,2023,16,FP3
0 days 00:28:17.262000,27.8,47.0,1010.0,False,43.2,253,4.0,2023,16,FP3
0 days 00:29:17.230000,27.8,48.0,1010.0,False,42.9,289,3.0,2023,16,FP3
0 days 00:30:17.230000,27.8,48.0,1010.0,False,42.9,289,3.4,2023,16,FP3
0 days 00:31:17.229000,27.7,48.0,1010.0,False,42.1,295,2.4,2023,16,FP3
0 days 00:32:17.260000,27.8,48.0,1010.0,False,42.5,281,2.5,2023,16,FP3
0 days 00:33:17.259000,27.8,48.0,1010.0,False,42.8,286,2.5,2023,16,FP3
0 days 00:34:17.290000,27.8,48.0,1010.0,False,44.1,274,2.7,2023,16,FP3
0 days 00:35:17.289000,27.9,48.0,1010.0,False,44.8,280,3.4,2023,16,FP3
0 days 00:36:17.304000,28.0,48.0,1010.0,False,45.2,291,3.0,2023,16,FP3
0 days 00:37:17.319000,28.0,48.0,1009.9,False,45.8,284,3.4,2023,16,FP3
0 days 00:38:17.318000,28.0,48.0,1010.0,False,45.5,293,3.4,2023,16,FP3
0 days 00:39:17.318000,28.0,46.0,1010.0,False,45.7,275,2.0,2023,16,FP3
0 days 00:40:17.317000,28.1,47.0,1009.9,False,46.0,312,3.7,2023,16,FP3
0 days 00:41:17.316000,28.1,46.0,1010.0,False,46.0,276,2.7,2023,16,FP3
0 days 00:42:17.316000,28.5,46.0,1010.0,False,45.7,287,3.0,2023,16,FP3
0 days 00:43:17.315000,28.5,45.0,1010.0,False,45.7,261,3.0,2023,16,FP3
0 days 00:44:17.330000,28.5,46.0,1010.0,False,45.7,280,3.2,2023,16,FP3
0 days 00:45:17.314000,28.5,45.0,1009.9,False,46.4,277,3.2,2023,16,FP3
0 days 00:46:17.313000,28.5,46.0,1009.9,False,46.5,282,3.5,2023,16,FP3
0 days 00:47:17.328000,28.5,47.0,1009.9,False,46.8,237,3.4,2023,16,FP3
0 days 00:48:17.343000,28.5,46.0,1009.9,False,47.2,285,2.5,2023,16,FP3
0 days 00:49:17.358000,28.5,46.0,1009.7,False,47.3,298,3.0,2023,16,FP3
0 days 00:50:17.357000,28.5,47.0,1010.0,False,47.3,279,3.5,2023,16,FP3
0 days 00:51:17.356000,28.6,45.0,1009.7,False,47.3,289,3.9,2023,16,FP3
0 days 00:52:17.371000,28.6,45.0,1009.9,False,47.2,286,3.2,2023,16,FP3
0 days 00:53:17.386000,28.7,45.0,1009.9,False,47.2,288,3.2,2023,16,FP3
0 days 00:54:17.386000,28.6,46.0,1009.9,False,47.6,282,3.0,2023,16,FP3
0 days 00:55:17.416000,28.7,45.0,1009.9,False,47.6,292,3.5,2023,16,FP3
0 days 00:56:17.447000,28.6,45.0,1009.9,False,47.8,270,2.2,2023,16,FP3
0 days 00:57:17.446000,28.6,45.0,1009.7,False,47.9,314,1.7,2023,16,FP3
0 days 00:58:17.445000,28.7,45.0,1009.7,False,47.9,293,3.2,2023,16,FP3
0 days 00:59:17.460000,28.6,45.0,1009.7,False,47.9,289,3.7,2023,16,FP3
0 days 01:00:17.444000,28.6,44.0,1009.9,False,47.4,289,2.9,2023,16,FP3
0 days 01:01:17.459000,28.6,43.0,1009.9,False,47.2,270,3.2,2023,16,FP3
0 days 01:02:17.458000,28.7,43.0,1009.7,False,47.5,299,3.2,2023,16,FP3
0 days 01:03:17.473000,28.7,44.0,1009.7,False,47.5,288,2.7,2023,16,FP3
0 days 01:04:17.457000,28.7,44.0,1009.7,False,47.5,298,3.2,2023,16,FP3
0 days 01:05:17.456000,28.6,45.0,1009.7,False,47.2,278,2.5,2023,16,FP3
0 days 01:06:17.456000,28.6,44.0,1009.7,False,47.2,291,2.4,2023,16,FP3
0 days 01:07:17.455000,28.6,44.0,1009.9,False,47.5,283,2.9,2023,16,FP3
0 days 01:08:17.454000,28.6,44.0,1009.7,False,47.5,279,2.5,2023,16,FP3
0 days 01:09:17.454000,28.6,44.0,1009.7,False,48.0,280,4.0,2023,16,FP3
0 days 01:10:17.453000,28.6,44.0,1009.7,False,48.0,286,3.5,2023,16,FP3
0 days 01:11:17.468000,28.7,44.0,1009.7,False,48.0,282,3.0,2023,16,FP3
0 days 01:12:17.467000,28.8,45.0,1009.7,False,48.0,273,3.0,2023,16,FP3
0 days 01:13:17.467000,28.9,45.0,1009.7,False,48.4,286,2.5,2023,16,FP3
0 days 01:14:17.466000,28.9,44.0,1009.7,False,48.6,307,2.5,2023,16,FP3
0 days 01:15:17.465000,28.9,43.0,1009.5,False,48.8,265,2.2,2023,16,FP3
0 days 01:16:17.465000,28.9,43.0,1009.7,False,48.5,275,2.5,2023,16,FP3
0 days 01:17:17.464000,28.9,44.0,1009.7,False,48.6,292,2.7,2023,16,FP3
0 days 01:18:17.479000,28.9,44.0,1009.5,False,48.7,304,2.4,2023,16,FP3
0 days 01:19:17.478000,29.0,45.0,1009.5,False,48.6,311,1.7,2023,16,FP3
0 days 01:20:17.478000,29.1,43.0,1009.5,False,48.6,277,1.8,2023,16,FP3
0 days 01:21:17.461000,29.1,43.0,1009.5,False,48.4,278,3.0,2023,16,FP3
0 days 00:00:46.999000,19.8,53.0,784.7,False,39.2,27,0.8,2023,19,FP3
0 days 00:01:47.030000,19.9,53.0,784.7,False,39.8,63,0.6,2023,19,FP3
0 days 00:02:47.045000,19.9,52.0,784.7,False,40.0,94,1.2,2023,19,FP3
0 days 00:03:47.060000,19.8,52.0,784.7,False,40.0,92,1.2,2023,19,FP3
0 days 00:04:47.059000,19.9,52.0,784.7,False,39.8,46,0.5,2023,19,FP3
0 days 00:05:47.058000,20.0,51.0,784.7,False,39.8,76,1.2,2023,19,FP3
0 days 00:06:47.058000,20.2,51.0,784.7,False,40.5,71,1.2,2023,19,FP3
0 days 00:07:47.073000,20.2,51.0,784.5,False,40.5,336,1.1,2023,19,FP3
0 days 00:08:47.072000,20.2,51.0,784.5,False,40.6,0,1.1,2023,19,FP3
0 days 00:09:47.087000,20.2,51.0,784.5,False,40.6,157,0.8,2023,19,FP3
0 days 00:10:47.102000,20.5,50.0,784.5,False,40.7,113,0.8,2023,19,FP3
0 days 00:11:47.101000,20.8,50.0,784.5,False,41.3,107,0.8,2023,19,FP3
0 days 00:12:47.116000,20.8,49.0,784.5,False,41.3,110,1.7,2023,19,FP3
0 days 00:13:47.116000,20.7,48.0,784.5,False,41.7,72,2.0,2023,19,FP3
0 days 00:14:47.115000,20.6,48.0,784.5,False,41.7,81,1.7,2023,19,FP3
0 days 00:15:47.114000,20.7,48.0,784.5,False,41.6,113,1.5,2023,19,FP3
0 days 00:16:47.114000,20.8,48.0,784.5,False,41.5,0,0.6,2023,19,FP3
0 days 00:17:47.113000,20.7,48.0,784.4,False,41.5,59,1.2,2023,19,FP3
0 days 00:18:47.112000,20.7,48.0,784.5,False,42.3,68,1.3,2023,19,FP3
0 days 00:19:47.112000,20.8,47.0,784.4,False,42.3,349,1.0,2023,19,FP3
0 days 00:20:47.127000,20.9,47.0,784.2,False,42.4,47,0.5,2023,19,FP3
0 days 00:21:47.126000,21.1,46.0,784.2,False,42.4,292,1.0,2023,19,FP3
0 days 00:22:47.125000,21.2,46.0,784.2,False,42.9,319,0.6,2023,19,FP3
0 days 00:23:47.156000,21.3,46.0,784.2,False,42.9,292,1.3,2023,19,FP3
0 days 00:24:47.155000,21.3,46.0,784.2,False,42.9,264,1.2,2023,19,FP3
0 days 00:25:47.154000,21.3,46.0,784.4,False,42.9,158,1.7,2023,19,FP3
0 days 00:26:47.154000,21.3,47.0,784.2,False,42.8,325,0.8,2023,19,FP3
0 days 00:27:47.153000,21.3,46.0,784.2,False,43.0,194,1.3,2023,19,FP3
0 days 00:28:47.152000,21.1,46.0,784.2,False,43.1,222,1.2,2023,19,FP3
0 days 00:29:47.152000,21.2,47.0,784.2,False,43.1,105,0.6,2023,19,FP3
0 days 00:30:47.151000,21.2,46.0,784.2,False,43.3,115,1.3,2023,19,FP3
0 days 00:31:47.166000,21.1,46.0,784.0,False,44.0,111,3.9,2023,19,FP3
0 days 00:32:47.165000,21.1,46.0,784.0,False,44.2,132,2.5,2023,19,FP3
0 days 00:33:47.165000,20.9,47.0,784.0,False,44.0,123,3.5,2023,19,FP3
0 days 00:34:47.164000,20.9,47.0,784.0,False,43.9,128,2.5,2023,19,FP3
0 days 00:35:47.163000,20.9,47.0,784.0,False,43.9,136,1.7,2023,19,FP3
0 days 00:36:47.163000,21.0,47.0,784.0,False,43.6,112,2.4,2023,19,FP3
0 days 00:37:47.162000,21.1,47.0,783.9,False,43.6,87,2.7,2023,19,FP3
0 days 00:38:47.161000,21.2,47.0,784.0,False,44.0,112,1.6,2023,19,FP3
0 days 00:39:47.161000,21.4,46.0,783.9,False,44.0,150,1.6,2023,19,FP3
0 days 00:40:47.160000,21.4,46.0,783.9,False,43.6,96,1.5,2023,19,FP3
0 days 00:41:47.159000,21.3,46.0,783.9,False,43.7,123,1.6,2023,19,FP3
0 days 00:42:47.159000,21.1,46.0,783.9,False,44.2,129,2.5,2023,19,FP3
0 days 00:43:47.158000,21.1,47.0,783.9,False,44.5,0,1.2,2023,19,FP3
0 days 00:44:47.173000,21.1,47.0,783.9,False,44.6,303,0.8,2023,19,FP3
0 days 00:45:47.172000,21.3,46.0,783.7,False,45.1,266,1.7,2023,19,FP3
0 days 00:46:47.172000,21.4,45.0,783.9,False,45.1,270,3.4,2023,19,FP3
0 days 00:47:47.171000,21.3,46.0,783.7,False,44.5,262,3.4,2023,19,FP3
0 days 00:48:47.170000,21.4,46.0,783.7,False,44.8,255,2.7,2023,19,FP3
0 days 00:49:47.170000,21.5,46.0,783.7,False,44.8,221,3.0,2023,19,FP3
0 days 00:50:47.169000,21.5,46.0,783.9,False,44.8,296,2.2,2023,19,FP3
0 days 00:51:47.168000,21.6,45.0,783.7,False,44.9,263,1.3,2023,19,FP3
0 days 00:52:47.168000,21.6,44.0,783.7,False,44.9,219,1.2,2023,19,FP3
0 days 00:53:47.183000,21.6,45.0,783.7,False,45.1,356,0.8,2023,19,FP3
0 days 00:54:47.166000,21.8,45.0,783.7,False,45.2,287,1.2,2023,19,FP3
0 days 00:55:47.181000,22.0,44.0,783.7,False,45.6,253,1.8,2023,19,FP3
0 days 00:56:47.181000,22.0,44.0,783.7,False,45.6,249,1.7,2023,19,FP3
0 days 00:57:47.180000,22.1,44.0,783.7,False,45.3,302,1.0,2023,19,FP3
0 days 00:58:47.179000,22.3,45.0,783.7,False,45.7,281,1.6,2023,19,FP3
0 days 00:59:47.179000,22.2,45.0,783.7,False,45.7,289,2.0,2023,19,FP3
0 days 01:00:47.178000,22.1,44.0,783.5,False,45.8,248,1.0,2023,19,FP3
0 days 01:01:47.177000,22.1,44.0,783.5,False,46.0,298,1.6,2023,19,FP3
0 days 01:02:47.177000,22.1,44.0,783.5,False,46.3,280,1.2,2023,19,FP3
0 days 01:03:47.176000,22.2,43.0,783.5,False,46.3,292,1.1,2023,19,FP3
0 days 01:04:47.175000,22.1,44.0,783.5,False,46.1,285,2.0,2023,19,FP3
0 days 01:05:47.190000,22.1,44.0,783.5,False,46.1,317,1.3,2023,19,FP3
0 days 01:06:47.205000,21.9,44.0,783.5,False,46.3,318,2.0,2023,19,FP3
0 days 01:07:47.220000,22.0,44.0,783.5,False,46.3,305,2.2,2023,19,FP3
0 days 01:08:47.219000,22.0,44.0,783.4,False,46.3,2,0.6,2023,19,FP3
0 days 01:09:47.219000,22.0,45.0,783.4,False,46.1,266,2.0,2023,19,FP3
0 days 01:10:47.234000,22.1,44.0,783.4,False,45.9,211,1.5,2023,19,FP3
0 days 01:11:47.233000,22.0,45.0,783.4,False,46.2,82,0.6,2023,19,FP3
0 days 01:12:47.232000,22.1,44.0,783.2,False,46.5,264,0.4,2023,19,FP3
0 days 01:13:47.247000,22.1,44.0,783.2,False,46.6,273,1.2,2023,19,FP3
0 days 01:14:47.247000,22.3,43.0,783.4,False,46.9,256,2.9,2023,19,FP3
0 days 01:15:47.262000,22.2,43.0,783.2,False,46.9,294,2.4,2023,19,FP3
0 days 01:16:47.277000,22.4,43.0,783.2,False,46.9,303,1.7,2023,19,FP3
0 days 01:17:47.276000,22.6,44.0,783.2,False,46.7,311,2.2,2023,19,FP3
0 days 01:18:47.275000,22.9,43.0,783.2,False,46.8,286,2.5,2023,19,FP3
0 days 01:19:47.275000,22.9,42.0,783.2,False,47.0,306,2.2,2023,19,FP3
0 days 01:20:47.290000,22.9,42.0,783.2,False,46.8,303,1.5,2023,19,FP3
0 days 00:01:02.094000,16.9,57.0,942.7,False,18.9,213,0.8,2023,21,FP3
0 days 00:02:02.093000,16.9,57.0,942.7,False,18.9,208,0.8,2023,21,FP3
0 days 00:03:02.092000,16.9,58.0,942.7,False,18.9,206,1.2,2023,21,FP3
0 days 00:04:02.107000,16.9,58.0,942.7,False,18.8,197,1.2,2023,21,FP3
0 days 00:05:02.107000,16.9,58.0,942.7,False,18.8,193,1.2,2023,21,FP3
0 days 00:06:02.106000,17.0,57.0,942.7,False,19.1,205,1.1,2023,21,FP3
0 days 00:07:02.105000,17.0,57.0,942.7,False,19.1,172,1.3,2023,21,FP3
0 days 00:08:02.105000,17.1,56.0,942.7,False,19.1,209,1.2,2023,21,FP3
0 days 00:09:02.104000,17.2,56.0,942.7,False,19.1,196,1.5,2023,21,FP3
0 days 00:10:02.103000,17.1,56.0,942.7,False,19.0,179,1.6,2023,21,FP3
0 days 00:11:02.134000,17.1,56.0,942.7,False,18.8,207,1.2,2023,21,FP3
0 days 00:12:02.133000,17.1,56.0,942.7,False,18.8,207,1.2,2023,21,FP3
0 days 00:13:02.148000,17.1,56.0,942.7,False,18.9,237,0.8,2023,21,FP3
0 days 00:14:02.163000,17.0,56.0,942.7,False,18.9,231,1.0,2023,21,FP3
0 days 00:15:02.162000,17.0,57.0,942.7,False,18.8,169,0.5,2023,21,FP3
0 days 00:16:02.162000,16.9,57.0,942.7,False,18.8,169,0.5,2023,21,FP3
0 days 00:17:02.161000,16.9,57.0,942.7,False,18.8,214,0.5,2023,21,FP3
0 days 00:18:02.160000,16.9,58.0,942.7,False,18.7,212,0.8,2023,21,FP3
0 days 00:19:02.160000,16.8,58.0,942.7,False,18.7,225,1.2,2023,21,FP3
0 days 00:20:02.159000,16.8,58.0,942.7,False,18.7,214,2.0,2023,21,FP3
0 days 00:21:02.158000,16.8,58.0,942.7,False,18.7,218,2.5,2023,21,FP3
0 days 00:22:02.158000,16.8,57.0,942.7,False,18.5,222,1.8,2023,21,FP3
0 days 00:23:02.157000,16.7,57.0,942.5,False,18.5,189,1.2,2023,21,FP3
0 days 00:24:02.156000,16.7,57.0,942.5,False,18.5,149,1.2,2023,21,FP3
0 days 00:25:02.171000,16.8,57.0,942.5,False,18.7,193,1.0,2023,21,FP3
0 days 00:26:02.170000,16.8,57.0,942.5,False,18.8,0,0.6,2023,21,FP3
0 days 00:27:02.201000,16.9,57.0,942.5,False,18.9,322,0.4,2023,21,FP3
0 days 00:28:02.200000,17.0,57.0,942.5,False,18.9,201,0.5,2023,21,FP3
0 days 00:29:02.200000,17.0,56.0,942.5,False,18.9,213,1.1,2023,21,FP3
0 days 00:30:02.215000,17.1,56.0,942.5,False,18.9,193,1.3,2023,21,FP3
0 days 00:31:02.198000,17.0,56.0,942.5,False,18.9,215,1.2,2023,21,FP3
0 days 00:32:02.213000,17.0,56.0,942.7,False,18.8,228,1.6,2023,21,FP3
0 days 00:33:02.213000,17.1,56.0,942.7,False,18.7,219,1.7,2023,21,FP3
0 days 00:34:02.196000,17.0,57.0,942.5,False,18.5,221,1.3,2023,21,FP3
0 days 00:35:02.196000,17.0,57.0,942.5,False,18.5,213,1.1,2023,21,FP3
0 days 00:36:02.195000,17.0,58.0,942.5,False,18.5,205,0.6,2023,21,FP3
0 days 00:37:02.210000,17.0,58.0,942.5,False,18.5,211,1.0,2023,21,FP3
0 days 00:38:02.194000,17.0,58.0,942.5,False,18.5,214,1.5,2023,21,FP3
0 days 00:39:02.208000,17.0,57.0,942.5,False,18.5,208,1.2,2023,21,FP3
0 days 00:40:02.208000,17.1,57.0,942.5,False,18.5,197,1.2,2023,21,FP3
0 days 00:41:02.207000,17.0,57.0,942.5,False,18.5,221,0.8,2023,21,FP3
0 days 00:42:02.206000,17.0,57.0,942.5,False,18.5,219,0.8,2023,21,FP3
0 days 00:43:02.206000,17.0,57.0,942.5,False,18.5,247,0.6,2023,21,FP3
0 days 00:44:02.205000,17.0,58.0,942.5,False,18.5,230,0.6,2023,21,FP3
0 days 00:45:02.204000,16.9,58.0,942.5,False,18.4,229,0.6,2023,21,FP3
0 days 00:46:02.204000,16.9,58.0,942.5,False,18.4,227,1.0,2023,21,FP3
0 days 00:47:02.219000,17.0,58.0,942.5,False,18.4,225,1.1,2023,21,FP3
0 days 00:48:02.234000,17.0,58.0,942.5,False,18.4,227,1.0,2023,21,FP3
0 days 00:49:02.217000,16.9,58.0,942.5,False,18.3,233,1.0,2023,21,FP3
0 days 00:50:02.217000,16.9,58.0,942.5,False,18.2,234,1.1,2023,21,FP3
0 days 00:51:02.247000,16.9,58.0,942.5,False,18.2,208,0.6,2023,21,FP3
0 days 00:52:02.247000,16.8,58.0,942.5,False,18.2,227,0.8,2023,21,FP3
0 days 00:53:02.246000,16.8,59.0,942.5,False,18.2,0,1.2,2023,21,FP3
0 days 00:54:02.261000,16.8,59.0,942.5,False,18.2,179,0.8,2023,21,FP3
0 days 00:55:02.276000,16.7,59.0,942.5,False,18.2,203,0.8,2023,21,FP3
0 days 00:56:02.291000,16.7,58.0,942.5,False,18.3,218,1.0,2023,21,FP3
0 days 00:57:02.306000,16.7,58.0,942.5,False,18.4,206,1.2,2023,21,FP3
0 days 00:58:02.305000,16.6,57.0,942.5,False,18.4,202,1.2,2023,21,FP3
0 days 00:59:02.304000,16.7,57.0,942.5,False,18.5,216,0.8,2023,21,FP3
0 days 01:00:02.304000,16.7,57.0,942.5,False,18.4,223,0.6,2023,21,FP3
0 days 01:01:02.319000,16.7,58.0,942.5,False,18.3,207,0.8,2023,21,FP3
0 days 01:02:02.349000,16.6,58.0,942.5,False,18.2,214,1.2,2023,21,FP3
0 days 01:03:02.349000,16.7,58.0,942.5,False,18.3,215,1.2,2023,21,FP3
0 days 01:04:02.348000,16.6,58.0,942.5,False,18.3,247,1.0,2023,21,FP3
0 days 01:05:02.347000,16.7,58.0,942.5,False,18.4,209,0.6,2023,21,FP3
0 days 01:06:02.346000,16.8,57.0,942.5,False,18.4,335,0.5,2023,21,FP3
0 days 01:07:02.346000,16.8,57.0,942.4,False,18.4,104,0.8,2023,21,FP3
0 days 01:08:02.345000,16.8,58.0,942.5,False,18.4,171,0.8,2023,21,FP3
0 days 01:09:02.345000,16.8,58.0,942.5,False,18.4,222,0.8,2023,21,FP3
0 days 01:10:02.344000,16.8,57.0,942.4,False,18.4,223,0.6,2023,21,FP3
0 days 01:11:02.343000,16.8,57.0,942.5,False,18.4,177,0.6,2023,21,FP3
0 days 01:12:02.342000,16.8,58.0,942.5,False,18.4,182,1.1,2023,21,FP3
0 days 01:13:02.342000,16.7,58.0,942.4,False,18.3,0,0.0,2023,21,FP3
0 days 00:00:00.968000,28.9,55.0,1013.0,False,43.3,264,2.5,2023,22,FP3
0 days 00:01:00.983000,28.9,56.0,1013.2,False,43.7,289,2.2,2023,22,FP3
0 days 00:02:00.998000,28.9,55.0,1013.2,False,43.9,282,2.4,2023,22,FP3
0 days 00:03:01.013000,28.9,55.0,1013.2,False,44.0,320,2.2,2023,22,FP3
0 days 00:04:01.013000,28.9,54.0,1013.2,False,44.0,297,2.9,2023,22,FP3
0 days 00:05:01.027000,28.9,55.0,1013.2,False,43.9,246,3.2,2023,22,FP3
0 days 00:06:01.058000,29.0,56.0,1013.0,False,43.5,321,2.7,2023,22,FP3
0 days 00:07:01.042000,29.0,55.0,1013.0,False,43.6,322,2.7,2023,22,FP3
0 days 00:08:01.041000,28.9,56.0,1013.0,False,43.6,327,2.7,2023,22,FP3
0 days 00:09:01.040000,28.8,56.0,1013.2,False,43.6,256,2.5,2023,22,FP3
0 days 00:10:01.055000,28.8,57.0,1013.2,False,43.4,331,3.0,2023,22,FP3
0 days 00:11:01.039000,28.9,56.0,1013.2,False,43.4,256,2.9,2023,22,FP3
0 days 00:12:01.054000,28.9,56.0,1013.0,False,43.7,252,2.7,2023,22,FP3
0 days 00:13:01.053000,28.9,56.0,1013.0,False,43.2,246,2.2,2023,22,FP3
0 days 00:14:01.053000,29.0,57.0,1013.0,False,42.9,266,2.2,2023,22,FP3
0 days 00:15:01.052000,29.0,57.0,1013.0,False,43.3,267,2.4,2023,22,FP3
0 days 00:16:01.051000,28.9,56.0,1013.0,False,43.7,291,3.0,2023,22,FP3
0 days 00:17:01.066000,28.9,56.0,1013.0,False,43.7,274,2.2,2023,22,FP3
0 days 00:18:01.050000,28.8,57.0,1013.2,False,43.7,300,2.7,2023,22,FP3
0 days 00:19:01.065000,28.9,57.0,1013.0,False,43.2,292,3.4,2023,22,FP3
0 days 00:20:01.064000,29.0,56.0,1013.0,False,43.3,271,2.9,2023,22,FP3
0 days 00:21:01.095000,29.0,56.0,1013.0,False,43.3,258,2.0,2023,22,FP3
0 days 00:22:01.094000,29.1,56.0,1013.0,False,43.5,350,3.0,2023,22,FP3
0 days 00:23:01.109000,29.0,57.0,1013.0,False,43.3,274,2.2,2023,22,FP3
0 days 00:24:01.108000,28.8,57.0,1013.0,False,43.3,305,3.0,2023,22,FP3
0 days 00:25:01.092000,28.9,57.0,1013.0,False,43.2,255,2.7,2023,22,FP3
0 days 00:26:01.107000,28.9,56.0,1013.2,False,43.1,292,1.8,2023,22,FP3
0 days 00:27:01.122000,28.8,56.0,1013.0,False,43.1,259,2.2,2023,22,FP3
0 days 00:28:01.137000,28.8,57.0,1013.2,False,42.8,292,2.5,2023,22,FP3
0 days 00:29:01.152000,28.9,56.0,1013.0,False,42.8,259,2.4,2023,22,FP3
0 days 00:30:01.167000,29.0,56.0,1013.2,False,43.2,269,2.5,2023,22,FP3
0 days 00:31:01.197000,29.0,56.0,1013.0,False,43.2,254,2.7,2023,22,FP3
0 days 00:32:01.197000,28.9,56.0,1013.2,False,42.4,278,1.8,2023,22,FP3
0 days 00:33:01.196000,28.9,56.0,1013.2,False,42.9,292,2.2,2023,22,FP3
0 days 00:34:01.195000,28.9,57.0,1013.0,False,42.9,323,2.5,2023,22,FP3
0 days 00:35:01.195000,28.9,57.0,1013.0,False,42.4,307,2.7,2023,22,FP3
0 days 00:36:01.210000,28.9,57.0,1013.2,False,42.4,253,2.7,2023,22,FP3
0 days 00:37:01.178000,28.9,57.0,1013.0,False,42.7,264,1.7,2023,22,FP3
0 days 00:38:01.193000,28.9,57.0,1013.2,False,42.7,285,2.2,2023,22,FP3
0 days 00:39:01.192000,28.9,56.0,1013.2,False,42.7,296,3.2,2023,22,FP3
0 days 00:40:01.207000,28.9,57.0,1013.2,False,42.4,282,2.7,2023,22,FP3
0 days 00:41:01.191000,28.8,56.0,1013.0,False,42.6,294,2.0,2023,22,FP3
0 days 00:42:01.190000,28.8,53.0,1013.0,False,42.3,277,2.4,2023,22,FP3
0 days 00:43:01.205000,28.8,54.0,1013.0,False,42.3,279,3.5,2023,22,FP3
0 days 00:44:01.204000,28.7,54.0,1013.2,False,42.3,270,2.7,2023,22,FP3
0 days 00:45:01.188000,28.9,55.0,1013.0,False,42.0,259,3.2,2023,22,FP3
0 days 00:46:01.187000,28.9,56.0,1013.2,False,42.2,252,2.2,2023,22,FP3
0 days 00:47:01.187000,28.9,56.0,1013.0,False,41.9,259,2.5,2023,22,FP3
0 days 00:48:01.202000,28.9,56.0,1013.0,False,41.9,273,2.7,2023,22,FP3
0 days 00:49:01.201000,28.8,57.0,1013.0,False,41.7,247,2.4,2023,22,FP3
0 days 00:50:01.200000,28.8,56.0,1013.0,False,41.9,256,2.2,2023,22,FP3
0 days 00:51:01.199000,28.9,57.0,1013.0,False,41.9,308,2.5,2023,22,FP3
0 days 00:52:01.199000,28.9,57.0,1013.2,False,41.7,281,2.7,2023,22,FP3
0 days 00:53:01.198000,28.9,58.0,1013.0,False,41.3,286,3.0,2023,22,FP3
0 days 00:54:01.213000,28.9,58.0,1013.0,False,41.6,305,3.0,2023,22,FP3
0 days 00:55:01.212000,28.9,58.0,1013.0,False,41.6,280,2.7,2023,22,FP3
0 days 00:56:01.196000,28.8,58.0,1013.0,False,41.9,226,2.2,2023,22,FP3
0 days 00:57:01.195000,28.8,57.0,1013.0,False,41.9,281,3.0,2023,22,FP3
0 days 00:58:01.195000,28.9,58.0,1013.0,False,41.2,312,2.5,2023,22,FP3
0 days 00:59:01.194000,28.8,57.0,1013.0,False,41.2,302,2.5,2023,22,FP3
0 days 01:00:01.209000,28.7,57.0,1013.0,False,41.4,282,2.2,2023,22,FP3
0 days 01:01:01.193000,28.7,57.0,1013.0,False,41.0,270,2.9,2023,22,FP3
0 days 01:02:01.208000,28.6,58.0,1013.0,False,41.0,246,2.5,2023,22,FP3
0 days 01:03:01.207000,28.6,57.0,1013.0,False,41.3,260,2.7,2023,22,FP3
0 days 01:04:01.206000,28.7,57.0,1013.0,False,41.6,265,2.7,2023,22,FP3
0 days 01:05:01.206000,28.8,57.0,1013.0,False,41.4,359,2.4,2023,22,FP3
0 days 01:06:01.221000,28.8,58.0,1013.0,False,40.9,275,1.6,2023,22,FP3
0 days 01:07:01.220000,28.7,57.0,1013.0,False,41.4,259,1.8,2023,22,FP3
0 days 01:08:01.204000,28.8,57.0,1013.0,False,40.8,266,2.2,2023,22,FP3
0 days 01:09:01.203000,28.7,57.0,1013.0,False,40.8,250,2.4,2023,22,FP3
0 days 01:10:01.233000,28.8,57.0,1013.0,False,40.8,250,2.4,2023,22,FP3
0 days 01:11:01.248000,28.8,58.0,1013.0,False,40.6,312,2.7,2023,22,FP3
0 days 01:12:01.263000,28.8,58.0,1013.0,False,40.3,262,2.2,2023,22,FP3
0 days 01:13:01.263000,28.8,58.0,1013.0,False,40.3,277,2.0,2023,22,FP3
0 days 01:14:01.262000,28.8,58.0,1013.0,False,40.4,290,2.2,2023,22,FP3
0 days 01:15:01.261000,28.8,59.0,1013.0,False,40.4,291,2.0,2023,22,FP3
0 days 01:16:01.276000,28.7,59.0,1013.2,False,40.4,273,2.5,2023,22,FP3
0 days 01:17:01.260000,28.6,59.0,1013.0,False,40.1,279,2.5,2023,22,FP3
0 days 01:18:01.291000,28.6,59.0,1013.0,False,40.5,287,1.7,2023,22,FP3
0 days 01:19:01.274000,28.7,59.0,1013.0,False,40.7,287,1.8,2023,22,FP3
0 days 01:20:01.305000,28.7,59.0,1013.0,False,40.7,286,2.7,2023,22,FP3
0 days 01:21:01.320000,28.6,59.0,1013.0,False,39.9,286,2.0,2023,22,FP3
0 days 00:00:49.898000,20.6,30.0,1017.6,False,35.2,62,2.6,2024,1,FP3
0 days 00:01:49.895000,20.6,30.0,1017.7,False,35.1,83,3.4,2024,1,FP3
0 days 00:02:49.949000,20.6,30.0,1017.6,False,35.0,61,2.8,2024,1,FP3
0 days 00:03:49.895000,20.5,30.0,1017.7,False,34.9,37,2.9,2024,1,FP3
0 days 00:04:49.895000,20.5,31.0,1017.7,False,34.8,44,3.7,2024,1,FP3
0 days 00:05:49.899000,20.5,31.0,1017.4,False,34.3,45,2.2,2024,1,FP3
0 days 00:06:49.909000,20.5,31.0,1017.5,False,34.3,41,3.7,2024,1,FP3
0 days 00:07:49.904000,20.5,31.0,1017.5,False,34.3,49,3.3,2024,1,FP3
0 days 00:08:49.905000,20.5,32.0,1017.6,False,34.3,67,2.9,2024,1,FP3
0 days 00:09:49.904000,20.5,32.0,1017.6,False,34.3,55,2.7,2024,1,FP3
0 days 00:10:49.903000,20.4,32.0,1017.6,False,34.1,55,2.8,2024,1,FP3
0 days 00:11:49.900000,20.4,33.0,1017.6,False,34.0,60,2.8,2024,1,FP3
0 days 00:12:49.907000,20.4,33.0,1017.6,False,33.7,42,2.3,2024,1,FP3
0 days 00:13:49.907000,20.4,33.0,1017.6,False,34.1,65,2.8,2024,1,FP3
0 days 00:14:49.903000,20.5,33.0,1017.5,False,33.9,62,2.6,2024,1,FP3
0 days 00:15:49.901000,20.5,33.0,1017.5,False,34.0,82,3.4,2024,1,FP3
0 days 00:16:49.911000,20.4,33.0,1017.6,False,34.0,78,1.9,2024,1,FP3
0 days 00:17:49.911000,20.4,33.0,1017.6,False,34.0,51,2.3,2024,1,FP3
0 days 00:18:49.900000,20.4,33.0,1017.5,False,34.1,61,2.5,2024,1,FP3
0 days 00:19:49.896000,20.5,33.0,1017.6,False,33.9,57,2.7,2024,1,FP3
0 days 00:20:49.911000,20.4,33.0,1017.6,False,33.7,46,3.2,2024,1,FP3
0 days 00:21:49.901000,20.4,34.0,1017.6,False,33.6,52,2.6,2024,1,FP3
0 days 00:22:49.914000,20.4,33.0,1017.6,False,33.4,61,3.0,2024,1,FP3
0 days 00:23:49.917000,20.4,32.0,1017.6,False,33.3,52,2.7,2024,1,FP3
0 days 00:24:49.907000,20.5,33.0,1017.6,False,33.1,49,3.5,2024,1,FP3
0 days 00:25:49.906000,20.5,33.0,1017.6,False,33.0,45,3.2,2024,1,FP3
0 days 00:26:49.917000,20.4,34.0,1017.7,False,32.8,48,4.0,2024,1,FP3
0 days 00:27:49.915000,20.3,35.0,1017.6,False,32.8,64,3.0,2024,1,FP3
0 days 00:28:49.920000,20.3,35.0,1017.6,False,32.7,53,3.5,2024,1,FP3
0 days 00:29:49.897000,20.3,35.0,1017.6,False,32.7,43,3.1,2024,1,FP3
0 days 00:30:49.919000,20.3,33.0,1017.6,False,32.7,64,4.0,2024,1,FP3
0 days 00:31:49.914000,20.3,33.0,1017.7,False,32.2,51,3.6,2024,1,FP3
0 days 00:32:49.919000,20.2,35.0,1017.8,False,32.2,48,3.0,2024,1,FP3
0 days 00:33:49.922000,20.3,35.0,1017.6,False,32.3,43,1.8,2024,1,FP3
0 days 00:34:49.922000,20.2,35.0,1017.7,False,32.4,28,3.4,2024,1,FP3
0 days 00:35:49.923000,20.3,36.0,1017.7,False,32.4,41,2.3,2024,1,FP3
0 days 00:36:49.923000,20.3,36.0,1017.6,False,32.3,53,3.5,2024,1,FP3
0 days 00:37:49.932000,20.3,36.0,1017.7,False,32.2,75,2.6,2024,1,FP3
0 days 00:38:49.924000,20.3,36.0,1017.8,False,32.1,60,3.4,2024,1,FP3
0 days 00:39:49.923000,20.3,36.0,1017.7,False,31.9,45,2.9,2024,1,FP3
0 days 00:40:49.926000,20.2,36.0,1017.7,False,31.9,46,2.4,2024,1,FP3
0 days 00:41:49.956000,20.3,36.0,1017.8,False,31.9,41,2.8,2024,1,FP3
0 days 00:42:49.958000,20.4,36.0,1017.7,False,32.3,42,1.8,2024,1,FP3
0 days 00:43:49.981000,20.4,37.0,1017.7,False,32.0,47,2.3,2024,1,FP3
0 days 00:44:50.001000,20.4,37.0,1017.7,False,31.9,57,2.6,2024,1,FP3
0 days 00:45:50.013000,20.3,37.0,1017.8,False,31.9,70,1.8,2024,1,FP3
0 days 00:46:50.028000,20.3,37.0,1017.8,False,31.6,50,2.6,2024,1,FP3
0 days 00:47:50.020000,20.3,37.0,1017.7,False,31.6,49,2.9,2024,1,FP3
0 days 00:48:50.025000,20.3,38.0,1017.8,False,31.6,48,3.1,2024,1,FP3
0 days 00:49:50.037000,20.3,38.0,1017.8,False,31.5,43,2.2,2024,1,FP3
0 days 00:50:50.051000,20.3,38.0,1017.8,False,31.3,47,3.3,2024,1,FP3
0 days 00:51:50.046000,20.2,38.0,1017.7,False,31.2,44,2.4,2024,1,FP3
0 days 00:52:50.044000,20.2,38.0,1017.8,False,31.2,43,2.5,2024,1,FP3
0 days 00:53:50.056000,20.3,38.0,1017.7,False,31.0,37,3.2,2024,1,FP3
0 days 00:54:50.059000,20.2,39.0,1017.8,False,31.0,58,3.2,2024,1,FP3
0 days 00:55:50.057000,20.2,39.0,1017.8,False,30.9,54,2.7,2024,1,FP3
0 days 00:56:50.050000,20.2,39.0,1017.7,False,31.0,77,2.4,2024,1,FP3
0 days 00:57:50.052000,20.1,39.0,1017.8,False,31.0,51,1.6,2024,1,FP3
0 days 00:58:50.059000,20.1,39.0,1017.9,False,30.8,61,2.7,2024,1,FP3
0 days 00:59:50.057000,20.1,39.0,1017.8,False,30.7,37,2.7,2024,1,FP3
0 days 01:00:50.062000,20.1,38.0,1017.8,False,30.6,72,3.6,2024,1,FP3
0 days 01:01:50.052000,20.0,38.0,1017.8,False,30.6,46,2.2,2024,1,FP3
0 days 01:02:50.064000,20.1,38.0,1017.8,False,30.7,61,2.8,2024,1,FP3
0 days 01:03:50.053000,20.1,38.0,1017.8,False,30.4,49,3.3,2024,1,FP3
0 days 01:04:50.056000,20.1,38.0,1017.7,False,30.2,53,3.2,2024,1,FP3
0 days 01:05:50.067000,20.0,38.0,1017.8,False,30.2,53,2.5,2024,1,FP3
0 days 01:06:50.086000,20.0,38.0,1017.8,False,30.2,85,2.9,2024,1,FP3
0 days 01:07:50.097000,20.0,38.0,1017.8,False,30.0,77,3.0,2024,1,FP3
0 days 01:08:50.105000,20.0,39.0,1017.9,False,29.9,81,3.1,2024,1,FP3
0 days 01:09:50.111000,20.0,40.0,1017.9,False,29.7,63,3.1,2024,1,FP3
0 days 01:10:50.107000,20.0,41.0,1017.8,False,29.7,49,2.2,2024,1,FP3
0 days 01:11:50.120000,19.9,40.0,1017.9,False,29.8,37,3.1,2024,1,FP3
0 days 01:12:50.108000,19.9,39.0,1017.9,False,29.7,60,2.9,2024,1,FP3
0 days 01:13:50.114000,19.9,39.0,1018.0,False,29.7,45,2.6,2024,1,FP3
0 days 01:14:50.175000,19.9,39.0,1017.9,False,29.5,44,2.8,2024,1,FP3
0 days 01:15:50.130000,19.9,38.0,1018.0,False,29.5,82,2.2,2024,1,FP3
0 days 01:16:50.155000,20.0,38.0,1017.9,False,29.4,63,1.9,2024,1,FP3
0 days 01:17:50.154000,20.0,37.0,1018.0,False,29.5,48,1.6,2024,1,FP3
0 days 01:18:50.172000,20.0,37.0,1017.9,False,29.5,82,2.3,2024,1,FP3
0 days 01:19:50.168000,20.0,38.0,1017.9,False,29.4,42,2.2,2024,1,FP3
0 days 01:20:50.161000,20.0,40.0,1018.0,False,29.3,40,2.5,2024,1,FP3
0 days 01:21:50.168000,20.0,40.0,1017.9,False,29.2,57,2.0,2024,1,FP3
0 days 00:00:17.723000,26.2,57.0,1012.9,False,43.4,11,4.4,2024,2,FP3
0 days 00:01:17.722000,26.2,57.0,1012.9,False,43.5,21,5.6,2024,2,FP3
0 days 00:02:17.728000,26.3,57.0,1012.8,False,43.3,31,4.0,2024,2,FP3
0 days 00:03:17.731000,26.3,57.0,1012.8,False,43.3,20,4.2,2024,2,FP3
0 days 00:04:17.729000,26.3,58.0,1012.8,False,43.4,21,5.2,2024,2,FP3
0 days 00:05:17.720000,26.3,59.0,1012.8,False,42.7,39,4.3,2024,2,FP3
0 days 00:06:17.749000,26.2,59.0,1012.8,False,43.1,25,4.1,2024,2,FP3
0 days 00:07:17.757000,26.2,58.0,1012.8,False,42.9,29,4.1,2024,2,FP3
0 days 00:08:17.773000,26.3,58.0,1012.8,False,42.9,22,4.2,2024,2,FP3
0 days 00:09:17.783000,26.2,58.0,1012.8,False,42.3,17,4.9,2024,2,FP3
0 days 00:10:17.763000,26.2,58.0,1012.8,False,42.3,16,5.1,2024,2,FP3
0 days 00:11:17.781000,26.1,58.0,1012.7,False,42.3,19,5.4,2024,2,FP3
0 days 00:12:17.777000,26.1,59.0,1012.8,False,42.3,26,4.2,2024,2,FP3
0 days 00:13:17.795000,26.2,60.0,1012.8,False,42.3,24,4.1,2024,2,FP3
0 days 00:14:17.815000,26.1,61.0,1012.8,False,41.9,9,4.1,2024,2,FP3
0 days 00:15:17.816000,26.2,59.0,1012.8,False,41.9,26,4.7,2024,2,FP3
0 days 00:16:17.813000,26.2,59.0,1012.8,False,41.9,26,4.7,2024,2,FP3
0 days 00:17:17.802000,26.2,59.0,1012.8,False,41.9,26,4.7,2024,2,FP3
0 days 00:18:17.810000,26.2,59.0,1012.8,False,41.6,32,3.9,2024,2,FP3
0 days 00:19:17.820000,26.2,59.0,1012.8,False,41.5,36,3.8,2024,2,FP3
0 days 00:20:17.812000,26.1,60.0,1012.8,False,40.9,35,3.9,2024,2,FP3
0 days 00:21:17.819000,26.2,59.0,1012.8,False,40.9,25,5.0,2024,2,FP3
0 days 00:22:17.819000,26.2,57.0,1012.8,False,40.6,22,5.8,2024,2,FP3
0 days 00:23:17.829000,26.2,58.0,1012.8,False,40.0,19,5.2,2024,2,FP3
0 days 00:24:17.818000,26.2,58.0,1012.8,False,39.9,20,4.9,2024,2,FP3
0 days 00:25:17.821000,26.1,60.0,1012.7,False,40.0,26,3.1,2024,2,FP3
0 days 00:26:17.819000,26.1,61.0,1012.8,False,39.9,26,3.7,2024,2,FP3
0 days 00:27:17.815000,26.1,60.0,1012.8,False,39.7,21,3.9,2024,2,FP3
0 days 00:28:17.825000,26.1,60.0,1012.8,False,40.2,28,3.3,2024,2,FP3
0 days 00:29:17.818000,26.1,60.0,1012.8,False,40.2,29,3.9,2024,2,FP3
0 days 00:30:17.819000,26.1,60.0,1012.7,False,40.2,20,3.7,2024,2,FP3
0 days 00:31:17.825000,26.2,60.0,1013.0,False,39.8,30,4.2,2024,2,FP3
0 days 00:32:17.842000,26.1,59.0,1012.8,False,39.8,18,3.9,2024,2,FP3
0 days 00:33:17.858000,26.1,60.0,1012.7,False,39.8,21,4.2,2024,2,FP3
0 days 00:34:17.862000,26.1,61.0,1012.8,False,39.8,22,4.2,2024,2,FP3
0 days 00:35:17.937000,26.1,62.0,1012.8,False,39.8,17,3.6,2024,2,FP3
0 days 00:36:17.879000,26.1,62.0,1012.8,False,39.8,0,3.6,2024,2,FP3
0 days 00:37:17.875000,26.0,62.0,1012.8,False,39.3,25,3.2,2024,2,FP3
0 days 00:38:17.877000,26.0,62.0,1012.9,False,39.3,35,2.8,2024,2,FP3
0 days 00:39:17.893000,26.0,62.0,1012.8,False,39.3,7,3.1,2024,2,FP3
0 days 00:40:17.916000,26.0,62.0,1012.9,False,39.3,5,4.2,2024,2,FP3
0 days 00:41:17.917000,26.0,62.0,1012.8,False,39.3,11,3.6,2024,2,FP3
0 days 00:42:17.930000,26.0,61.0,1012.9,False,38.7,28,5.0,2024,2,FP3
0 days 00:43:17.929000,26.0,61.0,1012.9,False,38.7,25,4.9,2024,2,FP3
0 days 00:44:17.939000,26.0,62.0,1012.9,False,38.7,34,2.1,2024,2,FP3
0 days 00:45:17.934000,26.0,60.0,1013.0,False,38.7,40,3.4,2024,2,FP3
0 days 00:46:17.964000,26.0,61.0,1013.0,False,38.7,25,3.6,2024,2,FP3
0 days 00:47:17.963000,26.0,60.0,1013.0,False,38.7,36,3.6,2024,2,FP3
0 days 00:48:17.970000,26.0,60.0,1013.0,False,38.7,28,4.6,2024,2,FP3
0 days 00:49:17.962000,25.9,61.0,1013.0,False,38.7,13,4.0,2024,2,FP3
0 days 00:50:17.961000,25.9,62.0,1013.0,False,38.7,12,3.6,2024,2,FP3
0 days 00:51:17.967000,25.9,62.0,1013.1,False,38.1,27,3.5,2024,2,FP3
0 days 00:52:17.964000,25.8,63.0,1013.0,False,38.1,21,3.5,2024,2,FP3
0 days 00:53:17.955000,25.8,62.0,1013.1,False,38.1,19,4.1,2024,2,FP3
0 days 00:54:17.957000,25.9,62.0,1013.0,False,38.1,16,4.1,2024,2,FP3
0 days 00:55:17.962000,25.8,62.0,1012.9,False,38.1,20,4.3,2024,2,FP3
0 days 00:56:17.961000,25.8,63.0,1013.1,False,38.1,20,4.2,2024,2,FP3
0 days 00:57:17.964000,25.8,63.0,1013.0,False,38.1,5,3.3,2024,2,FP3
0 days 00:58:17.964000,25.9,63.0,1013.1,False,38.1,25,3.0,2024,2,FP3
0 days 00:59:17.956000,25.9,63.0,1013.1,False,38.1,28,3.4,2024,2,FP3
0 days 01:00:17.965000,25.9,61.0,1013.0,False,37.8,25,4.7,2024,2,FP3
0 days 01:01:17.969000,25.8,61.0,1013.1,False,37.8,31,5.1,2024,2,FP3
0 days 01:02:17.964000,25.8,62.0,1013.2,False,37.8,20,4.0,2024,2,FP3
0 days 01:03:17.964000,25.8,60.0,1013.1,False,37.8,33,5.1,2024,2,FP3
0 days 01:04:17.975000,25.8,60.0,1013.1,False,37.8,25,4.8,2024,2,FP3
0 days 01:05:17.967000,25.7,60.0,1013.1,False,37.8,28,4.8,2024,2,FP3
0 days 01:06:17.975000,25.8,61.0,1013.1,False,37.8,30,4.1,2024,2,FP3
0 days 01:07:17.965000,25.8,61.0,1013.1,False,37.3,20,4.1,2024,2,FP3
0 days 01:08:17.970000,25.7,62.0,1013.1,False,37.3,17,4.7,2024,2,FP3
0 days 01:09:17.978000,25.7,62.0,1013.1,False,37.3,23,4.1,2024,2,FP3
0 days 01:10:17.977000,25.6,62.0,1013.1,False,37.3,19,4.2,2024,2,FP3
0 days 01:11:17.963000,25.7,61.0,1013.1,False,37.3,23,4.6,2024,2,FP3
0 days 01:12:17.965000,25.6,62.0,1013.0,False,37.3,33,4.0,2024,2,FP3
0 days 01:13:17.973000,25.6,62.0,1013.1,False,37.3,14,3.0,2024,2,FP3
0 days 01:14:17.976000,25.7,62.0,1013.1,False,37.3,35,3.7,2024,2,FP3
0 days 01:15:17.990000,25.8,62.0,1013.1,False,37.3,20,5.0,2024,2,FP3
0 days 01:16:17.995000,25.7,62.0,1013.3,False,37.3,29,4.4,2024,2,FP3
0 days 01:17:17.993000,25.7,61.0,1013.2,False,37.3,54,4.2,2024,2,FP3
0 days 01:18:18,25.7,60.0,1013.2,False,37.3,23,3.9,2024,2,FP3
0 days 01:19:18.014000,25.7,59.0,1013.3,False,37.3,16,4.7,2024,2,FP3
0 days 01:20:18.013000,25.7,59.0,1013.4,False,37.3,25,5.1,2024,2,FP3
0 days 01:21:18.034000,25.6,59.0,1013.3,False,37.3,20,4.1,2024,2,FP3
0 days 00:00:43.470000,18.0,60.0,1025.6,False,25.6,125,2.0,2024,3,FP3
0 days 00:01:43.481000,18.0,61.0,1025.5,False,25.3,144,2.0,2024,3,FP3
0 days 00:02:43.479000,18.0,61.0,1025.5,False,25.2,167,2.2,2024,3,FP3
0 days 00:03:43.487000,18.0,61.0,1025.5,False,25.3,146,1.6,2024,3,FP3
0 days 00:04:43.489000,18.0,62.0,1025.5,False,25.7,173,2.8,2024,3,FP3
0 days 00:05:43.486000,18.0,62.0,1025.5,False,25.8,162,1.7,2024,3,FP3
0 days 00:06:43.483000,17.9,61.0,1025.6,False,26.1,343,0.8,2024,3,FP3
0 days 00:07:43.477000,18.0,61.0,1025.6,False,26.0,61,0.5,2024,3,FP3
0 days 00:08:43.490000,18.0,60.0,1025.5,False,26.1,102,0.7,2024,3,FP3
0 days 00:09:43.490000,18.0,60.0,1025.6,False,26.0,146,0.9,2024,3,FP3
0 days 00:10:43.504000,18.0,60.0,1025.6,False,25.6,61,2.0,2024,3,FP3
0 days 00:11:43.526000,18.0,60.0,1025.4,False,25.6,149,1.4,2024,3,FP3
0 days 00:12:43.527000,18.1,60.0,1025.5,False,25.8,94,1.6,2024,3,FP3
0 days 00:13:43.550000,18.0,60.0,1025.4,False,26.0,146,1.1,2024,3,FP3
0 days 00:14:43.563000,18.0,60.0,1025.5,False,26.0,163,1.6,2024,3,FP3
0 days 00:15:43.553000,18.1,61.0,1025.4,False,26.0,151,1.9,2024,3,FP3
0 days 00:16:43.577000,18.1,62.0,1025.5,False,26.0,0,1.7,2024,3,FP3
0 days 00:17:43.590000,18.0,62.0,1025.5,False,26.2,92,0.8,2024,3,FP3
0 days 00:18:43.628000,18.0,62.0,1025.4,False,26.2,125,1.4,2024,3,FP3
0 days 00:19:43.625000,18.1,60.0,1025.6,False,26.0,148,1.6,2024,3,FP3
0 days 00:20:43.631000,18.1,60.0,1025.5,False,26.0,140,1.2,2024,3,FP3
0 days 00:21:43.661000,18.1,60.0,1025.4,False,26.0,131,1.1,2024,3,FP3
0 days 00:22:43.618000,18.1,60.0,1025.4,False,26.1,150,1.0,2024,3,FP3
0 days 00:23:43.616000,18.0,60.0,1025.5,False,26.0,44,1.1,2024,3,FP3
0 days 00:24:43.615000,18.0,61.0,1025.5,False,26.0,109,1.1,2024,3,FP3
0 days 00:25:43.617000,18.0,61.0,1025.5,False,26.0,34,0.7,2024,3,FP3
0 days 00:26:43.626000,18.0,61.0,1025.4,False,26.1,155,1.0,2024,3,FP3
0 days 00:27:43.624000,18.1,61.0,1025.4,False,26.1,346,1.0,2024,3,FP3
0 days 00:28:43.629000,18.0,61.0,1025.5,False,26.0,122,2.5,2024,3,FP3
0 days 00:29:43.628000,17.9,61.0,1025.4,False,26.1,145,1.2,2024,3,FP3
0 days 00:30:43.626000,17.9,62.0,1025.4,False,26.2,14,1.2,2024,3,FP3
0 days 00:31:43.631000,17.9,62.0,1025.4,False,26.2,154,1.3,2024,3,FP3
0 days 00:32:43.625000,18.0,62.0,1025.5,False,26.4,0,1.0,2024,3,FP3
0 days 00:33:43.631000,18.0,61.0,1025.3,False,26.4,173,1.6,2024,3,FP3
0 days 00:34:43.626000,18.0,61.0,1025.4,False,26.4,7,1.2,2024,3,FP3
0 days 00:35:43.641000,18.1,61.0,1025.4,False,26.4,156,2.1,2024,3,FP3
0 days 00:36:43.632000,18.1,61.0,1025.4,False,26.4,0,2.1,2024,3,FP3
0 days 00:37:43.628000,18.1,61.0,1025.3,False,26.6,56,0.9,2024,3,FP3
0 days 00:38:43.636000,18.1,61.0,1025.4,False,26.7,145,1.0,2024,3,FP3
0 days 00:39:43.640000,18.1,60.0,1025.3,False,26.7,143,1.6,2024,3,FP3
0 days 00:40:43.643000,18.1,60.0,1025.4,False,26.6,147,1.1,2024,3,FP3
0 days 00:41:43.642000,18.2,60.0,1025.3,False,27.0,175,1.4,2024,3,FP3
0 days 00:42:43.637000,18.3,60.0,1025.4,False,26.8,119,1.3,2024,3,FP3
0 days 00:43:43.638000,18.2,60.0,1025.4,False,26.8,151,1.2,2024,3,FP3
0 days 00:44:43.645000,18.2,61.0,1025.3,False,26.8,143,2.0,2024,3,FP3
0 days 00:45:43.645000,18.3,60.0,1025.3,False,27.1,145,1.9,2024,3,FP3
0 days 00:46:43.645000,18.3,59.0,1025.3,False,27.3,168,1.7,2024,3,FP3
0 days 00:47:43.637000,18.3,60.0,1025.3,False,27.4,149,0.8,2024,3,FP3
0 days 00:48:43.646000,18.2,59.0,1025.3,False,27.7,68,1.2,2024,3,FP3
0 days 00:49:43.673000,18.3,59.0,1025.4,False,27.8,149,2.3,2024,3,FP3
0 days 00:50:43.646000,18.4,59.0,1025.4,False,28.0,167,1.6,2024,3,FP3
0 days 00:51:43.657000,18.4,59.0,1025.1,False,28.1,151,0.7,2024,3,FP3
0 days 00:52:43.655000,18.4,59.0,1025.3,False,28.4,149,1.3,2024,3,FP3
0 days 00:53:43.641000,18.5,58.0,1025.2,False,29.0,134,1.3,2024,3,FP3
0 days 00:54:43.656000,18.5,57.0,1025.2,False,29.5,138,1.5,2024,3,FP3
0 days 00:55:43.657000,18.5,58.0,1025.3,False,30.0,191,0.8,2024,3,FP3
0 days 00:56:43.660000,18.6,57.0,1025.2,False,30.2,152,1.8,2024,3,FP3
0 days 00:57:43.658000,18.7,57.0,1025.3,False,30.5,132,1.3,2024,3,FP3
0 days 00:58:43.658000,18.7,57.0,1025.2,False,29.6,136,1.4,2024,3,FP3
0 days 00:59:43.654000,18.6,57.0,1025.2,False,29.4,220,0.7,2024,3,FP3
0 days 01:00:43.649000,18.6,57.0,1025.2,False,29.4,314,1.7,2024,3,FP3
0 days 01:01:43.651000,18.5,57.0,1025.2,False,29.5,123,1.0,2024,3,FP3
0 days 01:02:43.650000,18.6,58.0,1025.1,False,30.3,193,1.0,2024,3,FP3
0 days 01:03:43.654000,18.6,58.0,1025.0,False,30.4,158,1.9,2024,3,FP3
0 days 01:04:43.652000,18.6,58.0,1025.1,False,30.5,140,2.3,2024,3,FP3
0 days 01:05:43.655000,18.7,58.0,1025.1,False,31.0,112,1.6,2024,3,FP3
0 days 01:06:43.668000,18.8,57.0,1025.1,False,31.0,131,1.6,2024,3,FP3
0 days 01:07:43.685000,18.8,57.0,1025.1,False,30.7,151,2.0,2024,3,FP3
0 days 01:08:43.693000,18.7,57.0,1025.1,False,30.3,0,1.5,2024,3,FP3
0 days 01:09:43.715000,18.7,58.0,1025.1,False,30.2,154,1.2,2024,3,FP3
0 days 01:10:43.724000,18.7,58.0,1025.1,False,30.1,34,2.4,2024,3,FP3
0 days 01:11:43.729000,18.8,57.0,1025.0,False,30.1,121,1.3,2024,3,FP3
0 days 01:12:43.743000,18.6,57.0,1025.1,False,30.1,173,1.8,2024,3,FP3
0 days 01:13:43.750000,18.6,57.0,1025.1,False,30.1,112,1.4,2024,3,FP3
0 days 01:14:43.761000,18.6,57.0,1025.1,False,30.2,122,0.8,2024,3,FP3
0 days 01:15:43.752000,18.6,57.0,1025.1,False,30.2,100,1.6,2024,3,FP3
0 days 01:16:43.761000,18.6,57.0,1025.1,False,30.2,151,1.7,2024,3,FP3
0 days 01:17:43.766000,18.6,56.0,1025.1,False,30.3,145,1.5,2024,3,FP3
0 days 01:18:43.769000,18.7,57.0,1025.0,False,30.3,313,1.7,2024,3,FP3
0 days 01:19:43.760000,18.6,57.0,1025.1,False,30.3,141,0.8,2024,3,FP3
0 days 01:20:43.784000,18.5,56.0,1025.1,False,30.7,0,1.8,2024,3,FP3
0 days 00:00:55.746000,16.8,68.0,1016.5,False,24.2,0,0.6,2024,4,FP3
0 days 00:01:55.744000,16.8,69.0,1016.4,False,24.6,232,0.5,2024,4,FP3
0 days 00:02:55.748000,16.7,68.0,1016.4,False,24.8,193,1.2,2024,4,FP3
0 days 00:03:55.740000,16.8,69.0,1016.4,False,24.7,202,0.9,2024,4,FP3
0 days 00:04:55.759000,16.8,67.0,1016.4,False,24.5,245,0.9,2024,4,FP3
0 days 00:05:55.747000,16.8,68.0,1016.3,False,24.5,196,1.8,2024,4,FP3
0 days 00:06:55.765000,16.9,67.0,1016.3,False,24.9,174,2.5,2024,4,FP3
0 days 00:07:55.781000,17.0,68.0,1016.3,False,24.9,140,1.2,2024,4,FP3
0 days 00:08:55.804000,17.0,68.0,1016.3,False,24.9,176,0.9,2024,4,FP3
0 days 00:09:55.818000,17.1,69.0,1016.3,False,25.1,211,1.8,2024,4,FP3
0 days 00:10:55.836000,17.1,67.0,1016.2,False,25.4,191,1.4,2024,4,FP3
0 days 00:11:55.828000,17.0,67.0,1016.2,False,25.5,186,1.6,2024,4,FP3
0 days 00:12:55.826000,17.2,68.0,1016.2,False,24.9,190,1.3,2024,4,FP3
0 days 00:13:55.856000,17.3,68.0,1016.2,False,24.9,198,1.7,2024,4,FP3
0 days 00:14:55.858000,17.4,66.0,1016.1,False,24.8,204,1.2,2024,4,FP3
0 days 00:15:55.872000,17.3,67.0,1016.2,False,24.7,210,1.0,2024,4,FP3
0 days 00:16:55.887000,17.2,67.0,1016.2,False,24.7,194,0.7,2024,4,FP3
0 days 00:17:55.888000,17.2,68.0,1016.1,False,25.0,181,1.0,2024,4,FP3
0 days 00:18:55.904000,17.2,68.0,1016.2,False,25.3,177,1.0,2024,4,FP3
0 days 00:19:55.904000,17.1,68.0,1016.2,False,25.4,142,0.7,2024,4,FP3
0 days 00:20:55.905000,17.1,68.0,1016.1,False,25.4,214,0.4,2024,4,FP3
0 days 00:21:55.905000,17.3,67.0,1016.2,False,25.9,128,1.3,2024,4,FP3
0 days 00:22:55.908000,17.3,65.0,1016.2,False,25.4,176,1.5,2024,4,FP3
0 days 00:23:55.935000,17.4,65.0,1016.2,False,25.3,193,1.4,2024,4,FP3
0 days 00:24:55.940000,17.2,65.0,1016.2,False,25.2,145,1.1,2024,4,FP3
0 days 00:25:55.946000,17.3,66.0,1016.1,False,25.2,164,1.2,2024,4,FP3
0 days 00:26:55.998000,17.3,66.0,1016.1,False,25.7,194,1.0,2024,4,FP3
0 days 00:27:55.980000,17.3,66.0,1016.1,False,25.4,169,1.6,2024,4,FP3
0 days 00:28:55.965000,17.3,65.0,1016.1,False,25.6,96,1.2,2024,4,FP3
0 days 00:29:55.975000,17.2,66.0,1016.1,False,25.6,143,0.7,2024,4,FP3
0 days 00:30:55.973000,17.2,65.0,1016.0,False,26.4,86,0.7,2024,4,FP3
0 days 00:31:55.972000,17.3,65.0,1016.0,False,26.4,146,1.1,2024,4,FP3
0 days 00:32:55.975000,17.4,64.0,1015.9,False,26.3,119,1.6,2024,4,FP3
0 days 00:33:55.966000,17.2,65.0,1016.0,False,25.7,85,1.1,2024,4,FP3
0 days 00:34:55.968000,17.2,65.0,1016.0,False,26.3,160,1.1,2024,4,FP3
0 days 00:35:55.967000,17.4,66.0,1016.0,False,26.5,177,1.2,2024,4,FP3
0 days 00:36:55.965000,17.5,65.0,1015.9,False,26.9,117,1.2,2024,4,FP3
0 days 00:37:55.964000,17.5,64.0,1015.9,False,26.9,91,1.0,2024,4,FP3
0 days 00:38:55.970000,17.5,64.0,1015.9,False,27.1,91,0.7,2024,4,FP3
0 days 00:39:55.969000,17.6,63.0,1015.8,False,27.1,347,0.6,2024,4,FP3
0 days 00:40:55.970000,17.6,62.0,1015.9,False,27.1,341,1.9,2024,4,FP3
0 days 00:41:55.982000,17.6,63.0,1015.8,False,26.8,21,1.7,2024,4,FP3
0 days 00:42:55.984000,17.6,64.0,1015.8,False,27.1,358,1.0,2024,4,FP3
0 days 00:43:55.973000,17.6,65.0,1015.8,False,27.3,234,0.6,2024,4,FP3
0 days 00:44:55.969000,17.7,64.0,1015.8,False,27.4,71,0.6,2024,4,FP3
0 days 00:45:55.976000,17.8,63.0,1015.8,False,27.4,58,1.0,2024,4,FP3
0 days 00:46:55.968000,17.8,64.0,1015.7,False,27.7,152,1.2,2024,4,FP3
0 days 00:47:55.992000,17.8,64.0,1015.7,False,27.1,192,1.9,2024,4,FP3
0 days 00:48:55.985000,17.6,66.0,1015.7,False,27.0,197,0.8,2024,4,FP3
0 days 00:49:55.986000,17.5,66.0,1015.7,False,27.1,143,1.1,2024,4,FP3
0 days 00:50:55.975000,17.5,67.0,1015.6,False,27.0,189,2.2,2024,4,FP3
0 days 00:51:55.978000,17.6,66.0,1015.5,False,26.8,178,2.4,2024,4,FP3
0 days 00:52:55.977000,17.4,67.0,1015.5,False,27.2,199,2.1,2024,4,FP3
0 days 00:53:55.989000,17.4,68.0,1015.6,False,27.3,178,2.5,2024,4,FP3
0 days 00:54:55.990000,17.4,68.0,1015.6,False,27.3,187,2.2,2024,4,FP3
0 days 00:55:55.984000,17.4,67.0,1015.6,False,26.8,173,2.3,2024,4,FP3
0 days 00:56:55.990000,17.4,68.0,1015.6,False,26.8,176,1.9,2024,4,FP3
0 days 00:57:55.981000,17.4,68.0,1015.6,False,27.0,181,1.4,2024,4,FP3
0 days 00:58:55.980000,17.4,67.0,1015.6,False,27.0,174,2.0,2024,4,FP3
0 days 00:59:55.983000,17.4,67.0,1015.6,False,26.9,180,2.4,2024,4,FP3
0 days 01:00:55.986000,17.5,67.0,1015.5,False,27.2,176,2.1,2024,4,FP3
0 days 01:01:55.990000,17.5,67.0,1015.6,False,27.2,183,1.8,2024,4,FP3
0 days 01:02:55.989000,17.5,67.0,1015.6,False,27.6,181,2.2,2024,4,FP3
0 days 01:03:55.989000,17.5,66.0,1015.5,False,27.8,206,2.0,2024,4,FP3
0 days 01:04:55.997000,17.5,66.0,1015.5,False,28.0,115,1.8,2024,4,FP3
0 days 01:05:55.996000,17.5,67.0,1015.5,False,28.4,158,1.1,2024,4,FP3
0 days 01:06:55.997000,17.6,67.0,1015.4,False,28.6,198,1.2,2024,4,FP3
0 days 01:07:55.991000,17.5,66.0,1015.4,False,28.8,191,1.3,2024,4,FP3
0 days 01:08:55.990000,17.5,66.0,1015.4,False,28.8,178,1.3,2024,4,FP3
0 days 01:09:55.993000,17.5,65.0,1015.5,False,28.9,194,0.7,2024,4,FP3
0 days 01:10:55.993000,17.6,65.0,1015.4,False,29.2,150,1.7,2024,4,FP3
0 days 01:11:56,17.8,64.0,1015.3,False,29.2,148,1.5,2024,4,FP3
0 days 01:12:55.989000,17.8,65.0,1015.3,False,29.3,189,1.5,2024,4,FP3
0 days 01:13:55.993000,17.7,65.0,1015.3,False,29.6,177,1.4,2024,4,FP3
0 days 01:14:55.992000,17.7,65.0,1015.2,False,29.6,186,1.3,2024,4,FP3
0 days 01:15:56.004000,17.9,64.0,1015.1,False,29.6,164,1.5,2024,4,FP3
0 days 01:16:55.994000,17.8,65.0,1015.0,False,29.3,156,1.9,2024,4,FP3
0 days 01:17:55.992000,17.8,66.0,1015.1,False,29.6,184,1.5,2024,4,FP3
0 days 01:18:56.005000,17.9,65.0,1015.2,False,29.4,167,2.0,2024,4,FP3
0 days 00:00:38.291000,23.1,44.0,1009.5,False,42.4,134,1.8,2024,7,FP3
0 days 00:01:38.294000,23.1,44.0,1009.4,False,42.5,129,1.8,2024,7,FP3
0 days 00:02:38.304000,23.1,43.0,1009.5,False,42.6,128,1.7,2024,7,FP3
0 days 00:03:38.295000,23.0,43.0,1009.5,False,42.6,179,1.2,2024,7,FP3
0 days 00:04:38.292000,23.0,43.0,1009.4,False,43.3,122,0.9,2024,7,FP3
0 days 00:05:38.313000,23.0,43.0,1009.4,False,43.3,176,1.7,2024,7,FP3
0 days 00:06:38.323000,23.1,44.0,1009.4,False,43.3,141,1.4,2024,7,FP3
0 days 00:07:38.313000,23.2,43.0,1009.3,False,44.0,144,1.8,2024,7,FP3
0 days 00:08:38.318000,23.2,42.0,1009.4,False,43.1,112,3.3,2024,7,FP3
0 days 00:09:38.313000,23.3,43.0,1009.4,False,42.9,175,2.7,2024,7,FP3
0 days 00:10:38.310000,23.2,44.0,1009.5,False,43.1,160,1.1,2024,7,FP3
0 days 00:11:38.323000,23.3,43.0,1009.4,False,43.7,142,1.9,2024,7,FP3
0 days 00:12:38.316000,23.2,42.0,1009.4,False,43.7,125,1.9,2024,7,FP3
0 days 00:13:38.321000,23.1,43.0,1009.5,False,43.7,128,1.8,2024,7,FP3
0 days 00:14:38.316000,23.2,43.0,1009.4,False,43.2,154,1.2,2024,7,FP3
0 days 00:15:38.303000,23.1,42.0,1009.4,False,43.5,149,1.0,2024,7,FP3
0 days 00:16:38.334000,23.1,42.0,1009.4,False,43.5,119,0.8,2024,7,FP3
0 days 00:17:38.334000,23.3,43.0,1009.3,False,44.2,134,2.1,2024,7,FP3
0 days 00:18:38.346000,23.2,42.0,1009.2,False,44.2,110,3.1,2024,7,FP3
0 days 00:19:38.332000,23.2,42.0,1009.3,False,43.7,152,2.6,2024,7,FP3
0 days 00:20:38.351000,23.4,43.0,1009.2,False,43.8,151,2.7,2024,7,FP3
0 days 00:21:38.396000,23.3,43.0,1009.3,False,44.1,133,1.8,2024,7,FP3
0 days 00:22:38.390000,23.3,42.0,1009.3,False,44.2,122,2.1,2024,7,FP3
0 days 00:23:38.406000,23.3,42.0,1009.4,False,44.3,0,2.0,2024,7,FP3
0 days 00:24:38.387000,23.4,42.0,1009.3,False,44.4,139,0.8,2024,7,FP3
0 days 00:25:38.396000,23.3,40.0,1009.3,False,44.3,163,2.1,2024,7,FP3
0 days 00:26:38.399000,23.3,40.0,1009.4,False,44.4,136,1.7,2024,7,FP3
0 days 00:27:38.420000,23.3,40.0,1009.2,False,44.7,165,2.0,2024,7,FP3
0 days 00:28:38.402000,23.4,40.0,1009.4,False,44.7,133,1.6,2024,7,FP3
0 days 00:29:38.424000,23.5,41.0,1009.3,False,44.7,116,1.9,2024,7,FP3
0 days 00:30:38.420000,23.5,40.0,1009.2,False,44.4,136,2.2,2024,7,FP3
0 days 00:31:38.423000,23.6,41.0,1009.3,False,44.4,135,3.3,2024,7,FP3
0 days 00:32:38.434000,23.6,41.0,1009.3,False,44.4,121,2.3,2024,7,FP3
0 days 00:33:38.442000,23.6,41.0,1009.2,False,44.4,137,1.8,2024,7,FP3
0 days 00:34:38.440000,23.6,41.0,1009.3,False,44.6,123,2.1,2024,7,FP3
0 days 00:35:38.449000,23.5,41.0,1009.2,False,44.6,153,1.9,2024,7,FP3
0 days 00:36:38.476000,23.5,41.0,1009.2,False,44.0,133,1.8,2024,7,FP3
0 days 00:37:38.470000,23.6,41.0,1009.3,False,44.0,138,2.7,2024,7,FP3
0 days 00:38:38.460000,23.8,43.0,1009.3,False,43.7,145,2.6,2024,7,FP3
0 days 00:39:38.564000,23.9,43.0,1009.2,False,43.6,138,2.0,2024,7,FP3
0 days 00:40:38.493000,23.9,43.0,1009.2,False,44.3,114,2.5,2024,7,FP3
0 days 00:41:38.521000,23.6,42.0,1009.3,False,44.9,106,2.1,2024,7,FP3
0 days 00:42:38.504000,23.6,42.0,1009.2,False,45.2,149,2.4,2024,7,FP3
0 days 00:43:38.513000,23.6,41.0,1009.3,False,45.0,128,1.7,2024,7,FP3
0 days 00:44:38.534000,23.6,42.0,1009.4,False,45.0,235,1.5,2024,7,FP3
0 days 00:45:38.539000,23.9,42.0,1009.3,False,45.3,137,0.7,2024,7,FP3
0 days 00:46:38.540000,23.9,41.0,1009.3,False,45.5,119,1.2,2024,7,FP3
0 days 00:47:38.572000,24.0,40.0,1009.3,False,45.6,127,1.6,2024,7,FP3
0 days 00:48:38.557000,23.9,40.0,1009.3,False,45.4,103,1.8,2024,7,FP3
0 days 00:49:38.557000,24.0,41.0,1009.4,False,45.4,130,1.7,2024,7,FP3
0 days 00:50:38.560000,24.0,40.0,1009.2,False,44.9,112,2.1,2024,7,FP3
0 days 00:51:38.566000,23.9,40.0,1009.3,False,44.3,131,2.4,2024,7,FP3
0 days 00:52:38.558000,23.7,41.0,1009.3,False,44.1,149,1.7,2024,7,FP3
0 days 00:53:38.576000,23.8,41.0,1009.2,False,44.3,173,1.6,2024,7,FP3
0 days 00:54:38.586000,23.8,41.0,1009.2,False,44.5,142,1.0,2024,7,FP3
0 days 00:55:38.590000,23.8,41.0,1009.1,False,45.0,134,3.3,2024,7,FP3
0 days 00:56:38.593000,23.9,40.0,1009.1,False,45.0,110,3.3,2024,7,FP3
0 days 00:57:38.585000,23.6,40.0,1009.2,False,44.8,120,2.4,2024,7,FP3
0 days 00:58:38.582000,23.6,41.0,1009.1,False,44.5,354,1.4,2024,7,FP3
0 days 00:59:38.578000,23.7,40.0,1009.2,False,45.6,141,0.8,2024,7,FP3
0 days 01:00:38.606000,23.9,41.0,1009.2,False,45.7,122,2.5,2024,7,FP3
0 days 01:01:38.633000,24.0,40.0,1009.1,False,45.7,114,2.1,2024,7,FP3
0 days 01:02:38.642000,24.0,40.0,1009.0,False,45.5,107,2.1,2024,7,FP3
0 days 01:03:38.645000,24.0,40.0,1009.2,False,45.6,91,1.7,2024,7,FP3
0 days 01:04:38.642000,23.8,40.0,1009.1,False,45.8,118,2.1,2024,7,FP3
0 days 01:05:38.653000,23.9,39.0,1009.1,False,45.9,126,1.2,2024,7,FP3
0 days 01:06:38.678000,23.9,40.0,1009.0,False,45.5,149,1.1,2024,7,FP3
0 days 01:07:38.667000,24.1,40.0,1008.9,False,45.1,126,1.5,2024,7,FP3
0 days 01:08:38.704000,24.2,40.0,1009.0,False,44.8,114,3.8,2024,7,FP3
0 days 01:09:38.704000,24.2,40.0,1009.0,False,45.1,160,2.2,2024,7,FP3
0 days 01:10:38.731000,24.0,40.0,1009.0,False,45.1,136,1.5,2024,7,FP3
0 days 01:11:38.741000,23.9,40.0,1009.0,False,45.4,150,1.1,2024,7,FP3
0 days 01:12:38.725000,24.0,40.0,1009.0,False,45.5,149,1.5,2024,7,FP3
0 days 01:13:38.733000,24.0,40.0,1009.0,False,45.7,124,2.4,2024,7,FP3
0 days 01:14:38.737000,24.0,40.0,1009.0,False,45.5,129,2.6,2024,7,FP3
0 days 01:15:38.729000,24.2,41.0,1008.9,False,45.5,125,1.9,2024,7,FP3
0 days 01:16:38.729000,24.3,39.0,1009.0,False,45.5,165,1.6,2024,7,FP3
0 days 01:17:38.736000,24.2,40.0,1009.0,False,45.8,151,1.1,2024,7,FP3
0 days 00:00:08.048000,21.6,56.0,1017.6,False,45.0,92,0.0,2024,8,FP3
0 days 00:01:08.043000,21.7,56.0,1017.5,False,45.0,0,0.3,2024,8,FP3
0 days 00:02:08.039000,21.6,55.0,1017.6,False,45.2,326,0.0,2024,8,FP3
0 days 00:03:08.044000,21.7,55.0,1017.6,False,45.7,317,0.0,2024,8,FP3
0 days 00:04:08.053000,21.8,57.0,1017.5,False,45.8,276,0.7,2024,8,FP3
0 days 00:05:08.053000,21.8,57.0,1017.6,False,45.8,5,0.6,2024,8,FP3
0 days 00:06:08.042000,21.9,57.0,1017.6,False,45.4,3,1.1,2024,8,FP3
0 days 00:07:08.049000,21.7,58.0,1017.5,False,45.2,344,1.6,2024,8,FP3
0 days 00:08:08.042000,21.7,59.0,1017.5,False,45.4,334,1.1,2024,8,FP3
0 days 00:09:08.055000,21.7,59.0,1017.6,False,46.0,2,1.1,2024,8,FP3
0 days 00:10:08.083000,21.6,59.0,1017.5,False,46.3,0,0.8,2024,8,FP3
0 days 00:11:08.044000,21.5,58.0,1017.6,False,46.3,345,0.7,2024,8,FP3
0 days 00:12:08.048000,21.5,57.0,1017.5,False,46.2,0,0.8,2024,8,FP3
0 days 00:13:08.049000,21.5,58.0,1017.4,False,46.6,0,0.0,2024,8,FP3
0 days 00:14:08.060000,21.5,58.0,1017.4,False,46.7,56,0.8,2024,8,FP3
0 days 00:15:08.053000,21.5,58.0,1017.4,False,46.6,16,0.6,2024,8,FP3
0 days 00:16:08.060000,21.5,58.0,1017.4,False,46.6,16,0.6,2024,8,FP3
0 days 00:17:08.083000,21.5,57.0,1017.4,False,46.7,277,1.3,2024,8,FP3
0 days 00:18:08.103000,21.4,58.0,1017.5,False,46.3,8,0.4,2024,8,FP3
0 days 00:19:08.113000,21.5,57.0,1017.4,False,46.9,3,1.0,2024,8,FP3
0 days 00:20:08.141000,21.6,57.0,1017.4,False,46.9,348,1.0,2024,8,FP3
0 days 00:21:08.138000,21.6,57.0,1017.4,False,46.9,20,0.9,2024,8,FP3
0 days 00:22:08.151000,21.7,57.0,1017.5,False,46.8,327,1.5,2024,8,FP3
0 days 00:23:08.153000,21.8,56.0,1017.4,False,47.1,359,0.8,2024,8,FP3
0 days 00:24:08.151000,21.8,57.0,1017.4,False,47.1,0,0.0,2024,8,FP3
0 days 00:25:08.176000,21.8,57.0,1017.5,False,47.2,0,0.5,2024,8,FP3
0 days 00:26:08.168000,21.8,56.0,1017.5,False,47.2,13,0.4,2024,8,FP3
0 days 00:27:08.201000,21.8,57.0,1017.5,False,47.7,345,0.3,2024,8,FP3
0 days 00:28:08.220000,21.9,56.0,1017.6,False,47.6,142,0.7,2024,8,FP3
0 days 00:29:08.234000,21.9,56.0,1017.5,False,47.1,337,0.5,2024,8,FP3
0 days 00:30:08.225000,21.9,57.0,1017.5,False,47.1,0,0.7,2024,8,FP3
0 days 00:31:08.242000,21.8,57.0,1017.5,False,47.8,0,0.6,2024,8,FP3
0 days 00:32:08.253000,21.8,57.0,1017.6,False,48.1,186,0.0,2024,8,FP3
0 days 00:33:08.246000,21.9,56.0,1017.5,False,48.1,207,0.4,2024,8,FP3
0 days 00:34:08.275000,21.9,56.0,1017.6,False,47.5,288,0.9,2024,8,FP3
0 days 00:35:08.287000,22.0,56.0,1017.6,False,47.5,288,0.9,2024,8,FP3
0 days 00:36:08.306000,22.0,57.0,1017.6,False,47.0,99,1.5,2024,8,FP3
0 days 00:37:08.290000,21.9,57.0,1017.6,False,46.7,216,0.9,2024,8,FP3
0 days 00:38:08.286000,21.9,57.0,1017.7,False,46.4,219,0.7,2024,8,FP3
0 days 00:39:08.309000,21.8,56.0,1017.6,False,46.4,223,1.4,2024,8,FP3
0 days 00:40:08.312000,21.8,57.0,1017.6,False,46.3,209,1.1,2024,8,FP3
0 days 00:41:08.322000,21.7,56.0,1017.6,False,46.2,0,1.1,2024,8,FP3
0 days 00:42:08.330000,21.7,57.0,1017.6,False,45.9,274,1.1,2024,8,FP3
0 days 00:43:08.317000,21.5,58.0,1017.6,False,45.8,232,0.9,2024,8,FP3
0 days 00:44:08.310000,21.5,60.0,1017.6,False,45.8,212,1.5,2024,8,FP3
0 days 00:45:08.332000,21.4,59.0,1017.6,False,46.0,281,1.6,2024,8,FP3
0 days 00:46:08.352000,21.6,59.0,1017.7,False,47.0,216,0.8,2024,8,FP3
0 days 00:47:08.366000,21.7,58.0,1017.6,False,47.0,208,0.8,2024,8,FP3
0 days 00:48:08.378000,21.7,57.0,1017.7,False,47.1,348,1.3,2024,8,FP3
0 days 00:49:08.383000,21.7,56.0,1017.6,False,47.0,210,0.8,2024,8,FP3
0 days 00:50:08.407000,21.8,57.0,1017.7,False,46.9,195,0.9,2024,8,FP3
0 days 00:51:08.420000,21.8,57.0,1017.6,False,46.6,330,0.7,2024,8,FP3
0 days 00:52:08.440000,21.7,57.0,1017.5,False,46.9,316,0.9,2024,8,FP3
0 days 00:53:08.433000,21.6,59.0,1017.6,False,46.9,313,0.6,2024,8,FP3
0 days 00:54:08.451000,21.5,60.0,1017.6,False,47.0,289,1.1,2024,8,FP3
0 days 00:55:08.471000,21.4,61.0,1017.6,False,47.3,341,1.1,2024,8,FP3
0 days 00:56:08.447000,21.3,61.0,1017.5,False,48.3,204,1.1,2024,8,FP3
0 days 00:57:08.460000,21.4,60.0,1017.6,False,48.5,204,0.8,2024,8,FP3
0 days 00:58:08.461000,21.4,58.0,1017.4,False,48.5,234,1.1,2024,8,FP3
0 days 00:59:08.457000,21.5,58.0,1017.6,False,48.2,264,0.8,2024,8,FP3
0 days 01:00:08.461000,21.5,57.0,1017.6,False,47.2,0,0.7,2024,8,FP3
0 days 01:01:08.486000,21.6,56.0,1017.5,False,47.1,44,0.8,2024,8,FP3
0 days 01:02:08.472000,21.6,56.0,1017.6,False,47.0,242,1.0,2024,8,FP3
0 days 01:03:08.497000,21.6,57.0,1017.6,False,47.0,209,1.5,2024,8,FP3
0 days 01:04:08.512000,21.7,57.0,1017.5,False,47.2,225,0.9,2024,8,FP3
0 days 01:05:08.505000,21.7,58.0,1017.5,False,47.4,0,0.9,2024,8,FP3
0 days 01:06:08.514000,21.6,58.0,1017.6,False,47.2,311,0.7,2024,8,FP3
0 days 01:07:08.534000,21.6,58.0,1017.6,False,47.3,268,1.0,2024,8,FP3
0 days 01:08:08.549000,21.7,58.0,1017.5,False,47.1,249,1.0,2024,8,FP3
0 days 01:09:08.543000,21.8,58.0,1017.5,False,47.4,215,1.3,2024,8,FP3
0 days 01:10:08.564000,21.9,56.0,1017.5,False,48.0,217,0.8,2024,8,FP3
0 days 01:11:08.564000,21.9,56.0,1017.5,False,47.7,244,1.4,2024,8,FP3
0 days 01:12:08.564000,21.9,56.0,1017.5,False,47.5,224,0.6,2024,8,FP3
0 days 01:13:08.551000,21.8,57.0,1017.5,False,47.6,251,0.6,2024,8,FP3
0 days 01:14:08.567000,21.6,56.0,1017.5,False,47.5,278,0.4,2024,8,FP3
0 days 01:15:08.569000,21.6,58.0,1017.5,False,47.1,225,0.9,2024,8,FP3
0 days 01:16:08.557000,21.6,59.0,1017.5,False,47.2,350,0.9,2024,8,FP3
0 days 01:17:08.574000,21.6,60.0,1017.5,False,47.0,218,0.7,2024,8,FP3
0 days 01:18:08.573000,21.5,60.0,1017.5,False,47.5,347,0.8,2024,8,FP3
0 days 00:00:05.455000,20.0,63.0,1000.8,False,32.2,262,1.4,2024,9,FP3
0 days 00:01:05.464000,20.0,63.0,1000.7,False,32.2,96,1.2,2024,9,FP3
0 days 00:02:05.465000,19.9,64.0,1000.8,False,32.7,103,1.4,2024,9,FP3
0 days 00:03:05.468000,20.0,63.0,1000.7,False,32.9,79,1.7,2024,9,FP3
0 days 00:04:05.468000,20.0,63.0,1000.6,False,33.2,67,2.0,2024,9,FP3
0 days 00:05:05.481000,20.1,63.0,1000.6,False,33.5,104,1.2,2024,9,FP3
0 days 00:06:05.466000,20.2,62.0,1000.7,False,34.4,226,1.6,2024,9,FP3
0 days 00:07:05.463000,20.3,62.0,1000.6,False,34.6,87,1.8,2024,9,FP3
0 days 00:08:05.469000,20.4,63.0,1000.7,False,34.5,106,1.3,2024,9,FP3
0 days 00:09:05.469000,20.5,62.0,1000.6,False,34.6,201,2.3,2024,9,FP3
0 days 00:10:05.471000,20.5,62.0,1000.7,False,34.9,257,2.7,2024,9,FP3
0 days 00:11:05.460000,20.5,62.0,1000.6,False,35.1,131,0.9,2024,9,FP3
0 days 00:12:05.465000,20.5,61.0,1000.6,False,35.3,71,1.8,2024,9,FP3
0 days 00:13:05.472000,20.4,62.0,1000.6,False,35.4,145,2.8,2024,9,FP3
0 days 00:14:05.497000,20.4,62.0,1000.6,False,35.3,166,1.3,2024,9,FP3
0 days 00:15:05.490000,20.5,62.0,1000.5,False,35.3,127,1.7,2024,9,FP3
0 days 00:16:05.512000,20.5,63.0,1000.6,False,35.3,119,1.1,2024,9,FP3
0 days 00:17:05.521000,20.5,62.0,1000.6,False,35.6,21,2.9,2024,9,FP3
0 days 00:18:05.526000,20.5,62.0,1000.6,False,35.8,264,2.0,2024,9,FP3
0 days 00:19:05.541000,20.5,62.0,1000.5,False,35.9,189,1.1,2024,9,FP3
0 days 00:20:05.548000,20.5,63.0,1000.5,False,35.8,97,1.1,2024,9,FP3
0 days 00:21:05.572000,20.5,63.0,1000.6,False,36.2,51,2.6,2024,9,FP3
0 days 00:22:05.587000,20.6,63.0,1000.7,False,37.0,194,1.4,2024,9,FP3
0 days 00:23:05.606000,20.6,61.0,1000.5,False,37.0,269,1.7,2024,9,FP3
0 days 00:24:05.608000,20.7,60.0,1000.7,False,36.3,89,1.7,2024,9,FP3
0 days 00:25:05.607000,20.7,60.0,1000.5,False,35.1,281,2.8,2024,9,FP3
0 days 00:26:05.608000,20.6,63.0,1000.7,False,35.1,303,0.8,2024,9,FP3
0 days 00:27:05.606000,20.5,63.0,1000.6,False,35.9,106,1.3,2024,9,FP3
0 days 00:28:05.613000,20.6,62.0,1000.6,False,35.9,86,1.3,2024,9,FP3
0 days 00:29:05.612000,20.6,62.0,1000.7,False,35.9,96,1.1,2024,9,FP3
0 days 00:30:05.607000,20.7,62.0,1000.6,False,35.6,77,2.0,2024,9,FP3
0 days 00:31:05.612000,20.7,62.0,1000.6,False,35.6,67,1.7,2024,9,FP3
0 days 00:32:05.612000,20.8,62.0,1000.6,False,35.9,184,1.6,2024,9,FP3
0 days 00:33:05.616000,20.8,62.0,1000.6,False,36.3,123,1.6,2024,9,FP3
0 days 00:34:05.603000,20.9,62.0,1000.6,False,36.3,133,1.0,2024,9,FP3
0 days 00:35:05.614000,20.9,63.0,1000.5,False,37.1,90,1.4,2024,9,FP3
0 days 00:36:05.613000,20.9,62.0,1000.5,False,38.0,79,1.6,2024,9,FP3
0 days 00:37:05.604000,21.0,62.0,1000.6,False,38.4,239,1.2,2024,9,FP3
0 days 00:38:05.605000,21.0,61.0,1000.6,False,37.8,140,1.4,2024,9,FP3
0 days 00:39:05.616000,21.1,61.0,1000.6,False,37.2,222,0.9,2024,9,FP3
0 days 00:40:05.616000,21.1,61.0,1000.5,False,36.2,180,1.8,2024,9,FP3
0 days 00:41:05.620000,21.1,62.0,1000.5,False,36.1,204,2.1,2024,9,FP3
0 days 00:42:05.619000,21.0,63.0,1000.5,False,35.5,156,1.9,2024,9,FP3
0 days 00:43:05.618000,20.9,64.0,1000.4,False,36.9,172,2.6,2024,9,FP3
0 days 00:44:05.621000,20.9,64.0,1000.6,False,36.9,307,1.9,2024,9,FP3
0 days 00:45:05.620000,20.9,64.0,1000.5,False,35.7,205,2.0,2024,9,FP3
0 days 00:46:05.621000,20.8,64.0,1000.5,False,35.7,222,2.3,2024,9,FP3
0 days 00:47:05.625000,20.8,64.0,1000.5,False,36.8,200,2.1,2024,9,FP3
0 days 00:48:05.620000,20.7,64.0,1000.5,False,37.5,220,2.1,2024,9,FP3
0 days 00:49:05.621000,20.7,64.0,1000.5,False,37.5,212,2.6,2024,9,FP3
0 days 00:50:05.623000,20.8,63.0,1000.5,False,38.4,2,1.6,2024,9,FP3
0 days 00:51:05.622000,20.8,62.0,1000.3,False,38.7,137,1.4,2024,9,FP3
0 days 00:52:05.630000,21.0,61.0,1000.5,False,38.7,235,1.9,2024,9,FP3
0 days 00:53:05.627000,21.0,62.0,1000.4,False,38.0,247,1.0,2024,9,FP3
0 days 00:54:05.625000,21.0,62.0,1000.4,False,38.0,183,1.5,2024,9,FP3
0 days 00:55:05.624000,21.2,60.0,1000.4,False,39.0,166,2.1,2024,9,FP3
0 days 00:56:05.626000,21.3,61.0,1000.4,False,39.1,103,2.5,2024,9,FP3
0 days 00:57:05.633000,21.4,61.0,1000.4,False,39.1,141,0.9,2024,9,FP3
0 days 00:58:05.629000,21.5,61.0,1000.3,False,39.1,0,1.8,2024,9,FP3
0 days 00:59:05.628000,21.6,62.0,1000.4,False,38.4,187,1.3,2024,9,FP3
0 days 01:00:05.628000,21.5,62.0,1000.3,False,37.3,87,1.9,2024,9,FP3
0 days 01:01:05.632000,21.4,62.0,1000.3,False,36.2,141,1.4,2024,9,FP3
0 days 01:02:05.629000,21.3,62.0,1000.4,False,35.9,181,1.8,2024,9,FP3
0 days 01:03:05.645000,21.2,64.0,1000.4,False,35.6,110,1.0,2024,9,FP3
0 days 01:04:05.631000,21.1,64.0,1000.4,False,35.6,208,1.4,2024,9,FP3
0 days 01:05:05.632000,21.0,63.0,1000.4,False,36.9,148,1.8,2024,9,FP3
0 days 01:06:05.636000,21.0,63.0,1000.4,False,37.2,149,1.8,2024,9,FP3
0 days 01:07:05.633000,21.1,62.0,1000.3,False,36.7,301,1.7,2024,9,FP3
0 days 01:08:05.634000,21.1,62.0,1000.5,False,36.7,135,1.0,2024,9,FP3
0 days 01:09:05.634000,21.2,60.0,1000.2,False,37.4,192,2.3,2024,9,FP3
0 days 01:10:05.644000,21.3,61.0,1000.3,False,38.2,348,1.4,2024,9,FP3
0 days 01:11:05.650000,21.4,59.0,1000.5,False,38.7,103,1.0,2024,9,FP3
0 days 01:12:05.651000,21.4,60.0,1000.4,False,38.3,99,1.4,2024,9,FP3
0 days 01:13:05.653000,21.5,60.0,1000.4,False,38.1,90,2.6,2024,9,FP3
0 days 01:14:05.656000,21.5,59.0,1000.4,False,38.7,128,1.0,2024,9,FP3
0 days 01:15:05.655000,21.5,60.0,1000.5,False,38.9,180,1.9,2024,9,FP3
0 days 01:16:05.645000,21.6,59.0,1000.4,False,38.6,190,1.5,2024,9,FP3
0 days 01:17:05.669000,21.5,59.0,1000.6,False,37.1,191,1.9,2024,9,FP3
0 days 01:18:05.674000,21.5,59.0,1000.3,False,36.3,152,2.0,2024,9,FP3
0 days 01:19:05.689000,21.4,60.0,1000.5,False,36.0,180,1.3,2024,9,FP3
0 days 01:20:05.689000,21.3,60.0,1000.5,False,35.6,192,2.1,2024,9,FP3
0 days 00:00:13.015000,26.4,48.0,1004.8,False,41.2,103,2.4,2024,10,FP3
0 days 00:01:13.027000,26.4,47.0,1004.8,False,42.1,113,1.3,2024,10,FP3
0 days 00:02:13.024000,26.5,48.0,1004.9,False,42.0,269,1.9,2024,10,FP3
0 days 00:03:13.024000,26.5,48.0,1004.9,False,42.0,269,1.9,2024,10,FP3
0 days 00:04:13.034000,26.5,48.0,1005.0,False,41.9,278,2.5,2024,10,FP3
0 days 00:05:13.022000,26.6,49.0,1004.9,False,42.0,270,1.4,2024,10,FP3
0 days 00:06:13.029000,26.6,51.0,1004.8,False,42.0,238,2.0,2024,10,FP3
0 days 00:07:13.028000,26.6,53.0,1004.9,False,41.7,266,2.2,2024,10,FP3
0 days 00:08:13.031000,26.7,55.0,1004.9,False,40.7,268,0.5,2024,10,FP3
0 days 00:09:13.033000,26.8,56.0,1004.8,False,40.7,222,1.1,2024,10,FP3
0 days 00:10:13.027000,26.8,57.0,1004.9,False,40.3,239,1.0,2024,10,FP3
0 days 00:11:13.025000,26.7,60.0,1005.0,False,39.7,248,2.7,2024,10,FP3
0 days 00:12:13.029000,26.5,60.0,1004.8,False,38.9,239,1.7,2024,10,FP3
0 days 00:13:13.038000,26.4,60.0,1004.9,False,39.7,258,1.9,2024,10,FP3
0 days 00:14:13.031000,26.2,60.0,1004.8,False,40.1,252,2.1,2024,10,FP3
0 days 00:15:13.036000,26.1,60.0,1004.8,False,40.6,262,1.8,2024,10,FP3
0 days 00:16:13.037000,26.0,60.0,1004.9,False,40.9,246,1.6,2024,10,FP3
0 days 00:17:13.028000,26.0,59.0,1004.7,False,41.6,271,1.8,2024,10,FP3
0 days 00:18:13.021000,26.0,59.0,1004.8,False,41.3,242,1.8,2024,10,FP3
0 days 00:19:13.032000,26.1,57.0,1004.7,False,41.7,253,2.4,2024,10,FP3
0 days 00:20:13.041000,26.1,56.0,1004.7,False,41.7,0,1.9,2024,10,FP3
0 days 00:21:13.032000,26.0,55.0,1004.7,False,42.0,238,1.5,2024,10,FP3
0 days 00:22:13.039000,26.0,55.0,1004.7,False,42.3,223,1.2,2024,10,FP3
0 days 00:23:13.036000,26.0,55.0,1004.6,False,42.3,109,1.4,2024,10,FP3
0 days 00:24:13.031000,26.1,53.0,1004.7,False,42.6,23,0.4,2024,10,FP3
0 days 00:25:13.037000,26.4,53.0,1004.7,False,42.6,34,0.7,2024,10,FP3
0 days 00:26:13.042000,26.5,56.0,1004.7,False,42.1,346,1.0,2024,10,FP3
0 days 00:27:13.034000,26.6,59.0,1004.7,False,42.2,111,0.8,2024,10,FP3
0 days 00:28:13.038000,26.6,58.0,1004.7,False,42.6,253,1.6,2024,10,FP3
0 days 00:29:13.048000,26.6,57.0,1004.6,False,42.6,287,0.7,2024,10,FP3
0 days 00:30:13.044000,26.7,58.0,1004.7,False,43.1,206,1.2,2024,10,FP3
0 days 00:31:13.041000,26.8,57.0,1004.5,False,43.3,286,1.6,2024,10,FP3
0 days 00:32:13.046000,26.9,56.0,1004.5,False,43.0,258,1.2,2024,10,FP3
0 days 00:33:13.034000,26.7,58.0,1004.6,False,43.3,243,0.9,2024,10,FP3
0 days 00:34:13.052000,26.5,55.0,1004.6,False,43.7,210,1.4,2024,10,FP3
0 days 00:35:13.045000,26.5,55.0,1004.5,False,43.3,292,0.7,2024,10,FP3
0 days 00:36:13.052000,26.6,55.0,1004.6,False,43.3,91,1.1,2024,10,FP3
0 days 00:37:13.052000,26.8,56.0,1004.6,False,43.5,227,2.0,2024,10,FP3
0 days 00:38:13.052000,26.8,57.0,1004.6,False,42.9,274,1.6,2024,10,FP3
0 days 00:39:13.058000,26.6,59.0,1004.5,False,43.2,43,0.9,2024,10,FP3
0 days 00:40:13.049000,26.5,57.0,1004.6,False,43.2,147,0.7,2024,10,FP3
0 days 00:41:13.050000,26.5,57.0,1004.5,False,43.5,223,1.6,2024,10,FP3
0 days 00:42:13.059000,26.5,58.0,1004.6,False,43.5,276,1.7,2024,10,FP3
0 days 00:43:13.050000,26.6,58.0,1004.5,False,43.9,75,1.8,2024,10,FP3
0 days 00:44:13.050000,26.6,58.0,1004.4,False,44.1,0,1.4,2024,10,FP3
0 days 00:45:13.063000,26.8,58.0,1004.5,False,44.4,107,1.4,2024,10,FP3
0 days 00:46:13.059000,26.7,58.0,1004.5,False,44.8,110,2.5,2024,10,FP3
0 days 00:47:13.059000,26.5,60.0,1004.4,False,44.6,342,1.8,2024,10,FP3
0 days 00:48:13.065000,26.5,60.0,1004.5,False,44.1,120,1.4,2024,10,FP3
0 days 00:49:13.053000,26.5,60.0,1004.5,False,44.6,229,1.6,2024,10,FP3
0 days 00:50:13.057000,26.5,59.0,1004.4,False,45.0,355,0.9,2024,10,FP3
0 days 00:51:13.063000,26.5,59.0,1004.4,False,45.0,355,0.9,2024,10,FP3
0 days 00:52:13.056000,26.8,59.0,1004.4,False,44.6,249,1.7,2024,10,FP3
0 days 00:53:13.055000,26.8,60.0,1004.5,False,44.4,221,2.1,2024,10,FP3
0 days 00:54:13.065000,26.7,61.0,1004.4,False,44.4,282,1.6,2024,10,FP3
0 days 00:55:13.057000,26.6,62.0,1004.5,False,44.8,249,2.2,2024,10,FP3
0 days 00:56:13.069000,26.4,61.0,1004.5,False,44.3,238,2.2,2024,10,FP3
0 days 00:57:13.064000,26.4,62.0,1004.5,False,44.3,298,1.8,2024,10,FP3
0 days 00:58:13.055000,26.4,62.0,1004.5,False,44.3,298,1.8,2024,10,FP3
0 days 00:59:13.073000,26.3,61.0,1004.5,False,45.2,266,1.5,2024,10,FP3
0 days 01:00:13.070000,26.2,61.0,1004.5,False,45.1,245,1.6,2024,10,FP3
0 days 01:01:13.247000,26.3,60.0,1004.5,False,45.1,224,2.0,2024,10,FP3
0 days 01:02:13.245000,26.3,61.0,1004.4,False,44.7,241,2.0,2024,10,FP3
0 days 01:03:13.251000,26.4,60.0,1004.4,False,45.1,235,2.2,2024,10,FP3
0 days 01:04:13.272000,26.5,60.0,1004.5,False,45.0,289,2.5,2024,10,FP3
0 days 01:05:13.284000,26.5,60.0,1004.5,False,45.0,217,1.6,2024,10,FP3
0 days 01:06:13.279000,26.4,60.0,1004.5,False,44.8,231,1.5,2024,10,FP3
0 days 01:07:13.284000,26.5,60.0,1004.5,False,44.4,272,2.2,2024,10,FP3
0 days 01:08:13.284000,26.3,61.0,1004.5,False,44.4,272,2.7,2024,10,FP3
0 days 01:09:13.304000,26.2,61.0,1004.5,False,44.9,232,2.2,2024,10,FP3
0 days 01:10:13.334000,26.3,61.0,1004.5,False,45.2,242,2.2,2024,10,FP3
0 days 01:11:13.328000,26.2,60.0,1004.4,False,45.2,238,2.1,2024,10,FP3
0 days 01:12:13.352000,26.1,61.0,1004.4,False,45.1,273,2.5,2024,10,FP3
0 days 01:13:13.375000,26.2,61.0,1004.4,False,45.1,248,2.3,2024,10,FP3
0 days 01:14:13.367000,26.2,61.0,1004.4,False,45.6,248,2.1,2024,10,FP3
0 days 01:15:13.367000,26.3,60.0,1004.4,False,45.7,201,1.7,2024,10,FP3
0 days 01:16:13.374000,26.3,59.0,1004.3,False,46.3,18,1.5,2024,10,FP3
0 days 01:17:13.372000,26.3,60.0,1004.4,False,46.0,222,2.0,2024,10,FP3
0 days 01:18:13.395000,26.2,61.0,1004.4,False,45.9,243,1.7,2024,10,FP3
0 days 01:19:13.411000,26.3,61.0,1004.3,False,46.1,127,1.9,2024,10,FP3
0 days 00:00:48.798000,10.7,92.0,983.7,False,15.8,229,1.3,2024,12,FP3
0 days 00:01:48.829000,10.7,92.0,983.8,False,15.9,213,1.9,2024,12,FP3
0 days 00:02:48.846000,10.7,92.0,983.8,False,15.9,254,2.0,2024,12,FP3
0 days 00:03:48.846000,10.7,92.0,983.8,False,16.0,240,1.5,2024,12,FP3
0 days 00:04:48.861000,10.7,92.0,983.8,False,16.0,239,1.9,2024,12,FP3
0 days 00:05:48.848000,10.7,92.0,983.8,False,16.0,250,1.4,2024,12,FP3
0 days 00:06:48.848000,10.7,92.0,983.9,False,16.1,271,1.1,2024,12,FP3
0 days 00:07:48.864000,10.8,92.0,983.9,False,16.2,221,1.6,2024,12,FP3
0 days 00:08:48.866000,10.8,91.0,984.0,False,16.2,230,2.7,2024,12,FP3
0 days 00:09:48.872000,10.8,91.0,983.9,False,16.1,134,2.3,2024,12,FP3
0 days 00:10:48.868000,10.9,91.0,984.0,False,16.0,227,1.0,2024,12,FP3
0 days 00:11:48.888000,10.8,92.0,983.9,False,16.0,225,2.4,2024,12,FP3
0 days 00:12:48.883000,10.9,91.0,983.9,False,15.9,245,2.7,2024,12,FP3
0 days 00:13:48.900000,10.9,91.0,984.0,False,16.0,235,2.4,2024,12,FP3
0 days 00:14:48.889000,10.9,91.0,984.0,False,16.1,240,2.5,2024,12,FP3
0 days 00:15:48.924000,10.9,91.0,984.0,False,16.2,248,2.6,2024,12,FP3
0 days 00:16:48.917000,10.9,92.0,984.0,False,16.4,268,1.1,2024,12,FP3
0 days 00:17:48.933000,10.9,92.0,984.0,False,16.4,252,1.8,2024,12,FP3
0 days 00:18:48.918000,11.0,90.0,984.1,False,16.4,208,2.6,2024,12,FP3
0 days 00:19:48.921000,10.9,91.0,984.1,False,16.3,242,1.8,2024,12,FP3
0 days 00:20:48.922000,11.0,91.0,984.0,False,16.3,229,3.1,2024,12,FP3
0 days 00:21:48.934000,11.0,90.0,984.1,False,16.1,275,2.6,2024,12,FP3
0 days 00:22:48.923000,11.0,90.0,984.1,False,16.1,225,2.0,2024,12,FP3
0 days 00:23:48.923000,11.0,90.0,984.1,False,16.0,203,2.8,2024,12,FP3
0 days 00:24:48.936000,11.1,90.0,984.2,False,16.0,239,2.6,2024,12,FP3
0 days 00:25:48.938000,11.0,90.0,984.1,False,15.9,210,1.3,2024,12,FP3
0 days 00:26:48.926000,11.1,90.0,984.2,False,15.9,252,1.7,2024,12,FP3
0 days 00:27:48.926000,11.1,90.0,984.3,False,16.0,226,2.2,2024,12,FP3
0 days 00:28:48.941000,11.1,89.0,984.2,True,15.9,193,3.5,2024,12,FP3
0 days 00:29:48.942000,11.0,89.0,984.3,True,15.8,220,3.5,2024,12,FP3
0 days 00:30:48.925000,11.0,89.0,984.3,True,15.8,235,2.1,2024,12,FP3
0 days 00:31:48.944000,11.0,89.0,984.3,True,15.9,244,4.2,2024,12,FP3
0 days 00:32:48.975000,11.1,89.0,984.3,True,15.9,273,2.1,2024,12,FP3
0 days 00:33:48.974000,11.1,89.0,984.4,True,16.1,239,2.7,2024,12,FP3
0 days 00:34:48.992000,11.1,89.0,984.4,True,16.1,233,1.7,2024,12,FP3
0 days 00:35:48.983000,11.2,89.0,984.4,True,16.1,233,2.1,2024,12,FP3
0 days 00:36:48.994000,11.2,89.0,984.4,True,16.1,238,3.3,2024,12,FP3
0 days 00:37:48.993000,11.1,89.0,984.4,True,16.1,253,2.8,2024,12,FP3
0 days 00:38:48.995000,11.1,88.0,984.5,True,16.1,229,3.5,2024,12,FP3
0 days 00:39:48.995000,11.1,89.0,984.4,True,15.8,257,2.8,2024,12,FP3
0 days 00:40:48.996000,11.1,88.0,984.6,True,16.0,229,1.8,2024,12,FP3
0 days 00:41:48.981000,11.2,89.0,984.6,True,16.0,238,1.9,2024,12,FP3
0 days 00:42:48.995000,11.2,88.0,984.5,True,16.1,241,3.1,2024,12,FP3
0 days 00:43:48.996000,11.3,88.0,984.5,True,16.1,222,2.1,2024,12,FP3
0 days 00:44:48.999000,11.3,89.0,984.5,True,16.2,231,2.5,2024,12,FP3
0 days 00:45:48.984000,11.3,88.0,984.5,True,16.2,227,3.2,2024,12,FP3
0 days 00:46:48.983000,11.3,89.0,984.6,True,16.2,225,2.4,2024,12,FP3
0 days 00:47:49,11.3,88.0,984.5,True,16.4,257,1.7,2024,12,FP3
0 days 00:48:49.017000,11.4,88.0,984.6,True,16.4,220,1.7,2024,12,FP3
0 days 00:49:49.048000,11.4,89.0,984.6,True,16.4,229,1.7,2024,12,FP3
0 days 00:50:49.070000,11.4,88.0,984.7,True,16.3,243,2.8,2024,12,FP3
0 days 00:51:49.080000,11.4,89.0,984.7,True,16.1,199,1.9,2024,12,FP3
0 days 00:52:49.064000,11.4,89.0,984.6,True,15.9,249,2.4,2024,12,FP3
0 days 00:53:49.082000,11.4,89.0,984.7,True,15.9,223,1.4,2024,12,FP3
0 days 00:54:49.086000,11.4,89.0,984.6,True,15.8,237,2.3,2024,12,FP3
0 days 00:55:49.083000,11.4,89.0,984.6,True,15.8,242,3.1,2024,12,FP3
0 days 00:56:49.099000,11.4,89.0,984.7,True,15.7,207,3.2,2024,12,FP3
0 days 00:57:49.100000,11.4,89.0,984.7,True,15.7,252,2.3,2024,12,FP3
0 days 00:58:49.117000,11.4,89.0,984.8,True,15.7,261,3.2,2024,12,FP3
0 days 00:59:49.132000,11.3,89.0,984.7,True,15.8,256,2.4,2024,12,FP3
0 days 01:00:49.149000,11.2,89.0,984.8,True,15.8,228,2.7,2024,12,FP3
0 days 01:01:49.164000,11.2,89.0,984.7,True,16.4,229,2.4,2024,12,FP3
0 days 01:02:49.181000,11.3,89.0,984.9,True,16.6,240,3.2,2024,12,FP3
0 days 01:03:49.181000,11.3,88.0,984.8,True,16.7,241,2.6,2024,12,FP3
0 days 01:04:49.201000,11.3,89.0,984.8,True,16.7,264,3.1,2024,12,FP3
0 days 01:05:49.200000,11.3,89.0,984.9,True,16.9,277,2.9,2024,12,FP3
0 days 01:06:49.215000,11.3,88.0,984.8,True,17.0,252,2.2,2024,12,FP3
0 days 01:07:49.216000,11.4,89.0,984.9,True,17.2,232,2.3,2024,12,FP3
0 days 01:08:49.217000,11.4,89.0,984.9,True,17.5,229,1.5,2024,12,FP3
0 days 01:09:49.217000,11.5,89.0,984.9,True,17.5,229,1.5,2024,12,FP3
0 days 01:10:49.219000,11.6,88.0,984.8,True,17.6,269,1.6,2024,12,FP3
0 days 01:11:49.244000,11.6,89.0,984.9,True,17.7,215,1.5,2024,12,FP3
0 days 01:12:49.265000,11.6,88.0,984.9,True,17.7,240,2.4,2024,12,FP3
0 days 01:13:49.265000,11.4,87.0,984.9,True,17.5,238,2.5,2024,12,FP3
0 days 01:14:49.268000,11.5,87.0,984.9,True,17.4,244,2.2,2024,12,FP3
0 days 01:15:49.269000,11.6,88.0,985.0,True,17.2,238,1.6,2024,12,FP3
0 days 01:16:49.253000,11.6,88.0,985.0,True,17.2,216,2.2,2024,12,FP3
0 days 01:17:49.269000,11.6,88.0,985.0,True,17.0,272,1.8,2024,12,FP3
0 days 01:18:49.302000,11.6,87.0,985.0,True,16.9,255,2.5,2024,12,FP3
0 days 01:19:49.286000,11.5,87.0,985.0,True,16.5,258,3.0,2024,12,FP3
0 days 01:20:49.318000,11.5,88.0,985.0,True,16.3,242,2.9,2024,12,FP3
0 days 01:21:49.309000,11.5,89.0,985.1,True,16.0,0,1.4,2024,12,FP3
0 days 00:00:27.750000,26.6,43.0,985.1,False,40.0,297,0.7,2024,13,FP3
0 days 00:01:27.744000,26.7,43.0,985.2,False,40.1,319,1.4,2024,13,FP3
0 days 00:02:27.755000,26.7,44.0,985.1,False,40.1,301,1.6,2024,13,FP3
0 days 00:03:27.752000,26.6,44.0,985.1,False,40.0,285,1.4,2024,13,FP3
0 days 00:04:27.759000,26.6,44.0,985.1,False,40.1,308,1.1,2024,13,FP3
0 days 00:05:27.772000,26.7,44.0,985.1,False,39.9,314,1.4,2024,13,FP3
0 days 00:06:27.771000,26.8,43.0,985.1,False,39.8,306,1.5,2024,13,FP3
0 days 00:07:27.768000,26.7,44.0,985.1,False,39.9,319,0.8,2024,13,FP3
0 days 00:08:27.775000,26.7,44.0,985.1,False,39.8,314,1.4,2024,13,FP3
0 days 00:09:27.792000,26.7,43.0,985.0,False,39.7,305,1.5,2024,13,FP3
0 days 00:10:27.791000,26.6,44.0,985.1,False,39.9,311,0.7,2024,13,FP3
0 days 00:11:27.799000,26.6,43.0,985.0,False,40.0,314,1.6,2024,13,FP3
0 days 00:12:27.822000,26.6,43.0,985.1,False,40.0,307,1.5,2024,13,FP3
0 days 00:13:27.816000,26.6,44.0,985.1,False,40.0,170,0.6,2024,13,FP3
0 days 00:14:27.828000,26.6,44.0,985.1,False,40.0,289,0.4,2024,13,FP3
0 days 00:15:27.822000,26.7,44.0,985.0,False,39.9,283,0.4,2024,13,FP3
0 days 00:16:27.825000,26.8,44.0,985.1,False,39.9,303,0.9,2024,13,FP3
0 days 00:17:27.826000,26.9,43.0,985.0,False,40.1,0,0.9,2024,13,FP3
0 days 00:18:27.824000,26.9,43.0,985.0,False,39.9,0,0.5,2024,13,FP3
0 days 00:19:27.840000,27.0,44.0,985.0,False,40.3,217,0.9,2024,13,FP3
0 days 00:20:27.863000,27.0,43.0,985.0,False,40.6,307,1.0,2024,13,FP3
0 days 00:21:27.859000,27.0,42.0,985.0,False,41.0,288,1.0,2024,13,FP3
0 days 00:22:27.862000,27.1,42.0,985.0,False,41.3,187,1.2,2024,13,FP3
0 days 00:23:27.856000,27.0,42.0,985.0,False,40.0,215,0.9,2024,13,FP3
0 days 00:24:27.874000,27.0,43.0,985.0,False,40.0,216,0.6,2024,13,FP3
0 days 00:25:27.894000,27.0,43.0,985.0,False,40.3,255,0.7,2024,13,FP3
0 days 00:26:27.891000,27.0,43.0,984.9,False,40.4,305,0.7,2024,13,FP3
0 days 00:27:27.892000,27.1,43.0,984.9,False,40.4,42,1.4,2024,13,FP3
0 days 00:28:27.935000,27.1,42.0,984.9,False,40.3,300,1.0,2024,13,FP3
0 days 00:29:27.900000,27.1,43.0,984.9,False,40.3,315,1.2,2024,13,FP3
0 days 00:30:27.906000,27.0,42.0,984.9,False,39.6,296,1.8,2024,13,FP3
0 days 00:31:27.891000,26.9,43.0,984.9,False,39.6,158,1.0,2024,13,FP3
0 days 00:32:27.900000,26.8,44.0,984.9,False,39.6,128,0.6,2024,13,FP3
0 days 00:33:27.890000,26.7,44.0,984.9,False,39.5,111,0.9,2024,13,FP3
0 days 00:34:27.896000,26.8,44.0,984.8,False,39.7,164,0.7,2024,13,FP3
0 days 00:35:27.901000,26.8,44.0,984.9,False,39.9,213,0.8,2024,13,FP3
0 days 00:36:27.906000,26.9,43.0,984.9,False,39.9,189,1.2,2024,13,FP3
0 days 00:37:27.894000,26.8,43.0,984.9,False,39.7,236,0.6,2024,13,FP3
0 days 00:38:27.910000,26.9,42.0,984.9,False,39.4,210,0.9,2024,13,FP3
0 days 00:39:27.905000,26.9,43.0,984.9,False,39.7,199,1.5,2024,13,FP3
0 days 00:40:27.909000,26.9,43.0,984.8,False,40.1,254,0.5,2024,13,FP3
0 days 00:41:27.903000,26.9,43.0,984.9,False,40.1,26,0.5,2024,13,FP3
0 days 00:42:27.904000,27.0,43.0,984.8,False,39.7,311,0.9,2024,13,FP3
0 days 00:43:27.911000,27.0,42.0,984.9,False,39.8,291,1.7,2024,13,FP3
0 days 00:44:27.904000,26.9,42.0,984.8,False,39.7,192,1.2,2024,13,FP3
0 days 00:45:27.908000,27.0,42.0,984.8,False,39.7,267,1.4,2024,13,FP3
0 days 00:46:27.905000,27.1,42.0,984.8,False,39.3,186,1.1,2024,13,FP3
0 days 00:47:27.895000,27.1,42.0,984.8,False,39.2,189,1.0,2024,13,FP3
0 days 00:48:27.911000,27.1,42.0,984.9,False,39.2,289,0.5,2024,13,FP3
0 days 00:49:27.910000,27.0,42.0,984.8,False,39.1,305,1.0,2024,13,FP3
0 days 00:50:27.913000,27.0,42.0,984.9,False,38.5,311,1.9,2024,13,FP3
0 days 00:51:27.904000,27.0,42.0,984.8,False,38.3,292,1.7,2024,13,FP3
0 days 00:52:27.916000,26.9,43.0,984.8,False,38.3,147,1.5,2024,13,FP3
0 days 00:53:27.916000,26.9,43.0,984.8,False,38.1,194,0.6,2024,13,FP3
0 days 00:54:27.911000,26.9,43.0,984.8,False,37.8,95,0.9,2024,13,FP3
0 days 00:55:27.910000,26.9,43.0,984.8,False,38.4,147,0.5,2024,13,FP3
0 days 00:56:27.916000,26.9,43.0,984.7,False,38.4,195,0.9,2024,13,FP3
0 days 00:57:27.906000,26.9,42.0,984.8,False,37.7,116,0.4,2024,13,FP3
0 days 00:58:27.917000,26.9,43.0,984.8,False,37.4,207,0.6,2024,13,FP3
0 days 00:59:27.923000,26.8,43.0,984.7,False,37.4,191,1.0,2024,13,FP3
0 days 01:00:27.913000,26.8,43.0,984.8,False,37.6,150,1.0,2024,13,FP3
0 days 01:01:27.921000,26.7,43.0,984.8,False,37.4,301,0.6,2024,13,FP3
0 days 01:02:27.921000,26.7,43.0,984.7,False,37.4,0,0.6,2024,13,FP3
0 days 01:03:27.914000,26.7,43.0,984.7,False,37.0,195,0.0,2024,13,FP3
0 days 01:04:27.914000,26.7,43.0,984.8,False,37.1,154,0.8,2024,13,FP3
0 days 01:05:27.916000,26.7,43.0,984.7,False,37.1,164,0.7,2024,13,FP3
0 days 01:06:27.918000,26.6,43.0,984.7,False,36.9,289,0.5,2024,13,FP3
0 days 01:07:27.933000,26.6,43.0,984.8,False,37.4,148,0.6,2024,13,FP3
0 days 01:08:27.951000,26.7,43.0,984.7,False,37.6,0,0.6,2024,13,FP3
0 days 01:09:27.957000,26.8,43.0,984.6,False,37.5,167,0.5,2024,13,FP3
0 days 01:10:27.978000,26.8,43.0,984.6,False,37.5,167,0.5,2024,13,FP3
0 days 01:11:27.964000,26.8,42.0,984.7,False,37.5,156,0.3,2024,13,FP3
0 days 01:12:27.977000,26.8,42.0,984.7,False,37.5,183,0.5,2024,13,FP3
0 days 01:13:27.981000,26.8,42.0,984.7,False,37.6,81,0.6,2024,13,FP3
0 days 01:14:27.967000,26.8,43.0,984.6,False,37.4,186,0.6,2024,13,FP3
0 days 01:15:27.997000,26.7,43.0,984.6,False,37.3,85,0.6,2024,13,FP3
0 days 01:16:28.008000,26.8,43.0,984.7,False,37.8,243,1.2,2024,13,FP3
0 days 01:17:28.022000,26.8,43.0,984.6,False,37.8,304,1.4,2024,13,FP3
0 days 01:18:28.020000,26.9,42.0,984.8,False,37.2,338,1.0,2024,13,FP3
0 days 01:19:28.027000,26.9,42.0,984.8,False,37.2,338,1.0,2024,13,FP3
0 days 00:00:01.861000,18.7,89.0,965.9,True,22.7,244,0.8,2024,14,FP3
0 days 00:01:01.857000,18.6,90.0,965.9,True,22.8,199,0.5,2024,14,FP3
0 days 00:02:01.855000,18.6,90.0,965.9,False,22.9,102,0.8,2024,14,FP3
0 days 00:03:01.885000,18.6,90.0,965.9,False,22.9,169,0.6,2024,14,FP3
0 days 00:04:01.871000,18.6,89.0,965.9,True,22.9,159,1.2,2024,14,FP3
0 days 00:05:01.900000,18.6,89.0,966.0,True,22.8,185,1.3,2024,14,FP3
0 days 00:06:01.914000,18.5,90.0,965.9,True,22.7,159,1.1,2024,14,FP3
0 days 00:07:01.918000,18.5,89.0,965.9,True,22.7,155,1.3,2024,14,FP3
0 days 00:08:01.928000,18.5,89.0,965.9,True,22.2,145,1.8,2024,14,FP3
0 days 00:09:01.937000,18.4,89.0,965.9,True,21.8,145,1.5,2024,14,FP3
0 days 00:10:01.948000,18.3,89.0,965.9,True,21.7,150,1.9,2024,14,FP3
0 days 00:11:01.950000,18.3,89.0,965.9,True,21.5,163,1.7,2024,14,FP3
0 days 00:12:01.947000,18.2,90.0,965.9,True,21.5,153,2.4,2024,14,FP3
0 days 00:13:01.939000,18.2,90.0,965.9,False,21.4,150,2.1,2024,14,FP3
0 days 00:14:01.946000,18.2,91.0,965.9,False,21.3,167,2.2,2024,14,FP3
0 days 00:15:01.951000,18.1,91.0,965.9,False,21.3,158,2.4,2024,14,FP3
0 days 00:16:01.955000,18.1,91.0,965.9,False,21.3,142,2.1,2024,14,FP3
0 days 00:17:01.949000,18.1,92.0,965.9,True,21.3,139,2.0,2024,14,FP3
0 days 00:18:01.958000,18.2,92.0,965.9,False,21.6,157,1.5,2024,14,FP3
0 days 00:19:01.954000,18.2,92.0,965.8,True,21.7,163,1.7,2024,14,FP3
0 days 00:20:01.951000,18.1,92.0,965.7,True,21.6,155,2.2,2024,14,FP3
0 days 00:21:01.956000,18.2,92.0,965.8,True,21.7,140,2.0,2024,14,FP3
0 days 00:22:01.952000,18.2,93.0,965.8,True,21.8,152,2.0,2024,14,FP3
0 days 00:23:01.953000,18.2,92.0,965.8,True,21.9,151,1.6,2024,14,FP3
0 days 00:24:01.962000,18.2,93.0,965.9,True,21.7,167,2.3,2024,14,FP3
0 days 00:25:01.963000,18.2,93.0,965.9,True,21.7,155,1.7,2024,14,FP3
0 days 00:26:01.962000,18.2,93.0,965.9,True,21.7,153,1.6,2024,14,FP3
0 days 00:27:01.951000,18.2,93.0,965.9,True,21.8,166,1.7,2024,14,FP3
0 days 00:28:01.964000,18.2,93.0,965.9,True,21.8,162,1.3,2024,14,FP3
0 days 00:29:01.956000,18.1,93.0,965.9,True,21.9,166,1.5,2024,14,FP3
0 days 00:30:01.956000,18.0,93.0,965.9,True,21.9,164,1.2,2024,14,FP3
0 days 00:31:01.955000,18.0,93.0,965.9,True,21.9,144,1.2,2024,14,FP3
0 days 00:32:01.971000,18.0,93.0,965.8,True,21.9,145,1.3,2024,14,FP3
0 days 00:33:01.974000,18.0,93.0,965.8,True,22.0,148,1.3,2024,14,FP3
0 days 00:34:01.991000,18.0,93.0,965.8,True,21.9,142,1.3,2024,14,FP3
0 days 00:35:02.015000,18.0,93.0,965.8,True,21.9,147,1.7,2024,14,FP3
0 days 00:36:02.015000,18.0,93.0,965.9,True,21.9,156,1.4,2024,14,FP3
0 days 00:37:02.006000,18.0,93.0,965.9,True,21.9,156,1.4,2024,14,FP3
0 days 00:38:02.031000,18.0,93.0,966.0,True,22.0,152,1.2,2024,14,FP3
0 days 00:39:02.033000,18.0,93.0,966.0,True,21.9,170,1.2,2024,14,FP3
0 days 00:40:02.023000,18.1,93.0,966.0,True,21.9,170,1.2,2024,14,FP3
0 days 00:41:02.047000,18.1,93.0,965.9,True,21.8,176,1.0,2024,14,FP3
0 days 00:42:02.052000,18.1,93.0,965.9,True,21.8,176,1.0,2024,14,FP3
0 days 00:43:02.070000,18.1,93.0,966.0,True,21.4,151,1.2,2024,14,FP3
0 days 00:44:02.062000,18.0,93.0,966.0,True,21.4,155,1.2,2024,14,FP3
0 days 00:45:02.068000,18.0,93.0,965.9,True,21.4,156,1.6,2024,14,FP3
0 days 00:46:02.083000,17.9,93.0,965.9,True,21.4,156,1.6,2024,14,FP3
0 days 00:47:02.088000,17.9,93.0,965.9,True,21.2,151,1.7,2024,14,FP3
0 days 00:48:02.103000,17.9,93.0,965.9,True,21.3,152,2.2,2024,14,FP3
0 days 00:49:02.098000,17.8,94.0,966.0,True,21.2,158,2.0,2024,14,FP3
0 days 00:50:02.088000,17.9,94.0,965.9,True,21.3,144,1.6,2024,14,FP3
0 days 00:51:02.105000,17.9,94.0,965.9,True,21.3,138,1.3,2024,14,FP3
0 days 00:52:02.087000,17.9,94.0,965.9,True,21.5,141,1.4,2024,14,FP3
0 days 00:53:02.099000,17.9,94.0,965.8,True,21.6,169,1.4,2024,14,FP3
0 days 00:54:02.108000,17.9,94.0,965.9,True,21.5,164,1.5,2024,14,FP3
0 days 00:55:02.096000,18.0,94.0,965.8,True,21.5,153,1.5,2024,14,FP3
0 days 00:56:02.102000,18.0,95.0,965.8,True,21.6,163,1.4,2024,14,FP3
0 days 00:57:02.120000,18.0,94.0,965.9,True,21.7,138,1.3,2024,14,FP3
0 days 00:58:02.106000,17.9,94.0,965.9,True,21.7,162,1.2,2024,14,FP3
0 days 00:59:02.117000,17.9,95.0,965.9,True,21.8,168,1.3,2024,14,FP3
0 days 01:00:02.122000,18.0,95.0,965.8,False,21.8,169,1.1,2024,14,FP3
0 days 01:01:02.138000,18.0,95.0,965.8,True,21.9,156,1.2,2024,14,FP3
0 days 01:02:02.159000,18.0,95.0,965.8,True,21.9,167,1.3,2024,14,FP3
0 days 01:03:02.163000,18.0,94.0,965.9,True,21.8,157,1.2,2024,14,FP3
0 days 01:04:02.163000,18.0,95.0,965.9,True,21.8,153,0.8,2024,14,FP3
0 days 01:05:02.159000,18.0,95.0,966.0,True,21.8,158,1.0,2024,14,FP3
0 days 01:06:02.152000,18.0,94.0,965.9,True,21.8,153,1.0,2024,14,FP3
0 days 01:07:02.166000,18.0,95.0,966.0,True,21.7,165,1.1,2024,14,FP3
0 days 01:08:02.158000,18.0,95.0,965.9,True,21.7,156,1.1,2024,14,FP3
0 days 01:09:02.163000,18.0,94.0,965.9,True,21.7,162,1.4,2024,14,FP3
0 days 01:10:02.151000,18.0,95.0,965.8,True,21.9,133,1.0,2024,14,FP3
0 days 01:11:02.173000,18.0,95.0,965.9,True,21.9,150,1.0,2024,14,FP3
0 days 01:12:02.172000,18.0,95.0,965.8,True,21.9,144,1.0,2024,14,FP3
0 days 01:13:02.176000,18.0,95.0,965.9,True,21.7,156,1.1,2024,14,FP3
0 days 01:14:02.196000,18.0,95.0,965.9,True,21.7,142,1.1,2024,14,FP3
0 days 01:15:02.188000,18.0,95.0,965.9,True,21.7,147,1.4,2024,14,FP3
0 days 01:16:02.207000,18.1,95.0,966.0,True,21.6,162,1.3,2024,14,FP3
0 days 01:17:02.210000,18.1,95.0,965.9,True,21.6,159,1.4,2024,14,FP3
0 days 01:18:02.217000,18.1,95.0,966.0,True,21.5,170,2.2,2024,14,FP3
0 days 01:19:02.273000,18.1,96.0,965.9,True,21.5,164,1.4,2024,14,FP3
0 days 01:20:02.239000,18.0,95.0,965.9,False,21.5,125,1.4,2024,14,FP3
0 days 01:21:02.252000,18.0,95.0,965.9,True,21.7,164,0.6,2024,14,FP3
0 days 00:00:57.941000,17.5,96.0,1004.7,False,19.3,0,0.4,2024,15,FP3
0 days 00:01:57.938000,17.6,96.0,1004.6,True,19.5,0,0.4,2024,15,FP3
0 days 00:02:57.956000,17.6,96.0,1004.7,True,19.5,134,0.0,2024,15,FP3
0 days 00:03:57.953000,17.7,96.0,1004.7,True,19.4,234,0.0,2024,15,FP3
0 days 00:04:57.969000,17.8,96.0,1004.7,True,19.4,211,0.9,2024,15,FP3
0 days 00:05:57.989000,17.8,96.0,1004.7,True,19.6,226,0.7,2024,15,FP3
0 days 00:06:58.005000,17.8,96.0,1004.7,True,19.6,239,0.7,2024,15,FP3
0 days 00:07:58.009000,17.9,96.0,1004.6,True,19.7,244,0.6,2024,15,FP3
0 days 00:08:58.019000,17.9,96.0,1004.6,True,19.8,239,0.6,2024,15,FP3
0 days 00:09:58.026000,17.9,96.0,1004.7,True,19.7,237,1.1,2024,15,FP3
0 days 00:10:58.020000,18.0,96.0,1004.7,True,19.7,229,1.1,2024,15,FP3
0 days 00:11:58.029000,18.0,96.0,1004.7,True,19.7,240,1.1,2024,15,FP3
0 days 00:12:58.021000,18.0,96.0,1004.7,True,19.5,234,1.5,2024,15,FP3
0 days 00:13:58.034000,18.1,96.0,1004.7,True,19.5,232,2.1,2024,15,FP3
0 days 00:14:58.026000,18.1,96.0,1004.7,True,19.5,223,2.1,2024,15,FP3
0 days 00:15:58.019000,18.1,96.0,1004.7,True,19.3,209,1.7,2024,15,FP3
0 days 00:16:58.022000,18.2,96.0,1004.7,True,19.3,227,1.0,2024,15,FP3
0 days 00:17:58.026000,18.3,96.0,1004.7,False,19.5,201,1.5,2024,15,FP3
0 days 00:18:58.029000,18.4,96.0,1004.7,False,19.8,201,2.6,2024,15,FP3
0 days 00:19:58.033000,18.5,96.0,1004.6,False,19.9,215,2.0,2024,15,FP3
0 days 00:20:58.031000,18.5,96.0,1004.7,False,20.1,225,2.4,2024,15,FP3
0 days 00:21:58.067000,18.5,96.0,1004.6,False,20.0,220,1.8,2024,15,FP3
0 days 00:22:58.029000,18.5,96.0,1004.6,False,20.0,220,2.3,2024,15,FP3
0 days 00:23:58.045000,18.6,96.0,1004.7,False,19.9,191,1.7,2024,15,FP3
0 days 00:24:58.054000,18.7,96.0,1004.5,False,20.0,190,1.8,2024,15,FP3
0 days 00:25:58.058000,18.7,96.0,1004.5,False,20.2,214,2.0,2024,15,FP3
0 days 00:26:58.070000,18.7,95.0,1004.6,False,20.2,219,2.4,2024,15,FP3
0 days 00:27:58.084000,18.8,96.0,1004.6,False,20.1,220,2.6,2024,15,FP3
0 days 00:28:58.081000,18.9,96.0,1004.5,False,20.1,221,3.2,2024,15,FP3
0 days 00:29:58.080000,19.0,95.0,1004.5,False,20.2,218,2.4,2024,15,FP3
0 days 00:30:58.086000,19.0,96.0,1004.4,False,20.5,216,2.1,2024,15,FP3
0 days 00:31:58.074000,19.0,96.0,1004.5,False,20.7,214,2.2,2024,15,FP3
0 days 00:32:58.087000,19.1,96.0,1004.5,True,21.1,215,2.5,2024,15,FP3
0 days 00:33:58.082000,19.1,96.0,1004.5,False,21.2,219,2.0,2024,15,FP3
0 days 00:34:58.086000,19.1,95.0,1004.5,False,21.1,201,1.7,2024,15,FP3
0 days 00:35:58.084000,19.1,96.0,1004.5,False,21.2,213,2.1,2024,15,FP3
0 days 00:36:58.105000,19.1,96.0,1004.4,False,21.2,210,2.2,2024,15,FP3
0 days 00:37:58.121000,19.2,95.0,1004.5,False,21.3,226,1.5,2024,15,FP3
0 days 00:38:58.132000,19.3,95.0,1004.4,False,21.3,219,1.7,2024,15,FP3
0 days 00:39:58.140000,19.3,95.0,1004.4,False,21.2,223,2.1,2024,15,FP3
0 days 00:40:58.141000,19.3,95.0,1004.4,False,21.3,217,1.5,2024,15,FP3
0 days 00:41:58.154000,19.4,95.0,1004.4,False,21.6,225,1.7,2024,15,FP3
0 days 00:42:58.176000,19.4,95.0,1004.3,False,21.7,207,2.5,2024,15,FP3
0 days 00:43:58.170000,19.4,95.0,1004.2,False,21.8,212,1.9,2024,15,FP3
0 days 00:44:58.176000,19.4,95.0,1004.3,False,21.9,207,1.4,2024,15,FP3
0 days 00:45:58.158000,19.5,94.0,1004.3,False,22.0,218,1.8,2024,15,FP3
0 days 00:46:58.171000,19.5,94.0,1004.2,False,22.0,218,2.5,2024,15,FP3
0 days 00:47:58.177000,19.6,94.0,1004.3,False,22.1,209,2.5,2024,15,FP3
0 days 00:48:58.159000,19.6,95.0,1004.3,False,22.1,199,1.8,2024,15,FP3
0 days 00:49:58.161000,19.7,95.0,1004.3,False,22.1,221,2.0,2024,15,FP3
0 days 00:50:58.178000,19.8,94.0,1004.3,False,22.1,214,2.0,2024,15,FP3
0 days 00:51:58.175000,19.8,94.0,1004.3,False,22.3,218,2.4,2024,15,FP3
0 days 00:52:58.183000,19.8,94.0,1004.4,False,22.3,201,2.3,2024,15,FP3
0 days 00:53:58.183000,19.9,94.0,1004.3,False,22.3,214,2.5,2024,15,FP3
0 days 00:54:58.171000,19.8,94.0,1004.3,False,22.1,214,1.9,2024,15,FP3
0 days 00:55:58.181000,19.9,94.0,1004.3,False,22.1,203,2.6,2024,15,FP3
0 days 00:56:58.183000,20.0,94.0,1004.3,False,22.4,204,2.4,2024,15,FP3
0 days 00:57:58.180000,20.0,93.0,1004.3,False,22.4,229,2.6,2024,15,FP3
0 days 00:58:58.175000,20.1,93.0,1004.3,False,22.4,223,2.7,2024,15,FP3
0 days 00:59:58.188000,20.1,93.0,1004.2,False,22.6,219,2.4,2024,15,FP3
0 days 01:00:58.190000,20.2,93.0,1004.2,False,22.9,212,2.0,2024,15,FP3
0 days 01:01:58.179000,20.2,94.0,1004.3,False,23.2,219,1.9,2024,15,FP3
0 days 01:02:58.188000,20.4,93.0,1004.2,False,24.0,205,1.8,2024,15,FP3
0 days 01:03:58.183000,20.5,92.0,1004.2,False,24.3,197,2.4,2024,15,FP3
0 days 01:04:58.176000,20.6,92.0,1004.2,False,24.6,215,2.0,2024,15,FP3
0 days 01:05:58.187000,20.7,93.0,1004.3,False,25.0,210,2.4,2024,15,FP3
0 days 01:06:58.183000,20.7,91.0,1004.2,False,24.9,213,3.0,2024,15,FP3
0 days 01:07:58.186000,20.8,90.0,1004.1,False,25.1,202,2.8,2024,15,FP3
0 days 01:08:58.185000,20.9,91.0,1004.2,False,25.1,226,2.5,2024,15,FP3
0 days 01:09:58.187000,21.0,91.0,1004.2,False,25.1,177,2.8,2024,15,FP3
0 days 01:10:58.190000,21.0,90.0,1004.1,False,24.8,214,2.9,2024,15,FP3
0 days 01:11:58.190000,21.1,91.0,1004.0,False,24.6,204,2.8,2024,15,FP3
0 days 01:12:58.181000,21.2,90.0,1004.1,False,24.2,208,2.2,2024,15,FP3
0 days 01:13:58.199000,21.3,89.0,1004.1,False,24.1,216,2.3,2024,15,FP3
0 days 01:14:58.183000,21.3,89.0,1004.1,False,23.8,210,2.5,2024,15,FP3
0 days 01:15:58.190000,21.3,89.0,1004.0,False,23.4,225,3.2,2024,15,FP3
0 days 01:16:58.195000,21.3,89.0,1004.0,False,23.3,219,3.5,2024,15,FP3
0 days 01:17:58.198000,21.4,89.0,1004.0,False,23.7,208,2.7,2024,15,FP3
0 days 01:18:58.191000,21.4,88.0,1004.0,False,23.7,217,2.2,2024,15,FP3
0 days 00:00:24.256000,31.0,45.0,997.5,False,44.0,238,1.3,2024,16,FP3
0 days 00:01:24.258000,31.0,46.0,997.5,False,43.6,241,1.2,2024,16,FP3
0 days 00:02:24.265000,31.0,46.0,997.4,False,43.3,238,1.3,2024,16,FP3
0 days 00:03:24.284000,31.0,46.0,997.5,False,43.4,141,0.7,2024,16,FP3
0 days 00:04:24.294000,31.0,46.0,997.5,False,43.8,91,0.6,2024,16,FP3
0 days 00:05:24.292000,31.0,46.0,997.5,False,44.1,303,0.7,2024,16,FP3
0 days 00:06:24.281000,31.0,45.0,997.5,False,44.2,297,0.7,2024,16,FP3
0 days 00:07:24.287000,31.1,45.0,997.5,False,44.1,300,1.3,2024,16,FP3
0 days 00:08:24.283000,31.0,45.0,997.4,False,43.9,351,1.7,2024,16,FP3
0 days 00:09:24.292000,30.9,45.0,997.5,False,43.6,22,1.5,2024,16,FP3
0 days 00:10:24.287000,31.0,46.0,997.5,False,43.6,341,0.7,2024,16,FP3
0 days 00:11:24.288000,31.0,46.0,997.5,False,43.6,9,0.7,2024,16,FP3
0 days 00:12:24.294000,30.9,46.0,997.4,False,43.7,351,0.0,2024,16,FP3
0 days 00:13:24.285000,30.9,46.0,997.4,False,43.9,304,0.8,2024,16,FP3
0 days 00:14:24.301000,30.9,46.0,997.5,False,43.9,244,1.1,2024,16,FP3
0 days 00:15:24.285000,31.0,46.0,997.5,False,44.3,315,0.7,2024,16,FP3
0 days 00:16:24.295000,30.9,45.0,997.4,False,44.7,250,0.8,2024,16,FP3
0 days 00:17:24.298000,31.0,45.0,997.5,False,44.9,186,0.7,2024,16,FP3
0 days 00:18:24.295000,31.1,45.0,997.5,False,46.0,173,1.4,2024,16,FP3
0 days 00:19:24.304000,31.1,44.0,997.4,False,46.2,95,2.3,2024,16,FP3
0 days 00:20:24.292000,31.1,44.0,997.5,False,46.0,128,0.7,2024,16,FP3
0 days 00:21:24.304000,31.1,44.0,997.4,False,46.0,179,1.0,2024,16,FP3
0 days 00:22:24.296000,31.2,44.0,997.5,False,46.0,204,1.0,2024,16,FP3
0 days 00:23:24.304000,31.3,44.0,997.4,False,46.0,204,0.5,2024,16,FP3
0 days 00:24:24.295000,31.4,43.0,997.6,False,45.9,247,1.3,2024,16,FP3
0 days 00:25:24.304000,31.5,44.0,997.5,False,45.5,0,0.7,2024,16,FP3
0 days 00:26:24.296000,31.4,44.0,997.5,False,45.6,229,0.5,2024,16,FP3
0 days 00:27:24.298000,31.4,43.0,997.5,False,46.0,184,1.2,2024,16,FP3
0 days 00:28:24.306000,31.4,43.0,997.5,False,46.4,182,0.9,2024,16,FP3
0 days 00:29:24.313000,31.4,43.0,997.4,False,46.4,167,0.5,2024,16,FP3
0 days 00:30:24.306000,31.3,43.0,997.4,False,46.4,237,0.4,2024,16,FP3
0 days 00:31:24.317000,31.4,43.0,997.5,False,46.8,188,1.6,2024,16,FP3
0 days 00:32:24.303000,31.5,43.0,997.5,False,45.9,218,1.2,2024,16,FP3
0 days 00:33:24.299000,31.6,42.0,997.5,False,45.9,227,1.6,2024,16,FP3
0 days 00:34:24.310000,31.7,43.0,997.4,False,45.3,244,1.1,2024,16,FP3
0 days 00:35:24.300000,31.7,43.0,997.4,False,45.3,265,1.1,2024,16,FP3
0 days 00:36:24.300000,31.7,43.0,997.4,False,45.1,244,1.6,2024,16,FP3
0 days 00:37:24.317000,31.7,43.0,997.4,False,45.5,228,1.8,2024,16,FP3
0 days 00:38:24.312000,31.6,42.0,997.4,False,45.6,201,1.7,2024,16,FP3
0 days 00:39:24.314000,31.7,42.0,997.4,False,45.9,224,1.8,2024,16,FP3
0 days 00:40:24.312000,31.8,41.0,997.5,False,45.6,263,1.6,2024,16,FP3
0 days 00:41:24.316000,31.8,41.0,997.4,False,45.6,270,1.2,2024,16,FP3
0 days 00:42:24.319000,31.9,41.0,997.4,False,45.9,273,1.2,2024,16,FP3
0 days 00:43:24.305000,32.0,41.0,997.3,False,46.3,315,1.6,2024,16,FP3
0 days 00:44:24.311000,31.9,41.0,997.3,False,46.3,315,1.6,2024,16,FP3
0 days 00:45:24.315000,31.9,41.0,997.3,False,46.3,315,1.6,2024,16,FP3
0 days 00:46:24.316000,31.9,41.0,997.4,False,46.5,238,1.0,2024,16,FP3
0 days 00:47:24.325000,31.9,40.0,997.4,False,47.1,274,1.5,2024,16,FP3
0 days 00:48:24.318000,31.9,40.0,997.3,False,47.1,258,1.1,2024,16,FP3
0 days 00:49:24.339000,31.7,41.0,997.4,False,47.1,306,1.1,2024,16,FP3
0 days 00:50:24.326000,31.6,40.0,997.4,False,47.5,273,0.9,2024,16,FP3
0 days 00:51:24.336000,31.8,40.0,997.4,False,47.5,0,0.9,2024,16,FP3
0 days 00:52:24.363000,31.9,40.0,997.4,False,47.9,46,0.8,2024,16,FP3
0 days 00:53:24.355000,32.0,39.0,997.4,False,48.1,30,1.0,2024,16,FP3
0 days 00:54:24.395000,32.1,40.0,997.3,False,47.7,50,1.2,2024,16,FP3
0 days 00:55:24.371000,32.1,41.0,997.4,False,47.7,85,1.4,2024,16,FP3
0 days 00:56:24.366000,32.1,41.0,997.4,False,47.9,39,1.9,2024,16,FP3
0 days 00:57:24.390000,32.0,41.0,997.4,False,48.1,70,1.3,2024,16,FP3
0 days 00:58:24.375000,31.9,40.0,997.4,False,48.5,234,0.8,2024,16,FP3
0 days 00:59:24.406000,32.0,40.0,997.3,False,48.5,303,1.1,2024,16,FP3
0 days 01:00:24.398000,32.0,40.0,997.4,False,48.0,12,1.2,2024,16,FP3
0 days 01:01:24.408000,32.1,40.0,997.5,False,48.0,0,0.7,2024,16,FP3
0 days 01:02:24.419000,32.2,40.0,997.4,False,48.2,345,1.0,2024,16,FP3
0 days 01:03:24.424000,32.0,39.0,997.4,False,48.2,226,0.7,2024,16,FP3
0 days 01:04:24.420000,32.0,39.0,997.4,False,48.3,179,0.9,2024,16,FP3
0 days 01:05:24.413000,32.1,39.0,997.3,False,47.4,229,0.7,2024,16,FP3
0 days 01:06:24.550000,32.0,39.0,997.3,False,47.8,249,1.1,2024,16,FP3
0 days 01:07:24.513000,32.1,39.0,997.3,False,47.9,290,1.6,2024,16,FP3
0 days 01:08:24.543000,32.0,39.0,997.4,False,47.6,306,1.0,2024,16,FP3
0 days 01:09:24.550000,32.0,39.0,997.3,False,47.8,283,1.0,2024,16,FP3
0 days 01:10:24.560000,32.1,39.0,997.3,False,48.0,174,1.2,2024,16,FP3
0 days 01:11:24.586000,32.1,38.0,997.3,False,48.0,270,1.0,2024,16,FP3
0 days 01:12:24.587000,32.0,37.0,997.3,False,48.5,204,1.1,2024,16,FP3
0 days 01:13:24.593000,32.1,35.0,997.3,False,48.5,199,1.8,2024,16,FP3
0 days 01:14:24.595000,32.2,35.0,997.3,False,48.5,218,1.8,2024,16,FP3
0 days 01:15:24.593000,32.2,36.0,997.3,False,48.2,230,1.6,2024,16,FP3
0 days 01:16:24.594000,32.4,36.0,997.3,False,48.2,213,1.6,2024,16,FP3
0 days 01:17:24.591000,32.4,37.0,997.3,False,48.2,206,1.6,2024,16,FP3
0 days 01:18:24.597000,32.2,37.0,997.2,False,47.8,183,1.2,2024,16,FP3
0 days 01:19:24.597000,32.2,36.0,997.3,False,48.1,84,0.7,2024,16,FP3
0 days 01:20:24.596000,32.3,36.0,997.2,False,48.3,178,0.4,2024,16,FP3
0 days 00:00:41.007000,26.9,37.0,1016.8,True,31.1,73,0.0,2024,17,FP3
0 days 00:01:41.015000,26.8,37.0,1016.7,True,31.0,349,1.2,2024,17,FP3
0 days 00:02:41.007000,26.8,37.0,1016.7,True,31.1,112,0.5,2024,17,FP3
0 days 00:03:41.013000,26.7,39.0,1016.7,True,31.1,116,0.4,2024,17,FP3
0 days 00:04:41.012000,26.8,38.0,1016.8,False,31.0,236,0.4,2024,17,FP3
0 days 00:05:41.014000,26.8,38.0,1016.7,False,31.0,186,0.0,2024,17,FP3
0 days 00:06:41.009000,26.7,40.0,1016.8,False,31.0,127,0.3,2024,17,FP3
0 days 00:07:41.011000,26.7,39.0,1016.8,False,31.1,37,0.7,2024,17,FP3
0 days 00:08:41.015000,26.7,35.0,1016.8,False,31.5,68,0.5,2024,17,FP3
0 days 00:09:41.012000,26.8,35.0,1016.7,False,31.5,164,0.9,2024,17,FP3
0 days 00:10:41.016000,26.8,35.0,1016.7,False,31.6,282,0.9,2024,17,FP3
0 days 00:11:41.014000,26.9,35.0,1016.8,False,31.8,215,1.1,2024,17,FP3
0 days 00:12:41.017000,26.9,35.0,1016.9,False,31.7,192,0.5,2024,17,FP3
0 days 00:13:41.015000,27.0,37.0,1016.8,True,31.6,59,0.0,2024,17,FP3
0 days 00:14:41.006000,27.0,36.0,1016.8,True,31.7,69,0.8,2024,17,FP3
0 days 00:15:41.008000,27.0,37.0,1016.8,False,31.9,0,0.4,2024,17,FP3
0 days 00:16:41.021000,26.9,37.0,1016.7,True,31.9,69,1.4,2024,17,FP3
0 days 00:17:41.017000,26.9,36.0,1016.7,True,31.9,150,1.4,2024,17,FP3
0 days 00:18:41.019000,26.8,37.0,1016.8,True,31.9,165,0.4,2024,17,FP3
0 days 00:19:41.019000,26.9,36.0,1016.8,True,31.9,11,0.6,2024,17,FP3
0 days 00:20:41.021000,26.9,36.0,1016.8,True,31.8,304,0.5,2024,17,FP3
0 days 00:21:41.021000,26.9,37.0,1016.8,True,31.8,343,0.3,2024,17,FP3
0 days 00:22:41.021000,27.0,37.0,1016.8,True,31.8,0,0.5,2024,17,FP3
0 days 00:23:41.021000,27.1,38.0,1016.8,True,31.8,0,0.6,2024,17,FP3
0 days 00:24:41.022000,27.1,38.0,1016.9,True,31.7,92,0.4,2024,17,FP3
0 days 00:25:41.026000,27.2,38.0,1016.8,False,31.6,241,0.4,2024,17,FP3
0 days 00:26:41.028000,27.2,39.0,1016.8,True,31.7,175,0.5,2024,17,FP3
0 days 00:27:41.025000,27.2,36.0,1016.7,True,31.6,61,0.6,2024,17,FP3
0 days 00:28:41.030000,27.2,35.0,1016.8,True,31.6,147,1.0,2024,17,FP3
0 days 00:29:41.028000,27.1,35.0,1016.9,False,31.6,83,0.8,2024,17,FP3
0 days 00:30:41.025000,27.1,35.0,1016.8,False,31.7,36,0.8,2024,17,FP3
0 days 00:31:41.029000,27.1,35.0,1016.7,False,31.8,309,0.8,2024,17,FP3
0 days 00:32:41.028000,27.1,35.0,1016.7,False,31.8,275,0.8,2024,17,FP3
0 days 00:33:41.028000,27.2,35.0,1016.7,False,31.9,283,0.0,2024,17,FP3
0 days 00:34:41.029000,27.2,36.0,1016.7,False,31.8,99,0.6,2024,17,FP3
0 days 00:35:41.030000,27.3,36.0,1016.6,False,31.6,88,1.6,2024,17,FP3
0 days 00:36:41.039000,27.3,39.0,1016.7,False,31.4,66,1.3,2024,17,FP3
0 days 00:37:41.031000,27.2,39.0,1016.7,False,31.4,126,1.2,2024,17,FP3
0 days 00:38:41.039000,27.0,40.0,1016.7,False,31.6,104,1.1,2024,17,FP3
0 days 00:39:41.067000,27.0,40.0,1016.7,False,31.4,31,0.9,2024,17,FP3
0 days 00:40:41.084000,26.9,40.0,1016.7,False,31.5,0,0.5,2024,17,FP3
0 days 00:41:41.081000,26.9,40.0,1016.7,False,31.6,113,0.3,2024,17,FP3
0 days 00:42:41.081000,27.0,40.0,1016.7,False,31.8,248,1.1,2024,17,FP3
0 days 00:43:41.098000,27.1,40.0,1016.7,False,31.8,0,1.0,2024,17,FP3
0 days 00:44:41.102000,27.1,40.0,1016.8,False,32.0,280,0.9,2024,17,FP3
0 days 00:45:41.100000,27.2,40.0,1016.7,False,31.9,29,0.7,2024,17,FP3
0 days 00:46:41.099000,27.1,39.0,1016.7,True,31.7,91,0.9,2024,17,FP3
0 days 00:47:41.117000,27.0,39.0,1016.7,True,31.6,18,0.8,2024,17,FP3
0 days 00:48:41.121000,27.0,40.0,1016.7,False,31.8,12,0.5,2024,17,FP3
0 days 00:49:41.134000,27.0,40.0,1016.6,False,32.0,81,0.5,2024,17,FP3
0 days 00:50:41.134000,27.1,40.0,1016.7,True,32.1,91,0.5,2024,17,FP3
0 days 00:51:41.139000,27.2,40.0,1016.7,True,31.7,121,1.1,2024,17,FP3
0 days 00:52:41.153000,27.0,40.0,1016.5,True,31.6,67,0.9,2024,17,FP3
0 days 00:53:41.167000,26.9,41.0,1016.5,False,31.6,51,0.8,2024,17,FP3
0 days 00:54:41.172000,26.9,42.0,1016.6,False,31.7,69,1.3,2024,17,FP3
0 days 00:55:41.171000,26.8,43.0,1016.6,True,31.7,61,1.2,2024,17,FP3
0 days 00:56:41.180000,26.8,43.0,1016.6,True,31.7,154,1.2,2024,17,FP3
0 days 00:57:41.175000,26.7,43.0,1016.6,True,31.8,257,0.8,2024,17,FP3
0 days 00:58:41.226000,26.8,43.0,1016.5,True,32.2,58,1.2,2024,17,FP3
0 days 00:59:41.172000,26.9,43.0,1016.5,True,32.3,154,0.9,2024,17,FP3
0 days 01:00:41.174000,26.9,43.0,1016.5,True,31.9,167,0.4,2024,17,FP3
0 days 01:01:41.174000,27.0,42.0,1016.6,False,32.3,249,1.0,2024,17,FP3
0 days 01:02:41.174000,27.1,42.0,1016.5,False,32.3,259,0.9,2024,17,FP3
0 days 01:03:41.174000,27.1,42.0,1016.5,False,32.3,110,0.7,2024,17,FP3
0 days 01:04:41.176000,27.0,43.0,1016.4,False,32.3,97,1.3,2024,17,FP3
0 days 01:05:41.179000,27.0,43.0,1016.5,False,32.3,100,0.7,2024,17,FP3
0 days 01:06:41.180000,27.0,43.0,1016.4,False,32.5,85,1.2,2024,17,FP3
0 days 01:07:41.179000,27.0,43.0,1016.4,False,32.4,89,1.4,2024,17,FP3
0 days 01:08:41.177000,26.9,43.0,1016.5,False,32.3,77,1.7,2024,17,FP3
0 days 01:09:41.178000,26.8,44.0,1016.4,False,32.3,234,1.1,2024,17,FP3
0 days 01:10:41.171000,26.8,44.0,1016.4,False,32.3,0,1.0,2024,17,FP3
0 days 01:11:41.181000,26.8,44.0,1016.5,False,32.5,0,0.8,2024,17,FP3
0 days 01:12:41.180000,26.9,43.0,1016.5,False,32.6,236,0.6,2024,17,FP3
0 days 01:13:41.183000,26.9,43.0,1016.4,False,32.7,55,0.8,2024,17,FP3
0 days 01:14:41.183000,27.0,43.0,1016.4,False,32.8,0,0.8,2024,17,FP3
0 days 01:15:41.183000,27.1,42.0,1016.4,False,32.8,357,0.0,2024,17,FP3
0 days 01:16:41.184000,27.1,42.0,1016.5,False,33.1,0,0.8,2024,17,FP3
0 days 01:17:41.185000,27.3,42.0,1016.5,False,33.1,244,1.0,2024,17,FP3
0 days 01:18:41.185000,27.3,42.0,1016.5,False,32.9,31,0.9,2024,17,FP3
0 days 01:19:41.191000,27.3,42.0,1016.4,False,32.9,95,0.0,2024,17,FP3
0 days 01:20:41.199000,27.2,42.0,1016.4,False,32.7,167,0.7,2024,17,FP3
0 days 01:21:41.187000,27.2,43.0,1016.3,False,32.8,102,0.8,2024,17,FP3
0 days 00:00:48.358000,30.0,76.0,1006.7,False,38.6,216,0.7,2024,18,FP3
0 days 00:01:48.363000,30.0,75.0,1006.7,False,38.3,182,0.8,2024,18,FP3
0 days 00:02:48.365000,30.0,75.0,1006.7,False,38.1,309,0.9,2024,18,FP3
0 days 00:03:48.357000,30.0,75.0,1006.7,False,37.4,221,1.1,2024,18,FP3
0 days 00:04:48.366000,30.0,76.0,1006.7,False,37.6,235,1.2,2024,18,FP3
0 days 00:05:48.365000,30.0,76.0,1006.7,False,37.6,0,0.9,2024,18,FP3
0 days 00:06:48.360000,30.0,76.0,1006.7,False,37.3,248,0.6,2024,18,FP3
0 days 00:07:48.363000,30.0,76.0,1006.7,False,37.3,273,1.1,2024,18,FP3
0 days 00:08:48.376000,30.0,76.0,1006.7,False,37.4,305,0.8,2024,18,FP3
0 days 00:09:48.354000,30.0,76.0,1006.7,False,37.4,218,0.9,2024,18,FP3
0 days 00:10:48.366000,29.9,77.0,1006.7,False,37.4,302,0.5,2024,18,FP3
0 days 00:11:48.368000,30.0,76.0,1006.7,False,37.6,217,1.1,2024,18,FP3
0 days 00:12:48.388000,30.0,76.0,1006.7,False,37.2,254,0.7,2024,18,FP3
0 days 00:13:48.371000,30.0,76.0,1006.6,False,37.1,281,0.4,2024,18,FP3
0 days 00:14:48.369000,30.0,76.0,1006.8,False,37.1,323,0.9,2024,18,FP3
0 days 00:15:48.368000,30.0,76.0,1006.7,False,37.4,54,0.5,2024,18,FP3
0 days 00:16:48.367000,30.0,76.0,1006.7,False,37.6,155,0.3,2024,18,FP3
0 days 00:17:48.367000,30.0,76.0,1006.8,False,37.8,215,0.4,2024,18,FP3
0 days 00:18:48.364000,30.0,75.0,1006.8,False,37.7,208,1.3,2024,18,FP3
0 days 00:19:48.373000,30.0,76.0,1006.7,False,37.4,71,0.5,2024,18,FP3
0 days 00:20:48.369000,30.0,75.0,1006.8,False,37.4,177,0.5,2024,18,FP3
0 days 00:21:48.365000,30.0,75.0,1006.8,False,37.5,0,0.9,2024,18,FP3
0 days 00:22:48.375000,30.0,75.0,1006.8,False,37.6,218,0.6,2024,18,FP3
0 days 00:23:48.373000,30.0,75.0,1006.8,False,37.6,271,0.7,2024,18,FP3
0 days 00:24:48.377000,30.0,75.0,1006.8,False,37.7,0,0.4,2024,18,FP3
0 days 00:25:48.375000,30.1,75.0,1006.8,False,37.7,206,0.0,2024,18,FP3
0 days 00:26:48.404000,30.1,75.0,1006.8,False,37.7,206,0.0,2024,18,FP3
0 days 00:27:48.379000,30.1,75.0,1006.8,False,37.7,206,0.0,2024,18,FP3
0 days 00:28:48.374000,30.1,75.0,1006.8,False,37.7,206,0.0,2024,18,FP3
0 days 00:29:48.370000,30.1,75.0,1006.8,False,37.7,206,0.0,2024,18,FP3
0 days 00:30:48.384000,30.1,75.0,1006.8,False,37.7,206,0.0,2024,18,FP3
0 days 00:31:48.381000,30.1,75.0,1006.8,False,37.7,206,0.0,2024,18,FP3
0 days 00:32:48.387000,30.1,75.0,1006.8,False,37.7,206,0.0,2024,18,FP3
0 days 00:33:48.384000,30.1,75.0,1006.8,False,37.7,206,0.0,2024,18,FP3
0 days 00:34:48.375000,30.1,75.0,1006.8,False,37.7,206,0.0,2024,18,FP3
0 days 00:35:48.384000,30.1,75.0,1006.8,False,37.7,206,0.0,2024,18,FP3
0 days 00:36:48.386000,30.1,75.0,1006.8,False,37.7,206,0.0,2024,18,FP3
0 days 00:37:48.387000,30.1,75.0,1006.8,False,37.7,206,0.0,2024,18,FP3
0 days 00:38:48.391000,30.1,75.0,1006.8,False,37.7,206,0.0,2024,18,FP3
0 days 00:39:48.392000,30.1,75.0,1006.8,False,37.7,206,0.0,2024,18,FP3
0 days 00:40:48.389000,30.1,75.0,1006.8,False,37.7,206,0.0,2024,18,FP3
0 days 00:41:48.394000,30.1,75.0,1006.8,False,37.7,206,0.0,2024,18,FP3
0 days 00:42:48.387000,30.1,75.0,1006.8,False,37.7,206,0.0,2024,18,FP3
0 days 00:43:48.386000,30.1,75.0,1006.8,False,37.7,206,0.0,2024,18,FP3
0 days 00:44:48.396000,30.1,75.0,1006.8,False,37.7,206,0.0,2024,18,FP3
0 days 00:45:48.395000,30.1,75.0,1006.8,False,37.7,206,0.0,2024,18,FP3
0 days 00:46:48.423000,30.1,75.0,1006.8,False,37.7,206,0.0,2024,18,FP3
0 days 00:47:48.395000,30.1,75.0,1006.8,False,37.7,206,0.0,2024,18,FP3
0 days 00:48:48.400000,30.1,75.0,1006.8,False,37.7,206,0.0,2024,18,FP3
0 days 00:49:48.399000,30.1,75.0,1006.8,False,37.7,206,0.0,2024,18,FP3
0 days 00:50:48.392000,30.1,75.0,1006.8,False,37.7,206,0.0,2024,18,FP3
0 days 00:51:48.404000,30.1,75.0,1006.8,False,37.7,206,0.0,2024,18,FP3
0 days 00:52:48.395000,30.1,75.0,1006.8,False,37.7,206,0.0,2024,18,FP3
0 days 00:53:48.419000,30.1,75.0,1006.8,False,37.7,206,0.0,2024,18,FP3
0 days 00:54:48.400000,30.1,75.0,1006.8,False,37.7,206,0.0,2024,18,FP3
0 days 00:55:48.403000,30.1,75.0,1006.8,False,37.7,206,0.0,2024,18,FP3
0 days 00:56:48.431000,30.1,75.0,1006.8,False,37.7,206,0.0,2024,18,FP3
0 days 00:57:48.460000,30.1,75.0,1006.8,False,37.7,206,0.0,2024,18,FP3
0 days 00:58:48.460000,30.1,75.0,1006.8,False,37.7,206,0.0,2024,18,FP3
0 days 00:59:48.465000,30.1,75.0,1006.8,False,37.7,206,0.0,2024,18,FP3
0 days 01:00:48.473000,30.1,75.0,1006.8,False,37.7,206,0.0,2024,18,FP3
0 days 01:01:48.472000,30.1,75.0,1006.8,False,37.7,206,0.0,2024,18,FP3
0 days 01:02:48.465000,30.0,74.0,1006.9,False,35.4,214,1.2,2024,18,FP3
0 days 01:03:48.473000,30.0,75.0,1006.8,False,35.5,206,1.1,2024,18,FP3
0 days 01:04:48.481000,30.0,74.0,1006.9,False,35.4,208,1.5,2024,18,FP3
0 days 01:05:48.482000,30.0,75.0,1006.9,False,35.4,215,1.4,2024,18,FP3
0 days 01:06:48.496000,30.0,74.0,1006.9,False,35.2,187,1.5,2024,18,FP3
0 days 01:07:48.520000,30.0,75.0,1006.9,False,35.1,215,1.4,2024,18,FP3
0 days 01:08:48.519000,30.1,75.0,1006.9,False,35.7,199,1.3,2024,18,FP3
0 days 01:09:48.529000,30.1,74.0,1007.0,False,35.7,216,1.4,2024,18,FP3
0 days 01:10:48.535000,30.1,74.0,1006.9,False,35.0,224,1.2,2024,18,FP3
0 days 01:11:48.540000,30.1,74.0,1006.8,False,35.0,214,1.3,2024,18,FP3
0 days 01:12:48.553000,30.1,75.0,1006.9,False,35.0,168,0.8,2024,18,FP3
0 days 01:13:48.538000,30.1,75.0,1006.9,False,35.3,169,0.9,2024,18,FP3
0 days 01:14:48.539000,30.1,75.0,1006.9,False,35.4,225,0.4,2024,18,FP3
0 days 01:15:48.533000,30.1,75.0,1006.9,False,35.5,215,1.2,2024,18,FP3
0 days 01:16:48.540000,30.1,75.0,1006.8,False,35.5,221,0.9,2024,18,FP3
0 days 01:17:48.535000,30.2,75.0,1006.8,False,35.2,213,0.9,2024,18,FP3
0 days 01:18:48.540000,30.1,75.0,1006.8,False,35.2,221,0.4,2024,18,FP3
0 days 01:19:48.552000,30.1,75.0,1006.8,False,35.1,226,0.7,2024,18,FP3
0 days 01:20:48.548000,30.1,75.0,1006.9,False,35.0,0,0.9,2024,18,FP3
0 days 01:21:48.570000,30.1,75.0,1006.8,False,34.9,0,0.4,2024,18,FP3
0 days 00:00:04.469000,16.9,59.0,787.8,False,29.2,308,1.5,2024,20,FP3
0 days 00:01:04.469000,16.9,58.0,787.9,False,29.0,308,1.4,2024,20,FP3
0 days 00:02:04.487000,17.0,58.0,787.8,False,29.0,309,1.4,2024,20,FP3
0 days 00:03:04.502000,17.1,58.0,787.8,False,29.1,336,1.2,2024,20,FP3
0 days 00:04:04.504000,17.1,57.0,787.8,False,29.7,285,0.7,2024,20,FP3
0 days 00:05:04.503000,17.3,56.0,787.8,False,30.7,341,0.9,2024,20,FP3
0 days 00:06:04.504000,17.5,56.0,787.8,False,31.8,287,1.1,2024,20,FP3
0 days 00:07:04.505000,17.7,56.0,787.8,False,32.8,0,1.6,2024,20,FP3
0 days 00:08:04.508000,17.8,56.0,787.7,False,33.4,18,0.6,2024,20,FP3
0 days 00:09:04.506000,17.7,55.0,787.9,False,33.5,312,2.0,2024,20,FP3
0 days 00:10:04.507000,17.9,54.0,787.7,False,33.7,1,0.9,2024,20,FP3
0 days 00:11:04.519000,18.0,54.0,787.8,False,34.4,292,2.3,2024,20,FP3
0 days 00:12:04.527000,18.0,55.0,787.7,False,34.6,319,1.9,2024,20,FP3
0 days 00:13:04.541000,18.1,55.0,787.7,False,35.0,309,1.7,2024,20,FP3
0 days 00:14:04.557000,18.0,56.0,787.7,False,35.2,313,2.1,2024,20,FP3
0 days 00:15:04.557000,17.9,57.0,787.7,False,35.3,294,2.3,2024,20,FP3
0 days 00:16:04.559000,17.9,57.0,787.7,False,35.7,276,1.8,2024,20,FP3
0 days 00:17:04.559000,18.0,57.0,787.7,False,34.7,272,1.4,2024,20,FP3
0 days 00:18:04.567000,18.0,56.0,787.7,False,33.5,272,1.8,2024,20,FP3
0 days 00:19:04.561000,17.9,56.0,787.6,False,33.1,242,1.5,2024,20,FP3
0 days 00:20:04.561000,17.9,56.0,787.6,False,32.6,286,1.4,2024,20,FP3
0 days 00:21:04.569000,18.0,55.0,787.6,False,32.6,242,1.0,2024,20,FP3
0 days 00:22:04.562000,18.0,55.0,787.6,False,32.5,176,0.8,2024,20,FP3
0 days 00:23:04.563000,17.9,55.0,787.5,False,32.2,160,2.0,2024,20,FP3
0 days 00:24:04.565000,17.8,54.0,787.6,False,32.0,149,1.4,2024,20,FP3
0 days 00:25:04.564000,17.6,55.0,787.5,False,31.5,23,1.9,2024,20,FP3
0 days 00:26:04.565000,17.6,55.0,787.5,False,31.1,316,0.8,2024,20,FP3
0 days 00:27:04.566000,17.5,55.0,787.5,False,31.1,206,1.5,2024,20,FP3
0 days 00:28:04.571000,17.5,56.0,787.5,False,30.8,356,0.7,2024,20,FP3
0 days 00:29:04.569000,17.6,55.0,787.5,False,30.6,0,0.0,2024,20,FP3
0 days 00:30:04.568000,17.9,55.0,787.4,False,30.5,325,1.1,2024,20,FP3
0 days 00:31:04.678000,17.9,54.0,787.5,False,30.4,293,1.3,2024,20,FP3
0 days 00:32:04.600000,18.0,54.0,787.5,False,30.5,292,1.9,2024,20,FP3
0 days 00:33:04.617000,18.1,55.0,787.5,False,30.6,350,1.5,2024,20,FP3
0 days 00:34:04.617000,18.0,55.0,787.5,False,30.6,274,2.6,2024,20,FP3
0 days 00:35:04.623000,18.0,55.0,787.4,False,29.9,342,1.2,2024,20,FP3
0 days 00:36:04.620000,18.0,55.0,787.4,False,29.8,281,0.5,2024,20,FP3
0 days 00:37:04.635000,18.0,55.0,787.4,False,30.0,329,1.0,2024,20,FP3
0 days 00:38:04.658000,18.1,55.0,787.4,False,30.5,321,1.4,2024,20,FP3
0 days 00:39:04.652000,18.2,55.0,787.4,False,30.6,295,2.5,2024,20,FP3
0 days 00:40:04.655000,18.2,54.0,787.3,False,31.4,194,1.5,2024,20,FP3
0 days 00:41:04.656000,18.3,55.0,787.3,False,32.5,320,2.0,2024,20,FP3
0 days 00:42:04.655000,18.3,54.0,787.4,False,32.7,300,2.3,2024,20,FP3
0 days 00:43:04.674000,18.4,54.0,787.3,False,32.7,280,2.2,2024,20,FP3
0 days 00:44:04.690000,18.4,54.0,787.4,False,32.3,284,3.7,2024,20,FP3
0 days 00:45:04.705000,18.4,55.0,787.3,False,32.4,274,3.8,2024,20,FP3
0 days 00:46:04.723000,18.4,55.0,787.3,False,33.3,285,1.3,2024,20,FP3
0 days 00:47:04.708000,18.5,55.0,787.2,False,33.8,278,1.1,2024,20,FP3
0 days 00:48:04.721000,18.6,54.0,787.2,False,33.7,268,0.8,2024,20,FP3
0 days 00:49:04.729000,18.6,54.0,787.2,False,33.2,293,0.6,2024,20,FP3
0 days 00:50:04.779000,18.7,54.0,787.1,False,32.9,318,1.2,2024,20,FP3
0 days 00:51:04.758000,18.8,53.0,787.1,False,32.6,156,0.7,2024,20,FP3
0 days 00:52:04.755000,18.6,52.0,787.1,False,32.0,318,0.6,2024,20,FP3
0 days 00:53:04.756000,18.5,52.0,787.2,False,32.0,304,1.2,2024,20,FP3
0 days 00:54:04.780000,18.5,52.0,787.1,False,32.0,256,1.6,2024,20,FP3
0 days 00:55:04.790000,18.5,52.0,787.1,False,32.1,292,2.0,2024,20,FP3
0 days 00:56:04.789000,18.4,52.0,787.1,False,32.1,294,1.9,2024,20,FP3
0 days 00:57:04.795000,18.3,53.0,787.0,False,32.1,243,1.5,2024,20,FP3
0 days 00:58:04.790000,18.2,53.0,787.0,False,31.5,301,2.2,2024,20,FP3
0 days 00:59:04.791000,18.3,53.0,787.0,False,31.4,13,1.3,2024,20,FP3
0 days 01:00:04.795000,18.2,53.0,786.9,False,31.6,279,1.7,2024,20,FP3
0 days 01:01:04.794000,18.3,53.0,786.9,False,31.6,357,1.2,2024,20,FP3
0 days 01:02:04.793000,18.2,52.0,787.0,False,31.7,277,0.8,2024,20,FP3
0 days 01:03:04.794000,18.2,52.0,786.9,False,31.6,307,1.5,2024,20,FP3
0 days 01:04:04.797000,18.4,51.0,786.9,False,31.4,282,1.6,2024,20,FP3
0 days 01:05:04.798000,18.4,52.0,786.9,False,31.4,257,1.3,2024,20,FP3
0 days 01:06:04.796000,18.3,52.0,786.8,False,31.3,40,0.5,2024,20,FP3
0 days 01:07:04.800000,18.4,52.0,786.8,False,31.5,315,0.8,2024,20,FP3
0 days 01:08:04.804000,18.5,52.0,786.8,False,33.1,293,0.6,2024,20,FP3
0 days 01:09:04.798000,18.6,51.0,786.8,False,34.8,314,0.9,2024,20,FP3
0 days 01:10:04.802000,18.8,51.0,786.7,False,35.2,312,1.9,2024,20,FP3
0 days 01:11:04.801000,18.9,51.0,786.8,False,35.5,302,0.8,2024,20,FP3
0 days 01:12:04.801000,19.0,50.0,786.8,False,36.2,320,2.0,2024,20,FP3
0 days 01:13:04.803000,19.2,50.0,786.8,False,36.8,287,3.0,2024,20,FP3
0 days 01:14:04.804000,19.3,50.0,786.6,False,36.8,354,2.2,2024,20,FP3
0 days 01:15:04.804000,19.4,50.0,786.7,False,36.6,314,2.8,2024,20,FP3
0 days 01:16:04.809000,19.6,51.0,786.7,False,36.2,313,2.6,2024,20,FP3
0 days 01:17:04.806000,19.7,50.0,786.7,False,36.3,310,2.4,2024,20,FP3
0 days 01:18:04.808000,19.7,51.0,786.7,False,37.2,280,2.2,2024,20,FP3
0 days 01:19:04.810000,19.6,51.0,786.6,False,38.0,286,2.8,2024,20,FP3
0 days 01:20:04.824000,19.6,50.0,786.6,False,38.0,281,2.6,2024,20,FP3
0 days 01:21:04.826000,19.6,50.0,786.7,False,37.1,308,2.3,2024,20,FP3
0 days 01:22:04.827000,19.6,50.0,786.6,False,36.5,301,2.4,2024,20,FP3
0 days 00:00:23.021000,15.1,18.0,942.4,False,17.4,0,0.0,2024,22,FP3
0 days 00:01:23.003000,15.1,18.0,942.3,False,17.4,0,0.0,2024,22,FP3
0 days 00:02:23.012000,15.1,19.0,942.3,False,17.4,221,0.0,2024,22,FP3
0 days 00:03:23.017000,15.1,19.0,942.3,False,17.4,0,0.0,2024,22,FP3
0 days 00:04:23.007000,15.1,19.0,942.3,False,17.3,0,0.0,2024,22,FP3
0 days 00:05:23.019000,15.1,18.0,942.3,False,17.3,55,0.0,2024,22,FP3
0 days 00:06:23.032000,15.1,17.0,942.3,False,17.7,0,0.5,2024,22,FP3
0 days 00:07:23.040000,15.1,17.0,942.3,False,17.7,35,0.3,2024,22,FP3
0 days 00:08:23.044000,15.1,17.0,942.4,False,17.7,0,0.5,2024,22,FP3
0 days 00:09:23.066000,15.1,18.0,942.3,False,17.5,0,0.0,2024,22,FP3
0 days 00:10:23.066000,15.1,18.0,942.2,False,17.4,27,0.6,2024,22,FP3
0 days 00:11:23.068000,15.2,18.0,942.2,False,17.4,32,0.7,2024,22,FP3
0 days 00:12:23.068000,15.1,18.0,942.1,False,17.4,66,0.5,2024,22,FP3
0 days 00:13:23.072000,15.1,18.0,942.2,False,17.4,38,0.7,2024,22,FP3
0 days 00:14:23.072000,15.0,18.0,942.2,False,17.4,73,0.6,2024,22,FP3
0 days 00:15:23.103000,15.0,18.0,942.2,False,17.4,0,0.6,2024,22,FP3
0 days 00:16:23.119000,15.0,18.0,942.1,False,17.4,70,0.0,2024,22,FP3
0 days 00:17:23.121000,14.9,18.0,942.2,False,17.4,0,0.0,2024,22,FP3
0 days 00:18:23.122000,14.9,18.0,942.2,False,17.4,0,0.0,2024,22,FP3
0 days 00:19:23.121000,14.9,18.0,942.2,False,17.4,0,0.0,2024,22,FP3
0 days 00:20:23.122000,14.9,18.0,942.3,False,17.4,0,0.0,2024,22,FP3
0 days 00:21:23.123000,14.9,18.0,942.2,False,17.3,295,0.0,2024,22,FP3
0 days 00:22:23.136000,15.0,18.0,942.2,False,17.2,272,0.5,2024,22,FP3
0 days 00:23:23.136000,15.0,18.0,942.2,False,17.0,231,0.5,2024,22,FP3
0 days 00:24:23.137000,15.0,19.0,942.3,False,17.0,0,0.8,2024,22,FP3
0 days 00:25:23.137000,15.0,18.0,942.1,False,17.0,267,0.0,2024,22,FP3
0 days 00:26:23.156000,15.0,18.0,942.1,False,17.2,55,0.0,2024,22,FP3
0 days 00:27:23.176000,14.9,18.0,942.2,False,17.1,0,0.0,2024,22,FP3
0 days 00:28:23.180000,14.9,18.0,942.2,False,17.1,291,0.4,2024,22,FP3
0 days 00:29:23.178000,14.9,17.0,942.1,False,17.1,310,0.7,2024,22,FP3
0 days 00:30:23.184000,14.9,17.0,942.2,False,17.1,279,0.5,2024,22,FP3
0 days 00:31:23.198000,14.9,17.0,942.1,False,17.1,178,0.5,2024,22,FP3
0 days 00:32:23.205000,14.9,18.0,942.2,False,17.1,233,0.0,2024,22,FP3
0 days 00:33:23.204000,14.8,18.0,942.1,False,17.0,208,0.3,2024,22,FP3
0 days 00:34:23.200000,14.8,18.0,942.1,False,16.8,273,0.0,2024,22,FP3
0 days 00:35:23.208000,14.8,18.0,942.1,False,16.8,273,0.0,2024,22,FP3
0 days 00:36:23.231000,14.8,18.0,942.1,False,16.8,273,0.0,2024,22,FP3
0 days 00:37:23.210000,14.8,18.0,942.1,False,16.9,261,0.6,2024,22,FP3
0 days 00:38:23.208000,14.8,18.0,942.2,False,16.9,262,1.0,2024,22,FP3
0 days 00:39:23.212000,14.9,18.0,942.1,False,16.9,257,1.1,2024,22,FP3
0 days 00:40:23.210000,14.9,18.0,942.1,False,16.8,256,1.3,2024,22,FP3
0 days 00:41:23.208000,14.9,19.0,942.1,False,16.8,262,1.0,2024,22,FP3
0 days 00:42:23.212000,14.9,19.0,942.1,False,16.7,245,0.9,2024,22,FP3
0 days 00:43:23.212000,15.0,19.0,942.1,False,16.7,257,1.0,2024,22,FP3
0 days 00:44:23.228000,15.1,19.0,942.1,False,16.8,258,0.9,2024,22,FP3
0 days 00:45:23.228000,15.1,18.0,942.0,False,16.8,254,0.7,2024,22,FP3
0 days 00:46:23.238000,15.2,19.0,942.1,False,16.7,261,0.9,2024,22,FP3
0 days 00:47:23.248000,15.3,19.0,942.1,False,16.7,247,1.2,2024,22,FP3
0 days 00:48:23.264000,15.3,19.0,942.1,False,16.7,251,0.9,2024,22,FP3
0 days 00:49:23.276000,15.2,19.0,942.1,False,16.6,256,0.8,2024,22,FP3
0 days 00:50:23.260000,15.1,19.0,942.1,False,16.6,257,0.8,2024,22,FP3
0 days 00:51:23.268000,15.0,19.0,942.2,False,16.6,258,0.8,2024,22,FP3
0 days 00:52:23.269000,15.0,19.0,942.1,False,16.6,256,0.7,2024,22,FP3
0 days 00:53:23.283000,14.9,19.0,942.1,False,16.6,236,0.8,2024,22,FP3
0 days 00:54:23.283000,14.9,20.0,942.2,False,16.6,236,0.7,2024,22,FP3
0 days 00:55:23.295000,14.8,20.0,942.2,False,16.5,218,0.9,2024,22,FP3
0 days 00:56:23.294000,14.8,20.0,942.2,False,16.5,222,1.0,2024,22,FP3
0 days 00:57:23.294000,14.8,20.0,942.2,False,16.5,216,1.0,2024,22,FP3
0 days 00:58:23.297000,14.8,20.0,942.2,False,16.5,213,1.0,2024,22,FP3
0 days 00:59:23.295000,14.8,20.0,942.2,False,16.5,215,1.4,2024,22,FP3
0 days 01:00:23.298000,14.8,19.0,942.1,False,16.5,223,1.2,2024,22,FP3
0 days 01:01:23.303000,14.7,19.0,942.1,False,16.5,214,1.3,2024,22,FP3
0 days 01:02:23.307000,14.6,20.0,942.1,False,16.3,217,1.4,2024,22,FP3
0 days 01:03:23.307000,14.6,19.0,942.2,False,16.3,247,0.8,2024,22,FP3
0 days 01:04:23.297000,14.5,19.0,942.2,False,16.3,234,0.7,2024,22,FP3
0 days 01:05:23.296000,14.5,19.0,942.1,False,16.3,215,0.8,2024,22,FP3
0 days 01:06:23.304000,14.5,19.0,942.1,False,16.3,225,0.8,2024,22,FP3
0 days 01:07:23.297000,14.5,19.0,942.0,False,16.2,235,0.7,2024,22,FP3
0 days 01:08:23.305000,14.5,19.0,942.1,False,16.2,251,0.7,2024,22,FP3
0 days 01:09:23.316000,14.6,19.0,942.1,False,16.2,243,0.7,2024,22,FP3
0 days 01:10:23.298000,14.6,19.0,942.2,False,16.3,238,0.6,2024,22,FP3
0 days 01:11:23.301000,14.6,19.0,942.1,False,16.3,215,0.8,2024,22,FP3
0 days 01:12:23.312000,14.6,19.0,942.1,False,16.3,217,0.9,2024,22,FP3
0 days 01:13:23.318000,14.6,19.0,942.1,False,16.2,213,1.2,2024,22,FP3
0 days 01:14:23.350000,14.4,19.0,942.1,False,16.2,220,1.3,2024,22,FP3
0 days 01:15:23.370000,14.4,19.0,942.1,False,16.2,216,1.3,2024,22,FP3
0 days 01:16:23.368000,14.3,19.0,942.2,False,16.2,213,1.3,2024,22,FP3
0 days 01:17:23.372000,14.2,19.0,942.1,False,16.1,219,1.3,2024,22,FP3
0 days 01:18:23.383000,14.3,19.0,942.2,False,16.2,220,1.3,2024,22,FP3
0 days 01:19:23.390000,14.4,19.0,942.2,False,16.2,215,1.2,2024,22,FP3
0 days 01:20:23.406000,14.4,20.0,942.2,False,16.2,211,1.1,2024,22,FP3
0 days 01:21:23.408000,14.5,20.0,942.2,False,16.2,220,1.5,2024,22,FP3
0 days 00:00:28.281000,28.0,60.0,1016.8,False,41.5,285,2.6,2024,24,FP3
0 days 00:01:28.281000,27.9,60.0,1016.7,False,41.4,286,2.6,2024,24,FP3
0 days 00:02:28.282000,28.0,60.0,1016.8,False,41.2,295,2.3,2024,24,FP3
0 days 00:03:28.282000,27.9,60.0,1016.7,False,41.3,292,2.0,2024,24,FP3
0 days 00:04:28.286000,27.9,60.0,1016.7,False,41.3,282,3.0,2024,24,FP3
0 days 00:05:28.279000,27.9,60.0,1016.7,False,41.3,284,2.3,2024,24,FP3
0 days 00:06:28.287000,27.9,60.0,1016.7,False,41.2,306,2.8,2024,24,FP3
0 days 00:07:28.288000,27.9,60.0,1016.5,False,41.2,281,2.3,2024,24,FP3
0 days 00:08:28.287000,28.0,61.0,1016.7,False,41.3,259,1.9,2024,24,FP3
0 days 00:09:28.285000,28.0,60.0,1016.6,False,41.6,288,2.2,2024,24,FP3
0 days 00:10:28.287000,28.0,60.0,1016.6,False,41.3,283,2.8,2024,24,FP3
0 days 00:11:28.287000,28.0,60.0,1016.6,False,41.3,275,2.4,2024,24,FP3
0 days 00:12:28.288000,27.9,60.0,1016.6,False,41.1,244,2.2,2024,24,FP3
0 days 00:13:28.288000,27.9,60.0,1016.7,False,40.8,280,2.2,2024,24,FP3
0 days 00:14:28.294000,27.9,61.0,1016.6,False,41.0,310,3.1,2024,24,FP3
0 days 00:15:28.289000,28.0,61.0,1016.6,False,41.4,322,3.4,2024,24,FP3
0 days 00:16:28.289000,27.9,61.0,1016.5,False,41.4,281,2.5,2024,24,FP3
0 days 00:17:28.287000,27.9,62.0,1016.5,False,41.6,298,2.2,2024,24,FP3
0 days 00:18:28.288000,27.9,61.0,1016.6,False,41.4,319,2.1,2024,24,FP3
0 days 00:19:28.289000,27.9,61.0,1016.5,False,41.5,18,2.4,2024,24,FP3
0 days 00:20:28.291000,27.9,62.0,1016.5,False,41.5,308,1.9,2024,24,FP3
0 days 00:21:28.294000,28.0,61.0,1016.5,False,41.2,266,1.3,2024,24,FP3
0 days 00:22:28.290000,28.0,60.0,1016.6,False,41.1,277,2.7,2024,24,FP3
0 days 00:23:28.290000,28.0,60.0,1016.5,False,41.1,313,2.1,2024,24,FP3
0 days 00:24:28.292000,28.0,60.0,1016.6,False,41.1,317,3.1,2024,24,FP3
0 days 00:25:28.296000,27.9,62.0,1016.6,False,41.0,286,2.1,2024,24,FP3
0 days 00:26:28.290000,28.0,62.0,1016.6,False,41.0,286,2.1,2024,24,FP3
0 days 00:27:28.307000,28.0,61.0,1016.6,False,41.1,0,2.3,2024,24,FP3
0 days 00:28:28.292000,28.0,61.0,1016.6,False,41.1,319,2.0,2024,24,FP3
0 days 00:29:28.296000,28.0,61.0,1016.6,False,41.1,304,1.7,2024,24,FP3
0 days 00:30:28.305000,28.0,61.0,1016.6,False,41.2,4,1.9,2024,24,FP3
0 days 00:31:28.306000,28.0,60.0,1016.6,False,41.1,288,3.3,2024,24,FP3
0 days 00:32:28.306000,27.9,61.0,1016.6,False,41.0,304,1.6,2024,24,FP3
0 days 00:33:28.302000,27.9,61.0,1016.7,False,40.9,17,1.9,2024,24,FP3
0 days 00:34:28.305000,27.8,61.0,1016.5,False,40.7,246,2.4,2024,24,FP3
0 days 00:35:28.308000,27.9,61.0,1016.5,False,40.6,301,2.2,2024,24,FP3
0 days 00:36:28.294000,27.8,62.0,1016.5,False,40.7,346,2.2,2024,24,FP3
0 days 00:37:28.287000,27.9,61.0,1016.6,False,41.0,262,2.4,2024,24,FP3
0 days 00:38:28.309000,27.9,61.0,1016.5,False,41.0,261,1.5,2024,24,FP3
0 days 00:39:28.309000,27.9,61.0,1016.5,False,40.7,294,2.6,2024,24,FP3
0 days 00:40:28.308000,28.0,61.0,1016.6,False,40.5,290,2.1,2024,24,FP3
0 days 00:41:28.311000,28.0,61.0,1016.6,False,40.4,269,2.2,2024,24,FP3
0 days 00:42:28.310000,27.9,61.0,1016.6,False,40.4,269,2.2,2024,24,FP3
0 days 00:43:28.300000,27.9,61.0,1016.5,False,39.9,269,2.2,2024,24,FP3
0 days 00:44:28.311000,27.9,61.0,1016.5,False,39.8,209,2.5,2024,24,FP3
0 days 00:45:28.310000,27.9,61.0,1016.5,False,39.7,295,2.8,2024,24,FP3
0 days 00:46:28.315000,27.9,61.0,1016.5,False,39.7,295,2.8,2024,24,FP3
0 days 00:47:28.319000,28.0,61.0,1016.6,False,39.6,293,2.3,2024,24,FP3
0 days 00:48:28.312000,27.9,61.0,1016.5,False,39.6,293,2.3,2024,24,FP3
0 days 00:49:28.311000,28.0,61.0,1016.6,False,39.8,288,1.5,2024,24,FP3
0 days 00:50:28.335000,27.9,61.0,1016.5,False,39.9,281,1.9,2024,24,FP3
0 days 00:51:28.350000,28.0,61.0,1016.6,False,40.2,287,1.8,2024,24,FP3
0 days 00:52:28.365000,28.0,61.0,1016.6,False,40.0,311,1.8,2024,24,FP3
0 days 00:53:28.363000,28.0,61.0,1016.5,False,39.8,277,0.9,2024,24,FP3
0 days 00:54:28.374000,28.0,60.0,1016.6,False,39.7,270,1.3,2024,24,FP3
0 days 00:55:28.366000,28.0,60.0,1016.7,False,39.7,324,2.4,2024,24,FP3
0 days 00:56:28.360000,28.0,60.0,1016.6,False,39.7,164,1.8,2024,24,FP3
0 days 00:57:28.372000,28.0,61.0,1016.7,False,39.4,283,2.4,2024,24,FP3
0 days 00:58:28.370000,28.0,60.0,1016.7,False,39.4,291,2.2,2024,24,FP3
0 days 00:59:28.375000,27.9,60.0,1016.7,False,39.4,356,3.0,2024,24,FP3
0 days 01:00:28.429000,27.9,61.0,1016.7,False,39.2,283,1.9,2024,24,FP3
0 days 01:01:28.378000,27.9,61.0,1016.7,False,39.0,302,2.8,2024,24,FP3
0 days 01:02:28.377000,27.8,61.0,1016.6,False,39.2,258,2.8,2024,24,FP3
0 days 01:03:28.377000,27.8,61.0,1016.6,False,39.2,353,1.4,2024,24,FP3
0 days 01:04:28.400000,27.8,61.0,1016.7,False,39.4,285,1.2,2024,24,FP3
0 days 01:05:28.400000,27.8,61.0,1016.7,False,39.4,268,2.1,2024,24,FP3
0 days 01:06:28.415000,27.8,60.0,1016.6,False,39.4,270,2.1,2024,24,FP3
0 days 01:07:28.430000,27.8,60.0,1016.6,False,39.6,280,1.9,2024,24,FP3
0 days 01:08:28.428000,27.8,60.0,1016.6,False,39.5,329,2.1,2024,24,FP3
0 days 01:09:28.449000,27.8,60.0,1016.6,False,39.3,287,2.4,2024,24,FP3
0 days 01:10:28.443000,27.7,60.0,1016.6,False,39.3,306,2.8,2024,24,FP3
0 days 01:11:28.439000,27.8,60.0,1016.6,False,39.1,304,2.1,2024,24,FP3
0 days 01:12:28.455000,27.8,60.0,1016.6,False,39.2,290,2.4,2024,24,FP3
0 days 01:13:28.464000,27.8,59.0,1016.6,False,38.8,23,2.4,2024,24,FP3
0 days 01:14:28.453000,27.8,60.0,1016.6,False,38.7,299,3.0,2024,24,FP3
0 days 01:15:28.464000,27.8,59.0,1016.7,False,38.7,294,2.4,2024,24,FP3
0 days 01:16:28.456000,27.7,60.0,1016.7,False,38.8,294,2.1,2024,24,FP3
0 days 01:17:28.474000,27.7,60.0,1016.7,False,38.6,243,2.1,2024,24,FP3
0 days 01:18:28.469000,27.7,60.0,1016.7,False,38.4,276,1.8,2024,24,FP3
0 days 01:19:28.473000,27.8,60.0,1016.7,False,38.4,276,1.8,2024,24,FP3
0 days 01:20:28.466000,27.8,59.0,1016.7,False,38.1,258,1.6,2024,24,FP3
0 days 00:00:15.097000,31.5,45.0,1014.0,False,36.5,265,0.8,2025,1,FP3
0 days 00:01:15.096000,31.6,45.0,1014.0,False,37.3,264,1.0,2025,1,FP3
0 days 00:02:15.122000,31.6,45.0,1014.0,False,38.0,245,1.2,2025,1,FP3
0 days 00:03:15.128000,31.6,46.0,1013.9,False,38.3,301,1.4,2025,1,FP3
0 days 00:04:15.128000,31.5,46.0,1013.8,False,38.8,132,0.4,2025,1,FP3
0 days 00:05:15.143000,31.4,45.0,1013.9,False,38.8,0,1.0,2025,1,FP3
0 days 00:06:15.128000,31.5,46.0,1013.9,False,39.0,0,0.9,2025,1,FP3
0 days 00:07:15.133000,31.5,46.0,1013.9,False,39.3,0,0.6,2025,1,FP3
0 days 00:08:15.149000,31.5,46.0,1013.9,False,39.2,251,0.4,2025,1,FP3
0 days 00:09:15.148000,31.5,46.0,1013.8,False,39.3,101,1.0,2025,1,FP3
0 days 00:10:15.147000,31.5,46.0,1013.8,False,39.5,0,0.3,2025,1,FP3
0 days 00:11:15.148000,31.4,46.0,1013.8,False,39.6,244,1.4,2025,1,FP3
0 days 00:12:15.148000,31.4,48.0,1013.8,False,39.5,219,1.4,2025,1,FP3
0 days 00:13:15.235000,31.3,46.0,1013.7,False,39.5,0,0.7,2025,1,FP3
0 days 00:14:15.191000,31.3,45.0,1013.6,False,41.1,223,0.8,2025,1,FP3
0 days 00:15:15.192000,31.2,45.0,1013.8,False,41.5,226,0.0,2025,1,FP3
0 days 00:16:15.208000,31.1,44.0,1013.8,False,41.3,315,0.9,2025,1,FP3
0 days 00:17:15.187000,31.1,45.0,1013.7,False,41.3,128,0.6,2025,1,FP3
0 days 00:18:15.203000,31.0,45.0,1013.7,False,42.3,105,1.4,2025,1,FP3
0 days 00:19:15.207000,30.8,47.0,1013.7,False,42.4,90,0.6,2025,1,FP3
0 days 00:20:15.210000,30.7,47.0,1013.6,False,42.5,72,0.6,2025,1,FP3
0 days 00:21:15.197000,30.6,48.0,1013.5,False,42.5,0,0.8,2025,1,FP3
0 days 00:22:15.217000,30.5,46.0,1013.5,False,42.4,122,0.4,2025,1,FP3
0 days 00:23:15.243000,30.4,49.0,1013.6,False,41.8,64,1.0,2025,1,FP3
0 days 00:24:15.238000,30.3,50.0,1013.6,False,41.5,268,0.9,2025,1,FP3
0 days 00:25:15.248000,30.1,50.0,1013.6,False,41.0,247,0.6,2025,1,FP3
0 days 00:26:15.238000,29.9,52.0,1013.6,False,41.0,104,1.4,2025,1,FP3
0 days 00:27:15.258000,29.7,52.0,1013.5,False,40.1,191,1.0,2025,1,FP3
0 days 00:28:15.255000,29.5,52.0,1013.6,False,40.1,240,0.8,2025,1,FP3
0 days 00:29:15.260000,29.4,53.0,1013.5,False,40.1,228,1.1,2025,1,FP3
0 days 00:30:15.257000,29.1,53.0,1013.5,False,39.9,333,0.7,2025,1,FP3
0 days 00:31:15.261000,28.8,53.0,1013.5,False,39.9,191,0.7,2025,1,FP3
0 days 00:32:15.272000,28.6,54.0,1013.4,False,40.7,105,0.6,2025,1,FP3
0 days 00:33:15.258000,28.5,53.0,1013.4,False,40.7,109,1.0,2025,1,FP3
0 days 00:34:15.274000,28.5,53.0,1013.4,False,41.1,185,0.6,2025,1,FP3
0 days 00:35:15.290000,28.4,53.0,1013.4,False,41.4,204,0.7,2025,1,FP3
0 days 00:36:15.291000,28.5,53.0,1013.4,False,41.2,83,0.6,2025,1,FP3
0 days 00:37:15.297000,28.6,52.0,1013.4,False,41.2,107,0.4,2025,1,FP3
0 days 00:38:15.291000,28.8,52.0,1013.4,False,42.7,110,1.3,2025,1,FP3
0 days 00:39:15.294000,28.9,53.0,1013.4,False,42.4,117,1.6,2025,1,FP3
0 days 00:40:15.297000,28.8,52.0,1013.4,False,42.4,122,0.5,2025,1,FP3
0 days 00:41:15.293000,28.8,53.0,1013.3,False,42.6,0,1.1,2025,1,FP3
0 days 00:42:15.297000,28.8,52.0,1013.4,False,42.1,154,0.5,2025,1,FP3
0 days 00:43:15.282000,28.9,51.0,1013.2,False,42.1,106,0.4,2025,1,FP3
0 days 00:44:15.282000,28.9,51.0,1013.2,False,42.1,100,1.1,2025,1,FP3
0 days 00:45:15.300000,29.0,52.0,1013.3,False,42.8,121,1.2,2025,1,FP3
0 days 00:46:15.296000,29.1,50.0,1013.3,False,42.3,97,1.0,2025,1,FP3
0 days 00:47:15.301000,29.2,52.0,1013.3,False,42.1,48,0.6,2025,1,FP3
0 days 00:48:15.284000,29.2,52.0,1013.2,False,42.1,244,0.3,2025,1,FP3
0 days 00:49:15.289000,29.1,52.0,1013.3,False,42.1,325,0.0,2025,1,FP3
0 days 00:50:15.302000,29.1,51.0,1013.2,False,41.7,272,0.5,2025,1,FP3
0 days 00:51:15.288000,29.1,50.0,1013.3,False,42.7,230,0.5,2025,1,FP3
0 days 00:52:15.303000,29.0,52.0,1013.2,False,42.0,146,0.9,2025,1,FP3
0 days 00:53:15.302000,29.0,53.0,1013.2,False,41.3,65,0.6,2025,1,FP3
0 days 00:54:15.324000,28.8,54.0,1013.2,False,41.4,0,0.6,2025,1,FP3
0 days 00:55:15.340000,28.8,52.0,1013.3,False,41.4,121,0.8,2025,1,FP3
0 days 00:56:15.348000,28.7,52.0,1013.2,False,40.9,222,1.4,2025,1,FP3
0 days 00:57:15.337000,28.6,52.0,1013.2,False,40.2,101,0.5,2025,1,FP3
0 days 00:58:15.353000,28.5,53.0,1013.1,False,39.7,263,0.5,2025,1,FP3
0 days 00:59:15.352000,28.4,53.0,1013.2,False,40.6,0,1.2,2025,1,FP3
0 days 01:00:15.372000,28.2,54.0,1013.1,False,40.6,127,0.5,2025,1,FP3
0 days 01:01:15.413000,28.2,55.0,1013.1,False,40.2,132,0.8,2025,1,FP3
0 days 01:02:15.388000,28.1,54.0,1013.0,False,39.9,131,1.1,2025,1,FP3
0 days 01:03:15.391000,27.9,55.0,1013.1,False,39.8,113,1.0,2025,1,FP3
0 days 01:04:15.416000,27.9,55.0,1013.0,False,39.9,89,0.6,2025,1,FP3
0 days 01:05:15.435000,27.8,53.0,1013.0,False,40.2,120,1.4,2025,1,FP3
0 days 01:06:15.412000,27.8,54.0,1013.0,False,40.2,112,1.1,2025,1,FP3
0 days 01:07:15.418000,27.9,53.0,1013.0,False,41.2,167,0.0,2025,1,FP3
0 days 01:08:15.434000,28.0,51.0,1012.9,False,41.4,118,0.8,2025,1,FP3
0 days 01:09:15.419000,28.1,50.0,1012.9,False,41.4,105,1.1,2025,1,FP3
0 days 01:10:15.437000,28.3,50.0,1012.9,False,41.6,0,0.3,2025,1,FP3
0 days 01:11:15.446000,28.4,49.0,1012.8,False,41.5,148,0.8,2025,1,FP3
0 days 01:12:15.439000,28.4,49.0,1012.8,False,40.8,153,0.5,2025,1,FP3
0 days 01:13:15.442000,28.4,49.0,1012.8,False,40.5,160,0.5,2025,1,FP3
0 days 01:14:15.434000,28.5,49.0,1012.7,False,40.7,0,0.5,2025,1,FP3
0 days 01:15:15.439000,28.5,50.0,1012.7,False,40.5,0,0.7,2025,1,FP3
0 days 01:16:15.448000,28.5,50.0,1012.7,False,40.4,165,0.0,2025,1,FP3
0 days 01:17:15.433000,28.6,51.0,1012.7,False,40.4,0,0.7,2025,1,FP3
0 days 00:00:57.001000,13.8,41.0,1015.4,False,36.9,137,2.6,2025,3,FP3
0 days 00:01:56.986000,13.9,41.0,1015.3,False,37.0,156,2.7,2025,3,FP3
0 days 00:02:57.002000,13.9,40.0,1015.3,False,36.9,149,4.2,2025,3,FP3
0 days 00:03:57.018000,13.9,41.0,1015.4,False,37.0,159,3.6,2025,3,FP3
0 days 00:04:57.018000,13.9,41.0,1015.3,False,37.2,159,3.8,2025,3,FP3
0 days 00:05:57.019000,13.8,41.0,1015.3,False,37.3,157,3.9,2025,3,FP3
0 days 00:06:57.035000,13.8,41.0,1015.4,False,37.3,147,4.3,2025,3,FP3
0 days 00:07:57.051000,13.9,41.0,1015.3,False,37.3,150,3.2,2025,3,FP3
0 days 00:08:57.036000,14.0,41.0,1015.3,False,37.5,152,3.7,2025,3,FP3
0 days 00:09:57.058000,13.9,40.0,1015.2,False,37.6,175,4.4,2025,3,FP3
0 days 00:10:57.061000,13.9,40.0,1015.3,False,37.6,224,4.3,2025,3,FP3
0 days 00:11:57.062000,13.9,40.0,1015.4,False,37.8,155,2.9,2025,3,FP3
0 days 00:12:57.062000,13.9,40.0,1015.3,False,37.9,164,3.1,2025,3,FP3
0 days 00:13:57.079000,14.0,40.0,1015.3,False,38.0,150,3.3,2025,3,FP3
0 days 00:14:57.098000,14.1,39.0,1015.2,False,38.2,147,3.8,2025,3,FP3
0 days 00:15:57.102000,14.0,39.0,1015.2,False,38.0,149,3.0,2025,3,FP3
0 days 00:16:57.106000,14.1,39.0,1015.2,False,37.8,154,3.6,2025,3,FP3
0 days 00:17:57.106000,14.1,39.0,1015.3,False,38.0,153,3.1,2025,3,FP3
0 days 00:18:57.135000,14.1,40.0,1015.3,False,38.0,147,3.1,2025,3,FP3
0 days 00:19:57.120000,14.0,39.0,1015.4,False,38.0,146,2.4,2025,3,FP3
0 days 00:20:57.136000,14.2,39.0,1015.2,False,38.0,134,2.7,2025,3,FP3
0 days 00:21:57.136000,14.2,39.0,1015.2,False,38.1,149,3.7,2025,3,FP3
0 days 00:22:57.137000,14.5,40.0,1015.3,False,38.2,144,2.9,2025,3,FP3
0 days 00:23:57.137000,14.4,40.0,1015.2,False,38.4,148,3.0,2025,3,FP3
0 days 00:24:57.140000,14.4,39.0,1015.1,False,38.5,154,3.0,2025,3,FP3
0 days 00:25:57.156000,14.5,39.0,1015.1,False,38.8,153,2.1,2025,3,FP3
0 days 00:26:57.141000,14.4,38.0,1015.1,False,38.9,162,3.4,2025,3,FP3
0 days 00:27:57.141000,14.4,37.0,1015.1,False,39.1,177,3.8,2025,3,FP3
0 days 00:28:57.151000,14.1,37.0,1015.1,False,39.0,157,3.8,2025,3,FP3
0 days 00:29:57.148000,14.0,38.0,1015.1,False,39.2,149,3.7,2025,3,FP3
0 days 00:30:57.142000,13.9,38.0,1015.0,False,39.2,156,4.0,2025,3,FP3
0 days 00:31:57.158000,14.1,39.0,1015.1,False,39.1,160,3.5,2025,3,FP3
0 days 00:32:57.159000,14.3,38.0,1015.1,False,39.2,155,4.1,2025,3,FP3
0 days 00:33:57.163000,14.3,39.0,1015.1,False,39.2,174,4.4,2025,3,FP3
0 days 00:34:57.179000,14.3,38.0,1015.1,False,39.2,147,3.6,2025,3,FP3
0 days 00:35:57.198000,14.1,39.0,1015.1,False,39.2,155,2.9,2025,3,FP3
0 days 00:36:57.229000,14.2,38.0,1015.0,False,39.3,153,2.6,2025,3,FP3
0 days 00:37:57.248000,14.4,37.0,1015.0,False,39.2,139,3.9,2025,3,FP3
0 days 00:38:57.240000,14.4,38.0,1015.0,False,39.0,168,3.5,2025,3,FP3
0 days 00:39:57.256000,14.5,38.0,1015.1,False,38.9,136,3.0,2025,3,FP3
0 days 00:40:57.241000,14.5,38.0,1015.0,False,38.8,141,4.0,2025,3,FP3
0 days 00:41:57.238000,14.6,39.0,1015.0,False,38.8,158,2.8,2025,3,FP3
0 days 00:42:57.254000,14.4,37.0,1014.9,False,38.8,166,3.7,2025,3,FP3
0 days 00:43:57.255000,14.4,38.0,1014.9,False,38.9,158,3.2,2025,3,FP3
0 days 00:44:57.255000,14.3,38.0,1014.9,False,38.7,166,4.2,2025,3,FP3
0 days 00:45:57.259000,14.2,37.0,1015.0,False,38.7,152,4.0,2025,3,FP3
0 days 00:46:57.275000,14.1,39.0,1015.0,False,38.7,152,3.9,2025,3,FP3
0 days 00:47:57.276000,14.1,39.0,1014.9,False,38.5,164,3.4,2025,3,FP3
0 days 00:48:57.292000,14.1,39.0,1014.9,False,38.7,148,2.7,2025,3,FP3
0 days 00:49:57.292000,14.2,38.0,1014.9,False,38.7,156,3.3,2025,3,FP3
0 days 00:50:57.293000,14.4,38.0,1015.0,False,39.0,154,2.9,2025,3,FP3
0 days 00:51:57.278000,14.6,38.0,1014.8,False,39.0,163,4.0,2025,3,FP3
0 days 00:52:57.294000,14.6,37.0,1015.0,False,39.0,148,4.4,2025,3,FP3
0 days 00:53:57.294000,14.4,39.0,1014.9,False,39.0,156,3.4,2025,3,FP3
0 days 00:54:57.279000,14.0,39.0,1014.9,False,39.0,155,4.5,2025,3,FP3
0 days 00:55:57.295000,14.1,39.0,1015.0,False,38.9,170,4.8,2025,3,FP3
0 days 00:56:57.296000,14.0,40.0,1014.9,False,38.9,185,3.3,2025,3,FP3
0 days 00:57:57.296000,14.0,39.0,1015.0,False,38.9,109,1.7,2025,3,FP3
0 days 00:58:57.296000,14.1,38.0,1014.9,False,39.0,152,2.7,2025,3,FP3
0 days 00:59:57.281000,14.2,36.0,1014.9,False,39.2,167,3.6,2025,3,FP3
0 days 01:00:57.298000,14.3,36.0,1014.8,False,38.7,137,2.2,2025,3,FP3
0 days 01:01:57.298000,14.3,37.0,1014.8,False,38.7,169,1.3,2025,3,FP3
0 days 01:02:57.314000,14.2,36.0,1014.9,False,38.9,0,1.2,2025,3,FP3
0 days 01:03:57.315000,14.2,35.0,1014.9,False,39.0,16,1.3,2025,3,FP3
0 days 01:04:57.347000,14.5,34.0,1014.9,False,39.1,155,1.2,2025,3,FP3
0 days 01:05:57.347000,14.5,33.0,1014.9,False,39.1,158,1.7,2025,3,FP3
0 days 01:06:57.348000,14.6,33.0,1014.8,False,39.0,151,2.1,2025,3,FP3
0 days 01:07:57.364000,14.6,34.0,1014.8,False,39.0,153,3.6,2025,3,FP3
0 days 01:08:57.367000,14.6,34.0,1014.8,False,38.9,149,4.0,2025,3,FP3
0 days 01:09:57.390000,14.6,34.0,1014.8,False,38.8,164,4.0,2025,3,FP3
0 days 01:10:57.393000,14.6,36.0,1014.7,False,39.0,156,4.4,2025,3,FP3
0 days 01:11:57.394000,14.6,36.0,1014.9,False,39.1,154,4.0,2025,3,FP3
0 days 01:12:57.400000,14.5,36.0,1014.8,False,39.2,149,4.1,2025,3,FP3
0 days 01:13:57.392000,14.6,36.0,1014.9,False,39.2,158,4.3,2025,3,FP3
0 days 01:14:57.407000,14.6,36.0,1014.9,False,39.2,139,2.8,2025,3,FP3
0 days 00:00:39.350000,34.3,41.0,1001.5,False,47.1,26,1.8,2025,4,FP3
0 days 00:01:39.355000,34.2,40.0,1001.6,False,47.3,17,2.4,2025,4,FP3
0 days 00:02:39.362000,34.1,39.0,1001.7,False,47.1,20,2.4,2025,4,FP3
0 days 00:03:39.364000,34.1,38.0,1001.6,False,46.5,14,2.4,2025,4,FP3
0 days 00:04:39.374000,34.0,38.0,1001.7,False,46.0,37,2.8,2025,4,FP3
0 days 00:05:39.373000,34.0,39.0,1001.7,False,45.9,9,2.5,2025,4,FP3
0 days 00:06:39.409000,34.0,38.0,1001.7,False,45.9,15,3.8,2025,4,FP3
0 days 00:07:39.423000,33.9,41.0,1001.7,False,46.0,19,4.6,2025,4,FP3
0 days 00:08:39.422000,33.5,43.0,1001.7,False,44.6,12,3.6,2025,4,FP3
0 days 00:09:39.408000,33.2,44.0,1001.8,False,43.9,24,4.1,2025,4,FP3
0 days 00:10:39.411000,33.1,45.0,1001.8,False,43.8,18,2.9,2025,4,FP3
0 days 00:11:39.442000,32.9,46.0,1001.8,False,43.8,19,3.4,2025,4,FP3
0 days 00:12:39.427000,32.8,45.0,1001.8,False,43.5,13,3.7,2025,4,FP3
0 days 00:13:39.442000,32.5,45.0,1001.8,False,43.4,29,3.8,2025,4,FP3
0 days 00:14:39.444000,32.4,46.0,1001.8,False,43.4,15,3.6,2025,4,FP3
0 days 00:15:39.459000,32.5,48.0,1001.7,False,43.4,17,3.3,2025,4,FP3
0 days 00:16:39.476000,32.3,47.0,1001.8,False,43.4,31,3.1,2025,4,FP3
0 days 00:17:39.487000,32.2,47.0,1001.9,False,43.4,23,2.6,2025,4,FP3
0 days 00:18:39.492000,32.1,48.0,1001.9,False,43.4,37,2.8,2025,4,FP3
0 days 00:19:39.546000,31.9,49.0,1001.8,False,43.2,19,3.1,2025,4,FP3
0 days 00:20:40.087000,31.9,49.0,1001.9,False,43.0,19,2.2,2025,4,FP3
0 days 00:21:39.518000,31.9,47.0,1001.9,False,43.5,23,2.1,2025,4,FP3
0 days 00:22:39.509000,31.7,48.0,1001.9,False,43.4,19,3.6,2025,4,FP3
0 days 00:23:39.517000,31.5,48.0,1001.8,False,42.9,14,3.7,2025,4,FP3
0 days 00:24:39.495000,31.4,49.0,1001.9,False,42.7,32,3.6,2025,4,FP3
0 days 00:25:39.512000,31.3,49.0,1001.9,False,42.6,30,3.0,2025,4,FP3
0 days 00:26:39.513000,31.3,49.0,1001.8,False,42.8,14,2.4,2025,4,FP3
0 days 00:27:39.505000,31.2,48.0,1001.8,False,42.9,12,2.8,2025,4,FP3
0 days 00:28:39.532000,31.2,47.0,1001.9,False,42.9,12,2.9,2025,4,FP3
0 days 00:29:40.107000,31.2,47.0,1001.9,False,43.0,12,2.9,2025,4,FP3
0 days 00:30:39.546000,31.2,47.0,1001.9,False,42.7,29,3.6,2025,4,FP3
0 days 00:31:39.546000,31.2,47.0,1001.8,False,42.6,22,2.8,2025,4,FP3
0 days 00:32:39.567000,31.1,47.0,1001.7,False,42.2,37,2.9,2025,4,FP3
0 days 00:33:39.587000,31.0,48.0,1001.8,False,42.6,13,2.7,2025,4,FP3
0 days 00:34:39.601000,31.0,48.0,1001.8,False,42.5,14,2.4,2025,4,FP3
0 days 00:35:39.629000,31.0,47.0,1001.9,False,42.6,20,2.1,2025,4,FP3
0 days 00:36:39.634000,30.9,47.0,1001.8,False,42.0,14,3.3,2025,4,FP3
0 days 00:37:39.661000,30.8,48.0,1001.6,False,42.1,13,3.6,2025,4,FP3
0 days 00:38:39.665000,30.8,48.0,1001.8,False,41.9,18,2.9,2025,4,FP3
0 days 00:39:39.678000,30.8,48.0,1001.7,False,41.8,21,3.0,2025,4,FP3
0 days 00:40:40.253000,30.8,48.0,1001.7,False,42.2,16,2.8,2025,4,FP3
0 days 00:41:39.694000,30.8,48.0,1001.8,False,42.2,15,3.5,2025,4,FP3
0 days 00:42:39.700000,30.7,48.0,1001.8,False,42.2,15,3.5,2025,4,FP3
0 days 00:43:39.697000,30.6,48.0,1001.8,False,42.2,15,3.5,2025,4,FP3
0 days 00:44:39.699000,30.6,49.0,1001.8,False,41.8,16,2.5,2025,4,FP3
0 days 00:45:39.712000,30.6,48.0,1001.6,False,41.6,31,2.9,2025,4,FP3
0 days 00:46:39.735000,30.6,48.0,1001.8,False,41.4,19,3.4,2025,4,FP3
0 days 00:47:39.747000,30.5,49.0,1001.7,False,41.4,24,3.3,2025,4,FP3
0 days 00:48:39.752000,30.5,49.0,1001.7,False,41.4,26,3.6,2025,4,FP3
0 days 00:49:39.748000,30.6,49.0,1001.8,False,41.1,17,3.0,2025,4,FP3
0 days 00:50:39.751000,30.5,49.0,1001.7,False,41.1,32,3.6,2025,4,FP3
0 days 00:51:39.773000,30.3,49.0,1001.7,False,41.1,14,3.0,2025,4,FP3
0 days 00:52:40.433000,30.3,49.0,1001.8,False,41.3,22,3.2,2025,4,FP3
0 days 00:53:39.834000,30.3,49.0,1001.7,False,40.8,17,3.0,2025,4,FP3
0 days 00:54:39.828000,30.2,49.0,1001.7,False,40.8,38,4.0,2025,4,FP3
0 days 00:55:39.860000,30.1,49.0,1001.8,False,40.6,4,2.9,2025,4,FP3
0 days 00:56:39.838000,30.1,48.0,1001.7,False,40.6,20,3.4,2025,4,FP3
0 days 00:57:39.883000,30.1,48.0,1001.8,False,40.6,31,2.9,2025,4,FP3
0 days 00:58:39.882000,30.2,48.0,1001.7,False,40.7,31,2.8,2025,4,FP3
0 days 00:59:39.880000,30.0,48.0,1001.7,False,40.8,15,3.7,2025,4,FP3
0 days 01:00:39.901000,30.0,48.0,1001.7,False,40.8,12,3.0,2025,4,FP3
0 days 01:01:39.915000,29.9,48.0,1001.9,False,40.5,8,3.2,2025,4,FP3
0 days 01:02:39.909000,29.9,47.0,1001.7,False,40.4,14,3.3,2025,4,FP3
0 days 01:03:40.559000,29.9,47.0,1001.7,False,40.9,29,2.5,2025,4,FP3
0 days 01:04:39.918000,29.9,47.0,1001.8,False,40.7,13,2.9,2025,4,FP3
0 days 01:05:39.918000,30.0,47.0,1001.7,False,40.6,19,3.0,2025,4,FP3
0 days 01:06:39.920000,29.9,47.0,1001.8,False,40.4,11,3.1,2025,4,FP3
0 days 01:07:39.920000,29.9,47.0,1001.8,False,40.3,25,3.3,2025,4,FP3
0 days 01:08:39.905000,29.9,47.0,1001.8,False,40.4,12,2.7,2025,4,FP3
0 days 01:09:39.906000,29.9,47.0,1001.7,False,40.4,16,2.5,2025,4,FP3
0 days 01:10:39.906000,30.0,46.0,1001.8,False,40.4,10,2.8,2025,4,FP3
0 days 01:11:39.915000,29.9,47.0,1001.7,False,40.0,21,2.8,2025,4,FP3
0 days 01:12:39.912000,29.9,47.0,1001.8,False,39.5,15,3.1,2025,4,FP3
0 days 01:13:39.925000,29.8,47.0,1001.7,False,39.4,24,2.9,2025,4,FP3
0 days 01:14:39.917000,29.9,47.0,1001.8,False,39.8,24,3.7,2025,4,FP3
0 days 01:15:39.928000,29.9,47.0,1001.7,False,39.7,15,3.1,2025,4,FP3
0 days 01:16:39.925000,29.9,46.0,1001.8,False,39.8,31,2.7,2025,4,FP3
0 days 01:17:39.927000,29.9,46.0,1001.9,False,39.7,21,3.0,2025,4,FP3
0 days 01:18:39.927000,29.9,46.0,1001.8,False,39.4,19,3.4,2025,4,FP3
0 days 01:19:39.978000,29.8,47.0,1001.7,False,39.3,11,3.4,2025,4,FP3
0 days 00:00:54.569000,29.1,67.0,1005.7,False,52.7,280,2.1,2025,5,FP3
0 days 00:01:54.573000,29.1,67.0,1005.8,False,52.7,306,2.0,2025,5,FP3
0 days 00:02:54.580000,29.2,66.0,1005.7,False,53.1,243,1.7,2025,5,FP3
0 days 00:03:54.605000,29.3,66.0,1005.7,False,53.1,231,1.7,2025,5,FP3
0 days 00:04:54.599000,29.3,66.0,1005.6,False,53.4,269,0.9,2025,5,FP3
0 days 00:05:54.612000,29.3,66.0,1005.7,False,53.4,303,1.8,2025,5,FP3
0 days 00:06:54.650000,29.3,66.0,1005.7,False,52.9,275,2.0,2025,5,FP3
0 days 00:07:54.633000,29.2,66.0,1005.7,False,52.5,272,1.5,2025,5,FP3
0 days 00:08:54.642000,29.2,67.0,1005.7,False,52.5,294,2.3,2025,5,FP3
0 days 00:09:54.631000,29.2,67.0,1005.8,False,52.4,286,2.4,2025,5,FP3
0 days 00:10:54.645000,29.1,68.0,1005.7,False,52.0,281,2.2,2025,5,FP3
0 days 00:11:54.651000,29.1,67.0,1005.7,False,51.3,281,2.6,2025,5,FP3
0 days 00:12:54.637000,29.1,66.0,1005.7,False,51.3,287,2.8,2025,5,FP3
0 days 00:13:54.652000,29.0,66.0,1005.8,False,52.2,262,2.8,2025,5,FP3
0 days 00:14:54.644000,29.0,65.0,1005.8,False,52.2,261,2.2,2025,5,FP3
0 days 00:15:54.641000,29.1,63.0,1005.6,False,52.1,274,1.8,2025,5,FP3
0 days 00:16:54.653000,29.1,63.0,1005.7,False,51.6,248,1.8,2025,5,FP3
0 days 00:17:54.653000,29.2,63.0,1005.7,False,51.2,300,2.1,2025,5,FP3
0 days 00:18:54.652000,29.1,63.0,1005.7,False,51.4,286,1.7,2025,5,FP3
0 days 00:19:54.642000,29.1,63.0,1005.6,False,50.9,293,2.8,2025,5,FP3
0 days 00:20:54.659000,29.1,63.0,1005.7,False,50.6,282,2.5,2025,5,FP3
0 days 00:21:54.642000,29.1,63.0,1005.7,False,50.6,279,2.6,2025,5,FP3
0 days 00:22:54.662000,29.1,63.0,1005.7,False,50.6,286,2.6,2025,5,FP3
0 days 00:23:54.652000,29.0,63.0,1005.6,False,50.6,260,2.5,2025,5,FP3
0 days 00:24:54.646000,29.0,63.0,1005.7,False,50.6,279,2.0,2025,5,FP3
0 days 00:25:54.641000,29.0,64.0,1005.7,False,50.4,273,3.1,2025,5,FP3
0 days 00:26:54.647000,29.0,65.0,1005.6,False,50.4,295,2.4,2025,5,FP3
0 days 00:27:54.665000,28.9,65.0,1005.6,False,49.6,281,2.2,2025,5,FP3
0 days 00:28:54.647000,28.9,65.0,1005.7,False,49.6,283,1.9,2025,5,FP3
0 days 00:29:54.654000,29.0,65.0,1005.7,False,49.9,267,2.6,2025,5,FP3
0 days 00:30:54.664000,29.0,66.0,1005.7,False,50.2,288,1.8,2025,5,FP3
0 days 00:31:54.654000,29.1,64.0,1005.6,False,50.6,272,1.8,2025,5,FP3
0 days 00:32:54.651000,29.2,62.0,1005.7,False,50.2,286,2.0,2025,5,FP3
0 days 00:33:54.661000,29.1,62.0,1005.6,False,49.1,279,2.5,2025,5,FP3
0 days 00:34:54.652000,29.2,62.0,1005.6,False,48.9,298,2.3,2025,5,FP3
0 days 00:35:54.668000,29.3,60.0,1005.6,False,49.7,301,1.9,2025,5,FP3
0 days 00:36:54.656000,29.4,60.0,1005.6,False,50.1,298,1.0,2025,5,FP3
0 days 00:37:54.662000,29.5,57.0,1005.6,False,49.3,278,2.0,2025,5,FP3
0 days 00:38:54.641000,29.5,56.0,1005.7,False,49.3,283,1.6,2025,5,FP3
0 days 00:39:54.670000,29.5,55.0,1005.6,False,49.2,282,2.3,2025,5,FP3
0 days 00:40:54.657000,29.4,55.0,1005.6,False,48.8,313,2.0,2025,5,FP3
0 days 00:41:54.661000,29.3,56.0,1005.7,False,48.4,281,1.6,2025,5,FP3
0 days 00:42:54.703000,29.4,56.0,1005.6,False,48.2,283,2.2,2025,5,FP3
0 days 00:43:54.659000,29.4,56.0,1005.5,False,48.0,281,1.7,2025,5,FP3
0 days 00:44:54.672000,29.4,57.0,1005.6,False,48.0,272,1.9,2025,5,FP3
0 days 00:45:54.674000,29.4,57.0,1005.6,False,48.0,276,2.4,2025,5,FP3
0 days 00:46:54.670000,29.4,58.0,1005.6,False,47.8,299,1.8,2025,5,FP3
0 days 00:47:54.661000,29.4,57.0,1005.6,False,47.5,281,1.7,2025,5,FP3
0 days 00:48:54.673000,29.4,56.0,1005.7,False,47.7,301,2.0,2025,5,FP3
0 days 00:49:54.678000,29.4,57.0,1005.6,False,47.5,281,1.4,2025,5,FP3
0 days 00:50:54.668000,29.4,57.0,1005.7,False,47.2,284,2.2,2025,5,FP3
0 days 00:51:54.665000,29.4,57.0,1005.7,False,47.9,275,1.9,2025,5,FP3
0 days 00:52:54.662000,29.3,58.0,1005.6,False,47.6,323,2.2,2025,5,FP3
0 days 00:53:54.682000,29.3,58.0,1005.6,False,46.9,268,1.8,2025,5,FP3
0 days 00:54:54.683000,29.2,59.0,1005.6,False,47.0,284,1.8,2025,5,FP3
0 days 00:55:54.679000,29.3,59.0,1005.6,False,46.9,334,1.0,2025,5,FP3
0 days 00:56:54.685000,29.4,58.0,1005.6,False,46.9,263,1.3,2025,5,FP3
0 days 00:57:54.670000,29.4,59.0,1005.6,False,46.6,306,2.0,2025,5,FP3
0 days 00:58:54.678000,29.4,59.0,1005.6,False,46.1,261,1.6,2025,5,FP3
0 days 00:59:54.681000,29.4,60.0,1005.6,False,46.8,265,2.3,2025,5,FP3
0 days 01:00:54.706000,29.5,60.0,1005.8,False,46.8,333,1.7,2025,5,FP3
0 days 01:01:54.679000,29.4,60.0,1005.7,False,46.6,266,1.4,2025,5,FP3
0 days 01:02:54.691000,29.3,61.0,1005.7,False,46.3,296,2.0,2025,5,FP3
0 days 01:03:54.685000,29.2,62.0,1005.6,False,46.3,291,2.0,2025,5,FP3
0 days 01:04:54.682000,29.2,63.0,1005.6,False,46.2,256,1.4,2025,5,FP3
0 days 01:05:54.681000,29.2,63.0,1005.7,False,46.2,31,0.9,2025,5,FP3
0 days 01:06:54.683000,29.3,62.0,1005.6,False,45.7,298,1.0,2025,5,FP3
0 days 01:07:54.686000,29.3,62.0,1005.6,False,45.5,284,1.4,2025,5,FP3
0 days 01:08:54.690000,29.2,63.0,1005.6,False,45.5,321,1.7,2025,5,FP3
0 days 01:09:54.691000,29.3,63.0,1005.5,False,45.0,281,1.4,2025,5,FP3
0 days 01:10:54.687000,29.3,62.0,1005.5,False,45.0,261,1.5,2025,5,FP3
0 days 01:11:54.695000,29.4,59.0,1005.6,False,45.2,257,1.6,2025,5,FP3
0 days 01:12:54.679000,29.4,59.0,1005.6,False,45.2,278,2.1,2025,5,FP3
0 days 01:13:54.685000,29.5,59.0,1005.6,False,45.2,294,2.4,2025,5,FP3
0 days 01:14:54.695000,29.5,59.0,1005.6,False,45.2,286,1.1,2025,5,FP3
0 days 01:15:54.721000,29.6,59.0,1005.6,False,45.3,268,1.2,2025,5,FP3
0 days 01:16:54.693000,29.6,58.0,1005.5,False,45.3,344,1.4,2025,5,FP3
0 days 01:17:54.696000,29.5,57.0,1005.5,False,45.1,2,1.8,2025,5,FP3
0 days 01:18:54.699000,29.5,56.0,1005.5,False,44.8,283,1.2,2025,5,FP3
0 days 01:19:54.688000,29.5,56.0,1005.6,False,44.7,294,1.2,2025,5,FP3
0 days 01:20:54.695000,29.6,55.0,1005.6,False,44.7,281,1.1,2025,5,FP3
0 days 00:00:48.917000,22.0,27.0,1009.3,False,45.7,0,1.4,2025,7,FP3
0 days 00:01:48.917000,21.9,26.0,1009.3,False,45.9,229,0.7,2025,7,FP3
0 days 00:02:48.924000,21.9,26.0,1009.3,False,45.9,184,0.6,2025,7,FP3
0 days 00:03:48.928000,21.9,26.0,1009.3,False,45.9,259,1.2,2025,7,FP3
0 days 00:04:48.931000,21.9,27.0,1009.2,False,45.7,345,0.8,2025,7,FP3
0 days 00:05:48.931000,21.9,27.0,1009.2,False,45.7,169,0.7,2025,7,FP3
0 days 00:06:48.932000,22.0,28.0,1009.2,False,45.8,115,1.0,2025,7,FP3
0 days 00:07:48.932000,21.9,28.0,1009.3,False,45.8,138,1.1,2025,7,FP3
0 days 00:08:48.935000,21.9,29.0,1009.3,False,46.0,161,1.4,2025,7,FP3
0 days 00:09:48.926000,22.0,29.0,1009.3,False,46.0,158,1.6,2025,7,FP3
0 days 00:10:48.942000,21.8,29.0,1009.3,False,46.1,149,1.0,2025,7,FP3
0 days 00:11:48.924000,21.7,30.0,1009.2,False,45.9,149,0.9,2025,7,FP3
0 days 00:12:48.930000,21.7,32.0,1009.3,False,45.9,136,1.0,2025,7,FP3
0 days 00:13:48.946000,21.6,33.0,1009.1,False,45.8,136,1.9,2025,7,FP3
0 days 00:14:48.931000,21.6,34.0,1009.2,False,45.8,153,2.2,2025,7,FP3
0 days 00:15:48.942000,21.5,33.0,1009.2,False,46.1,148,1.1,2025,7,FP3
0 days 00:16:48.934000,21.6,33.0,1009.2,False,46.0,156,1.5,2025,7,FP3
0 days 00:17:48.951000,21.7,33.0,1009.1,False,46.1,135,1.4,2025,7,FP3
0 days 00:18:48.979000,21.8,33.0,1009.2,False,46.5,107,1.5,2025,7,FP3
0 days 00:19:48.933000,21.7,32.0,1009.2,False,46.5,162,0.8,2025,7,FP3
0 days 00:20:48.933000,21.6,33.0,1009.1,False,46.0,132,1.6,2025,7,FP3
0 days 00:21:48.933000,21.5,33.0,1009.1,False,46.0,146,2.6,2025,7,FP3
0 days 00:22:48.935000,21.6,33.0,1009.1,False,44.5,119,2.0,2025,7,FP3
0 days 00:23:48.946000,21.6,32.0,1009.2,False,43.0,154,1.7,2025,7,FP3
0 days 00:24:48.947000,21.6,33.0,1009.1,False,41.7,140,1.4,2025,7,FP3
0 days 00:25:48.931000,21.5,33.0,1009.1,False,43.3,154,1.2,2025,7,FP3
0 days 00:26:48.947000,21.5,33.0,1009.1,False,44.2,131,2.1,2025,7,FP3
0 days 00:27:48.948000,21.5,32.0,1009.2,False,44.4,147,2.0,2025,7,FP3
0 days 00:28:48.948000,21.5,33.0,1008.9,False,44.3,139,2.4,2025,7,FP3
0 days 00:29:48.963000,21.6,31.0,1009.1,False,44.3,137,1.2,2025,7,FP3
0 days 00:30:48.953000,21.8,32.0,1009.1,False,44.3,138,2.1,2025,7,FP3
0 days 00:31:48.938000,21.8,31.0,1009.2,False,44.9,137,2.2,2025,7,FP3
0 days 00:32:48.987000,21.8,31.0,1009.1,False,43.4,134,2.2,2025,7,FP3
0 days 00:33:48.953000,21.9,30.0,1009.1,False,41.8,134,1.3,2025,7,FP3
0 days 00:34:48.944000,21.9,30.0,1009.1,False,41.8,134,1.3,2025,7,FP3
0 days 00:35:48.954000,21.9,32.0,1009.1,False,39.6,132,1.2,2025,7,FP3
0 days 00:36:48.951000,21.9,32.0,1009.1,False,39.6,119,2.0,2025,7,FP3
0 days 00:37:48.935000,21.9,31.0,1009.0,False,39.7,148,2.1,2025,7,FP3
0 days 00:38:48.951000,21.9,31.0,1009.1,False,40.4,154,1.7,2025,7,FP3
0 days 00:39:48.952000,22.0,31.0,1009.1,False,41.5,134,1.1,2025,7,FP3
0 days 00:40:48.946000,22.1,30.0,1009.1,False,41.9,217,1.1,2025,7,FP3
0 days 00:41:48.946000,22.2,30.0,1008.9,False,42.3,127,1.0,2025,7,FP3
0 days 00:42:48.946000,22.4,30.0,1009.0,False,42.9,167,2.0,2025,7,FP3
0 days 00:43:48.944000,22.4,30.0,1009.0,False,43.5,124,2.8,2025,7,FP3
0 days 00:44:48.944000,22.4,30.0,1009.0,False,43.7,139,1.9,2025,7,FP3
0 days 00:45:48.945000,22.5,30.0,1008.9,False,44.0,127,2.7,2025,7,FP3
0 days 00:46:48.945000,22.4,30.0,1009.0,False,43.7,119,2.1,2025,7,FP3
0 days 00:47:48.958000,22.4,29.0,1009.1,False,42.8,139,1.9,2025,7,FP3
0 days 00:48:48.962000,22.3,31.0,1009.0,False,41.5,166,2.6,2025,7,FP3
0 days 00:49:48.947000,22.2,31.0,1009.0,False,41.8,103,2.4,2025,7,FP3
0 days 00:50:48.963000,22.0,31.0,1009.0,False,41.8,126,1.7,2025,7,FP3
0 days 00:51:48.947000,22.0,31.0,1009.0,False,40.5,147,1.7,2025,7,FP3
0 days 00:52:48.966000,22.0,31.0,1009.0,False,39.4,128,1.4,2025,7,FP3
0 days 00:53:48.950000,22.0,30.0,1009.0,False,39.2,128,1.6,2025,7,FP3
0 days 00:54:48.972000,22.0,30.0,1009.0,False,39.5,184,1.6,2025,7,FP3
0 days 00:55:48.961000,22.0,30.0,1009.0,False,39.5,156,1.6,2025,7,FP3
0 days 00:56:48.951000,22.2,30.0,1008.9,False,40.2,130,1.6,2025,7,FP3
0 days 00:57:48.967000,22.3,30.0,1009.0,False,40.2,142,1.7,2025,7,FP3
0 days 00:58:48.959000,22.4,30.0,1008.9,False,38.6,148,1.6,2025,7,FP3
0 days 00:59:48.952000,22.2,30.0,1009.0,False,38.1,134,2.4,2025,7,FP3
0 days 01:00:48.968000,22.2,30.0,1009.1,False,37.7,126,1.8,2025,7,FP3
0 days 01:01:48.953000,22.1,30.0,1009.0,False,37.0,161,0.9,2025,7,FP3
0 days 01:02:48.960000,22.1,31.0,1009.0,False,36.5,146,0.9,2025,7,FP3
0 days 01:03:48.964000,22.1,31.0,1008.9,False,36.5,148,1.3,2025,7,FP3
0 days 01:04:48.965000,22.1,30.0,1008.9,False,36.5,144,1.2,2025,7,FP3
0 days 01:05:48.965000,22.1,30.0,1009.0,False,38.0,126,2.1,2025,7,FP3
0 days 01:06:48.970000,22.2,31.0,1008.9,False,38.8,144,2.7,2025,7,FP3
0 days 01:07:48.971000,22.4,30.0,1008.9,False,38.8,134,2.2,2025,7,FP3
0 days 01:08:48.978000,22.4,30.0,1009.0,False,38.1,143,2.3,2025,7,FP3
0 days 01:09:48.978000,22.3,30.0,1008.9,False,37.9,133,2.2,2025,7,FP3
0 days 01:10:48.994000,22.3,31.0,1008.9,False,37.8,125,2.1,2025,7,FP3
0 days 01:11:48.994000,22.2,30.0,1009.0,False,38.0,121,2.1,2025,7,FP3
0 days 01:12:49.006000,22.3,31.0,1008.9,False,38.6,134,1.7,2025,7,FP3
0 days 01:13:49.007000,22.3,31.0,1009.0,False,40.0,133,2.5,2025,7,FP3
0 days 01:14:49.023000,22.5,31.0,1008.9,False,39.9,129,2.1,2025,7,FP3
0 days 01:15:49.023000,22.5,31.0,1008.9,False,38.8,115,1.7,2025,7,FP3
0 days 01:16:49.023000,22.4,31.0,1008.9,False,38.6,180,1.2,2025,7,FP3
0 days 01:17:49.024000,22.2,31.0,1008.9,False,38.0,143,1.4,2025,7,FP3
0 days 00:01:01.673000,21.5,55.0,1015.9,False,37.9,327,1.7,2025,8,FP3
0 days 00:02:01.674000,21.4,55.0,1015.9,False,38.3,333,1.4,2025,8,FP3
0 days 00:03:01.695000,21.4,55.0,1015.9,False,38.6,337,1.6,2025,8,FP3
0 days 00:04:01.681000,21.3,54.0,1015.9,False,38.6,331,1.3,2025,8,FP3
0 days 00:05:01.691000,21.4,54.0,1015.9,False,38.4,325,1.4,2025,8,FP3
0 days 00:06:01.706000,21.4,55.0,1015.9,False,38.4,337,1.5,2025,8,FP3
0 days 00:07:01.712000,21.3,55.0,1016.0,False,38.4,330,1.9,2025,8,FP3
0 days 00:08:01.729000,21.3,56.0,1015.9,False,38.6,330,1.9,2025,8,FP3
0 days 00:09:01.730000,21.3,57.0,1015.8,False,38.5,331,1.6,2025,8,FP3
0 days 00:10:01.710000,21.3,57.0,1015.9,False,38.3,330,1.6,2025,8,FP3
0 days 00:11:01.729000,21.2,56.0,1015.9,False,39.0,320,1.6,2025,8,FP3
0 days 00:12:01.736000,21.3,56.0,1015.9,False,39.0,321,1.3,2025,8,FP3
0 days 00:13:01.736000,21.3,56.0,1015.9,False,39.0,337,2.1,2025,8,FP3
0 days 00:14:01.754000,21.3,57.0,1015.9,False,39.0,331,1.9,2025,8,FP3
0 days 00:15:01.756000,21.3,57.0,1015.9,False,39.1,333,1.7,2025,8,FP3
0 days 00:16:01.762000,21.2,57.0,1015.9,False,39.2,330,1.7,2025,8,FP3
0 days 00:17:01.794000,21.2,57.0,1015.8,False,39.7,340,1.8,2025,8,FP3
0 days 00:18:01.779000,21.1,56.0,1015.8,False,39.8,343,1.5,2025,8,FP3
0 days 00:19:01.769000,21.1,56.0,1015.8,False,39.8,307,1.3,2025,8,FP3
0 days 00:20:01.801000,21.2,56.0,1015.9,False,39.7,320,1.0,2025,8,FP3
0 days 00:21:01.807000,21.2,56.0,1015.9,False,38.9,343,1.2,2025,8,FP3
0 days 00:22:01.800000,21.1,55.0,1015.9,False,37.7,280,1.1,2025,8,FP3
0 days 00:23:01.811000,21.0,55.0,1015.8,False,37.7,317,1.0,2025,8,FP3
0 days 00:24:01.818000,20.9,55.0,1015.9,False,38.8,0,0.9,2025,8,FP3
0 days 00:25:01.827000,20.9,54.0,1015.8,False,39.1,241,0.4,2025,8,FP3
0 days 00:26:01.822000,21.0,54.0,1015.9,False,39.3,261,0.6,2025,8,FP3
0 days 00:27:01.825000,21.0,53.0,1015.8,False,40.2,211,0.6,2025,8,FP3
0 days 00:28:01.816000,21.1,51.0,1015.9,False,40.2,221,0.9,2025,8,FP3
0 days 00:29:01.810000,21.1,51.0,1015.8,False,40.2,0,0.7,2025,8,FP3
0 days 00:30:01.834000,21.2,51.0,1015.9,False,40.6,278,0.5,2025,8,FP3
0 days 00:31:01.824000,21.2,51.0,1015.9,False,40.0,195,0.8,2025,8,FP3
0 days 00:32:01.820000,21.3,51.0,1015.8,False,40.0,256,0.9,2025,8,FP3
0 days 00:33:01.833000,21.3,52.0,1015.7,False,39.8,187,0.9,2025,8,FP3
0 days 00:34:01.829000,21.3,51.0,1015.7,False,39.9,215,0.8,2025,8,FP3
0 days 00:35:01.818000,21.4,51.0,1015.7,False,39.8,201,0.9,2025,8,FP3
0 days 00:36:01.825000,21.5,51.0,1015.7,False,39.8,168,0.7,2025,8,FP3
0 days 00:37:01.821000,21.5,50.0,1015.8,False,39.8,235,0.8,2025,8,FP3
0 days 00:38:01.824000,21.5,51.0,1015.7,False,40.3,0,0.7,2025,8,FP3
0 days 00:39:01.826000,21.4,50.0,1015.6,False,40.3,181,0.7,2025,8,FP3
0 days 00:40:01.840000,21.5,50.0,1015.7,False,40.5,346,0.4,2025,8,FP3
0 days 00:41:01.825000,21.5,50.0,1015.7,False,40.5,207,0.5,2025,8,FP3
0 days 00:42:01.834000,21.5,49.0,1015.7,False,40.6,0,0.9,2025,8,FP3
0 days 00:43:01.832000,21.6,49.0,1015.7,False,40.9,210,0.8,2025,8,FP3
0 days 00:44:01.841000,21.5,49.0,1015.7,False,40.5,281,0.5,2025,8,FP3
0 days 00:45:01.822000,21.4,49.0,1015.7,False,40.6,197,0.9,2025,8,FP3
0 days 00:46:01.885000,21.4,49.0,1015.7,False,40.7,194,0.7,2025,8,FP3
0 days 00:47:01.850000,21.5,50.0,1015.6,False,40.7,228,0.9,2025,8,FP3
0 days 00:48:01.904000,21.5,51.0,1015.6,False,39.9,275,0.7,2025,8,FP3
0 days 00:49:01.888000,21.5,52.0,1015.7,False,39.9,265,0.7,2025,8,FP3
0 days 00:50:01.892000,21.4,52.0,1015.6,False,40.0,302,1.0,2025,8,FP3
0 days 00:51:01.915000,21.2,53.0,1015.7,False,40.7,326,1.3,2025,8,FP3
0 days 00:52:01.937000,21.0,52.0,1015.7,False,41.1,332,0.8,2025,8,FP3
0 days 00:53:01.950000,21.0,53.0,1015.6,False,41.0,313,0.7,2025,8,FP3
0 days 00:54:01.953000,21.1,53.0,1015.6,False,40.6,0,0.5,2025,8,FP3
0 days 00:55:01.953000,21.1,52.0,1015.7,False,41.7,176,0.5,2025,8,FP3
0 days 00:56:01.969000,21.3,51.0,1015.7,False,41.7,253,0.8,2025,8,FP3
0 days 00:57:01.963000,21.4,50.0,1015.6,False,41.8,278,0.7,2025,8,FP3
0 days 00:58:01.964000,21.5,49.0,1015.6,False,42.7,12,0.4,2025,8,FP3
0 days 00:59:02.030000,21.7,48.0,1015.5,False,42.7,259,0.8,2025,8,FP3
0 days 01:00:01.980000,21.8,49.0,1015.6,False,42.1,318,1.0,2025,8,FP3
0 days 01:01:01.965000,21.5,50.0,1015.6,False,41.3,209,0.8,2025,8,FP3
0 days 01:02:01.970000,21.5,50.0,1015.5,False,41.3,151,0.9,2025,8,FP3
0 days 01:03:01.961000,21.5,49.0,1015.6,False,42.7,194,0.8,2025,8,FP3
0 days 01:04:01.975000,21.6,48.0,1015.6,False,42.8,172,0.6,2025,8,FP3
0 days 01:05:01.971000,21.6,48.0,1015.5,False,42.8,264,0.7,2025,8,FP3
0 days 01:06:01.960000,21.8,46.0,1015.5,False,42.8,330,0.0,2025,8,FP3
0 days 01:07:01.972000,22.0,47.0,1015.6,False,42.6,289,0.6,2025,8,FP3
0 days 01:08:01.973000,22.0,47.0,1015.5,False,42.5,202,0.5,2025,8,FP3
0 days 01:09:01.973000,22.0,48.0,1015.5,False,42.3,0,0.7,2025,8,FP3
0 days 01:10:01.980000,22.0,48.0,1015.6,False,42.3,261,0.6,2025,8,FP3
0 days 01:11:01.975000,21.9,49.0,1015.6,False,42.1,312,0.8,2025,8,FP3
0 days 01:12:01.974000,21.7,49.0,1015.4,False,42.3,300,1.0,2025,8,FP3
0 days 01:13:01.972000,21.7,49.0,1015.6,False,42.8,330,1.3,2025,8,FP3
0 days 00:00:00,29.6,39.0,1006.1,False,45.6,74,1.9,2025,9,FP3
0 days 00:00:00,29.8,39.0,1006.1,False,45.9,69,0.8,2025,9,FP3
0 days 00:00:00,29.9,37.0,1006.2,False,45.6,168,0.9,2025,9,FP3
0 days 00:00:00,29.9,39.0,1006.1,False,45.6,33,1.0,2025,9,FP3
0 days 00:00:00,29.8,40.0,1006.1,False,46.4,208,1.0,2025,9,FP3
0 days 00:00:00,29.8,38.0,1006.1,False,46.4,44,0.6,2025,9,FP3
0 days 00:00:53.350000,29.8,37.0,1006.1,False,46.4,82,1.8,2025,9,FP3
0 days 00:01:53.366000,29.8,37.0,1006.2,False,46.3,65,1.5,2025,9,FP3
0 days 00:02:53.365000,29.8,37.0,1006.1,False,46.2,57,1.8,2025,9,FP3
0 days 00:03:53.385000,29.6,37.0,1006.2,False,45.9,36,2.0,2025,9,FP3
0 days 00:04:53.384000,29.7,38.0,1006.2,False,46.1,78,1.0,2025,9,FP3
0 days 00:05:53.402000,29.8,37.0,1006.2,False,46.8,22,1.4,2025,9,FP3
0 days 00:06:53.401000,30.0,36.0,1006.2,False,46.8,46,1.2,2025,9,FP3
0 days 00:07:53.402000,30.0,36.0,1006.2,False,46.6,23,1.2,2025,9,FP3
0 days 00:08:53.402000,30.1,35.0,1006.2,False,46.6,45,1.1,2025,9,FP3
0 days 00:09:53.414000,30.2,35.0,1006.1,False,47.3,14,1.8,2025,9,FP3
0 days 00:10:53.402000,30.2,35.0,1006.1,False,46.8,74,1.3,2025,9,FP3
0 days 00:11:53.412000,30.0,35.0,1006.2,False,46.8,284,0.9,2025,9,FP3
0 days 00:12:53.525000,30.0,35.0,1006.2,False,46.8,189,0.6,2025,9,FP3
0 days 00:13:53.406000,30.3,34.0,1006.1,False,47.2,55,1.0,2025,9,FP3
0 days 00:14:53.412000,30.3,34.0,1006.1,False,46.9,45,1.6,2025,9,FP3
0 days 00:15:53.409000,30.1,34.0,1006.2,False,46.8,57,1.2,2025,9,FP3
0 days 00:16:53.422000,30.0,34.0,1006.1,False,46.8,0,2.2,2025,9,FP3
0 days 00:17:53.405000,30.0,35.0,1006.1,False,46.8,0,1.0,2025,9,FP3
0 days 00:18:53.412000,30.0,35.0,1006.0,False,46.8,270,0.5,2025,9,FP3
0 days 00:19:53.417000,30.0,36.0,1006.0,False,47.0,249,0.9,2025,9,FP3
0 days 00:20:53.418000,30.0,35.0,1006.2,False,47.3,209,1.7,2025,9,FP3
0 days 00:21:53.403000,30.0,34.0,1006.0,False,47.3,230,0.8,2025,9,FP3
0 days 00:22:53.416000,30.1,34.0,1005.9,False,47.0,0,0.9,2025,9,FP3
0 days 00:23:53.411000,30.0,34.0,1006.1,False,47.1,166,0.9,2025,9,FP3
0 days 00:24:53.416000,30.0,34.0,1006.1,False,47.0,74,1.2,2025,9,FP3
0 days 00:25:53.414000,29.8,34.0,1006.0,False,47.0,207,0.9,2025,9,FP3
0 days 00:26:53.416000,29.9,35.0,1006.0,False,47.2,0,1.6,2025,9,FP3
0 days 00:27:53.414000,30.0,34.0,1006.0,False,47.2,296,0.9,2025,9,FP3
0 days 00:28:53.418000,30.1,33.0,1006.0,False,47.1,332,0.7,2025,9,FP3
0 days 00:29:53.426000,30.1,33.0,1006.0,False,47.1,7,1.7,2025,9,FP3
0 days 00:30:53.416000,30.1,33.0,1006.0,False,47.1,254,1.1,2025,9,FP3
0 days 00:31:53.424000,30.0,32.0,1005.9,False,47.0,182,2.4,2025,9,FP3
0 days 00:32:53.422000,29.9,33.0,1006.0,False,47.1,209,1.6,2025,9,FP3
0 days 00:33:53.419000,29.7,33.0,1006.0,False,46.9,227,1.6,2025,9,FP3
0 days 00:34:53.599000,29.6,33.0,1006.0,False,46.8,183,1.0,2025,9,FP3
0 days 00:35:53.418000,29.5,33.0,1006.1,False,46.9,255,1.7,2025,9,FP3
0 days 00:36:53.422000,29.6,33.0,1006.1,False,47.0,208,1.1,2025,9,FP3
0 days 00:37:53.422000,29.8,32.0,1006.0,False,47.6,257,1.0,2025,9,FP3
0 days 00:38:53.424000,30.0,33.0,1006.0,False,47.6,289,1.1,2025,9,FP3
0 days 00:39:53.432000,30.0,32.0,1006.0,False,47.7,312,1.6,2025,9,FP3
0 days 00:40:53.424000,29.9,32.0,1005.9,False,47.7,152,1.1,2025,9,FP3
0 days 00:41:53.432000,29.7,33.0,1006.0,False,47.4,199,1.6,2025,9,FP3
0 days 00:42:53.432000,29.8,32.0,1006.1,False,47.1,199,1.4,2025,9,FP3
0 days 00:00:34.007000,19.9,32.0,1020.5,False,42.7,346,1.0,2025,10,FP3
0 days 00:01:34.086000,19.8,33.0,1020.4,False,42.7,15,1.3,2025,10,FP3
0 days 00:02:34.149000,19.8,33.0,1020.5,False,42.7,351,1.1,2025,10,FP3
0 days 00:03:33.587000,19.8,34.0,1020.4,False,42.9,331,1.2,2025,10,FP3
0 days 00:04:33.603000,19.9,34.0,1020.4,False,42.9,4,1.6,2025,10,FP3
0 days 00:05:33.619000,19.9,34.0,1020.4,False,43.5,24,2.2,2025,10,FP3
0 days 00:06:33.616000,19.9,34.0,1020.2,False,43.5,9,2.6,2025,10,FP3
0 days 00:07:33.616000,19.8,35.0,1020.3,False,43.5,1,2.4,2025,10,FP3
0 days 00:08:33.633000,19.9,34.0,1020.4,False,43.3,354,2.7,2025,10,FP3
0 days 00:09:33.649000,19.9,36.0,1020.3,False,43.3,354,2.0,2025,10,FP3
0 days 00:10:33.649000,20.0,35.0,1020.3,False,43.5,353,2.1,2025,10,FP3
0 days 00:11:33.665000,20.1,34.0,1020.2,False,43.8,5,1.6,2025,10,FP3
0 days 00:12:33.666000,20.0,33.0,1020.3,False,43.9,349,1.8,2025,10,FP3
0 days 00:13:33.666000,20.1,35.0,1020.3,False,43.8,348,2.0,2025,10,FP3
0 days 00:14:33.667000,20.0,35.0,1020.2,False,43.7,286,1.3,2025,10,FP3
0 days 00:15:33.667000,20.0,35.0,1020.3,False,44.1,260,0.8,2025,10,FP3
0 days 00:16:33.667000,20.0,36.0,1020.2,False,44.6,358,1.1,2025,10,FP3
0 days 00:17:33.659000,20.0,34.0,1020.3,False,44.6,353,1.6,2025,10,FP3
0 days 00:18:33.659000,20.0,34.0,1020.2,False,44.8,282,1.6,2025,10,FP3
0 days 00:19:33.691000,20.1,34.0,1020.1,False,44.8,242,1.0,2025,10,FP3
0 days 00:20:33.689000,20.2,33.0,1020.2,False,45.4,225,1.4,2025,10,FP3
0 days 00:21:33.673000,20.3,33.0,1020.2,False,45.4,235,1.6,2025,10,FP3
0 days 00:22:33.690000,20.5,33.0,1020.2,False,45.4,199,1.3,2025,10,FP3
0 days 00:23:33.675000,20.6,33.0,1020.2,False,45.7,226,0.8,2025,10,FP3
0 days 00:24:33.675000,20.6,32.0,1020.2,False,45.8,259,1.1,2025,10,FP3
0 days 00:25:33.676000,20.5,31.0,1020.2,False,45.8,118,0.9,2025,10,FP3
0 days 00:26:33.670000,20.5,31.0,1020.1,False,45.7,258,1.1,2025,10,FP3
0 days 00:27:33.686000,20.6,31.0,1020.3,False,46.1,164,1.2,2025,10,FP3
0 days 00:28:33.686000,20.7,32.0,1020.1,False,46.1,0,1.3,2025,10,FP3
0 days 00:29:33.687000,20.7,31.0,1020.1,False,45.9,304,2.0,2025,10,FP3
0 days 00:30:33.687000,20.6,31.0,1020.2,False,45.7,352,1.4,2025,10,FP3
0 days 00:31:33.703000,20.5,32.0,1020.1,False,45.7,353,2.0,2025,10,FP3
0 days 00:32:33.719000,20.3,32.0,1020.1,False,45.6,341,2.6,2025,10,FP3
0 days 00:33:33.720000,20.1,32.0,1020.1,False,45.6,359,2.2,2025,10,FP3
0 days 00:34:33.705000,20.2,33.0,1020.1,False,45.7,351,2.2,2025,10,FP3
0 days 00:35:33.711000,20.3,33.0,1020.1,False,45.7,4,1.5,2025,10,FP3
0 days 00:36:33.725000,20.5,33.0,1020.1,False,45.8,357,2.0,2025,10,FP3
0 days 00:37:33.741000,20.5,33.0,1020.1,False,44.8,35,2.0,2025,10,FP3
0 days 00:38:33.741000,20.7,32.0,1020.0,False,44.8,38,2.2,2025,10,FP3
0 days 00:39:33.789000,20.7,32.0,1020.2,False,44.9,43,2.5,2025,10,FP3
0 days 00:40:33.792000,20.6,32.0,1020.0,False,44.9,30,2.3,2025,10,FP3
0 days 00:41:33.789000,20.6,33.0,1020.0,False,44.8,1,2.2,2025,10,FP3
0 days 00:42:33.774000,20.5,33.0,1020.1,False,44.8,33,2.1,2025,10,FP3
0 days 00:43:33.775000,20.5,34.0,1020.1,False,43.6,19,2.0,2025,10,FP3
0 days 00:44:33.791000,20.5,34.0,1019.9,False,42.2,6,2.7,2025,10,FP3
0 days 00:45:33.791000,20.4,33.0,1020.1,False,42.2,339,3.4,2025,10,FP3
0 days 00:46:33.776000,20.3,34.0,1020.1,False,42.9,8,2.1,2025,10,FP3
0 days 00:47:33.792000,20.6,34.0,1020.1,False,44.1,39,2.0,2025,10,FP3
0 days 00:48:33.808000,20.5,33.0,1020.1,False,44.5,28,2.6,2025,10,FP3
0 days 00:49:33.824000,20.5,33.0,1020.1,False,44.7,11,2.0,2025,10,FP3
0 days 00:50:33.819000,20.6,33.0,1020.0,False,44.7,37,1.8,2025,10,FP3
0 days 00:51:33.825000,20.6,33.0,1020.1,False,44.9,10,1.7,2025,10,FP3
0 days 00:52:33.826000,20.5,32.0,1020.2,False,45.0,47,1.7,2025,10,FP3
0 days 00:53:33.826000,20.5,33.0,1020.2,False,45.0,26,1.5,2025,10,FP3
0 days 00:54:33.811000,20.6,32.0,1020.1,False,45.4,37,1.7,2025,10,FP3
0 days 00:55:33.819000,20.6,33.0,1020.1,False,45.5,35,2.3,2025,10,FP3
0 days 00:56:33.819000,20.7,33.0,1020.2,False,45.6,51,2.0,2025,10,FP3
0 days 00:57:33.820000,20.7,34.0,1020.2,False,45.6,1,2.2,2025,10,FP3
0 days 00:58:33.820000,20.6,33.0,1020.2,False,45.5,21,2.3,2025,10,FP3
0 days 00:59:33.821000,20.5,32.0,1020.0,False,45.5,18,2.3,2025,10,FP3
0 days 01:00:33.821000,20.6,33.0,1020.1,False,45.6,343,2.3,2025,10,FP3
0 days 01:01:33.828000,20.7,33.0,1020.2,False,45.8,25,2.0,2025,10,FP3
0 days 01:02:33.831000,20.7,33.0,1020.0,False,45.8,332,1.8,2025,10,FP3
0 days 01:03:33.822000,20.6,31.0,1020.1,False,45.7,3,2.0,2025,10,FP3
0 days 01:04:33.823000,20.6,32.0,1020.0,False,45.7,2,2.8,2025,10,FP3
0 days 01:05:33.839000,20.6,31.0,1020.1,False,45.8,4,2.0,2025,10,FP3
0 days 01:06:33.823000,20.7,31.0,1020.0,False,45.8,14,2.5,2025,10,FP3
0 days 01:07:33.830000,20.6,32.0,1020.0,False,45.8,1,2.8,2025,10,FP3
0 days 01:08:33.831000,20.5,32.0,1020.1,False,45.7,356,2.9,2025,10,FP3
0 days 01:09:33.831000,20.5,32.0,1020.1,False,45.6,18,2.4,2025,10,FP3
0 days 01:10:33.832000,20.5,32.0,1020.0,False,45.6,19,1.8,2025,10,FP3
0 days 01:11:33.848000,20.5,33.0,1020.0,False,45.7,17,1.6,2025,10,FP3
0 days 01:12:33.842000,20.6,32.0,1020.1,False,45.9,11,1.3,2025,10,FP3
0 days 01:13:33.830000,20.6,32.0,1020.1,False,46.1,32,2.7,2025,10,FP3
0 days 01:14:33.831000,20.6,31.0,1020.1,False,46.1,32,2.1,2025,10,FP3
0 days 01:15:33.831000,20.8,31.0,1020.0,False,46.0,34,2.1,2025,10,FP3
0 days 01:16:33.847000,20.8,31.0,1020.0,False,46.0,3,2.4,2025,10,FP3
0 days 01:17:33.845000,20.9,34.0,1020.0,False,46.0,17,2.5,2025,10,FP3
0 days 01:18:33.839000,20.8,32.0,1020.0,False,46.0,18,2.3,2025,10,FP3
0 days 01:19:33.839000,20.6,31.0,1020.0,False,46.2,31,2.2,2025,10,FP3
0 days 00:00:17.306000,23.5,50.0,947.0,False,32.5,235,0.7,2025,11,FP3
0 days 00:01:17.279000,23.6,50.0,947.0,False,32.5,230,0.9,2025,11,FP3
0 days 00:02:17.301000,23.6,49.0,947.0,False,32.5,236,1.2,2025,11,FP3
0 days 00:03:17.305000,23.6,49.0,947.1,False,32.4,272,1.0,2025,11,FP3
0 days 00:04:17.321000,23.8,49.0,947.0,False,32.5,0,0.0,2025,11,FP3
0 days 00:05:17.322000,23.8,48.0,947.0,False,32.4,0,0.0,2025,11,FP3
0 days 00:06:17.297000,23.8,49.0,946.9,False,32.4,110,0.0,2025,11,FP3
0 days 00:07:17.319000,23.8,49.0,946.9,False,32.5,325,0.0,2025,11,FP3
0 days 00:08:17.308000,23.8,48.0,946.9,False,32.6,201,0.7,2025,11,FP3
0 days 00:09:17.344000,23.8,48.0,946.9,False,32.6,292,0.6,2025,11,FP3
0 days 00:10:17.323000,23.9,48.0,946.9,False,32.8,222,0.9,2025,11,FP3
0 days 00:11:17.325000,24.0,48.0,946.9,False,32.7,269,1.2,2025,11,FP3
0 days 00:12:17.326000,24.0,48.0,946.9,False,32.6,208,1.0,2025,11,FP3
0 days 00:13:17.311000,24.0,48.0,946.9,False,32.5,337,0.4,2025,11,FP3
0 days 00:14:17.325000,23.9,48.0,946.9,False,32.3,0,0.4,2025,11,FP3
0 days 00:15:17.313000,23.9,48.0,946.9,False,32.3,256,0.7,2025,11,FP3
0 days 00:16:17.314000,23.9,49.0,946.9,False,32.4,264,0.8,2025,11,FP3
0 days 00:17:17.324000,23.9,48.0,946.9,False,33.3,314,0.5,2025,11,FP3
0 days 00:18:17.326000,24.0,48.0,946.8,False,33.6,242,0.0,2025,11,FP3
0 days 00:19:17.335000,24.1,47.0,946.8,False,33.6,279,0.6,2025,11,FP3
0 days 00:20:17.334000,24.2,48.0,946.7,False,33.5,202,0.6,2025,11,FP3
0 days 00:21:17.328000,24.2,48.0,946.8,False,33.5,236,0.9,2025,11,FP3
0 days 00:22:17.332000,24.1,49.0,946.8,False,33.3,241,1.4,2025,11,FP3
0 days 00:23:17.337000,24.1,48.0,946.9,False,33.0,253,1.3,2025,11,FP3
0 days 00:24:17.350000,24.0,49.0,946.8,False,32.8,221,1.1,2025,11,FP3
0 days 00:25:17.333000,24.0,49.0,946.7,False,33.1,219,0.6,2025,11,FP3
0 days 00:26:17.338000,24.1,49.0,946.7,False,34.1,104,0.5,2025,11,FP3
0 days 00:27:17.327000,24.2,49.0,946.7,False,34.6,321,0.4,2025,11,FP3
0 days 00:28:17.335000,24.4,50.0,946.7,False,35.1,278,0.6,2025,11,FP3
0 days 00:29:17.356000,24.5,50.0,946.7,False,36.3,222,1.0,2025,11,FP3
0 days 00:30:17.328000,24.6,48.0,946.8,False,36.9,267,1.2,2025,11,FP3
0 days 00:31:17.348000,24.6,49.0,946.8,False,37.0,261,0.4,2025,11,FP3
0 days 00:32:17.334000,24.7,49.0,946.7,False,37.4,263,1.1,2025,11,FP3
0 days 00:33:17.333000,24.8,48.0,946.8,False,36.8,201,1.5,2025,11,FP3
0 days 00:34:17.335000,24.9,49.0,946.7,False,36.8,136,1.2,2025,11,FP3
0 days 00:35:17.332000,24.8,49.0,946.7,False,37.3,102,0.7,2025,11,FP3
0 days 00:36:17.338000,24.8,49.0,946.7,False,37.4,191,0.7,2025,11,FP3
0 days 00:37:17.337000,24.7,48.0,946.8,False,38.0,139,1.2,2025,11,FP3
0 days 00:38:17.336000,24.8,47.0,946.8,False,37.6,106,0.4,2025,11,FP3
0 days 00:39:17.342000,24.8,47.0,946.7,False,36.5,84,0.6,2025,11,FP3
0 days 00:40:17.349000,24.8,47.0,946.8,False,36.4,247,1.5,2025,11,FP3
0 days 00:41:17.375000,24.8,48.0,946.7,False,35.9,228,2.1,2025,11,FP3
0 days 00:42:17.349000,24.7,48.0,946.7,False,35.4,261,1.5,2025,11,FP3
0 days 00:43:17.348000,24.6,49.0,946.8,False,35.2,222,1.3,2025,11,FP3
0 days 00:44:17.340000,24.6,49.0,946.7,False,34.9,219,1.7,2025,11,FP3
0 days 00:45:17.359000,24.5,50.0,946.7,False,34.6,224,1.7,2025,11,FP3
0 days 00:46:17.352000,24.3,50.0,946.7,False,34.6,176,1.3,2025,11,FP3
0 days 00:47:17.351000,24.3,50.0,946.7,False,36.5,222,0.6,2025,11,FP3
0 days 00:48:17.352000,24.5,49.0,946.7,False,37.3,180,0.8,2025,11,FP3
0 days 00:49:17.350000,24.5,49.0,946.7,False,37.3,0,0.5,2025,11,FP3
0 days 00:50:17.347000,24.5,49.0,946.7,False,37.6,93,0.7,2025,11,FP3
0 days 00:51:17.351000,24.5,49.0,946.6,False,37.6,38,1.1,2025,11,FP3
0 days 00:52:17.352000,24.5,48.0,946.6,False,38.1,93,0.7,2025,11,FP3
0 days 00:53:17.357000,24.5,48.0,946.5,False,38.1,98,1.1,2025,11,FP3
0 days 00:54:17.348000,24.5,47.0,946.6,False,38.3,134,1.0,2025,11,FP3
0 days 00:55:17.348000,24.6,46.0,946.6,False,39.2,0,0.5,2025,11,FP3
0 days 00:56:17.396000,24.8,46.0,946.5,False,39.2,304,0.4,2025,11,FP3
0 days 00:57:17.357000,24.9,46.0,946.6,False,38.9,324,0.5,2025,11,FP3
0 days 00:58:17.346000,24.8,47.0,946.6,False,38.4,339,0.5,2025,11,FP3
0 days 00:59:17.346000,24.8,47.0,946.5,False,38.9,261,0.5,2025,11,FP3
0 days 01:00:17.351000,24.9,45.0,946.5,False,39.5,228,0.9,2025,11,FP3
0 days 01:01:17.361000,25.0,44.0,946.5,False,39.7,302,0.7,2025,11,FP3
0 days 01:02:17.355000,25.0,44.0,946.5,False,39.6,284,0.8,2025,11,FP3
0 days 01:03:17.346000,25.1,45.0,946.5,False,38.5,213,0.7,2025,11,FP3
0 days 01:04:17.356000,25.0,46.0,946.5,False,38.5,0,0.8,2025,11,FP3
0 days 01:05:17.374000,25.1,45.0,946.5,False,38.7,261,0.5,2025,11,FP3
0 days 01:06:17.370000,25.2,45.0,946.5,False,39.6,233,0.9,2025,11,FP3
0 days 01:07:17.367000,25.3,44.0,946.6,False,39.9,221,1.4,2025,11,FP3
0 days 01:08:17.358000,25.4,44.0,946.6,False,40.0,110,1.1,2025,11,FP3
0 days 01:09:17.371000,25.3,44.0,946.5,False,39.0,322,0.8,2025,11,FP3
0 days 01:10:17.369000,25.3,44.0,946.5,False,38.9,42,0.4,2025,11,FP3
0 days 01:11:17.369000,25.3,44.0,946.4,False,40.1,67,0.9,2025,11,FP3
0 days 01:12:17.370000,25.4,44.0,946.5,False,40.4,32,1.3,2025,11,FP3
0 days 01:13:17.364000,25.5,44.0,946.4,False,40.7,57,1.3,2025,11,FP3
0 days 01:14:17.366000,25.6,44.0,946.5,False,40.8,0,0.4,2025,11,FP3
0 days 01:15:17.386000,25.8,45.0,946.4,False,41.3,80,0.7,2025,11,FP3
0 days 01:16:17.362000,26.0,43.0,946.4,False,42.2,0,1.6,2025,11,FP3
0 days 01:17:17.364000,26.0,43.0,946.4,False,42.0,293,1.1,2025,11,FP3
0 days 01:18:17.362000,26.1,44.0,946.3,False,41.9,0,0.6,2025,11,FP3
0 days 00:00:51.828000,19.7,70.0,996.9,False,26.1,199,2.9,2025,12,FP3
0 days 00:01:51.837000,19.6,70.0,997.0,False,26.2,201,2.9,2025,12,FP3
0 days 00:02:51.862000,19.6,69.0,997.0,False,26.2,194,3.3,2025,12,FP3
0 days 00:03:51.871000,19.6,70.0,996.9,False,25.8,235,3.1,2025,12,FP3
0 days 00:04:51.889000,19.6,70.0,996.9,False,25.8,237,3.1,2025,12,FP3
0 days 00:05:51.902000,19.6,70.0,996.9,False,25.8,225,2.7,2025,12,FP3
0 days 00:06:51.910000,19.6,70.0,996.9,False,25.8,267,3.3,2025,12,FP3
0 days 00:07:51.930000,19.7,70.0,996.9,False,25.7,208,2.4,2025,12,FP3
0 days 00:08:51.928000,19.7,70.0,996.9,False,25.7,201,2.5,2025,12,FP3
0 days 00:09:51.952000,19.7,70.0,996.9,False,25.5,205,2.9,2025,12,FP3
0 days 00:10:51.938000,19.7,70.0,996.9,False,25.4,203,3.4,2025,12,FP3
0 days 00:11:51.928000,19.8,70.0,997.0,False,25.3,210,3.3,2025,12,FP3
0 days 00:12:51.928000,19.8,70.0,997.0,False,25.3,210,3.3,2025,12,FP3
0 days 00:13:51.937000,19.8,70.0,996.9,False,25.1,231,3.4,2025,12,FP3
0 days 00:14:51.937000,19.8,70.0,996.9,False,25.1,215,2.9,2025,12,FP3
0 days 00:15:51.930000,19.8,70.0,996.9,False,25.1,232,4.2,2025,12,FP3
0 days 00:16:51.949000,19.7,70.0,996.9,False,25.1,254,3.1,2025,12,FP3
0 days 00:17:51.938000,19.6,70.0,996.9,False,25.1,202,3.0,2025,12,FP3
0 days 00:18:51.950000,19.6,70.0,997.0,False,24.9,238,4.6,2025,12,FP3
0 days 00:19:51.939000,19.6,70.0,996.8,False,24.8,208,4.0,2025,12,FP3
0 days 00:20:51.940000,19.5,70.0,996.8,False,24.8,222,4.6,2025,12,FP3
0 days 00:21:51.947000,19.5,70.0,996.7,False,24.8,223,4.2,2025,12,FP3
0 days 00:22:51.953000,19.5,70.0,996.8,False,24.8,231,4.4,2025,12,FP3
0 days 00:23:51.950000,19.5,70.0,996.8,False,24.9,188,3.7,2025,12,FP3
0 days 00:24:51.932000,19.5,70.0,996.8,False,24.9,247,4.5,2025,12,FP3
0 days 00:25:51.942000,19.5,70.0,996.8,False,25.0,208,4.3,2025,12,FP3
0 days 00:26:51.936000,19.6,70.0,996.7,False,25.0,247,4.0,2025,12,FP3
0 days 00:27:51.949000,19.6,70.0,996.7,False,25.0,201,4.5,2025,12,FP3
0 days 00:28:51.933000,19.6,70.0,996.8,False,25.0,252,3.6,2025,12,FP3
0 days 00:29:51.937000,19.6,69.0,996.8,False,24.8,237,4.2,2025,12,FP3
0 days 00:30:51.938000,19.6,69.0,996.7,False,24.8,225,4.9,2025,12,FP3
0 days 00:31:51.945000,19.6,69.0,996.7,False,24.8,203,4.0,2025,12,FP3
0 days 00:32:51.934000,19.6,70.0,996.8,False,24.9,256,3.7,2025,12,FP3
0 days 00:33:51.940000,19.7,69.0,996.8,False,25.0,195,3.6,2025,12,FP3
0 days 00:34:51.948000,19.7,69.0,996.6,False,24.9,250,4.9,2025,12,FP3
0 days 00:35:51.952000,19.7,70.0,996.7,False,25.0,249,4.3,2025,12,FP3
0 days 00:36:51.943000,19.7,70.0,996.7,False,25.2,215,3.5,2025,12,FP3
0 days 00:37:51.948000,19.7,69.0,996.7,False,25.3,199,3.2,2025,12,FP3
0 days 00:38:51.953000,19.8,69.0,996.6,False,25.5,223,3.0,2025,12,FP3
0 days 00:39:51.936000,19.8,69.0,996.6,False,25.5,194,3.9,2025,12,FP3
0 days 00:40:51.955000,19.9,68.0,996.6,False,25.5,219,4.5,2025,12,FP3
0 days 00:41:51.957000,19.9,69.0,996.6,False,25.5,196,3.0,2025,12,FP3
0 days 00:42:51.957000,20.0,68.0,996.7,False,25.6,198,4.1,2025,12,FP3
0 days 00:43:51.954000,20.0,69.0,996.7,False,25.6,207,5.0,2025,12,FP3
0 days 00:44:51.969000,20.0,69.0,996.6,False,25.7,235,3.7,2025,12,FP3
0 days 00:45:52,20.0,69.0,996.6,False,25.6,214,3.8,2025,12,FP3
0 days 00:46:51.960000,20.0,69.0,996.5,False,25.5,199,2.4,2025,12,FP3
0 days 00:47:51.960000,20.0,69.0,996.6,False,25.5,206,3.1,2025,12,FP3
0 days 00:48:51.948000,20.1,69.0,996.8,False,25.4,206,3.9,2025,12,FP3
0 days 00:49:51.969000,20.0,70.0,996.5,False,25.4,203,3.5,2025,12,FP3
0 days 00:50:51.964000,20.0,70.0,996.6,False,25.2,197,4.5,2025,12,FP3
0 days 00:51:51.956000,20.0,70.0,996.4,False,25.0,194,4.2,2025,12,FP3
0 days 00:52:51.964000,19.9,70.0,996.6,False,24.9,204,4.2,2025,12,FP3
0 days 00:53:51.978000,19.9,70.0,996.6,False,24.8,207,4.1,2025,12,FP3
0 days 00:54:52.012000,19.9,71.0,996.6,False,24.8,219,3.7,2025,12,FP3
0 days 00:55:52.012000,19.9,70.0,996.4,False,24.6,206,4.2,2025,12,FP3
0 days 00:56:52.019000,19.9,70.0,996.5,False,24.5,199,4.9,2025,12,FP3
0 days 00:57:52.028000,19.8,70.0,996.6,False,24.5,216,4.5,2025,12,FP3
0 days 00:58:52.024000,19.8,70.0,996.6,False,24.5,237,4.0,2025,12,FP3
0 days 00:59:52.043000,19.8,70.0,996.6,False,24.6,233,4.1,2025,12,FP3
0 days 01:00:52.081000,19.8,70.0,996.4,False,24.7,220,4.3,2025,12,FP3
0 days 01:01:52.063000,19.8,70.0,996.5,False,24.7,215,3.0,2025,12,FP3
0 days 01:02:52.082000,19.7,70.0,996.4,False,24.7,233,3.1,2025,12,FP3
0 days 01:03:52.089000,19.8,70.0,996.5,False,24.6,227,3.6,2025,12,FP3
0 days 01:04:52.104000,19.8,70.0,996.5,False,24.6,224,4.6,2025,12,FP3
0 days 01:05:52.107000,19.8,70.0,996.5,False,24.4,221,3.5,2025,12,FP3
0 days 01:06:52.096000,19.8,70.0,996.5,False,24.5,239,2.0,2025,12,FP3
0 days 01:07:52.112000,19.8,71.0,996.4,False,24.8,193,2.2,2025,12,FP3
0 days 01:08:52.104000,19.8,70.0,996.3,False,24.8,223,4.3,2025,12,FP3
0 days 01:09:52.105000,19.8,71.0,996.4,False,24.9,186,4.7,2025,12,FP3
0 days 01:10:52.105000,19.8,71.0,996.4,False,25.0,194,4.2,2025,12,FP3
0 days 01:11:52.101000,19.8,71.0,996.3,False,25.0,223,4.3,2025,12,FP3
0 days 01:12:52.112000,19.8,70.0,996.4,False,25.0,224,4.7,2025,12,FP3
0 days 01:13:52.137000,19.9,70.0,996.4,False,24.8,208,5.2,2025,12,FP3
0 days 01:14:52.095000,19.9,70.0,996.4,False,24.8,201,4.0,2025,12,FP3
0 days 01:15:52.111000,19.9,70.0,996.3,False,24.9,229,4.4,2025,12,FP3
0 days 01:16:52.097000,19.9,70.0,996.3,False,24.9,202,3.8,2025,12,FP3
0 days 01:17:52.106000,19.8,70.0,996.3,False,25.0,209,4.4,2025,12,FP3
0 days 01:18:52.104000,19.8,70.0,996.3,False,25.0,200,4.4,2025,12,FP3
0 days 01:19:52.108000,19.8,70.0,996.4,False,24.9,218,4.1,2025,12,FP3
0 days 01:20:52.106000,19.8,71.0,996.4,False,24.7,191,4.8,2025,12,FP3
0 days 01:21:52.121000,19.8,71.0,996.3,False,24.6,224,4.6,2025,12,FP3
